ch1,ch2,ch3
1.806197,1.508916,-0.695557
1.793628,1.500731,-0.676849
1.790704,1.489038,-0.678164
1.77375,1.4791,-0.659018
1.784858,1.466238,-0.655949
1.774043,1.457469,-0.651856
1.771996,1.44373,-0.649664
1.769366,1.425899,-0.63344
1.763227,1.418299,-0.628179
1.762058,1.420637,-0.617656
1.744227,1.401052,-0.621456
1.753289,1.391114,-0.616048
1.753289,1.387606,-0.61941
1.749781,1.376206,-0.616633
1.749781,1.374744,-0.617363
1.743058,1.37036,-0.621163
1.745396,1.363344,-0.616633
1.729319,1.358959,-0.617509
1.729904,1.356621,-0.617656
1.731073,1.363344,-0.616779
1.726103,1.354867,-0.62584
1.728734,1.356621,-0.626133
1.731073,1.347852,-0.628033
1.725811,1.344636,-0.631687
1.726688,1.358082,-0.641918
1.713826,1.353698,-0.636802
1.721426,1.353405,-0.639433
1.717042,1.350482,-0.643525
1.710026,1.353113,-0.64981
1.712949,1.344051,-0.654195
1.708272,1.348436,-0.665303
1.706811,1.347559,-0.650248
1.704472,1.348728,-0.657118
1.705934,1.349021,-0.662526
1.695118,1.357206,-0.674218
1.697457,1.35779,-0.672172
1.702718,1.363929,-0.674949
1.701549,1.361298,-0.687664
1.695995,1.365975,-0.679772
1.701549,1.366852,-0.68211
1.700672,1.375621,-0.690295
1.695703,1.375037,-0.694972
1.703888,1.383221,-0.701988
1.695411,1.378252,-0.693511
1.704765,1.381175,-0.700088
1.705349,1.380298,-0.717334
1.694241,1.386729,-0.710172
1.698042,1.390237,-0.709588
1.694826,1.389652,-0.712949
1.700672,1.399591,-0.72128
1.693365,1.395206,-0.725373
1.699211,1.398714,-0.730634
1.698042,1.400468,-0.731219
1.702134,1.40836,-0.733119
1.699795,1.411283,-0.733996
1.700088,1.415083,-0.740573
1.701842,1.418591,-0.737211
1.698626,1.425899,-0.740719
1.70038,1.42853,-0.756212
1.70038,1.426776,-0.751681
1.696288,1.439638,-0.762204
1.700088,1.437884,-0.759427
1.698626,1.435545,-0.757966
1.693072,1.439345,-0.763958
1.708272,1.447822,-0.764104
1.702718,1.446361,-0.760889
1.705349,1.451038,-0.763081
1.705349,1.456007,-0.773604
1.702426,1.465653,-0.783104
1.705057,1.462146,-0.772289
1.71558,1.471792,-0.783543
1.707103,1.469746,-0.778574
1.715288,1.477054,-0.787928
1.71178,1.477346,-0.788074
1.713534,1.475592,-0.787928
1.71938,1.478807,-0.793043
1.716749,1.482607,-0.794505
1.716457,1.479392,-0.789243
1.720842,1.486408,-0.792605
1.725519,1.492838,-0.806489
1.72435,1.488161,-0.805174
1.728734,1.481438,-0.801374
1.729904,1.491961,-0.80722
1.73575,1.500438,-0.793189
1.732534,1.500731,-0.80722
1.728734,1.5057,-0.810143
1.736919,1.505992,-0.800205
1.742765,1.502192,-0.803566
1.744811,1.507162,-0.806635
1.740134,1.506577,-0.799912
1.74335,1.500146,-0.81482
1.741888,1.500146,-0.815259
1.746858,1.503654,-0.80342
1.750365,1.506577,-0.804297
1.745981,1.503069,-0.799182
1.746565,1.512423,-0.803859
1.750658,1.502192,-0.801228
1.761473,1.506869,-0.809266
1.753581,1.514762,-0.805466
1.764689,1.503654,-0.801082
1.764689,1.512131,-0.805905
1.767027,1.503946,-0.805028
1.765566,1.506869,-0.798305
1.775212,1.504238,-0.796843
1.770243,1.502777,-0.805905
1.764981,1.512131,-0.801812
1.776673,1.510377,-0.792166
1.779012,1.507454,-0.797574
1.77872,1.502777,-0.794943
1.784274,1.497808,-0.804443
1.78135,1.507454,-0.795674
1.790412,1.508331,-0.800643
1.792458,1.497515,-0.804589
1.79392,1.498392,-0.79012
1.798597,1.493423,-0.787051
1.798597,1.495762,-0.782666
1.800643,1.497223,-0.775066
1.808828,1.501608,-0.77375
1.80532,1.498977,-0.780181
1.81292,1.487869,-0.782081
1.810289,1.483777,-0.774481
1.803566,1.481438,-0.763373
1.803566,1.488161,-0.781643
1.813797,1.489038,-0.767027
1.814674,1.489331,-0.763519
1.817013,1.479977,-0.756212
1.821397,1.474423,-0.760889
1.820228,1.480561,-0.757819
1.829874,1.474423,-0.753873
1.819936,1.476469,-0.759719
1.824905,1.4677,-0.755481
1.830459,1.472669,-0.74905
1.835136,1.468576,-0.747881
1.832213,1.464776,-0.743204
1.835721,1.467407,-0.744958
1.836305,1.469453,-0.743058
1.829874,1.453668,-0.744519
1.83689,1.458346,-0.742181
1.843613,1.455715,-0.724496
1.84449,1.449868,-0.725227
1.838351,1.450161,-0.719819
1.848582,1.432622,-0.717773
1.847998,1.443438,-0.720842
1.850628,1.438761,-0.722742
1.855305,1.439638,-0.718211
1.861736,1.436422,-0.706519
1.858521,1.427653,-0.708565
1.854721,1.429699,-0.703011
1.860567,1.423268,-0.710465
1.862613,1.418883,-0.691464
1.858813,1.415376,-0.700526
1.856182,1.404852,-0.694534
1.862906,1.42093,-0.69278
1.869044,1.408652,-0.685034
1.869336,1.399591,-0.678895
1.870506,1.407191,-0.67568
1.869629,1.394621,-0.670126
1.878983,1.39696,-0.679041
1.876644,1.392868,-0.669249
1.871967,1.393744,-0.677872
1.871383,1.388191,-0.678018
1.880152,1.388483,-0.657556
1.884244,1.382637,-0.654195
1.888921,1.374452,-0.656241
1.881906,1.38059,-0.664864
1.889214,1.367729,-0.644548
1.888921,1.368313,-0.652441
1.881321,1.364513,-0.643818
1.884244,1.365683,-0.647179
1.882491,1.352236,-0.63651
1.888044,1.358959,-0.638994
1.888044,1.352528,-0.617948
1.885706,1.355159,-0.632856
1.892137,1.348144,-0.630664
1.892137,1.34639,-0.625987
1.893306,1.340544,-0.623356
1.895352,1.340251,-0.623356
1.892721,1.333236,-0.611517
1.893306,1.33002,-0.606402
1.89126,1.32622,-0.622479
1.887167,1.317743,-0.619263
1.887752,1.321836,-0.604648
1.89126,1.31482,-0.593248
1.892137,1.316574,-0.594271
1.889214,1.313359,-0.595148
1.899152,1.306343,-0.596755
1.890968,1.304297,-0.591348
1.890968,1.298451,-0.581263
1.893014,1.296989,-0.585063
1.897106,1.298158,-0.587401
1.884244,1.289097,-0.57907
1.897106,1.289974,-0.569863
1.892721,1.279158,-0.578047
1.889214,1.285881,-0.588132
1.888044,1.283251,-0.573078
1.887167,1.281204,-0.570886
1.889798,1.283835,-0.575709
1.880737,1.270973,-0.572786
1.886583,1.270096,-0.56007
1.889798,1.26805,-0.567816
1.884244,1.264835,-0.559778
1.888921,1.258989,-0.561239
1.885998,1.256942,-0.560216
1.886583,1.253142,-0.555247
1.889506,1.246711,-0.558024
1.876352,1.249342,-0.549401
1.885998,1.240573,-0.552178
1.883075,1.251096,-0.553639
1.878983,1.246419,-0.54487
1.881614,1.234142,-0.543555
1.881321,1.235896,-0.539316
1.885998,1.238234,-0.542093
1.87606,1.232388,-0.538293
1.881321,1.230927,-0.548085
1.881906,1.219819,-0.545893
1.87606,1.22128,-0.538878
1.872552,1.222742,-0.531424
1.859982,1.222742,-0.531716
1.869044,1.228004,-0.528647
1.870798,1.218942,-0.536685
1.873137,1.216311,-0.536831
1.863198,1.220111,-0.527185
1.860275,1.220403,-0.534347
1.858229,1.215726,-0.541508
1.856475,1.210465,-0.542531
1.857059,1.20988,-0.525577
1.858521,1.209003,-0.52207
1.860567,1.213388,-0.530254
1.855598,1.205495,-0.5285
1.854429,1.205495,-0.523385
1.85589,1.211634,-0.521339
1.848875,1.213096,-0.536977
1.847705,1.201988,-0.527039
1.843028,1.200234,-0.523239
1.836305,1.196434,-0.526162
1.838936,1.211049,-0.528939
1.833674,1.201403,-0.522362
1.831336,1.207542,-0.524993
1.831044,1.201111,-0.5228
1.833382,1.195849,-0.528647
1.830167,1.201111,-0.534639
1.822274,1.205495,-0.531716
1.821982,1.204034,-0.523385
1.812043,1.207249,-0.522216
1.82052,1.206372,-0.532739
1.818474,1.203157,-0.544285
1.812336,1.203449,-0.534054
1.815843,1.205788,-0.532447
1.801812,1.20608,-0.548231
1.806489,1.211049,-0.543555
1.802397,1.206957,-0.538878
1.795089,1.212219,-0.540339
1.796843,1.216019,-0.542531
1.791289,1.209588,-0.542385
1.798305,1.216311,-0.546916
1.790704,1.214265,-0.547208
1.788951,1.220111,-0.546624
1.789828,1.221573,-0.544578
1.781058,1.223911,-0.547647
1.780181,1.22245,-0.547647
1.777258,1.225957,-0.559778
1.779597,1.229465,-0.564016
1.770243,1.234142,-0.566501
1.766735,1.225665,-0.565478
1.774043,1.232096,-0.574101
1.76615,1.228588,-0.58404
1.773458,1.243204,-0.579947
1.76995,1.24145,-0.571032
1.763519,1.243496,-0.572932
1.762643,1.246127,-0.573955
1.760596,1.239988,-0.58024
1.755627,1.247881,-0.589886
1.755919,1.252265,-0.582432
1.743935,1.256065,-0.583455
1.745104,1.259573,-0.590471
1.743935,1.259281,-0.593686
1.736042,1.261619,-0.60304
1.735457,1.265712,-0.610202
1.740134,1.261327,-0.605086
1.743058,1.263958,-0.60114
1.735165,1.266881,-0.609617
1.729027,1.282958,-0.610348
1.730196,1.285297,-0.611956
1.732242,1.279158,-0.624233
1.740427,1.295528,-0.61941
1.729904,1.290266,-0.626863
1.728442,1.299912,-0.622186
1.728442,1.296405,-0.63154
1.728442,1.301958,-0.636364
1.721426,1.30342,-0.649372
1.721426,1.302543,-0.646448
1.718796,1.313359,-0.646448
1.717919,1.317743,-0.646741
1.714703,1.322713,-0.643964
1.711488,1.323005,-0.648787
1.714703,1.327974,-0.652441
1.709734,1.321543,-0.659895
1.713534,1.337036,-0.667787
1.714703,1.341128,-0.672318
1.717626,1.344928,-0.654049
1.707396,1.339667,-0.641479
1.702718,1.344636,-0.670564
1.708272,1.351944,-0.683864
1.700965,1.343174,-0.688249
1.69658,1.355744,-0.690588
1.701842,1.36159,-0.690441
1.700088,1.370944,-0.702718
1.702718,1.374452,-0.697457
1.700672,1.371529,-0.712511
1.699503,1.375621,-0.699065
1.699503,1.379714,-0.716165
1.694241,1.387021,-0.705057
1.695703,1.389652,-0.715873
1.70038,1.402806,-0.714411
1.695703,1.401345,-0.727273
1.699211,1.404268,-0.723619
1.689564,1.408945,-0.735165
1.693072,1.413329,-0.728442
1.689272,1.414499,-0.73195
1.694826,1.418883,-0.737504
1.698042,1.416253,-0.74525
1.698042,1.420345,-0.740427
1.693365,1.420053,-0.738527
1.695703,1.427068,-0.750073
1.696288,1.43496,-0.744373
1.705349,1.434668,-0.751388
1.695995,1.43233,-0.760889
1.700965,1.438468,-0.759866
1.708272,1.443438,-0.764835
1.702134,1.446945,-0.770973
1.697749,1.448992,-0.780327
1.703011,1.458638,-0.778135
1.709442,1.460976,-0.782666
1.703888,1.460976,-0.778866
1.710903,1.470915,-0.783251
1.708857,1.464484,-0.78252
1.71178,1.473838,-0.779743
1.710903,1.476177,-0.780181
1.713534,1.474715,-0.783689
1.713534,1.478515,-0.785735
1.714996,1.4791,-0.786466
1.716165,1.483777,-0.794358
1.717042,1.483777,-0.782227
1.714996,1.489623,-0.791728
1.72435,1.487577,-0.798012
1.729611,1.495762,-0.795089
1.727857,1.499562,-0.799474
1.73195,1.490792,-0.81789
1.732242,1.4981,-0.803128
1.736334,1.5019,-0.801228
1.738673,1.498685,-0.794943
1.739842,1.504823,-0.795381
1.742181,1.503362,-0.79772
1.744811,1.5095,-0.805028
1.746858,1.508623,-0.809851
1.742181,1.508039,-0.814236
1.74715,1.506869,-0.810289
1.751242,1.508039,-0.811897
1.756504,1.5095,-0.806489
1.759719,1.511546,-0.806343
1.758842,1.507454,-0.80912
1.760889,1.502192,-0.812189
1.771412,1.501608,-0.807951
1.764396,1.509208,-0.801082
1.767027,1.502192,-0.804735
1.769073,1.508916,-0.813213
1.770243,1.507746,-0.802397
1.780181,1.503946,-0.795966
1.780181,1.506869,-0.803274
1.777258,1.508623,-0.798597
1.789243,1.507162,-0.799035
1.783397,1.504823,-0.802543
1.788074,1.499854,-0.798158
1.790997,1.503946,-0.802689
1.791581,1.496931,-0.795089
1.791874,1.500146,-0.795381
1.794212,1.497223,-0.798597
1.796258,1.495469,-0.78632
1.798889,1.493423,-0.783251
1.799474,1.490792,-0.786758
1.801228,1.495762,-0.788512
1.811459,1.490792,-0.782958
1.807659,1.489331,-0.781058
1.818182,1.488746,-0.786758
1.819936,1.489038,-0.783981
1.817013,1.482315,-0.777258
1.821982,1.477054,-0.773897
1.821397,1.483777,-0.766004
1.825782,1.483192,-0.768489
1.827536,1.476469,-0.766881
1.834551,1.471792,-0.771558
1.830459,1.473253,-0.753727
1.832505,1.472669,-0.76235
1.835721,1.468869,-0.761766
1.86349,1.463607,-0.75475
1.837767,1.459807,-0.755042
1.838351,1.460392,-0.752996
1.843321,1.458638,-0.745835
1.848582,1.451622,-0.74905
1.848875,1.453668,-0.747004
1.847998,1.447238,-0.744227
1.857352,1.445776,-0.744081
1.849752,1.446945,-0.731511
1.860275,1.448115,-0.734581
1.862029,1.437299,-0.727857
1.85969,1.43613,-0.729904
1.850336,1.440807,-0.727127
1.855305,1.43116,-0.723034
1.864659,1.43233,-0.72245
1.862029,1.425314,-0.728296
1.862613,1.430576,-0.713388
1.859982,1.42093,-0.713534
1.859398,1.425606,-0.707542
1.871383,1.416837,-0.710903
1.874013,1.410699,-0.707103
1.87489,1.418006,-0.696141
1.874598,1.409529,-0.69088
1.881906,1.403098,-0.693657
1.876937,1.410406,-0.68898
1.881906,1.407483,-0.680064
1.882783,1.395498,-0.681818
1.870506,1.395498,-0.662233
1.881321,1.39696,-0.669103
1.880444,1.387021,-0.676557
1.880444,1.384683,-0.667495
1.884829,1.385267,-0.654779
1.890383,1.378252,-0.657702
1.894183,1.375914,-0.649079
1.888044,1.370652,-0.65551
1.891552,1.367144,-0.65931
1.895352,1.361006,-0.648495
1.893014,1.359836,-0.647325
1.896229,1.360421,-0.651125
1.892721,1.353405,-0.650833
1.905875,1.35779,-0.642502
1.893891,1.354282,-0.632271
1.895645,1.348436,-0.636364
1.896229,1.337328,-0.631979
1.898275,1.337621,-0.626863
1.890968,1.332067,-0.624963
1.893014,1.334113,-0.614733
1.892721,1.328851,-0.625694
1.898275,1.322713,-0.611956
1.895352,1.322713,-0.621748
1.896521,1.307512,-0.614002
1.888044,1.317451,-0.59924
1.897983,1.31862,-0.613856
1.899737,1.304589,-0.608009
1.889798,1.301666,-0.601725
1.895352,1.302543,-0.595878
1.89506,1.295235,-0.589886
1.895937,1.287343,-0.59354
1.900906,1.291728,-0.593686
1.891552,1.286758,-0.580532
1.897983,1.287343,-0.583017
1.895645,1.281204,-0.581994
1.893891,1.276527,-0.572055
1.894768,1.274189,-0.57644
1.890675,1.27682,-0.571909
1.893014,1.268927,-0.574686
1.88746,1.26805,-0.560216
1.89126,1.267173,-0.577901
1.885414,1.258989,-0.558755
1.886583,1.26805,-0.555101
1.89126,1.269512,-0.558901
1.883952,1.245542,-0.564163
1.894475,1.251096,-0.555101
1.890091,1.25285,-0.549547
1.880444,1.239696,-0.541508
1.883952,1.248173,-0.542678
1.879275,1.240865,-0.543701
1.887752,1.247881,-0.547501
1.87869,1.235604,-0.55057
1.87606,1.239404,-0.543993
1.878983,1.241158,-0.543555
1.879567,1.229757,-0.535077
1.883367,1.230342,-0.539901
1.878106,1.223327,-0.537562
1.871675,1.229757,-0.5323
1.873429,1.216896,-0.535808
1.866998,1.222742,-0.5304
1.87489,1.226542,-0.526016
1.868752,1.220403,-0.527185
1.871675,1.216896,-0.529231
1.860859,1.226834,-0.533177
1.867875,1.215434,-0.529085
1.865829,1.217773,-0.518854
1.858813,1.216019,-0.529085
1.862029,1.213973,-0.524847
1.855305,1.211926,-0.529962
1.854429,1.211049,-0.521923
1.855305,1.213096,-0.529962
1.847413,1.202572,-0.524262
1.854721,1.205203,-0.5266
1.845367,1.204911,-0.52967
1.845367,1.204911,-0.52397
1.847998,1.20608,-0.528793
1.842736,1.20228,-0.522216
1.847121,1.203742,-0.538293
1.838059,1.200234,-0.530985
1.830751,1.204326,-0.520023
1.825782,1.204911,-0.520023
1.820813,1.201111,-0.518708
1.827536,1.207542,-0.531131
1.826074,1.200234,-0.528062
1.82052,1.208126,-0.527185
1.822274,1.205203,-0.534201
1.819936,1.20988,-0.52017
1.811166,1.204326,-0.533762
1.814674,1.209588,-0.522654
1.804443,1.209003,-0.522508
1.805028,1.211342,-0.529377
1.804151,1.211926,-0.533031
1.808828,1.213096,-0.537854
1.806782,1.208419,-0.535224
1.795966,1.214265,-0.543555
1.796258,1.228296,-0.542385
1.786612,1.258112,-0.552616
1.772873,1.297574,-0.557001
1.783689,1.355159,-0.572493
1.775504,1.401929,-0.606402
1.773458,1.432914,-0.623356
1.775797,1.442853,-0.637825
1.77755,1.460976,-0.651564
1.786027,1.4715,-0.658872
1.78632,1.477346,-0.66121
1.794797,1.489038,-0.689564
1.794505,1.491377,-0.685034
1.811751,1.501023,-0.703157
1.80532,1.492254,-0.701695
1.813505,1.460392,-0.700965
1.82169,1.527331,-0.713242
1.824028,1.486992,-0.70988
1.833967,1.484654,-0.712365
1.836013,1.484946,-0.704472
1.846828,1.475007,-0.707542
1.844782,1.474423,-0.71558
1.858229,1.463315,-0.716749
1.861444,1.456884,-0.712072
1.863198,1.452792,-0.706665
1.866998,1.457176,-0.709003
1.865536,1.440807,-0.704911
1.868752,1.43116,-0.695411
1.878106,1.425314,-0.69658
1.881321,1.411868,-0.699211
1.878106,1.409237,-0.693657
1.884244,1.409237,-0.683426
1.883367,1.403391,-0.681526
1.882783,1.401637,-0.681964
1.889506,1.395498,-0.680064
1.884829,1.389944,-0.682841
1.88746,1.375329,-0.670564
1.894475,1.369775,-0.673049
1.89886,1.363929,-0.666326
1.897691,1.364221,-0.66121
1.900906,1.355452,-0.662233
1.900322,1.351067,-0.647471
1.897398,1.35399,-0.652879
1.904999,1.349605,-0.648933
1.911429,1.343174,-0.648056
1.904414,1.335867,-0.646741
1.903829,1.327682,-0.654779
1.904122,1.31979,-0.638264
1.907922,1.318328,-0.626717
1.908799,1.306343,-0.630225
1.910845,1.310728,-0.62584
1.909091,1.302543,-0.634025
1.911137,1.300497,-0.621163
1.908214,1.292312,-0.626279
1.908799,1.290266,-0.61634
1.909091,1.285004,-0.612102
1.916106,1.276235,-0.611371
1.914645,1.280327,-0.609617
1.917568,1.27565,-0.608155
1.908799,1.266589,-0.60304
1.916691,1.25665,-0.593832
1.924583,1.262204,-0.592955
1.92166,1.251096,-0.584332
1.92166,1.253727,-0.589594
1.914937,1.246711,-0.58784
1.919906,1.242911,-0.58097
1.919322,1.240281,-0.572786
1.912599,1.234142,-0.578047
1.916983,1.232388,-0.57337
1.918737,1.231804,-0.567086
1.920783,1.22625,-0.573663
1.915814,1.225373,-0.56197
1.914645,1.226542,-0.567086
1.913183,1.220988,-0.561532
1.916691,1.215434,-0.555685
1.909675,1.211926,-0.563286
1.912306,1.204911,-0.554224
1.913476,1.202865,-0.555101
1.910553,1.206665,-0.553201
1.912014,1.195849,-0.543262
1.905875,1.19088,-0.548231
1.911722,1.192049,-0.551447
1.905291,1.189126,-0.541362
1.906752,1.192049,-0.540193
1.902368,1.187957,-0.542385
1.902368,1.180357,-0.543116
1.902368,1.17831,-0.529524
1.895937,1.182987,-0.535516
1.893306,1.178018,-0.529962
1.894183,1.17451,-0.529231
1.894183,1.173633,-0.526747
1.89506,1.16691,-0.531424
1.890091,1.164572,-0.523823
1.893014,1.160187,-0.532008
1.881614,1.161941,-0.521923
1.88366,1.156972,-0.534347
1.881906,1.161064,-0.524993
1.878106,1.156679,-0.520754
1.876644,1.158141,-0.517685
1.869629,1.162526,-0.525139
1.86349,1.157556,-0.517539
1.870506,1.160187,-0.519585
1.875183,1.153464,-0.516808
1.868752,1.153756,-0.525285
1.864075,1.162818,-0.522216
1.865829,1.145571,-0.555539
1.85969,1.150248,-0.529962
1.866706,1.152002,-0.523823
1.851798,1.153464,-0.523385
1.850628,1.154925,-0.52777
1.847705,1.157556,-0.529524
1.84829,1.150541,-0.536685
1.84449,1.153464,-0.542385
1.852675,1.152587,-0.526308
1.83309,1.158141,-0.527185
1.840982,1.158433,-0.534639
1.833674,1.160479,-0.532154
1.834259,1.154925,-0.531131
1.835721,1.154049,-0.530547
1.82169,1.162818,-0.544431
1.833967,1.161941,-0.545747
1.824905,1.161356,-0.545455
1.822859,1.162818,-0.556124
1.820813,1.163987,-0.548085
1.817597,1.163987,-0.554224
1.817013,1.16311,-0.553785
1.813505,1.165741,-0.545601
1.806489,1.165741,-0.552908
1.803566,1.166033,-0.555101
1.807951,1.168372,-0.547939
1.802689,1.17188,-0.554516
1.795381,1.170126,-0.561678
1.797135,1.170126,-0.552762
1.796258,1.177141,-0.564601
1.795381,1.172464,-0.558609
1.788951,1.181818,-0.57454
1.793043,1.181234,-0.564163
1.785735,1.181818,-0.553347
1.785735,1.184157,-0.583747
1.783397,1.185911,-0.575417
1.780766,1.193511,-0.568547
1.779597,1.188541,-0.584771
1.773166,1.188249,-0.577609
1.777258,1.195557,-0.594709
1.773166,1.196141,-0.586524
1.774627,1.204034,-0.590324
1.763812,1.212803,-0.592078
1.769658,1.210757,-0.593101
1.760889,1.216603,-0.595878
1.756796,1.216603,-0.603186
1.755335,1.22245,-0.600263
1.759135,1.220111,-0.596609
1.753873,1.225665,-0.610494
1.753873,1.228004,-0.597778
1.760889,1.229757,-0.617656
1.752412,1.231511,-0.61444
1.75855,1.229465,-0.621894
1.750365,1.197895,-0.618533
1.749488,1.232096,-0.628763
1.749781,1.239696,-0.626863
1.749196,1.241158,-0.629494
1.751242,1.251681,-0.63154
1.745688,1.254019,-0.643964
1.741888,1.243496,-0.641479
1.742473,1.259281,-0.647325
1.742765,1.263081,-0.650102
1.736042,1.258696,-0.659018
1.738381,1.262204,-0.652441
1.741304,1.265127,-0.666033
1.736042,1.269804,-0.659895
1.729904,1.277989,-0.670272
1.733411,1.28062,-0.663695
1.732534,1.27682,-0.664426
1.734873,1.285589,-0.674364
1.729611,1.286174,-0.682257
1.737211,1.29202,-0.685618
1.727857,1.295528,-0.681818
1.732534,1.296989,-0.695995
1.732827,1.290851,-0.691172
1.731073,1.302835,-0.689857
1.72698,1.29962,-0.693218
1.721134,1.306343,-0.692634
1.724057,1.314236,-0.702865
1.720257,1.317159,-0.716165
1.72055,1.310728,-0.704619
1.727565,1.31862,-0.714265
1.722596,1.327974,-0.716457
1.721426,1.337328,-0.708272
1.711488,1.332067,-0.718942
1.72055,1.331482,-0.709296
1.710611,1.340251,-0.718211
1.720842,1.341128,-0.73575
1.718796,1.341421,-0.725227
1.719088,1.348144,-0.72508
1.721134,1.353698,-0.742034
1.714119,1.348728,-0.731219
1.721134,1.358375,-0.734142
1.72055,1.353113,-0.734873
1.716749,1.368021,-0.746419
1.718796,1.358959,-0.743496
1.713242,1.37036,-0.749635
1.718503,1.367729,-0.747881
1.709149,1.371529,-0.742327
1.717042,1.381467,-0.74525
1.722596,1.372698,-0.762935
1.726396,1.38556,-0.751388
1.716165,1.390237,-0.760158
1.725811,1.388191,-0.761766
1.721134,1.395206,-0.768489
1.722888,1.394621,-0.767758
1.729611,1.398129,-0.774773
1.72318,1.40456,-0.768489
1.729319,1.407191,-0.779158
1.724642,1.406314,-0.773312
1.72055,1.406899,-0.770973
1.722596,1.415083,-0.780035
1.72698,1.408945,-0.780912
1.73078,1.414791,-0.783835
1.732242,1.415083,-0.78632
1.729904,1.426484,-0.789828
1.736334,1.425314,-0.780912
1.730488,1.425314,-0.791728
1.737504,1.429991,-0.795089
1.729319,1.427945,-0.780912
1.736042,1.429114,-0.792751
1.726396,1.439345,-0.806635
1.733119,1.436422,-0.806489
1.742473,1.438468,-0.794943
1.749781,1.437007,-0.796258
1.748904,1.434668,-0.800205
1.739258,1.447238,-0.802105
1.744519,1.444314,-0.800789
1.752119,1.454253,-0.808097
1.753289,1.450453,-0.798158
1.752119,1.448115,-0.817451
1.755919,1.450745,-0.818036
1.756504,1.455422,-0.799474
1.757966,1.451038,-0.808828
1.75475,1.458346,-0.811459
1.760304,1.457469,-0.811166
1.770243,1.458346,-0.805466
1.769658,1.460976,-0.817013
1.769366,1.460684,-0.800789
1.776673,1.459515,-0.806782
1.772581,1.457469,-0.81292
1.770535,1.459807,-0.803128
1.784274,1.465653,-0.810436
1.780766,1.456299,-0.807805
1.783981,1.466238,-0.804443
1.778135,1.461269,-0.806489
1.783981,1.459222,-0.800935
1.788951,1.459222,-0.794797
1.760012,1.458638,-0.798451
1.790704,1.467992,-0.803712
1.802689,1.461561,-0.808243
1.803274,1.457469,-0.80532
1.807074,1.45133,-0.806782
1.810582,1.450453,-0.794797
1.818474,1.45513,-0.788074
1.808828,1.45893,-0.793043
1.817013,1.459515,-0.792605
1.824613,1.450453,-0.789243
1.82432,1.457176,-0.798158
1.823443,1.441976,-0.788658
1.819643,1.445192,-0.789535
1.832505,1.441099,-0.784858
1.831628,1.441684,-0.780766
1.834551,1.440514,-0.772435
1.836305,1.44373,-0.77872
1.844782,1.443438,-0.774481
1.841567,1.426484,-0.776966
1.846828,1.430868,-0.765566
1.852967,1.42736,-0.761912
1.845367,1.436422,-0.758258
1.856767,1.429407,-0.759719
1.856182,1.425314,-0.75855
1.863198,1.422099,-0.757235
1.859398,1.422976,-0.750804
1.869044,1.421806,-0.747588
1.862029,1.414206,-0.751388
1.865536,1.403391,-0.72888
1.867875,1.410114,-0.728734
1.870506,1.40456,-0.739842
1.87606,1.402222,-0.746273
1.877813,1.395206,-0.72625
1.876937,1.401929,-0.721719
1.879275,1.390529,-0.727127
1.882783,1.387606,-0.707688
1.886583,1.396375,-0.714411
1.89126,1.384098,-0.706957
1.890383,1.378544,-0.712949
1.895352,1.374452,-0.705057
1.892721,1.366852,-0.707103
1.893598,1.36656,-0.689272
1.888337,1.359252,-0.693949
1.898568,1.359544,-0.696288
1.900322,1.360713,-0.691172
1.895352,1.359544,-0.689272
1.907337,1.349605,-0.681234
1.903829,1.344051,-0.679187
1.900029,1.342882,-0.671003
1.900029,1.332651,-0.663987
1.89886,1.329144,-0.672756
1.901199,1.332944,-0.660041
1.907337,1.33002,-0.660041
1.912891,1.31979,-0.655656
1.913183,1.324174,-0.646887
1.909091,1.316574,-0.64791
1.913183,1.316282,-0.638994
1.916983,1.313943,-0.637387
1.909968,1.299328,-0.645425
1.915522,1.298451,-0.636217
1.914645,1.296405,-0.622186
1.918737,1.296112,-0.635633
1.912306,1.289097,-0.62204
1.922245,1.286174,-0.622186
1.916399,1.28062,-0.62321
1.921368,1.277112,-0.622771
1.92166,1.272143,-0.612394
1.921953,1.266881,-0.609763
1.923122,1.264543,-0.609763
1.919322,1.268927,-0.603186
1.92166,1.265127,-0.594271
1.914937,1.264543,-0.592663
1.920491,1.26425,-0.594271
1.918445,1.251096,-0.59544
1.917568,1.251096,-0.584332
1.920783,1.248173,-0.578193
1.916399,1.243204,-0.579947
1.922537,1.237357,-0.576293
1.930137,1.237357,-0.580094
1.91786,1.226542,-0.571178
1.918445,1.22128,-0.566063
1.920491,1.233557,-0.565624
1.917568,1.219234,-0.55627
1.92283,1.220111,-0.56577
1.909675,1.216311,-0.560216
1.909968,1.213973,-0.553347
1.912014,1.211049,-0.551301
1.909383,1.205203,-0.59164
1.909968,1.199357,-0.551885
1.913476,1.203449,-0.540193
1.909968,1.228588,-0.545455
1.909383,1.195265,-0.546916
1.906168,1.188834,-0.531277
1.937737,1.191172,-0.528208
1.909091,1.189126,-0.540631
1.903245,1.181818,-0.534201
1.900614,1.185034,-0.544724
1.899445,1.183572,-0.527916
1.899152,1.177433,-0.52587
1.897106,1.170126,-0.526747
1.89506,1.176264,-0.5304
1.89506,1.175972,-0.5323
1.888629,1.163987,-0.515346
1.884244,1.167203,-0.519293
1.885121,1.159602,-0.529231
1.881321,1.166326,-0.528062
1.882491,1.161941,-0.520754
1.883075,1.155218,-0.511546
1.87869,1.156095,-0.513446
1.877229,1.159895,-0.508769
1.873429,1.156387,-0.517685
1.874598,1.152587,-0.521339
1.87226,1.15171,-0.526162
1.864952,1.159018,-0.510816
1.861444,1.152587,-0.515493
1.85969,1.147618,-0.515346
1.855598,1.152587,-0.523385
1.853844,1.15171,-0.508039
1.852967,1.144695,-0.513446
1.853844,1.156387,-0.511839
1.853259,1.15551,-0.512131
1.844198,1.155802,-0.5171
1.851505,1.149079,-0.510523
1.841859,1.145864,-0.521923
1.836305,1.145571,-0.521923
1.834551,1.148787,-0.521193
1.838644,1.148787,-0.522508
1.834259,1.152295,-0.527477
1.829874,1.155218,-0.526454
1.82812,1.159602,-0.525577
1.82929,1.159018,-0.519439
1.823443,1.156095,-0.533762
1.821982,1.154049,-0.53347
1.820813,1.161649,-0.540193
1.820228,1.159018,-0.545308
1.818182,1.167203,-0.533762
1.813213,1.167495,-0.542385
1.809705,1.159895,-0.542824
1.809705,1.165741,-0.53727
1.802982,1.170126,-0.533908
1.797428,1.168372,-0.543555
1.80532,1.17071,-0.541654
1.802689,1.168956,-0.543993
1.75855,1.17948,-0.552032
1.79392,1.172464,-0.554224
1.793628,1.168372,-0.549839
1.786904,1.175095,-0.555247
1.790704,1.178603,-0.562847
1.787197,1.184449,-0.546331
1.785735,1.194388,-0.554516
1.787197,1.192049,-0.572347
1.773458,1.181526,-0.571324
1.779597,1.189711,-0.571032
1.778427,1.192926,-0.568109
1.778427,1.201403,-0.582578
1.767612,1.199065,-0.580678
1.77872,1.207249,-0.586086
1.77492,1.204326,-0.584771
1.769073,1.212219,-0.591932
1.765858,1.214849,-0.591348
1.764396,1.211926,-0.590909
1.764104,1.216019,-0.594709
1.769073,1.219526,-0.600702
1.761766,1.219234,-0.598948
1.761766,1.22508,-0.598071
1.759135,1.231511,-0.603186
1.759135,1.236481,-0.607571
1.757381,1.23005,-0.606255
1.755335,1.233265,-0.608009
1.752704,1.23765,-0.617217
1.750073,1.241158,-0.623356
1.758258,1.246127,-0.623794
1.743642,1.243204,-0.620871
1.750073,1.249927,-0.632856
1.748612,1.252558,-0.627156
1.74715,1.258989,-0.629933
1.742473,1.254896,-0.633294
1.745396,1.266881,-0.636364
1.742765,1.263373,-0.647471
1.748319,1.271558,-0.646887
1.738088,1.269512,-0.64791
1.739842,1.273897,-0.656533
1.733996,1.274189,-0.656241
1.733996,1.280327,-0.661064
1.729611,1.290851,-0.664279
1.724057,1.285589,-0.669541
1.736334,1.291143,-0.659164
1.732242,1.283543,-0.671441
1.733996,1.301374,-0.671441
1.726688,1.297866,-0.679334
1.733996,1.296697,-0.676557
1.729611,1.301374,-0.683718
1.726396,1.274189,-0.685326
1.733119,1.309559,-0.697603
1.683718,1.310143,-0.690295
1.73195,1.321251,-0.69278
1.729904,1.318328,-0.697603
1.717334,1.324174,-0.702426
1.718211,1.32622,-0.708126
1.719965,1.330897,-0.712511
1.72055,1.335867,-0.701988
1.726688,1.342298,-0.724057
1.72055,1.335282,-0.71558
1.71938,1.345221,-0.705934
1.725811,1.35019,-0.727711
1.723765,1.355159,-0.722596
1.73078,1.355452,-0.72508
1.721134,1.355452,-0.722157
1.724934,1.364806,-0.737065
1.721134,1.368313,-0.735165
1.724934,1.368021,-0.737357
1.725811,1.372406,-0.751388
1.722303,1.370067,-0.746858
1.724057,1.376206,-0.741596
1.722011,1.379714,-0.74525
1.720842,1.387898,-0.755335
1.719088,1.377667,-0.754604
1.72318,1.386144,-0.766296
1.727273,1.38439,-0.756358
1.724934,1.390821,-0.762643
1.721719,1.396083,-0.767173
1.729027,1.394037,-0.773458
1.72698,1.394037,-0.760742
1.732827,1.403683,-0.773312
1.736334,1.408652,-0.77565
1.731073,1.405729,-0.769804
1.731657,1.414499,-0.777697
1.731365,1.409822,-0.772873
1.734873,1.414791,-0.786466
1.736627,1.413037,-0.779889
1.739258,1.411576,-0.779743
1.738965,1.419176,-0.787343
1.736334,1.425314,-0.77302
1.73955,1.429407,-0.778427
1.743935,1.427068,-0.777112
1.742765,1.432622,-0.788658
1.745104,1.437591,-0.801374
1.749488,1.441684,-0.785004
1.75095,1.439345,-0.805174
1.740427,1.435253,-0.798305
1.747735,1.437591,-0.805028
1.741011,1.452499,-0.806635
1.754165,1.449576,-0.807512
1.756212,1.44753,-0.796989
1.753581,1.446945,-0.807805
1.756212,1.453084,-0.799035
1.759135,1.448699,-0.799912
1.767027,1.454838,-0.806782
1.756796,1.447238,-0.801812
1.765858,1.456884,-0.79772
1.769366,1.457761,-0.79772
1.77375,1.455422,-0.812336
1.771704,1.459807,-0.819351
1.771996,1.456884,-0.801812
1.774043,1.459222,-0.802689
1.77872,1.458346,-0.81102
1.780474,1.453084,-0.806928
1.771704,1.458346,-0.81102
1.785735,1.463315,-0.805612
1.790997,1.461853,-0.811166
1.790997,1.465653,-0.793481
1.795674,1.460099,-0.811897
1.792751,1.458638,-0.809705
1.795381,1.460684,-0.801959
1.795674,1.461561,-0.801082
1.80152,1.455715,-0.799182
1.804735,1.458053,-0.800058
1.800935,1.458638,-0.807951
1.804151,1.459222,-0.797428
1.813797,1.462146,-0.802835
1.81672,1.461561,-0.797866
1.819059,1.458053,-0.790558
1.821105,1.45133,-0.796258
1.826659,1.456592,-0.785589
1.824905,1.445776,-0.792605
1.826074,1.463607,-0.78822
1.821105,1.481438,-0.774481
1.821105,1.496054,-0.774189
1.807074,1.514762,-0.756358
1.807366,1.527916,-0.748612
1.804151,1.515931,-0.739404
1.809997,1.520608,-0.737942
1.809412,1.505408,-0.731073
1.807366,1.520023,-0.685034
1.803274,1.5133,-0.716311
1.801812,1.500731,-0.697311
1.795674,1.500438,-0.686203
1.798889,1.495177,-0.684303
1.793043,1.487577,-0.684595
1.797428,1.492254,-0.678018
1.799182,1.489038,-0.667641
1.794212,1.478807,-0.654925
1.792751,1.475007,-0.663549
1.78632,1.48173,-0.658726
1.784858,1.471207,-0.652733
1.786904,1.470915,-0.64221
1.78632,1.463315,-0.646302
1.776966,1.461853,-0.644841
1.780474,1.456007,-0.639579
1.780474,1.457176,-0.643525
1.776673,1.44753,-0.633148
1.779597,1.451622,-0.637387
1.768196,1.450161,-0.632856
1.777843,1.446653,-0.624233
1.772581,1.445484,-0.634464
1.769073,1.442268,-0.61941
1.770535,1.437299,-0.630664
1.761473,1.44373,-0.624233
1.76995,1.441684,-0.632856
1.762058,1.445776,-0.621894
1.767027,1.441099,-0.635925
1.753873,1.442268,-0.628325
1.769366,1.446653,-0.629056
1.754165,1.446653,-0.628033
1.761766,1.446945,-0.621456
1.760304,1.442853,-0.631833
1.754458,1.441976,-0.621456
1.752996,1.441391,-0.634756
1.762058,1.438176,-0.624817
1.756212,1.442561,-0.631979
1.760889,1.442853,-0.639433
1.75855,1.432037,-0.632271
1.749488,1.441684,-0.630517
1.755627,1.438176,-0.633587
1.741304,1.440807,-0.63344
1.751827,1.439638,-0.632125
1.748904,1.431453,-0.635633
1.741011,1.441391,-0.63461
1.737211,1.441976,-0.606694
1.737796,1.441976,-0.602748
1.73575,1.445484,-0.658872
1.74335,1.445192,-0.638264
1.742765,1.441099,-0.632856
1.738381,1.453084,-0.648495
1.73955,1.451038,-0.650395
1.741888,1.462146,-0.647033
1.743058,1.454545,-0.657556
1.740427,1.458346,-0.645279
1.739258,1.456592,-0.643818
1.736042,1.456007,-0.658579
1.73078,1.461853,-0.655949
1.739842,1.459807,-0.651564
1.744227,1.465361,-0.650979
1.740719,1.457176,-0.649225
1.739258,1.464484,-0.65551
1.738381,1.463899,-0.670564
1.73078,1.459222,-0.668518
1.736042,1.467407,-0.658287
1.732242,1.465069,-0.662672
1.733704,1.475592,-0.663549
1.729611,1.472961,-0.670564
1.73575,1.47413,-0.66998
1.73078,1.470623,-0.66691
1.72815,1.483777,-0.663402
1.73575,1.470623,-0.680795
1.723765,1.478223,-0.684449
1.735457,1.47413,-0.68328
1.739842,1.478223,-0.684595
1.73575,1.472669,-0.680064
1.739258,1.479977,-0.677141
1.732534,1.4791,-0.683134
1.737796,1.487869,-0.665887
1.735165,1.483484,-0.681672
1.740427,1.489331,-0.677287
1.738381,1.491669,-0.677287
1.738965,1.491377,-0.680649
1.743935,1.4829,-0.683718
1.738673,1.487869,-0.687957
1.739258,1.493715,-0.678164
1.744811,1.492546,-0.694095
1.745396,1.489038,-0.689126
1.744519,1.489623,-0.701257
1.747735,1.489331,-0.68211
1.746858,1.494008,-0.702426
1.747735,1.496638,-0.696434
1.751535,1.533762,-0.702572
1.741596,1.502192,-0.698918
1.750658,1.532008,-0.695118
1.741011,1.498392,-0.70038
1.754458,1.494008,-0.68211
1.747442,1.489623,-0.690588
1.752412,1.493715,-0.69088
1.746273,1.501023,-0.695118
1.745396,1.495762,-0.684303
1.754458,1.499854,-0.695557
1.752996,1.494592,-0.686641
1.760304,1.495177,-0.691464
1.756212,1.500146,-0.693949
1.759719,1.498392,-0.692049
1.753581,1.499562,-0.698626
1.755042,1.502485,-0.699942
1.752704,1.500438,-0.697749
1.752119,1.504531,-0.699795
1.751827,1.503069,-0.684011
1.754165,1.499562,-0.692634
1.766735,1.504823,-0.701403
1.75855,1.494884,-0.704765
1.755627,1.5095,-0.69088
1.756796,1.501608,-0.690441
1.756504,1.502777,-0.695849
1.760012,1.5095,-0.699649
1.761473,1.494884,-0.686203
1.757089,1.502777,-0.692341
1.767904,1.501608,-0.694826
1.772581,1.497223,-0.688249
1.765858,1.498392,-0.68708
1.768781,1.496638,-0.691903
1.767904,1.497515,-0.687811
1.768781,1.491377,-0.687664
1.767027,1.502485,-0.692195
1.76995,1.498685,-0.687664
1.773166,1.494884,-0.675533
1.772873,1.489623,-0.699942
1.775212,1.482315,-0.689272
1.772289,1.490792,-0.697749
1.768781,1.491084,-0.690295
1.777843,1.498392,-0.691318
1.775797,1.485238,-0.687372
1.774043,1.491961,-0.680649
1.776673,1.48173,-0.696288
1.779597,1.487577,-0.680064
1.774043,1.487284,-0.673633
1.78632,1.484946,-0.684303
1.782227,1.482023,-0.67378
1.78252,1.490208,-0.67071
1.788074,1.484654,-0.684741
1.781643,1.479392,-0.67758
1.787197,1.4905,-0.678164
1.781935,1.486408,-0.668664
1.788366,1.480854,-0.676849
1.785735,1.476469,-0.669687
1.784858,1.4829,-0.679918
1.789243,1.484361,-0.67261
1.788951,1.478515,-0.677872
1.79392,1.483484,-0.678749
1.787781,1.480854,-0.669103
1.781935,1.473253,-0.669541
1.788658,1.477638,-0.664426
1.796258,1.475592,-0.661649
1.779889,1.47413,-0.655072
1.787781,1.473546,-0.661941
1.786027,1.473546,-0.671587
1.793043,1.469746,-0.673633
1.79012,1.466238,-0.657849
1.794505,1.470915,-0.660626
1.789243,1.467115,-0.662818
1.795966,1.469453,-0.65931
1.798889,1.460684,-0.655656
1.798305,1.4677,-0.669687
1.798305,1.459807,-0.65361
1.797135,1.461269,-0.653756
1.795674,1.463607,-0.652441
1.792751,1.457469,-0.653025
1.794505,1.462146,-0.648348
1.801228,1.455422,-0.647033
1.791874,1.457469,-0.648641
1.790997,1.455422,-0.648056
1.797428,1.450161,-0.643087
1.793043,1.453084,-0.642064
1.790997,1.454838,-0.649225
1.795966,1.446653,-0.648495
1.795966,1.446361,-0.652587
1.792458,1.450161,-0.650687
1.799182,1.451622,-0.652879
1.798597,1.448407,-0.645133
1.798012,1.445484,-0.638702
1.796551,1.444022,-0.643671
1.799766,1.442268,-0.646741
1.804443,1.443145,-0.632564
1.804443,1.442561,-0.633587
1.805905,1.440514,-0.636364
1.79772,1.435253,-0.64221
1.794212,1.433791,-0.62774
1.798305,1.437007,-0.632417
1.800058,1.438176,-0.63081
1.800643,1.43613,-0.622917
1.798889,1.43233,-0.626571
1.805028,1.439053,-0.631248
1.800351,1.430284,-0.616194
1.804443,1.43116,-0.634756
1.795674,1.435545,-0.629787
1.80152,1.429699,-0.634902
1.798597,1.43116,-0.632271
1.802105,1.42473,-0.63271
1.800058,1.419468,-0.625694
1.803859,1.425022,-0.624963
1.800643,1.425022,-0.619848
1.80152,1.425606,-0.624379
1.796843,1.426776,-0.628617
1.794212,1.429407,-0.617656
1.798305,1.421806,-0.624525
1.803274,1.418883,-0.618386
1.802105,1.415083,-0.622625
1.79392,1.422976,-0.621602
1.798597,1.413622,-0.611371
1.797428,1.416253,-0.622333
1.802105,1.418883,-0.62321
1.798305,1.412745,-0.617217
1.796258,1.413914,-0.612248
1.798889,1.41596,-0.610932
1.789828,1.414499,-0.600994
1.794797,1.410991,-0.608009
1.800351,1.415668,-0.610348
1.798597,1.409822,-0.614002
1.792166,1.413622,-0.613271
1.793628,1.408652,-0.605379
1.797428,1.415668,-0.604648
1.800058,1.406606,-0.602163
1.795381,1.405729,-0.600994
1.794212,1.417422,-0.617948
1.795674,1.412745,-0.614002
1.791289,1.409529,-0.613709
1.787489,1.408652,-0.606109
1.793043,1.410406,-0.609617
1.786027,1.402222,-0.605817
1.790704,1.406314,-0.603917
1.794212,1.405437,-0.613271
1.791289,1.406606,-0.619117
1.783104,1.410406,-0.614879
1.788074,1.403975,-0.609325
1.786612,1.410114,-0.614879
1.790412,1.413329,-0.608009
1.782812,1.403975,-0.605086
1.789243,1.401929,-0.600117
1.788366,1.409237,-0.591932
1.785151,1.40456,-0.611809
1.784566,1.403975,-0.60684
1.788074,1.413037,-0.611517
1.785151,1.409237,-0.606255
1.78135,1.411868,-0.609763
1.78135,1.407483,-0.612102
1.779012,1.411283,-0.613709
1.77872,1.407191,-0.607425
1.779012,1.407483,-0.612394
1.779889,1.414206,-0.606255
1.777258,1.406022,-0.597194
1.77755,1.412745,-0.610932
1.777843,1.410699,-0.616779
1.775212,1.405437,-0.617802
1.772289,1.411868,-0.602748
1.773166,1.405437,-0.604209
1.771412,1.409237,-0.600117
1.767904,1.404852,-0.604794
1.774335,1.407191,-0.600702
1.776089,1.406022,-0.610202
1.779889,1.40456,-0.608155
1.773458,1.403098,-0.603917
1.764104,1.414206,-0.617217
1.768489,1.41713,-0.610932
1.767612,1.416545,-0.615317
1.766443,1.415083,-0.615756
1.770535,1.406606,-0.60304
1.764981,1.412745,-0.603771
1.77375,1.407483,-0.612394
1.769658,1.406606,-0.62321
1.772873,1.412745,-0.611079
1.769658,1.414791,-0.617656
1.768489,1.410114,-0.616925
1.773166,1.418006,-0.618386
1.763812,1.41216,-0.614294
1.767319,1.415376,-0.61254
1.770827,1.415668,-0.617509
1.761181,1.413622,-0.612979
1.763227,1.422683,-0.627594
1.760304,1.416545,-0.624817
1.767319,1.416837,-0.619117
1.760889,1.415376,-0.624525
1.764689,1.425606,-0.626717
1.755919,1.418299,-0.616925
1.763227,1.422683,-0.628033
1.756212,1.429699,-0.625694
1.753873,1.425606,-0.628179
1.759719,1.429699,-0.622333
1.758842,1.427945,-0.617948
1.763227,1.428822,-0.632417
1.757673,1.429407,-0.634756
1.757381,1.431745,-0.628471
1.756796,1.430284,-0.630517
1.751535,1.429991,-0.642064
1.747442,1.422391,-0.638702
1.746273,1.422683,-0.639141
1.745104,1.432622,-0.640894
1.742473,1.425606,-0.633002
1.757966,1.434376,-0.632271
1.749196,1.43233,-0.639433
1.750073,1.43993,-0.648348
1.744519,1.433207,-0.637679
1.74715,1.439053,-0.636656
1.743935,1.434084,-0.636217
1.748319,1.445192,-0.635341
1.738381,1.444314,-0.646302
1.743935,1.437007,-0.653756
1.749196,1.441391,-0.661356
1.747735,1.448115,-0.646302
1.738673,1.456007,-0.639433
1.737504,1.448699,-0.652879
1.735165,1.45513,-0.645864
1.739258,1.457176,-0.660479
1.738965,1.460392,-0.647471
1.741888,1.45893,-0.653902
1.736919,1.448992,-0.655218
1.739258,1.463315,-0.662233
1.738088,1.452792,-0.672318
1.737211,1.454253,-0.659749
1.736919,1.458346,-0.667056
1.736042,1.45893,-0.663987
1.736627,1.450161,-0.661064
1.732242,1.458638,-0.668079
1.733996,1.464776,-0.663695
1.735165,1.463022,-0.663841
1.72815,1.468284,-0.671441
1.733704,1.471792,-0.667349
1.731657,1.472084,-0.66501
1.726396,1.465653,-0.679041
1.731365,1.472669,-0.674803
1.722888,1.472084,-0.675533
1.722888,1.469746,-0.672464
1.736334,1.473838,-0.672318
1.731657,1.482315,-0.67948
1.73195,1.481146,-0.663695
1.724642,1.478223,-0.676849
1.731657,1.485238,-0.678018
1.734288,1.481146,-0.682841
1.73195,1.480854,-0.682695
1.737504,1.479977,-0.687957
1.742765,1.489915,-0.684887
1.733411,1.487577,-0.687664
1.738673,1.492546,-0.681087
1.735165,1.4867,-0.679187
1.736627,1.4829,-0.691464
1.736919,1.484946,-0.693803
1.738088,1.484361,-0.689418
1.734873,1.489623,-0.687372
1.740427,1.487284,-0.697749
1.739258,1.486115,-0.702865
1.740427,1.484069,-0.690003
1.741011,1.486408,-0.691611
1.739258,1.488746,-0.703011
1.746565,1.496931,-0.699065
1.745688,1.497223,-0.699942
1.745981,1.494884,-0.698772
1.749781,1.494884,-0.698188
1.744811,1.491377,-0.697895
1.745396,1.497223,-0.695411
1.746858,1.496638,-0.699649
1.748612,1.503654,-0.702865
1.752704,1.503362,-0.692634
1.746858,1.503946,-0.702426
1.752119,1.492838,-0.698188
1.753873,1.498685,-0.699795
1.753289,1.497515,-0.704619
1.759427,1.498685,-0.704911
1.752704,1.497808,-0.705788
1.752996,1.502192,-0.700818
1.750365,1.499269,-0.695703
1.755627,1.502192,-0.701257
1.766443,1.494592,-0.701111
1.762058,1.497808,-0.697165
1.755627,1.500731,-0.695703
1.764104,1.532593,-0.697895
1.762058,1.498392,-0.699357
1.759135,1.4981,-0.691757
1.758842,1.488746,-0.697603
1.769658,1.499269,-0.697018
1.767319,1.493715,-0.69088
1.771412,1.500146,-0.69848
1.771996,1.500146,-0.704326
1.769658,1.492546,-0.690003
1.76615,1.500146,-0.694972
1.768489,1.495177,-0.691464
1.764396,1.492546,-0.688249
1.768781,1.495762,-0.690295
1.77112,1.503362,-0.691026
1.766735,1.494592,-0.685472
1.76615,1.495469,-0.685034
1.777258,1.494592,-0.691903
1.776673,1.495177,-0.695995
1.775797,1.490208,-0.687811
1.778135,1.489623,-0.685764
1.775212,1.497808,-0.686203
1.777258,1.485823,-0.69468
1.77872,1.492838,-0.689272
1.783104,1.497808,-0.687372
1.78252,1.496931,-0.678018
1.788074,1.492254,-0.691026
1.787197,1.495177,-0.68898
1.784274,1.487577,-0.690588
1.785151,1.48553,-0.679187
1.785735,1.488454,-0.679918
1.789243,1.488161,-0.690149
1.788366,1.489038,-0.680941
1.788951,1.4791,-0.678603
1.792166,1.479684,-0.679334
1.794797,1.482315,-0.685618
1.787489,1.477054,-0.677726
1.784274,1.476761,-0.674364
1.782812,1.480854,-0.677433
1.79012,1.480561,-0.675972
1.790412,1.475007,-0.678018
1.78632,1.472669,-0.680503
1.785735,1.4753,-0.679772
1.789828,1.467992,-0.674218
1.794212,1.4753,-0.665741
1.794797,1.472669,-0.676264
1.794212,1.468284,-0.661795
1.790704,1.465361,-0.669249
1.792751,1.466238,-0.664572
1.788658,1.459807,-0.673487
1.788074,1.459222,-0.665741
1.792751,1.463899,-0.659895
1.794212,1.463899,-0.665449
1.793628,1.46273,-0.674072
1.792751,1.463607,-0.662379
1.793043,1.465361,-0.66501
1.793628,1.460099,-0.653756
1.798305,1.456592,-0.654779
1.795674,1.460392,-0.64981
1.791289,1.456299,-0.657995
1.794797,1.456884,-0.656387
1.79772,1.452207,-0.659602
1.795966,1.450453,-0.658287
1.795089,1.447822,-0.655218
1.802689,1.444899,-0.649518
1.799182,1.450745,-0.659895
1.795381,1.441976,-0.652295
1.795674,1.444314,-0.65551
1.803274,1.440807,-0.649956
1.802689,1.448115,-0.657118
1.798012,1.44373,-0.657849
1.805028,1.442268,-0.652441
1.797135,1.437591,-0.652002
1.795381,1.444314,-0.652295
1.796551,1.441976,-0.648495
1.800935,1.438761,-0.644841
1.801812,1.434084,-0.637094
1.80532,1.436422,-0.641187
1.798597,1.432037,-0.645864
1.797135,1.437884,-0.642794
1.813213,1.431453,-0.639725
1.80152,1.424437,-0.629787
1.795381,1.430868,-0.634464
1.805612,1.430576,-0.63344
1.799182,1.424145,-0.644695
1.800643,1.424145,-0.636802
1.803566,1.423853,-0.637241
1.805028,1.424145,-0.632417
1.803274,1.425899,-0.62774
1.80152,1.422976,-0.64221
1.811459,1.432622,-0.618386
1.807659,1.429699,-0.632271
1.796843,1.425022,-0.630664
1.802689,1.427945,-0.630371
1.800351,1.427068,-0.62891
1.804443,1.425606,-0.644548
1.802689,1.419176,-0.630956
1.801812,1.419468,-0.631248
1.801812,1.421806,-0.625256
1.802982,1.420637,-0.628325
1.803566,1.428237,-0.631833
1.802689,1.424437,-0.610932
1.800935,1.42356,-0.618533
1.80152,1.425022,-0.615317
1.797428,1.422976,-0.60684
1.81292,1.414499,-0.615025
1.797135,1.420637,-0.626863
1.79772,1.415668,-0.615756
1.805612,1.420053,-0.613125
1.795381,1.413329,-0.608302
1.795089,1.421222,-0.621017
1.799474,1.410699,-0.616486
1.799766,1.411576,-0.61444
1.802689,1.409237,-0.609325
1.796843,1.411283,-0.61941
1.800935,1.416253,-0.60874
1.799766,1.415376,-0.625548
1.792751,1.413329,-0.60684
1.79012,1.411283,-0.607425
1.790997,1.416837,-0.616633
1.789535,1.413622,-0.611956
1.793335,1.40836,-0.619263
1.785735,1.414206,-0.63154
1.792458,1.418006,-0.606548
1.785151,1.408945,-0.609763
1.788074,1.408068,-0.609763
1.788658,1.411576,-0.614879
1.790997,1.413037,-0.604355
1.79392,1.411576,-0.611517
1.783689,1.408945,-0.601578
1.785735,1.411283,-0.607863
1.785735,1.400468,-0.615756
1.781935,1.405729,-0.612102
1.789828,1.396083,-0.615317
1.782812,1.405437,-0.626279
1.781935,1.409529,-0.615171
1.786904,1.403975,-0.617656
1.778135,1.405145,-0.609032
1.774335,1.407191,-0.611956
1.776673,1.406606,-0.607717
1.776966,1.402514,-0.614879
1.77755,1.405145,-0.615025
1.78252,1.406899,-0.615025
1.776381,1.414499,-0.613125
1.781935,1.420345,-0.627302
1.771996,1.453084,-0.658141
1.77112,1.509792,-0.684157
1.788074,1.512131,-0.714996
1.800643,1.521193,-0.750219
1.817597,1.489331,-0.752558
1.824905,1.478223,-0.755481
1.832505,1.463899,-0.755773
1.835136,1.450745,-0.769366
1.84829,1.431453,-0.767612
1.85969,1.416253,-0.764104
1.862906,1.390237,-0.753581
1.868459,1.373283,-0.738819
1.873137,1.353113,-0.739258
1.869921,1.346098,-0.743058
1.871967,1.326805,-0.727419
1.881906,1.317159,-0.734288
1.87869,1.302251,-0.725373
1.875475,1.287928,-0.731804
1.879275,1.286174,-0.733557
1.883952,1.283251,-0.719819
1.877229,1.276235,-0.705495
1.876937,1.26425,-0.699795
1.881321,1.257527,-0.706519
1.88366,1.252558,-0.710611
1.882783,1.250512,-0.699357
1.890675,1.243788,-0.687957
1.87869,1.239696,-0.690441
1.882198,1.236773,-0.686057
1.877813,1.240573,-0.697165
1.881906,1.234434,-0.691757
1.881906,1.231804,-0.693365
1.882198,1.224788,-0.686203
1.885414,1.223034,-0.682549
1.882783,1.220696,-0.685472
1.885414,1.214849,-0.684741
1.890675,1.219234,-0.692634
1.883075,1.227127,-0.688395
1.883075,1.220988,-0.67948
1.882491,1.221573,-0.68518
1.876937,1.217188,-0.681818
1.876644,1.21368,-0.66881
1.882783,1.211049,-0.663987
1.885706,1.205203,-0.675972
1.878106,1.212511,-0.67071
1.882783,1.207834,-0.664572
1.881906,1.205788,-0.670272
1.881906,1.204034,-0.669541
1.891552,1.196726,-0.673633
1.886875,1.203157,-0.671149
1.878106,1.205495,-0.668956
1.883952,1.16691,-0.672172
1.884829,1.202572,-0.661502
1.880444,1.197018,-0.66998
1.884829,1.201111,-0.662526
1.885121,1.19468,-0.651856
1.891845,1.204619,-0.665156
1.880737,1.200818,-0.659749
1.884244,1.198188,-0.662233
1.886291,1.194388,-0.66311
1.88366,1.195265,-0.657118
1.883075,1.188249,-0.663841
1.885414,1.186203,-0.652295
1.877521,1.186495,-0.654925
1.88746,1.184157,-0.650248
1.875767,1.183864,-0.650541
1.88366,1.179772,-0.656095
1.881029,1.178018,-0.653318
1.882783,1.180357,-0.651564
1.890091,1.179772,-0.650833
1.882491,1.179187,-0.647764
1.882198,1.178018,-0.642356
1.880737,1.178603,-0.646302
1.890968,1.177433,-0.645864
1.881614,1.171003,-0.640748
1.881614,1.174218,-0.654487
1.882491,1.178603,-0.648787
1.881614,1.178018,-0.643379
1.888044,1.174218,-0.643964
1.883952,1.17568,-0.642064
1.881029,1.173926,-0.639433
1.883952,1.17188,-0.632564
1.883367,1.172757,-0.64031
1.876644,1.168372,-0.639871
1.883952,1.175095,-0.64221
1.879567,1.167787,-0.640602
1.886583,1.169249,-0.62891
1.877813,1.165156,-0.639287
1.886583,1.163987,-0.640164
1.885414,1.166618,-0.639871
1.873721,1.159602,-0.633002
1.879275,1.161064,-0.629787
1.883367,1.161064,-0.632271
1.875183,1.16311,-0.637241
1.886583,1.166618,-0.634025
1.872552,1.156095,-0.638117
1.863783,1.153172,-0.631394
1.874013,1.157264,-0.628471
1.874306,1.164864,-0.639141
1.865536,1.162818,-0.629494
1.869629,1.161356,-0.625256
1.868752,1.160187,-0.62891
1.874306,1.15931,-0.636217
1.871383,1.162233,-0.624233
1.87109,1.160479,-0.628617
1.865829,1.158141,-0.629056
1.866706,1.164572,-0.637533
1.859105,1.161649,-0.636948
1.870213,1.165449,-0.628325
1.861444,1.162526,-0.626571
1.861152,1.159895,-0.623356
1.865829,1.162818,-0.638994
1.859105,1.157556,-0.629056
1.863783,1.152002,-0.62394
1.856475,1.157556,-0.628617
1.857644,1.16311,-0.634756
1.857644,1.155218,-0.632271
1.855305,1.156387,-0.634464
1.859105,1.158726,-0.631979
1.858813,1.154925,-0.628179
1.85969,1.160479,-0.631979
1.857352,1.171003,-0.642502
1.850921,1.166033,-0.635341
1.853552,1.165741,-0.640164
1.847705,1.160187,-0.63081
1.850044,1.15551,-0.637241
1.856475,1.161941,-0.632417
1.858521,1.159602,-0.637971
1.856767,1.163695,-0.633879
1.853844,1.158141,-0.649225
1.852675,1.166326,-0.648933
1.845659,1.167495,-0.645864
1.845659,1.169541,-0.631979
1.840105,1.161356,-0.643087
1.849167,1.164572,-0.638117
1.848582,1.161941,-0.636802
1.845951,1.16691,-0.641918
1.833967,1.169541,-0.640894
1.84069,1.163987,-0.650833
1.842444,1.168956,-0.64411
1.838936,1.165741,-0.647325
1.841274,1.160772,-0.653318
1.843905,1.169249,-0.639433
1.838936,1.168372,-0.654195
1.833674,1.172464,-0.646156
1.837182,1.17451,-0.642356
1.841567,1.165449,-0.647618
1.800058,1.173633,-0.650979
1.837767,1.172757,-0.636802
1.841859,1.180941,-0.644841
1.834844,1.17188,-0.647179
1.82812,1.17451,-0.652733
1.835136,1.184741,-0.650979
1.841859,1.17831,-0.644841
1.832213,1.179187,-0.64981
1.835721,1.177141,-0.664279
1.833382,1.180941,-0.655072
1.831921,1.174803,-0.657995
1.829582,1.180649,-0.652295
1.838936,1.184157,-0.661064
1.831336,1.190003,-0.652587
1.831044,1.185911,-0.65931
1.825197,1.190295,-0.652148
1.831628,1.187957,-0.651418
1.828705,1.200234,-0.660479
1.832213,1.202865,-0.665449
1.830751,1.190588,-0.672464
1.831336,1.19468,-0.652148
1.829874,1.197018,-0.673926
1.825197,1.201695,-0.66691
1.825197,1.192926,-0.656095
1.830167,1.194388,-0.653318
1.827243,1.194972,-0.653025
1.82549,1.199649,-0.653902
1.82812,1.205495,-0.657264
1.825782,1.205788,-0.662379
1.827828,1.207542,-0.678457
1.830167,1.205788,-0.664426
1.825782,1.207249,-0.672756
1.82052,1.206665,-0.669249
1.828997,1.212803,-0.665156
1.821105,1.215142,-0.670856
1.826074,1.207249,-0.663402
1.819936,1.211926,-0.681234
1.821982,1.21368,-0.682841
1.816136,1.21748,-0.677872
1.816136,1.213973,-0.682695
1.821105,1.212511,-0.688688
1.815843,1.21368,-0.681818
1.821982,1.218065,-0.685034
1.827243,1.210172,-0.679041
1.822859,1.213096,-0.679626
1.826367,1.227419,-0.687372
1.819351,1.226542,-0.692488
1.820228,1.223619,-0.692195
1.817013,1.22128,-0.69088
1.823151,1.223327,-0.699649
1.824905,1.225373,-0.690003
1.818474,1.227419,-0.698041
1.823443,1.230342,-0.686934
1.824905,1.22508,-0.693218
1.825782,1.223911,-0.691026
1.82169,1.226542,-0.691903
1.819936,1.230342,-0.696726
1.818182,1.231511,-0.705203
1.824028,1.229173,-0.697018
1.823443,1.232096,-0.697603
1.822567,1.227419,-0.699357
1.822567,1.237065,-0.702718
1.814966,1.229465,-0.690295
1.821105,1.238234,-0.709149
1.827828,1.236773,-0.702134
1.826659,1.243204,-0.700672
1.82432,1.237065,-0.696288
1.820813,1.23765,-0.699795
1.821105,1.229757,-0.699065
1.821105,1.23385,-0.701257
1.820228,1.23005,-0.699065
1.824028,1.234142,-0.707249
1.824613,1.230342,-0.695557
1.831628,1.237942,-0.706519
1.828413,1.239988,-0.702134
1.829874,1.234142,-0.697457
1.827243,1.237065,-0.70418
1.830167,1.236481,-0.699211
1.825197,1.243204,-0.701842
1.827243,1.236188,-0.706957
1.827828,1.247296,-0.710172
1.827536,1.247588,-0.712511
1.830751,1.240865,-0.718065
1.836013,1.242327,-0.710757
1.831336,1.245835,-0.709442
1.83309,1.247004,-0.715288
1.836597,1.247004,-0.712072
1.83689,1.244373,-0.707834
1.837767,1.251096,-0.707834
1.838351,1.250219,-0.708565
1.834844,1.251681,-0.710319
1.834259,1.253142,-0.709296
1.842444,1.254312,-0.715873
1.836013,1.255773,-0.704911
1.842736,1.25285,-0.706372
1.843613,1.243496,-0.707688
1.836597,1.246419,-0.711634
1.840398,1.254019,-0.712949
1.839813,1.255481,-0.71368
1.842151,1.254604,-0.708126
1.842151,1.250219,-0.712511
1.841274,1.251388,-0.709442
1.842736,1.250804,-0.715288
1.839521,1.24525,-0.710465
1.841859,1.249635,-0.727127
1.843613,1.247296,-0.722742
1.846828,1.247296,-0.719673
1.846536,1.245542,-0.707395
1.850044,1.244958,-0.71368
1.845075,1.252265,-0.707542
1.848875,1.247588,-0.712365
1.84449,1.245835,-0.724203
1.852675,1.249927,-0.706957
1.850628,1.248173,-0.710465
1.849167,1.247881,-0.704619
1.856475,1.244081,-0.70798
1.849459,1.24525,-0.702865
1.850044,1.248758,-0.704034
1.852967,1.245542,-0.697457
1.852675,1.24525,-0.696141
1.853552,1.24525,-0.698041
1.858229,1.243788,-0.707542
1.855013,1.239696,-0.69658
1.856182,1.23765,-0.704326
1.855305,1.250804,-0.707542
1.853259,1.245542,-0.693803
1.857352,1.243496,-0.710611
1.857936,1.242327,-0.697749
1.859105,1.242327,-0.698041
1.85969,1.235896,-0.692195
1.861736,1.232388,-0.697749
1.859982,1.240573,-0.699503
1.868167,1.228296,-0.690295
1.857059,1.233265,-0.691464
1.864952,1.229173,-0.689857
1.869336,1.225665,-0.684303
1.869921,1.223911,-0.68328
1.868167,1.230634,-0.696726
1.860567,1.232388,-0.686787
1.867583,1.227127,-0.686934
1.86729,1.23005,-0.683134
1.868459,1.220696,-0.701111
1.874306,1.226834,-0.687226
1.873721,1.22625,-0.67831
1.875767,1.220403,-0.687811
1.864952,1.221865,-0.685618
1.872844,1.223327,-0.690588
1.869336,1.213388,-0.684887
1.873429,1.214849,-0.677726
1.868752,1.220403,-0.679187
1.870798,1.216019,-0.684887
1.864367,1.215434,-0.672903
1.872844,1.221865,-0.674949
1.871675,1.214557,-0.685034
1.869921,1.215726,-0.66998
1.873429,1.216603,-0.675387
1.871383,1.210757,-0.673049
1.873721,1.212219,-0.673633
1.87226,1.21368,-0.67188
1.874013,1.211926,-0.660333
1.878983,1.218065,-0.663841
1.881029,1.208711,-0.671295
1.884829,1.203449,-0.671003
1.883952,1.206372,-0.66121
1.882198,1.20228,-0.661941
1.883075,1.205788,-0.66121
1.888921,1.199649,-0.658579
1.881321,1.202865,-0.656825
1.881029,1.201988,-0.671003
1.882491,1.202865,-0.658287
1.87489,1.191172,-0.662087
1.883075,1.199942,-0.659018
1.883367,1.193803,-0.664279
1.882491,1.197311,-0.666326
1.878106,1.185618,-0.66501
1.881029,1.188834,-0.667056
1.883075,1.184449,-0.667203
1.882491,1.190003,-0.640894
1.886291,1.185911,-0.656095
1.874013,1.180649,-0.643671
1.868459,1.185034,-0.656387
1.885998,1.184157,-0.659164
1.885706,1.181526,-0.649664
1.879567,1.182987,-0.652733
1.888044,1.181526,-0.653025
1.888337,1.189126,-0.641041
1.881906,1.185911,-0.648495
1.883367,1.176264,-0.638264
1.886583,1.174803,-0.641333
1.883075,1.177433,-0.636071
1.877521,1.180649,-0.637241
1.884537,1.176849,-0.642648
1.892137,1.17071,-0.643964
1.884829,1.17188,-0.63651
1.880444,1.17568,-0.644256
1.876644,1.171587,-0.622479
1.885998,1.167495,-0.639433
1.881614,1.169249,-0.623794
1.879567,1.172464,-0.630956
1.880152,1.17071,-0.631248
1.870798,1.167203,-0.630225
1.878398,1.166326,-0.629202
1.878106,1.163695,-0.635048
1.875475,1.166326,-0.625548
1.876937,1.169541,-0.629056
1.869629,1.172757,-0.636948
1.879275,1.170126,-0.622625
1.880737,1.164572,-0.627887
1.880737,1.169249,-0.631687
1.87606,1.160479,-0.628179
1.872844,1.163695,-0.623794
1.876937,1.15931,-0.626279
1.87489,1.165156,-0.619848
1.866998,1.164572,-0.621894
1.870798,1.161941,-0.62204
1.87606,1.163403,-0.627156
1.87109,1.160772,-0.627594
1.871383,1.16311,-0.624525
1.87226,1.157556,-0.623648
1.865536,1.158433,-0.628179
1.864367,1.163403,-0.616925
1.866413,1.155802,-0.617363
1.858229,1.161356,-0.62584
1.862613,1.162526,-0.616486
1.865244,1.165156,-0.626279
1.872552,1.154925,-0.627448
1.861152,1.166618,-0.628471
1.867875,1.15551,-0.617509
1.861444,1.159895,-0.634902
1.860567,1.158141,-0.628471
1.855305,1.159895,-0.631248
1.866121,1.15931,-0.624233
1.859105,1.162818,-0.621602
1.860275,1.157556,-0.627594
1.85969,1.155802,-0.63651
1.855013,1.157849,-0.615025
1.85589,1.162233,-0.63461
1.855013,1.162233,-0.63271
1.856475,1.167495,-0.626133
1.853552,1.161064,-0.627156
1.853552,1.161356,-0.614733
1.847413,1.165449,-0.626133
1.857059,1.164279,-0.624525
1.852967,1.164572,-0.632417
1.852967,1.155802,-0.631248
1.854136,1.163695,-0.639725
1.850044,1.16691,-0.633148
1.842736,1.160187,-0.62394
1.851213,1.151418,-0.625402
1.829582,1.152002,-0.60874
1.820228,1.14791,-0.585794
1.800351,1.167495,-0.56387
1.78135,1.203157,-0.57264
1.77755,1.237942,-0.562555
1.765858,1.275358,-0.577463
1.752119,1.305174,-0.581555
1.755042,1.330897,-0.58784
1.752704,1.354575,-0.603478
1.749781,1.385267,-0.610494
1.747442,1.406022,-0.625987
1.749781,1.42356,-0.643233
1.751827,1.441684,-0.642502
1.755919,1.458053,-0.654925
1.766443,1.463022,-0.656533
1.776381,1.471207,-0.660772
1.773166,1.480561,-0.667349
1.779889,1.480854,-0.672464
1.780766,1.489331,-0.675095
1.786904,1.479392,-0.683864
1.791581,1.486408,-0.685911
1.806489,1.483777,-0.688541
1.812628,1.484654,-0.687664
1.813505,1.47793,-0.686349
1.819059,1.4753,-0.689711
1.818766,1.475884,-0.688688
1.821982,1.466238,-0.692634
1.824028,1.460684,-0.690441
1.824613,1.455715,-0.684741
1.831921,1.448699,-0.703303
1.83689,1.445484,-0.688688
1.839228,1.44373,-0.693218
1.855305,1.435838,-0.638117
1.853259,1.436714,-0.679187
1.85209,1.422099,-0.674657
1.853259,1.421514,-0.673049
1.855305,1.42356,-0.667203
1.864075,1.416837,-0.671149
1.85969,1.401637,-0.67188
1.865536,1.405145,-0.659749
1.87226,1.403098,-0.653025
1.877521,1.401052,-0.663987
1.87109,1.388191,-0.652441
1.871383,1.382344,-0.651418
1.87869,1.373575,-0.639141
1.87869,1.375037,-0.653464
1.874598,1.375621,-0.642356
1.880444,1.364806,-0.645133
1.87869,1.36159,-0.634464
1.882783,1.372113,-0.651856
1.890091,1.361298,-0.629787
1.883075,1.353698,-0.631102
1.884829,1.345221,-0.629348
1.881614,1.338498,-0.619556
1.887752,1.334697,-0.625256
1.886875,1.332359,-0.614879
1.891845,1.325636,-0.614733
1.890383,1.33002,-0.623063
1.891552,1.316866,-0.609032
1.890383,1.321543,-0.603478
1.885998,1.325343,-0.612832
1.885706,1.317743,-0.607425
1.886583,1.30722,-0.605963
1.887752,1.304297,-0.598509
1.893598,1.309266,-0.584917
1.888337,1.295528,-0.579509
1.891845,1.300789,-0.589594
1.889214,1.294651,-0.588717
1.891845,1.298743,-0.590617
1.893306,1.281497,-0.575417
1.895937,1.291435,-0.583455
1.893014,1.278281,-0.586817
1.890091,1.277697,-0.570301
1.894475,1.269804,-0.563724
1.884244,1.266296,-0.569132
1.884829,1.268927,-0.571616
1.886291,1.270973,-0.569863
1.892721,1.261327,-0.548962
1.88746,1.271266,-0.563139
1.886583,1.26045,-0.558462
1.893598,1.253142,-0.551739
1.885706,1.254604,-0.547355
1.889798,1.253435,-0.554516
1.888629,1.240865,-0.543993
1.882783,1.239404,-0.545308
1.890968,1.244373,-0.545455
1.887752,1.245835,-0.537416
1.881321,1.238819,-0.538293
1.882491,1.236188,-0.536539
1.883367,1.236188,-0.539754
1.868459,1.223619,-0.536977
1.875475,1.232096,-0.5304
1.877521,1.222157,-0.530547
1.87869,1.223619,-0.528939
1.87606,1.227711,-0.524554
1.876352,1.225665,-0.526893
1.868459,1.223619,-0.530547
1.865244,1.219819,-0.520462
1.861736,1.217773,-0.526308
1.864367,1.21748,-0.52017
1.862613,1.210465,-0.524993
1.864659,1.216019,-0.53157
1.86349,1.209588,-0.51827
1.853552,1.212511,-0.529231
1.855305,1.207834,-0.520754
1.845951,1.20988,-0.512131
1.848875,1.204326,-0.526162
1.847413,1.206665,-0.527331
1.846828,1.199065,-0.527331
1.845367,1.201695,-0.527477
1.834844,1.195265,-0.522947
1.835136,1.198188,-0.519439
1.836597,1.200526,-0.511108
1.833674,1.202865,-0.520462
1.837182,1.204911,-0.5133
1.832213,1.204911,-0.52397
1.830459,1.19848,-0.534347
1.829874,1.204326,-0.492692
1.829874,1.195265,-0.5266
1.824028,1.168956,-0.517393
1.82052,1.232973,-0.532739
1.819643,1.203157,-0.52397
1.818766,1.20228,-0.533908
1.814966,1.204034,-0.520462
1.816428,1.207542,-0.531716
1.807951,1.207542,-0.529377
1.808828,1.208126,-0.527623
1.806489,1.206957,-0.538001
1.798012,1.204911,-0.532593
1.804443,1.213388,-0.539316
1.800935,1.211342,-0.534785
1.795674,1.209588,-0.535808
1.79392,1.213973,-0.545893
1.790704,1.220988,-0.539316
1.788074,1.217188,-0.54107
1.788366,1.219819,-0.541216
1.783689,1.21865,-0.542824
1.785151,1.217773,-0.554078
1.779304,1.223619,-0.553055
1.775797,1.225957,-0.551593
1.775797,1.220988,-0.554809
1.771996,1.227711,-0.566939
1.766443,1.237357,-0.563432
1.764981,1.23385,-0.564309
1.759719,1.233557,-0.565478
1.763519,1.23765,-0.583601
1.762058,1.23765,-0.557878
1.760889,1.242327,-0.571616
1.760596,1.24525,-0.57337
1.755919,1.250804,-0.575563
1.75475,1.252558,-0.586232
1.754458,1.251681,-0.590909
1.749196,1.257527,-0.57644
1.755919,1.265419,-0.598363
1.752704,1.269512,-0.58214
1.756212,1.26805,-0.591932
1.748904,1.270681,-0.593832
1.735457,1.272727,-0.600555
1.742181,1.28442,-0.619702
1.740427,1.277697,-0.599971
1.733411,1.278866,-0.612102
1.73575,1.284712,-0.61824
1.737211,1.288804,-0.615171
1.72435,1.291728,-0.613125
1.731073,1.303712,-0.634025
1.726688,1.301082,-0.630664
1.730488,1.292897,-0.633002
1.71938,1.305466,-0.640602
1.722596,1.308974,-0.632417
1.727565,1.318913,-0.647179
1.71938,1.316574,-0.645571
1.716165,1.33119,-0.652587
1.716165,1.325636,-0.650102
1.717919,1.33002,-0.64981
1.715873,1.335867,-0.656679
1.713242,1.334113,-0.657556
1.718211,1.340544,-0.671441
1.711196,1.341713,-0.676264
1.709442,1.337621,-0.674364
1.708272,1.348728,-0.685618
1.704472,1.355744,-0.688103
1.712072,1.362175,-0.686057
1.703595,1.358375,-0.688834
1.707103,1.361882,-0.694095
1.715873,1.373867,-0.707688
1.700088,1.375329,-0.712657
1.706811,1.371236,-0.705788
1.697165,1.377667,-0.710465
1.697749,1.380298,-0.714119
1.697457,1.378252,-0.715434
1.705349,1.39316,-0.721134
1.698918,1.396668,-0.719526
1.707396,1.401345,-0.716896
1.706226,1.405437,-0.723619
1.705057,1.410114,-0.724642
1.704472,1.410699,-0.735311
1.706226,1.410699,-0.738819
1.699795,1.416837,-0.735165
1.704472,1.415376,-0.738088
1.698334,1.420053,-0.741304
1.701549,1.425314,-0.744373
1.695703,1.418883,-0.738234
1.701842,1.43496,-0.751388
1.697457,1.43233,-0.752558
1.702134,1.430284,-0.765127
1.701257,1.438761,-0.768343
1.700672,1.441099,-0.766004
1.699503,1.450745,-0.770535
1.703595,1.453668,-0.767904
1.702134,1.459222,-0.775504
1.70418,1.458346,-0.782666
1.70418,1.465946,-0.768489
1.70798,1.465069,-0.76922
1.717919,1.463607,-0.77565
1.715873,1.464484,-0.789389
1.715288,1.470038,-0.780766
1.722011,1.475007,-0.786904
1.717334,1.480561,-0.790558
1.717626,1.47793,-0.790997
1.725811,1.484361,-0.792897
1.726688,1.496638,-0.797428
1.732242,1.486408,-0.79772
1.725811,1.487869,-0.80152
1.732827,1.488161,-0.797135
1.729319,1.487284,-0.802251
1.735457,1.491961,-0.80342
1.73575,1.493131,-0.802251
1.732827,1.499562,-0.808389
1.736627,1.503362,-0.803712
1.733411,1.506869,-0.793043
1.747735,1.502777,-0.799766
1.744519,1.504531,-0.808536
1.750658,1.508916,-0.800205
1.748612,1.501608,-0.806051
1.752119,1.506869,-0.795235
1.754458,1.501023,-0.805905
1.759427,1.508916,-0.801959
1.763227,1.508039,-0.799766
1.760012,1.505992,-0.794358
1.76615,1.503654,-0.792458
1.767904,1.505408,-0.781643
1.768781,1.504823,-0.798597
1.770827,1.504238,-0.800058
1.774043,1.509208,-0.79582
1.771412,1.510085,-0.790997
1.779889,1.505992,-0.789974
1.777843,1.509792,-0.791143
1.778135,1.504531,-0.787489
1.783689,1.505408,-0.796405
1.786027,1.500146,-0.788658
1.786027,1.503654,-0.783981
1.793335,1.503654,-0.786612
1.794212,1.496054,-0.785589
1.789535,1.500146,-0.782374
1.794505,1.497515,-0.771704
1.795966,1.499269,-0.775066
1.801812,1.504238,-0.777112
1.799766,1.501023,-0.775943
1.808828,1.491377,-0.776381
1.809705,1.492254,-0.777697
1.805905,1.489915,-0.77945
1.807951,1.495762,-0.758258
1.817305,1.487577,-0.763373
1.82169,1.487869,-0.772727
1.817597,1.483777,-0.768196
1.813797,1.484654,-0.759719
1.831044,1.484946,-0.764981
1.826951,1.484069,-0.76425
1.831044,1.473253,-0.75665
1.836597,1.469746,-0.750219
1.832213,1.470623,-0.76045
1.835721,1.458346,-0.752558
1.837182,1.465361,-0.745835
1.836013,1.465653,-0.744665
1.840982,1.465946,-0.729027
1.844198,1.456592,-0.726834
1.836305,1.460684,-0.735019
1.845659,1.453376,-0.730634
1.847998,1.448115,-0.72698
1.851798,1.444607,-0.727857
1.85589,1.441684,-0.730488
1.849167,1.443145,-0.726834
1.855013,1.442561,-0.715873
1.856767,1.439053,-0.718065
1.857352,1.43233,-0.716896
1.860275,1.435253,-0.706957
1.866121,1.427653,-0.716457
1.860859,1.432914,-0.701842
1.863198,1.422099,-0.706519
1.861444,1.421222,-0.695265
1.867583,1.41713,-0.700818
1.874013,1.415376,-0.700088
1.873429,1.413329,-0.698188
1.866413,1.411576,-0.685764
1.878398,1.413622,-0.676703
1.879567,1.410699,-0.685326
1.875475,1.403975,-0.680795
1.880152,1.405729,-0.679041
1.881029,1.39316,-0.668079
1.87986,1.391406,-0.676995
1.872844,1.38439,-0.67188
1.877229,1.383514,-0.668956
1.877813,1.383514,-0.663695
1.877813,1.383514,-0.658579
1.884537,1.370067,-0.65171
1.883367,1.36656,-0.648348
1.881029,1.364221,-0.647325
1.883367,1.364221,-0.646595
1.88746,1.355452,-0.643964
1.888044,1.355159,-0.646448
1.889506,1.351944,-0.641625
1.893598,1.351067,-0.635779
1.895352,1.34639,-0.622186
1.879275,1.336451,-0.624817
1.886875,1.330605,-0.624086
1.891552,1.337621,-0.617802
1.893014,1.334697,-0.61824
1.898275,1.328851,-0.62014
1.89126,1.32739,-0.604355
1.882491,1.320959,-0.601871
1.898568,1.320374,-0.607425
1.895937,1.319205,-0.604794
1.890675,1.31862,-0.598363
1.889798,1.314236,-0.591494
1.888921,1.312482,-0.588132
1.897983,1.302835,-0.590763
1.889798,1.307512,-0.595732
1.893598,1.293774,-0.591786
1.890675,1.292897,-0.58594
1.900029,1.294943,-0.579509
1.902952,1.290851,-0.584917
1.897983,1.287051,-0.585209
1.897106,1.280035,-0.573663
1.897106,1.287928,-0.573955
1.892429,1.291435,-0.57454
1.894475,1.274189,-0.57717
1.890968,1.275358,-0.571616
1.893598,1.270389,-0.564309
1.890968,1.267466,-0.558609
1.891552,1.267758,-0.564016
1.889506,1.263081,-0.555247
1.892137,1.257819,-0.56007
1.889506,1.260158,-0.555978
1.89126,1.258112,-0.552908
1.889798,1.250512,-0.551301
1.888921,1.24905,-0.547208
1.887752,1.240865,-0.544724
1.882491,1.240573,-0.539024
1.884244,1.24145,-0.526454
1.885121,1.242327,-0.538439
1.883367,1.239988,-0.540631
1.881906,1.231511,-0.535808
1.883952,1.224788,-0.541362
1.876937,1.229173,-0.532154
1.875767,1.225373,-0.529962
1.874306,1.22625,-0.528208
1.87489,1.22245,-0.539901
1.871675,1.223619,-0.517393
1.871675,1.217773,-0.522947
1.834844,1.214265,-0.526162
1.858521,1.220403,-0.520023
1.863198,1.218942,-0.516516
1.863198,1.212511,-0.533762
1.863783,1.213096,-0.519439
1.864659,1.218065,-0.520608
1.860567,1.204326,-0.513008
1.858229,1.203157,-0.515639
1.85589,1.213096,-0.517246
1.854429,1.210757,-0.523093
1.84829,1.210757,-0.521631
1.850336,1.199649,-0.509792
1.848582,1.209296,-0.514177
1.843028,1.199357,-0.522947
1.849167,1.202865,-0.519146
1.84449,1.204619,-0.508769
1.838059,1.19848,-0.510377
1.837474,1.19848,-0.523239
1.833382,1.197895,-0.516077
1.834551,1.19848,-0.516223
1.830167,1.197603,-0.513739
1.82549,1.206957,-0.518708
1.827243,1.197311,-0.531131
1.82432,1.203157,-0.521485
1.824028,1.202572,-0.520754
1.814089,1.199942,-0.530108
1.815843,1.204326,-0.533031
1.808828,1.198188,-0.514323
1.810289,1.204911,-0.514762
1.80152,1.191172,-0.536101
1.802397,1.204034,-0.530839
1.797135,1.206372,-0.525431
1.802982,1.211634,-0.530693
1.80152,1.20608,-0.527477
1.798305,1.206957,-0.52777
1.786027,1.205788,-0.528208
1.789535,1.21368,-0.53727
1.790412,1.214265,-0.535954
1.784858,1.220111,-0.545162
1.781058,1.208126,-0.541216
1.776966,1.220111,-0.551301
1.780766,1.218942,-0.547062
1.774627,1.215434,-0.537124
1.775504,1.22245,-0.551447
1.770827,1.21748,-0.552324
1.768196,1.227127,-0.564747
1.767904,1.229465,-0.556416
1.766443,1.229173,-0.524554
1.760889,1.235896,-0.571616
1.765273,1.239111,-0.565332
1.75855,1.243788,-0.565478
1.754165,1.245835,-0.571324
1.751242,1.244081,-0.57074
1.746858,1.24145,-0.584332
1.752704,1.251681,-0.581263
1.746565,1.245835,-0.59164
1.748904,1.262204,-0.596463
1.737211,1.254896,-0.589301
1.73955,1.258112,-0.594855
1.740427,1.260742,-0.602748
1.744519,1.268927,-0.610056
1.739258,1.273312,-0.601578
1.743058,1.268635,-0.602602
1.737504,1.278866,-0.600702
1.730196,1.278574,-0.609032
1.72055,1.28062,-0.61254
1.72318,1.287051,-0.606548
1.719673,1.294066,-0.622625
1.725519,1.295528,-0.624963
1.72435,1.294651,-0.620725
1.718796,1.299328,-0.615902
1.71938,1.293189,-0.634317
1.718211,1.308097,-0.635341
1.718796,1.304882,-0.64601
1.715873,1.318036,-0.650541
1.715288,1.315113,-0.650541
1.710903,1.320374,-0.649225
1.712072,1.321836,-0.651418
1.716165,1.324467,-0.659895
1.714703,1.334697,-0.653172
1.707396,1.328267,-0.65741
1.709734,1.334113,-0.663256
1.713242,1.339082,-0.67071
1.705934,1.341713,-0.667349
1.703011,1.347267,-0.673341
1.701842,1.353698,-0.682257
1.709149,1.361882,-0.681964
1.705934,1.365975,-0.698918
1.697457,1.364806,-0.686787
1.701842,1.366852,-0.695411
1.703888,1.370067,-0.691611
1.695703,1.366852,-0.708272
1.693657,1.375621,-0.707249
1.701842,1.385852,-0.708565
1.698334,1.391406,-0.706665
1.689564,1.389068,-0.71558
1.698042,1.396668,-0.715434
1.699503,1.399591,-0.723034
1.697165,1.403391,-0.72055
1.703011,1.405437,-0.729173
1.70038,1.411283,-0.729173
1.698042,1.413329,-0.735896
1.69658,1.414206,-0.729173
1.701549,1.421514,-0.741888
1.689857,1.422683,-0.740134
1.693365,1.43233,-0.747735
1.706519,1.438176,-0.759135
1.705349,1.439345,-0.756942
1.704765,1.438176,-0.764835
1.698626,1.44373,-0.754896
1.700088,1.43613,-0.767173
1.70038,1.449284,-0.763666
1.701549,1.446361,-0.781058
1.702426,1.455715,-0.767904
1.703595,1.452792,-0.772435
1.710903,1.460392,-0.774773
1.710611,1.463607,-0.780474
1.706226,1.464484,-0.778866
1.712365,1.460684,-0.779158
1.716457,1.475592,-0.791289
1.717626,1.4677,-0.789535
1.716165,1.473546,-0.80342
1.716165,1.476469,-0.796989
1.716457,1.475007,-0.78135
1.726688,1.47793,-0.801228
1.719965,1.478807,-0.784566
1.729319,1.476177,-0.786612
1.718796,1.480269,-0.785004
1.726688,1.486115,-0.796843
1.731365,1.487284,-0.797574
1.731365,1.494008,-0.79392
1.734288,1.498685,-0.803566
1.73575,1.503946,-0.803274
1.742765,1.5019,-0.807659
1.73575,1.499269,-0.810874
1.741304,1.498977,-0.80152
1.746273,1.495762,-0.808682
1.741304,1.495762,-0.814966
1.746858,1.510962,-0.794651
1.750365,1.506285,-0.804005
1.754458,1.511254,-0.807951
1.759135,1.503069,-0.805466
1.756212,1.510085,-0.800643
1.758842,1.502192,-0.797135
1.762935,1.504238,-0.803712
1.759719,1.495469,-0.80152
1.765858,1.504238,-0.799328
1.76615,1.501315,-0.800789
1.77492,1.503946,-0.801228
1.768489,1.500438,-0.791289
1.772581,1.500731,-0.800058
1.781058,1.496638,-0.802251
1.774335,1.502777,-0.801228
1.779012,1.501608,-0.79582
1.786904,1.504238,-0.780912
1.787489,1.496931,-0.798889
1.789828,1.492838,-0.788366
1.798012,1.497808,-0.783689
1.802689,1.496638,-0.788512
1.800058,1.492546,-0.784858
1.800643,1.500731,-0.779743
1.800643,1.495762,-0.774481
1.798889,1.497515,-0.776235
1.801812,1.494592,-0.773312
1.805612,1.488454,-0.771412
1.803859,1.486408,-0.768343
1.813505,1.488746,-0.771704
1.814089,1.4791,-0.774335
1.817013,1.472669,-0.762496
1.813797,1.480269,-0.765273
1.813505,1.482607,-0.760012
1.826951,1.478223,-0.759866
1.828997,1.475884,-0.767027
1.828413,1.46653,-0.753581
1.831336,1.470623,-0.75475
1.834259,1.461561,-0.757527
1.837182,1.463607,-0.747588
1.843028,1.461853,-0.741304
1.842444,1.458638,-0.738381
1.839228,1.45513,-0.734288
1.841274,1.453961,-0.734142
1.845951,1.456299,-0.736334
1.846244,1.448992,-0.72698
1.850336,1.448699,-0.733119
1.843321,1.447822,-0.729173
1.853259,1.432914,-0.731073
1.850628,1.440222,-0.723473
1.854136,1.440222,-0.716896
1.856182,1.437591,-0.719673
1.851213,1.431453,-0.704911
1.854721,1.424145,-0.706811
1.865244,1.427068,-0.705495
1.86729,1.420345,-0.706811
1.868167,1.42093,-0.712949
1.869629,1.419468,-0.698918
1.869629,1.41713,-0.690295
1.874598,1.410406,-0.689711
1.868167,1.40456,-0.691611
1.873429,1.410991,-0.688103
1.835136,1.407483,-0.68898
1.878983,1.401637,-0.68138
1.882783,1.394621,-0.685764
1.882783,1.390821,-0.675533
1.882198,1.390237,-0.676118
1.876352,1.392868,-0.674803
1.875183,1.387314,-0.671733
1.878983,1.378837,-0.665595
1.881321,1.376206,-0.659164
1.87986,1.370944,-0.662379
1.876644,1.36656,-0.66121
1.883075,1.367436,-0.660918
1.885706,1.362175,-0.656679
1.888337,1.360713,-0.652587
1.88366,1.356913,-0.639287
1.889506,1.355159,-0.638994
1.881321,1.352528,-0.63841
1.885414,1.346098,-0.633733
1.884244,1.340836,-0.628033
1.88366,1.346975,-0.627156
1.888044,1.340544,-0.615902
1.889214,1.328267,-0.620871
1.892721,1.329436,-0.619263
1.885998,1.32739,-0.621456
1.884537,1.328559,-0.616194
1.890091,1.323297,-0.607717
1.890091,1.317451,-0.606255
1.884537,1.313066,-0.595878
1.896521,1.314528,-0.590909
1.886291,1.306928,-0.602017
1.885121,1.305466,-0.592517
1.889506,1.299328,-0.601871
1.890383,1.296989,-0.595732
1.887167,1.297574,-0.587255
1.886875,1.287635,-0.57907
1.886291,1.299912,-0.582724
1.888629,1.289389,-0.57147
1.887167,1.287051,-0.575417
1.890091,1.283543,-0.571763
1.889214,1.280912,-0.570155
1.888337,1.27302,-0.57074
1.890675,1.305466,-0.562847
1.890675,1.273312,-0.556124
1.884829,1.271558,-0.562262
1.894768,1.266004,-0.56007
1.883952,1.261619,-0.553493
1.881906,1.265127,-0.548816
1.881321,1.253727,-0.544139
1.888629,1.252558,-0.554662
1.881029,1.252558,-0.549108
1.873429,1.246127,-0.547647
1.875183,1.246127,-0.553785
1.874306,1.242327,-0.547062
1.876644,1.237942,-0.542385
1.877229,1.236188,-0.540485
1.87606,1.240573,-0.540924
1.876937,1.230634,-0.524554
1.873721,1.24145,-0.530985
1.87109,1.228296,-0.533031
1.866413,1.235896,-0.531424
1.872552,1.22625,-0.525577
1.868167,1.219526,-0.527477
1.864952,1.217773,-0.532447
1.874013,1.219234,-0.533177
1.870798,1.220111,-0.530108
1.873429,1.220696,-0.530985
1.862613,1.216019,-0.523531
1.859982,1.218357,-0.524408
1.855598,1.21748,-0.525285
1.860859,1.21368,-0.519146
1.857644,1.212219,-0.517539
1.850628,1.214557,-0.517246
1.842444,1.208126,-0.521631
1.846244,1.213973,-0.515931
1.852382,1.211634,-0.515054
1.848875,1.209296,-0.523093
1.84829,1.202572,-0.521193
1.844198,1.20988,-0.520608
1.847413,1.209296,-0.512423
1.840982,1.207542,-0.514762
1.831628,1.204619,-0.522216
1.830751,1.204034,-0.522654
1.840105,1.16311,-0.5057
1.837767,1.200818,-0.519877
1.826659,1.200818,-0.514469
1.828997,1.207542,-0.524116
1.820228,1.20228,-0.519
1.822859,1.209296,-0.514469
1.819643,1.206372,-0.5228
1.820228,1.215434,-0.520316
1.817305,1.20988,-0.526747
1.816428,1.204034,-0.533616
1.809705,1.201695,-0.533616
1.810874,1.203157,-0.52397
1.803859,1.211049,-0.532739
1.807074,1.206957,-0.540047
1.800643,1.208711,-0.534785
1.802689,1.20988,-0.533177
1.790997,1.219234,-0.534201
1.789828,1.235311,-0.544724
1.779597,1.27945,-0.549839
1.772289,1.335867,-0.570009
1.767612,1.378544,-0.595148
1.768196,1.425606,-0.611225
1.773166,1.444899,-0.630079
1.77755,1.452499,-0.643087
1.776966,1.460684,-0.644841
1.776966,1.476761,-0.662964
1.782812,1.483777,-0.670564
1.787781,1.502777,-0.682695
1.791874,1.497223,-0.683426
1.799182,1.497808,-0.691757
1.808828,1.491961,-0.69848
1.809412,1.502777,-0.699065
1.81672,1.484069,-0.698334
1.826074,1.483484,-0.701842
1.826074,1.479684,-0.71368
1.833674,1.474715,-0.710757
1.84069,1.466238,-0.705203
1.845951,1.472084,-0.718796
1.850044,1.463315,-0.71178
1.854721,1.451915,-0.709296
1.852967,1.441684,-0.716019
1.86349,1.448992,-0.712511
1.864659,1.43116,-0.716603
1.869044,1.432037,-0.704326
1.873721,1.42093,-0.698334
1.878398,1.414499,-0.699065
1.879275,1.403975,-0.689711
1.877521,1.411868,-0.682841
1.880737,1.404268,-0.677141
1.887167,1.392575,-0.679187
1.885998,1.388775,-0.67641
1.889214,1.376498,-0.673487
1.893306,1.374452,-0.66501
1.893014,1.368606,-0.66501
1.894768,1.357498,-0.654049
1.893598,1.354867,-0.657702
1.894768,1.351944,-0.653318
1.902368,1.353405,-0.650102
1.91406,1.337621,-0.650248
1.903829,1.337621,-0.647033
1.907629,1.330313,-0.640748
1.914645,1.336744,-0.635633
1.906752,1.321543,-0.635925
1.907045,1.309266,-0.63651
1.912306,1.317159,-0.634902
1.918445,1.310728,-0.636948
1.908799,1.308097,-0.631687
1.916983,1.30722,-0.624817
1.909091,1.296697,-0.626279
1.91786,1.297574,-0.608302
1.913183,1.280035,-0.621456
1.911429,1.280327,-0.606548
1.916983,1.279743,-0.613271
1.912014,1.277112,-0.602455
1.915229,1.272727,-0.601432
1.914353,1.263373,-0.601725
1.919906,1.265419,-0.590324
1.914353,1.254312,-0.581117
1.916399,1.256942,-0.592371
1.916399,1.251681,-0.586963
1.921076,1.248465,-0.58024
1.916106,1.245835,-0.57337
1.925168,1.24145,-0.577609
1.915814,1.238527,-0.577609
1.915814,1.229173,-0.578193
1.911722,1.232388,-0.572347
1.917568,1.22245,-0.560801
1.911722,1.224496,-0.558609
1.915814,1.22245,-0.555978
1.913476,1.206957,-0.555832
1.915229,1.211342,-0.548231
1.917568,1.211342,-0.553055
1.91026,1.201988,-0.546039
1.906168,1.199649,-0.540193
1.907629,1.195849,-0.545747
1.910845,1.204034,-0.540047
1.906752,1.199357,-0.543408
1.903245,1.187664,-0.533177
1.905291,1.18328,-0.538439
1.907629,1.179187,-0.533177
1.901199,1.171587,-0.539316
1.894768,1.180064,-0.536685
1.894768,1.174803,-0.530547
1.896814,1.170418,-0.529962
1.893014,1.17188,-0.529816
1.895645,1.163695,-0.515346
1.885706,1.165449,-0.532739
1.886875,1.169249,-0.533908
1.880737,1.156972,-0.524408
1.89126,1.159018,-0.517246
1.889214,1.160772,-0.525431
1.881906,1.162818,-0.522654
1.881321,1.147618,-0.522508
1.881614,1.159602,-0.522362
1.873429,1.156387,-0.516516
1.87109,1.157849,-0.514762
1.871675,1.152002,-0.507746
1.871967,1.151418,-0.522508
1.867583,1.152002,-0.512131
1.869629,1.154049,-0.515785
1.865536,1.148495,-0.511546
1.851213,1.152587,-0.514177
1.855305,1.154633,-0.513593
1.855598,1.156095,-0.5209
1.855305,1.152879,-0.5171
1.85589,1.148787,-0.510962
1.850628,1.145279,-0.521777
1.846828,1.145864,-0.522654
1.84449,1.15171,-0.520316
1.843613,1.14411,-0.521631
1.838351,1.152879,-0.509208
1.827828,1.147325,-0.508623
1.831628,1.146741,-0.52397
1.833382,1.149956,-0.522216
1.826659,1.149079,-0.5209
1.82812,1.151125,-0.522362
1.829582,1.152002,-0.523385
1.819059,1.161941,-0.538293
1.817597,1.159895,-0.532593
1.819351,1.154633,-0.536831
1.815843,1.159602,-0.529231
1.819643,1.157556,-0.531131
1.813505,1.163987,-0.537854
1.816136,1.161356,-0.54297
1.805905,1.162233,-0.548962
1.802105,1.164864,-0.55817
1.807366,1.166326,-0.549401
1.799474,1.169833,-0.560947
1.794797,1.173633,-0.561239
1.794797,1.175972,-0.549108
1.791289,1.181526,-0.554224
1.783397,1.172757,-0.563139
1.784566,1.183864,-0.55817
1.782227,1.182403,-0.561386
1.791874,1.181818,-0.571032
1.781643,1.189418,-0.580532
1.782812,1.197603,-0.571616
1.777843,1.19088,-0.581555
1.777258,1.197603,-0.58024
1.772873,1.194972,-0.588863
1.780474,1.206665,-0.57907
1.775212,1.200526,-0.584186
1.772873,1.20228,-0.590617
1.767612,1.203742,-0.587109
1.762058,1.207542,-0.588717
1.769366,1.203449,-0.592663
1.761181,1.213973,-0.598071
1.771996,1.220403,-0.607425
1.764689,1.221573,-0.606402
1.757381,1.230927,-0.602602
1.755627,1.225373,-0.609471
1.752704,1.226834,-0.609325
1.757673,1.233557,-0.614733
1.748904,1.231219,-0.619702
1.752119,1.235604,-0.621894
1.757381,1.238234,-0.621456
1.751535,1.237357,-0.616486
1.751827,1.248173,-0.634902
1.743642,1.251096,-0.629933
1.743058,1.252265,-0.624525
1.746565,1.258112,-0.631687
1.743935,1.258989,-0.637241
1.741888,1.260742,-0.640018
1.740134,1.263373,-0.651564
1.742181,1.267173,-0.641771
1.73955,1.274773,-0.655364
1.734581,1.275358,-0.658433
1.737211,1.277697,-0.649372
1.738673,1.27682,-0.660333
1.733704,1.284712,-0.664718
1.737796,1.282958,-0.662526
1.735457,1.279743,-0.674803
1.732242,1.29202,-0.678018
1.737211,1.294651,-0.66998
1.733119,1.299912,-0.667349
1.727857,1.300205,-0.688103
1.732242,1.296989,-0.69088
1.731365,1.305466,-0.681526
1.73078,1.306635,-0.684449
1.727565,1.314528,-0.689564
1.726396,1.313066,-0.697603
1.718796,1.321836,-0.701988
1.724642,1.330313,-0.704765
1.723765,1.33002,-0.718942
1.725811,1.332067,-0.718796
1.728442,1.338498,-0.704034
1.728442,1.330313,-0.709149
1.723765,1.337913,-0.713973
1.757966,1.343467,-0.72055
1.722303,1.339667,-0.723619
1.717334,1.355452,-0.715726
1.718796,1.354867,-0.723619
1.72435,1.356621,-0.733411
1.717626,1.355452,-0.729173
1.717042,1.362759,-0.736334
1.718211,1.362467,-0.734727
1.720257,1.368898,-0.735457
1.724057,1.37299,-0.73575
1.71938,1.380298,-0.755773
1.722303,1.379714,-0.738381
1.729904,1.383221,-0.760596
1.717042,1.384098,-0.751388
1.726688,1.387898,-0.749781
1.722888,1.384683,-0.755919
1.721719,1.39316,-0.761766
1.72815,1.395498,-0.764835
1.727273,1.398422,-0.761473
1.724934,1.408652,-0.773897
1.724057,1.409529,-0.768196
1.72318,1.403975,-0.768196
1.729027,1.414791,-0.774189
1.725227,1.404852,-0.779743
1.731073,1.412745,-0.780327
1.73575,1.419468,-0.774773
1.734873,1.410699,-0.778281
1.734581,1.425314,-0.777697
1.722596,1.420053,-0.79012
1.733704,1.422391,-0.781789
1.741304,1.423853,-0.778281
1.73955,1.430284,-0.779012
1.744227,1.433791,-0.780327
1.745104,1.429114,-0.782958
1.75095,1.432037,-0.784566
1.747735,1.436422,-0.792605
1.750073,1.438176,-0.783251
1.751242,1.442561,-0.787928
1.756504,1.45513,-0.796258
1.753873,1.446653,-0.801228
1.749196,1.441099,-0.805466
1.749781,1.439345,-0.800497
1.754458,1.45133,-0.809997
1.757966,1.448699,-0.802689
1.722011,1.452207,-0.808389
1.766443,1.449284,-0.806928
1.758842,1.452792,-0.800789
1.768196,1.455422,-0.808097
1.768196,1.462438,-0.808389
1.767612,1.456007,-0.798597
1.77112,1.457469,-0.804005
1.767904,1.453084,-0.809851
1.778427,1.453961,-0.80342
1.775504,1.449868,-0.808828
1.768196,1.448992,-0.80152
1.779012,1.455422,-0.800935
1.785151,1.45513,-0.799035
1.791289,1.463607,-0.802105
1.784274,1.458053,-0.801228
1.798889,1.450453,-0.804735
1.797135,1.453961,-0.802543
1.80152,1.453961,-0.804297
1.807951,1.459222,-0.809705
1.814966,1.456007,-0.80152
1.805612,1.452499,-0.794943
1.80532,1.449868,-0.787489
1.810582,1.455715,-0.796258
1.800935,1.454838,-0.791143
1.805612,1.457176,-0.793481
1.818766,1.450161,-0.786466
1.82169,1.443145,-0.77872
1.822274,1.441099,-0.77872
1.825197,1.439345,-0.788804
1.826951,1.438761,-0.77185
1.82812,1.438176,-0.77755
1.835721,1.440222,-0.758989
1.831921,1.438468,-0.761912
1.835428,1.429407,-0.773604
1.833967,1.425606,-0.772873
1.835136,1.431453,-0.757966
1.849459,1.426191,-0.763227
1.843028,1.418883,-0.764396
1.850921,1.418591,-0.764835
1.853259,1.413622,-0.757966
1.855305,1.425314,-0.745688
1.857352,1.416545,-0.750219
1.860567,1.413622,-0.754312
1.867875,1.410991,-0.736627
1.870213,1.401929,-0.741742
1.86729,1.399591,-0.733557
1.866121,1.399591,-0.725519
1.873137,1.395206,-0.727419
1.872844,1.388483,-0.723327
1.878398,1.389068,-0.717919
1.876937,1.386437,-0.718503
1.883075,1.382929,-0.726103
1.889506,1.375914,-0.717042
1.88746,1.379129,-0.717334
1.877521,1.372698,-0.712219
1.884829,1.377375,-0.703449
1.890675,1.375914,-0.702865
1.885414,1.367436,-0.698772
1.883367,1.360129,-0.699357
1.893598,1.365098,-0.689711
1.883367,1.357498,-0.680649
1.887167,1.347267,-0.679918
1.893598,1.344344,-0.67641
1.899737,1.354867,-0.671733
1.90266,1.341128,-0.671149
1.899737,1.332944,-0.659456
1.905291,1.338205,-0.668956
1.900614,1.332944,-0.661356
1.902075,1.331482,-0.655802
1.90266,1.324467,-0.655364
1.909383,1.31979,-0.648787
1.908506,1.315405,-0.650102
1.905583,1.311605,-0.633587
1.909968,1.306928,-0.629787
1.911137,1.301958,-0.637533
1.910845,1.301666,-0.634902
1.909675,1.294066,-0.630956
1.912306,1.294651,-0.624525
1.915814,1.287635,-0.624525
1.914937,1.291435,-0.611956
1.908799,1.280912,-0.608886
1.876352,1.270973,-0.608302
1.912306,1.27682,-0.612686
1.917276,1.265419,-0.609032
1.918737,1.269512,-0.610056
1.905583,1.266881,-0.604648
1.906168,1.265419,-0.58594
1.914645,1.259281,-0.594271
1.912891,1.251388,-0.587255
1.918445,1.252265,-0.589155
1.922245,1.246711,-0.590763
1.915814,1.246127,-0.590324
1.916399,1.239988,-0.566939
1.920491,1.238527,-0.58024
1.917276,1.229465,-0.579217
1.912891,1.232388,-0.566355
1.911722,1.220403,-0.568255
1.913768,1.221573,-0.564893
1.91406,1.222742,-0.553201
1.91026,1.217773,-0.545162
1.909968,1.215434,-0.555539
1.912891,1.212803,-0.559193
1.916691,1.203742,-0.545747
1.905291,1.204911,-0.54677
1.91406,1.199065,-0.553201
1.905291,1.194095,-0.543555
1.911137,1.187664,-0.53537
1.909091,1.193803,-0.543116
1.905291,1.191757,-0.539608
1.89886,1.18708,-0.543408
1.907629,1.188541,-0.53537
1.901491,1.176849,-0.530547
1.90266,1.180357,-0.528939
1.897983,1.182403,-0.533762
1.897983,1.172757,-0.516808
1.888044,1.180064,-0.525723
1.897983,1.173049,-0.514469
1.895937,1.171003,-0.515346
1.888629,1.16691,-0.5133
1.893306,1.170126,-0.529377
1.885121,1.15931,-0.519
1.885414,1.167787,-0.500877
1.882491,1.162818,-0.521485
1.878106,1.159018,-0.517977
1.87109,1.163403,-0.519877
1.876644,1.161941,-0.508769
1.869921,1.162818,-0.520462
1.864367,1.158141,-0.513739
1.863783,1.123063,-0.526747
1.861736,1.159018,-0.531862
1.857936,1.155218,-0.524262
1.862613,1.148787,-0.5266
1.859398,1.155802,-0.521046
1.857936,1.158726,-0.520316
1.844782,1.154341,-0.52207
1.852675,1.154049,-0.514323
1.855598,1.150833,-0.517246
1.851798,1.151125,-0.5209
1.843028,1.153172,-0.519
1.843905,1.155802,-0.524262
1.838644,1.156679,-0.516808
1.831628,1.153464,-0.522216
1.83309,1.154925,-0.514177
1.836013,1.150833,-0.525577
1.836013,1.15931,-0.535224
1.829874,1.157849,-0.528062
1.826074,1.156972,-0.530839
1.822567,1.154341,-0.530693
1.818474,1.148787,-0.54487
1.820228,1.160772,-0.535077
1.822567,1.165156,-0.532739
1.815843,1.160187,-0.543555
1.808243,1.15931,-0.538878
1.814089,1.16691,-0.542678
1.811166,1.164572,-0.547501
1.805028,1.170418,-0.542385
1.806197,1.165156,-0.547793
1.799182,1.175972,-0.543993
1.796551,1.166033,-0.532008
1.799766,1.171003,-0.555539
1.792751,1.173341,-0.563286
1.785443,1.179187,-0.561678
1.792458,1.175095,-0.551301
1.790412,1.192634,-0.558316
1.792751,1.184741,-0.562993
1.785151,1.184741,-0.565332
1.783397,1.17831,-0.568401
1.783104,1.187957,-0.57717
1.782812,1.188834,-0.567816
1.78252,1.195849,-0.564309
1.779889,1.201111,-0.576878
1.773166,1.202572,-0.591055
1.774043,1.20608,-0.584332
1.774627,1.219526,-0.58784
1.767027,1.211049,-0.587694
1.76995,1.21748,-0.578486
1.76615,1.218357,-0.588863
1.772289,1.21748,-0.594855
1.768489,1.221573,-0.596025
1.761766,1.222742,-0.589448
1.762643,1.22625,-0.611371
1.764104,1.228004,-0.599971
1.759427,1.232681,-0.608155
1.756796,1.233557,-0.609032
1.753581,1.239404,-0.611956
1.759135,1.245542,-0.618533
1.754458,1.247004,-0.620579
1.755919,1.242619,-0.620433
1.757089,1.247004,-0.627156
1.74715,1.260158,-0.626279
1.745981,1.250219,-0.628179
1.743058,1.264835,-0.627156
1.74715,1.263666,-0.643671
1.746273,1.263958,-0.642356
1.751242,1.268343,-0.651125
1.749196,1.26425,-0.650248
1.737504,1.270096,-0.656095
1.745104,1.274481,-0.65741
1.73955,1.272143,-0.663402
1.735457,1.275358,-0.659456
1.73078,1.286174,-0.663841
1.735457,1.282958,-0.671003
1.730488,1.287635,-0.667349
1.731073,1.29582,-0.68328
1.73078,1.293774,-0.677287
1.726396,1.297574,-0.678749
1.730488,1.294358,-0.683426
1.72815,1.301082,-0.686203
1.731073,1.302835,-0.693803
1.722888,1.303712,-0.704326
1.723765,1.310436,-0.692195
1.723473,1.313943,-0.695411
1.72318,1.325928,-0.69658
1.718796,1.321836,-0.706372
1.72055,1.323005,-0.694972
1.719965,1.324759,-0.709149
1.723765,1.333528,-0.709149
1.715288,1.339667,-0.707103
1.724642,1.344928,-0.708711
1.72318,1.344636,-0.717334
1.716457,1.344344,-0.712072
1.715288,1.345221,-0.71748
1.728442,1.345221,-0.718796
1.725227,1.359252,-0.717773
1.723765,1.353698,-0.728296
1.721719,1.362759,-0.729904
1.713826,1.368606,-0.731657
1.721426,1.371821,-0.741304
1.724934,1.377375,-0.74335
1.71938,1.379421,-0.744227
1.721719,1.385852,-0.738673
1.726688,1.379714,-0.741596
1.726396,1.382637,-0.746858
1.723473,1.387021,-0.753142
1.722303,1.390821,-0.756358
1.724642,1.389068,-0.761327
1.721719,1.400468,-0.75095
1.724642,1.405437,-0.766296
1.72435,1.40456,-0.770535
1.725227,1.414499,-0.765566
1.719673,1.413622,-0.767173
1.727565,1.415668,-0.769804
1.729611,1.413622,-0.772435
1.729027,1.410991,-0.790704
1.727565,1.418299,-0.770096
1.725227,1.419468,-0.783251
1.724934,1.425899,-0.774189
1.72318,1.424437,-0.773458
1.727273,1.429991,-0.779743
1.730488,1.42473,-0.775066
1.734288,1.433207,-0.784274
1.732242,1.425606,-0.778427
1.734288,1.433499,-0.793335
1.735457,1.437591,-0.793189
1.740719,1.442853,-0.78632
1.741888,1.440807,-0.791874
1.739258,1.435838,-0.788951
1.747442,1.43993,-0.80342
1.738381,1.444314,-0.794212
1.748027,1.437591,-0.795966
1.752412,1.447822,-0.792605
1.751242,1.442561,-0.790997
1.757089,1.441684,-0.785589
1.760889,1.446945,-0.799328
1.755627,1.448115,-0.808974
1.755919,1.456299,-0.799766
1.757381,1.458346,-0.804443
1.764104,1.458638,-0.785443
1.762935,1.452792,-0.792458
1.778135,1.451915,-0.800205
1.776966,1.451915,-0.798451
1.771412,1.453376,-0.805028
1.784566,1.454253,-0.803274
1.78252,1.458346,-0.80722
1.776966,1.464776,-0.799912
1.777843,1.460976,-0.791581
1.788658,1.464484,-0.802251
1.793628,1.456007,-0.802251
1.790704,1.458346,-0.798743
1.797135,1.455715,-0.802105
1.797428,1.455715,-0.793189
1.802105,1.456884,-0.802835
1.808243,1.460392,-0.804005
1.804443,1.45893,-0.799474
1.803859,1.458053,-0.791581
1.803274,1.458053,-0.788804
1.806197,1.447238,-0.792897
1.812043,1.453376,-0.796551
1.817013,1.453084,-0.787781
1.823151,1.453084,-0.788804
1.817305,1.448115,-0.77872
1.821105,1.466823,-0.783981
1.810289,1.487869,-0.778574
1.811751,1.507454,-0.763373
1.804735,1.517977,-0.761619
1.807659,1.5133,-0.738381
1.803274,1.521485,-0.731511
1.803274,1.51447,-0.737211
1.799182,1.503069,-0.725519
1.80152,1.5095,-0.720403
1.801812,1.498977,-0.709442
1.794212,1.499269,-0.697603
1.787489,1.503654,-0.692926
1.799182,1.487577,-0.686641
1.788074,1.480269,-0.670856
1.786612,1.488161,-0.66121
1.796843,1.488746,-0.662964
1.793335,1.473838,-0.667056
1.796258,1.470623,-0.657264
1.784274,1.4677,-0.658872
1.786612,1.458053,-0.655949
1.780474,1.455715,-0.650687
1.78135,1.448699,-0.644402
1.785443,1.448992,-0.645864
1.779889,1.443145,-0.647033
1.779597,1.446361,-0.640748
1.776089,1.448407,-0.632271
1.771704,1.448115,-0.635048
1.776089,1.441976,-0.637387
1.770827,1.441684,-0.622333
1.775504,1.436714,-0.627594
1.76615,1.431453,-0.62204
1.77112,1.430576,-0.632856
1.760012,1.44373,-0.638117
1.764104,1.441391,-0.624379
1.761181,1.441099,-0.624379
1.762935,1.438761,-0.635048
1.762643,1.435253,-0.620871
1.76615,1.435545,-0.633148
1.760889,1.437007,-0.63154
1.757381,1.434376,-0.635779
1.757966,1.433791,-0.62321
1.759719,1.438761,-0.634756
1.758258,1.438468,-0.631394
1.761181,1.442853,-0.630371
1.754458,1.435838,-0.643087
1.758258,1.435545,-0.637679
1.757673,1.43116,-0.633002
1.755042,1.433207,-0.637825
1.749488,1.439053,-0.647618
1.745396,1.440807,-0.635633
1.751242,1.436422,-0.643671
1.746565,1.440514,-0.643087
1.745688,1.446945,-0.641187
1.745104,1.445192,-0.633002
1.73575,1.442561,-0.640894
1.738088,1.440807,-0.656679
1.741888,1.450453,-0.643964
1.734581,1.450745,-0.646302
1.732242,1.451038,-0.644841
1.734581,1.440807,-0.652733
1.737504,1.454838,-0.654049
1.736627,1.460099,-0.650833
1.737504,1.457469,-0.650979
1.742181,1.455715,-0.663402
1.733119,1.457761,-0.661941
1.738673,1.456007,-0.658141
1.734581,1.460099,-0.666764
1.731365,1.460392,-0.662672
1.735457,1.45893,-0.669395
1.733119,1.466238,-0.672464
1.735457,1.46273,-0.672903
1.732242,1.470623,-0.639141
1.742181,1.468284,-0.677726
1.730196,1.46273,-0.656679
1.732534,1.464484,-0.671295
1.729904,1.464484,-0.672318
1.734581,1.468284,-0.676995
1.730488,1.474423,-0.690441
1.738088,1.475007,-0.676557
1.736627,1.477638,-0.671149
1.735457,1.479392,-0.687518
1.738088,1.483484,-0.67261
1.734288,1.479392,-0.687518
1.731657,1.4791,-0.68138
1.728442,1.489331,-0.68021
1.733411,1.484361,-0.684449
1.731657,1.484069,-0.688541
1.734873,1.486408,-0.697018
1.729904,1.481146,-0.691903
1.736042,1.487284,-0.686349
1.739258,1.491961,-0.689126
1.736334,1.487284,-0.68708
1.738673,1.4867,-0.688249
1.737211,1.500438,-0.696726
1.734873,1.489915,-0.696726
1.736627,1.490208,-0.694095
1.743058,1.498392,-0.696141
1.743642,1.4981,-0.692049
1.734288,1.489038,-0.695995
1.739258,1.489038,-0.69088
1.747735,1.495469,-0.678603
1.744227,1.495469,-0.691318
1.750073,1.503654,-0.703742
1.747442,1.496054,-0.694534
1.73955,1.493423,-0.696288
1.749781,1.496346,-0.698626
1.742765,1.486992,-0.692341
1.745104,1.495762,-0.712657
1.752119,1.499562,-0.705349
1.743935,1.502485,-0.691757
1.747442,1.503654,-0.699795
1.749488,1.503069,-0.692926
1.746273,1.496346,-0.688541
1.752119,1.498977,-0.692195
1.747442,1.490208,-0.695557
1.750365,1.499854,-0.681818
1.762058,1.498392,-0.681234
1.756212,1.496931,-0.694826
1.795089,1.500438,-0.684887
1.757089,1.494884,-0.701842
1.765858,1.498977,-0.703742
1.760304,1.497808,-0.692488
1.752119,1.497515,-0.699649
1.756504,1.497515,-0.685034
1.757966,1.493131,-0.688541
1.761473,1.500731,-0.702134
1.762935,1.493423,-0.700965
1.765273,1.501608,-0.698772
1.763519,1.503069,-0.698626
1.765273,1.497808,-0.699503
1.76615,1.498392,-0.683134
1.770535,1.496054,-0.699503
1.764104,1.500146,-0.685911
1.764689,1.491669,-0.685034
1.765273,1.495469,-0.697895
1.762058,1.493423,-0.691172
1.761181,1.496931,-0.686057
1.772289,1.490208,-0.684303
1.766735,1.491084,-0.68898
1.759427,1.483777,-0.69468
1.767612,1.488746,-0.68708
1.763519,1.4905,-0.69088
1.765273,1.489331,-0.69848
1.761473,1.4943,-0.68708
1.76995,1.484069,-0.683572
1.774335,1.489623,-0.687226
1.775212,1.489915,-0.688688
1.781935,1.486408,-0.679041
1.777843,1.491377,-0.687518
1.773458,1.487577,-0.67568
1.770827,1.476761,-0.692049
1.779597,1.475592,-0.681672
1.775504,1.487869,-0.678895
1.77755,1.487284,-0.671003
1.780181,1.48553,-0.679626
1.776381,1.484361,-0.678603
1.783397,1.482607,-0.672172
1.786027,1.4829,-0.671733
1.77872,1.478515,-0.66998
1.78135,1.475884,-0.672464
1.782227,1.479977,-0.671587
1.781058,1.484946,-0.661941
1.791289,1.471207,-0.684595
1.78632,1.473838,-0.660626
1.789828,1.466238,-0.672756
1.784274,1.473546,-0.656825
1.787489,1.473838,-0.662087
1.78135,1.466823,-0.669103
1.784858,1.468284,-0.675241
1.787781,1.468869,-0.673195
1.782227,1.469746,-0.662233
1.782227,1.469161,-0.656241
1.776966,1.463607,-0.658141
1.783104,1.455715,-0.652733
1.788951,1.464776,-0.654341
1.788951,1.456884,-0.66501
1.788951,1.46273,-0.656387
1.79392,1.453961,-0.661356
1.783397,1.451915,-0.653902
1.788658,1.451915,-0.649956
1.781935,1.45513,-0.650979
1.790704,1.453961,-0.644695
1.791874,1.451915,-0.654779
1.790412,1.456299,-0.647764
1.785443,1.453961,-0.63344
1.78252,1.452207,-0.64981
1.785735,1.448407,-0.647033
1.79392,1.439345,-0.638264
1.793335,1.452499,-0.633879
1.790704,1.442268,-0.634902
1.797135,1.447238,-0.65171
1.795966,1.450453,-0.645133
1.794505,1.442268,-0.632125
1.789243,1.441391,-0.635487
1.795381,1.445192,-0.630225
1.800643,1.438176,-0.633148
1.803859,1.435838,-0.632271
1.795089,1.440222,-0.626717
1.793628,1.442853,-0.625256
1.79012,1.440222,-0.625694
1.791289,1.443438,-0.622333
1.789243,1.434376,-0.626717
1.787489,1.429407,-0.626279
1.791874,1.427653,-0.630664
1.786904,1.429407,-0.634464
1.788074,1.426484,-0.632417
1.791581,1.431453,-0.634317
1.789535,1.425314,-0.636217
1.791289,1.420345,-0.623794
1.799182,1.422976,-0.632125
1.798012,1.425606,-0.626279
1.797135,1.419468,-0.623356
1.795966,1.422976,-0.616779
1.798597,1.421806,-0.622479
1.792458,1.424145,-0.619117
1.796551,1.414206,-0.622479
1.79392,1.416837,-0.622771
1.789243,1.418591,-0.616779
1.788366,1.42356,-0.619117
1.792166,1.416545,-0.61444
1.792458,1.415376,-0.607132
1.789535,1.42356,-0.612102
1.789243,1.421514,-0.615609
1.791289,1.411868,-0.611079
1.788074,1.415668,-0.616048
1.786904,1.415083,-0.614002
1.792166,1.415376,-0.620871
1.790997,1.417422,-0.619117
1.786904,1.418591,-0.603771
1.794212,1.415668,-0.610494
1.784274,1.418299,-0.611371
1.788951,1.418299,-0.611809
1.789828,1.418299,-0.614294
1.787197,1.41216,-0.611663
1.788658,1.41596,-0.611809
1.786904,1.408068,-0.60304
1.779012,1.408652,-0.616779
1.785443,1.41216,-0.614586
1.784566,1.404268,-0.605086
1.781058,1.415376,-0.601871
1.783397,1.409822,-0.600994
1.776089,1.409237,-0.610056
1.78135,1.411868,-0.620286
1.779597,1.404268,-0.606255
1.783104,1.411576,-0.612394
1.785443,1.405437,-0.611225
1.78135,1.409529,-0.607571
1.783689,1.406314,-0.60874
1.784858,1.402222,-0.607863
1.780181,1.40456,-0.602894
1.793335,1.404852,-0.603625
1.779597,1.404852,-0.603186
1.780181,1.407483,-0.60304
1.776673,1.409237,-0.608302
1.771996,1.403683,-0.605525
1.769073,1.407483,-0.608448
1.771412,1.409237,-0.602455
1.779012,1.407191,-0.598801
1.77375,1.409822,-0.611371
1.777843,1.403975,-0.606986
1.769073,1.401345,-0.603332
1.775504,1.398714,-0.606694
1.767904,1.406314,-0.603478
1.763227,1.403975,-0.603917
1.764396,1.414791,-0.611225
1.763227,1.406022,-0.604355
1.765273,1.407776,-0.602163
1.768781,1.409822,-0.616925
1.767904,1.409237,-0.59924
1.766443,1.410699,-0.60684
1.768489,1.41216,-0.614002
1.764104,1.408945,-0.615025
1.768196,1.406606,-0.607571
1.763812,1.403098,-0.619702
1.755335,1.406022,-0.619556
1.760889,1.405145,-0.62204
1.757966,1.418299,-0.615317
1.762935,1.411868,-0.610494
1.755335,1.420637,-0.613856
1.759135,1.423853,-0.62321
1.767319,1.413037,-0.620433
1.766443,1.409529,-0.616486
1.760596,1.40836,-0.621748
1.757089,1.413329,-0.611517
1.759135,1.41596,-0.622186
1.750073,1.413037,-0.632564
1.752996,1.421806,-0.624963
1.75475,1.415668,-0.623063
1.755919,1.418883,-0.625548
1.752704,1.417714,-0.627448
1.762643,1.418299,-0.621456
1.756212,1.42093,-0.621456
1.753873,1.425899,-0.628471
1.758842,1.422099,-0.617363
1.754165,1.425314,-0.62511
1.752996,1.430284,-0.62511
1.752119,1.453084,-0.617802
1.752704,1.425314,-0.624817
1.747442,1.425022,-0.62701
1.748612,1.428237,-0.627594
1.743058,1.427653,-0.627302
1.753581,1.42093,-0.623502
1.748027,1.440222,-0.636948
1.741596,1.431745,-0.634756
1.745981,1.430868,-0.627594
1.739842,1.42853,-0.629202
1.753289,1.432622,-0.621894
1.744227,1.433499,-0.631394
1.749781,1.433791,-0.634317
1.741596,1.428822,-0.627302
1.740134,1.431453,-0.64411
1.748027,1.428822,-0.633879
1.735165,1.439345,-0.637241
1.736334,1.43993,-0.642356
1.740134,1.444022,-0.647325
1.73575,1.445484,-0.64981
1.736627,1.438468,-0.637387
1.733119,1.439638,-0.64411
1.735165,1.450161,-0.646156
1.729027,1.446068,-0.660333
1.732827,1.445484,-0.640602
1.731657,1.445484,-0.645133
1.728734,1.452792,-0.652733
1.728734,1.451038,-0.652441
1.734581,1.457176,-0.652733
1.729319,1.460684,-0.651418
1.726688,1.453961,-0.650833
1.729027,1.450745,-0.657118
1.725227,1.455422,-0.668956
1.729611,1.463607,-0.666179
1.731365,1.464192,-0.66881
1.729319,1.463315,-0.66691
1.739258,1.464776,-0.654487
1.724934,1.464484,-0.663695
1.730196,1.470038,-0.667203
1.726688,1.464192,-0.66881
1.729904,1.463315,-0.674364
1.727857,1.4715,-0.67948
1.730488,1.474423,-0.679918
1.730488,1.47413,-0.673487
1.727857,1.474423,-0.672318
1.723765,1.47033,-0.684011
1.725811,1.47413,-0.673926
1.725519,1.475884,-0.675826
1.730488,1.480269,-0.674803
1.734288,1.481146,-0.67758
1.731073,1.480269,-0.681818
1.74335,1.485238,-0.690588
1.73575,1.486115,-0.685034
1.729611,1.485238,-0.680795
1.736042,1.481438,-0.686641
1.73078,1.489623,-0.68518
1.733411,1.489623,-0.688688
1.73575,1.486408,-0.689564
1.736334,1.493423,-0.693072
1.743642,1.495177,-0.685034
1.740427,1.493715,-0.691172
1.744811,1.484361,-0.691318
1.736334,1.493715,-0.681672
1.731657,1.494008,-0.696726
1.731073,1.491084,-0.687226
1.737504,1.500731,-0.688541
1.738088,1.502777,-0.696288
1.740134,1.503362,-0.692341
1.749488,1.494008,-0.700965
1.738381,1.497808,-0.693949
1.748319,1.501608,-0.701403
1.745688,1.494592,-0.701403
1.737504,1.507162,-0.688395
1.745104,1.499269,-0.694534
1.752996,1.509208,-0.696288
1.737796,1.498685,-0.69088
1.746565,1.502777,-0.69088
1.753289,1.499562,-0.700965
1.753873,1.500146,-0.694826
1.754458,1.497808,-0.690441
1.748904,1.489915,-0.693218
1.752996,1.4943,-0.706665
1.753289,1.504531,-0.690003
1.748904,1.503654,-0.691318
1.752996,1.500146,-0.693949
1.758842,1.503654,-0.695703
1.794505,1.499562,-0.682403
1.754165,1.4981,-0.699065
1.762058,1.503069,-0.699357
1.763519,1.508623,-0.696872
1.759719,1.501608,-0.698626
1.761473,1.501315,-0.698334
1.764104,1.502485,-0.695557
1.76615,1.500438,-0.697311
1.764689,1.498977,-0.700088
1.772289,1.495762,-0.693365
1.761766,1.502192,-0.702572
1.764396,1.5019,-0.691611
1.76235,1.492546,-0.691464
1.764981,1.497808,-0.700088
1.767612,1.493715,-0.693949
1.764689,1.493715,-0.691026
1.767027,1.503654,-0.695849
1.770243,1.496346,-0.691464
1.774335,1.491084,-0.693365
1.773458,1.491961,-0.688541
1.775504,1.492546,-0.689711
1.779012,1.488454,-0.690441
1.771704,1.491084,-0.69658
1.772581,1.491669,-0.69278
1.769658,1.490792,-0.68518
1.775504,1.487284,-0.689711
1.775797,1.48553,-0.68211
1.776089,1.487869,-0.685764
1.784274,1.487577,-0.673487
1.776673,1.490208,-0.67378
1.781643,1.491377,-0.685034
1.780474,1.4829,-0.679041
1.778135,1.493423,-0.66311
1.783397,1.483484,-0.66998
1.790704,1.478807,-0.671149
1.783104,1.484069,-0.669541
1.783689,1.488454,-0.676118
1.779012,1.48173,-0.675241
1.790704,1.477638,-0.671441
1.792166,1.480269,-0.66881
1.782227,1.478223,-0.675533
1.791289,1.473253,-0.685618
1.790997,1.476177,-0.679187
1.794212,1.471792,-0.685034
1.788658,1.473838,-0.680503
1.786612,1.482607,-0.67568
1.791289,1.4791,-0.662379
1.794212,1.471792,-0.667349
1.783981,1.473253,-0.668226
1.795674,1.47413,-0.673633
1.795089,1.466823,-0.659749
1.792166,1.466823,-0.663987
1.793043,1.463022,-0.659749
1.79772,1.463607,-0.665741
1.798597,1.46653,-0.655656
1.798305,1.463899,-0.649518
1.792166,1.463899,-0.652002
1.796843,1.460099,-0.65361
1.800935,1.447822,-0.655656
1.797428,1.457761,-0.65171
1.791874,1.449284,-0.650102
1.795381,1.454253,-0.651125
1.793043,1.456592,-0.653756
1.799182,1.450745,-0.649225
1.798889,1.455422,-0.650541
1.793335,1.446945,-0.660772
1.793628,1.441099,-0.655364
1.795381,1.43993,-0.646741
1.800935,1.44753,-0.648056
1.798012,1.43993,-0.649956
1.79772,1.446945,-0.642356
1.798597,1.441391,-0.645571
1.800058,1.442268,-0.643964
1.799182,1.446945,-0.634756
1.799182,1.439053,-0.640748
1.797135,1.441684,-0.642648
1.795089,1.435253,-0.643671
1.796258,1.438761,-0.645571
1.790997,1.432914,-0.639871
1.799182,1.426776,-0.642941
1.798305,1.437884,-0.641333
1.804151,1.438761,-0.635194
1.797135,1.43993,-0.639579
1.798597,1.428237,-0.633294
1.80152,1.428822,-0.638702
1.804443,1.427653,-0.633733
1.804151,1.42093,-0.632417
1.765858,1.423853,-0.625694
1.798305,1.418591,-0.631687
1.804443,1.420637,-0.632417
1.797428,1.426484,-0.622917
1.797135,1.416837,-0.630664
1.801812,1.427945,-0.63841
1.801812,1.422976,-0.627156
1.794212,1.422976,-0.628763
1.798305,1.428237,-0.630517
1.797135,1.426484,-0.615756
1.798305,1.422683,-0.633148
1.800058,1.422391,-0.62321
1.799182,1.42473,-0.622333
1.795966,1.413037,-0.626425
1.80152,1.421514,-0.619117
1.796551,1.41976,-0.615317
1.795966,1.410991,-0.61824
1.790412,1.415668,-0.62204
1.799182,1.419176,-0.609763
1.798012,1.416837,-0.624671
1.796551,1.410114,-0.624086
1.791874,1.416545,-0.617217
1.793628,1.413037,-0.619848
1.792458,1.409237,-0.613856
1.797135,1.418591,-0.613709
1.795381,1.407776,-0.605232
1.794212,1.418299,-0.610348
1.787781,1.412745,-0.606109
1.783397,1.409529,-0.609325
1.790412,1.411868,-0.612394
1.791581,1.408652,-0.609032
1.788951,1.415376,-0.613709
1.791289,1.413329,-0.603917
1.787489,1.416545,-0.612832
1.788074,1.416837,-0.615317
1.794797,1.416253,-0.614733
1.786027,1.415668,-0.618386
1.783981,1.412745,-0.600263
1.786027,1.408945,-0.603186
1.788951,1.408652,-0.614294
1.783104,1.418883,-0.605525
1.785151,1.407483,-0.607425
1.77872,1.409529,-0.608594
1.78252,1.413037,-0.609763
1.77755,1.420637,-0.608886
1.781058,1.412452,-0.615756
1.784858,1.401345,-0.60874
1.77872,1.407776,-0.603917
1.77872,1.416545,-0.605525
1.770535,1.406899,-0.607863
1.783689,1.413622,-0.610348
1.767612,1.411283,-0.612102
1.780766,1.407776,-0.601286
1.776673,1.408068,-0.609763
1.771704,1.406606,-0.608886
1.776966,1.406606,-0.601432
1.772289,1.398129,-0.608448
1.77112,1.420637,-0.619994
1.76995,1.454253,-0.641333
1.772289,1.489038,-0.66311
1.778427,1.505116,-0.69278
1.791874,1.517977,-0.72318
1.813213,1.508623,-0.742181
1.817889,1.484654,-0.757819
1.828997,1.4791,-0.771996
1.838644,1.473253,-0.762789
1.845659,1.451038,-0.764689
1.85209,1.429407,-0.77112
1.854721,1.406899,-0.755919
1.864367,1.391991,-0.747296
1.864075,1.372113,-0.745542
1.864952,1.35779,-0.72888
1.871383,1.336451,-0.731365
1.883952,1.325636,-0.735896
1.875767,1.320082,-0.719819
1.868752,1.303128,-0.717042
1.874598,1.292312,-0.724934
1.87226,1.285589,-0.710026
1.880737,1.286174,-0.698918
1.874598,1.272435,-0.701842
1.878398,1.272727,-0.705642
1.877521,1.251681,-0.70228
1.883075,1.247588,-0.697603
1.881321,1.252265,-0.701111
1.874306,1.242619,-0.690734
1.87606,1.242327,-0.692926
1.875767,1.238527,-0.689564
1.878983,1.240573,-0.681818
1.876352,1.24145,-0.680941
1.874598,1.231804,-0.692195
1.876644,1.229173,-0.687226
1.869921,1.22245,-0.689711
1.875475,1.222157,-0.682257
1.871383,1.220988,-0.677872
1.878983,1.217188,-0.684741
1.873429,1.224496,-0.679626
1.870798,1.222157,-0.663987
1.877521,1.21865,-0.674949
1.885706,1.213973,-0.672026
1.884537,1.219526,-0.681234
1.882783,1.214265,-0.676118
1.878398,1.213973,-0.675387
1.878398,1.215434,-0.666618
1.878106,1.201988,-0.674657
1.877229,1.197311,-0.67071
1.881029,1.205203,-0.66311
1.877229,1.205495,-0.669833
1.881321,1.205203,-0.667349
1.883952,1.202572,-0.660333
1.876644,1.204034,-0.669103
1.881029,1.204034,-0.675533
1.875183,1.197311,-0.666326
1.873721,1.19088,-0.664279
1.87606,1.197895,-0.660333
1.883075,1.192049,-0.668664
1.882198,1.190003,-0.65551
1.878106,1.159895,-0.660772
1.870213,1.192341,-0.659602
1.877813,1.190588,-0.65551
1.880152,1.190588,-0.653464
1.883367,1.188541,-0.649079
1.879567,1.185326,-0.660626
1.885414,1.192926,-0.660479
1.885121,1.192634,-0.656095
1.87986,1.188541,-0.652441
1.873721,1.186787,-0.652002
1.876937,1.179772,-0.650833
1.878106,1.178603,-0.650395
1.879567,1.180941,-0.650979
1.87869,1.178895,-0.640018
1.880444,1.179187,-0.645718
1.883075,1.181234,-0.647618
1.878398,1.185034,-0.643964
1.874013,1.176557,-0.650102
1.884829,1.184449,-0.655364
1.883367,1.175095,-0.64031
1.880444,1.176849,-0.636948
1.883367,1.180649,-0.644695
1.87869,1.174218,-0.650833
1.878983,1.172757,-0.643233
1.87869,1.174803,-0.64411
1.883952,1.172757,-0.650687
1.885414,1.171295,-0.644548
1.87869,1.172172,-0.648641
1.87986,1.176557,-0.640748
1.882783,1.17188,-0.626279
1.874598,1.174218,-0.633587
1.88366,1.171295,-0.64601
1.878106,1.167203,-0.639725
1.87606,1.165741,-0.631979
1.87226,1.168956,-0.635925
1.868752,1.164864,-0.634902
1.87489,1.165741,-0.64031
1.874598,1.169541,-0.646595
1.865829,1.15931,-0.636071
1.871675,1.161941,-0.63081
1.871967,1.162526,-0.632271
1.866706,1.15931,-0.623356
1.872552,1.16691,-0.630225
1.880444,1.162818,-0.637825
1.87109,1.156972,-0.635194
1.869336,1.165156,-0.66311
1.865244,1.156679,-0.637387
1.862321,1.166033,-0.642502
1.869044,1.164572,-0.641333
1.869336,1.164279,-0.630225
1.872844,1.158726,-0.634902
1.867583,1.160479,-0.628033
1.859105,1.155218,-0.63081
1.865244,1.154925,-0.624671
1.850921,1.161356,-0.646595
1.853259,1.159602,-0.635487
1.854136,1.157849,-0.639579
1.860567,1.166326,-0.637971
1.859105,1.166618,-0.639433
1.856182,1.165156,-0.637679
1.856767,1.160772,-0.631833
1.859105,1.165741,-0.630517
1.859982,1.162233,-0.63344
1.865244,1.162526,-0.616779
1.862029,1.162233,-0.631248
1.854429,1.15551,-0.643671
1.855013,1.165449,-0.621748
1.851213,1.161941,-0.627302
1.845659,1.16311,-0.638848
1.851213,1.162818,-0.62584
1.849167,1.163987,-0.63461
1.850044,1.167787,-0.626133
1.84069,1.165449,-0.630225
1.846536,1.166033,-0.633587
1.846244,1.172757,-0.637094
1.847998,1.168079,-0.630371
1.845659,1.171295,-0.626571
1.84449,1.175095,-0.632125
1.843905,1.171003,-0.654195
1.847413,1.168956,-0.641333
1.839813,1.173926,-0.643233
1.837182,1.173341,-0.642356
1.835721,1.175387,-0.653318
1.833674,1.171295,-0.648787
1.836013,1.176849,-0.65171
1.843028,1.182695,-0.64981
1.842736,1.179187,-0.643964
1.843905,1.186203,-0.641771
1.837182,1.183572,-0.641625
1.82929,1.182695,-0.641479
1.833967,1.178018,-0.641041
1.838059,1.175972,-0.646887
1.840398,1.179772,-0.647033
1.834844,1.177433,-0.650833
1.833674,1.186203,-0.64411
1.831628,1.184449,-0.655364
1.831921,1.190003,-0.650833
1.832213,1.185618,-0.656825
1.835428,1.186203,-0.656972
1.827828,1.190295,-0.654341
1.826367,1.193511,-0.654633
1.831044,1.192049,-0.656095
1.827828,1.196726,-0.664864
1.820813,1.188541,-0.658872
1.826951,1.188541,-0.663841
1.827536,1.196141,-0.664133
1.827828,1.200234,-0.658579
1.825782,1.198772,-0.658287
1.822567,1.192341,-0.665887
1.826951,1.192926,-0.656387
1.833967,1.197018,-0.661502
1.821105,1.195557,-0.666472
1.823736,1.192341,-0.657264
1.817889,1.19468,-0.666326
1.82812,1.204911,-0.666326
1.817305,1.20608,-0.659164
1.82432,1.193511,-0.671733
1.82169,1.203449,-0.657118
1.822567,1.212219,-0.668226
1.82052,1.206665,-0.673341
1.830167,1.201403,-0.669833
1.820813,1.206665,-0.682549
1.822274,1.212511,-0.671003
1.818474,1.208126,-0.674072
1.82549,1.203157,-0.663256
1.827243,1.214849,-0.671295
1.826074,1.215726,-0.680795
1.817305,1.219526,-0.678457
1.823736,1.212511,-0.680503
1.823736,1.214849,-0.689418
1.828997,1.216311,-0.687811
1.823736,1.214265,-0.67948
1.825197,1.220696,-0.68518
1.82432,1.211926,-0.684741
1.817889,1.221865,-0.683134
1.82549,1.220111,-0.688834
1.822274,1.220403,-0.690588
1.824028,1.219234,-0.688395
1.828705,1.22508,-0.676264
1.821105,1.225373,-0.68708
1.817889,1.228004,-0.683134
1.819059,1.232096,-0.692634
1.822859,1.231511,-0.692634
1.823736,1.237357,-0.689564
1.820813,1.231219,-0.701549
1.82549,1.234142,-0.699357
1.826074,1.224203,-0.691318
1.818766,1.236481,-0.695118
1.821397,1.229757,-0.697603
1.81672,1.230927,-0.701842
1.824613,1.235604,-0.701257
1.82549,1.237357,-0.706372
1.817889,1.232096,-0.699503
1.818182,1.237065,-0.701988
1.824028,1.236773,-0.70228
1.826659,1.235019,-0.714265
1.82052,1.242034,-0.707103
1.819936,1.237357,-0.71748
1.826951,1.24145,-0.70418
1.830459,1.234142,-0.705057
1.831044,1.24525,-0.706226
1.828705,1.240281,-0.709003
1.829874,1.241742,-0.697603
1.830167,1.244958,-0.707249
1.822567,1.240865,-0.713826
1.82812,1.242327,-0.712657
1.829582,1.246127,-0.709149
1.829874,1.245835,-0.715873
1.828705,1.242619,-0.712072
1.831336,1.251096,-0.706957
1.82929,1.251973,-0.711634
1.82812,1.247004,-0.712511
1.830751,1.246419,-0.721573
1.831336,1.245542,-0.719673
1.827243,1.244373,-0.709296
1.828413,1.245835,-0.72055
1.832213,1.24905,-0.72245
1.82549,1.240281,-0.715873
1.835721,1.253142,-0.725811
1.822567,1.247588,-0.706811
1.830167,1.246127,-0.716019
1.82812,1.256065,-0.715288
1.837182,1.248465,-0.714411
1.842151,1.249635,-0.714996
1.839813,1.245542,-0.722742
1.839813,1.244081,-0.714411
1.837474,1.245835,-0.710757
1.830751,1.253435,-0.716165
1.835136,1.254019,-0.712072
1.843613,1.253435,-0.717334
1.845659,1.24525,-0.723473
1.838351,1.242911,-0.720696
1.837767,1.247588,-0.718357
1.842736,1.246711,-0.723327
1.843905,1.25285,-0.721719
1.84069,1.243788,-0.715726
1.843613,1.248758,-0.724057
1.844782,1.246127,-0.709296
1.847705,1.248173,-0.71178
1.837474,1.245835,-0.708272
1.845951,1.251973,-0.712803
1.84829,1.251388,-0.701695
1.845951,1.249635,-0.712365
1.843613,1.243496,-0.698918
1.850044,1.245835,-0.70608
1.852382,1.239696,-0.701257
1.852382,1.246127,-0.70228
1.850336,1.242327,-0.700672
1.854136,1.239404,-0.703888
1.842151,1.24525,-0.704911
1.850628,1.239696,-0.694972
1.854429,1.231511,-0.702426
1.856767,1.238527,-0.698041
1.852675,1.239696,-0.712365
1.850921,1.239696,-0.709588
1.849752,1.235604,-0.701695
1.855013,1.235604,-0.709149
1.858813,1.239988,-0.69658
1.858521,1.235604,-0.701549
1.862321,1.245542,-0.689272
1.864952,1.244958,-0.699357
1.869921,1.240573,-0.689418
1.869044,1.232388,-0.691903
1.871967,1.238234,-0.689564
1.866998,1.225957,-0.691611
1.860567,1.234142,-0.701403
1.869629,1.22888,-0.681964
1.869629,1.23385,-0.682841
1.87226,1.232388,-0.704034
1.873137,1.22625,-0.681234
1.875767,1.233265,-0.691464
1.869044,1.226834,-0.693511
1.864659,1.231219,-0.689272
1.877521,1.228296,-0.688834
1.872844,1.222157,-0.686203
1.874306,1.228588,-0.686641
1.87489,1.227711,-0.685472
1.869044,1.22508,-0.678749
1.876352,1.223619,-0.688249
1.868752,1.21865,-0.688541
1.865829,1.221865,-0.679772
1.870798,1.219819,-0.669541
1.876937,1.21865,-0.671587
1.87226,1.220111,-0.675826
1.871967,1.214557,-0.682549
1.876352,1.213388,-0.668956
1.87489,1.210172,-0.676849
1.874306,1.208711,-0.673049
1.871675,1.207834,-0.667787
1.873429,1.211342,-0.668079
1.876644,1.208711,-0.672756
1.872552,1.20988,-0.674949
1.876352,1.201695,-0.675826
1.869921,1.206665,-0.66998
1.875183,1.199942,-0.665887
1.878398,1.20608,-0.67568
1.879275,1.206957,-0.67948
1.882491,1.207834,-0.664426
1.876937,1.189711,-0.675095
1.880737,1.192341,-0.669103
1.876644,1.195265,-0.670564
1.880444,1.199942,-0.672026
1.885998,1.195849,-0.659895
1.878398,1.199357,-0.661064
1.876352,1.212511,-0.66121
1.878398,1.196141,-0.655364
1.881029,1.191465,-0.648348
1.878106,1.195557,-0.653172
1.87986,1.196434,-0.643964
1.875767,1.191172,-0.642064
1.87489,1.190003,-0.658433
1.878106,1.192926,-0.656387
1.877521,1.189418,-0.660772
1.881906,1.176264,-0.64791
1.878398,1.190588,-0.646595
1.872552,1.186495,-0.633733
1.871383,1.182111,-0.648348
1.875475,1.182111,-0.640164
1.877813,1.182111,-0.641041
1.866121,1.170126,-0.643671
1.873429,1.176557,-0.638994
1.881906,1.175095,-0.647033
1.87606,1.173633,-0.648641
1.866706,1.177726,-0.637825
1.876644,1.175095,-0.638994
1.87226,1.17948,-0.642648
1.87986,1.175387,-0.645571
1.871383,1.175972,-0.639579
1.871383,1.174803,-0.634464
1.880444,1.175972,-0.634756
1.870213,1.173633,-0.632271
1.877813,1.173049,-0.628325
1.874306,1.168372,-0.634902
1.875475,1.172757,-0.630517
1.871383,1.168956,-0.62964
1.880737,1.170126,-0.628179
1.871383,1.175387,-0.638848
1.869044,1.161064,-0.627156
1.868167,1.163695,-0.626863
1.871383,1.16691,-0.629202
1.868459,1.161356,-0.629202
1.866121,1.169249,-0.635633
1.870798,1.158726,-0.668664
1.862029,1.163987,-0.631979
1.871383,1.164572,-0.632125
1.865244,1.171295,-0.62701
1.862906,1.16691,-0.640018
1.866121,1.166618,-0.629056
1.860275,1.163987,-0.627594
1.85969,1.165449,-0.632417
1.866706,1.164572,-0.631248
1.869044,1.16691,-0.631687
1.853552,1.164279,-0.624963
1.864075,1.168664,-0.631687
1.859105,1.158141,-0.631687
1.859982,1.159018,-0.638702
1.863198,1.157849,-0.622479
1.865536,1.158433,-0.63841
1.865829,1.159895,-0.628471
1.866121,1.159602,-0.626133
1.859105,1.163403,-0.635925
1.855305,1.168372,-0.631979
1.859105,1.167203,-0.628033
1.860275,1.160187,-0.633879
1.858229,1.160479,-0.630371
1.852967,1.161356,-0.628033
1.859982,1.167787,-0.631248
1.847121,1.163403,-0.629787
1.854429,1.163987,-0.634317
1.847998,1.17071,-0.632271
1.850044,1.173633,-0.64031
1.855598,1.166326,-0.631102
1.847705,1.168372,-0.621017
1.855013,1.166326,-0.624086
1.850628,1.160187,-0.632564
1.85209,1.162526,-0.63651
1.840982,1.167495,-0.629202
1.840398,1.168079,-0.629787
1.851505,1.167495,-0.632564
1.842151,1.161356,-0.630371
1.849752,1.171003,-0.63461
1.835428,1.167787,-0.63344
1.842736,1.168079,-0.635925
1.84449,1.16691,-0.639871
1.843028,1.171003,-0.641479
1.841567,1.171003,-0.64221
1.842444,1.173633,-0.644987
1.836305,1.175972,-0.632564
1.803274,1.174218,-0.634464
1.832213,1.173341,-0.641771
1.836013,1.181526,-0.640894
1.838351,1.17948,-0.641479
1.833967,1.174803,-0.636364
1.832213,1.168956,-0.638848
1.842151,1.177141,-0.643087
1.83309,1.173633,-0.648348
1.830459,1.177141,-0.64031
1.834844,1.184741,-0.648348
1.832505,1.181234,-0.654195
1.831336,1.184741,-0.643233
1.839813,1.186203,-0.664426
1.832797,1.185326,-0.657264
1.835136,1.182695,-0.643964
1.833382,1.180357,-0.649664
1.833382,1.185618,-0.645864
1.832213,1.182403,-0.647618
1.829582,1.184449,-0.656825
1.833382,1.191465,-0.653756
1.82929,1.191172,-0.651856
1.831628,1.185911,-0.652441
1.831336,1.192049,-0.661064
1.832797,1.197603,-0.663987
1.830167,1.194972,-0.659164
1.821105,1.206665,-0.65171
1.825197,1.197895,-0.658141
1.82812,1.204034,-0.658726
1.82169,1.201695,-0.665449
1.826659,1.197018,-0.661795
1.829582,1.204911,-0.66501
1.817597,1.205495,-0.667495
1.827536,1.204911,-0.660918
1.823443,1.201695,-0.675972
1.82432,1.208419,-0.707834
1.827536,1.202572,-0.671149
1.826367,1.199649,-0.676264
1.822567,1.20608,-0.670126
1.824613,1.201403,-0.675095
1.828705,1.213388,-0.665887
1.819351,1.213096,-0.67641
1.822859,1.213096,-0.67948
1.821105,1.213388,-0.674364
1.818474,1.213973,-0.680941
1.820813,1.216311,-0.674072
1.824613,1.211926,-0.675387
1.820813,1.216603,-0.680357
1.82432,1.217188,-0.684595
1.823443,1.219234,-0.670126
1.824613,1.221865,-0.685326
1.819351,1.220111,-0.674364
1.821105,1.222742,-0.683426
1.82432,1.225957,-0.683572
1.823151,1.225665,-0.694241
1.827536,1.224496,-0.686934
1.823736,1.224496,-0.681964
1.817597,1.22128,-0.680064
1.82169,1.225373,-0.676557
1.824613,1.233557,-0.693657
1.816428,1.227127,-0.689418
1.817597,1.230927,-0.69468
1.816136,1.229173,-0.687664
1.823151,1.234142,-0.693949
1.823736,1.235311,-0.692049
1.81672,1.230927,-0.694972
1.812628,1.228004,-0.703157
1.819936,1.229465,-0.690441
1.819643,1.237065,-0.69088
1.823151,1.239111,-0.699942
1.82052,1.235896,-0.695265
1.824028,1.244958,-0.703303
1.821105,1.243496,-0.699649
1.824905,1.240865,-0.70228
1.822567,1.237065,-0.696872
1.828705,1.241158,-0.70038
1.82929,1.240573,-0.699357
1.829874,1.24905,-0.695995
1.830459,1.242327,-0.697457
1.830751,1.246127,-0.696288
1.824028,1.24525,-0.700672
1.82169,1.239404,-0.702426
1.821105,1.245835,-0.701988
1.824028,1.241158,-0.702572
1.829874,1.239988,-0.708419
1.835428,1.246419,-0.695557
1.831336,1.248173,-0.704765
1.831336,1.249635,-0.715142
1.831628,1.246419,-0.701988
1.82549,1.251681,-0.713973
1.834551,1.251388,-0.701842
1.829874,1.245835,-0.707834
1.826951,1.249635,-0.720403
1.82812,1.249635,-0.705349
1.83309,1.247004,-0.710757
1.833674,1.253435,-0.721573
1.827243,1.254896,-0.706811
1.83689,1.25285,-0.712803
1.834844,1.254604,-0.703742
1.830459,1.252265,-0.706811
1.838059,1.250219,-0.704326
1.835136,1.248758,-0.703888
1.833967,1.250804,-0.708857
1.835721,1.254019,-0.714265
1.838936,1.246419,-0.720257
1.838351,1.256065,-0.712511
1.83689,1.248173,-0.713534
1.839521,1.252558,-0.710757
1.845367,1.249635,-0.712949
1.841859,1.253727,-0.709442
1.842736,1.248758,-0.720403
1.841567,1.257527,-0.71748
1.845951,1.255773,-0.723327
1.842151,1.251973,-0.712365
1.844782,1.256358,-0.713826
1.844782,1.251096,-0.709149
1.852382,1.255481,-0.691757
1.852967,1.253435,-0.701257
1.857059,1.253435,-0.717188
1.853259,1.242619,-0.691611
1.849752,1.248758,-0.709734
1.848582,1.275358,-0.722157
1.850921,1.30722,-0.751681
1.845659,1.369483,-0.768927
1.837767,1.411868,-0.771558
1.82929,1.437591,-0.769512
1.824613,1.485823,-0.757527
1.817305,1.503654,-0.744665
1.811459,1.507746,-0.739842
1.811751,1.51827,-0.719526
1.804735,1.510962,-0.716311
1.797135,1.503654,-0.69278
1.794212,1.491377,-0.676995
1.788074,1.491961,-0.67568
1.779012,1.477346,-0.655656
1.783981,1.46653,-0.652441
1.777843,1.45893,-0.645425
1.766735,1.448992,-0.646156
1.767612,1.434376,-0.624671
1.765566,1.425314,-0.618825
1.762643,1.409237,-0.618825
1.76235,1.400468,-0.611225
1.752119,1.388483,-0.604063
1.744227,1.387606,-0.602894
1.741596,1.373283,-0.604502
1.748319,1.36656,-0.609179
1.731073,1.37036,-0.604648
1.736042,1.362175,-0.605232
1.743935,1.359836,-0.617217
1.733704,1.358082,-0.606402
1.732534,1.357498,-0.619263
1.724057,1.35779,-0.619702
1.729611,1.346975,-0.620725
1.726103,1.348144,-0.620725
1.721134,1.348144,-0.621894
1.718211,1.349313,-0.622771
1.717919,1.343759,-0.626425
1.726688,1.351652,-0.625402
1.721134,1.357206,-0.637241
1.714996,1.341421,-0.637825
1.72055,1.351944,-0.629202
1.718211,1.346975,-0.639433
1.710611,1.353405,-0.638994
1.710026,1.347559,-0.647764
1.716457,1.347559,-0.654633
1.709149,1.351359,-0.654195
1.706519,1.359836,-0.665595
1.707688,1.356329,-0.673049
1.70418,1.355159,-0.664718
1.700965,1.35779,-0.672318
1.702718,1.362175,-0.674803
1.698042,1.37299,-0.676995
1.708857,1.377375,-0.679626
1.695411,1.37299,-0.679041
1.703595,1.380298,-0.689711
1.697457,1.380006,-0.693657
1.703011,1.377667,-0.69848
1.695703,1.382637,-0.708419
1.702134,1.394329,-0.705788
1.693365,1.388483,-0.710026
1.695703,1.397545,-0.699211
1.69278,1.395206,-0.710611
1.696872,1.395498,-0.712803
1.693072,1.406022,-0.712072
1.697749,1.406899,-0.726542
1.697165,1.405145,-0.718942
1.702134,1.416837,-0.724642
1.691903,1.415083,-0.72245
1.700965,1.418006,-0.74335
1.696872,1.42473,-0.737796
1.702718,1.431453,-0.751242
1.693949,1.425022,-0.741888
1.694826,1.429407,-0.742181
1.70038,1.433791,-0.742473
1.698626,1.441391,-0.746273
1.704765,1.441976,-0.761181
1.703888,1.45133,-0.757819
1.703888,1.453961,-0.754458
1.699211,1.448992,-0.777989
1.695995,1.456299,-0.772873
1.708565,1.466823,-0.763081
1.709442,1.463899,-0.780327
1.709442,1.46653,-0.775504
1.705934,1.467407,-0.783981
1.715288,1.460099,-0.779304
1.706811,1.480854,-0.785297
1.716457,1.473838,-0.785881
1.712365,1.483777,-0.776527
1.719965,1.481438,-0.787197
1.72318,1.482023,-0.790266
1.721719,1.4791,-0.795528
1.725227,1.488161,-0.796989
1.730196,1.4905,-0.796843
1.728442,1.489623,-0.800497
1.730488,1.491377,-0.805174
1.736042,1.493423,-0.790997
1.736919,1.496638,-0.804297
1.733411,1.497808,-0.795381
1.736334,1.496638,-0.802397
1.736919,1.498392,-0.797866
1.737796,1.4981,-0.797574
1.739258,1.499269,-0.792166
1.749781,1.513008,-0.798597
1.748612,1.503654,-0.810582
1.753289,1.5057,-0.800351
1.756796,1.507746,-0.793628
1.757673,1.51447,-0.807951
1.764104,1.517393,-0.811897
1.757089,1.513008,-0.802835
1.759719,1.508916,-0.81102
1.762643,1.513592,-0.811459
1.769658,1.507746,-0.795966
1.771412,1.508039,-0.810143
1.766735,1.512131,-0.801082
1.774335,1.507746,-0.798158
1.770827,1.511839,-0.808974
1.777843,1.512423,-0.794358
1.77755,1.505116,-0.800935
1.775212,1.4981,-0.791435
1.787781,1.508916,-0.795528
1.780474,1.503946,-0.792312
1.787781,1.503654,-0.786758
1.787489,1.503946,-0.794943
1.795674,1.498392,-0.78632
1.795966,1.4943,-0.787781
1.798889,1.502192,-0.791874
1.794212,1.501023,-0.777258
1.802689,1.4981,-0.775358
1.804443,1.503654,-0.772435
1.804443,1.4905,-0.778427
1.80912,1.495469,-0.769512
1.808828,1.490208,-0.776381
1.821982,1.48553,-0.771412
1.815259,1.486992,-0.774043
1.814674,1.482607,-0.768343
1.818766,1.485238,-0.770681
1.809705,1.478807,-0.760158
1.82052,1.484654,-0.757966
1.824613,1.477638,-0.758258
1.819059,1.478807,-0.75285
1.826951,1.467407,-0.759427
1.832213,1.471792,-0.756212
1.832213,1.4715,-0.748758
1.836597,1.466238,-0.752704
1.837474,1.464484,-0.742034
1.836597,1.469161,-0.734288
1.842736,1.46273,-0.740281
1.845367,1.458346,-0.741742
1.84069,1.457176,-0.734142
1.838644,1.45133,-0.730342
1.846828,1.440514,-0.724496
1.847998,1.445192,-0.725227
1.847705,1.447238,-0.715873
1.850336,1.439345,-0.712219
1.85969,1.438176,-0.711342
1.846536,1.432914,-0.702718
1.855013,1.433791,-0.715434
1.857644,1.432037,-0.704911
1.854429,1.422391,-0.700234
1.857352,1.423853,-0.705642
1.860567,1.421514,-0.689418
1.862321,1.422391,-0.702426
1.864952,1.41216,-0.694095
1.866121,1.415668,-0.703449
1.86729,1.410406,-0.688249
1.871967,1.411283,-0.681964
1.867583,1.408652,-0.677872
1.875767,1.403098,-0.679772
1.87109,1.403683,-0.676703
1.875475,1.398422,-0.677141
1.878983,1.38936,-0.674949
1.878983,1.391114,-0.666764
1.876352,1.385267,-0.65171
1.878106,1.387314,-0.668079
1.881614,1.381175,-0.653902
1.883952,1.374452,-0.656241
1.880737,1.36919,-0.641918
1.87986,1.362759,-0.635341
1.877521,1.362759,-0.638117
1.885998,1.349898,-0.631394
1.884537,1.355744,-0.638264
1.886291,1.353698,-0.633002
1.885998,1.352821,-0.622625
1.884537,1.345221,-0.621894
1.88746,1.349021,-0.619556
1.88366,1.346682,-0.618386
1.882491,1.341421,-0.627594
1.890968,1.340836,-0.622771
1.900029,1.335282,-0.61824
1.881029,1.32622,-0.614586
1.884244,1.332359,-0.614586
1.893014,1.322128,-0.601871
1.891845,1.325051,-0.562409
1.895937,1.318913,-0.590471
1.886875,1.313943,-0.593394
1.892721,1.313066,-0.591348
1.888629,1.308682,-0.585355
1.892429,1.309266,-0.58594
1.904414,1.310143,-0.587694
1.894183,1.299912,-0.583163
1.893891,1.296697,-0.575855
1.889214,1.299035,-0.568255
1.890091,1.292897,-0.585501
1.894475,1.286466,-0.573663
1.892721,1.285589,-0.57527
1.900322,1.287343,-0.576293
1.888629,1.27682,-0.566209
1.894768,1.275066,-0.57454
1.884244,1.274773,-0.550278
1.888044,1.27565,-0.559047
1.884244,1.265712,-0.565478
1.883075,1.270096,-0.547208
1.885121,1.269804,-0.556562
1.886583,1.268343,-0.549985
1.883075,1.258112,-0.554809
1.881614,1.249927,-0.557439
1.881029,1.249927,-0.545893
1.886291,1.249927,-0.541654
1.880737,1.246711,-0.547793
1.873429,1.248465,-0.556416
1.884537,1.245542,-0.543262
1.880737,1.243788,-0.529085
1.876644,1.240573,-0.538439
1.87489,1.230342,-0.547647
1.878983,1.234727,-0.529962
1.880737,1.231219,-0.534785
1.873137,1.235311,-0.535077
1.869921,1.227711,-0.52587
1.868752,1.223911,-0.53537
1.870506,1.222742,-0.529377
1.864952,1.226542,-0.524116
1.865829,1.221865,-0.518854
1.866413,1.226834,-0.516516
1.864659,1.210757,-0.533616
1.868459,1.218065,-0.523531
1.857352,1.212803,-0.5266
1.853259,1.206665,-0.52777
1.853844,1.213388,-0.5171
1.860859,1.21368,-0.514616
1.856182,1.210757,-0.519585
1.844198,1.211342,-0.517393
1.843613,1.209003,-0.519146
1.847705,1.206957,-0.514762
1.84449,1.204034,-0.515785
1.837182,1.201403,-0.515639
1.840982,1.204034,-0.509792
1.835136,1.208126,-0.524262
1.833674,1.197018,-0.513885
1.828705,1.205788,-0.514616
1.823443,1.207834,-0.523093
1.829582,1.201403,-0.524262
1.821105,1.206665,-0.512862
1.826659,1.199649,-0.527039
1.818182,1.200818,-0.5266
1.810582,1.206665,-0.523093
1.813797,1.204911,-0.522947
1.807366,1.199065,-0.521046
1.809412,1.204326,-0.517539
1.808535,1.205788,-0.52967
1.80532,1.203157,-0.523677
1.801812,1.211342,-0.519293
1.806782,1.214265,-0.534639
1.803274,1.211634,-0.537416
1.798012,1.210465,-0.536539
1.797428,1.216896,-0.531424
1.794797,1.213096,-0.540485
1.793335,1.218357,-0.543555
1.788951,1.212511,-0.541947
1.790997,1.216019,-0.538147
1.779889,1.219526,-0.548816
1.779889,1.22128,-0.54297
1.776966,1.224496,-0.548962
1.774335,1.220988,-0.559486
1.773458,1.229465,-0.554809
1.76995,1.237065,-0.556562
1.766443,1.23765,-0.554224
1.76235,1.228004,-0.568986
1.764981,1.235311,-0.560655
1.760012,1.239111,-0.56767
1.757089,1.235311,-0.573663
1.756796,1.239988,-0.573078
1.752119,1.243788,-0.581117
1.748612,1.251388,-0.576732
1.753289,1.251973,-0.574832
1.744811,1.247881,-0.57074
1.749196,1.262789,-0.584478
1.745981,1.255481,-0.58404
1.745981,1.258404,-0.594124
1.74335,1.259573,-0.594124
1.737796,1.270096,-0.607425
1.736042,1.26922,-0.605671
1.736919,1.274773,-0.605232
1.73575,1.276527,-0.611225
1.737504,1.285297,-0.621163
1.73195,1.287635,-0.612832
1.723473,1.286758,-0.622771
1.732242,1.291143,-0.618094
1.728734,1.296989,-0.622333
1.724642,1.301082,-0.624086
1.72318,1.292604,-0.628033
1.721719,1.296405,-0.636071
1.721719,1.312482,-0.639871
1.71558,1.317743,-0.645425
1.712072,1.313651,-0.649956
1.711196,1.318328,-0.640018
1.708272,1.325051,-0.66121
1.703303,1.323005,-0.64981
1.705349,1.331482,-0.658433
1.705349,1.337913,-0.67188
1.710026,1.336744,-0.664864
1.705642,1.341128,-0.672756
1.704472,1.342298,-0.672756
1.701842,1.34259,-0.682695
1.700965,1.344051,-0.683864
1.703888,1.348728,-0.68211
1.692488,1.35779,-0.693072
1.697165,1.360713,-0.692488
1.693949,1.364221,-0.702572
1.697165,1.361882,-0.691611
1.703011,1.38059,-0.708857
1.698334,1.383221,-0.695557
1.692488,1.36919,-0.721573
1.691903,1.385267,-0.706372
1.691611,1.391406,-0.710757
1.697749,1.396083,-0.715142
1.686057,1.405145,-0.716896
1.687518,1.403975,-0.713242
1.692195,1.408945,-0.722742
1.692488,1.412745,-0.73078
1.695703,1.411868,-0.727565
1.698626,1.403683,-0.739111
1.698334,1.415376,-0.732534
1.692488,1.418299,-0.755335
1.696288,1.418883,-0.747588
1.68898,1.422976,-0.744081
1.697457,1.431745,-0.751096
1.68898,1.435545,-0.753727
1.693657,1.432037,-0.754896
1.703595,1.438176,-0.759427
1.697165,1.439345,-0.768196
1.694241,1.448992,-0.769804
1.694826,1.451622,-0.768635
1.703011,1.453668,-0.772727
1.70038,1.457761,-0.768635
1.703011,1.460392,-0.77375
1.703595,1.457761,-0.773604
1.701842,1.469161,-0.776673
1.711196,1.471792,-0.783981
1.704472,1.473546,-0.786612
1.712949,1.47413,-0.783981
1.709734,1.478515,-0.784274
1.708565,1.480269,-0.784127
1.712072,1.476761,-0.793628
1.718211,1.484069,-0.794212
1.719673,1.4867,-0.791289
1.723473,1.485823,-0.791289
1.716457,1.485823,-0.77682
1.733119,1.493131,-0.791289
1.733996,1.486992,-0.795089
1.73078,1.490208,-0.798451
1.737211,1.487869,-0.81672
1.733411,1.503362,-0.800058
1.732534,1.507746,-0.794797
1.737504,1.499854,-0.800351
1.737211,1.501023,-0.802397
1.742473,1.503362,-0.805612
1.744519,1.504238,-0.798305
1.75095,1.506869,-0.797574
1.744227,1.503946,-0.799474
1.75095,1.509792,-0.797282
1.753289,1.504238,-0.794651
1.751535,1.506285,-0.796551
1.757381,1.510085,-0.796843
1.766443,1.507746,-0.798889
1.756796,1.505408,-0.80342
1.767612,1.507454,-0.802982
1.765566,1.510377,-0.798743
1.767904,1.512131,-0.802835
1.772873,1.503946,-0.796258
1.76995,1.505408,-0.801374
1.778427,1.501315,-0.801666
1.781935,1.506869,-0.790266
1.778427,1.497223,-0.785589
1.790704,1.504531,-0.792166
1.791289,1.501023,-0.801666
1.786027,1.503946,-0.798012
1.78632,1.502777,-0.786027
1.788658,1.504531,-0.78632
1.801228,1.504531,-0.788366
1.79392,1.494884,-0.786027
1.80152,1.497223,-0.788512
1.795674,1.497808,-0.782666
1.802105,1.498977,-0.762789
1.799474,1.489915,-0.775358
1.807074,1.495177,-0.763373
1.816428,1.496638,-0.772581
1.80912,1.488746,-0.762789
1.815551,1.480269,-0.758258
1.810289,1.486992,-0.759135
1.817013,1.4867,-0.763081
1.822274,1.483192,-0.758696
1.81672,1.478807,-0.754458
1.824028,1.473253,-0.740719
1.821982,1.472084,-0.751535
1.825782,1.472669,-0.74905
1.835136,1.466238,-0.738527
1.828413,1.468869,-0.744081
1.827536,1.462146,-0.742181
1.834844,1.458638,-0.733411
1.833674,1.459515,-0.736627
1.84069,1.456592,-0.733265
1.83309,1.448115,-0.730634
1.845659,1.451038,-0.729904
1.845075,1.446653,-0.735019
1.846244,1.443438,-0.722596
1.853844,1.443145,-0.710172
1.85209,1.43993,-0.718503
1.854721,1.441099,-0.720842
1.856182,1.44373,-0.719673
1.847998,1.429114,-0.710026
1.855013,1.430576,-0.71178
1.85589,1.425606,-0.705057
1.862029,1.422683,-0.707103
1.85589,1.415083,-0.701988
1.860859,1.414206,-0.700818
1.862321,1.411283,-0.695411
1.866413,1.410991,-0.697457
1.862613,1.406606,-0.682549
1.870798,1.406314,-0.68708
1.866706,1.408068,-0.686787
1.869044,1.399883,-0.687664
1.867875,1.398129,-0.668372
1.87226,1.401345,-0.667641
1.87869,1.387606,-0.664133
1.876644,1.381467,-0.672756
1.878398,1.384683,-0.667349
1.878983,1.37796,-0.656533
1.878983,1.372406,-0.656825
1.881906,1.366267,-0.656825
1.883952,1.368606,-0.657702
1.884244,1.367144,-0.643671
1.883367,1.364513,-0.649225
1.882491,1.354867,-0.640164
1.88366,1.358667,-0.639725
1.889798,1.350482,-0.638848
1.880444,1.349021,-0.632125
1.885706,1.349021,-0.624525
1.883075,1.338205,-0.622625
1.883367,1.337036,-0.628471
1.887167,1.331774,-0.613417
1.888629,1.325343,-0.619556
1.89126,1.325343,-0.62394
1.891552,1.329144,-0.615902
1.889798,1.320666,-0.620433
1.887752,1.328851,-0.611225
1.888921,1.317743,-0.609471
1.887752,1.31862,-0.601432
1.886291,1.318913,-0.593248
1.88746,1.311605,-0.594855
1.886875,1.309559,-0.587694
1.889214,1.301374,-0.595148
1.893014,1.304882,-0.586963
1.897983,1.300205,-0.582724
1.887167,1.290851,-0.57644
1.889506,1.292897,-0.57834
1.893306,1.286758,-0.580386
1.884244,1.284712,-0.585501
1.889506,1.286174,-0.57644
1.89506,1.278574,-0.56884
1.885121,1.284127,-0.568547
1.89126,1.273604,-0.565624
1.892429,1.266881,-0.564016
1.889798,1.261912,-0.56387
1.882198,1.263958,-0.564455
1.885706,1.262204,-0.544578
1.891845,1.267758,-0.560947
1.882491,1.261035,-0.547939
1.881321,1.255189,-0.548378
1.880737,1.247588,-0.554516
1.875475,1.250219,-0.545747
1.880737,1.24905,-0.546916
1.881029,1.244665,-0.534785
1.876352,1.243788,-0.547062
1.871967,1.237357,-0.547062
1.875767,1.245542,-0.533908
1.877229,1.237357,-0.538293
1.87489,1.228296,-0.541508
1.872552,1.232681,-0.530254
1.86729,1.227127,-0.539024
1.878106,1.227127,-0.530108
1.868459,1.223911,-0.536831
1.87226,1.226542,-0.526308
1.866413,1.223911,-0.532447
1.865829,1.222157,-0.525431
1.862321,1.223911,-0.528939
1.855305,1.22245,-0.526893
1.861444,1.217773,-0.520754
1.855598,1.213388,-0.524993
1.860275,1.22245,-0.517685
1.852382,1.210465,-0.530839
1.854429,1.215726,-0.521631
1.856182,1.206957,-0.529085
1.851213,1.216311,-0.52207
1.844782,1.216019,-0.523385
1.849752,1.209003,-0.521631
1.848875,1.218942,-0.509792
1.848582,1.214265,-0.517539
1.833967,1.212219,-0.512423
1.831628,1.20228,-0.521193
1.832797,1.210172,-0.519
1.834844,1.207249,-0.517977
1.831336,1.212219,-0.517393
1.825197,1.19848,-0.513446
1.82432,1.212803,-0.517831
1.827243,1.200526,-0.525285
1.826659,1.208711,-0.526308
1.817889,1.209003,-0.525723
1.82432,1.203742,-0.533324
1.818182,1.208711,-0.521193
1.812043,1.210172,-0.528208
1.804151,1.205788,-0.532885
1.810289,1.209588,-0.525723
1.806489,1.213096,-0.528062
1.802982,1.213096,-0.516223
1.804443,1.217188,-0.536539
1.795674,1.212511,-0.526747
1.798012,1.215726,-0.537416
1.793043,1.232388,-0.536101
1.782812,1.261619,-0.537708
1.770827,1.313066,-0.561093
1.763519,1.365098,-0.579655
1.756212,1.421222,-0.600409
1.766443,1.437299,-0.625256
1.770243,1.450745,-0.633294
1.76995,1.465069,-0.646595
1.76615,1.467407,-0.663402
1.781935,1.484361,-0.666472
1.782227,1.487869,-0.68138
1.792458,1.491377,-0.68518
1.79772,1.507162,-0.686349
1.800058,1.496346,-0.693511
1.804735,1.496931,-0.695995
1.809997,1.499854,-0.691903
1.821105,1.489331,-0.694095
1.828413,1.489915,-0.710172
1.838644,1.486408,-0.70608
1.841274,1.480854,-0.710465
1.848582,1.47793,-0.705642
1.845659,1.467407,-0.700672
1.85209,1.458346,-0.716311
1.849167,1.454253,-0.711342
1.858521,1.450161,-0.714119
1.86349,1.447238,-0.714703
1.868752,1.429699,-0.698918
1.868167,1.429407,-0.693072
1.875183,1.417714,-0.697895
1.873721,1.416837,-0.68708
1.884537,1.415668,-0.69278
1.884537,1.408652,-0.688541
1.881906,1.405437,-0.680064
1.885706,1.396668,-0.679187
1.87986,1.384098,-0.683572
1.889798,1.376498,-0.672172
1.894183,1.370652,-0.669103
1.897106,1.368606,-0.664426
1.890968,1.356036,-0.67261
1.899737,1.352821,-0.656679
1.897106,1.350482,-0.649956
1.904999,1.353698,-0.642794
1.897106,1.345513,-0.641187
1.904706,1.34259,-0.641771
1.905583,1.335282,-0.638848
1.909383,1.327097,-0.643379
1.90646,1.325928,-0.62964
1.905875,1.315697,-0.63154
1.907045,1.319205,-0.644256
1.904706,1.314236,-0.623063
1.905875,1.312189,-0.629348
1.912599,1.305174,-0.625256
1.915814,1.299912,-0.607132
1.916983,1.295528,-0.613709
1.913183,1.288512,-0.617363
1.915522,1.285881,-0.608302
1.914937,1.286174,-0.606255
1.913768,1.28062,-0.609617
1.912014,1.270389,-0.596171
1.913768,1.271266,-0.599971
1.918445,1.26805,-0.582724
1.916399,1.264835,-0.594271
1.920491,1.258989,-0.584478
1.914937,1.25285,-0.572201
1.910553,1.254896,-0.576586
1.910553,1.24525,-0.571032
1.911137,1.24145,-0.567524
1.908506,1.244958,-0.568109
1.906168,1.266589,-0.569716
1.914645,1.230342,-0.571909
1.912014,1.231804,-0.558024
1.915522,1.225665,-0.555685
1.91406,1.22128,-0.56007
1.907337,1.215434,-0.560801
1.912306,1.212219,-0.553201
1.904706,1.210172,-0.563139
1.90646,1.205495,-0.545308
1.909383,1.204326,-0.539462
1.911429,1.200526,-0.541947
1.897398,1.199357,-0.538585
1.900906,1.195849,-0.536831
1.89506,1.192634,-0.536247
1.89886,1.193218,-0.544431
1.892137,1.185326,-0.531277
1.898568,1.187372,-0.529085
1.89126,1.181818,-0.527916
1.888921,1.18328,-0.528062
1.889798,1.17568,-0.533762
1.894475,1.179187,-0.525723
1.890091,1.172757,-0.5285
1.88366,1.173341,-0.519731
1.883952,1.170126,-0.520754
1.881614,1.166033,-0.521339
1.888629,1.161941,-0.522362
1.882198,1.165741,-0.519585
1.873137,1.162818,-0.517246
1.870213,1.161649,-0.530693
1.866121,1.158141,-0.52397
1.869629,1.161941,-0.519439
1.866706,1.161941,-0.530108
1.870213,1.163403,-0.521923
1.85969,1.165449,-0.519731
1.860275,1.155802,-0.517831
1.856767,1.167495,-0.520316
1.848875,1.156095,-0.518123
1.85209,1.161941,-0.517393
1.85209,1.155802,-0.528647
1.847705,1.158141,-0.514908
1.851798,1.122771,-0.52017
1.846828,1.122771,-0.523093
1.842151,1.160479,-0.516808
1.843321,1.154633,-0.527623
1.839228,1.160772,-0.528939
1.837474,1.15171,-0.52967
1.835721,1.168372,-0.517539
1.837767,1.168664,-0.518416
1.832505,1.154633,-0.523677
1.828997,1.159602,-0.52967
1.825197,1.152002,-0.534785
1.821105,1.156679,-0.519877
1.821105,1.157849,-0.532447
1.82432,1.156679,-0.522947
1.818182,1.161064,-0.529377
1.810874,1.162233,-0.5323
1.813213,1.163695,-0.540485
1.808828,1.166618,-0.538731
1.812043,1.168956,-0.52587
1.802105,1.175387,-0.543701
1.80532,1.169249,-0.544578
1.801228,1.164864,-0.537708
1.795674,1.173926,-0.550424
1.801812,1.172757,-0.547793
1.795674,1.176264,-0.552762
1.792166,1.182403,-0.547939
1.787197,1.184157,-0.56197
1.788366,1.182695,-0.571909
1.790704,1.193218,-0.564747
1.792458,1.191465,-0.563286
1.786027,1.192341,-0.557585
1.781935,1.193511,-0.575417
1.780766,1.189418,-0.568693
1.778427,1.200234,-0.57264
1.776089,1.197895,-0.581263
1.774335,1.202572,-0.588132
1.772873,1.205495,-0.57717
1.771412,1.208419,-0.57907
1.771996,1.216603,-0.592224
1.765566,1.216603,-0.595001
1.750365,1.215726,-0.584624
1.751535,1.219819,-0.599386
1.760596,1.218065,-0.598655
1.757673,1.231804,-0.592078
1.754165,1.22508,-0.599094
1.753581,1.235019,-0.607132
1.746273,1.242619,-0.612979
1.750658,1.243788,-0.613856
1.745104,1.239696,-0.603478
1.748904,1.243496,-0.608009
1.745688,1.244958,-0.610494
1.745104,1.252265,-0.616925
1.746565,1.252265,-0.628033
1.73575,1.251096,-0.62701
1.743935,1.254604,-0.63344
1.737211,1.259573,-0.634025
1.736919,1.270096,-0.633587
1.73955,1.276527,-0.643525
1.746273,1.274189,-0.64981
1.736627,1.278281,-0.650541
1.733996,1.280035,-0.646595
1.740719,1.281497,-0.646887
1.734873,1.280035,-0.659018
1.72815,1.285297,-0.658726
1.731073,1.292604,-0.657849
1.733704,1.289974,-0.661502
1.725519,1.292897,-0.663549
1.731657,1.296112,-0.665595
1.731657,1.304297,-0.665887
1.724934,1.30342,-0.683572
1.726103,1.308389,-0.681526
1.729027,1.310143,-0.685618
1.719088,1.312189,-0.69278
1.720842,1.320374,-0.681087
1.721134,1.320959,-0.691903
1.722888,1.31979,-0.698334
1.718211,1.328267,-0.694095
1.715288,1.33119,-0.700526
1.725227,1.325636,-0.70038
1.721426,1.337913,-0.704326
1.718211,1.337036,-0.709734
1.724934,1.34259,-0.709003
1.729319,1.342005,-0.712657
1.723473,1.354282,-0.717188
1.728442,1.35399,-0.720111
1.720257,1.355159,-0.724057
1.722888,1.364806,-0.72698
1.72435,1.365975,-0.72055
1.722596,1.372113,-0.719819
1.721134,1.366852,-0.729611
1.727273,1.371236,-0.734581
1.723765,1.372113,-0.741011
1.72698,1.378252,-0.74905
1.71938,1.371236,-0.734581
1.729027,1.383806,-0.738673
1.721134,1.380006,-0.750658
1.726103,1.38936,-0.752996
1.72698,1.388775,-0.751242
1.725227,1.390821,-0.758989
1.724642,1.39696,-0.761181
1.717042,1.398129,-0.764104
1.723765,1.39696,-0.76805
1.726396,1.406314,-0.766735
1.724642,1.402222,-0.773312
1.725811,1.405437,-0.783689
1.730196,1.401929,-0.770389
1.734581,1.411868,-0.773604
1.728734,1.414206,-0.770096
1.731657,1.418883,-0.773897
1.734581,1.420637,-0.766004
1.733996,1.421222,-0.777843
1.730488,1.42736,-0.77492
1.738088,1.434376,-0.783104
1.739258,1.43233,-0.783981
1.734873,1.433499,-0.774481
1.744811,1.430576,-0.781789
1.739258,1.43116,-0.787928
1.745104,1.441099,-0.783689
1.74335,1.437299,-0.783543
1.742181,1.442853,-0.800789
1.748904,1.445192,-0.794943
1.754458,1.447238,-0.790851
1.748027,1.448407,-0.787635
1.752704,1.458053,-0.798012
1.748612,1.448699,-0.796405
1.756796,1.455422,-0.80342
1.75855,1.456592,-0.797574
1.752119,1.453961,-0.806928
1.761473,1.451038,-0.792751
1.754458,1.460392,-0.791728
1.761181,1.460099,-0.791435
1.763519,1.459222,-0.801228
1.760889,1.466238,-0.802543
1.769073,1.468576,-0.798158
1.768781,1.465946,-0.797135
1.77375,1.463899,-0.802397
1.773166,1.464192,-0.796697
1.77755,1.466238,-0.788951
1.783397,1.471207,-0.800351
1.776673,1.4677,-0.79392
1.779597,1.469453,-0.805028
1.789828,1.465069,-0.794066
1.789828,1.459515,-0.806928
1.796258,1.463315,-0.798889
1.796843,1.455422,-0.803274
1.792458,1.458053,-0.788951
1.793043,1.464192,-0.795089
1.803274,1.46653,-0.788512
1.800058,1.465361,-0.804443
1.807951,1.462146,-0.78252
1.810289,1.469161,-0.792458
1.814674,1.466823,-0.78442
1.815259,1.458053,-0.788804
1.820228,1.45513,-0.783251
1.819059,1.444314,-0.779597
1.816136,1.451622,-0.781497
1.821397,1.453961,-0.770096
1.831628,1.450745,-0.768927
1.829582,1.453084,-0.775943
1.832797,1.440222,-0.764543
1.834551,1.444899,-0.755481
1.845075,1.43496,-0.776527
1.841274,1.434376,-0.758404
1.85209,1.433791,-0.761327
1.840982,1.425314,-0.763958
1.844782,1.42853,-0.748465
1.854429,1.421806,-0.752704
1.850336,1.418006,-0.746858
1.859982,1.420637,-0.747735
1.871675,1.417714,-0.740719
1.866706,1.409822,-0.740134
1.866998,1.408068,-0.748319
1.868752,1.404852,-0.736334
1.868752,1.411868,-0.73195
1.86729,1.398129,-0.732096
1.877521,1.397252,-0.732534
1.873429,1.398714,-0.72888
1.877521,1.39316,-0.723911
1.885998,1.390237,-0.705349
1.880737,1.390529,-0.710611
1.884829,1.382929,-0.708857
1.888044,1.38556,-0.696288
1.893306,1.381467,-0.689857
1.887167,1.367144,-0.690441
1.890675,1.372406,-0.695118
1.882491,1.372113,-0.691026
1.890091,1.362467,-0.68708
1.89506,1.363344,-0.682987
1.895352,1.35019,-0.672903
1.899152,1.354867,-0.678749
1.904122,1.356621,-0.673049
1.900322,1.343174,-0.675095
1.897983,1.340836,-0.683864
1.899445,1.344344,-0.664718
1.902368,1.338205,-0.660333
1.904122,1.329436,-0.653025
1.902952,1.322713,-0.651272
1.904414,1.331774,-0.64791
1.910553,1.319205,-0.651418
1.91026,1.32242,-0.645279
1.908799,1.311897,-0.638848
1.914645,1.307512,-0.633587
1.914353,1.298451,-0.631979
1.909968,1.295235,-0.621602
1.907922,1.297282,-0.622625
1.915229,1.290266,-0.61634
1.91406,1.287928,-0.613271
1.917568,1.287051,-0.611225
1.912014,1.284712,-0.612102
1.91786,1.284712,-0.612686
1.91406,1.281204,-0.603771
1.919322,1.270681,-0.599678
1.913183,1.268927,-0.593101
1.919906,1.273604,-0.598363
1.915814,1.263081,-0.594563
1.91406,1.261327,-0.592955
1.911429,1.251681,-0.590324
1.912014,1.252265,-0.583309
1.919614,1.24905,-0.581701
1.914937,1.242327,-0.586378
1.910845,1.241742,-0.566501
1.914353,1.238234,-0.57337
1.913183,1.235896,-0.572493
1.909968,1.231219,-0.563432
1.914645,1.231219,-0.568986
1.914645,1.22625,-0.594709
1.909091,1.223327,-0.551301
1.906752,1.216019,-0.552908
1.911722,1.207542,-0.592809
1.908506,1.209296,-0.553639
1.913183,1.200818,-0.54677
1.91026,1.204326,-0.552032
1.90646,1.198188,-0.542824
1.908506,1.196141,-0.540778
1.906168,1.199357,-0.536393
1.942122,1.194095,-0.53537
1.911429,1.184157,-0.5323
1.897398,1.189126,-0.523385
1.901199,1.188834,-0.5209
1.893014,1.176557,-0.536977
1.893891,1.182111,-0.52207
1.891845,1.180941,-0.530254
1.883952,1.179187,-0.523385
1.885121,1.179187,-0.520462
1.891845,1.173926,-0.530108
1.884244,1.16691,-0.5171
1.886291,1.162526,-0.526893
1.881614,1.168079,-0.520023
1.890091,1.17568,-0.525577
1.880737,1.166618,-0.520754
1.869044,1.166033,-0.522654
1.874598,1.158726,-0.52587
1.872844,1.158726,-0.5152
1.87226,1.161941,-0.512277
1.876937,1.161649,-0.514469
1.879567,1.161941,-0.508769
1.867583,1.157264,-0.500877
1.871675,1.15551,-0.513885
1.861152,1.150833,-0.515931
1.854136,1.153756,-0.51827
1.860567,1.152879,-0.517246
1.853552,1.155802,-0.512277
1.851798,1.154633,-0.516662
1.849459,1.148787,-0.516662
1.847121,1.156679,-0.514616
1.841274,1.152002,-0.528939
1.843321,1.155218,-0.516516
1.844198,1.159018,-0.517977
1.845659,1.157556,-0.521631
1.833967,1.157556,-0.537562
1.836013,1.158141,-0.5209
1.831044,1.148495,-0.52207
1.823736,1.158141,-0.520023
1.821397,1.152002,-0.522947
1.818474,1.150833,-0.541508
1.82549,1.158433,-0.527331
1.816428,1.156679,-0.53727
1.814966,1.166618,-0.534931
1.814382,1.161356,-0.5323
1.814674,1.15931,-0.526162
1.804443,1.163695,-0.544578
1.805028,1.163403,-0.540485
1.808243,1.163987,-0.545162
1.804151,1.170418,-0.549255
1.798889,1.167495,-0.553932
1.798305,1.170418,-0.55437
1.796258,1.170418,-0.558316
1.78632,1.176849,-0.553932
1.790997,1.175972,-0.557878
1.792751,1.177141,-0.557439
1.789243,1.181526,-0.555685
1.784858,1.187664,-0.564601
1.787781,1.185618,-0.561532
1.788658,1.182111,-0.564893
1.78135,1.185618,-0.579217
1.78252,1.199649,-0.573516
1.781935,1.194388,-0.583163
1.776089,1.198188,-0.576293
1.780766,1.20228,-0.583017
1.775212,1.203157,-0.577609
1.771704,1.212219,-0.581994
1.770243,1.212803,-0.588571
1.773166,1.211634,-0.594271
1.758842,1.218942,-0.592955
1.769366,1.220696,-0.600409
1.754165,1.220403,-0.598948
1.764396,1.222742,-0.585209
1.757673,1.221865,-0.601871
1.759135,1.226834,-0.596609
1.764981,1.229465,-0.602309
1.760304,1.228588,-0.614294
1.760596,1.230342,-0.611225
1.753289,1.232681,-0.607571
1.75095,1.232973,-0.612248
1.745396,1.243204,-0.614148
1.745688,1.242034,-0.61634
1.748027,1.243788,-0.630079
1.743935,1.250804,-0.62584
1.736627,1.251973,-0.629348
1.746858,1.251681,-0.632271
1.735165,1.259281,-0.633148
1.743642,1.259573,-0.635779
1.734873,1.263958,-0.647033
1.740427,1.272143,-0.655364
1.738965,1.272435,-0.652148
1.733996,1.277989,-0.663402
1.729904,1.275943,-0.65361
1.736042,1.28442,-0.654341
1.734288,1.29202,-0.657264
1.73078,1.291143,-0.665156
1.731365,1.295528,-0.665303
1.731657,1.295235,-0.669103
1.720842,1.296112,-0.668079
1.729319,1.300205,-0.67071
1.727273,1.296405,-0.678018
1.721426,1.298158,-0.682403
1.728734,1.313066,-0.688249
1.720257,1.31102,-0.686787
1.716749,1.317743,-0.698626
1.718211,1.324174,-0.703595
1.717919,1.325928,-0.696726
1.728734,1.32622,-0.700526
1.716457,1.320082,-0.703742
1.717042,1.329436,-0.707688
1.717626,1.33119,-0.714557
1.717042,1.338498,-0.716749
1.721426,1.342005,-0.714557
1.712072,1.343759,-0.714703
1.719673,1.346975,-0.723765
1.714119,1.352236,-0.717334
1.719088,1.346682,-0.722303
1.716165,1.358082,-0.732388
1.716165,1.363929,-0.728296
1.717042,1.36539,-0.72815
1.722011,1.367144,-0.739842
1.716457,1.370067,-0.733557
1.719673,1.370944,-0.737211
1.717626,1.370652,-0.731804
1.718796,1.37796,-0.749342
1.716749,1.376206,-0.740865
1.717626,1.386729,-0.751973
1.72055,1.386144,-0.757819
1.724934,1.391991,-0.75665
1.716457,1.38439,-0.75285
1.715873,1.388775,-0.75095
1.724934,1.396083,-0.758404
1.717626,1.401052,-0.763958
1.725519,1.406314,-0.768343
1.726396,1.405729,-0.764104
1.725519,1.408652,-0.774627
1.726103,1.410991,-0.766004
1.726688,1.385852,-0.769658
1.73078,1.417714,-0.765712
1.725519,1.410406,-0.77112
1.727273,1.413037,-0.781497
1.725519,1.429114,-0.776673
1.73575,1.42853,-0.785151
1.735165,1.424145,-0.781643
1.735457,1.427068,-0.786904
1.738088,1.427068,-0.78632
1.736627,1.431745,-0.790704
1.734288,1.43116,-0.797574
1.739258,1.43613,-0.798889
1.740427,1.440807,-0.776673
1.745688,1.437007,-0.797866
1.748612,1.441391,-0.791143
1.752996,1.448407,-0.788074
1.748904,1.453668,-0.789828
1.75475,1.444607,-0.796405
1.755042,1.45133,-0.795674
1.756796,1.457176,-0.796843
1.759135,1.451915,-0.796989
1.76615,1.451915,-0.785735
1.764689,1.448699,-0.798889
1.761766,1.449284,-0.795089
1.759719,1.45133,-0.789535
1.760012,1.453668,-0.789681
1.767027,1.456299,-0.791435
1.776089,1.460684,-0.801374
1.777258,1.455422,-0.803712
1.776089,1.456592,-0.802543
1.779012,1.46273,-0.795966
1.779304,1.458053,-0.805466
1.782227,1.459222,-0.803859
1.788074,1.45893,-0.794212
1.785735,1.457176,-0.793774
1.795089,1.461853,-0.802105
1.792166,1.462438,-0.800497
1.792458,1.462146,-0.795674
1.799182,1.459515,-0.791435
1.795381,1.457469,-0.804297
1.799474,1.467115,-0.798012
1.811751,1.453668,-0.794943
1.813505,1.460392,-0.791143
1.811459,1.456007,-0.786466
1.82169,1.462146,-0.789681
1.812043,1.458053,-0.783543
1.815551,1.449284,-0.783104
1.816428,1.466823,-0.790997
1.819936,1.500438,-0.787051
1.81292,1.502777,-0.765273
1.799182,1.519439,-0.746565
1.795966,1.5209,-0.746565
1.795381,1.523239,-0.727127
1.80532,1.517685,-0.735896
1.801228,1.5171,-0.728588
1.802105,1.517393,-0.70798
1.796551,1.514177,-0.700234
1.791289,1.508039,-0.692488
1.797428,1.504823,-0.674364
1.791289,1.496054,-0.67071
1.790704,1.491961,-0.669833
1.782812,1.501023,-0.670564
1.794505,1.4905,-0.667787
1.796258,1.483192,-0.658872
1.792458,1.468869,-0.655364
1.788074,1.476469,-0.647618
1.784274,1.4753,-0.650395
1.784858,1.468576,-0.635633
1.778427,1.465946,-0.633002
1.786027,1.458053,-0.640164
1.783104,1.460099,-0.630079
1.772873,1.458053,-0.632125
1.76995,1.452207,-0.624525
1.772873,1.454545,-0.617802
1.774335,1.452792,-0.629494
1.76615,1.445192,-0.623356
1.772873,1.445484,-0.623356
1.767904,1.440514,-0.631248
1.760304,1.438176,-0.626571
1.759135,1.44373,-0.613125
1.760012,1.443438,-0.633294
1.755627,1.441684,-0.633587
1.760304,1.442853,-0.620725
1.756796,1.442853,-0.631687
1.752996,1.448115,-0.627302
1.757673,1.444314,-0.629494
1.751242,1.436422,-0.623648
1.753873,1.441099,-0.634756
1.755335,1.441976,-0.636217
1.750365,1.445192,-0.626425
1.756212,1.439345,-0.630956
1.748027,1.437299,-0.63461
1.753289,1.437299,-0.627887
1.751535,1.438761,-0.640018
1.751827,1.437884,-0.640018
1.748904,1.441976,-0.627887
1.741011,1.437884,-0.639287
1.74715,1.440514,-0.63081
1.746858,1.441099,-0.645133
1.744227,1.435253,-0.629787
1.74715,1.446945,-0.637094
1.746273,1.445484,-0.648202
1.737796,1.444899,-0.651856
1.735457,1.444607,-0.647033
1.741304,1.448115,-0.638264
1.738673,1.448992,-0.649079
1.740427,1.455422,-0.644695
1.734581,1.454545,-0.642502
1.728442,1.45513,-0.64601
1.73575,1.457761,-0.654925
1.729027,1.461269,-0.65171
1.733411,1.452207,-0.655949
1.734873,1.458638,-0.651125
1.734581,1.453961,-0.662087
1.736334,1.459515,-0.664864
1.73078,1.463607,-0.653318
1.726396,1.459807,-0.656533
1.73078,1.463315,-0.65551
1.731073,1.467115,-0.657849
1.72698,1.467115,-0.661649
1.733996,1.469453,-0.664133
1.733411,1.471792,-0.661356
1.737211,1.478515,-0.669833
1.734873,1.47413,-0.673633
1.732534,1.477346,-0.671149
1.733996,1.47793,-0.666764
1.736919,1.480854,-0.682695
1.729027,1.481438,-0.670418
1.726688,1.481146,-0.681818
1.730196,1.480854,-0.709149
1.729611,1.4829,-0.644841
1.729611,1.484654,-0.672903
1.732827,1.486992,-0.677433
1.725811,1.483192,-0.666472
1.740134,1.486115,-0.671003
1.737504,1.477346,-0.669249
1.729904,1.484946,-0.67568
1.727273,1.489623,-0.674364
1.731657,1.484654,-0.676849
1.731073,1.493131,-0.682695
1.731657,1.494884,-0.667495
1.741011,1.484361,-0.67568
1.737211,1.493423,-0.68518
1.737504,1.496638,-0.684449
1.733411,1.490208,-0.67451
1.735165,1.4981,-0.67831
1.742181,1.500146,-0.683134
1.741888,1.5019,-0.684595
1.742181,1.502192,-0.688103
1.752119,1.495177,-0.680503
1.73575,1.500146,-0.684449
1.738673,1.4981,-0.688103
1.736627,1.490208,-0.682403
1.750365,1.500731,-0.686787
1.746858,1.490208,-0.695703
1.749488,1.502485,-0.693803
1.748027,1.506577,-0.690734
1.74335,1.493715,-0.688688
1.74715,1.4981,-0.690003
1.743935,1.498685,-0.699065
1.74335,1.505116,-0.692049
1.739842,1.493423,-0.688103
1.753873,1.500146,-0.688541
1.740427,1.505408,-0.687664
1.760304,1.502777,-0.691318
1.756796,1.502485,-0.690295
1.752412,1.499854,-0.69658
1.753581,1.493715,-0.690295
1.75475,1.505408,-0.695118
1.756504,1.499269,-0.699065
1.755627,1.497223,-0.699649
1.753581,1.501608,-0.698041
1.752996,1.495469,-0.694826
1.760596,1.499562,-0.691611
1.759719,1.503946,-0.685326
1.760012,1.497223,-0.691172
1.758258,1.495762,-0.688103
1.760889,1.5057,-0.684741
1.757089,1.500731,-0.678603
1.760596,1.499562,-0.68328
1.766735,1.503654,-0.688688
1.760889,1.5019,-0.680795
1.767027,1.504823,-0.685911
1.767904,1.500146,-0.67641
1.759719,1.493131,-0.682549
1.769073,1.497223,-0.678457
1.776089,1.500731,-0.685764
1.76995,1.497515,-0.677726
1.773166,1.498392,-0.671295
1.772873,1.4943,-0.676995
1.770827,1.4905,-0.674364
1.779304,1.490792,-0.681087
1.77375,1.487284,-0.67758
1.772289,1.4943,-0.681087
1.775212,1.493715,-0.682257
1.782227,1.487284,-0.686934
1.779597,1.485238,-0.68211
1.780474,1.494884,-0.684887
1.777843,1.491669,-0.678603
1.787197,1.489038,-0.674803
1.781643,1.487284,-0.663256
1.783397,1.484946,-0.675533
1.783104,1.488746,-0.666764
1.788658,1.482023,-0.66881
1.784858,1.484069,-0.667203
1.777258,1.472376,-0.667787
1.78252,1.482315,-0.67188
1.789243,1.479977,-0.667933
1.790997,1.480561,-0.660041
1.783104,1.479684,-0.658726
1.784858,1.470038,-0.66501
1.784566,1.479684,-0.666326
1.784566,1.484361,-0.657849
1.78252,1.475592,-0.658579
1.791581,1.4791,-0.662526
1.788366,1.474715,-0.668956
1.788074,1.471792,-0.656095
1.792751,1.471207,-0.657556
1.795089,1.473838,-0.661649
1.794212,1.469161,-0.649225
1.793628,1.4677,-0.649079
1.795089,1.461269,-0.649372
1.79012,1.460976,-0.65551
1.787781,1.465653,-0.636071
1.794797,1.466823,-0.643233
1.789243,1.463022,-0.64791
1.793628,1.45893,-0.655072
1.792751,1.456299,-0.648348
1.797428,1.460976,-0.649518
1.79392,1.461269,-0.650395
1.79392,1.464484,-0.646302
1.798889,1.463315,-0.650102
1.796551,1.461269,-0.652441
1.791289,1.458346,-0.641041
1.792166,1.454838,-0.652002
1.792166,1.445484,-0.635487
1.799182,1.451622,-0.644402
1.792751,1.452792,-0.644548
1.800935,1.447822,-0.633294
1.804735,1.453376,-0.63271
1.798305,1.446068,-0.638117
1.803274,1.451915,-0.635048
1.797135,1.445776,-0.633294
1.796843,1.446068,-0.634171
1.800643,1.44753,-0.640748
1.798889,1.441391,-0.624671
1.799182,1.444314,-0.628617
1.79012,1.437007,-0.624671
1.798305,1.443145,-0.62131
1.800935,1.434668,-0.624379
1.800351,1.438761,-0.621602
1.795089,1.440514,-0.62394
1.800058,1.428822,-0.626425
1.796843,1.43233,-0.623502
1.798889,1.433791,-0.629494
1.799182,1.426191,-0.627594
1.795674,1.430576,-0.61634
1.802689,1.434668,-0.623063
1.792458,1.428237,-0.609909
1.793335,1.429699,-0.609032
1.795674,1.429407,-0.612979
1.795966,1.427945,-0.621163
1.792751,1.41976,-0.615756
1.79392,1.42093,-0.615756
1.79772,1.426776,-0.614879
1.794797,1.422099,-0.607425
1.793628,1.421222,-0.608009
1.79012,1.422099,-0.611371
1.792166,1.426191,-0.611079
1.794212,1.423853,-0.611663
1.791874,1.418591,-0.602748
1.797135,1.420053,-0.612686
1.790412,1.414499,-0.60684
1.786612,1.41976,-0.610202
1.790704,1.411283,-0.604502
1.789243,1.408945,-0.611956
1.791581,1.413622,-0.607571
1.784566,1.412745,-0.604648
1.783104,1.415083,-0.599971
1.784274,1.418883,-0.602309
1.788366,1.422099,-0.609909
1.785151,1.415376,-0.605817
1.783981,1.413329,-0.613856
1.790704,1.415376,-0.598509
1.780766,1.416545,-0.604209
1.781935,1.413037,-0.603332
1.788074,1.409529,-0.606109
1.778135,1.413329,-0.600702
1.779597,1.413622,-0.598948
1.786027,1.418883,-0.596755
1.783397,1.414206,-0.603186
1.784566,1.413622,-0.561532
1.789243,1.412452,-0.603478
1.770535,1.401345,-0.603917
1.775504,1.407776,-0.592078
1.777843,1.403391,-0.590909
1.776673,1.403975,-0.599678
1.76995,1.406314,-0.594563
1.77112,1.401052,-0.607425
1.770535,1.406899,-0.601725
1.772289,1.405437,-0.607279
1.774335,1.407191,-0.610494
1.771704,1.396668,-0.598801
1.768489,1.403098,-0.600702
1.774043,1.406899,-0.600555
1.772873,1.410699,-0.600555
1.779304,1.408068,-0.605525
1.769366,1.409822,-0.610348
1.781058,1.407483,-0.612979
1.772581,1.409822,-0.602748
1.775797,1.402222,-0.609032
1.773458,1.403975,-0.594709
1.776673,1.41596,-0.60114
1.76615,1.406606,-0.593686
1.76615,1.418883,-0.593101
1.762643,1.412745,-0.604648
1.76615,1.410114,-0.594563
1.766443,1.406314,-0.599825
1.763519,1.413037,-0.613709
1.762643,1.410406,-0.61254
1.774335,1.414499,-0.615317
1.770827,1.414206,-0.601725
1.764981,1.410406,-0.60304
1.767027,1.415668,-0.605525
1.758842,1.416545,-0.608155
1.767027,1.413914,-0.616486
1.765858,1.415376,-0.610348
1.771704,1.41216,-0.612394
1.761473,1.411868,-0.608155
1.758258,1.414206,-0.608009
1.763519,1.406606,-0.621602
1.76235,1.418006,-0.608448
1.760012,1.410991,-0.613563
1.762058,1.41596,-0.610348
1.753873,1.41713,-0.608302
1.765858,1.415668,-0.615171
1.760012,1.41713,-0.608594
1.755335,1.420345,-0.601286
1.752996,1.412452,-0.614879
1.764104,1.423853,-0.613709
1.755627,1.42093,-0.613709
1.761181,1.426191,-0.614586
1.760304,1.436422,-0.619994
1.757966,1.428237,-0.619994
1.760304,1.42473,-0.618971
1.748904,1.428822,-0.617363
1.74715,1.431453,-0.613563
1.750073,1.425314,-0.620725
1.75475,1.433791,-0.62584
1.74335,1.42853,-0.628471
1.745104,1.424145,-0.621748
1.742473,1.432622,-0.615025
1.739258,1.437591,-0.622625
1.741888,1.428237,-0.616048
1.749488,1.43613,-0.621894
1.750365,1.434084,-0.618386
1.74335,1.433499,-0.624671
1.743058,1.433791,-0.634464
1.745981,1.43116,-0.624233
1.741596,1.430868,-0.62204
1.734288,1.434668,-0.63841
1.742765,1.445776,-0.633002
1.741304,1.442853,-0.636071
1.741888,1.444022,-0.633733
1.731365,1.439638,-0.638264
1.73955,1.445484,-0.636217
1.735457,1.446361,-0.642502
1.739842,1.447238,-0.651564
1.733996,1.451038,-0.646887
1.73575,1.455422,-0.641918
1.731657,1.453961,-0.64601
1.733411,1.457176,-0.647618
1.73955,1.452207,-0.652002
1.726103,1.458053,-0.649079
1.736334,1.466823,-0.650541
1.735165,1.457761,-0.637387
1.733119,1.463315,-0.660772
1.736919,1.458346,-0.650541
1.72815,1.457469,-0.651564
1.732242,1.46273,-0.654925
1.726396,1.466823,-0.65171
1.734581,1.463607,-0.659895
1.737796,1.467407,-0.661795
1.73195,1.47033,-0.66311
1.733411,1.465361,-0.662818
1.734873,1.468576,-0.661502
1.734581,1.469161,-0.662818
1.736334,1.469161,-0.670564
1.731073,1.470915,-0.662379
1.719673,1.476761,-0.67188
1.728442,1.476761,-0.680941
1.733996,1.480854,-0.674072
1.730488,1.480269,-0.672172
1.734873,1.4829,-0.680795
1.729904,1.480854,-0.677726
1.730488,1.484654,-0.683572
1.726103,1.485238,-0.676703
1.732827,1.488454,-0.67261
1.737211,1.493715,-0.681672
1.731657,1.4905,-0.710465
1.736334,1.497515,-0.644841
1.734288,1.486992,-0.684887
1.736042,1.460392,-0.684449
1.742473,1.496638,-0.678603
1.734288,1.493423,-0.68211
1.741596,1.494884,-0.686349
1.745396,1.491377,-0.689126
1.738381,1.493423,-0.687518
1.737504,1.495469,-0.690003
1.734288,1.4981,-0.673195
1.738381,1.493131,-0.691172
1.746273,1.498685,-0.695118
1.746858,1.502485,-0.674364
1.73955,1.505116,-0.681087
1.743642,1.500438,-0.694241
1.75095,1.502485,-0.692926
1.749488,1.507454,-0.686203
1.745396,1.504823,-0.698772
1.74715,1.507454,-0.689564
1.750365,1.508039,-0.691318
1.738965,1.498977,-0.696726
1.747442,1.502777,-0.694241
1.758842,1.500146,-0.694095
1.760304,1.503654,-0.698041
1.752996,1.501315,-0.682841
1.752996,1.506869,-0.690295
1.750365,1.503946,-0.693657
1.759719,1.505116,-0.691903
1.760889,1.505408,-0.695703
1.760304,1.507162,-0.69848
1.760012,1.501608,-0.693657
1.762935,1.499854,-0.693949
1.75855,1.499854,-0.698041
1.755335,1.497515,-0.700965
1.761766,1.504531,-0.698334
1.765858,1.503654,-0.692634
1.759719,1.491084,-0.69848
1.765566,1.5019,-0.693949
1.756504,1.505116,-0.693511
1.757966,1.499269,-0.691903
1.762643,1.498685,-0.686934
1.765566,1.497808,-0.688834
1.769658,1.495469,-0.689418
1.757966,1.500438,-0.681087
1.75855,1.497223,-0.677726
1.764104,1.489915,-0.682549
1.760889,1.492838,-0.684011
1.769658,1.496346,-0.68211
1.76615,1.498685,-0.68708
1.767612,1.499562,-0.678603
1.764981,1.485823,-0.683426
1.761181,1.48553,-0.673341
1.769366,1.459807,-0.680064
1.769658,1.493715,-0.678895
1.77112,1.486115,-0.683718
1.775504,1.493423,-0.682403
1.773166,1.4943,-0.673926
1.773458,1.496346,-0.681672
1.77872,1.489915,-0.672026
1.775797,1.486992,-0.676264
1.771996,1.488454,-0.682695
1.77872,1.480561,-0.664718
1.77375,1.492254,-0.673487
1.777258,1.481438,-0.670272
1.78252,1.488746,-0.670564
1.784274,1.480854,-0.666326
1.781058,1.480561,-0.662087
1.783397,1.479392,-0.662379
1.786027,1.481438,-0.668226
1.783981,1.4829,-0.663987
1.787781,1.47413,-0.664718
1.791874,1.480854,-0.664864
1.789243,1.477054,-0.660041
1.792166,1.478515,-0.666326
1.789535,1.470623,-0.667495
1.790704,1.475007,-0.660187
1.790704,1.476177,-0.666179
1.790704,1.469453,-0.665156
1.788658,1.466238,-0.670564
1.788951,1.46653,-0.671587
1.788074,1.466238,-0.654487
1.788658,1.463607,-0.670564
1.784274,1.461269,-0.67071
1.791874,1.46273,-0.656095
1.791289,1.459807,-0.659456
1.788951,1.461853,-0.665449
1.795674,1.458346,-0.673341
1.798012,1.448699,-0.666179
1.792751,1.456007,-0.655802
1.794212,1.454253,-0.651272
1.796258,1.450453,-0.64601
1.793335,1.454838,-0.647033
1.794212,1.456299,-0.649225
1.798012,1.447822,-0.653318
1.799766,1.453084,-0.640894
1.799766,1.450161,-0.645279
1.760304,1.449284,-0.655072
1.794505,1.44373,-0.645279
1.799474,1.442268,-0.657995
1.791874,1.44373,-0.650395
1.796843,1.445192,-0.641918
1.809997,1.444314,-0.644695
1.802105,1.446945,-0.640456
1.798597,1.441684,-0.639433
1.795966,1.454545,-0.641041
1.798597,1.439638,-0.63154
1.790997,1.437007,-0.636656
1.793335,1.439053,-0.637825
1.796551,1.438761,-0.62891
1.795381,1.439638,-0.629056
1.79012,1.441099,-0.628179
1.796551,1.440222,-0.636948
1.797135,1.435838,-0.638264
1.796843,1.434668,-0.638556
1.793335,1.436714,-0.631687
1.798012,1.435545,-0.637533
1.800643,1.44373,-0.633879
1.800935,1.43116,-0.625256
1.804735,1.432914,-0.626717
1.79772,1.430868,-0.622625
1.79772,1.434376,-0.62891
1.798305,1.429699,-0.624963
1.798012,1.431745,-0.62584
1.795381,1.433791,-0.62584
1.791581,1.425899,-0.630225
1.79772,1.427653,-0.63461
1.803274,1.417422,-0.62584
1.795966,1.423853,-0.622625
1.79392,1.422391,-0.626279
1.793335,1.425606,-0.611225
1.795966,1.426484,-0.628325
1.793043,1.415376,-0.616486
1.792458,1.422391,-0.60874
1.79392,1.413914,-0.606109
1.793043,1.414791,-0.623502
1.793335,1.410406,-0.611809
1.793628,1.410699,-0.612248
1.795089,1.418883,-0.616779
1.791581,1.42473,-0.616048
1.788951,1.415668,-0.612102
1.796551,1.412745,-0.615609
1.792166,1.415668,-0.621894
1.793628,1.410406,-0.612248
1.788658,1.416545,-0.615171
1.79392,1.414206,-0.612979
1.790704,1.407191,-0.616633
1.791289,1.408068,-0.615756
1.781643,1.409822,-0.614148
1.790412,1.406899,-0.615171
1.788658,1.408068,-0.609325
1.784566,1.413914,-0.61064
1.791874,1.411283,-0.604502
1.787197,1.411868,-0.613856
1.784274,1.412745,-0.602748
1.785151,1.418883,-0.609325
1.788074,1.407483,-0.612979
1.782812,1.412745,-0.605525
1.784858,1.408652,-0.609763
1.784274,1.409529,-0.607425
1.774043,1.413037,-0.597925
1.77872,1.409237,-0.601286
1.77872,1.410991,-0.591786
1.788074,1.408068,-0.595148
1.779597,1.400175,-0.604063
1.786612,1.403975,-0.603917
1.779597,1.403683,-0.604502
1.784858,1.410114,-0.592078
1.778427,1.416253,-0.601432
1.78135,1.413622,-0.601871
1.782227,1.416253,-0.59924
1.770243,1.414499,-0.600117
1.778427,1.409822,-0.592517
1.774043,1.409237,-0.604209
1.768489,1.416545,-0.616486
1.770827,1.429114,-0.615609
1.769366,1.453668,-0.642648
1.77755,1.489331,-0.649372
1.78252,1.519146,-0.698334
1.799182,1.5209,-0.727419
1.80532,1.492254,-0.749196
1.830751,1.48173,-0.748904
1.830167,1.480854,-0.763373
1.84069,1.451622,-0.750365
1.854721,1.43116,-0.758696
1.851505,1.422099,-0.753289
1.861736,1.396668,-0.753873
1.862321,1.370652,-0.737065
1.87226,1.368021,-0.736773
1.868752,1.348436,-0.725665
1.876352,1.339959,-0.729757
1.87109,1.318913,-0.713388
1.87986,1.31482,-0.720257
1.880737,1.302251,-0.716019
1.873429,1.282958,-0.708711
1.883075,1.284712,-0.714557
1.875475,1.281789,-0.689272
1.876937,1.267466,-0.693072
1.876937,1.269804,-0.684011
1.880152,1.261619,-0.694241
1.875183,1.258112,-0.688249
1.879275,1.254896,-0.690003
1.881029,1.244665,-0.686203
1.875767,1.248758,-0.676118
1.876937,1.241742,-0.682841
1.880152,1.235604,-0.68708
1.883367,1.239404,-0.674364
1.885998,1.231219,-0.667933
1.882491,1.225957,-0.67758
1.882491,1.220403,-0.680064
1.889798,1.216019,-0.66998
1.881614,1.220696,-0.665887
1.883952,1.218942,-0.674364
1.879275,1.221573,-0.67758
1.876644,1.220696,-0.668079
1.879275,1.22245,-0.68518
1.878398,1.214265,-0.669541
1.877229,1.212511,-0.675241
1.881906,1.214849,-0.665156
1.881321,1.211342,-0.668372
1.883075,1.206957,-0.672464
1.878398,1.216603,-0.66311
1.881029,1.207542,-0.669541
1.881029,1.199649,-0.663695
1.884537,1.205495,-0.662964
1.883075,1.209003,-0.665449
1.881029,1.202572,-0.648056
1.883075,1.207249,-0.663256
1.885414,1.196726,-0.662087
1.882491,1.199942,-0.653464
1.885414,1.199065,-0.653318
1.883952,1.198188,-0.653756
1.887167,1.190295,-0.65551
1.878398,1.19468,-0.646595
1.882198,1.191172,-0.656095
1.886291,1.191172,-0.646741
1.881029,1.189711,-0.651418
1.881029,1.187664,-0.656241
1.882198,1.185618,-0.64981
1.88366,1.185326,-0.643818
1.87986,1.180649,-0.647471
1.881321,1.190295,-0.643525
1.879275,1.181526,-0.641479
1.882491,1.182403,-0.640748
1.87606,1.182987,-0.629494
1.88366,1.182111,-0.636656
1.888921,1.182987,-0.642356
1.881614,1.181818,-0.64981
1.886291,1.176849,-0.645864
1.884537,1.18328,-0.651272
1.874598,1.178603,-0.637971
1.869044,1.175095,-0.633587
1.882491,1.17071,-0.641479
1.883367,1.178603,-0.639871
1.87869,1.171003,-0.636364
1.886875,1.172464,-0.63344
1.881321,1.17948,-0.635194
1.880444,1.172464,-0.621894
1.887167,1.172464,-0.632856
1.876644,1.17451,-0.629202
1.878398,1.164864,-0.627156
1.887167,1.173926,-0.632125
1.881321,1.17071,-0.632856
1.876644,1.169249,-0.634025
1.87869,1.167203,-0.630664
1.883075,1.17188,-0.631687
1.883952,1.170418,-0.628763
1.882783,1.176264,-0.623356
1.87986,1.163403,-0.625256
1.877521,1.161941,-0.625694
1.874013,1.165156,-0.624963
1.877229,1.161941,-0.619994
1.879567,1.161941,-0.632271
1.87606,1.161941,-0.617217
1.873429,1.162233,-0.62891
1.874306,1.167203,-0.62014
1.870506,1.168956,-0.633879
1.868459,1.166326,-0.61824
1.869336,1.167787,-0.621894
1.869336,1.157849,-0.622186
1.862321,1.168079,-0.631687
1.857936,1.164864,-0.611225
1.860859,1.165741,-0.619702
1.862906,1.164864,-0.61634
1.867875,1.161356,-0.62204
1.861736,1.160479,-0.622771
1.861152,1.159018,-0.629348
1.862321,1.159602,-0.625548
1.863783,1.159895,-0.635925
1.864952,1.161064,-0.632564
1.862029,1.156972,-0.631979
1.856182,1.161941,-0.633879
1.85589,1.159895,-0.626279
1.860859,1.163695,-0.630956
1.860859,1.163987,-0.628617
1.854136,1.157849,-0.63461
1.857352,1.155218,-0.629056
1.852382,1.161941,-0.626717
1.852382,1.159895,-0.626425
1.852382,1.161064,-0.628617
1.853844,1.165449,-0.638702
1.853844,1.165156,-0.628763
1.857059,1.16691,-0.633148
1.850336,1.164864,-0.636217
1.847705,1.164572,-0.628325
1.858521,1.164572,-0.631394
1.847413,1.163695,-0.635487
1.843613,1.166033,-0.631394
1.843321,1.166618,-0.631394
1.845659,1.169833,-0.636656
1.842736,1.172757,-0.622186
1.843613,1.169249,-0.635633
1.846244,1.174218,-0.638117
1.846244,1.169541,-0.643964
1.843905,1.168956,-0.634317
1.844198,1.17071,-0.63651
1.843613,1.178018,-0.642941
1.840398,1.17451,-0.641479
1.840105,1.178018,-0.641918
1.842151,1.180941,-0.633148
1.841274,1.182111,-0.636656
1.839521,1.185911,-0.642502
1.84069,1.17831,-0.654049
1.833967,1.182987,-0.639871
1.833674,1.182111,-0.637094
1.836013,1.178603,-0.641187
1.83309,1.182695,-0.644841
1.840105,1.191757,-0.644256
1.832213,1.19088,-0.653025
1.837767,1.190295,-0.646156
1.836013,1.185911,-0.644548
1.838059,1.192341,-0.649225
1.836013,1.193218,-0.646887
1.837182,1.193803,-0.653318
1.835428,1.187372,-0.645571
1.843321,1.192049,-0.652587
1.824613,1.193218,-0.658433
1.831921,1.192926,-0.652879
1.832213,1.196141,-0.655364
1.829874,1.19088,-0.661356
1.83689,1.201403,-0.660041
1.829874,1.201695,-0.648641
1.82929,1.201111,-0.655656
1.834551,1.202865,-0.65551
1.826367,1.203157,-0.65361
1.832213,1.201111,-0.65741
1.828705,1.202865,-0.667641
1.823151,1.202572,-0.661941
1.828413,1.20608,-0.657995
1.835721,1.207249,-0.662526
1.826074,1.206957,-0.670272
1.824028,1.213973,-0.656972
1.821982,1.211049,-0.664279
1.832213,1.208419,-0.665741
1.826951,1.208711,-0.680649
1.82432,1.215726,-0.666179
1.823736,1.210172,-0.661356
1.826367,1.211634,-0.675241
1.819643,1.214265,-0.669249
1.831044,1.208419,-0.66881
1.831336,1.219234,-0.676849
1.827828,1.207249,-0.677141
1.817305,1.203157,-0.67831
1.819351,1.209003,-0.682549
1.816136,1.210465,-0.685326
1.823443,1.213096,-0.676118
1.822859,1.218065,-0.67948
1.82432,1.219819,-0.675826
1.822567,1.225957,-0.67948
1.823443,1.21748,-0.683572
1.811459,1.222742,-0.687664
1.823443,1.22245,-0.68138
1.821397,1.220111,-0.688834
1.822859,1.220696,-0.683134
1.821105,1.22245,-0.689272
1.821982,1.222742,-0.681818
1.823443,1.222742,-0.686349
1.825782,1.226542,-0.688688
1.82052,1.21865,-0.689564
1.820813,1.224496,-0.69088
1.819351,1.23005,-0.684303
1.823736,1.230927,-0.684449
1.828997,1.232388,-0.691318
1.827828,1.239696,-0.698918
1.827536,1.239404,-0.688395
1.824905,1.234142,-0.687372
1.831044,1.239696,-0.687957
1.818766,1.238819,-0.695118
1.82052,1.234727,-0.698626
1.82169,1.236773,-0.688834
1.827243,1.237942,-0.68518
1.819351,1.237942,-0.701549
1.833382,1.235604,-0.689418
1.824905,1.244081,-0.694826
1.823151,1.237942,-0.706665
1.832213,1.239696,-0.700088
1.831044,1.239696,-0.699503
1.828705,1.242619,-0.704619
1.824905,1.242034,-0.69848
1.834551,1.240573,-0.694388
1.829874,1.246711,-0.704911
1.826367,1.251388,-0.710026
1.825197,1.249342,-0.706519
1.828705,1.242034,-0.698918
1.828413,1.251681,-0.703742
1.828705,1.244958,-0.706811
1.832213,1.24525,-0.702134
1.83689,1.238819,-0.693218
1.831628,1.246419,-0.707249
1.833967,1.242619,-0.711196
1.837182,1.256358,-0.708419
1.82929,1.248465,-0.707395
1.837767,1.251681,-0.703888
1.834259,1.251388,-0.699649
1.833967,1.248465,-0.699795
1.837182,1.254604,-0.710465
1.833674,1.256065,-0.698918
1.835136,1.255189,-0.705495
1.83689,1.249635,-0.709149
1.842444,1.248465,-0.705057
1.841859,1.259281,-0.70418
1.840398,1.24905,-0.718357
1.836597,1.253142,-0.678018
1.842736,1.250512,-0.701988
1.838351,1.246711,-0.706811
1.842444,1.248173,-0.708419
1.847413,1.248465,-0.707249
1.843905,1.247296,-0.697311
1.842736,1.254312,-0.710026
1.842444,1.253727,-0.706811
1.842736,1.251681,-0.703742
1.838059,1.250512,-0.711634
1.851505,1.253727,-0.712511
1.84829,1.245835,-0.709734
1.850336,1.251096,-0.710465
1.845659,1.249342,-0.709149
1.851798,1.244081,-0.714411
1.854429,1.243788,-0.710026
1.851505,1.248173,-0.694095
1.848875,1.250512,-0.703595
1.858229,1.247588,-0.706957
1.855013,1.248758,-0.697311
1.851798,1.247881,-0.687957
1.858229,1.242034,-0.688249
1.853844,1.245835,-0.697018
1.856767,1.242911,-0.697603
1.857644,1.239111,-0.701988
1.860275,1.247004,-0.707103
1.855598,1.232681,-0.701695
1.855305,1.237357,-0.690003
1.863783,1.241158,-0.700234
1.862029,1.244665,-0.697895
1.85969,1.239988,-0.699357
1.858813,1.237357,-0.685326
1.863198,1.231511,-0.691757
1.856767,1.235604,-0.690295
1.864367,1.23765,-0.693511
1.861444,1.227711,-0.690295
1.859105,1.241742,-0.693365
1.859105,1.227127,-0.684157
1.861444,1.224788,-0.697749
1.868167,1.232096,-0.69088
1.866998,1.227419,-0.685472
1.864075,1.227127,-0.691903
1.87226,1.224788,-0.681234
1.870798,1.227127,-0.67948
1.863783,1.221865,-0.683718
1.868752,1.224788,-0.686787
1.871383,1.217188,-0.674657
1.867875,1.216603,-0.671441
1.835721,1.218942,-0.670126
1.868459,1.221865,-0.665303
1.905583,1.213096,-0.66691
1.869629,1.21865,-0.67451
1.875475,1.213388,-0.665595
1.870213,1.214557,-0.674072
1.874598,1.214849,-0.674803
1.877229,1.212511,-0.673049
1.874598,1.21865,-0.669103
1.874306,1.214849,-0.65931
1.882198,1.212219,-0.668956
1.87606,1.206957,-0.662379
1.875475,1.209296,-0.668079
1.87109,1.212803,-0.667056
1.878106,1.209003,-0.663402
1.87869,1.205788,-0.65741
1.882198,1.203157,-0.665449
1.874598,1.210465,-0.66311
1.882783,1.205495,-0.663841
1.876352,1.210757,-0.666033
1.878398,1.204034,-0.651418
1.877229,1.195849,-0.671295
1.879567,1.204911,-0.659895
1.881029,1.197603,-0.667349
1.877521,1.192926,-0.65551
1.887752,1.196434,-0.664718
1.882783,1.198188,-0.654487
1.881906,1.197311,-0.658433
1.884829,1.202865,-0.654633
1.883367,1.188834,-0.64981
1.884829,1.191172,-0.649225
1.87869,1.185618,-0.65361
1.881614,1.185326,-0.648202
1.881614,1.18328,-0.647618
1.877229,1.185911,-0.650102
1.882198,1.182111,-0.653464
1.87986,1.177726,-0.645425
1.881321,1.176557,-0.639725
1.883075,1.178895,-0.650979
1.881321,1.178018,-0.645279
1.875183,1.17188,-0.641771
1.877813,1.17568,-0.643379
1.875767,1.177141,-0.642941
1.877813,1.176849,-0.645864
1.879567,1.171295,-0.638117
1.882783,1.173049,-0.64411
1.880444,1.172172,-0.638848
1.881029,1.180357,-0.642356
1.87606,1.165449,-0.644256
1.870798,1.172464,-0.632856
1.877229,1.165156,-0.638264
1.877521,1.17071,-0.631394
1.876352,1.167787,-0.634756
1.873721,1.167495,-0.636802
1.874598,1.167203,-0.642502
1.87606,1.171295,-0.626863
1.873721,1.161941,-0.63271
1.872552,1.162233,-0.633148
1.875183,1.165449,-0.622479
1.881029,1.157264,-0.634171
1.869921,1.164864,-0.634317
1.875767,1.165449,-0.62891
1.874306,1.163987,-0.632271
1.874598,1.160772,-0.632125
1.87489,1.16691,-0.636656
1.866121,1.162818,-0.63651
1.87109,1.161064,-0.629494
1.876352,1.163987,-0.633733
1.869336,1.160772,-0.630079
1.866706,1.15931,-0.628179
1.865829,1.158726,-0.62891
1.866413,1.153464,-0.636656
1.866706,1.156972,-0.625256
1.868752,1.160479,-0.616925
1.861444,1.158141,-0.62584
1.864075,1.164279,-0.62891
1.860567,1.156095,-0.627448
1.858813,1.158141,-0.618825
1.859982,1.164279,-0.614733
1.851505,1.159018,-0.618094
1.860859,1.153756,-0.62204
1.858813,1.158433,-0.633733
1.859398,1.127156,-0.611225
1.859982,1.123356,-0.61254
1.852967,1.196141,-0.628325
1.849752,1.162526,-0.620286
1.859105,1.165449,-0.629787
1.853552,1.167495,-0.63271
1.859105,1.160187,-0.629202
1.858813,1.161649,-0.628033
1.851213,1.157556,-0.622625
1.850628,1.159895,-0.630664
1.857059,1.162233,-0.631102
1.854429,1.157556,-0.636071
1.848582,1.16311,-0.636217
1.847121,1.168372,-0.628763
1.855598,1.157849,-0.631248
1.847121,1.161064,-0.636948
1.841274,1.159602,-0.633879
1.843028,1.153756,-0.626425
1.839228,1.147618,-0.599971
1.832505,1.143233,-0.594271
1.80912,1.142356,-0.581701
1.795089,1.162233,-0.563432
1.779597,1.201403,-0.563432
1.763519,1.236773,-0.562847
1.761766,1.274773,-0.572055
1.760889,1.300497,-0.583455
1.749196,1.327682,-0.601286
1.744811,1.351067,-0.604648
1.750073,1.375621,-0.621163
1.749488,1.405145,-0.630079
1.75855,1.426191,-0.640602
1.761766,1.435838,-0.646595
1.758258,1.446653,-0.658433
1.766735,1.457176,-0.670856
1.770535,1.463899,-0.676118
1.773166,1.47413,-0.673195
1.778135,1.477054,-0.674949
1.786027,1.477054,-0.68138
1.794505,1.481438,-0.685472
1.789828,1.485238,-0.688395
1.795089,1.48553,-0.684595
1.806489,1.4791,-0.684303
1.814674,1.475007,-0.696872
1.814966,1.476469,-0.694972
1.817305,1.472961,-0.691611
1.82549,1.466823,-0.696141
1.826951,1.464484,-0.684157
1.828705,1.45513,-0.693072
1.834259,1.456007,-0.692634
1.841859,1.450745,-0.685326
1.841567,1.444314,-0.68518
1.849167,1.441099,-0.680649
1.855013,1.436422,-0.674949
1.857352,1.430284,-0.686057
1.855305,1.425022,-0.672756
1.859982,1.422099,-0.673049
1.857936,1.41713,-0.672026
1.864075,1.412452,-0.65931
1.859105,1.409237,-0.655072
1.867875,1.403683,-0.654779
1.870213,1.400175,-0.652148
1.87489,1.392575,-0.654925
1.875183,1.389652,-0.663402
1.873721,1.391406,-0.653756
1.881029,1.381467,-0.649225
1.883367,1.379421,-0.654049
1.87226,1.364513,-0.641918
1.878983,1.367729,-0.638556
1.877813,1.362467,-0.639433
1.885998,1.361882,-0.634902
1.886583,1.362175,-0.622333
1.881029,1.35779,-0.634756
1.88366,1.349898,-0.620579
1.885414,1.314528,-0.609179
1.886291,1.333236,-0.616633
1.882491,1.334405,-0.623648
1.882783,1.33119,-0.617948
1.886583,1.327682,-0.607279
1.881906,1.320082,-0.613563
1.890091,1.318913,-0.60684
1.88366,1.31979,-0.602894
1.888921,1.309559,-0.600848
1.888337,1.309851,-0.58594
1.89886,1.308974,-0.591201
1.888044,1.311605,-0.583747
1.889214,1.298158,-0.586086
1.893891,1.296405,-0.587547
1.88746,1.288512,-0.578778
1.892137,1.286758,-0.584332
1.894768,1.287343,-0.575563
1.892721,1.286174,-0.572201
1.893891,1.277697,-0.575417
1.892721,1.271558,-0.571616
1.896229,1.26922,-0.570301
1.89126,1.27185,-0.563139
1.890675,1.267173,-0.559632
1.888044,1.262789,-0.557293
1.893014,1.262496,-0.558316
1.894475,1.261619,-0.554516
1.88366,1.259573,-0.558462
1.890675,1.256358,-0.557001
1.893014,1.246419,-0.551593
1.882491,1.252265,-0.550278
1.882198,1.241158,-0.545016
1.881614,1.24525,-0.546185
1.882783,1.24145,-0.540193
1.87606,1.234142,-0.541362
1.881614,1.237065,-0.541508
1.883075,1.236188,-0.544431
1.881614,1.225665,-0.536101
1.882198,1.228296,-0.532447
1.883367,1.223619,-0.530547
1.879567,1.225957,-0.545455
1.875767,1.227419,-0.524993
1.875475,1.225665,-0.530985
1.869336,1.223619,-0.528647
1.863198,1.219234,-0.533616
1.870213,1.22508,-0.540778
1.860859,1.213096,-0.538147
1.862613,1.211926,-0.533177
1.862029,1.21865,-0.532008
1.866706,1.211634,-0.521339
1.859982,1.212511,-0.524408
1.849459,1.214265,-0.5247
1.852382,1.205203,-0.520316
1.847413,1.204034,-0.513154
1.847998,1.201988,-0.51827
1.841859,1.208419,-0.516516
1.848875,1.207249,-0.529816
1.843028,1.210172,-0.518854
1.840398,1.196434,-0.519
1.845951,1.203157,-0.520754
1.839228,1.200526,-0.522947
1.833674,1.195557,-0.52777
1.831628,1.199649,-0.527477
1.828705,1.201695,-0.527039
1.823151,1.204326,-0.513154
1.827828,1.204619,-0.519877
1.833382,1.197311,-0.537416
1.827536,1.202865,-0.530839
1.82169,1.207542,-0.53537
1.82169,1.20608,-0.525139
1.818182,1.201695,-0.535224
1.810874,1.202572,-0.528062
1.811751,1.20228,-0.528939
1.808828,1.201988,-0.544285
1.808535,1.208126,-0.524116
1.802982,1.20608,-0.543847
1.800351,1.206665,-0.533324
1.792166,1.208419,-0.542531
1.796843,1.210465,-0.537562
1.790704,1.214557,-0.543262
1.792166,1.210172,-0.540193
1.781643,1.215726,-0.538293
1.785151,1.20988,-0.547355
1.78135,1.220403,-0.54867
1.782812,1.218065,-0.534201
1.783689,1.214557,-0.54867
1.777843,1.21865,-0.561678
1.77492,1.223034,-0.549547
1.77112,1.220403,-0.557439
1.769366,1.222742,-0.527916
1.768489,1.223619,-0.562701
1.763812,1.220403,-0.572201
1.769366,1.23005,-0.554809
1.761473,1.271558,-0.569716
1.752119,1.240281,-0.573224
1.757673,1.239988,-0.576293
1.749488,1.24145,-0.589009
1.744227,1.242327,-0.577463
1.751535,1.240865,-0.574978
1.751535,1.248173,-0.590471
1.747735,1.254019,-0.592809
1.75095,1.250804,-0.599825
1.741888,1.253727,-0.597486
1.742765,1.258989,-0.604502
1.73195,1.266004,-0.608155
1.733119,1.27185,-0.603332
1.728442,1.274189,-0.610932
1.729904,1.280327,-0.621894
1.725227,1.272143,-0.626863
1.73575,1.281204,-0.622186
1.725227,1.277404,-0.61634
1.732242,1.290558,-0.627887
1.727565,1.287928,-0.640164
1.719965,1.299035,-0.639871
1.723765,1.304005,-0.637387
1.71938,1.296989,-0.637387
1.717042,1.30722,-0.641479
1.718503,1.300789,-0.651125
1.704765,1.316282,-0.642941
1.710903,1.313359,-0.653172
1.70798,1.31102,-0.650833
1.711488,1.314528,-0.645425
1.71178,1.323297,-0.667933
1.709734,1.330897,-0.666033
1.703595,1.336744,-0.677141
1.706519,1.33879,-0.682403
1.706226,1.342882,-0.673926
1.708857,1.342882,-0.686787
1.707396,1.340544,-0.686934
1.697457,1.345805,-0.689564
1.695703,1.360713,-0.697749
1.700965,1.356036,-0.700088
1.700088,1.359836,-0.702865
1.694241,1.367144,-0.70038
1.692488,1.370944,-0.703303
1.69658,1.373575,-0.703011
1.688395,1.384683,-0.72128
1.684595,1.384975,-0.717919
1.691903,1.384683,-0.715873
1.691026,1.388775,-0.714849
1.691611,1.396083,-0.73005
1.692195,1.398714,-0.736481
1.691903,1.40456,-0.72888
1.690441,1.40456,-0.734288
1.689272,1.40076,-0.73268
1.690734,1.413329,-0.747588
1.694534,1.414206,-0.752412
1.68898,1.391406,-0.744958
1.690149,1.418006,-0.759719
1.694241,1.430576,-0.759573
1.695411,1.430284,-0.760742
1.695703,1.435545,-0.770973
1.69658,1.437884,-0.773897
1.697165,1.446945,-0.767612
1.70418,1.444607,-0.773312
1.697749,1.441099,-0.772581
1.698042,1.453376,-0.765127
1.706226,1.456007,-0.772581
1.706811,1.453961,-0.771996
1.705934,1.467992,-0.764104
1.713534,1.460684,-0.774335
1.713242,1.467407,-0.785443
1.712949,1.464776,-0.784566
1.710026,1.472669,-0.78632
1.713826,1.4753,-0.79202
1.711196,1.478223,-0.778866
1.723765,1.489038,-0.783689
1.717042,1.487869,-0.800643
1.724934,1.488161,-0.802105
1.73078,1.486115,-0.792751
1.717919,1.489915,-0.797135
1.727565,1.493131,-0.793335
1.71938,1.4943,-0.799474
1.729027,1.490792,-0.786904
1.738965,1.488746,-0.793774
1.728734,1.494008,-0.796697
1.731365,1.489623,-0.802689
1.738673,1.495469,-0.798889
1.740427,1.497515,-0.803712
1.746858,1.4981,-0.809412
1.739258,1.501023,-0.800351
1.751827,1.494008,-0.793335
1.751827,1.502485,-0.803274
1.748319,1.506577,-0.799328
1.751827,1.501315,-0.803712
1.75475,1.510085,-0.802105
1.763227,1.503946,-0.797574
1.757966,1.502485,-0.801959
1.763227,1.507454,-0.794358
1.763812,1.507162,-0.802543
1.766735,1.510377,-0.804882
1.76995,1.505116,-0.803274
1.768781,1.504238,-0.791874
1.775797,1.502485,-0.795966
1.779889,1.503946,-0.802689
1.779304,1.503362,-0.792897
1.783981,1.5057,-0.789535
1.78632,1.5019,-0.793774
1.784566,1.498685,-0.791143
1.785735,1.500731,-0.790558
1.792166,1.495762,-0.794651
1.791581,1.499562,-0.782227
1.796843,1.498977,-0.77492
1.798012,1.497223,-0.785297
1.801812,1.502485,-0.774043
1.794212,1.498392,-0.77185
1.801228,1.488161,-0.768343
1.800935,1.487284,-0.766735
1.807366,1.487284,-0.771266
1.810289,1.489623,-0.770973
1.815259,1.487577,-0.764396
1.812628,1.479684,-0.769658
1.812336,1.484946,-0.761619
1.822567,1.480269,-0.766735
1.824905,1.478515,-0.760889
1.831336,1.472376,-0.765273
1.828705,1.472669,-0.758112
1.82929,1.474715,-0.769073
1.835136,1.471207,-0.746419
1.830459,1.470623,-0.747296
1.834259,1.469453,-0.753142
1.834844,1.457176,-0.740573
1.833967,1.458053,-0.73575
1.845659,1.451622,-0.742765
1.832505,1.450745,-0.73575
1.84069,1.450161,-0.729319
1.843905,1.448407,-0.730196
1.847413,1.446945,-0.730488
1.847705,1.441684,-0.727857
1.846828,1.436422,-0.723911
1.849459,1.43613,-0.721134
1.851798,1.442268,-0.718942
1.857352,1.433499,-0.727565
1.860275,1.426484,-0.715873
1.856475,1.428822,-0.706226
1.857352,1.430576,-0.713242
1.86349,1.422391,-0.709003
1.862029,1.419468,-0.702865
1.868459,1.419176,-0.698772
1.866121,1.419176,-0.693657
1.864952,1.410406,-0.692341
1.864952,1.411868,-0.683426
1.87109,1.403683,-0.686349
1.861152,1.407776,-0.669103
1.867583,1.397837,-0.682549
1.87109,1.393452,-0.675826
1.874306,1.391114,-0.678749
1.871967,1.382344,-0.668226
1.872844,1.382637,-0.671149
1.873721,1.385267,-0.662526
1.87226,1.382052,-0.657995
1.873429,1.37299,-0.657995
1.878398,1.370944,-0.660479
1.880737,1.369775,-0.648202
1.879275,1.368898,-0.656387
1.879275,1.362175,-0.647471
1.877229,1.358082,-0.64221
1.885121,1.353405,-0.644548
1.884829,1.351652,-0.647471
1.888629,1.354575,-0.635633
1.888044,1.348436,-0.637679
1.883952,1.347559,-0.636948
1.884537,1.337621,-0.627448
1.889798,1.335282,-0.624817
1.888337,1.334113,-0.623502
1.89886,1.331482,-0.612832
1.892137,1.332944,-0.608302
1.89506,1.324759,-0.618386
1.890675,1.317743,-0.612248
1.887167,1.314528,-0.609471
1.892721,1.310436,-0.603625
1.894475,1.310728,-0.600848
1.892429,1.300205,-0.598801
1.888337,1.303128,-0.592955
1.890675,1.299912,-0.595732
1.895352,1.301666,-0.581994
1.895645,1.293481,-0.59164
1.894768,1.290558,-0.581263
1.884829,1.289389,-0.574978
1.896521,1.281497,-0.579801
1.894183,1.282081,-0.567963
1.893014,1.285004,-0.574101
1.892137,1.277989,-0.572055
1.897691,1.277989,-0.570593
1.895937,1.275066,-0.565332
1.893598,1.26805,-0.563432
1.893598,1.268927,-0.561239
1.88746,1.264835,-0.564601
1.890091,1.256942,-0.564016
1.885998,1.257235,-0.54867
1.891552,1.259573,-0.554955
1.888337,1.247296,-0.554516
1.888044,1.248758,-0.541947
1.893598,1.24905,-0.547647
1.889506,1.24145,-0.540924
1.885998,1.242911,-0.538585
1.885706,1.24525,-0.535662
1.88366,1.243788,-0.52967
1.884244,1.239696,-0.533762
1.87489,1.231511,-0.535662
1.881906,1.232681,-0.534493
1.884829,1.224203,-0.532008
1.876644,1.22888,-0.535808
1.872552,1.223911,-0.531131
1.876644,1.223327,-0.519585
1.873137,1.222157,-0.52207
1.868167,1.217773,-0.490354
1.869629,1.218357,-0.557293
1.86729,1.215726,-0.518416
1.866706,1.212511,-0.512862
1.866706,1.206372,-0.521631
1.862613,1.211049,-0.52397
1.863198,1.211634,-0.526893
1.858813,1.211634,-0.524116
1.855305,1.20608,-0.528062
1.849167,1.205788,-0.515639
1.853259,1.208126,-0.520023
1.855598,1.204326,-0.519731
1.846244,1.203449,-0.520754
1.844782,1.207834,-0.524116
1.847705,1.207542,-0.514031
1.838059,1.208711,-0.515639
1.839813,1.200818,-0.526162
1.837182,1.204619,-0.512423
1.831044,1.192926,-0.506723
1.832505,1.197603,-0.514031
1.830751,1.200526,-0.518708
1.825197,1.19848,-0.532154
1.823736,1.201111,-0.509354
1.826367,1.193803,-0.521631
1.817013,1.201988,-0.5171
1.816428,1.19848,-0.523531
1.817889,1.206372,-0.536685
1.811459,1.19848,-0.528354
1.810874,1.202865,-0.535077
1.808535,1.204911,-0.536101
1.810582,1.205788,-0.539024
1.804443,1.206957,-0.535077
1.800643,1.203449,-0.532154
1.799766,1.200818,-0.538147
1.799474,1.199649,-0.538001
1.793628,1.20608,-0.533762
1.790412,1.207834,-0.542093
1.788074,1.21368,-0.539316
1.789828,1.210465,-0.546624
1.785735,1.214849,-0.543555
1.782227,1.216019,-0.545747
1.783397,1.214849,-0.548231
1.782227,1.219526,-0.558462
1.778427,1.220988,-0.55247
1.779597,1.22128,-0.567524
1.770827,1.220696,-0.568693
1.772581,1.220988,-0.557585
1.767904,1.230342,-0.568547
1.763812,1.232388,-0.567086
1.759135,1.240573,-0.566355
1.763519,1.239988,-0.576293
1.759719,1.241742,-0.568693
1.752119,1.240865,-0.563432
1.752119,1.247588,-0.576293
1.749781,1.240281,-0.574101
1.750073,1.249927,-0.588571
1.745981,1.254896,-0.588863
1.741888,1.253727,-0.592224
1.738673,1.261327,-0.595001
1.742473,1.265419,-0.606402
1.743058,1.263373,-0.592517
1.739842,1.265127,-0.596609
1.73575,1.268343,-0.598948
1.740427,1.272143,-0.606109
1.731365,1.275358,-0.613709
1.731365,1.279743,-0.612686
1.734873,1.282958,-0.62131
1.725519,1.285589,-0.620871
1.729611,1.29202,-0.614294
1.731657,1.294943,-0.616779
1.722303,1.299328,-0.630371
1.723765,1.296112,-0.630956
1.715873,1.303712,-0.641041
1.713534,1.308389,-0.636948
1.709442,1.312482,-0.641041
1.71178,1.313066,-0.642064
1.711488,1.326513,-0.640894
1.703303,1.32242,-0.645133
1.712949,1.325051,-0.644548
1.709149,1.327682,-0.655949
1.703595,1.329728,-0.659602
1.706811,1.343467,-0.660187
1.705934,1.344344,-0.663256
1.70038,1.337036,-0.673195
1.694826,1.351359,-0.67831
1.700965,1.351652,-0.67948
1.700672,1.363636,-0.680064
1.700088,1.355159,-0.690149
1.699795,1.365975,-0.695265
1.694826,1.363929,-0.700526
1.696872,1.367436,-0.707103
1.698334,1.372113,-0.69848
1.695411,1.37679,-0.705495
1.688103,1.374744,-0.705934
1.695995,1.386729,-0.714849
1.698626,1.349898,-0.716749
1.693657,1.391991,-0.712803
1.695995,1.396083,-0.718942
1.694534,1.397545,-0.719234
1.690441,1.409529,-0.728588
1.694534,1.397837,-0.738527
1.698918,1.406022,-0.736042
1.689564,1.415376,-0.73385
1.69278,1.417714,-0.733411
1.693657,1.416545,-0.726396
1.691611,1.428237,-0.756212
1.697749,1.43116,-0.737211
1.695118,1.424437,-0.754165
1.694826,1.433499,-0.744373
1.693949,1.441099,-0.755627
1.695411,1.44373,-0.760012
1.697457,1.444022,-0.761035
1.700672,1.440807,-0.758696
1.698918,1.451915,-0.765712
1.70038,1.449284,-0.760596
1.707688,1.460099,-0.769073
1.704472,1.463899,-0.777697
1.70798,1.462146,-0.777112
1.711196,1.465069,-0.782666
1.707103,1.465946,-0.788658
1.712072,1.470915,-0.789389
1.715288,1.473838,-0.792312
1.714119,1.479392,-0.789097
1.715288,1.478807,-0.780766
1.721426,1.483484,-0.792897
1.72318,1.478515,-0.792166
1.721719,1.479977,-0.787343
1.723473,1.485823,-0.803128
1.72318,1.491084,-0.79012
1.728734,1.495469,-0.803128
1.724642,1.489331,-0.798012
1.735457,1.495762,-0.802835
1.731365,1.495177,-0.803274
1.738381,1.493715,-0.802543
1.74335,1.498977,-0.806782
1.737796,1.496931,-0.800205
1.740134,1.492838,-0.800935
1.738088,1.4981,-0.791289
1.744811,1.500731,-0.811751
1.743642,1.497223,-0.798451
1.75475,1.510085,-0.794943
1.744519,1.506869,-0.801959
1.75475,1.497515,-0.80342
1.759135,1.497808,-0.808389
1.760304,1.5019,-0.798597
1.761766,1.500731,-0.800789
1.795674,1.499562,-0.809266
1.763812,1.505408,-0.808682
1.772289,1.500146,-0.798012
1.775504,1.501608,-0.800205
1.770535,1.508916,-0.802397
1.774043,1.5019,-0.788658
1.770535,1.504531,-0.798597
1.781935,1.505992,-0.786758
1.790704,1.505408,-0.794505
1.779889,1.494884,-0.787197
1.791289,1.497515,-0.78252
1.789828,1.496054,-0.79012
1.792458,1.493715,-0.78252
1.791874,1.491084,-0.786758
1.798889,1.488161,-0.785151
1.799474,1.495469,-0.774189
1.801228,1.496346,-0.778574
1.795089,1.490208,-0.794066
1.796843,1.488454,-0.778281
1.805612,1.487869,-0.784127
1.807366,1.487577,-0.773166
1.805612,1.482023,-0.76732
1.814089,1.484946,-0.763227
1.814089,1.480854,-0.760158
1.814382,1.483777,-0.767612
1.82169,1.481438,-0.767612
1.818474,1.473546,-0.754458
1.824905,1.467407,-0.753581
1.830167,1.466238,-0.760742
1.822859,1.465653,-0.759866
1.831628,1.463899,-0.745396
1.832505,1.465069,-0.754312
1.839521,1.461269,-0.740427
1.829874,1.455715,-0.745835
1.835721,1.453084,-0.742765
1.838644,1.453961,-0.735311
1.848875,1.454838,-0.72435
1.845367,1.446945,-0.737357
1.843321,1.447822,-0.733411
1.847998,1.435253,-0.727419
1.850921,1.438468,-0.72318
1.847413,1.435838,-0.713534
1.846244,1.43993,-0.717773
1.852675,1.428822,-0.706665
1.847413,1.431745,-0.704765
1.858521,1.425022,-0.709442
1.861444,1.418883,-0.706811
1.858813,1.421222,-0.703888
1.862029,1.416545,-0.695995
1.864075,1.413329,-0.70038
1.864659,1.411576,-0.694972
1.858229,1.408068,-0.687372
1.860567,1.397837,-0.683572
1.865829,1.398714,-0.683572
1.87109,1.399883,-0.678895
1.869336,1.397837,-0.67568
1.875475,1.397545,-0.676118
1.875475,1.388775,-0.680795
1.871967,1.383221,-0.676849
1.868752,1.38439,-0.678018
1.875183,1.388483,-0.671003
1.880152,1.374452,-0.664426
1.87986,1.372113,-0.652148
1.873721,1.367144,-0.652879
1.885998,1.369483,-0.649079
1.881906,1.368606,-0.654195
1.881029,1.360129,-0.642064
1.888044,1.353698,-0.647471
1.888044,1.356913,-0.644256
1.886291,1.352528,-0.644841
1.892721,1.346682,-0.635779
1.884537,1.342005,-0.628617
1.89506,1.340836,-0.632417
1.887752,1.341421,-0.630079
1.890383,1.339082,-0.629933
1.88366,1.331482,-0.62014
1.886583,1.327097,-0.620871
1.893891,1.325636,-0.626863
1.893598,1.324759,-0.624233
1.894475,1.323882,-0.614002
1.895352,1.317159,-0.591932
1.893598,1.313943,-0.602309
1.886291,1.314528,-0.597778
1.893598,1.308682,-0.634464
1.902075,1.305174,-0.58974
1.893598,1.302835,-0.587547
1.895937,1.304882,-0.581117
1.891552,1.291728,-0.594271
1.892721,1.294651,-0.582286
1.897983,1.292897,-0.581409
1.892429,1.283543,-0.583747
1.892429,1.285004,-0.584186
1.896814,1.281789,-0.571616
1.900029,1.285881,-0.58404
1.894183,1.273604,-0.564455
1.898568,1.277404,-0.565624
1.890091,1.269804,-0.562701
1.891845,1.262496,-0.557293
1.890968,1.265419,-0.565332
1.888044,1.266296,-0.563578
1.889798,1.261327,-0.559632
1.886583,1.254604,-0.557293
1.888044,1.250804,-0.560801
1.895352,1.249342,-0.562262
1.890383,1.248173,-0.56387
1.893306,1.252265,-0.536977
1.884244,1.242327,-0.544139
1.882198,1.234142,-0.543116
1.881614,1.235604,-0.542824
1.880152,1.239696,-0.53917
1.884537,1.239404,-0.540631
1.888337,1.239111,-0.543408
1.889506,1.233265,-0.53157
1.88366,1.23765,-0.540924
1.879567,1.234434,-0.530547
1.880444,1.231219,-0.536101
1.875767,1.235604,-0.531716
1.872844,1.22128,-0.528208
1.875767,1.229465,-0.5228
1.877813,1.223327,-0.523239
1.86729,1.225957,-0.525285
1.87489,1.220696,-0.532447
1.857936,1.214849,-0.528354
1.866998,1.218065,-0.558462
1.865536,1.216896,-0.525723
1.857059,1.210757,-0.525285
1.856182,1.212511,-0.524993
1.852967,1.220696,-0.515054
1.847121,1.209003,-0.527916
1.850921,1.214265,-0.519877
1.854429,1.212219,-0.515639
1.848875,1.212803,-0.519439
1.84449,1.212511,-0.514762
1.839813,1.204619,-0.516808
1.842736,1.197895,-0.522508
1.834259,1.200234,-0.525431
1.838351,1.20608,-0.518854
1.830751,1.203742,-0.515931
1.828413,1.201403,-0.515785
1.824905,1.203742,-0.518854
1.825782,1.204034,-0.531277
1.823443,1.201695,-0.524116
1.822859,1.200526,-0.533324
1.818182,1.204619,-0.534931
1.812628,1.200234,-0.529085
1.802397,1.209003,-0.527039
1.810289,1.212803,-0.541362
1.810582,1.206665,-0.536685
1.802105,1.211342,-0.534639
1.800643,1.210172,-0.527331
1.79772,1.217188,-0.532739
1.795381,1.22888,-0.546916
1.787781,1.249342,-0.544139
1.779012,1.292604,-0.550278
1.774627,1.343174,-0.573224
1.767027,1.396668,-0.597194
1.771996,1.42473,-0.614002
1.767904,1.44373,-0.63081
1.771996,1.463315,-0.634902
1.775797,1.466238,-0.64981
1.779889,1.486115,-0.660626
1.790704,1.484946,-0.680941
1.786904,1.495762,-0.681234
1.789243,1.495469,-0.693218
1.795966,1.496346,-0.694972
1.803859,1.502192,-0.702134
1.816428,1.497223,-0.707542
1.817889,1.489331,-0.701549
1.823443,1.493423,-0.709588
1.831336,1.486992,-0.71558
1.834844,1.470623,-0.713242
1.841567,1.47413,-0.719673
1.849752,1.47413,-0.710172
1.84829,1.465069,-0.701695
1.861152,1.463607,-0.699357
1.856182,1.45133,-0.701988
1.858229,1.450745,-0.696288
1.858521,1.441391,-0.703888
1.866998,1.42853,-0.708857
1.870213,1.42473,-0.694095
1.876644,1.41713,-0.697603
1.881029,1.414206,-0.693949
1.87606,1.407191,-0.697749
1.883075,1.400468,-0.683134
1.882198,1.399591,-0.682695
1.884537,1.385852,-0.677872
1.89506,1.382052,-0.675826
1.890091,1.373575,-0.667349
1.888921,1.370944,-0.669541
1.902952,1.364513,-0.659018
1.899152,1.360421,-0.662526
1.894768,1.359544,-0.665449
1.903829,1.356913,-0.651856
1.908799,1.352821,-0.648348
1.905583,1.345805,-0.650248
1.909968,1.336451,-0.645864
1.914645,1.334697,-0.648348
1.912014,1.33499,-0.641625
1.906752,1.329728,-0.637679
1.91406,1.321836,-0.633148
1.912599,1.320374,-0.636071
1.90646,1.304882,-0.634317
1.904414,1.298158,-0.637387
1.901491,1.299912,-0.617217
1.911722,1.296112,-0.617656
1.916691,1.300205,-0.603186
1.916106,1.287051,-0.612686
1.914645,1.290851,-0.618533
1.913476,1.287051,-0.597632
1.912599,1.28062,-0.60114
1.920491,1.269804,-0.600994
1.916106,1.27682,-0.595294
1.915814,1.265419,-0.587694
1.914645,1.261619,-0.581701
1.915229,1.261035,-0.584624
1.92663,1.257235,-0.57454
1.916983,1.24905,-0.57644
1.920491,1.245835,-0.575124
1.918153,1.242034,-0.584624
1.91786,1.232096,-0.58214
1.920199,1.226834,-0.563724
1.91026,1.228004,-0.568693
1.924291,1.225957,-0.563432
1.918153,1.224788,-0.561824
1.920199,1.22508,-0.561678
1.912014,1.206665,-0.557001
1.912891,1.210172,-0.558316
1.905875,1.200526,-0.552178
1.91026,1.203449,-0.556124
1.89886,1.211342,-0.553347
1.901199,1.204911,-0.545893
1.901783,1.202865,-0.531862
1.905583,1.193511,-0.530108
1.904122,1.193218,-0.542678
1.903245,1.189126,-0.529524
1.896814,1.180649,-0.528208
1.895352,1.182695,-0.523385
1.888337,1.183572,-0.537562
1.901199,1.181818,-0.523823
1.89886,1.173049,-0.525723
1.889506,1.174803,-0.526016
1.891845,1.174218,-0.518854
1.894768,1.169249,-0.515493
1.896521,1.163403,-0.514177
1.893891,1.164864,-0.511985
1.887752,1.160479,-0.519731
1.887752,1.158726,-0.518123
1.882783,1.159602,-0.524847
1.880737,1.156387,-0.518708
1.884244,1.163987,-0.506577
1.876352,1.159018,-0.518123
1.879275,1.159018,-0.510085
1.870798,1.158726,-0.510085
1.873429,1.154925,-0.518708
1.872552,1.156972,-0.517539
1.865829,1.159602,-0.514469
1.864659,1.152587,-0.523239
1.857644,1.152002,-0.516077
1.857644,1.15171,-0.519877
1.852382,1.153464,-0.52207
1.849459,1.157849,-0.514323
1.845367,1.146156,-0.521485
1.848582,1.150833,-0.526454
1.840398,1.149664,-0.523385
1.845951,1.157849,-0.515493
1.841567,1.14791,-0.507015
1.842444,1.148202,-0.525285
1.830167,1.151125,-0.519293
1.841567,1.154633,-0.528354
1.841274,1.155802,-0.519146
1.831628,1.151125,-0.532593
1.831628,1.160772,-0.532739
1.82929,1.151418,-0.533616
1.820228,1.154633,-0.533031
1.824905,1.156972,-0.532885
1.823736,1.164864,-0.538585
1.817889,1.164864,-0.533762
1.812628,1.160187,-0.557439
1.81292,1.164572,-0.533762
1.807659,1.161941,-0.538001
1.812336,1.163987,-0.553201
1.814966,1.166033,-0.548816
1.813213,1.171587,-0.550716
1.808243,1.177141,-0.556562
1.807951,1.17568,-0.553932
1.798305,1.17451,-0.554224
1.800058,1.18328,-0.548816
1.800643,1.185911,-0.553493
1.794505,1.188834,-0.569132
1.790704,1.18328,-0.559778
1.788951,1.188541,-0.571032
1.790997,1.186495,-0.558462
1.790412,1.197311,-0.576732
1.775797,1.190003,-0.574832
1.780766,1.190588,-0.574101
1.780474,1.20228,-0.577901
1.779012,1.212511,-0.581701
1.780474,1.200526,-0.588132
1.779597,1.216019,-0.577609
1.772581,1.210465,-0.591055
1.766735,1.210172,-0.586817
1.773458,1.216311,-0.595001
1.769073,1.213388,-0.569424
1.76615,1.216311,-0.600263
1.763812,1.229173,-0.601432
1.757673,1.21865,-0.599825
1.756796,1.234142,-0.610056
1.724642,1.233265,-0.616194
1.753289,1.227419,-0.621163
1.760889,1.236481,-0.611956
1.761766,1.242034,-0.62014
1.760889,1.247296,-0.633148
1.755919,1.247004,-0.628617
1.754165,1.247296,-0.622479
1.753289,1.253435,-0.634317
1.748612,1.262204,-0.626717
1.747735,1.258696,-0.63344
1.749196,1.261619,-0.640602
1.739258,1.266881,-0.647618
1.745104,1.261619,-0.650248
1.734581,1.268343,-0.65361
1.742765,1.26805,-0.64411
1.736334,1.275943,-0.65171
1.731657,1.281497,-0.663987
1.732242,1.283251,-0.662964
1.738965,1.283543,-0.670418
1.732534,1.291435,-0.664572
1.737211,1.29202,-0.671149
1.733996,1.296697,-0.67261
1.741888,1.302251,-0.677726
1.736334,1.296697,-0.675826
1.727565,1.304005,-0.680357
1.731657,1.308097,-0.691026
1.73575,1.308389,-0.686641
1.729904,1.302543,-0.688688
1.725227,1.314528,-0.701842
1.72698,1.31979,-0.69468
1.729319,1.31862,-0.703449
1.722303,1.328559,-0.711488
1.719673,1.327974,-0.701111
1.728442,1.328267,-0.713388
1.722303,1.332651,-0.718211
1.718503,1.337913,-0.705934
1.722011,1.340544,-0.719673
1.71938,1.344928,-0.712803
1.717919,1.348728,-0.72435
1.722888,1.352821,-0.721865
1.729319,1.357498,-0.738234
1.722303,1.360129,-0.737796
1.728734,1.35779,-0.73765
1.724934,1.362175,-0.738234
1.721134,1.371236,-0.746419
1.722303,1.367144,-0.738381
1.722888,1.38176,-0.740134
1.724057,1.383514,-0.750658
1.724057,1.380883,-0.737942
1.725227,1.380883,-0.749781
1.690734,1.386437,-0.754896
1.730196,1.391406,-0.752996
1.73078,1.391991,-0.768635
1.729904,1.383806,-0.756796
1.727565,1.398129,-0.770827
1.724642,1.401929,-0.764396
1.71938,1.400175,-0.769512
1.728734,1.403683,-0.769366
1.723473,1.401929,-0.774189
1.731073,1.40836,-0.78135
1.733411,1.411868,-0.772581
1.728734,1.418006,-0.775358
1.734288,1.413329,-0.773166
1.73575,1.418883,-0.779889
1.736627,1.421222,-0.768781
1.738673,1.422976,-0.77565
1.741304,1.42853,-0.78062
1.742181,1.425606,-0.787635
1.742181,1.429407,-0.790851
1.74335,1.430868,-0.787197
1.744519,1.431745,-0.779012
1.746273,1.430576,-0.791874
1.740427,1.428822,-0.791728
1.749781,1.434376,-0.794066
1.743935,1.444899,-0.79202
1.751827,1.440222,-0.796551
1.760012,1.441391,-0.785735
1.75855,1.446361,-0.797135
1.757089,1.442561,-0.792897
1.754458,1.438468,-0.800205
1.755042,1.448992,-0.792312
1.759135,1.441099,-0.801082
1.757381,1.449576,-0.804882
1.762058,1.450745,-0.79202
1.764689,1.451622,-0.796989
1.764981,1.461853,-0.796258
1.770827,1.456007,-0.808682
1.776089,1.457761,-0.802397
1.764396,1.453084,-0.807074
1.766735,1.451038,-0.809997
1.773166,1.453084,-0.796843
1.776381,1.447822,-0.798889
1.782227,1.454545,-0.797428
1.783104,1.454545,-0.806635
1.783981,1.459807,-0.792897
1.790704,1.448407,-0.795528
1.795089,1.455422,-0.808389
1.80152,1.45893,-0.797866
1.760596,1.463899,-0.79582
1.800058,1.456299,-0.799182
1.803566,1.453961,-0.792312
1.808535,1.456884,-0.800205
1.810289,1.457176,-0.806635
1.82169,1.451622,-0.790412
1.817013,1.451622,-0.793628
1.817597,1.451622,-0.783104
1.820228,1.44753,-0.786027
1.826367,1.452499,-0.782812
1.822274,1.441976,-0.775358
1.831044,1.447238,-0.777697
1.831044,1.438468,-0.777112
1.843613,1.442561,-0.777843
1.836597,1.435838,-0.77112
1.846244,1.443438,-0.77112
1.842444,1.43993,-0.770243
1.849752,1.430576,-0.763227
1.851505,1.427068,-0.769658
1.851505,1.42736,-0.762643
1.857936,1.421806,-0.755335
1.849752,1.41596,-0.74525
1.862321,1.420637,-0.760596
1.862321,1.419468,-0.738088
1.870798,1.412452,-0.751388
1.871967,1.406899,-0.750658
1.86729,1.406606,-0.739988
1.87489,1.403098,-0.745981
1.876937,1.403098,-0.728588
1.873429,1.391698,-0.729904
1.870798,1.388483,-0.723327
1.872844,1.391991,-0.723911
1.875767,1.386729,-0.722011
1.881906,1.382929,-0.717188
1.882198,1.382344,-0.67758
1.886583,1.38439,-0.710172
1.889214,1.348144,-0.712511
1.890675,1.367436,-0.702426
1.892137,1.37036,-0.707395
1.89126,1.364806,-0.692049
1.897691,1.358959,-0.695995
1.892721,1.358082,-0.700526
1.900029,1.349605,-0.689857
1.903245,1.353405,-0.689711
1.895937,1.354575,-0.681964
1.900029,1.346682,-0.678749
1.900322,1.342298,-0.669833
1.91026,1.341128,-0.667203
1.915814,1.334113,-0.666472
1.907922,1.32739,-0.655949
1.90646,1.328559,-0.665741
1.91026,1.323882,-0.655072
1.906168,1.317159,-0.665595
1.909675,1.31102,-0.653756
1.908506,1.313651,-0.636948
1.916106,1.31102,-0.639141
1.91406,1.301958,-0.639287
1.909968,1.302251,-0.634025
1.912306,1.288804,-0.629056
1.923707,1.290266,-0.623063
1.911137,1.281204,-0.62014
1.916983,1.283543,-0.625548
1.916983,1.27682,-0.618825
1.915522,1.272727,-0.604794
1.916106,1.27682,-0.616048
1.918153,1.26922,-0.608886
1.927214,1.268927,-0.606986
1.92663,1.266004,-0.609909
1.926922,1.262496,-0.62131
1.927799,1.251973,-0.605671
1.915229,1.249927,-0.599386
1.926045,1.25285,-0.598801
1.915814,1.252558,-0.588863
1.918445,1.240865,-0.578778
1.923414,1.235604,-0.581263
1.919614,1.236481,-0.590032
1.926337,1.235896,-0.581994
1.918737,1.230342,-0.576878
1.916983,1.232388,-0.570301
1.923414,1.220111,-0.564455
1.919614,1.218942,-0.555539
1.917568,1.216896,-0.555832
1.913768,1.214265,-0.55627
1.917568,1.212219,-0.560947
1.92663,1.206957,-0.556855
1.916399,1.211634,-0.559486
1.916983,1.195849,-0.545016
1.90646,1.200526,-0.550862
1.914353,1.192341,-0.554955
1.903829,1.185034,-0.536685
1.907337,1.190295,-0.532008
1.907337,1.185911,-0.544285
1.904999,1.180649,-0.538439
1.897983,1.18708,-0.531716
1.895352,1.178895,-0.534493
1.899445,1.176264,-0.540924
1.899445,1.178018,-0.527477
1.899152,1.177141,-0.521777
1.889214,1.174218,-0.536539
1.894768,1.168956,-0.524554
1.893891,1.153756,-0.510231
1.890675,1.158141,-0.526162
1.885414,1.172172,-0.529962
1.885998,1.163403,-0.521193
1.883075,1.153464,-0.525723
1.877229,1.153464,-0.527185
1.873137,1.160187,-0.521631
1.878106,1.154341,-0.519585
1.877521,1.157849,-0.520608
1.870213,1.152002,-0.513593
1.869921,1.154049,-0.5266
1.864952,1.147618,-0.521631
1.864952,1.143233,-0.521485
1.869336,1.142648,-0.521046
1.855305,1.146448,-0.5285
1.852382,1.142648,-0.516662
1.857352,1.151125,-0.512569
1.85209,1.151418,-0.52017
1.85209,1.150541,-0.519877
1.850628,1.155218,-0.520023
1.840982,1.145279,-0.52587
1.841859,1.141187,-0.539608
1.84069,1.142356,-0.538731
1.844198,1.146741,-0.540339
1.838644,1.14411,-0.52207
1.838351,1.147033,-0.53537
1.830751,1.15171,-0.527039
1.825197,1.149372,-0.529524
1.823736,1.158726,-0.538293
1.828705,1.154049,-0.54107
1.827536,1.156679,-0.537854
1.829582,1.160479,-0.538439
1.814674,1.14791,-0.542239
1.812043,1.156972,-0.543847
1.816428,1.154633,-0.534347
1.812336,1.163695,-0.539462
1.81292,1.158433,-0.547355
1.80532,1.164279,-0.547647
1.803566,1.162818,-0.548378
1.807951,1.168956,-0.561093
1.799766,1.172757,-0.550424
1.803566,1.173049,-0.555101
1.803859,1.173633,-0.551301
1.800643,1.175095,-0.55057
1.794212,1.180357,-0.543262
1.786904,1.181234,-0.550424
1.78252,1.183572,-0.559339
1.791874,1.181818,-0.554809
1.786904,1.184741,-0.561824
1.783397,1.188541,-0.557001
1.783397,1.180357,-0.564163
1.77755,1.190003,-0.571178
1.77872,1.186787,-0.580094
1.780474,1.196141,-0.583894
1.775797,1.197311,-0.580094
1.768489,1.195557,-0.580386
1.77375,1.208126,-0.582286
1.780766,1.209003,-0.591201
1.771996,1.204619,-0.593978
1.772873,1.211926,-0.592809
1.764981,1.21368,-0.603332
1.770243,1.212803,-0.592517
1.758258,1.223619,-0.604355
1.764981,1.221573,-0.600555
1.760304,1.222742,-0.599532
1.753873,1.223619,-0.607132
1.753873,1.23005,-0.60114
1.756212,1.237357,-0.609471
1.751535,1.235604,-0.625402
1.752704,1.244081,-0.622186
1.748904,1.242034,-0.62204
1.751827,1.238234,-0.633002
1.745396,1.240865,-0.619117
1.751242,1.251973,-0.637679
1.749196,1.256942,-0.636948
1.744811,1.255773,-0.668372
1.741304,1.259573,-0.639579
1.743935,1.26045,-0.651272
1.735457,1.263958,-0.636217
1.726103,1.265419,-0.64981
1.735457,1.309266,-0.659895
1.731657,1.272143,-0.656679
1.731657,1.278574,-0.663549
1.734873,1.285004,-0.660333
1.731657,1.278574,-0.656972
1.729904,1.284712,-0.658872
1.726688,1.286174,-0.675826
1.723765,1.290558,-0.681818
1.733119,1.302543,-0.674949
1.735457,1.305466,-0.693072
1.729319,1.304882,-0.688834
1.72815,1.305174,-0.688395
1.724934,1.315113,-0.694388
1.720257,1.314528,-0.682987
1.727857,1.323297,-0.694241
1.722596,1.315697,-0.686787
1.723473,1.323297,-0.702134
1.71938,1.327974,-0.705203
1.72318,1.330605,-0.710026
1.727273,1.330313,-0.710611
1.72815,1.336744,-0.703888
1.726396,1.341128,-0.715434
1.72435,1.342298,-0.712511
1.71938,1.342882,-0.716165
1.721426,1.351067,-0.721426
1.71938,1.357498,-0.724057
1.722011,1.350775,-0.730488
1.721426,1.361006,-0.728004
1.724934,1.359252,-0.734434
1.715873,1.365975,-0.732096
1.717919,1.368021,-0.73268
1.717042,1.368021,-0.739404
1.718796,1.373575,-0.74715
1.732827,1.37679,-0.745835
1.726688,1.372406,-0.729319
1.726103,1.387314,-0.742473
1.722011,1.390237,-0.751096
1.732827,1.391698,-0.749635
1.725519,1.385267,-0.756358
1.731073,1.39316,-0.758404
1.725519,1.393452,-0.761327
1.735165,1.393452,-0.764689
1.732827,1.397837,-0.76732
1.725227,1.40076,-0.779012
1.734288,1.403391,-0.763812
1.730196,1.405145,-0.769658
1.736919,1.406899,-0.77185
1.737504,1.411576,-0.771266
1.735457,1.421514,-0.778135
1.736919,1.411576,-0.779743
1.741011,1.417422,-0.774189
1.742473,1.418883,-0.774043
1.740427,1.41596,-0.777258
1.738673,1.423268,-0.771996
1.745396,1.433207,-0.778574
1.747735,1.432914,-0.786466
1.747442,1.424145,-0.779597
1.746858,1.438468,-0.789097
1.745396,1.439345,-0.783689
1.753873,1.438761,-0.780327
1.753873,1.440222,-0.79202
1.75855,1.444022,-0.798889
1.750365,1.444899,-0.79772
1.758258,1.445776,-0.789681
1.759719,1.445192,-0.784712
1.767319,1.446653,-0.801082
1.761181,1.445776,-0.802251
1.764689,1.454838,-0.791581
1.765566,1.456299,-0.792458
1.766735,1.452499,-0.803274
1.764689,1.452207,-0.804882
1.767027,1.458346,-0.799328
1.769366,1.450453,-0.796405
1.772289,1.454545,-0.796112
1.77872,1.453084,-0.801082
1.781058,1.449284,-0.809412
1.780474,1.456884,-0.795966
1.781935,1.448115,-0.785735
1.784274,1.45513,-0.802982
1.798012,1.455422,-0.791581
1.79392,1.456299,-0.791728
1.798305,1.457469,-0.801959
1.798305,1.455422,-0.794505
1.803859,1.463899,-0.806782
1.801228,1.455715,-0.786612
1.804443,1.445484,-0.794943
1.808243,1.449284,-0.789828
1.807659,1.452207,-0.753435
1.813505,1.450453,-0.794505
1.809997,1.445192,-0.793774
1.815259,1.450161,-0.783104
1.821397,1.44373,-0.791874
1.818766,1.463899,-0.792751
1.815843,1.4677,-0.778574
1.814089,1.4905,-0.765566
1.811751,1.505408,-0.755189
1.807951,1.51827,-0.751827
1.80532,1.512131,-0.73955
1.794212,1.515346,-0.744227
1.801228,1.510669,-0.730634
1.800935,1.509208,-0.713826
1.792751,1.507746,-0.711342
1.802689,1.500146,-0.698626
1.796843,1.502192,-0.692341
1.795089,1.492546,-0.693072
1.792166,1.492546,-0.684741
1.788074,1.481146,-0.67948
1.793335,1.4829,-0.660772
1.793628,1.482607,-0.654341
1.789535,1.476761,-0.655364
1.786027,1.467115,-0.654049
1.786027,1.472669,-0.651272
1.785443,1.467407,-0.648202
1.785151,1.465361,-0.641771
1.783104,1.453084,-0.638264
1.783397,1.448115,-0.633002
1.776673,1.454545,-0.621456
1.77112,1.454838,-0.624817
1.780181,1.449576,-0.62774
1.767027,1.446361,-0.628617
1.782227,1.43993,-0.627887
1.780474,1.433791,-0.630664
1.776673,1.431745,-0.625987
1.768781,1.432622,-0.626425
1.771996,1.429407,-0.614733
1.76235,1.429991,-0.630956
1.764104,1.434376,-0.622771
1.757966,1.439053,-0.62204
1.762058,1.433499,-0.62964
1.75855,1.435545,-0.631833
1.763227,1.435545,-0.625548
1.757966,1.433791,-0.626717
1.762935,1.43496,-0.624817
1.765858,1.43496,-0.621748
1.756796,1.438468,-0.632125
1.755335,1.434084,-0.623356
1.75855,1.431453,-0.628033
1.757381,1.432914,-0.626279
1.75855,1.43233,-0.637679
1.755042,1.429699,-0.629056
1.757089,1.424437,-0.635633
1.753289,1.430576,-0.632564
1.747735,1.432037,-0.631833
1.745104,1.43496,-0.637387
1.744227,1.436714,-0.636656
1.746858,1.437591,-0.634756
1.741596,1.43496,-0.632417
1.753289,1.435253,-0.633879
1.743058,1.434668,-0.641187
1.740427,1.438176,-0.643671
1.741596,1.437591,-0.63271
1.734581,1.441099,-0.631979
1.741011,1.444899,-0.639287
1.74715,1.438761,-0.638117
1.742473,1.443145,-0.646741
1.742181,1.449284,-0.642648
1.740427,1.45133,-0.652587
1.743642,1.451038,-0.652295
1.74335,1.446653,-0.65361
1.738673,1.44373,-0.654341
1.731657,1.450453,-0.651418
1.732827,1.450453,-0.653464
1.741888,1.459222,-0.652441
1.736334,1.456884,-0.649664
1.740719,1.460099,-0.657702
1.737211,1.460976,-0.650979
1.740134,1.471207,-0.674803
1.740427,1.467115,-0.653025
1.734581,1.464776,-0.665156
1.731073,1.465069,-0.653025
1.731657,1.468869,-0.669395
1.741011,1.47033,-0.669541
1.73955,1.472961,-0.672903
1.73575,1.473546,-0.676264
1.732827,1.478807,-0.66691
1.733704,1.475007,-0.67831
1.741304,1.475884,-0.672318
1.736334,1.476761,-0.680941
1.745104,1.476177,-0.676557
1.738088,1.481146,-0.665741
1.741596,1.478515,-0.69468
1.741011,1.479977,-0.672172
1.742181,1.477346,-0.667495
1.733996,1.480269,-0.683572
1.738965,1.485823,-0.686495
1.741011,1.482023,-0.680357
1.746565,1.488454,-0.684887
1.746565,1.490792,-0.683426
1.741011,1.489915,-0.678749
1.746273,1.492546,-0.684011
1.751827,1.491961,-0.679041
1.750365,1.497223,-0.685618
1.74715,1.502485,-0.679772
1.750658,1.494592,-0.693511
1.752119,1.492838,-0.695703
1.745688,1.493131,-0.697165
1.751242,1.491961,-0.693072
1.750365,1.495177,-0.696872
1.750073,1.495469,-0.695995
1.753289,1.503946,-0.690588
1.756212,1.500438,-0.677287
1.752412,1.494008,-0.682403
1.756504,1.5019,-0.687664
1.751535,1.504238,-0.695849
1.752704,1.508916,-0.686203
1.752412,1.493131,-0.686641
1.75855,1.500146,-0.679918
1.754458,1.4943,-0.686349
1.756796,1.499269,-0.694388
1.756796,1.496346,-0.695265
1.760012,1.500146,-0.701549
1.760304,1.494008,-0.694972
1.759719,1.501608,-0.697895
1.767027,1.500731,-0.693072
1.770243,1.495177,-0.690295
1.765566,1.501315,-0.688103
1.767319,1.498392,-0.683572
1.763519,1.498392,-0.690734
1.761473,1.5019,-0.693803
1.765858,1.496638,-0.684887
1.768489,1.463315,-0.697457
1.772289,1.499562,-0.693803
1.772873,1.495177,-0.691903
1.769073,1.496638,-0.694826
1.762643,1.4905,-0.697018
1.77112,1.487577,-0.697895
1.77492,1.491377,-0.70038
1.77492,1.483777,-0.697311
1.772873,1.487284,-0.692341
1.764104,1.489331,-0.691757
1.769658,1.497808,-0.701695
1.774627,1.491084,-0.701842
1.781643,1.494008,-0.693803
1.78135,1.491961,-0.687518
1.785735,1.498977,-0.684449
1.776673,1.487284,-0.684157
1.779889,1.493131,-0.694534
1.781643,1.48553,-0.694534
1.783981,1.499269,-0.692049
1.784566,1.487577,-0.67758
1.795674,1.485238,-0.688395
1.788074,1.48173,-0.683572
1.788658,1.484361,-0.685326
1.783397,1.480269,-0.679918
1.789828,1.478223,-0.67948
1.786904,1.479977,-0.675533
1.783104,1.485238,-0.677872
1.784858,1.484654,-0.670856
1.791581,1.481438,-0.686057
1.786612,1.479977,-0.674949
1.791581,1.48553,-0.67758
1.79012,1.486408,-0.672464
1.795674,1.485823,-0.687664
1.790412,1.482607,-0.681234
1.795966,1.475592,-0.679626
1.795381,1.477054,-0.67451
1.787781,1.46273,-0.666033
1.787781,1.4715,-0.679772
1.790704,1.470038,-0.67378
1.79012,1.470038,-0.69848
1.797428,1.469746,-0.663695
1.792166,1.463022,-0.656387
1.800058,1.460392,-0.668956
1.79772,1.493131,-0.670856
1.796551,1.495469,-0.657118
1.798597,1.47033,-0.658872
1.792751,1.458053,-0.658141
1.831628,1.46273,-0.654487
1.793335,1.461561,-0.653464
1.795674,1.464484,-0.654049
1.798305,1.459515,-0.660041
1.799474,1.452499,-0.660479
1.799766,1.454838,-0.653172
1.799182,1.454253,-0.654779
1.800351,1.453084,-0.654341
1.802105,1.451622,-0.656095
1.792458,1.453376,-0.651856
1.800643,1.450745,-0.661795
1.796258,1.445484,-0.65171
1.804151,1.44373,-0.655656
1.800351,1.45133,-0.650979
1.799474,1.443145,-0.653025
1.800058,1.439638,-0.641625
1.798012,1.444607,-0.644256
1.798012,1.439638,-0.64031
1.801812,1.436714,-0.635194
1.799766,1.433207,-0.637971
1.794212,1.434376,-0.626133
1.803274,1.437884,-0.630225
1.798305,1.439638,-0.638264
1.798305,1.437591,-0.63651
1.798889,1.434376,-0.643818
1.799474,1.42736,-0.63154
1.805028,1.432037,-0.639433
1.796551,1.434376,-0.635194
1.801812,1.432037,-0.631248
1.807951,1.43496,-0.638556
1.802105,1.440514,-0.627594
1.802397,1.436422,-0.636364
1.80152,1.433791,-0.639287
1.798597,1.434084,-0.639871
1.80532,1.429991,-0.642502
1.796258,1.425899,-0.626571
1.798889,1.427068,-0.628471
1.800351,1.42853,-0.634464
1.803274,1.423853,-0.635925
1.808535,1.427653,-0.625548
1.802689,1.427068,-0.620579
1.796843,1.427945,-0.625256
1.799474,1.43116,-0.626425
1.800351,1.420053,-0.621456
1.798597,1.422976,-0.624817
1.82929,1.420637,-0.61941
1.76235,1.420345,-0.62891
1.798889,1.420345,-0.626717
1.794212,1.41976,-0.612248
1.796258,1.418591,-0.616194
1.793043,1.412745,-0.616194
1.793043,1.422976,-0.610348
1.800058,1.414206,-0.602894
1.794212,1.421514,-0.622333
1.79012,1.408652,-0.611663
1.796258,1.416253,-0.615025
1.792166,1.420053,-0.622917
1.794505,1.420053,-0.613563
1.795381,1.413329,-0.614002
1.791289,1.406899,-0.628033
1.796551,1.414791,-0.611809
1.796258,1.410991,-0.616633
1.788951,1.410406,-0.606694
1.788074,1.40836,-0.610932
1.791874,1.413329,-0.608448
1.793335,1.410406,-0.615317
1.786612,1.416545,-0.611225
1.79012,1.412452,-0.613125
1.791874,1.411868,-0.609179
1.783397,1.408068,-0.612832
1.779597,1.407483,-0.609617
1.783689,1.411868,-0.606548
1.78135,1.408945,-0.60684
1.782227,1.410406,-0.605525
1.786904,1.415376,-0.604355
1.776966,1.410991,-0.617509
1.784858,1.40836,-0.616486
1.784274,1.406022,-0.609032
1.776381,1.408652,-0.606402
1.78135,1.405145,-0.621602
1.782227,1.407483,-0.617802
1.781058,1.409237,-0.609909
1.783104,1.408652,-0.604063
1.778135,1.414206,-0.606109
1.774627,1.406899,-0.60684
1.779889,1.405437,-0.612979
1.776089,1.41596,-0.604355
1.776966,1.408652,-0.60874
1.776089,1.415668,-0.603332
1.76995,1.410991,-0.602163
1.777843,1.410699,-0.612394
1.77492,1.409822,-0.610056
1.773166,1.405437,-0.60494
1.773166,1.400175,-0.613125
1.768196,1.411576,-0.606109
1.768196,1.40836,-0.605817
1.76995,1.402806,-0.618533
1.767027,1.40456,-0.609763
1.771704,1.410406,-0.607571
1.766735,1.405437,-0.60494
1.770827,1.410699,-0.614002
1.768196,1.407483,-0.621456
1.770535,1.410406,-0.613709
1.770827,1.412745,-0.615171
1.768196,1.413329,-0.614733
1.764104,1.415083,-0.609909
1.762643,1.409529,-0.619702
1.764396,1.41216,-0.613417
1.763812,1.411576,-0.620871
1.759427,1.418299,-0.620725
1.768781,1.419468,-0.620871
1.763812,1.421806,-0.617802
1.763519,1.421222,-0.610494
1.756796,1.41596,-0.618094
1.763227,1.413329,-0.619117
1.762643,1.417422,-0.61824
1.765858,1.41713,-0.616048
1.760596,1.409237,-0.618094
1.760304,1.416253,-0.620579
1.757673,1.418006,-0.623794
1.752996,1.422391,-0.624379
1.754165,1.418883,-0.619117
1.755042,1.421514,-0.63081
1.754165,1.42473,-0.632564
1.745104,1.424437,-0.627594
1.753873,1.422099,-0.624817
1.754165,1.418883,-0.623794
1.753581,1.425606,-0.635925
1.748904,1.426484,-0.629933
1.754458,1.428237,-0.638556
1.746273,1.43233,-0.632417
1.745688,1.432622,-0.63154
1.748319,1.427945,-0.631687
1.749196,1.437007,-0.64411
1.744227,1.43116,-0.633879
1.745981,1.429407,-0.628325
1.74335,1.428237,-0.640456
1.74335,1.425022,-0.646448
1.741596,1.43233,-0.64411
1.738673,1.43233,-0.635048
1.742473,1.427945,-0.634464
1.744519,1.443145,-0.644841
1.739842,1.44753,-0.638848
1.745396,1.443145,-0.640164
1.741304,1.445192,-0.648933
1.738088,1.444899,-0.64221
1.739842,1.447238,-0.652587
1.736042,1.439638,-0.662233
1.736334,1.447822,-0.653902
1.737504,1.452207,-0.648202
1.731073,1.446361,-0.656533
1.741888,1.453376,-0.651418
1.733996,1.454838,-0.654341
1.741888,1.447822,-0.651418
1.736627,1.454838,-0.653172
1.733704,1.453961,-0.659602
1.733996,1.458346,-0.659895
1.726688,1.463315,-0.660187
1.734288,1.461561,-0.65931
1.733704,1.464484,-0.65931
1.739258,1.465653,-0.659456
1.737796,1.464484,-0.66691
1.736919,1.46653,-0.661502
1.733411,1.473253,-0.67188
1.729904,1.474423,-0.669395
1.730488,1.477346,-0.672464
1.727273,1.472669,-0.668226
1.733411,1.473253,-0.663256
1.72698,1.47793,-0.672903
1.734873,1.477054,-0.672756
1.736042,1.473253,-0.675241
1.734581,1.480854,-0.68021
1.725811,1.478223,-0.678457
1.738088,1.480269,-0.680941
1.730196,1.488454,-0.682549
1.739258,1.489331,-0.681526
1.737211,1.486115,-0.681672
1.738965,1.491377,-0.681818
1.736334,1.489331,-0.687226
1.734288,1.487284,-0.678749
1.731365,1.4905,-0.677872
1.741888,1.490208,-0.678895
1.740134,1.490208,-0.682549
1.734873,1.492254,-0.690149
1.739258,1.4905,-0.689564
1.738673,1.493715,-0.688688
1.742473,1.496346,-0.693365
1.745104,1.498977,-0.691611
1.743058,1.497515,-0.695265
1.738965,1.496931,-0.689272
1.74715,1.497515,-0.690295
1.74715,1.498977,-0.691757
1.745104,1.497223,-0.693072
1.746273,1.495177,-0.683718
1.750365,1.497515,-0.698918
1.748904,1.500438,-0.699649
1.753581,1.503362,-0.693803
1.740719,1.497808,-0.696434
1.745688,1.499269,-0.701988
1.745104,1.510377,-0.691172
1.742765,1.505116,-0.697895
1.745688,1.495177,-0.695849
1.752119,1.496054,-0.70228
1.764104,1.506285,-0.699649
1.755042,1.496931,-0.706226
1.755627,1.499269,-0.705495
1.753581,1.503362,-0.703303
1.751827,1.500731,-0.70608
1.749781,1.494592,-0.697165
1.757381,1.498685,-0.699357
1.756796,1.502485,-0.697895
1.76235,1.497808,-0.697018
1.757673,1.497515,-0.693218
1.760304,1.503654,-0.692488
1.762643,1.499562,-0.694826
1.762058,1.508623,-0.693657
1.759427,1.499854,-0.687957
1.762935,1.498392,-0.699942
1.767319,1.501608,-0.694388
1.76615,1.497808,-0.690441
1.764981,1.496346,-0.692926
1.767904,1.500731,-0.696288
1.767027,1.4981,-0.68898
1.770243,1.495762,-0.681087
1.771996,1.489038,-0.687518
1.77872,1.499854,-0.692049
1.773166,1.495469,-0.688395
1.778135,1.496054,-0.690295
1.775797,1.490792,-0.686641
1.776673,1.491669,-0.67758
1.78135,1.487869,-0.688103
1.783981,1.4791,-0.687372
1.783397,1.488746,-0.693949
1.779012,1.492254,-0.681672
1.781935,1.489038,-0.682841
1.780181,1.494884,-0.671295
1.787197,1.496054,-0.681526
1.784274,1.4905,-0.670272
1.78252,1.488161,-0.683426
1.781935,1.483777,-0.674657
1.780181,1.484654,-0.67071
1.789828,1.483777,-0.674218
1.785443,1.484946,-0.663987
1.784566,1.48553,-0.677726
1.793628,1.479392,-0.678457
1.788658,1.484361,-0.677141
1.783981,1.4791,-0.671587
1.789243,1.4791,-0.677726
1.792751,1.4791,-0.674803
1.788658,1.477346,-0.67188
1.783981,1.468869,-0.676264
1.789535,1.465946,-0.682987
1.785735,1.463607,-0.673487
1.791874,1.472961,-0.67378
1.787781,1.474423,-0.673049
1.784858,1.470038,-0.674803
1.788074,1.472376,-0.665303
1.789243,1.465069,-0.657995
1.787197,1.467992,-0.664426
1.791289,1.47413,-0.656387
1.788658,1.469161,-0.661649
1.790412,1.467407,-0.657995
1.79392,1.460392,-0.671295
1.791874,1.459807,-0.650833
1.793043,1.461561,-0.660041
1.793628,1.462438,-0.658433
1.79392,1.452499,-0.659602
1.796551,1.455715,-0.651856
1.79392,1.455422,-0.640456
1.791581,1.456884,-0.640602
1.831921,1.461269,-0.646741
1.794505,1.455715,-0.644256
1.794797,1.449284,-0.658579
1.797428,1.452207,-0.639871
1.792458,1.446068,-0.647325
1.793043,1.451038,-0.652733
1.800058,1.446653,-0.646156
1.793335,1.443145,-0.64601
1.79772,1.439345,-0.636802
1.800351,1.441684,-0.636071
1.79392,1.438761,-0.63651
1.79772,1.439053,-0.633587
1.79772,1.439638,-0.634756
1.797428,1.434376,-0.643233
1.795089,1.441391,-0.626571
1.793335,1.430576,-0.63344
1.795089,1.430868,-0.641187
1.796843,1.43116,-0.629494
1.796258,1.431453,-0.627156
1.794212,1.430576,-0.634025
1.80532,1.43496,-0.624963
1.805905,1.434668,-0.622625
1.796551,1.426776,-0.626279
1.797428,1.429991,-0.629787
1.798305,1.42853,-0.62701
1.800351,1.420637,-0.639433
1.802397,1.423853,-0.632271
1.795381,1.420345,-0.62584
1.792751,1.41976,-0.629348
1.794797,1.422976,-0.625548
1.798597,1.422976,-0.62701
1.793628,1.41596,-0.624086
1.793043,1.422391,-0.614586
1.800058,1.420345,-0.613417
1.788951,1.423268,-0.63081
1.794505,1.41596,-0.63344
1.790412,1.420053,-0.623648
1.794212,1.415668,-0.62131
1.795674,1.420345,-0.609763
1.792166,1.42093,-0.614148
1.79392,1.418591,-0.600555
1.791874,1.418299,-0.612979
1.798889,1.415668,-0.616194
1.787781,1.414499,-0.613563
1.795674,1.40456,-0.609325
1.800058,1.418591,-0.610494
1.792166,1.414791,-0.610786
1.795674,1.410406,-0.570301
1.790997,1.410699,-0.603478
1.789243,1.409822,-0.611663
1.79012,1.410991,-0.615609
1.795966,1.415083,-0.615025
1.786612,1.410114,-0.609325
1.787781,1.412745,-0.612686
1.786612,1.406314,-0.613271
1.785735,1.40836,-0.615025
1.783104,1.407483,-0.61254
1.780766,1.402806,-0.609909
1.785151,1.410406,-0.603917
1.776673,1.406022,-0.603478
1.786027,1.409822,-0.600848
1.783397,1.406314,-0.593686
1.786027,1.407776,-0.618386
1.781058,1.403391,-0.603332
1.787489,1.399591,-0.602017
1.782227,1.400175,-0.598363
1.776966,1.409237,-0.599386
1.781058,1.409237,-0.599386
1.783689,1.409237,-0.603771
1.78252,1.407776,-0.604209
1.779597,1.406314,-0.613271
1.778135,1.406314,-0.617802
1.777843,1.399883,-0.603771
1.779304,1.401345,-0.600994
1.778427,1.401345,-0.591494
1.775504,1.406899,-0.602163
1.782812,1.411868,-0.599386
1.778427,1.402806,-0.600848
1.779597,1.413329,-0.60494
1.78135,1.403975,-0.610202
1.775504,1.401637,-0.608448
1.763519,1.404852,-0.603332
1.771704,1.419468,-0.600848
1.777258,1.449868,-0.639141
1.772581,1.483777,-0.670856
1.779012,1.504823,-0.691464
1.786027,1.519146,-0.731365
1.807951,1.503654,-0.741158
1.818474,1.4867,-0.739696
1.822274,1.473546,-0.76425
1.837767,1.458346,-0.752412
1.842444,1.445776,-0.765858
1.851798,1.418299,-0.765419
1.852675,1.402222,-0.764689
1.862321,1.387606,-0.755189
1.867875,1.354867,-0.743496
1.870213,1.344928,-0.73955
1.874598,1.336451,-0.72888
1.87986,1.33002,-0.731073
1.87986,1.313651,-0.73005
1.883367,1.303712,-0.723765
1.885414,1.290266,-0.713973
1.878983,1.291728,-0.71865
1.871383,1.282374,-0.71938
1.876644,1.270096,-0.712657
1.877229,1.265127,-0.699211
1.873429,1.258404,-0.700088
1.878983,1.251681,-0.691026
1.870798,1.253435,-0.689272
1.870506,1.244373,-0.699503
1.87489,1.243788,-0.690295
1.843028,1.234727,-0.686934
1.881906,1.231219,-0.687372
1.884829,1.238234,-0.673341
1.870798,1.22128,-0.67641
1.876937,1.224788,-0.681234
1.876352,1.219526,-0.681526
1.87869,1.219526,-0.680503
1.868752,1.225373,-0.678457
1.87869,1.219819,-0.674803
1.883075,1.221573,-0.672172
1.878983,1.211926,-0.672172
1.879275,1.219819,-0.66998
1.876352,1.213388,-0.66881
1.881906,1.210172,-0.667495
1.881614,1.211049,-0.672026
1.884244,1.210172,-0.671587
1.870798,1.208126,-0.668079
1.868459,1.203157,-0.658872
1.87986,1.199065,-0.666618
1.87606,1.195265,-0.662526
1.873721,1.19088,-0.669395
1.868459,1.20228,-0.671441
1.880444,1.199649,-0.661356
1.881321,1.195557,-0.669395
1.878983,1.190588,-0.663841
1.879275,1.19468,-0.657995
1.876937,1.197018,-0.664426
1.886583,1.198188,-0.656387
1.87226,1.188541,-0.650833
1.873137,1.19088,-0.665741
1.87489,1.193218,-0.652587
1.875767,1.188834,-0.658433
1.876644,1.196726,-0.655364
1.870798,1.190003,-0.659164
1.876644,1.189711,-0.650541
1.876937,1.188834,-0.646741
1.881906,1.180649,-0.648787
1.882491,1.189418,-0.638264
1.886875,1.184157,-0.636802
1.87869,1.183864,-0.643671
1.870506,1.176264,-0.643087
1.877521,1.184157,-0.636948
1.881906,1.176557,-0.64221
1.877813,1.176557,-0.639871
1.873429,1.173341,-0.673049
1.885998,1.17568,-0.648641
1.883367,1.173633,-0.641918
1.882491,1.175387,-0.637971
1.885998,1.17188,-0.632856
1.881614,1.175095,-0.64031
1.880444,1.175095,-0.63651
1.871967,1.171587,-0.637533
1.877229,1.173926,-0.634756
1.884829,1.17568,-0.631394
1.882491,1.173049,-0.630664
1.879567,1.173926,-0.639579
1.880444,1.171295,-0.627448
1.87606,1.175095,-0.632271
1.874598,1.170126,-0.626571
1.874306,1.169249,-0.623356
1.874598,1.168956,-0.628179
1.873429,1.166033,-0.61941
1.878106,1.168079,-0.638556
1.875767,1.176557,-0.630664
1.869336,1.168079,-0.630225
1.875475,1.164279,-0.62511
1.876644,1.158726,-0.624817
1.873137,1.166618,-0.637825
1.875767,1.170418,-0.628325
1.867583,1.168372,-0.62321
1.867583,1.16311,-0.631833
1.868459,1.169833,-0.623794
1.873721,1.158141,-0.629933
1.867583,1.160479,-0.638994
1.869921,1.158433,-0.624817
1.865829,1.168372,-0.625256
1.860275,1.15551,-0.628033
1.866706,1.16311,-0.625694
1.860275,1.162526,-0.624671
1.861152,1.166618,-0.612102
1.864367,1.161941,-0.632856
1.867583,1.161356,-0.626863
1.865536,1.166326,-0.622917
1.867875,1.160772,-0.622625
1.861736,1.161941,-0.61941
1.865244,1.162233,-0.632271
1.862906,1.165741,-0.632856
1.858229,1.159018,-0.615463
1.865536,1.159895,-0.630079
1.854429,1.166033,-0.631394
1.853552,1.165156,-0.636217
1.858521,1.163403,-0.617948
1.846536,1.15931,-0.631833
1.842444,1.16691,-0.633879
1.844782,1.15551,-0.629348
1.847413,1.161356,-0.632417
1.842444,1.164279,-0.630371
1.848875,1.15931,-0.635925
1.854136,1.165741,-0.628325
1.852675,1.166033,-0.634464
1.850921,1.159602,-0.62891
1.850336,1.160772,-0.629202
1.846244,1.168079,-0.633294
1.850044,1.163987,-0.63344
1.843613,1.169249,-0.632417
1.846536,1.163695,-0.63651
1.846244,1.163695,-0.640602
1.83689,1.161064,-0.630079
1.837182,1.158726,-0.624963
1.836305,1.168956,-0.636071
1.840398,1.162233,-0.638264
1.838644,1.163403,-0.641479
1.836305,1.159602,-0.636948
1.840398,1.166618,-0.647764
1.827536,1.168372,-0.648056
1.838936,1.167495,-0.642648
1.837474,1.17071,-0.635925
1.834844,1.165741,-0.646741
1.832213,1.174218,-0.643525
1.831336,1.171587,-0.635487
1.83309,1.167203,-0.629056
1.837182,1.178018,-0.631394
1.836013,1.17568,-0.64601
1.834551,1.176264,-0.644987
1.836597,1.173633,-0.642941
1.828705,1.182987,-0.65551
1.83689,1.174218,-0.649518
1.832797,1.181526,-0.649225
1.831921,1.183572,-0.651856
1.835721,1.185034,-0.648495
1.826659,1.184157,-0.642941
1.834259,1.181526,-0.647618
1.857352,1.188541,-0.651272
1.796843,1.190295,-0.64601
1.826951,1.191172,-0.64791
1.834259,1.195265,-0.645279
1.83689,1.197603,-0.659018
1.822859,1.201111,-0.653172
1.82929,1.203449,-0.662818
1.826659,1.19468,-0.658141
1.82432,1.201695,-0.666472
1.826951,1.199942,-0.671733
1.824028,1.202865,-0.667056
1.827243,1.199942,-0.680503
1.821397,1.201988,-0.658287
1.827536,1.205495,-0.675533
1.82432,1.204326,-0.666764
1.828413,1.204911,-0.66691
1.822274,1.197311,-0.675095
1.818182,1.199357,-0.666764
1.824905,1.201111,-0.666033
1.822859,1.205788,-0.668226
1.817013,1.202572,-0.687811
1.823151,1.203157,-0.676995
1.822274,1.206665,-0.669541
1.817013,1.213096,-0.673487
1.821982,1.220696,-0.67831
1.822274,1.210172,-0.681672
1.822274,1.215142,-0.677726
1.826659,1.212511,-0.680649
1.824905,1.215142,-0.686934
1.827243,1.214265,-0.682841
1.816428,1.21748,-0.67451
1.822567,1.215434,-0.67378
1.815843,1.210172,-0.676995
1.817597,1.22128,-0.67261
1.814382,1.212511,-0.682841
1.816428,1.217773,-0.680941
1.819351,1.224203,-0.67378
1.819351,1.223034,-0.693803
1.814966,1.223034,-0.691757
1.819059,1.224203,-0.67758
1.815843,1.224496,-0.678457
1.811751,1.226834,-0.682257
1.813505,1.220696,-0.688103
1.816428,1.220988,-0.68898
1.820813,1.229173,-0.690149
1.823443,1.220988,-0.690149
1.818766,1.225957,-0.686057
1.817305,1.225665,-0.698626
1.817305,1.222742,-0.695995
1.820813,1.229757,-0.700965
1.818182,1.228588,-0.691318
1.822274,1.231511,-0.694826
1.813797,1.230342,-0.693072
1.819936,1.229173,-0.706519
1.826951,1.237065,-0.708857
1.82432,1.236188,-0.707103
1.822274,1.240865,-0.702718
1.82052,1.233557,-0.703449
1.819351,1.239404,-0.703449
1.824028,1.232973,-0.704619
1.823736,1.23765,-0.70418
1.825197,1.238819,-0.693072
1.82549,1.23765,-0.708857
1.826659,1.243204,-0.703449
1.831921,1.237065,-0.697895
1.82812,1.244081,-0.70228
1.826659,1.242327,-0.705495
1.826074,1.234142,-0.714411
1.827536,1.244665,-0.710465
1.833967,1.246419,-0.701111
1.831044,1.242034,-0.707249
1.830167,1.248758,-0.707542
1.832213,1.252265,-0.707542
1.829874,1.242034,-0.710903
1.832213,1.250219,-0.708272
1.831628,1.244373,-0.709442
1.831921,1.246711,-0.711634
1.82812,1.244081,-0.70798
1.832505,1.250219,-0.698918
1.833382,1.243496,-0.701111
1.830167,1.247588,-0.697603
1.83689,1.247296,-0.70608
1.833674,1.247881,-0.705934
1.83689,1.249635,-0.703449
1.838059,1.249927,-0.706811
1.82812,1.239988,-0.697749
1.834551,1.245835,-0.709296
1.83309,1.234434,-0.681964
1.835136,1.251973,-0.715288
1.831628,1.246127,-0.710465
1.835721,1.247881,-0.717626
1.845075,1.245542,-0.714996
1.842151,1.258112,-0.714411
1.841274,1.243204,-0.705934
1.839813,1.243496,-0.701988
1.845659,1.248758,-0.71178
1.84829,1.244081,-0.710903
1.846536,1.250219,-0.711488
1.849167,1.244665,-0.711342
1.846536,1.241742,-0.721426
1.849752,1.242034,-0.710026
1.841859,1.251096,-0.704326
1.845367,1.247004,-0.715434
1.854136,1.242327,-0.710611
1.846828,1.243788,-0.709734
1.842151,1.238819,-0.719526
1.853259,1.244958,-0.701988
1.84829,1.240865,-0.698918
1.849167,1.246127,-0.694972
1.847121,1.237065,-0.695849
1.852967,1.238234,-0.691757
1.850044,1.23385,-0.695411
1.855013,1.237942,-0.694826
1.854136,1.235896,-0.703742
1.850336,1.232388,-0.709003
1.856475,1.237065,-0.698334
1.855013,1.235311,-0.701403
1.85969,1.231511,-0.686057
1.859105,1.229757,-0.696872
1.859982,1.23765,-0.694095
1.862906,1.232388,-0.700818
1.860859,1.231219,-0.694388
1.865536,1.228296,-0.692926
1.869629,1.230927,-0.693803
1.860859,1.228588,-0.690149
1.86729,1.231511,-0.695118
1.874306,1.225957,-0.68211
1.864075,1.22245,-0.687664
1.866413,1.22508,-0.686349
1.870506,1.220403,-0.687957
1.87606,1.217188,-0.682987
1.865829,1.21865,-0.674803
1.873137,1.222742,-0.683134
1.865829,1.223619,-0.692488
1.870213,1.218357,-0.683572
1.866998,1.216603,-0.678164
1.872552,1.221573,-0.67451
1.868167,1.214849,-0.679772
1.874306,1.21368,-0.675241
1.875183,1.211049,-0.678895
1.87489,1.216603,-0.687372
1.878398,1.206957,-0.681087
1.877229,1.209003,-0.673049
1.876352,1.211926,-0.677433
1.878106,1.212219,-0.67261
1.877229,1.207542,-0.667933
1.880152,1.213388,-0.665156
1.873721,1.205203,-0.66691
1.881614,1.210172,-0.666033
1.873429,1.20988,-0.664279
1.875767,1.196141,-0.665741
1.876644,1.207834,-0.658726
1.870213,1.199942,-0.657849
1.885998,1.200234,-0.667349
1.878983,1.197311,-0.668372
1.87226,1.206372,-0.658726
1.877229,1.205788,-0.666618
1.878983,1.201403,-0.655802
1.87986,1.201988,-0.659456
1.883367,1.203742,-0.652148
1.877521,1.197018,-0.661795
1.880152,1.192049,-0.659602
1.874306,1.185326,-0.661795
1.881029,1.193218,-0.659456
1.882491,1.192634,-0.663402
1.876644,1.189418,-0.655364
1.881614,1.18328,-0.651418
1.883075,1.188541,-0.648933
1.878983,1.184157,-0.646887
1.880737,1.184449,-0.647471
1.890091,1.180064,-0.659164
1.884537,1.186495,-0.644841
1.882198,1.17948,-0.649664
1.881321,1.183864,-0.65171
1.884829,1.177141,-0.649956
1.881321,1.179772,-0.654487
1.881906,1.173633,-0.645133
1.877813,1.173341,-0.640018
1.87986,1.177726,-0.65171
1.878398,1.173341,-0.640602
1.879275,1.173926,-0.639579
1.880152,1.177433,-0.634902
1.881321,1.163695,-0.632417
1.880444,1.164572,-0.634317
1.840398,1.17188,-0.640164
1.873721,1.180064,-0.637241
1.875475,1.167495,-0.63154
1.876644,1.17071,-0.644402
1.882198,1.167787,-0.631248
1.874306,1.166033,-0.635194
1.876352,1.165156,-0.631833
1.875183,1.165449,-0.62511
1.878398,1.167203,-0.632125
1.878983,1.160772,-0.637825
1.872552,1.163987,-0.629787
1.876937,1.171003,-0.63081
1.871383,1.161356,-0.632856
1.872552,1.159018,-0.630956
1.875475,1.162233,-0.641187
1.870213,1.162233,-0.63271
1.869044,1.165449,-0.621894
1.870213,1.160772,-0.631687
1.868459,1.164279,-0.626425
1.868752,1.157556,-0.631979
1.866706,1.154633,-0.624525
1.862906,1.156679,-0.633002
1.866998,1.160479,-0.64221
1.864952,1.154925,-0.640602
1.86349,1.156387,-0.637971
1.861444,1.160187,-0.625987
1.862029,1.156972,-0.627448
1.855598,1.156095,-0.630225
1.862029,1.154049,-0.62964
1.865536,1.154049,-0.631833
1.861736,1.158141,-0.630517
1.862906,1.154925,-0.631102
1.86729,1.149372,-0.628033
1.858229,1.155802,-0.625548
1.861444,1.157849,-0.626863
1.859105,1.159895,-0.632564
1.855305,1.157556,-0.635633
1.85209,1.157556,-0.635048
1.850921,1.160479,-0.641625
1.860859,1.123063,-0.641918
1.85969,1.154633,-0.63461
1.854136,1.157556,-0.632564
1.849167,1.165741,-0.634464
1.855598,1.157849,-0.640018
1.853259,1.162818,-0.63461
1.847121,1.173926,-0.637825
1.853844,1.161064,-0.62964
1.85589,1.162818,-0.624379
1.857352,1.170418,-0.62584
1.848875,1.164864,-0.63081
1.847121,1.172757,-0.632564
1.851505,1.166618,-0.634171
1.842736,1.167495,-0.631979
1.844198,1.175387,-0.634317
1.849167,1.167495,-0.630664
1.837767,1.167203,-0.636656
1.839228,1.165156,-0.638556
1.837474,1.167787,-0.630225
1.839521,1.170418,-0.637825
1.830167,1.167787,-0.640018
1.837767,1.169541,-0.640018
1.844198,1.171003,-0.638994
1.83689,1.166618,-0.650833
1.841859,1.168372,-0.643379
1.837767,1.165449,-0.637825
1.836305,1.177141,-0.648056
1.838059,1.172757,-0.647179
1.825197,1.170126,-0.64031
1.833967,1.178603,-0.649956
1.832797,1.176557,-0.644548
1.828705,1.174803,-0.642356
1.826367,1.178603,-0.650395
1.834259,1.174803,-0.639725
1.833674,1.182111,-0.650979
1.83309,1.183572,-0.652148
1.830751,1.182403,-0.65551
1.82929,1.178895,-0.655072
1.836597,1.184449,-0.651272
1.835428,1.188541,-0.665741
1.82929,1.176557,-0.654633
1.832213,1.185911,-0.655949
1.83309,1.189126,-0.65931
1.829582,1.183572,-0.660626
1.827243,1.19468,-0.662818
1.828413,1.198772,-0.661064
1.828997,1.196434,-0.652148
1.82169,1.202865,-0.655802
1.831044,1.197603,-0.661356
1.826659,1.19468,-0.665887
1.82812,1.193218,-0.664279
1.828413,1.206372,-0.657118
1.822567,1.19848,-0.673049
1.828997,1.204911,-0.658433
1.829874,1.205495,-0.67641
1.827243,1.211634,-0.659895
1.825197,1.214557,-0.667056
1.817305,1.199942,-0.668079
1.826367,1.198188,-0.662526
1.823736,1.19848,-0.674803
1.817889,1.207542,-0.666618
1.814382,1.210465,-0.67758
1.821982,1.207542,-0.682403
1.819936,1.211926,-0.685034
1.820228,1.209003,-0.677141
1.823443,1.214849,-0.67758
1.820813,1.208126,-0.683426
1.82169,1.219819,-0.676264
1.821982,1.211926,-0.685326
1.817305,1.20988,-0.676557
1.82432,1.207249,-0.679041
1.819643,1.214265,-0.68898
1.82052,1.211049,-0.680357
1.823151,1.218065,-0.690734
1.821982,1.220988,-0.689564
1.822859,1.216603,-0.68708
1.821397,1.22625,-0.690295
1.823443,1.221573,-0.687372
1.824028,1.220111,-0.680795
1.813213,1.223911,-0.682841
1.818474,1.216019,-0.67831
1.816428,1.224203,-0.685911
1.815551,1.222742,-0.681234
1.816136,1.200234,-0.688249
1.822274,1.268927,-0.68898
1.823443,1.233557,-0.690003
1.817013,1.22625,-0.688834
1.811751,1.233557,-0.697165
1.822567,1.239696,-0.707103
1.819351,1.237357,-0.695411
1.821105,1.235311,-0.688103
1.82169,1.24145,-0.692195
1.81672,1.23765,-0.702134
1.821105,1.238234,-0.697311
1.826367,1.237357,-0.706665
1.82052,1.235604,-0.711342
1.822567,1.230927,-0.708857
1.818474,1.237357,-0.702426
1.823151,1.233557,-0.705349
1.82549,1.239988,-0.701549
1.827243,1.235896,-0.707688
1.814966,1.236481,-0.701988
1.827536,1.243204,-0.710757
1.828413,1.236773,-0.697895
1.82929,1.247588,-0.701111
1.827828,1.237065,-0.717919
1.820228,1.239404,-0.711196
1.818182,1.242911,-0.70418
1.82432,1.233557,-0.702865
1.820228,1.239404,-0.705203
1.820813,1.244958,-0.703888
1.826074,1.239696,-0.714849
1.826367,1.242619,-0.710465
1.825197,1.24525,-0.706957
1.823151,1.242619,-0.712949
1.828997,1.243496,-0.705788
1.82929,1.240573,-0.71178
1.830167,1.243496,-0.719819
1.828705,1.242619,-0.707395
1.833382,1.247296,-0.703888
1.835136,1.252265,-0.713826
1.827536,1.24525,-0.701403
1.831921,1.242034,-0.70798
1.830167,1.245542,-0.711634
1.837182,1.255773,-0.706372
1.836305,1.242619,-0.710903
1.841567,1.245542,-0.711926
1.840398,1.242911,-0.707395
1.869921,1.244373,-0.718211
1.839521,1.242619,-0.705203
1.837767,1.246127,-0.709149
1.838059,1.241158,-0.714119
1.84449,1.243496,-0.703011
1.843028,1.24525,-0.704765
1.841567,1.248173,-0.712949
1.841274,1.251388,-0.719673
1.84829,1.244665,-0.703157
1.842151,1.241742,-0.714265
1.84069,1.246127,-0.697165
1.843028,1.242911,-0.708272
1.851798,1.242034,-0.700818
1.852967,1.231219,-0.70608
1.856475,1.248758,-0.715873
1.858229,1.272435,-0.736627
1.847998,1.31102,-0.749342
1.837767,1.370067,-0.752558
1.842736,1.407191,-0.767466
1.82929,1.455715,-0.76995
1.816136,1.479977,-0.749635
1.818474,1.503362,-0.746127
1.806489,1.506577,-0.746273
1.809412,1.507746,-0.737796
1.804735,1.501023,-0.716896
1.804443,1.499562,-0.699795
1.791874,1.487577,-0.68518
1.788951,1.488161,-0.674218
1.781935,1.476469,-0.651856
1.777843,1.464192,-0.644256
1.77375,1.450745,-0.627887
1.774043,1.442268,-0.63154
1.762643,1.42736,-0.617217
1.766443,1.410991,-0.609617
1.764396,1.405437,-0.611225
1.761766,1.39696,-0.601871
1.749196,1.390529,-0.603917
1.750658,1.385852,-0.613856
1.745981,1.373575,-0.604209
1.742765,1.376206,-0.602748
1.742181,1.363052,-0.599971
1.744227,1.36539,-0.606694
1.736919,1.353698,-0.601432
1.738965,1.348436,-0.599386
1.731073,1.383221,-0.602309
1.731073,1.377375,-0.610348
1.737504,1.346975,-0.613563
1.730488,1.339959,-0.617656
1.727273,1.338205,-0.622917
1.731073,1.338205,-0.611956
1.726688,1.33499,-0.611809
1.719673,1.349605,-0.624817
1.72815,1.338498,-0.611517
1.719965,1.336451,-0.631687
1.719965,1.33879,-0.634171
1.714119,1.337036,-0.63651
1.713534,1.33382,-0.641479
1.711488,1.338205,-0.647764
1.705349,1.342882,-0.634756
1.716457,1.349313,-0.656533
1.713534,1.343759,-0.647033
1.706519,1.353405,-0.643671
1.703303,1.349898,-0.659895
1.714996,1.35399,-0.65551
1.713826,1.355452,-0.668079
1.70798,1.360421,-0.66998
1.711488,1.361882,-0.669249
1.705642,1.361298,-0.68328
1.701842,1.368021,-0.690441
1.708272,1.364221,-0.691026
1.703595,1.362175,-0.67831
1.706811,1.372113,-0.691026
1.697749,1.379714,-0.688688
1.707688,1.383806,-0.686349
1.70798,1.386144,-0.695265
1.697749,1.392283,-0.705057
1.699211,1.390529,-0.710903
1.706226,1.392283,-0.702134
1.700088,1.391698,-0.711926
1.698042,1.403683,-0.714265
1.709442,1.401052,-0.72508
1.695703,1.411576,-0.735457
1.693657,1.411868,-0.725373
1.693657,1.413622,-0.737796
1.698918,1.415668,-0.721134
1.696872,1.41976,-0.745981
1.698334,1.418883,-0.744519
1.699211,1.427945,-0.749781
1.70418,1.427653,-0.756796
1.694534,1.434084,-0.755042
1.701842,1.434084,-0.759573
1.705349,1.441684,-0.757819
1.708272,1.435838,-0.755919
1.702134,1.444899,-0.766881
1.708565,1.443145,-0.767027
1.709442,1.445484,-0.769658
1.716749,1.455422,-0.769512
1.713242,1.457761,-0.775358
1.714996,1.465653,-0.764981
1.719965,1.466823,-0.780912
1.718503,1.463315,-0.777989
1.725227,1.473546,-0.776527
1.718796,1.475007,-0.787635
1.731073,1.47413,-0.779743
1.721426,1.476177,-0.787197
1.726103,1.486408,-0.778135
1.731073,1.484361,-0.792166
1.732534,1.483192,-0.786466
1.735165,1.484654,-0.782081
1.723473,1.493423,-0.790412
1.729027,1.489038,-0.795089
1.736919,1.491961,-0.796405
1.733119,1.496638,-0.804589
1.743935,1.497223,-0.797428
1.740427,1.5019,-0.799766
1.74715,1.495469,-0.796551
1.73575,1.500731,-0.803859
1.744519,1.499269,-0.800058
1.754165,1.499854,-0.794943
1.749781,1.494884,-0.803128
1.748612,1.507746,-0.796258
1.746565,1.497515,-0.798743
1.747442,1.508331,-0.786904
1.755627,1.511839,-0.790997
1.761473,1.505116,-0.791874
1.767904,1.493131,-0.794943
1.767904,1.502485,-0.793481
1.75855,1.502485,-0.788658
1.765858,1.501608,-0.808097
1.776673,1.510085,-0.795089
1.777258,1.5019,-0.79202
1.770243,1.494884,-0.797428
1.776673,1.504531,-0.792312
1.780474,1.499854,-0.796258
1.784566,1.500146,-0.79202
1.788074,1.500731,-0.785297
1.785151,1.494884,-0.783981
1.791874,1.495762,-0.783104
1.789243,1.4981,-0.786027
1.794212,1.499854,-0.783397
1.797428,1.491377,-0.783689
1.796258,1.493715,-0.785297
1.807659,1.493131,-0.775943
1.800058,1.484946,-0.77755
1.795674,1.482607,-0.770973
1.807074,1.486408,-0.778135
1.819351,1.481146,-0.775797
1.810874,1.479392,-0.766735
1.80912,1.475884,-0.770096
1.816136,1.474423,-0.763666
1.815259,1.481146,-0.772435
1.825782,1.473546,-0.756942
1.82169,1.471792,-0.762935
1.829874,1.473253,-0.752558
1.826367,1.469746,-0.742765
1.831044,1.468284,-0.755189
1.824905,1.466238,-0.74715
1.831336,1.46273,-0.741011
1.828413,1.463315,-0.741596
1.836305,1.45513,-0.751096
1.833967,1.463899,-0.732096
1.835136,1.454545,-0.742765
1.842151,1.450745,-0.73195
1.843613,1.44753,-0.735165
1.843905,1.452207,-0.72815
1.84449,1.441099,-0.729904
1.843028,1.445776,-0.733119
1.85209,1.437299,-0.72245
1.855305,1.433791,-0.726834
1.857352,1.437007,-0.722157
1.852675,1.430284,-0.720111
1.855598,1.422976,-0.719234
1.854721,1.425606,-0.68021
1.860859,1.426776,-0.705203
1.866121,1.451038,-0.714849
1.862906,1.387021,-0.700818
1.864367,1.411868,-0.70418
1.86729,1.410114,-0.697457
1.834551,1.40836,-0.691464
1.869044,1.406606,-0.689126
1.870213,1.413329,-0.695703
1.87489,1.399591,-0.696288
1.874013,1.394914,-0.685764
1.876937,1.400468,-0.688688
1.875475,1.392283,-0.679041
1.868459,1.383806,-0.673487
1.874306,1.382637,-0.668664
1.885121,1.38556,-0.660626
1.884244,1.374744,-0.659456
1.87489,1.368898,-0.65171
1.878106,1.368313,-0.663695
1.885121,1.368313,-0.665303
1.882783,1.354282,-0.654049
1.880737,1.358959,-0.654049
1.892137,1.358959,-0.65171
1.884829,1.355159,-0.648056
1.886875,1.347559,-0.649956
1.885121,1.351652,-0.632271
1.888629,1.349898,-0.635925
1.889214,1.347267,-0.626717
1.88366,1.336159,-0.632564
1.890383,1.334697,-0.623648
1.896229,1.341713,-0.619848
1.882783,1.32739,-0.623063
1.894183,1.32359,-0.621163
1.886875,1.323882,-0.609763
1.893014,1.320666,-0.609325
1.892429,1.311897,-0.615463
1.894183,1.30342,-0.616048
1.893306,1.310728,-0.594124
1.894183,1.306051,-0.595001
1.889798,1.303712,-0.592224
1.896229,1.29962,-0.594563
1.892721,1.29962,-0.631687
1.89126,1.296989,-0.584917
1.894183,1.291143,-0.583894
1.891845,1.288804,-0.585209
1.896229,1.285589,-0.579363
1.89126,1.277697,-0.583017
1.893306,1.281204,-0.572786
1.893598,1.272143,-0.570301
1.889798,1.273312,-0.577609
1.890091,1.269804,-0.572932
1.889214,1.26922,-0.559778
1.890675,1.26425,-0.568109
1.885998,1.26425,-0.562993
1.885998,1.264543,-0.568986
1.890383,1.256358,-0.559924
1.891845,1.263666,-0.559632
1.883952,1.260158,-0.546185
1.893891,1.254019,-0.547793
1.88746,1.255189,-0.556709
1.893014,1.254019,-0.549547
1.888337,1.239111,-0.550862
1.886291,1.239988,-0.553347
1.883075,1.234727,-0.54487
1.891845,1.230342,-0.54107
1.885998,1.237065,-0.540339
1.890968,1.23385,-0.543262
1.886875,1.227711,-0.53347
1.874306,1.227127,-0.522947
1.877521,1.219819,-0.536977
1.874013,1.218065,-0.536101
1.877521,1.223034,-0.527477
1.871675,1.21748,-0.522654
1.870213,1.213973,-0.524993
1.872844,1.216019,-0.5266
1.866413,1.216896,-0.538731
1.87606,1.206665,-0.526747
1.864952,1.206372,-0.525577
1.864952,1.211049,-0.52967
1.859398,1.206665,-0.531424
1.855598,1.208419,-0.525723
1.85589,1.203449,-0.520023
1.853259,1.203157,-0.531277
1.856475,1.204911,-0.526016
1.852675,1.198772,-0.520462
1.849167,1.205495,-0.518562
1.844198,1.204034,-0.533616
1.843905,1.197895,-0.512862
1.838644,1.197603,-0.522947
1.846536,1.201403,-0.524262
1.835136,1.198772,-0.534054
1.831336,1.204619,-0.523239
1.835721,1.192049,-0.518416
1.828997,1.20228,-0.527039
1.827536,1.201111,-0.531277
1.828413,1.203449,-0.521631
1.83309,1.195557,-0.519293
1.82432,1.201111,-0.519731
1.81672,1.197311,-0.522508
1.817889,1.203449,-0.509354
1.821105,1.200526,-0.523239
1.815259,1.207249,-0.532008
1.813797,1.203449,-0.521485
1.807659,1.203157,-0.530693
1.803566,1.212511,-0.532593
1.803566,1.204326,-0.53537
1.800351,1.207249,-0.540778
1.792166,1.203157,-0.536247
1.791874,1.209003,-0.542093
1.790412,1.208711,-0.53727
1.79392,1.207249,-0.551155
1.786904,1.211342,-0.551155
1.78632,1.209588,-0.546039
1.779304,1.217188,-0.558755
1.780766,1.21748,-0.554224
1.776089,1.214849,-0.554516
1.786027,1.219819,-0.56387
1.77492,1.221573,-0.555978
1.775797,1.223034,-0.561678
1.772873,1.223034,-0.559486
1.765858,1.222157,-0.557732
1.75855,1.227711,-0.571178
1.763519,1.233265,-0.57337
1.763227,1.233557,-0.579363
1.757673,1.241742,-0.580824
1.758258,1.236481,-0.572493
1.754165,1.239988,-0.584186
1.748612,1.242911,-0.583163
1.745688,1.247881,-0.577463
1.751242,1.250219,-0.583309
1.744811,1.244665,-0.597486
1.745104,1.248173,-0.590032
1.741011,1.256942,-0.564601
1.744811,1.260742,-0.598363
1.734581,1.269804,-0.59544
1.737796,1.263958,-0.595586
1.735165,1.271266,-0.603332
1.731073,1.271266,-0.611809
1.72698,1.278281,-0.615171
1.723473,1.286174,-0.61824
1.723473,1.285881,-0.620579
1.72815,1.289974,-0.631102
1.721134,1.290266,-0.630079
1.717626,1.296697,-0.634317
1.719965,1.299912,-0.630225
1.722011,1.308974,-0.641771
1.714996,1.313943,-0.635048
1.711488,1.313651,-0.64411
1.710903,1.313651,-0.648495
1.707396,1.317743,-0.656679
1.714119,1.321836,-0.665449
1.714411,1.323297,-0.661941
1.717334,1.328559,-0.660333
1.714703,1.327682,-0.658141
1.706811,1.336744,-0.66501
1.707396,1.339959,-0.661795
1.698918,1.33879,-0.673633
1.702718,1.348144,-0.680503
1.697165,1.349021,-0.67451
1.703303,1.356913,-0.686495
1.703303,1.365683,-0.690441
1.700672,1.358959,-0.686057
1.699503,1.365683,-0.692341
1.699503,1.375914,-0.699942
1.699795,1.377083,-0.694388
1.691611,1.372113,-0.695995
1.698918,1.385852,-0.699503
1.699211,1.379421,-0.716896
1.698334,1.386437,-0.708126
1.694826,1.394329,-0.708419
1.698042,1.397252,-0.716019
1.699795,1.399006,-0.72318
1.695703,1.397545,-0.735311
1.698626,1.402514,-0.726103
1.705642,1.408945,-0.735604
1.701257,1.416253,-0.737796
1.695118,1.414791,-0.737942
1.695995,1.413037,-0.75285
1.700088,1.42473,-0.754019
