ch1,ch2,ch3
2.0421,1.1429,-0.6923
2.0433,1.1482,-0.7017
2.0313,1.1459,-0.7059
2.0322,1.1508,-0.7007
2.0304,1.1456,-0.6966
2.0266,1.1438,-0.7032
2.0316,1.1464,-0.6995
2.0409,1.147,-0.7001
2.0354,1.1462,-0.696
2.0386,1.1424,-0.6995
2.0324,1.1505,-0.6878
2.038,1.15,-0.7086
2.0298,1.1529,-0.7074
2.0319,1.1491,-0.7024
2.0324,1.1511,-0.6983
2.0345,1.1447,-0.7032
2.036,1.1514,-0.7067
2.0354,1.1497,-0.6985
2.0345,1.1494,-0.7004
2.038,1.1488,-0.7015
2.0324,1.15,-0.6935
2.0339,1.1441,-0.6942
2.031,1.1479,-0.7053
2.0322,1.1424,-0.7007
2.0322,1.1491,-0.7015
2.0254,1.1438,-0.698
2.0348,1.1485,-0.7105
2.0266,1.1438,-0.6956
2.0272,1.1467,-0.7037
2.0339,1.154,-0.7002
2.0275,1.1456,-0.6956
2.0275,1.1447,-0.6863
2.033,1.1473,-0.6948
2.0304,1.1467,-0.7011
2.0257,1.1464,-0.7011
2.0284,1.15,-0.6894
2.0272,1.1491,-0.6897
2.0313,1.1467,-0.7002
2.024,1.1441,-0.6891
2.0383,1.152,-0.6976
2.0281,1.1488,-0.6925
2.0322,1.1435,-0.698
2.0319,1.15,-0.6976
2.033,1.1485,-0.692
2.0319,1.1497,-0.6972
2.0248,1.1476,-0.6918
2.0292,1.1426,-0.6957
2.0342,1.147,-0.6942
2.0298,1.1549,-0.7059
2.0354,1.1453,-0.6961
2.0424,1.1523,-0.7027
2.0316,1.1438,-0.6945
2.0336,1.1497,-0.6923
2.0284,1.1511,-0.7018
2.0298,1.1459,-0.7004
2.0292,1.1526,-0.7029
2.0319,1.1511,-0.6967
2.0307,1.1535,-0.6976
2.0248,1.1456,-0.7017
2.0269,1.1502,-0.7018
2.0237,1.1447,-0.7002
2.0231,1.145,-0.7015
2.0275,1.1491,-0.7026
2.0272,1.1485,-0.7102
2.0298,1.1453,-0.6961
2.0251,1.1435,-0.7013
2.0251,1.1473,-0.7086
2.0266,1.15,-0.7065
2.0289,1.1467,-0.7162
2.0286,1.1467,-0.7034
2.0345,1.1424,-0.702
2.0222,1.1441,-0.7049
2.0216,1.14,-0.703
2.0298,1.1502,-0.6969
2.0251,1.1552,-0.704
2.026,1.1444,-0.7062
2.0286,1.1453,-0.7127
2.0246,1.1424,-0.7023
2.0304,1.1453,-0.7051
2.0301,1.154,-0.7058
2.0327,1.1432,-0.7013
2.0266,1.145,-0.7086
2.031,1.1476,-0.7015
2.0243,1.1444,-0.6956
2.0298,1.1447,-0.6922
2.0354,1.145,-0.7046
2.0301,1.1511,-0.6903
2.0199,1.1421,-0.6999
2.0269,1.1464,-0.7017
2.0322,1.1421,-0.6958
2.0295,1.1485,-0.7071
2.0216,1.1473,-0.6903
2.0213,1.1453,-0.6973
2.0219,1.1514,-0.7002
2.0231,1.1526,-0.7071
2.0234,1.1491,-0.7027
2.0316,1.1488,-0.6925
2.0237,1.1502,-0.7045
2.0222,1.1462,-0.7029
2.0237,1.147,-0.6988
2.0213,1.1467,-0.7068
2.0257,1.1482,-0.7026
2.0304,1.1549,-0.6991
2.0357,1.1491,-0.6969
2.0301,1.1447,-0.7033
2.0196,1.147,-0.6944
2.0272,1.1435,-0.69
2.0286,1.1535,-0.6985
2.031,1.1476,-0.6982
2.0324,1.1473,-0.6979
2.0298,1.1491,-0.6999
2.0322,1.1476,-0.696
2.0266,1.1494,-0.7011
2.0289,1.1491,-0.6982
2.0301,1.1491,-0.6976
2.0292,1.1514,-0.6973
2.0284,1.1476,-0.6896
2.0351,1.147,-0.6996
2.024,1.1497,-0.7001
2.0295,1.1514,-0.6953
2.0251,1.1473,-0.7032
2.0269,1.145,-0.6926
2.0333,1.1453,-0.6951
2.0316,1.14,-0.6953
2.0304,1.1426,-0.703
2.0339,1.145,-0.6967
2.0281,1.1511,-0.6967
2.0313,1.15,-0.6885
2.0368,1.1502,-0.6951
2.0243,1.1456,-0.6977
2.0365,1.145,-0.7014
2.0301,1.1409,-0.7046
2.0286,1.1421,-0.6969
2.031,1.1497,-0.7029
2.0295,1.1429,-0.6969
2.0345,1.1488,-0.7087
2.033,1.1476,-0.7008
2.0319,1.1476,-0.7077
2.0327,1.1424,-0.6976
2.036,1.1365,-0.7007
2.0345,1.1453,-0.6985
2.0345,1.1476,-0.709
2.0266,1.1488,-0.695
2.0319,1.1511,-0.6991
2.0263,1.1459,-0.6869
2.0243,1.1412,-0.6944
2.0316,1.1476,-0.6958
2.026,1.1497,-0.6861
2.0298,1.1476,-0.7018
2.024,1.1397,-0.7027
2.033,1.1383,-0.7077
2.0377,1.1435,-0.6934
2.0316,1.1482,-0.7042
2.0351,1.145,-0.6929
2.0339,1.1479,-0.7064
2.0216,1.1464,-0.703
2.0251,1.1441,-0.7005
2.0246,1.1409,-0.6907
2.0243,1.1497,-0.703
2.0286,1.1532,-0.7072
2.0286,1.1473,-0.6992
2.0292,1.1491,-0.6945
2.0354,1.1479,-0.7083
2.0322,1.1508,-0.7074
2.0304,1.1502,-0.6937
2.0357,1.1464,-0.7053
2.0333,1.1529,-0.6918
2.0357,1.1438,-0.6973
2.0368,1.138,-0.7008
2.0319,1.1435,-0.7013
2.033,1.1394,-0.7062
2.0307,1.1476,-0.7067
2.0278,1.1441,-0.7075
2.0298,1.1494,-0.7147
2.0322,1.152,-0.7198
2.0298,1.1532,-0.7071
2.0292,1.1535,-0.7017
2.0322,1.1444,-0.6862
2.0298,1.1526,-0.6928
2.0246,1.1476,-0.7004
2.0295,1.1476,-0.6947
2.0292,1.1456,-0.6953
2.031,1.1377,-0.6963
2.0301,1.1444,-0.7062
2.0278,1.145,-0.6999
2.0243,1.1438,-0.71
2.0304,1.1497,-0.6994
2.0275,1.1418,-0.7048
2.0292,1.1432,-0.7043
2.0324,1.1418,-0.6988
2.0301,1.1485,-0.6948
2.0307,1.1488,-0.6945
2.0316,1.1368,-0.7051
2.0316,1.1424,-0.7053
2.0336,1.1511,-0.703
2.0284,1.1462,-0.7029
2.0377,1.1386,-0.7034
2.033,1.1453,-0.7011
2.0316,1.1412,-0.6923
2.033,1.1505,-0.7071
2.0292,1.1426,-0.6973
2.0298,1.1494,-0.7021
2.0301,1.14,-0.6979
2.0257,1.1426,-0.6995
2.0295,1.1456,-0.7027
2.0286,1.1435,-0.7043
2.0307,1.1406,-0.6995
2.0269,1.1485,-0.6983
2.0292,1.1535,-0.7065
2.0251,1.147,-0.7029
2.0322,1.1421,-0.6989
2.0313,1.147,-0.6983
2.0234,1.1494,-0.7056
2.0336,1.1467,-0.7048
2.0266,1.147,-0.704
2.0324,1.1514,-0.6948
2.0254,1.1488,-0.7091
2.0301,1.154,-0.7017
2.0307,1.1453,-0.6964
2.0371,1.1473,-0.6985
2.0246,1.147,-0.7026
2.0278,1.1403,-0.7052
2.0234,1.1438,-0.709
2.0263,1.1459,-0.6887
2.0284,1.1488,-0.6928
2.0286,1.1456,-0.697
2.0278,1.1517,-0.695
2.0284,1.1388,-0.696
2.0319,1.1412,-0.6982
2.0278,1.1441,-0.7043
2.0278,1.1339,-0.7062
2.0266,1.1429,-0.7046
2.0342,1.135,-0.7018
2.031,1.1447,-0.6956
2.0327,1.145,-0.691
2.0354,1.1462,-0.6996
2.0316,1.1453,-0.6931
2.0339,1.1426,-0.6918
2.0257,1.14,-0.6948
2.0263,1.1435,-0.7024
2.0289,1.1476,-0.6922
2.0301,1.145,-0.6907
2.0292,1.1453,-0.7075
2.0248,1.1505,-0.7011
2.0272,1.1421,-0.6906
2.0327,1.1482,-0.7015
2.0301,1.145,-0.6947
2.0313,1.145,-0.6966
2.0292,1.1412,-0.7032
2.0269,1.1453,-0.7087
2.0266,1.1426,-0.7052
2.0316,1.14,-0.6972
2.0304,1.1462,-0.6939
2.0284,1.1429,-0.6836
2.0234,1.1467,-0.6945
2.0228,1.1473,-0.6825
2.0304,1.15,-0.6998
2.0257,1.1444,-0.6994
2.0295,1.1459,-0.7015
2.0348,1.1473,-0.7013
2.031,1.1488,-0.6929
2.0281,1.1453,-0.6988
2.0292,1.1479,-0.6935
2.0292,1.1523,-0.6983
2.0292,1.1523,-0.6991
2.0248,1.1511,-0.7005
2.026,1.1497,-0.6988
2.0304,1.1426,-0.6885
2.0327,1.1421,-0.6982
2.0251,1.1412,-0.704
2.0251,1.1444,-0.7015
2.0319,1.1464,-0.7053
2.0272,1.1546,-0.6983
2.0257,1.1388,-0.6961
2.0322,1.1426,-0.7027
2.036,1.1391,-0.701
2.0342,1.1406,-0.6991
2.045,1.1386,-0.7032
2.0482,1.1467,-0.7024
2.0447,1.1412,-0.6963
2.0386,1.1426,-0.6976
2.0365,1.138,-0.708
2.0418,1.1415,-0.6986
2.036,1.1342,-0.6975
2.04,1.1432,-0.6913
2.0395,1.1374,-0.6956
2.0386,1.1348,-0.6964
2.0424,1.1362,-0.7001
2.0488,1.1345,-0.7023
2.0441,1.1342,-0.6994
2.0468,1.1415,-0.7065
2.0459,1.1336,-0.7081
2.0497,1.1321,-0.703
2.0532,1.1426,-0.7071
2.0564,1.14,-0.6989
2.0567,1.1362,-0.6899
2.043,1.14,-0.6958
2.0482,1.1397,-0.6922
2.0517,1.1388,-0.7108
2.0479,1.1383,-0.7108
2.055,1.1386,-0.6904
2.0468,1.1429,-0.7137
2.0503,1.1327,-0.7058
2.0532,1.1365,-0.7032
2.0494,1.1383,-0.6985
2.0503,1.1429,-0.7068
2.0485,1.1386,-0.7002
2.0479,1.135,-0.7021
2.0497,1.138,-0.6938
2.0462,1.1362,-0.7002
2.0468,1.1403,-0.6923
2.0497,1.131,-0.7008
2.0529,1.1391,-0.7027
2.045,1.1421,-0.7122
2.0447,1.1418,-0.701
2.0517,1.1456,-0.7115
2.0465,1.145,-0.7053
2.0532,1.138,-0.7059
2.0552,1.1444,-0.7002
2.0503,1.1406,-0.6998
2.0482,1.1406,-0.7036
2.0444,1.1459,-0.7002
2.0514,1.1438,-0.701
2.0406,1.14,-0.7068
2.0509,1.1359,-0.7051
2.0453,1.138,-0.6972
2.0497,1.1453,-0.7017
2.0541,1.1362,-0.7005
2.052,1.1394,-0.6969
2.0567,1.1418,-0.7013
2.0456,1.1435,-0.7077
2.0465,1.1397,-0.7032
2.0544,1.15,-0.6939
2.05,1.1391,-0.6954
2.0503,1.1391,-0.7094
2.05,1.1353,-0.7015
2.0488,1.1426,-0.7051
2.0573,1.1356,-0.6923
2.0447,1.1426,-0.7017
2.052,1.1406,-0.6998
2.0474,1.1365,-0.6958
2.0608,1.1365,-0.7042
2.0488,1.1397,-0.709
2.0523,1.138,-0.7106
2.0465,1.1339,-0.7169
2.0494,1.1365,-0.7033
2.0512,1.133,-0.7048
2.0526,1.1409,-0.7062
2.0514,1.1424,-0.6941
2.0526,1.1397,-0.7001
2.0544,1.135,-0.702
2.0558,1.1441,-0.7032
2.0412,1.1424,-0.7008
2.0512,1.1444,-0.7024
2.0491,1.1406,-0.7029
2.0418,1.1356,-0.6992
2.0403,1.1421,-0.7021
2.0474,1.1356,-0.6919
2.0506,1.1394,-0.7043
2.0506,1.1388,-0.7113
2.0459,1.1406,-0.6995
2.0476,1.1362,-0.6999
2.052,1.1377,-0.6951
2.0526,1.1371,-0.7004
2.0488,1.1368,-0.6944
2.0547,1.1424,-0.709
2.05,1.1415,-0.7015
2.055,1.1438,-0.6995
2.0459,1.1473,-0.6934
2.0491,1.1365,-0.6904
2.0482,1.1368,-0.6996
2.0436,1.1321,-0.6999
2.0456,1.1447,-0.6916
2.0514,1.1409,-0.7004
2.0526,1.1412,-0.6953
2.0494,1.1342,-0.7052
2.059,1.147,-0.7065
2.0517,1.1464,-0.6979
2.0462,1.1359,-0.7165
2.0476,1.1359,-0.7013
2.0538,1.1374,-0.7021
2.0433,1.145,-0.7011
2.0517,1.1453,-0.6976
2.0509,1.1432,-0.7015
2.0444,1.1464,-0.7005
2.0514,1.1368,-0.7017
2.0482,1.1371,-0.696
2.0512,1.1421,-0.7042
2.0509,1.1383,-0.703
2.0491,1.1321,-0.6983
2.0453,1.1353,-0.7002
2.0491,1.1426,-0.7037
2.0523,1.1377,-0.7014
2.0436,1.1435,-0.6975
2.0485,1.135,-0.703
2.0512,1.1394,-0.6897
2.0529,1.1388,-0.6975
2.0509,1.1453,-0.7051
2.0506,1.1374,-0.7023
2.0491,1.1511,-0.7032
2.0538,1.1371,-0.7053
2.0465,1.1386,-0.7036
2.0555,1.1435,-0.6992
2.0491,1.1464,-0.702
2.0529,1.1459,-0.7052
2.0471,1.145,-0.7061
2.0474,1.1462,-0.6972
2.0471,1.1406,-0.7014
2.0544,1.1462,-0.7056
2.0529,1.1479,-0.6958
2.0526,1.1432,-0.6858
2.0453,1.147,-0.697
2.0482,1.1476,-0.6935
2.0541,1.1424,-0.6875
2.05,1.1502,-0.6922
2.0532,1.1426,-0.6999
2.0491,1.1421,-0.6964
2.0585,1.1444,-0.6912
2.0605,1.1473,-0.6942
2.0474,1.145,-0.6945
2.0479,1.1403,-0.6894
2.0459,1.1406,-0.6915
2.0564,1.1345,-0.6973
2.0456,1.1432,-0.6958
2.0474,1.1406,-0.6964
2.0462,1.147,-0.7056
2.0444,1.1386,-0.6982
2.0465,1.1391,-0.6998
2.0456,1.1327,-0.6956
2.0555,1.1538,-0.7122
2.0509,1.1394,-0.6964
2.0471,1.1432,-0.6903
2.0418,1.1386,-0.6975
2.05,1.1494,-0.7005
2.0541,1.1432,-0.7049
2.0523,1.1424,-0.6979
2.0526,1.1418,-0.7058
2.0462,1.1432,-0.6931
2.0544,1.1388,-0.695
2.0547,1.1438,-0.709
2.0532,1.1391,-0.6954
2.0459,1.1464,-0.6966
2.0509,1.147,-0.7017
2.043,1.1447,-0.6904
2.0471,1.14,-0.6916
2.0567,1.1447,-0.7074
2.0479,1.14,-0.6958
2.0509,1.1453,-0.709
2.0479,1.1435,-0.7083
2.0468,1.1415,-0.7185
2.0474,1.1391,-0.7015
2.045,1.1406,-0.7106
2.0544,1.1412,-0.7146
2.0529,1.1453,-0.7017
2.0462,1.1494,-0.7036
2.05,1.1429,-0.7052
2.0514,1.1424,-0.6954
2.055,1.145,-0.7078
2.0497,1.1426,-0.6922
2.0517,1.1429,-0.7151
2.0479,1.1391,-0.7026
2.0532,1.1432,-0.7087
2.0541,1.1365,-0.702
2.0544,1.1388,-0.7018
2.0541,1.1432,-0.7056
2.0482,1.1362,-0.7024
2.0488,1.1383,-0.6999
2.0514,1.1467,-0.7105
2.0555,1.1403,-0.7103
2.0503,1.1345,-0.7105
2.0602,1.1391,-0.6975
2.0471,1.1356,-0.7058
2.0523,1.1418,-0.7026
2.0418,1.1403,-0.708
2.0506,1.1368,-0.7039
2.0506,1.1394,-0.7055
2.0506,1.138,-0.6985
2.0582,1.1388,-0.6975
2.0529,1.1356,-0.7083
2.0491,1.1438,-0.7201
2.0421,1.1362,-0.7008
2.0558,1.1336,-0.7032
2.0541,1.145,-0.7127
2.0427,1.1479,-0.7014
2.0512,1.1383,-0.7021
2.0494,1.1277,-0.702
2.0474,1.1307,-0.7067
2.0514,1.1371,-0.7089
2.0491,1.1394,-0.7068
2.0523,1.1482,-0.7151
2.0485,1.1371,-0.7021
2.0517,1.1415,-0.7116
2.0482,1.1359,-0.7077
2.0471,1.1421,-0.6954
2.0538,1.1397,-0.7034
2.0538,1.1397,-0.7075
2.0564,1.1438,-0.7128
2.0538,1.1383,-0.7089
2.0538,1.1333,-0.6992
2.0471,1.135,-0.7134
2.0433,1.1301,-0.7039
2.0471,1.1386,-0.7055
2.0529,1.1362,-0.7067
2.055,1.1348,-0.7043
2.0465,1.1365,-0.7094
2.0476,1.1333,-0.7125
2.0453,1.1394,-0.7157
2.0491,1.1377,-0.7036
2.0444,1.1432,-0.7026
2.05,1.1418,-0.7067
2.0482,1.1406,-0.6976
2.0479,1.138,-0.7023
2.0474,1.1391,-0.7147
2.0447,1.1383,-0.7106
2.0462,1.1397,-0.7065
2.0468,1.1397,-0.7153
2.0479,1.1447,-0.7089
2.0468,1.1336,-0.708
2.0406,1.1348,-0.698
2.043,1.1429,-0.7089
2.0555,1.1412,-0.6922
2.0547,1.1391,-0.7052
2.052,1.1426,-0.6998
2.0552,1.1391,-0.6986
2.0476,1.1421,-0.6991
2.0453,1.1412,-0.7043
2.0506,1.1453,-0.6944
2.0482,1.1424,-0.7072
2.0462,1.1426,-0.6906
2.0485,1.1377,-0.6947
2.045,1.1368,-0.7077
2.0514,1.1426,-0.7067
2.0523,1.1359,-0.7071
2.0453,1.1368,-0.696
2.0459,1.1418,-0.7037
2.0503,1.1368,-0.6888
2.0424,1.1374,-0.7074
2.0433,1.1301,-0.7121
2.0471,1.1333,-0.6912
2.0465,1.1336,-0.6985
2.05,1.1368,-0.7026
2.0444,1.1447,-0.7091
2.0447,1.1365,-0.7008
2.0497,1.1406,-0.7005
2.0491,1.1383,-0.7042
2.0494,1.1353,-0.7122
2.0529,1.1386,-0.6975
2.0506,1.1365,-0.7008
2.045,1.1374,-0.7032
2.052,1.1403,-0.7103
2.0482,1.1336,-0.7018
2.0476,1.1418,-0.6999
2.0488,1.1412,-0.6988
2.0523,1.1336,-0.7065
2.055,1.1397,-0.7067
2.0465,1.1307,-0.7056
2.0512,1.1307,-0.7045
2.0444,1.1459,-0.7127
2.0476,1.1377,-0.697
2.0512,1.1459,-0.7008
2.05,1.1397,-0.7106
2.0438,1.1315,-0.7051
2.0491,1.1406,-0.7112
2.0433,1.1368,-0.7018
2.0485,1.1383,-0.7037
2.0465,1.1406,-0.7045
2.0427,1.1312,-0.7045
2.0468,1.1386,-0.6969
2.0421,1.1388,-0.7002
2.0456,1.1432,-0.6956
2.0447,1.14,-0.7026
2.05,1.1456,-0.695
2.043,1.1327,-0.7097
2.0497,1.1406,-0.6958
2.0441,1.1403,-0.696
2.0474,1.1432,-0.6999
2.0415,1.1403,-0.7024
2.0456,1.1365,-0.6934
2.0444,1.1429,-0.6938
2.0479,1.1418,-0.7058
2.0497,1.1444,-0.7015
2.0494,1.1462,-0.6995
2.0438,1.1359,-0.7061
2.0471,1.1403,-0.7106
2.0436,1.1368,-0.7102
2.045,1.1421,-0.6995
2.0491,1.1388,-0.7013
2.0465,1.131,-0.7039
2.0482,1.135,-0.7039
2.0441,1.1386,-0.7011
2.0462,1.1421,-0.7067
2.0462,1.1409,-0.6956
2.0441,1.1415,-0.6976
2.0476,1.1394,-0.7072
2.0447,1.1342,-0.7043
2.0456,1.135,-0.7137
2.0488,1.1371,-0.6982
2.0427,1.1377,-0.698
2.0474,1.138,-0.7036
2.0459,1.1339,-0.6972
2.0433,1.1424,-0.7013
2.0468,1.14,-0.7051
2.0471,1.1365,-0.7032
2.0462,1.1429,-0.7014
2.0503,1.135,-0.7102
2.0409,1.1388,-0.6994
2.0488,1.1388,-0.704
2.0441,1.1406,-0.6954
2.0561,1.1441,-0.6899
2.0465,1.1394,-0.7061
2.0506,1.1412,-0.7053
2.0503,1.1412,-0.6972
2.0415,1.1356,-0.7014
2.0462,1.1403,-0.7034
2.0415,1.14,-0.6998
2.0412,1.1412,-0.7036
2.0433,1.1406,-0.6941
2.0471,1.1444,-0.6985
2.0497,1.1409,-0.7109
2.045,1.1432,-0.7042
2.0474,1.1301,-0.7024
2.045,1.1394,-0.7115
2.0438,1.1374,-0.7078
2.0476,1.147,-0.6999
2.0503,1.1453,-0.7049
2.0444,1.1374,-0.6985
2.0395,1.1336,-0.708
2.0532,1.1394,-0.6953
2.0503,1.1453,-0.6983
2.0476,1.1464,-0.6988
2.0471,1.1421,-0.695
2.0479,1.1415,-0.6935
2.0512,1.1374,-0.6986
2.0555,1.1391,-0.702
2.0476,1.1359,-0.6947
2.0485,1.1368,-0.6964
2.0532,1.1438,-0.6983
2.0494,1.1418,-0.7014
2.0474,1.1386,-0.6973
2.0476,1.1447,-0.7049
2.0441,1.1403,-0.7067
2.0453,1.1406,-0.7058
2.0503,1.1406,-0.708
2.0482,1.1353,-0.7039
2.0456,1.1368,-0.6929
2.0555,1.1403,-0.7042
2.0523,1.1333,-0.7087
2.05,1.1348,-0.7043
2.0512,1.1421,-0.7084
2.0488,1.1377,-0.703
2.052,1.1438,-0.6977
2.0447,1.1406,-0.7024
2.0444,1.1394,-0.7074
2.0523,1.1453,-0.7014
2.0479,1.1462,-0.709
2.0476,1.1491,-0.7029
2.045,1.1391,-0.7029
2.0453,1.1438,-0.7004
2.0503,1.1374,-0.7128
2.0509,1.1394,-0.7032
2.0517,1.1383,-0.7008
2.05,1.1453,-0.6893
2.0471,1.1388,-0.7032
2.0485,1.1391,-0.6941
2.0532,1.1441,-0.6961
2.0541,1.1386,-0.6991
2.045,1.1371,-0.7024
2.0517,1.1336,-0.7002
2.0468,1.1403,-0.7034
2.0474,1.1426,-0.702
2.0491,1.1444,-0.7087
2.0471,1.145,-0.7115
2.0541,1.1388,-0.7007
2.0438,1.1435,-0.7071
2.0541,1.14,-0.709
2.0503,1.1412,-0.6996
2.0485,1.1523,-0.7029
2.0497,1.1394,-0.7048
2.0468,1.1339,-0.7084
2.0512,1.1365,-0.695
2.045,1.1383,-0.7116
2.05,1.1327,-0.7108
2.0494,1.1283,-0.7021
2.0485,1.1356,-0.6964
2.0523,1.1339,-0.7024
2.0552,1.1403,-0.7084
2.0479,1.1386,-0.7121
2.0485,1.1456,-0.7056
2.0468,1.1312,-0.6994
2.052,1.145,-0.7091
2.0453,1.1435,-0.7143
2.0456,1.1383,-0.6947
2.045,1.1424,-0.6941
2.0479,1.1447,-0.6973
2.0529,1.1406,-0.7062
2.0506,1.1391,-0.707
2.0436,1.1386,-0.6928
2.0453,1.1397,-0.7008
2.0474,1.1462,-0.7014
2.0547,1.138,-0.6941
2.0468,1.135,-0.6939
2.0503,1.1467,-0.7027
2.0465,1.1447,-0.7064
2.0497,1.1473,-0.698
2.0471,1.1403,-0.7036
2.0485,1.1362,-0.7005
2.0526,1.1388,-0.7097
2.0544,1.1359,-0.6992
2.0447,1.1464,-0.6983
2.0506,1.1356,-0.7162
2.0538,1.1365,-0.7081
2.0526,1.1362,-0.7096
2.0573,1.14,-0.7064
2.0532,1.1342,-0.6983
2.0552,1.1406,-0.6986
2.0547,1.1371,-0.6998
2.0485,1.1371,-0.7039
2.0544,1.1377,-0.7013
2.0488,1.1312,-0.6957
2.0526,1.1324,-0.7137
2.0459,1.1353,-0.7105
2.0491,1.145,-0.6979
2.0485,1.1371,-0.708
2.0444,1.1383,-0.7053
2.0509,1.1415,-0.7072
2.0462,1.1394,-0.711
2.0433,1.1362,-0.7217
2.0456,1.1386,-0.7135
2.0456,1.1388,-0.7051
2.0509,1.1388,-0.6999
2.0482,1.1345,-0.698
2.0441,1.1298,-0.7068
2.0485,1.1356,-0.6964
2.0544,1.1438,-0.6985
2.0482,1.1345,-0.6901
2.0488,1.1388,-0.7045
2.0503,1.1406,-0.7015
2.0503,1.1321,-0.6926
2.0482,1.1368,-0.7037
2.0517,1.1333,-0.7034
2.0474,1.1432,-0.6967
2.0506,1.1318,-0.7007
2.0447,1.1315,-0.6947
2.0573,1.1424,-0.7011
2.0541,1.1464,-0.7071
2.0506,1.14,-0.7059
2.0547,1.1377,-0.7062
2.0506,1.1377,-0.7015
2.0421,1.1406,-0.702
2.0441,1.1412,-0.6991
2.0374,1.1444,-0.6979
2.0298,1.1435,-0.6899
2.0246,1.1517,-0.6928
2.0216,1.1564,-0.6944
2.0067,1.159,-0.7049
2.0088,1.1666,-0.6963
2.0149,1.1614,-0.6925
2.0111,1.1634,-0.7062
2.0038,1.1561,-0.703
2.0172,1.1608,-0.7105
2.017,1.1605,-0.7103
2.0123,1.159,-0.7004
2.012,1.1564,-0.6992
2.0129,1.1622,-0.6932
2.0073,1.1625,-0.6985
2.0085,1.1678,-0.6966
2.0085,1.1666,-0.7056
2.0114,1.1687,-0.7055
2.0082,1.1728,-0.7027
2.0094,1.1657,-0.6956
2.0067,1.1663,-0.6888
2.0123,1.1643,-0.6951
2.0076,1.1622,-0.6983
2.0018,1.1713,-0.7013
2.0105,1.1608,-0.69
2.0082,1.1631,-0.703
2.0006,1.1649,-0.6961
2.0067,1.1681,-0.6878
2.0038,1.1657,-0.69
2.0044,1.1739,-0.7013
2.0076,1.1672,-0.6966
2.0082,1.1643,-0.6912
2.0088,1.1704,-0.6849
2.0015,1.1695,-0.6939
2.0053,1.1695,-0.6972
2.0064,1.173,-0.6947
2.0108,1.1754,-0.701
2.005,1.169,-0.7056
2.0012,1.1704,-0.704
2.0105,1.1766,-0.7046
2.0023,1.1736,-0.7005
2.002,1.1722,-0.7124
2.0,1.1742,-0.6985
2.0026,1.1742,-0.6912
2.0035,1.1745,-0.6938
2.0105,1.1754,-0.7002
2.007,1.1768,-0.7064
2.0058,1.1739,-0.6903
2.0123,1.171,-0.7002
2.0079,1.1774,-0.7013
2.0047,1.1763,-0.7043
2.0058,1.1716,-0.6953
2.0111,1.1742,-0.701
2.0076,1.1728,-0.6977
2.0088,1.1733,-0.6992
2.0026,1.1768,-0.7029
2.0012,1.169,-0.7067
2.0053,1.1757,-0.6986
2.0035,1.1713,-0.707
2.0076,1.1742,-0.6985
2.0012,1.1754,-0.708
2.0047,1.1766,-0.7036
2.0018,1.1745,-0.7011
2.0058,1.1748,-0.6972
2.0006,1.1728,-0.7055
2.0079,1.1725,-0.7087
2.0053,1.1736,-0.6982
2.0035,1.1713,-0.6973
2.0056,1.1792,-0.6926
2.0041,1.1751,-0.7061
2.0067,1.1733,-0.6944
2.0038,1.1771,-0.7093
2.0026,1.1748,-0.6982
2.0056,1.1722,-0.6969
2.0032,1.1751,-0.6991
2.0088,1.1774,-0.6986
2.0,1.1725,-0.7037
1.9982,1.1681,-0.7043
2.0003,1.1754,-0.6957
2.0032,1.173,-0.7113
2.0012,1.1736,-0.701
2.0091,1.1704,-0.6956
2.007,1.1763,-0.6945
2.0058,1.1833,-0.6979
2.0012,1.1763,-0.6934
2.0088,1.1818,-0.6975
2.0018,1.1783,-0.7045
2.0105,1.1757,-0.6941
2.0067,1.1675,-0.6929
2.0137,1.1766,-0.7015
2.0117,1.1733,-0.7084
2.0035,1.1745,-0.6995
2.0099,1.1777,-0.6953
2.0023,1.1757,-0.7042
2.0117,1.1748,-0.6958
2.014,1.1824,-0.6939
2.0164,1.1792,-0.6918
2.0053,1.1695,-0.6966
2.0053,1.1795,-0.6885
2.0094,1.178,-0.6983
2.0085,1.1757,-0.708
2.0094,1.1725,-0.6893
2.005,1.1728,-0.6986
2.0117,1.1637,-0.6831
2.0096,1.1783,-0.6938
2.0056,1.1687,-0.701
2.0026,1.1777,-0.704
2.0047,1.1654,-0.697
2.0061,1.1725,-0.6979
2.0088,1.1754,-0.6999
2.0094,1.1815,-0.6979
2.0073,1.1742,-0.7007
2.0114,1.1692,-0.7036
2.0117,1.176,-0.698
2.0091,1.1771,-0.7033
2.0105,1.1754,-0.703
2.0064,1.1771,-0.7042
2.0099,1.1763,-0.6966
2.0114,1.176,-0.7007
2.0123,1.1768,-0.7017
2.0111,1.1725,-0.6925
2.0134,1.1742,-0.7065
2.0096,1.1698,-0.7036
2.0181,1.1701,-0.6998
2.0094,1.1751,-0.7039
2.0102,1.1795,-0.7034
2.0053,1.1713,-0.7034
2.0102,1.1719,-0.7033
2.0088,1.1745,-0.6947
2.0067,1.1754,-0.6969
2.0108,1.1742,-0.696
2.0111,1.1824,-0.6939
2.0023,1.1692,-0.701
2.0073,1.173,-0.6991
2.0111,1.1768,-0.698
2.0041,1.1728,-0.6916
2.005,1.1754,-0.6961
2.0082,1.1801,-0.697
2.0105,1.1795,-0.6903
2.0096,1.1716,-0.7122
2.0094,1.1789,-0.701
2.0091,1.1763,-0.6969
2.0175,1.1745,-0.6942
2.0114,1.1757,-0.7037
2.0091,1.1786,-0.7027
2.0044,1.1713,-0.6976
2.0108,1.1789,-0.6935
2.0096,1.1757,-0.7024
2.0018,1.1725,-0.7024
2.0076,1.1722,-0.7058
2.0134,1.1649,-0.6938
2.0067,1.1771,-0.7163
2.0088,1.171,-0.6935
2.0117,1.1809,-0.6904
2.0076,1.1798,-0.6957
2.0129,1.1733,-0.6893
2.0111,1.1704,-0.698
2.0076,1.1748,-0.7008
2.0082,1.1751,-0.69
2.005,1.171,-0.6937
2.0161,1.1733,-0.6992
2.012,1.1771,-0.6957
2.0044,1.1786,-0.6953
2.0035,1.1763,-0.6988
2.0053,1.185,-0.6913
2.005,1.1812,-0.7018
2.0082,1.1783,-0.6893
2.0061,1.1733,-0.6996
2.005,1.1704,-0.6951
2.0111,1.1728,-0.6988
2.0155,1.1754,-0.696
2.0032,1.169,-0.6998
2.0064,1.1722,-0.6958
1.9997,1.1792,-0.6985
2.012,1.1815,-0.696
2.0114,1.1751,-0.6972
2.0088,1.1704,-0.695
2.0172,1.1786,-0.6983
2.0102,1.173,-0.692
2.0091,1.1751,-0.6999
1.9971,1.1719,-0.6969
2.0085,1.1652,-0.7032
2.0015,1.1725,-0.7099
2.0044,1.1669,-0.7007
2.0088,1.1751,-0.6928
2.0038,1.1757,-0.6994
2.0056,1.1745,-0.7067
2.0082,1.1766,-0.702
2.0,1.1669,-0.6929
1.9974,1.1751,-0.69
2.012,1.173,-0.6977
2.0114,1.1754,-0.6975
2.0108,1.1745,-0.6989
2.0056,1.1754,-0.6844
2.0143,1.1728,-0.6953
2.0029,1.1768,-0.6888
2.0061,1.1792,-0.6874
2.0088,1.1754,-0.6972
2.0041,1.1751,-0.6975
2.0064,1.1839,-0.6986
2.0067,1.1736,-0.7011
1.9988,1.1675,-0.6976
2.0079,1.1771,-0.6947
2.007,1.1844,-0.7052
2.0094,1.1742,-0.6932
2.0015,1.178,-0.6994
2.0079,1.1757,-0.698
2.0009,1.1786,-0.6983
2.0111,1.1789,-0.7001
2.0035,1.173,-0.6928
2.0058,1.1809,-0.7029
1.995,1.1768,-0.6903
2.0038,1.1748,-0.6948
2.0012,1.1768,-0.6953
1.9977,1.1812,-0.6937
2.0029,1.1757,-0.6992
2.0026,1.1768,-0.7018
2.0079,1.1742,-0.6945
2.0035,1.176,-0.6942
2.0035,1.1777,-0.7004
2.0102,1.1757,-0.7051
2.0032,1.1722,-0.7008
2.0058,1.1774,-0.7032
2.0058,1.1815,-0.6932
2.0111,1.1751,-0.7084
2.0064,1.1824,-0.6956
2.0058,1.1725,-0.6979
2.0056,1.1795,-0.6994
2.0082,1.1748,-0.7034
2.0108,1.1716,-0.6956
2.0009,1.1736,-0.6983
2.0044,1.1771,-0.7065
2.0023,1.1763,-0.697
2.0064,1.176,-0.6963
2.0111,1.1754,-0.7008
2.0096,1.1777,-0.6986
2.0099,1.1707,-0.6958
2.0126,1.1748,-0.7081
2.0117,1.1728,-0.7013
2.0041,1.1786,-0.6947
2.005,1.1766,-0.6991
2.005,1.1821,-0.7005
1.9977,1.1801,-0.698
2.0015,1.1847,-0.6963
2.0058,1.1801,-0.695
1.9988,1.1716,-0.6953
2.0058,1.1704,-0.688
2.0044,1.1789,-0.6938
2.0067,1.1795,-0.6941
2.0041,1.1707,-0.6964
2.0015,1.1725,-0.6934
2.0105,1.1725,-0.7007
2.005,1.1716,-0.6878
2.0053,1.1739,-0.6963
2.0067,1.173,-0.6887
2.012,1.1786,-0.6972
2.0056,1.1818,-0.7026
2.0088,1.1719,-0.6973
2.0082,1.185,-0.6954
2.0047,1.1806,-0.7042
2.0023,1.178,-0.6931
2.0108,1.1757,-0.6992
2.0067,1.1745,-0.6995
2.005,1.1754,-0.684
1.9947,1.176,-0.6875
2.0082,1.1771,-0.6891
2.007,1.1774,-0.69
2.0032,1.1751,-0.6926
2.0026,1.1713,-0.6973
2.0085,1.1801,-0.6953
2.007,1.1713,-0.6991
2.0,1.1789,-0.6865
2.0003,1.1742,-0.7071
2.0041,1.1783,-0.7008
2.0041,1.1742,-0.6995
2.0091,1.1681,-0.7046
2.002,1.1728,-0.6982
2.0032,1.1748,-0.698
2.0061,1.1786,-0.6961
2.0053,1.1728,-0.7053
1.998,1.1719,-0.6989
2.0058,1.1766,-0.6942
2.0064,1.1716,-0.6894
2.007,1.1774,-0.6868
1.9898,1.1695,-0.7099
2.0047,1.1704,-0.6976
2.002,1.176,-0.6975
1.9985,1.1766,-0.7018
2.0035,1.1783,-0.7061
2.0029,1.1874,-0.7061
2.0006,1.1768,-0.6931
2.0,1.1698,-0.7026
2.0058,1.178,-0.6901
2.0076,1.1736,-0.6958
2.0047,1.1853,-0.6929
2.0064,1.1751,-0.6938
2.0061,1.1798,-0.7049
2.002,1.1783,-0.7027
2.0076,1.1728,-0.7077
2.0134,1.173,-0.7001
2.0067,1.1701,-0.6996
2.0032,1.1745,-0.6992
2.0088,1.1713,-0.6919
2.0082,1.1739,-0.6938
2.0041,1.1733,-0.6869
2.002,1.1728,-0.6875
2.0061,1.176,-0.6954
2.0035,1.1774,-0.6979
2.0064,1.1757,-0.6964
2.0099,1.1742,-0.6912
2.0085,1.176,-0.6937
2.0023,1.1707,-0.7001
2.0123,1.1836,-0.6951
2.0056,1.1783,-0.6976
2.0029,1.1745,-0.6942
2.0018,1.1748,-0.6932
2.0082,1.1716,-0.6869
1.9982,1.1757,-0.6944
2.0026,1.1739,-0.6885
2.0009,1.1707,-0.6925
2.0102,1.1698,-0.7011
1.9974,1.1733,-0.6957
2.0023,1.1736,-0.6956
2.0012,1.1704,-0.691
2.0,1.1777,-0.6945
1.9994,1.1809,-0.698
1.9991,1.1678,-0.6979
2.0,1.1692,-0.7018
2.0018,1.1698,-0.7062
2.0012,1.1739,-0.6894
1.9977,1.1713,-0.701
1.9962,1.1713,-0.6897
1.9977,1.1745,-0.6923
2.0026,1.1751,-0.7051
1.9988,1.1701,-0.6935
1.9956,1.173,-0.7026
2.0044,1.1728,-0.6888
1.9971,1.1745,-0.6935
2.0,1.1681,-0.6964
2.0023,1.1783,-0.6983
1.9991,1.1725,-0.689
2.0056,1.1692,-0.7015
2.0006,1.1812,-0.7062
1.9994,1.178,-0.6963
2.0003,1.1792,-0.6969
2.0053,1.1771,-0.6972
2.0094,1.1777,-0.7007
2.0035,1.1736,-0.6945
2.0091,1.1725,-0.6916
2.0108,1.1695,-0.6954
2.0053,1.1698,-0.6916
2.0056,1.1736,-0.6956
2.0117,1.1774,-0.6915
2.0134,1.173,-0.6991
2.0094,1.1698,-0.6934
2.014,1.1725,-0.6885
2.0085,1.1725,-0.6874
2.0079,1.1774,-0.7027
2.0082,1.1786,-0.7008
2.0029,1.1771,-0.697
2.0085,1.1751,-0.6983
2.0056,1.1812,-0.6958
2.005,1.1792,-0.7002
2.0096,1.1757,-0.6948
2.0082,1.1809,-0.6907
2.0056,1.176,-0.6926
2.012,1.178,-0.6947
2.0029,1.1748,-0.7011
2.0143,1.1698,-0.6935
2.0018,1.1728,-0.6956
2.0035,1.1815,-0.7017
2.0035,1.1748,-0.7002
2.0023,1.1771,-0.7027
2.0056,1.1742,-0.6979
2.0061,1.1847,-0.6977
2.0094,1.1801,-0.698
2.0073,1.1742,-0.6938
2.0056,1.1751,-0.6925
2.0047,1.1725,-0.7032
2.0015,1.1748,-0.7001
2.0029,1.1824,-0.7023
2.0061,1.1733,-0.6976
2.0085,1.1868,-0.696
2.0067,1.1733,-0.697
2.0006,1.1786,-0.695
2.0041,1.176,-0.6938
2.0076,1.1751,-0.6877
2.002,1.1847,-0.6859
2.0056,1.1748,-0.7014
2.0079,1.1806,-0.6945
2.007,1.173,-0.6954
2.0064,1.1786,-0.6899
2.0053,1.1733,-0.6935
2.0076,1.1687,-0.696
2.0088,1.178,-0.7002
2.0044,1.178,-0.6874
1.998,1.1649,-0.6967
2.0038,1.176,-0.7015
2.0161,1.1728,-0.6977
2.0053,1.1789,-0.6856
2.0079,1.1777,-0.6934
2.0111,1.1792,-0.6972
2.0073,1.1792,-0.6953
2.012,1.1768,-0.6951
2.0096,1.1792,-0.6994
2.0076,1.1748,-0.6973
2.019,1.1763,-0.6972
2.0167,1.1839,-0.688
2.0105,1.1786,-0.6956
2.0038,1.1722,-0.7013
2.0132,1.1733,-0.6985
2.007,1.1681,-0.7065
2.0056,1.1728,-0.6916
2.0108,1.1745,-0.7081
2.005,1.1742,-0.6844
2.0082,1.1681,-0.7074
2.0094,1.1707,-0.6996
2.0175,1.1739,-0.698
2.0026,1.1763,-0.6954
2.0029,1.1748,-0.6988
2.0064,1.1716,-0.7015
2.002,1.1809,-0.691
1.9982,1.1766,-0.6926
1.9988,1.1757,-0.6996
2.0003,1.1795,-0.6853
2.0061,1.1771,-0.6938
2.0018,1.1801,-0.6919
2.0058,1.1754,-0.6945
2.0056,1.1754,-0.6937
2.007,1.1801,-0.6969
2.0108,1.1795,-0.6991
2.0053,1.1766,-0.6899
2.0132,1.1771,-0.6941
2.0137,1.1801,-0.7002
2.0105,1.1751,-0.7151
2.0047,1.169,-0.6951
2.0134,1.1804,-0.7055
2.0026,1.1739,-0.6909
2.0094,1.1748,-0.7036
2.0064,1.1795,-0.7043
2.007,1.1707,-0.6881
2.0091,1.1842,-0.7036
2.0064,1.1754,-0.6901
2.0012,1.1739,-0.6969
2.0099,1.1736,-0.6945
2.007,1.1692,-0.6985
2.0053,1.1757,-0.7011
2.0029,1.1695,-0.6942
2.0003,1.1783,-0.7013
2.0082,1.1786,-0.6954
2.007,1.1763,-0.6897
2.0032,1.1771,-0.695
2.0108,1.1827,-0.6945
2.0023,1.1739,-0.7014
2.0096,1.1766,-0.6975
2.0129,1.173,-0.7051
2.0079,1.1768,-0.6973
2.0056,1.1745,-0.6957
2.0088,1.1733,-0.6869
2.0105,1.1818,-0.6941
2.0085,1.1774,-0.698
2.0053,1.1733,-0.7013
2.0058,1.1745,-0.7074
2.0158,1.169,-0.696
2.0026,1.1736,-0.7086
1.9991,1.1771,-0.7064
2.0006,1.1786,-0.7011
2.0067,1.1809,-0.6916
2.0006,1.1751,-0.6929
2.0064,1.1801,-0.6868
2.0085,1.1812,-0.6916
2.0082,1.169,-0.7011
2.0023,1.1801,-0.6972
2.0061,1.1739,-0.7013
2.0047,1.1815,-0.6925
2.0032,1.1757,-0.7027
2.0041,1.1728,-0.7039
2.0012,1.1818,-0.7037
2.0015,1.1804,-0.7002
2.0064,1.1815,-0.6979
2.0064,1.1757,-0.7023
2.0067,1.1789,-0.7029
2.0047,1.1818,-0.6977
2.0023,1.1748,-0.7089
2.0053,1.1748,-0.7053
2.0143,1.1754,-0.6969
2.0061,1.1783,-0.7051
2.0082,1.178,-0.695
2.0094,1.1783,-0.69
2.0091,1.1728,-0.6875
2.0079,1.1692,-0.6991
2.0076,1.1768,-0.7051
2.007,1.1728,-0.7071
2.0032,1.173,-0.697
1.9997,1.1757,-0.7074
2.0076,1.1722,-0.7007
2.0111,1.173,-0.6973
2.0023,1.1774,-0.6995
2.0088,1.1719,-0.7084
1.9988,1.1751,-0.6937
2.0015,1.1792,-0.6938
2.0038,1.1827,-0.7026
1.9997,1.1757,-0.7013
1.9988,1.1798,-0.6999
1.9997,1.1745,-0.7024
2.0015,1.1736,-0.701
2.0088,1.1733,-0.6972
2.0079,1.1766,-0.6956
2.0132,1.1812,-0.695
2.0032,1.1815,-0.6929
2.0064,1.1786,-0.7021
2.0023,1.1719,-0.698
2.0032,1.1792,-0.6961
2.007,1.1771,-0.6932
2.0029,1.1742,-0.6953
2.0067,1.1754,-0.6976
2.0058,1.1713,-0.7013
2.0091,1.1801,-0.7023
2.0076,1.1789,-0.6992
2.0067,1.1812,-0.6992
2.0105,1.1795,-0.6882
2.0053,1.1801,-0.6969
2.0061,1.1783,-0.7024
2.0044,1.1751,-0.6972
2.0064,1.1678,-0.6983
2.0178,1.166,-0.7014
2.024,1.1605,-0.7084
2.0225,1.1476,-0.6983
2.0254,1.1494,-0.6988
2.0342,1.1438,-0.7074
2.0342,1.1473,-0.7023
2.0278,1.1456,-0.698
2.0395,1.1485,-0.7087
2.0398,1.1444,-0.6961
2.0322,1.1488,-0.7007
2.043,1.1473,-0.7014
2.038,1.1438,-0.6956
2.0383,1.145,-0.7036
2.0409,1.1473,-0.6942
2.0403,1.1403,-0.7001
2.0392,1.138,-0.7015
2.0418,1.1388,-0.7074
2.0368,1.1426,-0.6918
2.0453,1.138,-0.7021
2.0433,1.1386,-0.7023
2.0398,1.1409,-0.6957
2.0476,1.1406,-0.6935
2.0465,1.1432,-0.6956
2.0421,1.1409,-0.7004
2.0398,1.1377,-0.6963
2.0474,1.1394,-0.6915
2.0433,1.1406,-0.7032
2.0476,1.1432,-0.6989
2.0479,1.1415,-0.7091
2.0427,1.1438,-0.7091
2.0494,1.1418,-0.7029
2.0468,1.1412,-0.7021
2.045,1.14,-0.7005
2.0456,1.1403,-0.7075
2.0456,1.1424,-0.7011
2.0421,1.1441,-0.7128
2.0398,1.1394,-0.6994
2.0512,1.1435,-0.7029
2.0491,1.1374,-0.7065
2.0421,1.1424,-0.6999
2.0497,1.1438,-0.708
2.0532,1.138,-0.7042
2.0526,1.1444,-0.7071
2.0468,1.1374,-0.7014
2.0415,1.1365,-0.7103
2.0476,1.1432,-0.6989
2.0482,1.1371,-0.7004
2.052,1.1438,-0.7049
2.0488,1.1406,-0.7052
2.0488,1.1356,-0.7008
2.0555,1.1435,-0.698
2.0564,1.1321,-0.6983
2.0526,1.1453,-0.7018
2.0453,1.1362,-0.7042
2.0456,1.135,-0.7013
2.0509,1.1388,-0.6976
2.0438,1.1336,-0.6945
2.0514,1.1386,-0.6975
2.0441,1.1368,-0.7096
2.0474,1.1415,-0.7029
2.05,1.1432,-0.7036
2.0462,1.1421,-0.7032
2.0517,1.1359,-0.701
2.0485,1.1365,-0.7017
2.0444,1.1432,-0.6969
2.0479,1.1365,-0.7046
2.0512,1.1333,-0.696
2.043,1.1324,-0.7011
2.0459,1.1324,-0.6961
2.0494,1.1394,-0.7033
2.0471,1.1415,-0.71
2.0488,1.1377,-0.7062
2.0503,1.1415,-0.6992
2.0468,1.1339,-0.6953
2.052,1.1365,-0.7023
2.05,1.1406,-0.6967
2.043,1.1409,-0.7029
2.0532,1.1327,-0.7052
2.0523,1.138,-0.7043
2.0465,1.1383,-0.7005
2.0512,1.1421,-0.7026
2.0485,1.1429,-0.7017
2.0494,1.14,-0.7091
2.0512,1.1386,-0.7105
2.0485,1.1348,-0.6956
2.0468,1.1453,-0.6975
2.0494,1.1371,-0.6953
2.0444,1.1412,-0.6988
2.0421,1.1412,-0.7039
2.0444,1.1342,-0.7005
2.0514,1.1383,-0.7029
2.0479,1.1403,-0.6996
2.0465,1.1421,-0.7017
2.0514,1.1359,-0.7089
2.0471,1.1374,-0.6972
2.0456,1.1388,-0.7049
2.0491,1.1377,-0.6947
2.0468,1.1377,-0.7033
2.0517,1.1383,-0.6992
2.0547,1.1318,-0.7045
2.0476,1.133,-0.7034
2.0433,1.1415,-0.6953
2.0465,1.1336,-0.6991
2.0471,1.1391,-0.6954
2.0482,1.1348,-0.7081
2.0494,1.1412,-0.7013
2.0427,1.135,-0.6907
2.0427,1.1418,-0.7002
2.0491,1.1403,-0.7021
2.0514,1.1353,-0.6963
2.0476,1.1397,-0.6998
2.0561,1.1383,-0.6986
2.0488,1.1429,-0.6954
2.05,1.1394,-0.6941
2.0544,1.1406,-0.7052
2.0588,1.1406,-0.6996
2.057,1.1511,-0.7099
2.0517,1.1421,-0.7048
2.0512,1.1415,-0.7074
2.0479,1.1409,-0.7018
2.0517,1.1432,-0.6956
2.0479,1.1336,-0.7051
2.0497,1.1391,-0.7056
2.0523,1.1368,-0.7013
2.0506,1.1421,-0.6996
2.0506,1.1368,-0.6956
2.0561,1.1356,-0.7033
2.0485,1.1435,-0.6989
2.0497,1.1409,-0.6956
2.0503,1.1394,-0.6925
2.0532,1.1359,-0.6991
2.0509,1.1406,-0.6977
2.0523,1.1409,-0.6907
2.055,1.1403,-0.6926
2.0479,1.1371,-0.6839
2.0541,1.1429,-0.6986
2.0547,1.1429,-0.6964
2.0544,1.1377,-0.6904
2.0532,1.1353,-0.6956
2.0421,1.1342,-0.7039
2.0485,1.1353,-0.695
2.0573,1.1424,-0.6951
2.0456,1.1333,-0.7017
2.0398,1.1365,-0.6972
2.0468,1.1362,-0.6948
2.0436,1.1362,-0.6995
2.0561,1.1394,-0.6947
2.0497,1.1371,-0.6966
2.0523,1.1406,-0.6866
2.0506,1.1397,-0.6866
2.0561,1.1438,-0.6893
2.0517,1.1348,-0.6945
2.0544,1.1406,-0.6956
2.0512,1.1418,-0.6882
2.0517,1.1424,-0.6967
2.0541,1.1421,-0.6979
2.0427,1.1383,-0.6966
2.0535,1.1365,-0.6884
2.0529,1.135,-0.6827
2.0523,1.1426,-0.6992
2.0514,1.1432,-0.6942
2.0555,1.14,-0.6958
2.0544,1.1406,-0.6919
2.0509,1.1377,-0.7014
2.0485,1.147,-0.6928
2.0444,1.1444,-0.6912
2.0532,1.1388,-0.6972
2.0476,1.1418,-0.6884
2.0433,1.1426,-0.6934
2.0456,1.1415,-0.6863
2.0456,1.1456,-0.7048
2.0883,1.1362,-0.6964
2.0476,1.1424,-0.6976
2.0547,1.1371,-0.6995
2.059,1.1459,-0.703
2.055,1.1476,-0.6796
2.0532,1.147,-0.6998
2.0558,1.1377,-0.6945
2.0585,1.14,-0.695
2.0514,1.1386,-0.6882
2.0535,1.1406,-0.7027
2.0526,1.1418,-0.7141
2.0541,1.1383,-0.7024
2.0602,1.1421,-0.6938
2.0558,1.1467,-0.6941
2.0523,1.1412,-0.6858
2.0541,1.1412,-0.69
2.05,1.1359,-0.6885
2.0544,1.1447,-0.6925
2.0585,1.135,-0.6942
2.055,1.1388,-0.6776
2.0459,1.138,-0.7051
2.0491,1.1424,-0.6923
2.0573,1.1365,-0.6951
2.0614,1.1406,-0.6985
2.0555,1.1333,-0.6935
2.0535,1.1441,-0.6958
2.0514,1.135,-0.691
2.0509,1.1429,-0.7033
2.059,1.1476,-0.6969
2.05,1.1394,-0.6938
2.0558,1.1444,-0.6909
2.0529,1.1447,-0.6896
2.05,1.133,-0.6855
2.0526,1.1383,-0.682
2.0497,1.1391,-0.6866
2.0579,1.1415,-0.6937
2.057,1.1403,-0.7029
2.0567,1.1426,-0.6884
2.0497,1.1377,-0.6966
2.0485,1.145,-0.6973
2.0488,1.1388,-0.7029
2.05,1.1432,-0.6977
2.0605,1.1426,-0.6875
2.0532,1.1429,-0.7011
2.0512,1.1362,-0.7137
2.0517,1.1374,-0.7021
2.057,1.1391,-0.6951
2.0573,1.138,-0.707
2.0547,1.1391,-0.6942
2.0541,1.147,-0.6954
2.0526,1.145,-0.7065
2.0456,1.1403,-0.6975
2.0532,1.1412,-0.6932
2.0523,1.1403,-0.691
2.0509,1.1362,-0.6953
2.0509,1.1424,-0.6919
2.0561,1.1391,-0.6988
2.0541,1.1362,-0.6994
2.0544,1.1283,-0.7033
2.0471,1.138,-0.6866
2.0482,1.1327,-0.6954
2.0488,1.1374,-0.7007
2.0482,1.1374,-0.6991
2.0573,1.1403,-0.6865
2.0576,1.1418,-0.6966
2.0491,1.1418,-0.696
2.0544,1.1418,-0.6973
2.0561,1.1426,-0.6934
2.0474,1.1424,-0.6976
2.0503,1.1377,-0.6899
2.0471,1.1365,-0.6963
2.0517,1.1406,-0.6918
2.0506,1.1426,-0.6935
2.055,1.1371,-0.6966
2.0517,1.1368,-0.688
2.0532,1.1406,-0.6847
2.0599,1.1312,-0.6878
2.055,1.1386,-0.696
2.0541,1.1421,-0.7075
2.0558,1.1412,-0.7011
2.0509,1.1406,-0.7087
2.0517,1.135,-0.6991
2.0564,1.1409,-0.702
2.0503,1.1426,-0.691
2.0488,1.1386,-0.71
2.0582,1.1371,-0.6996
2.0503,1.1409,-0.6896
2.0526,1.1406,-0.6963
2.0567,1.1348,-0.6999
2.0512,1.1438,-0.6942
2.0626,1.1435,-0.6928
2.0555,1.1374,-0.6972
2.0552,1.1426,-0.6869
2.0561,1.14,-0.6988
2.0544,1.1491,-0.6868
2.0514,1.1482,-0.6896
2.0482,1.1362,-0.6929
2.0555,1.1403,-0.6961
2.0509,1.1406,-0.6998
2.0538,1.1374,-0.6982
2.0485,1.1438,-0.6878
2.0509,1.1388,-0.6852
2.0514,1.1391,-0.6897
2.0541,1.1447,-0.6919
2.0485,1.1406,-0.6878
2.045,1.1397,-0.6956
2.0462,1.1336,-0.6969
2.0509,1.1371,-0.698
2.043,1.1421,-0.6991
2.0462,1.1336,-0.6986
2.0468,1.1345,-0.69
2.0453,1.1374,-0.6929
2.0465,1.1432,-0.6932
2.0476,1.1383,-0.6976
2.0494,1.1371,-0.7033
2.0462,1.1374,-0.7094
2.0418,1.138,-0.6953
2.0453,1.1441,-0.6989
2.0482,1.1388,-0.6958
2.0471,1.1386,-0.6912
2.0465,1.1388,-0.691
2.0514,1.1388,-0.6945
2.0462,1.1409,-0.697
2.0497,1.1412,-0.6975
2.0497,1.1424,-0.6977
2.0465,1.1386,-0.707
2.0506,1.1412,-0.6992
2.05,1.1421,-0.692
2.0476,1.1421,-0.7049
2.0491,1.1429,-0.6995
2.0544,1.1415,-0.6843
2.0611,1.1429,-0.6948
2.0514,1.1435,-0.6961
2.0514,1.1447,-0.6961
2.0418,1.14,-0.6925
2.0503,1.1441,-0.6967
2.0509,1.1409,-0.6964
2.0479,1.1374,-0.7007
2.045,1.1464,-0.6919
2.0427,1.1426,-0.6964
2.0503,1.1441,-0.7001
2.0532,1.1415,-0.6982
2.0561,1.1444,-0.7036
2.0512,1.1394,-0.6871
2.055,1.1368,-0.6964
2.0503,1.1377,-0.6958
2.0485,1.1386,-0.6937
2.0485,1.1421,-0.6944
2.0555,1.1441,-0.6947
2.0541,1.1432,-0.6956
2.0567,1.1473,-0.6888
2.0497,1.1473,-0.702
2.0517,1.145,-0.7119
2.0509,1.1438,-0.7058
2.0512,1.138,-0.6951
2.0433,1.1438,-0.7048
2.0468,1.1424,-0.702
2.0474,1.1415,-0.6877
2.0491,1.1397,-0.6944
2.0512,1.1371,-0.6951
2.0462,1.1403,-0.6939
2.0441,1.1365,-0.6903
2.0479,1.14,-0.6916
2.0462,1.1403,-0.6859
2.0433,1.1362,-0.7046
2.0506,1.1429,-0.696
2.043,1.147,-0.6855
2.0523,1.154,-0.6897
2.052,1.1429,-0.6862
2.0561,1.1453,-0.6941
2.0494,1.1482,-0.7008
2.0488,1.1438,-0.6906
2.0479,1.1397,-0.6999
2.0532,1.1467,-0.6913
2.05,1.1508,-0.689
2.0491,1.1421,-0.6957
2.0482,1.1371,-0.6884
2.0468,1.1353,-0.6942
2.0503,1.1453,-0.697
2.062,1.1538,-0.7039
2.052,1.1473,-0.698
2.0491,1.1491,-0.6961
2.0491,1.145,-0.6958
2.0526,1.1435,-0.6945
2.0558,1.1388,-0.7007
2.0567,1.1409,-0.6976
2.0544,1.1459,-0.7102
2.0523,1.1371,-0.704
2.0517,1.1435,-0.6991
2.0567,1.1429,-0.7094
2.0471,1.1412,-0.7023
2.0465,1.1462,-0.7061
2.0506,1.1444,-0.6951
2.0517,1.1435,-0.7056
2.0561,1.1438,-0.7036
2.0547,1.1429,-0.7027
2.052,1.1447,-0.7018
2.0474,1.147,-0.6963
2.0538,1.1485,-0.6928
2.0552,1.1456,-0.6985
2.0438,1.1391,-0.6999
2.0456,1.1429,-0.7056
2.0544,1.1359,-0.7024
2.0491,1.1353,-0.7002
2.0497,1.1397,-0.7005
2.0576,1.1394,-0.6991
2.0479,1.15,-0.7004
2.0599,1.1456,-0.7027
2.0555,1.15,-0.7077
2.0497,1.1444,-0.7046
2.0512,1.1362,-0.6948
2.055,1.1444,-0.6985
2.0564,1.1438,-0.6998
2.0514,1.1435,-0.6985
2.0453,1.1438,-0.695
2.0544,1.1464,-0.7058
2.0506,1.1403,-0.6975
2.05,1.1473,-0.7122
2.0573,1.1391,-0.7005
2.0485,1.1464,-0.6994
2.0567,1.1467,-0.7046
2.0497,1.1424,-0.7004
2.0456,1.1421,-0.6937
2.0494,1.1456,-0.6925
2.0538,1.1403,-0.6998
2.052,1.1371,-0.6973
2.0509,1.1453,-0.6982
2.0538,1.1418,-0.6932
2.0593,1.1412,-0.7013
2.0509,1.1421,-0.6919
2.0538,1.1406,-0.6956
2.0491,1.1406,-0.6979
2.0479,1.1462,-0.6985
2.0447,1.14,-0.6945
2.05,1.1415,-0.6977
2.0465,1.1386,-0.7017
2.052,1.1432,-0.6989
2.0479,1.138,-0.702
2.0552,1.1432,-0.6999
2.0541,1.1444,-0.701
2.0523,1.145,-0.6973
2.0567,1.145,-0.707
2.0482,1.1412,-0.7055
2.0506,1.147,-0.695
2.0497,1.1418,-0.702
2.055,1.1374,-0.6945
2.0436,1.1538,-0.7013
2.0403,1.1424,-0.6998
2.0479,1.1415,-0.6937
2.0567,1.1412,-0.6938
2.0479,1.1453,-0.6992
2.0494,1.1462,-0.6947
2.05,1.1415,-0.7096
2.0482,1.1388,-0.7008
2.0532,1.1409,-0.7004
2.0512,1.1368,-0.7007
2.0514,1.1432,-0.7046
2.0491,1.14,-0.7008
2.0497,1.1374,-0.7087
2.0567,1.1426,-0.6998
2.0526,1.1327,-0.6988
2.0573,1.1403,-0.6935
2.0561,1.1339,-0.6916
2.0544,1.1412,-0.7029
2.0514,1.1383,-0.695
2.0313,1.1409,-0.6979
2.04,1.1444,-0.7113
2.0354,1.1421,-0.6995
2.0368,1.1464,-0.6953
2.0558,1.1467,-0.6996
2.0132,1.1611,-0.692
2.0099,1.1675,-0.6961
2.0082,1.1795,-0.6967
2.0003,1.1798,-0.6932
2.0015,1.1961,-0.7029
2.0003,1.2087,-0.7002
2.0006,1.2134,-0.7046
1.9968,1.2186,-0.6896
2.0032,1.2125,-0.691
2.0015,1.2122,-0.6931
2.0026,1.209,-0.7021
1.9968,1.2131,-0.6964
1.9974,1.2113,-0.6954
1.9965,1.2151,-0.7033
1.9927,1.2125,-0.6992
2.0018,1.2119,-0.6967
1.9953,1.223,-0.6972
1.9956,1.2271,-0.6937
2.0006,1.2251,-0.6934
1.9912,1.228,-0.6956
1.9927,1.2306,-0.7056
1.9921,1.2303,-0.691
1.9892,1.2303,-0.6878
1.9939,1.2385,-0.6855
1.9968,1.2298,-0.6973
1.9924,1.2306,-0.6969
1.9895,1.2336,-0.7043
1.9985,1.2298,-0.6988
1.9953,1.2356,-0.6969
1.998,1.2347,-0.6818
1.9921,1.2333,-0.6844
1.993,1.2376,-0.6887
1.9901,1.2318,-0.6871
1.9982,1.2344,-0.6919
1.9947,1.2344,-0.6994
1.9912,1.2324,-0.6994
2.0,1.2318,-0.6923
1.9909,1.24,-0.6935
1.9918,1.2356,-0.6899
1.9912,1.242,-0.7017
1.9877,1.2365,-0.6922
1.9962,1.2344,-0.7015
1.995,1.2333,-0.6947
1.9971,1.2344,-0.6942
1.9971,1.2333,-0.6972
2.0035,1.2417,-0.6916
1.9901,1.2417,-0.6818
1.9956,1.2336,-0.6912
1.9991,1.2368,-0.6939
1.9974,1.2353,-0.6899
1.993,1.2382,-0.6982
1.9936,1.242,-0.7002
1.9988,1.2406,-0.6944
1.9959,1.2382,-0.697
1.9968,1.2441,-0.6878
1.9942,1.2371,-0.6806
1.9912,1.2391,-0.6967
1.9953,1.2356,-0.6871
1.9927,1.2376,-0.6944
1.9939,1.2353,-0.7015
1.993,1.2371,-0.6881
1.9942,1.2286,-0.6856
2.002,1.2347,-0.6969
1.9968,1.2356,-0.6919
1.9982,1.2344,-0.698
1.9965,1.2321,-0.6887
1.9991,1.2412,-0.6825
2.0018,1.2318,-0.6906
1.9988,1.2412,-0.6925
1.9959,1.2388,-0.6935
1.995,1.2362,-0.697
1.9912,1.2382,-0.6969
1.9965,1.2347,-0.7023
1.9898,1.2376,-0.6982
2.0,1.2379,-0.695
2.0029,1.2432,-0.6976
1.9947,1.2327,-0.6903
1.9942,1.2371,-0.7007
1.9997,1.2409,-0.7029
1.9924,1.2394,-0.7048
1.9971,1.2406,-0.6958
2.0018,1.235,-0.6919
2.0029,1.24,-0.691
1.9974,1.2406,-0.6891
1.9962,1.2397,-0.6982
2.0015,1.2362,-0.6887
1.9889,1.2338,-0.6928
1.9939,1.2353,-0.6929
1.9918,1.2374,-0.6853
1.9965,1.2385,-0.6893
1.9968,1.2327,-0.6923
1.9965,1.2368,-0.6935
2.0067,1.2388,-0.7068
1.9962,1.24,-0.6964
2.0029,1.2414,-0.6828
1.9939,1.2324,-0.6882
2.0035,1.2417,-0.6947
2.0038,1.2397,-0.6931
1.9974,1.2429,-0.6827
1.9971,1.2362,-0.701
2.0041,1.2379,-0.6919
2.0032,1.24,-0.6916
2.0012,1.2435,-0.6932
1.9985,1.2385,-0.6885
1.9904,1.2429,-0.6823
1.995,1.242,-0.6904
1.9959,1.2417,-0.6985
1.9933,1.242,-0.6972
1.9927,1.2499,-0.6963
1.9974,1.2488,-0.6922
2.0006,1.2417,-0.6989
1.9988,1.2382,-0.6994
2.0006,1.2417,-0.6945
1.9962,1.2376,-0.7027
1.9982,1.2432,-0.6988
1.9956,1.2379,-0.6825
1.9982,1.2414,-0.696
2.0006,1.2391,-0.689
1.9977,1.2488,-0.6942
1.9997,1.2447,-0.6972
1.9994,1.2458,-0.6947
2.0032,1.2429,-0.695
2.0044,1.2341,-0.6983
2.0023,1.2417,-0.7045
2.0009,1.2452,-0.6903
2.0,1.2447,-0.6929
1.9971,1.2397,-0.6925
1.9994,1.2365,-0.6877
1.9977,1.242,-0.6862
1.9991,1.2397,-0.7026
2.0,1.2435,-0.6979
1.9956,1.2385,-0.6939
1.9985,1.2374,-0.6887
2.0018,1.2698,-0.6953
1.9915,1.2403,-0.6909
2.0044,1.2429,-0.6929
1.9991,1.2412,-0.6973
1.9939,1.2447,-0.6863
2.0047,1.2388,-0.698
2.0,1.2394,-0.6922
1.9965,1.2371,-0.7008
2.0003,1.2382,-0.6985
2.005,1.2394,-0.6872
2.0015,1.2458,-0.6915
2.0091,1.2435,-0.6985
2.0,1.2312,-0.7034
2.0023,1.2371,-0.7062
2.005,1.2432,-0.7043
2.0056,1.2353,-0.704
2.0032,1.2403,-0.6982
2.0029,1.2341,-0.7027
2.0018,1.2388,-0.6941
2.0029,1.233,-0.692
1.9956,1.2391,-0.6967
2.0006,1.2371,-0.691
2.0003,1.2379,-0.6944
2.0029,1.2397,-0.6953
2.0018,1.24,-0.6928
1.9936,1.2318,-0.6986
1.9971,1.2432,-0.7072
1.9985,1.2388,-0.6923
2.0023,1.2356,-0.6923
1.9977,1.2391,-0.6942
2.0073,1.2376,-0.6985
2.0044,1.245,-0.7002
2.0035,1.2391,-0.6934
1.9968,1.2403,-0.6882
2.0009,1.2379,-0.6976
1.9991,1.2333,-0.7029
2.0006,1.2365,-0.6947
2.0067,1.2365,-0.6881
1.9924,1.2295,-0.695
1.9918,1.2374,-0.6969
2.0061,1.2365,-0.6991
2.0006,1.2359,-0.695
2.0,1.2336,-0.6928
2.007,1.2359,-0.6972
2.0018,1.2444,-0.6947
2.0026,1.2403,-0.6869
1.9985,1.2388,-0.6942
2.0015,1.2414,-0.6944
1.9997,1.2423,-0.6878
2.002,1.2371,-0.691
2.0006,1.2394,-0.6842
1.9977,1.2385,-0.6931
1.9985,1.2292,-0.6893
1.9936,1.245,-0.6915
1.9944,1.233,-0.6901
1.9953,1.2435,-0.7033
1.9904,1.2406,-0.7001
1.9933,1.2426,-0.6957
1.9994,1.2359,-0.7005
2.002,1.2338,-0.7013
1.9962,1.2374,-0.695
1.9974,1.2365,-0.6817
1.9994,1.2333,-0.6992
2.0012,1.2417,-0.695
1.9889,1.2327,-0.6874
2.0029,1.2356,-0.6891
1.9997,1.2417,-0.691
1.9962,1.2359,-0.6925
2.0018,1.2374,-0.6893
2.0009,1.2379,-0.6847
1.9982,1.2397,-0.6882
1.9956,1.2321,-0.701
1.9991,1.2382,-0.7018
1.9997,1.2359,-0.6919
1.9956,1.2365,-0.6958
1.9924,1.2359,-0.6928
1.9933,1.2371,-0.6934
1.9959,1.2315,-0.6995
1.9965,1.2388,-0.692
2.002,1.2406,-0.6926
2.0035,1.2371,-0.6896
1.998,1.2406,-0.7033
1.9959,1.2347,-0.7005
1.9944,1.2406,-0.696
2.0058,1.2368,-0.6802
1.9944,1.2362,-0.6966
2.0,1.242,-0.7026
1.9971,1.2353,-0.6983
1.9936,1.2365,-0.6912
1.9962,1.2414,-0.6913
1.9968,1.2379,-0.6966
1.995,1.2382,-0.6923
1.9962,1.2333,-0.7042
1.9959,1.2309,-0.7026
1.9956,1.2368,-0.7024
1.9959,1.2417,-0.6904
1.998,1.2382,-0.7002
2.0006,1.2394,-0.6947
1.9953,1.2385,-0.6989
1.9994,1.2394,-0.7036
1.995,1.2382,-0.703
2.007,1.2452,-0.6907
2.0012,1.2403,-0.6837
2.0015,1.2359,-0.6957
1.9982,1.2327,-0.6884
1.9936,1.2295,-0.6986
1.9959,1.2347,-0.6972
1.9933,1.2403,-0.696
1.9974,1.2353,-0.6945
1.9915,1.2353,-0.6994
1.9924,1.2306,-0.6909
1.9968,1.2333,-0.6944
1.998,1.2353,-0.695
2.0006,1.2257,-0.6893
2.002,1.2324,-0.69
2.0015,1.2414,-0.6992
2.0015,1.2365,-0.6991
1.9971,1.2336,-0.6989
1.9947,1.2312,-0.6967
2.0029,1.2368,-0.7004
1.995,1.233,-0.6932
2.0012,1.2379,-0.696
1.9965,1.2251,-0.6858
1.9982,1.2303,-0.6894
1.9962,1.2353,-0.6923
1.9974,1.2292,-0.6931
1.9953,1.235,-0.6874
2.0032,1.235,-0.6896
1.9944,1.2356,-0.6931
1.9982,1.2306,-0.6973
1.9965,1.2356,-0.6923
1.9947,1.2353,-0.7039
2.0012,1.2315,-0.6986
1.9988,1.2356,-0.6957
1.9953,1.2336,-0.6994
2.002,1.2318,-0.691
2.0003,1.2262,-0.6871
2.0012,1.2271,-0.6944
1.9977,1.2376,-0.691
1.9939,1.2227,-0.6871
1.9968,1.2318,-0.6975
1.9936,1.2315,-0.6896
2.0006,1.23,-0.6934
1.9991,1.2368,-0.7053
1.9953,1.2318,-0.6954
1.9901,1.2379,-0.6944
1.9947,1.2376,-0.697
2.0053,1.23,-0.6983
1.9959,1.2327,-0.6973
1.9909,1.2336,-0.6928
2.0012,1.2286,-0.6979
1.9968,1.2306,-0.6935
2.0003,1.2362,-0.6979
2.0032,1.242,-0.6896
1.9936,1.2365,-0.6995
2.0061,1.2336,-0.6881
1.9947,1.226,-0.6913
2.002,1.2368,-0.6972
2.0058,1.233,-0.6939
2.0041,1.2385,-0.6956
2.0012,1.2315,-0.6928
2.0018,1.2318,-0.6869
2.0009,1.2356,-0.7056
1.9982,1.2353,-0.7052
1.9977,1.2374,-0.6903
1.9927,1.235,-0.6966
1.9942,1.2336,-0.6953
1.9965,1.2324,-0.697
1.9942,1.233,-0.7087
1.9942,1.2435,-0.6894
1.9956,1.2412,-0.6975
1.9977,1.2286,-0.6957
1.9942,1.2286,-0.6951
1.9915,1.2312,-0.6956
1.9959,1.2365,-0.6923
1.983,1.2341,-0.6947
1.998,1.2306,-0.691
1.9974,1.233,-0.6852
1.9988,1.2353,-0.6925
1.9994,1.2412,-0.6935
1.9988,1.2379,-0.6871
2.0003,1.2277,-0.6903
2.0006,1.2344,-0.691
2.0,1.2379,-0.691
1.9988,1.2362,-0.6891
2.0029,1.2409,-0.6994
2.0006,1.2374,-0.6948
2.0047,1.2379,-0.6785
1.9974,1.2295,-0.6915
1.9953,1.2336,-0.6877
1.9997,1.2324,-0.6932
1.9947,1.233,-0.6945
2.0006,1.235,-0.6863
1.9971,1.235,-0.695
1.9956,1.2286,-0.6961
2.0056,1.2321,-0.6951
1.9942,1.2303,-0.6828
2.0003,1.2362,-0.6912
1.9953,1.2362,-0.6964
1.9985,1.2347,-0.6957
2.0,1.2306,-0.7026
2.0003,1.2257,-0.6944
2.0053,1.2318,-0.6996
1.9988,1.2298,-0.6994
1.998,1.2338,-0.6899
2.0015,1.2365,-0.6887
1.9985,1.235,-0.6847
2.0088,1.2379,-0.7014
2.007,1.233,-0.6969
2.0006,1.2315,-0.6983
2.0015,1.2292,-0.6951
1.998,1.2298,-0.6897
1.9971,1.2289,-0.6888
1.998,1.2262,-0.6916
1.9962,1.2257,-0.6958
1.9965,1.2292,-0.6872
1.995,1.2312,-0.6939
1.9982,1.2356,-0.6947
1.9947,1.2292,-0.692
1.993,1.2382,-0.7023
2.0009,1.2391,-0.6882
1.9968,1.2397,-0.6899
1.9988,1.2309,-0.6893
1.9974,1.2385,-0.6875
1.9965,1.2365,-0.7008
1.9985,1.2341,-0.684
1.9994,1.2365,-0.6918
1.9939,1.2356,-0.6881
1.9965,1.2356,-0.6844
1.9959,1.2397,-0.6858
1.9947,1.2374,-0.6885
2.0076,1.245,-0.6912
1.9909,1.242,-0.6983
1.9944,1.2341,-0.6863
2.0012,1.2359,-0.6951
1.9974,1.2338,-0.6881
1.9974,1.2333,-0.6932
1.9994,1.2394,-0.6896
1.9956,1.2382,-0.6877
1.9906,1.2327,-0.7002
1.9959,1.2356,-0.6897
2.0003,1.2362,-0.6938
2.005,1.2388,-0.6871
1.9898,1.2262,-0.6947
2.0026,1.2365,-0.6839
1.9912,1.2309,-0.6827
1.9988,1.2347,-0.6915
1.9971,1.2368,-0.6823
1.995,1.2412,-0.6918
1.9956,1.2306,-0.6935
1.9886,1.2324,-0.6937
1.9889,1.2309,-0.6919
1.9904,1.2371,-0.6935
1.9915,1.1985,-0.6942
1.9974,1.2347,-0.6928
2.0006,1.2327,-0.6833
1.9965,1.2362,-0.6906
2.0015,1.2409,-0.6893
1.9942,1.2371,-0.6929
1.998,1.2353,-0.6872
1.9982,1.2289,-0.6853
2.0035,1.2321,-0.6869
2.0012,1.2303,-0.6928
2.0,1.2394,-0.6954
1.9994,1.2336,-0.6875
1.995,1.2333,-0.6875
2.0,1.2341,-0.6802
1.998,1.2385,-0.6928
1.9965,1.2338,-0.6901
1.9906,1.2303,-0.6877
1.9968,1.2037,-0.6934
1.9927,1.2298,-0.684
1.9953,1.2312,-0.6937
1.9968,1.2312,-0.6995
2.0003,1.2292,-0.6957
2.0026,1.2318,-0.6922
1.9936,1.233,-0.6975
1.9939,1.235,-0.6996
1.9991,1.2338,-0.6972
1.9974,1.2365,-0.6934
2.0,1.2321,-0.7024
1.9965,1.2397,-0.6982
2.0009,1.2321,-0.7036
1.9944,1.233,-0.6956
1.9977,1.2283,-0.6868
1.9997,1.2426,-0.6951
1.9933,1.2309,-0.6926
2.0015,1.2663,-0.6922
1.9895,1.233,-0.7015
2.0006,1.2353,-0.697
2.0026,1.233,-0.6865
1.9982,1.2338,-0.6985
1.9936,1.2376,-0.6947
1.9991,1.2365,-0.6935
2.0003,1.2344,-0.6969
1.9985,1.2391,-0.6977
1.9968,1.2374,-0.6903
1.9971,1.2432,-0.6969
1.9991,1.2394,-0.6915
1.9974,1.2432,-0.6918
1.9927,1.2341,-0.6986
1.9936,1.2336,-0.6918
1.9921,1.2306,-0.6871
1.9936,1.2403,-0.7037
1.998,1.271,-0.6995
1.9994,1.2376,-0.6904
1.9909,1.2371,-0.688
1.9985,1.2353,-0.7001
2.0009,1.2365,-0.6896
1.9974,1.2435,-0.6969
2.0006,1.2382,-0.703
1.9936,1.2397,-0.6871
1.9956,1.2341,-0.6967
1.9971,1.2306,-0.6975
1.9924,1.2365,-0.6976
1.9921,1.2376,-0.695
1.9988,1.2397,-0.7011
1.9965,1.2382,-0.6937
1.9988,1.2412,-0.696
2.0,1.24,-0.6926
1.9857,1.2444,-0.6964
1.993,1.24,-0.6918
1.998,1.2324,-0.6925
2.0012,1.2374,-0.698
1.9997,1.2353,-0.7027
1.9982,1.2432,-0.7067
1.9985,1.2321,-0.6996
2.0009,1.2338,-0.7017
2.0041,1.2426,-0.6945
1.9991,1.2406,-0.6897
1.9965,1.2306,-0.7056
2.0047,1.2347,-0.6953
2.0035,1.2385,-0.6977
2.0058,1.2344,-0.6871
1.998,1.2388,-0.7026
2.0015,1.2318,-0.692
1.9985,1.2338,-0.69
1.9974,1.2321,-0.6937
1.9939,1.2403,-0.695
1.9889,1.2417,-0.6961
1.995,1.2362,-0.6904
1.995,1.2374,-0.6988
1.9912,1.2338,-0.6915
2.0044,1.2374,-0.6994
1.998,1.2374,-0.6925
1.9997,1.2359,-0.6922
1.9965,1.2397,-0.6945
1.9939,1.2344,-0.6937
1.9933,1.2423,-0.6969
1.9977,1.2359,-0.6888
1.9904,1.2376,-0.6996
1.9988,1.2382,-0.6937
1.9965,1.223,-0.6937
1.9939,1.235,-0.6884
1.9988,1.24,-0.6906
2.0018,1.2388,-0.698
1.9982,1.2374,-0.6919
1.9985,1.2321,-0.6891
1.995,1.2374,-0.6935
1.9953,1.2441,-0.6888
1.9909,1.2385,-0.6963
1.9974,1.2403,-0.6966
1.9956,1.2315,-0.6973
1.993,1.2333,-0.6872
1.995,1.2397,-0.6918
2.0038,1.2368,-0.6941
1.9965,1.2341,-0.7048
1.9962,1.2365,-0.6979
1.9947,1.2409,-0.6941
1.9965,1.2327,-0.6939
1.9936,1.2353,-0.6891
1.998,1.233,-0.6937
2.005,1.2414,-0.7026
2.0038,1.2464,-0.6958
1.995,1.2385,-0.7052
1.9994,1.2336,-0.6912
2.0023,1.2394,-0.7043
1.9982,1.2298,-0.707
1.9942,1.2344,-0.6928
1.993,1.2333,-0.6975
2.0015,1.2362,-0.6983
1.9994,1.2347,-0.6919
1.9977,1.2368,-0.6982
1.998,1.2333,-0.6894
2.0012,1.2371,-0.6995
1.9985,1.2356,-0.6969
1.9997,1.2274,-0.6827
2.0003,1.24,-0.6982
2.0035,1.2353,-0.69
1.998,1.2394,-0.7026
1.9988,1.2306,-0.6963
2.0018,1.2371,-0.7015
1.998,1.2403,-0.6945
2.0082,1.2458,-0.6953
2.0018,1.2417,-0.6939
2.0082,1.2356,-0.6885
1.9921,1.2412,-0.6891
2.0023,1.2414,-0.6922
1.9997,1.2379,-0.6932
2.0003,1.2391,-0.6863
1.9982,1.2365,-0.685
2.0053,1.2376,-0.6961
2.0023,1.2368,-0.698
2.0047,1.2447,-0.6983
1.9994,1.2382,-0.6929
2.0006,1.2406,-0.6964
1.9994,1.2435,-0.688
1.998,1.2414,-0.6893
1.9982,1.2303,-0.6897
1.998,1.2321,-0.6939
1.9988,1.2353,-0.6979
1.9997,1.2423,-0.6961
2.0041,1.228,-0.6858
1.9962,1.2341,-0.6985
1.9971,1.2368,-0.7013
1.9947,1.2347,-0.6996
1.9942,1.2295,-0.6863
1.9947,1.2324,-0.7015
1.9974,1.2412,-0.6858
1.9901,1.2376,-0.6882
1.9912,1.2306,-0.6938
1.9933,1.2336,-0.6866
1.9912,1.2321,-0.6915
1.9947,1.2365,-0.6944
2.0006,1.23,-0.6894
1.9953,1.2207,-0.6991
1.9977,1.2184,-0.6852
1.9985,1.1996,-0.6903
1.9965,1.2055,-0.7015
1.9947,1.1862,-0.6929
2.0035,1.1804,-0.6947
2.005,1.1596,-0.7027
2.0132,1.1502,-0.698
2.0193,1.1485,-0.6939
2.024,1.1546,-0.7045
2.0292,1.1418,-0.7015
2.0342,1.1397,-0.6956
2.0304,1.138,-0.7042
2.0362,1.1479,-0.7045
2.0304,1.1453,-0.7078
2.0298,1.1426,-0.7017
2.031,1.1447,-0.6967
2.0322,1.1432,-0.6982
2.0275,1.15,-0.7071
2.0357,1.1464,-0.7051
2.0348,1.1371,-0.6964
2.0333,1.1406,-0.6953
2.038,1.1388,-0.6954
2.0392,1.1342,-0.6937
2.045,1.1365,-0.7049
2.0412,1.1394,-0.7011
2.0447,1.1424,-0.7033
2.0418,1.1359,-0.6975
2.0462,1.1374,-0.7011
2.0421,1.1403,-0.6999
2.0465,1.1412,-0.7036
2.0526,1.1429,-0.7058
2.0412,1.1409,-0.6951
2.0509,1.1415,-0.7109
2.0506,1.1409,-0.702
2.0608,1.1432,-0.6967
2.0479,1.1429,-0.6884
2.045,1.1444,-0.7017
2.0447,1.1415,-0.7008
2.0514,1.1371,-0.6872
2.0512,1.1444,-0.6992
2.057,1.1418,-0.6948
2.0544,1.1348,-0.7043
2.0462,1.1321,-0.7013
2.0497,1.1383,-0.7125
2.0555,1.1391,-0.7074
2.0523,1.1383,-0.7138
2.0538,1.1391,-0.7075
2.0514,1.1409,-0.7002
2.0547,1.1371,-0.7039
2.0585,1.1438,-0.6948
2.0579,1.1339,-0.6919
2.0558,1.1456,-0.7027
2.0491,1.1353,-0.6979
2.0558,1.1424,-0.7017
2.0474,1.1368,-0.6948
2.0526,1.1397,-0.6979
2.0479,1.1415,-0.6939
2.055,1.1406,-0.6982
2.0491,1.1438,-0.6931
2.0544,1.1394,-0.7015
2.0438,1.1368,-0.7071
2.0503,1.1459,-0.691
2.045,1.1482,-0.7017
2.0447,1.1429,-0.6915
2.038,1.1482,-0.7106
2.0412,1.145,-0.6977
2.0421,1.1462,-0.6929
2.0438,1.1479,-0.6882
2.0342,1.1394,-0.6951
2.0398,1.1388,-0.6967
2.0374,1.1438,-0.6963
2.0392,1.1453,-0.6925
2.0316,1.1432,-0.6907
2.0365,1.1444,-0.6926
2.0438,1.1491,-0.6887
2.036,1.14,-0.7017
2.0319,1.1491,-0.6966
2.033,1.1473,-0.6976
2.0327,1.1502,-0.6963
2.0289,1.1415,-0.6929
2.0412,1.1473,-0.6925
2.0351,1.1497,-0.7037
2.0357,1.1412,-0.7056
2.0357,1.1368,-0.6972
2.0336,1.145,-0.696
2.0281,1.1415,-0.7014
2.0342,1.1403,-0.7099
2.036,1.1415,-0.6969
2.0327,1.1403,-0.6938
2.0357,1.1502,-0.7005
2.0395,1.1424,-0.6928
2.0348,1.1505,-0.6992
2.0327,1.1479,-0.7033
2.0377,1.1429,-0.6967
2.0319,1.1508,-0.7017
2.0398,1.1502,-0.6986
2.0322,1.1488,-0.6896
2.0322,1.154,-0.6928
2.0365,1.1418,-0.6881
2.0348,1.1388,-0.6881
2.0327,1.1479,-0.6966
2.0307,1.1403,-0.6976
2.0324,1.1438,-0.7055
2.0278,1.1447,-0.695
2.0342,1.145,-0.6986
2.0342,1.1432,-0.6985
2.0368,1.1441,-0.6991
2.0339,1.1494,-0.696
2.0275,1.1482,-0.7105
2.0313,1.1467,-0.6977
2.0327,1.1494,-0.7005
2.0228,1.1517,-0.6966
2.0324,1.1464,-0.707
2.036,1.1543,-0.7052
2.0298,1.1505,-0.6985
2.0324,1.154,-0.6986
2.0254,1.1491,-0.6901
2.0383,1.1517,-0.6973
2.0339,1.1473,-0.7027
2.0345,1.1494,-0.7037
2.0395,1.1491,-0.6966
2.0313,1.1535,-0.6979
2.0357,1.1494,-0.7004
2.0289,1.1441,-0.7052
2.0254,1.1508,-0.7053
2.0286,1.1459,-0.6904
2.0362,1.145,-0.6919
2.031,1.1467,-0.6953
2.0304,1.1456,-0.7024
2.0304,1.1476,-0.7033
2.0289,1.1456,-0.6893
2.0389,1.1473,-0.6916
2.0389,1.1538,-0.6899
2.0333,1.154,-0.6951
2.033,1.1464,-0.6929
2.0374,1.1491,-0.695
2.0295,1.1444,-0.6871
2.0327,1.1523,-0.6945
2.024,1.1476,-0.6891
2.0278,1.1418,-0.6944
2.0339,1.1508,-0.7074
2.0237,1.1429,-0.7002
2.0275,1.1473,-0.6983
2.036,1.1555,-0.6942
2.0295,1.1447,-0.6992
2.0368,1.1505,-0.6891
2.0368,1.1488,-0.6938
2.0351,1.1491,-0.6935
2.0319,1.1502,-0.6976
2.0324,1.1517,-0.6935
2.0351,1.1511,-0.7045
2.0336,1.1479,-0.6969
2.0295,1.1426,-0.6913
2.0368,1.152,-0.7055
2.031,1.1406,-0.7002
2.0307,1.1505,-0.6986
2.0301,1.1538,-0.6964
2.0377,1.152,-0.7011
2.0298,1.1476,-0.691
2.0202,1.1505,-0.6986
2.0322,1.1476,-0.6897
2.0289,1.1502,-0.6939
2.0301,1.1453,-0.6999
2.0313,1.1453,-0.6942
2.0324,1.1494,-0.6938
2.031,1.1497,-0.6998
2.031,1.1532,-0.6853
2.0333,1.15,-0.6966
2.036,1.154,-0.6956
2.0281,1.1479,-0.6938
2.0327,1.1529,-0.6992
2.0324,1.1505,-0.7013
2.0281,1.1462,-0.6922
2.0248,1.1432,-0.692
2.033,1.1464,-0.7056
2.0324,1.1485,-0.6996
2.0342,1.1517,-0.7053
2.0371,1.1523,-0.7036
2.0383,1.1421,-0.7099
2.04,1.1432,-0.7023
2.0398,1.1426,-0.7026
2.0377,1.1491,-0.7046
2.0327,1.1576,-0.7021
2.0237,1.1447,-0.703
2.0289,1.1497,-0.6912
2.0272,1.152,-0.6954
2.0316,1.1505,-0.6979
2.0298,1.1508,-0.6937
2.0371,1.1406,-0.7018
2.0345,1.1494,-0.6998
2.0327,1.1505,-0.7023
2.0354,1.1435,-0.7026
2.0348,1.152,-0.6986
2.036,1.1491,-0.7034
2.0301,1.1494,-0.697
2.0368,1.1514,-0.6986
2.0368,1.1491,-0.7065
2.0336,1.1485,-0.703
2.0357,1.1459,-0.6988
2.0386,1.1462,-0.702
2.036,1.1535,-0.6977
2.0409,1.1467,-0.7089
2.0383,1.1432,-0.701
2.0322,1.1415,-0.6896
2.04,1.1476,-0.6934
2.0307,1.1476,-0.7033
2.0342,1.1441,-0.7059
2.0354,1.1497,-0.6932
2.0362,1.1418,-0.6934
2.0368,1.1482,-0.7032
2.0386,1.1514,-0.7024
2.0316,1.1432,-0.7007
2.0357,1.1464,-0.7061
2.0339,1.1494,-0.7055
2.0392,1.1467,-0.6988
2.0383,1.1476,-0.7013
2.0389,1.1476,-0.7049
2.0301,1.1476,-0.7071
2.0313,1.1529,-0.7008
2.0365,1.1429,-0.7056
2.0324,1.1529,-0.7048
2.0336,1.1526,-0.701
2.0354,1.152,-0.7011
2.0351,1.147,-0.6996
2.0357,1.1514,-0.7007
2.0406,1.1543,-0.6986
2.0371,1.1549,-0.6948
2.0345,1.1535,-0.6926
2.036,1.1578,-0.7067
2.0333,1.1529,-0.6931
2.038,1.1491,-0.7036
2.0333,1.1526,-0.6944
2.0374,1.1502,-0.7033
2.0351,1.1502,-0.6945
2.036,1.1476,-0.7001
2.0383,1.1462,-0.7056
2.0313,1.1447,-0.6999
2.0298,1.1511,-0.7008
2.036,1.1491,-0.7074
2.0362,1.1529,-0.6977
2.0322,1.1514,-0.7007
2.0333,1.1456,-0.6939
2.033,1.1479,-0.6986
2.0289,1.1517,-0.6967
2.0415,1.1514,-0.7014
2.0389,1.1543,-0.7015
2.0348,1.1462,-0.6945
2.0345,1.1424,-0.6915
2.0357,1.1502,-0.6964
2.0316,1.1456,-0.7002
2.0266,1.1462,-0.6976
2.0307,1.1497,-0.7048
2.0333,1.1473,-0.7061
2.0351,1.1529,-0.7043
2.0324,1.1532,-0.7024
2.0327,1.1514,-0.6983
2.031,1.1511,-0.7127
2.0333,1.1535,-0.703
2.0395,1.1467,-0.7482
2.0319,1.1494,-0.7033
2.0289,1.1514,-0.7004
2.0357,1.1491,-0.7045
2.0289,1.1447,-0.7053
2.0357,1.1459,-0.7008
2.0342,1.1476,-0.6944
2.0371,1.1494,-0.7023
2.036,1.1494,-0.7064
2.0272,1.15,-0.7039
2.0278,1.1514,-0.7045
2.0307,1.1464,-0.7064
2.0333,1.1514,-0.7007
2.0327,1.1494,-0.7075
2.0333,1.1467,-0.7008
2.0319,1.1462,-0.6901
2.0313,1.1485,-0.6998
2.0316,1.1526,-0.7029
2.0438,1.1462,-0.7046
2.0333,1.1482,-0.7014
2.0322,1.1502,-0.7017
2.0231,1.1497,-0.7087
2.0272,1.1535,-0.7049
2.0345,1.147,-0.7077
2.0298,1.1464,-0.7027
2.0286,1.1558,-0.6973
2.0254,1.1459,-0.7004
2.0248,1.1482,-0.6897
2.0284,1.1497,-0.6957
2.0362,1.1482,-0.698
2.0304,1.1494,-0.7052
2.0342,1.1424,-0.708
2.0333,1.1473,-0.6935
2.0365,1.1476,-0.7018
2.0322,1.1438,-0.6983
2.033,1.1482,-0.6945
2.0362,1.1453,-0.7039
2.0269,1.1424,-0.6979
2.031,1.1508,-0.7033
2.0342,1.1517,-0.6979
2.0345,1.1508,-0.6951
2.0392,1.1464,-0.6995
2.0301,1.1415,-0.7109
2.0383,1.1485,-0.7024
2.0354,1.1467,-0.6954
2.0357,1.1444,-0.7096
2.0307,1.1365,-0.7049
2.038,1.1415,-0.7051
2.0348,1.1444,-0.704
2.0386,1.1488,-0.6935
2.0354,1.1464,-0.7094
2.0272,1.1441,-0.7048
2.0324,1.1488,-0.7004
2.0354,1.1435,-0.7102
2.0304,1.1406,-0.7013
2.0327,1.1447,-0.6977
2.0278,1.1476,-0.707
2.0324,1.1491,-0.6994
2.0298,1.1418,-0.7099
2.036,1.1412,-0.7102
2.0371,1.1462,-0.7034
2.0333,1.1473,-0.7045
2.031,1.1502,-0.7065
2.0272,1.1432,-0.7014
2.0357,1.1429,-0.6916
2.0365,1.1482,-0.6953
2.031,1.1406,-0.6975
2.0327,1.1424,-0.6992
2.0289,1.1479,-0.7039
2.0368,1.1438,-0.6954
2.0316,1.1453,-0.7026
2.0415,1.1426,-0.7018
2.0362,1.1491,-0.701
2.0348,1.1497,-0.709
2.0281,1.1409,-0.6999
2.0278,1.1497,-0.697
2.0333,1.1508,-0.6928
2.0284,1.1464,-0.7056
2.0222,1.1494,-0.6937
2.0386,1.1435,-0.6985
2.0269,1.1479,-0.7078
2.0286,1.1479,-0.688
2.0336,1.1511,-0.7072
2.0316,1.1435,-0.7103
2.0316,1.1523,-0.7075
2.0307,1.1491,-0.6877
2.0295,1.1432,-0.7005
2.036,1.1514,-0.6972
2.0336,1.1447,-0.7086
2.0339,1.1371,-0.7037
2.0368,1.1488,-0.7105
2.0316,1.1435,-0.6975
2.0263,1.1459,-0.7011
2.0316,1.1488,-0.6969
2.0339,1.1435,-0.7015
2.031,1.1479,-0.7029
2.0348,1.1447,-0.7122
2.0327,1.1491,-0.7055
2.0295,1.1397,-0.7083
2.0395,1.145,-0.6988
2.0354,1.147,-0.695
2.0307,1.1476,-0.6928
2.0351,1.1429,-0.6989
2.0327,1.1464,-0.7051
2.0284,1.1438,-0.6945
2.024,1.1459,-0.7093
2.0248,1.1429,-0.6953
2.0248,1.1456,-0.7102
2.0289,1.1473,-0.7024
2.0263,1.1488,-0.695
2.0301,1.1508,-0.6951
2.0231,1.1441,-0.708
2.026,1.1447,-0.6963
2.0313,1.1459,-0.7115
2.0289,1.1462,-0.7027
2.0281,1.1418,-0.6963
2.038,1.1441,-0.6989
2.0342,1.1429,-0.7029
2.0298,1.1514,-0.7023
2.0392,1.1441,-0.6954
2.0348,1.1415,-0.7017
2.036,1.1467,-0.7077
2.0289,1.1502,-0.7061
2.026,1.147,-0.704
2.0319,1.1482,-0.7106
2.0286,1.1473,-0.6972
2.0295,1.1514,-0.7034
2.0316,1.1482,-0.6926
2.0342,1.1505,-0.7093
2.0339,1.1464,-0.6896
2.033,1.1441,-0.6996
2.0307,1.1424,-0.702
2.0304,1.1459,-0.7013
2.0286,1.1476,-0.6994
2.0339,1.1497,-0.697
2.0248,1.1394,-0.7062
2.0286,1.15,-0.6863
2.0313,1.1462,-0.6893
2.0272,1.1546,-0.6901
2.0231,1.1467,-0.6985
2.033,1.1482,-0.6896
2.0324,1.15,-0.7056
2.0301,1.1438,-0.7056
2.0269,1.1412,-0.701
2.0289,1.1467,-0.7055
2.0313,1.1491,-0.6994
2.031,1.1447,-0.7067
2.0316,1.1488,-0.6996
2.0406,1.1462,-0.7046
2.038,1.1538,-0.6995
2.0386,1.1447,-0.6969
2.0392,1.1482,-0.7014
2.0348,1.147,-0.6951
2.0243,1.1488,-0.6964
2.0322,1.1447,-0.695
2.0313,1.15,-0.7065
2.0246,1.1447,-0.7062
2.0289,1.1476,-0.7017
2.0339,1.1511,-0.7033
2.0339,1.15,-0.7037
2.0313,1.1444,-0.6992
2.0289,1.1482,-0.6964
2.0278,1.1508,-0.7024
2.0272,1.1421,-0.695
2.0278,1.1438,-0.69
2.0301,1.1462,-0.6944
2.0275,1.1447,-0.6969
2.0284,1.1432,-0.6934
2.024,1.1421,-0.6996
2.0269,1.1438,-0.6964
2.0348,1.1494,-0.7048
2.0368,1.1508,-0.7065
2.0322,1.1403,-0.6942
2.0324,1.1491,-0.7026
2.0278,1.1447,-0.7113
2.0333,1.1485,-0.7008
2.0289,1.1453,-0.7004
2.0313,1.154,-0.7049
2.0225,1.1502,-0.6976
2.0368,1.1453,-0.6901
2.0228,1.1479,-0.7064
2.0362,1.1447,-0.6994
2.026,1.1508,-0.7033
2.0307,1.1502,-0.6881
2.0292,1.1485,-0.7033
2.0292,1.1523,-0.6956
2.0307,1.1467,-0.7002
2.0304,1.1488,-0.695
2.0342,1.1482,-0.6989
2.0289,1.1412,-0.7008
2.0243,1.1444,-0.6922
2.0263,1.1529,-0.6932
2.0336,1.1447,-0.6932
2.0362,1.147,-0.7112
2.0319,1.1476,-0.7004
2.036,1.15,-0.7007
2.0301,1.1473,-0.6912
2.0284,1.1517,-0.7067
2.0342,1.1432,-0.707
2.0415,1.1497,-0.7001
2.0307,1.1567,-0.6996
2.0319,1.1502,-0.704
2.0313,1.1517,-0.7042
2.0251,1.1491,-0.704
2.0342,1.1467,-0.697
2.0313,1.1517,-0.704
2.0304,1.1485,-0.7033
2.0301,1.1517,-0.71
2.0324,1.1511,-0.6999
2.0298,1.1543,-0.7048
2.0324,1.1459,-0.7109
2.0272,1.1538,-0.6983
2.0322,1.1561,-0.7002
2.0339,1.1494,-0.7048
2.0386,1.1517,-0.7053
2.0374,1.1573,-0.7048
2.0278,1.1505,-0.7048
2.0316,1.157,-0.6999
2.0304,1.1581,-0.7032
2.0281,1.1502,-0.7056
2.031,1.1538,-0.703
2.0313,1.1508,-0.7005
2.0336,1.1523,-0.7049
2.0304,1.1476,-0.7121
2.0319,1.1485,-0.708
2.0301,1.1488,-0.716
2.0281,1.1497,-0.6934
2.0327,1.1502,-0.7045
2.0269,1.152,-0.7034
2.031,1.1529,-0.7113
2.0368,1.1459,-0.6942
2.0286,1.1491,-0.6964
2.0392,1.1485,-0.698
2.0357,1.1511,-0.7037
2.0272,1.147,-0.7125
2.0345,1.1415,-0.7058
2.0251,1.1453,-0.7052
2.0295,1.1462,-0.7051
2.0275,1.152,-0.7064
2.0324,1.1459,-0.7102
2.0263,1.1491,-0.7084
2.0327,1.1505,-0.6992
2.0392,1.1535,-0.7122
2.0324,1.1526,-0.7045
2.0354,1.1529,-0.7128
2.0362,1.1502,-0.7118
2.0377,1.1529,-0.7051
2.0365,1.1505,-0.703
2.0281,1.1546,-0.6991
2.0345,1.1558,-0.6976
2.0275,1.152,-0.7045
2.031,1.1526,-0.7004
2.0324,1.1526,-0.7048
2.0377,1.1435,-0.698
2.0392,1.1462,-0.7052
2.0295,1.1453,-0.7067
2.0351,1.1482,-0.7034
2.0357,1.1467,-0.7068
2.0289,1.1494,-0.7121
2.0345,1.1535,-0.7096
2.0386,1.1412,-0.7053
2.0289,1.1508,-0.7042
2.0286,1.1459,-0.7143
2.0333,1.1453,-0.7008
2.0374,1.1502,-0.7064
2.0304,1.1424,-0.7097
2.036,1.1508,-0.7147
2.0327,1.147,-0.7108
2.0266,1.1488,-0.7053
2.0316,1.1532,-0.7043
2.0345,1.1485,-0.7182
2.031,1.1464,-0.7143
2.031,1.1491,-0.7064
2.0327,1.1485,-0.7077
2.0327,1.1459,-0.7048
2.0292,1.1549,-0.7175
2.0307,1.1447,-0.7071
2.0339,1.152,-0.7021
2.0406,1.1564,-0.7061
2.0289,1.1502,-0.7033
2.0286,1.1476,-0.7086
2.0298,1.147,-0.697
2.0289,1.1502,-0.7189
2.0333,1.1511,-0.7087
2.0368,1.1543,-0.7068
2.0284,1.1511,-0.7037
2.0281,1.1578,-0.7083
2.0266,1.1526,-0.7008
2.0324,1.1473,-0.6977
2.0269,1.1514,-0.7037
2.0257,1.1485,-0.7036
2.0263,1.1415,-0.7067
2.0322,1.1482,-0.7108
2.0286,1.1467,-0.701
2.031,1.1444,-0.6919
2.0263,1.1488,-0.7143
2.0316,1.1491,-0.6995
2.0281,1.147,-0.7134
2.0386,1.1456,-0.7091
2.0234,1.1444,-0.7051
2.0257,1.1479,-0.7032
2.0336,1.159,-0.7153
2.0316,1.1526,-0.7093
2.0269,1.1494,-0.7091
2.0307,1.1482,-0.707
2.0342,1.1514,-0.7067
2.0316,1.1596,-0.7112
2.0301,1.1552,-0.7089
2.0322,1.1514,-0.7086
2.0269,1.1526,-0.7024
2.0301,1.1546,-0.7033
2.0362,1.1464,-0.7053
2.0395,1.1584,-0.7007
2.0398,1.1558,-0.7162
2.0357,1.1497,-0.7074
2.0362,1.1546,-0.7106
2.0351,1.1549,-0.7033
2.0304,1.1497,-0.7188
2.0304,1.1543,-0.711
2.033,1.1538,-0.7074
2.0389,1.1532,-0.7103
2.0275,1.1552,-0.7109
2.0333,1.1488,-0.7119
2.0246,1.1494,-0.7148
2.0357,1.1529,-0.7067
2.033,1.1535,-0.7072
2.0351,1.1526,-0.704
2.0348,1.152,-0.7032
2.0322,1.1497,-0.6989
2.0295,1.1482,-0.7062
2.0322,1.1467,-0.698
2.0354,1.1441,-0.7071
2.033,1.1546,-0.7192
2.0351,1.1435,-0.7059
2.0327,1.1558,-0.6977
2.0342,1.1497,-0.704
2.0298,1.1485,-0.7087
2.0301,1.1596,-0.7014
2.0301,1.1514,-0.704
2.0307,1.1497,-0.7034
2.0272,1.1502,-0.7001
2.0251,1.1494,-0.7083
2.0324,1.1529,-0.7071
2.0284,1.1485,-0.7008
2.0342,1.1508,-0.7049
2.0324,1.1546,-0.7058
2.0246,1.1429,-0.71
2.0313,1.1456,-0.7061
2.0336,1.1438,-0.7004
2.0351,1.1529,-0.6983
2.0327,1.1494,-0.7127
2.0342,1.1435,-0.6966
2.0205,1.1535,-0.707
2.0295,1.1426,-0.7075
2.0301,1.145,-0.7113
2.0266,1.1523,-0.6994
2.0322,1.1543,-0.7061
2.0342,1.1464,-0.696
2.0269,1.1526,-0.6976
2.0269,1.147,-0.7045
2.0304,1.1505,-0.7071
2.0316,1.1473,-0.7002
2.0298,1.1456,-0.7061
2.0301,1.152,-0.7052
2.0266,1.1584,-0.6976
2.0266,1.1494,-0.7001
2.0251,1.1488,-0.7001
2.0301,1.1473,-0.7008
2.0319,1.145,-0.707
2.0307,1.1517,-0.7075
2.0322,1.1447,-0.7043
2.0292,1.1462,-0.7049
2.0322,1.147,-0.7162
2.0348,1.1479,-0.704
2.0336,1.1529,-0.7083
2.0284,1.1432,-0.7138
2.0292,1.1526,-0.7045
2.0284,1.1429,-0.7029
2.031,1.1517,-0.7039
2.0307,1.1508,-0.6999
2.0336,1.154,-0.7062
2.026,1.1543,-0.7072
2.0278,1.1535,-0.707
2.0286,1.1421,-0.7064
2.0327,1.1485,-0.7001
2.0219,1.1403,-0.7053
2.0266,1.1397,-0.7014
2.0269,1.1429,-0.7143
2.0336,1.1505,-0.7436
2.0269,1.1462,-0.7093
2.0269,1.1514,-0.7105
2.0339,1.1462,-0.711
2.0272,1.1438,-0.7062
2.0275,1.145,-0.6973
2.0289,1.1447,-0.7052
2.0301,1.1473,-0.7084
2.0289,1.152,-0.7086
2.0295,1.15,-0.7029
2.0333,1.1432,-0.6979
2.0275,1.15,-0.709
2.0301,1.1514,-0.7049
2.0368,1.1432,-0.7097
2.0339,1.1491,-0.7037
2.0354,1.1523,-0.7033
2.0386,1.1535,-0.7086
2.0319,1.1482,-0.7015
2.0371,1.1497,-0.7024
2.0365,1.1546,-0.7084
2.0286,1.1462,-0.7078
2.0339,1.154,-0.7043
2.0348,1.1549,-0.717
2.0357,1.1529,-0.708
2.036,1.147,-0.6998
2.0406,1.1543,-0.702
2.0324,1.1508,-0.7159
2.0307,1.152,-0.7165
2.0322,1.157,-0.7077
2.0284,1.152,-0.6989
2.0295,1.1432,-0.7157
2.0348,1.1397,-0.7007
2.0316,1.1447,-0.7064
2.0339,1.15,-0.7056
2.0301,1.1447,-0.6995
2.0333,1.1546,-0.707
2.0289,1.1508,-0.7173
2.0298,1.1459,-0.7115
2.0322,1.1462,-0.7014
2.0304,1.1508,-0.6979
2.026,1.14,-0.707
2.0313,1.1464,-0.6966
2.026,1.1424,-0.7112
2.0313,1.1485,-0.6988
2.0272,1.1497,-0.703
2.0269,1.1462,-0.7077
2.024,1.1426,-0.7078
2.0324,1.15,-0.7015
2.0275,1.1453,-0.708
2.0216,1.145,-0.6963
2.0324,1.1426,-0.707
2.0284,1.1456,-0.7074
2.024,1.1432,-0.7083
2.0251,1.1508,-0.7007
2.0319,1.1488,-0.7026
2.0263,1.1453,-0.6967
2.0275,1.1505,-0.7001
2.0286,1.147,-0.7008
2.0354,1.1535,-0.7029
2.036,1.1497,-0.6994
2.0286,1.1488,-0.7005
2.0336,1.1517,-0.6919
2.0254,1.1529,-0.7002
2.031,1.1523,-0.6935
2.0202,1.1488,-0.7001
2.0316,1.1409,-0.698
2.0301,1.1514,-0.698
2.0319,1.1467,-0.7086
2.0339,1.1497,-0.7067
2.0281,1.1459,-0.695
2.0301,1.1476,-0.6994
2.0351,1.1511,-0.7013
2.0433,1.1502,-0.6872
2.04,1.1532,-0.6932
2.0327,1.1614,-0.695
2.0304,1.1555,-0.6996
2.0322,1.1415,-0.6979
2.0251,1.1523,-0.6947
2.0327,1.1456,-0.6969
2.0322,1.152,-0.6929
2.0409,1.1538,-0.7056
2.0251,1.1508,-0.6963
2.0365,1.1444,-0.7034
2.0342,1.1462,-0.7029
2.0278,1.1505,-0.7075
2.0254,1.15,-0.7043
2.0351,1.1447,-0.7023
2.0286,1.1508,-0.6995
2.0333,1.1459,-0.6963
2.0351,1.1476,-0.7014
2.0345,1.1535,-0.6975
2.0295,1.1488,-0.6865
2.0362,1.1505,-0.7053
2.0339,1.1418,-0.7419
2.026,1.1464,-0.7053
2.0307,1.1386,-0.7011
2.0225,1.1421,-0.697
2.0284,1.1473,-0.7002
2.0316,1.1476,-0.6939
2.0292,1.1517,-0.6942
2.0368,1.1421,-0.7052
2.0275,1.1453,-0.6951
2.0257,1.1558,-0.7045
2.0281,1.1491,-0.6988
2.033,1.1438,-0.7089
2.0286,1.1491,-0.6972
2.0266,1.1464,-0.7141
2.0278,1.145,-0.7072
2.0286,1.1456,-0.6964
2.0304,1.1476,-0.7021
2.0319,1.154,-0.6985
2.0246,1.1473,-0.7027
2.031,1.1476,-0.7014
2.0333,1.1494,-0.6956
2.0339,1.1529,-0.7004
2.0324,1.1491,-0.7052
2.0377,1.1473,-0.7027
2.0298,1.1546,-0.6973
2.0284,1.1462,-0.7014
2.0316,1.1517,-0.692
2.038,1.1476,-0.6991
2.0374,1.14,-0.6967
2.0284,1.145,-0.707
2.0345,1.1464,-0.698
2.0327,1.147,-0.6967
2.0324,1.147,-0.7075
2.0322,1.1424,-0.7023
2.0345,1.15,-0.6966
2.0281,1.1505,-0.7097
2.0324,1.1462,-0.7094
2.0266,1.1377,-0.702
2.0324,1.1482,-0.7036
2.0386,1.1438,-0.6986
2.0324,1.1444,-0.7052
2.0313,1.1467,-0.6935
2.0307,1.1456,-0.6996
2.0301,1.1511,-0.7091
2.0269,1.1464,-0.7029
2.0289,1.1473,-0.7034
2.0307,1.1526,-0.7033
2.0324,1.1453,-0.6995
2.0324,1.1397,-0.6942
2.036,1.1482,-0.7121
2.0342,1.1459,-0.7062
2.0298,1.145,-0.702
2.0307,1.1494,-0.7081
2.0368,1.1514,-0.7013
2.0281,1.1453,-0.6963
2.0374,1.15,-0.6967
2.0377,1.1526,-0.6975
2.0316,1.1429,-0.6977
2.0298,1.1526,-0.698
2.0292,1.1491,-0.7042
2.0327,1.1523,-0.6998
2.0333,1.1514,-0.7008
2.0324,1.1421,-0.6986
2.0345,1.147,-0.6989
2.0304,1.1488,-0.6906
2.0251,1.1467,-0.6998
2.0336,1.1467,-0.7024
2.0322,1.1415,-0.6991
2.0304,1.152,-0.7013
2.0278,1.1494,-0.6992
2.0202,1.1505,-0.6979
2.0278,1.1429,-0.6913
2.0272,1.152,-0.6973
2.0316,1.1476,-0.7059
2.0319,1.1523,-0.7112
2.0316,1.1508,-0.6995
2.0392,1.1526,-0.7039
2.0275,1.1517,-0.7061
2.0324,1.1494,-0.7086
2.0251,1.15,-0.7017
2.0257,1.1529,-0.7026
2.0298,1.1529,-0.6998
2.0345,1.1517,-0.7042
2.0354,1.1485,-0.6972
2.0319,1.1538,-0.7059
2.0251,1.1511,-0.6988
2.026,1.1491,-0.7001
2.031,1.15,-0.6982
2.0295,1.1491,-0.7053
2.0398,1.1494,-0.6969
2.0324,1.1473,-0.7005
2.0357,1.1464,-0.6988
2.019,1.1514,-0.6992
2.0269,1.15,-0.7091
2.0272,1.1508,-0.7029
2.0281,1.1505,-0.7017
2.0286,1.1555,-0.6992
2.0292,1.1485,-0.6979
2.0286,1.147,-0.7023
2.0281,1.1523,-0.7021
2.0289,1.1511,-0.7049
2.0281,1.15,-0.7067
2.021,1.1418,-0.7071
2.0307,1.1523,-0.7026
2.0257,1.1453,-0.717
2.0251,1.152,-0.7033
2.0284,1.1497,-0.6972
2.0307,1.1552,-0.7021
2.0316,1.1464,-0.7018
2.0269,1.1497,-0.6953
2.0286,1.1488,-0.6996
2.0272,1.1479,-0.6994
2.0301,1.1453,-0.7001
2.0365,1.152,-0.7046
2.0324,1.1429,-0.6985
2.0284,1.1511,-0.7119
2.0272,1.1581,-0.7042
2.0333,1.157,-0.7061
2.036,1.1447,-0.7056
2.031,1.1535,-0.6979
2.0324,1.1523,-0.6969
2.0327,1.1505,-0.7132
2.0286,1.1535,-0.7052
2.0345,1.1564,-0.7106
2.0298,1.1467,-0.7023
2.0339,1.1488,-0.7037
2.0257,1.1526,-0.6998
2.0298,1.1479,-0.6951
2.0342,1.15,-0.7077
2.0304,1.1482,-0.6995
2.0377,1.1532,-0.7017
2.0351,1.1529,-0.7002
2.0281,1.1523,-0.7134
2.0327,1.1415,-0.696
2.0301,1.1502,-0.6954
2.0348,1.1462,-0.7071
2.0286,1.1473,-0.7011
2.0289,1.1438,-0.7124
2.0292,1.1441,-0.698
2.0292,1.1447,-0.7096
2.0248,1.1464,-0.6986
2.0263,1.1426,-0.7089
2.0351,1.1502,-0.6942
2.0357,1.1546,-0.707
2.0319,1.1502,-0.7049
2.0316,1.1473,-0.7071
2.0313,1.1456,-0.6986
2.0278,1.1514,-0.7013
2.0348,1.1564,-0.7027
2.0269,1.1464,-0.7086
2.0272,1.1494,-0.7039
2.0313,1.1406,-0.702
2.0307,1.147,-0.7061
2.0324,1.1505,-0.7056
2.0345,1.15,-0.7078
2.0316,1.1514,-0.6941
2.0301,1.1491,-0.7074
2.0284,1.147,-0.6878
2.036,1.154,-0.7032
2.0313,1.1508,-0.6999
2.0327,1.1526,-0.6969
2.0319,1.1488,-0.7119
2.0324,1.1429,-0.7029
2.0278,1.1435,-0.6945
2.0295,1.1415,-0.6985
2.0275,1.1526,-0.6909
2.0289,1.1462,-0.7018
2.0313,1.1514,-0.6969
2.0322,1.1523,-0.6888
2.0246,1.1505,-0.6982
2.0248,1.1491,-0.7004
2.0316,1.147,-0.6973
2.0333,1.1616,-0.7078
2.0333,1.1476,-0.7159
2.0281,1.1456,-0.7121
2.0316,1.1538,-0.7059
2.026,1.1491,-0.6979
2.0248,1.1517,-0.702
2.0292,1.1476,-0.7125
2.0272,1.1505,-0.6983
2.0251,1.1444,-0.698
2.0225,1.1464,-0.6932
2.0257,1.1494,-0.7011
2.0269,1.1529,-0.698
2.0336,1.1464,-0.7024
2.0322,1.15,-0.7052
2.0295,1.1467,-0.7482
2.031,1.1497,-0.7157
2.0333,1.1473,-0.6986
2.0327,1.1532,-0.7034
2.031,1.15,-0.6977
2.0284,1.1505,-0.7059
2.0295,1.1476,-0.7089
2.026,1.1473,-0.7024
2.0266,1.1485,-0.7005
2.0289,1.154,-0.7015
2.0272,1.1508,-0.6998
2.0269,1.1494,-0.7037
2.033,1.154,-0.6977
2.0281,1.1514,-0.7011
2.0415,1.1543,-0.7008
2.0322,1.1555,-0.7008
2.0357,1.1535,-0.6922
2.0357,1.1523,-0.6824
2.031,1.1567,-0.6862
2.0313,1.154,-0.6929
2.0351,1.1505,-0.697
2.0295,1.1502,-0.689
2.0284,1.1432,-0.6947
2.0281,1.1476,-0.7048
2.0284,1.1462,-0.6858
2.0231,1.1526,-0.6992
2.024,1.152,-0.7023
2.0205,1.1546,-0.6958
2.0286,1.1482,-0.6918
2.0286,1.1485,-0.6919
2.0292,1.1485,-0.6931
2.0333,1.1497,-0.6967
2.0339,1.1561,-0.6979
2.0257,1.157,-0.6885
2.0354,1.1494,-0.7026
2.0348,1.1502,-0.6958
2.0345,1.15,-0.6996
2.0292,1.1552,-0.6995
2.0269,1.1532,-0.6912
2.0322,1.1485,-0.696
2.0248,1.1555,-0.6855
2.0292,1.1409,-0.6929
2.0234,1.1564,-0.7077
2.0319,1.1459,-0.7049
2.0371,1.1514,-0.7032
2.0374,1.1514,-0.6969
2.0333,1.1491,-0.6967
2.0248,1.147,-0.6998
2.0286,1.1532,-0.6999
2.0289,1.1555,-0.6969
2.0307,1.1491,-0.6983
2.0269,1.1517,-0.6939
2.0286,1.1535,-0.6991
2.0362,1.1555,-0.7014
2.0324,1.1424,-0.7055
2.0316,1.1456,-0.7045
2.0269,1.1424,-0.7147
2.031,1.1543,-0.695
2.0336,1.1608,-0.7032
2.0304,1.1447,-0.6975
2.0316,1.1418,-0.7004
2.0327,1.1464,-0.6929
2.0234,1.1491,-0.709
2.0205,1.1502,-0.701
2.026,1.1447,-0.6871
2.0336,1.1526,-0.691
2.0322,1.147,-0.6988
2.031,1.154,-0.6982
2.0272,1.1435,-0.7026
2.0284,1.1368,-0.6999
2.0304,1.1485,-0.6996
2.0313,1.1497,-0.698
2.0275,1.1508,-0.6973
2.0319,1.145,-0.6988
2.036,1.1497,-0.6916
2.0406,1.1441,-0.697
2.0415,1.1429,-0.6912
2.043,1.1412,-0.7018
2.0506,1.1429,-0.6995
2.045,1.1456,-0.6942
2.0456,1.1485,-0.6988
2.0409,1.1412,-0.6961
2.0427,1.1441,-0.6954
2.0436,1.1391,-0.6944
2.0444,1.1412,-0.6972
2.0421,1.1403,-0.7015
2.052,1.1406,-0.6961
2.0474,1.1453,-0.6929
2.0444,1.1342,-0.6941
2.0491,1.1435,-0.6869
2.0485,1.138,-0.6923
2.0421,1.1383,-0.6977
2.0456,1.1333,-0.6919
2.0491,1.1418,-0.6938
2.0514,1.1479,-0.6964
2.0517,1.1447,-0.7026
2.0459,1.1377,-0.7052
2.0395,1.1491,-0.7024
2.0453,1.1426,-0.6977
2.0479,1.1438,-0.6951
2.043,1.1432,-0.7017
2.038,1.152,-0.6937
2.0322,1.1505,-0.697
2.0216,1.1555,-0.6998
2.0129,1.1535,-0.7029
2.0187,1.1637,-0.7091
2.0155,1.1654,-0.6944
2.0091,1.173,-0.7029
2.0143,1.1669,-0.7023
2.0167,1.1643,-0.6951
2.0099,1.1637,-0.6961
2.0088,1.1628,-0.696
2.0099,1.1587,-0.7097
2.0129,1.1584,-0.6977
2.0091,1.1602,-0.6937
2.0111,1.166,-0.6964
2.0099,1.169,-0.6989
2.0094,1.1654,-0.6988
2.0073,1.1707,-0.7094
2.007,1.1692,-0.6983
2.0079,1.1695,-0.6963
2.0044,1.1643,-0.6865
2.0073,1.1649,-0.6967
2.0099,1.171,-0.6999
2.0058,1.1713,-0.6966
2.0029,1.1736,-0.6947
2.002,1.1684,-0.6903
1.9968,1.1684,-0.6858
2.0082,1.1736,-0.6901
2.005,1.1684,-0.691
2.0047,1.1707,-0.6979
2.002,1.1827,-0.6948
2.0026,1.1716,-0.6888
2.0067,1.1719,-0.6939
2.0006,1.1739,-0.6808
1.9965,1.1774,-0.6947
2.0114,1.1774,-0.6916
2.0085,1.1739,-0.6938
1.9991,1.1792,-0.696
2.005,1.1774,-0.6863
2.0041,1.1824,-0.6865
2.0073,1.1701,-0.6904
2.0067,1.1719,-0.6939
2.0044,1.1716,-0.6882
2.0108,1.1739,-0.6884
2.0146,1.1754,-0.691
2.005,1.1719,-0.6888
2.0094,1.1809,-0.6896
2.0085,1.1719,-0.6887
1.998,1.1798,-0.6935
2.0102,1.1786,-0.6954
2.0044,1.1847,-0.7039
2.0061,1.1804,-0.6901
2.0108,1.1853,-0.6929
2.005,1.1801,-0.6979
2.0041,1.1801,-0.6925
2.0099,1.1704,-0.6956
2.0105,1.1792,-0.6875
2.0082,1.1701,-0.6944
2.0073,1.1728,-0.6939
2.0018,1.1739,-0.695
2.005,1.1766,-0.6983
2.0029,1.1763,-0.688
2.0041,1.1766,-0.6919
2.0006,1.1716,-0.7015
2.007,1.1754,-0.688
2.0053,1.1786,-0.7007
2.0047,1.173,-0.6888
2.0023,1.1725,-0.6907
2.0064,1.1742,-0.6958
2.0091,1.1669,-0.689
2.0029,1.1757,-0.6973
2.0082,1.1745,-0.6843
2.0094,1.1728,-0.6982
2.005,1.1757,-0.6942
2.0091,1.1728,-0.702
2.0006,1.1768,-0.6942
1.9997,1.1733,-0.6941
2.002,1.1722,-0.6909
2.0061,1.1771,-0.6875
2.0061,1.1713,-0.6983
2.0061,1.1707,-0.6947
2.0067,1.1757,-0.6888
1.9994,1.1742,-0.6906
2.0056,1.1766,-0.6906
2.0073,1.178,-0.6995
1.9985,1.1768,-0.6963
2.0047,1.1742,-0.6969
2.007,1.1754,-0.701
2.0038,1.1885,-0.6977
1.9953,1.1774,-0.6916
2.0035,1.1763,-0.6994
2.0003,1.1798,-0.7018
1.9965,1.1739,-0.6967
2.0044,1.1818,-0.6996
2.0053,1.176,-0.6935
2.0058,1.1859,-0.7067
2.0,1.1789,-0.6972
2.0035,1.1809,-0.6877
2.0032,1.183,-0.6922
2.0108,1.1818,-0.6963
2.0082,1.1771,-0.696
2.0038,1.1798,-0.6922
2.0012,1.1792,-0.6964
2.0041,1.1763,-0.6906
2.0032,1.1757,-0.6874
2.0023,1.1672,-0.6947
2.0044,1.1748,-0.6967
2.0067,1.1748,-0.6976
2.0003,1.1795,-0.6969
2.007,1.1824,-0.698
2.0058,1.1812,-0.6999
2.0012,1.1739,-0.6973
1.9991,1.1833,-0.7071
2.007,1.183,-0.7062
2.012,1.178,-0.6907
2.0012,1.176,-0.6947
2.005,1.176,-0.6934
2.0061,1.1809,-0.7004
2.0041,1.1736,-0.7036
2.0088,1.1818,-0.6942
2.0018,1.1739,-0.7033
2.0023,1.1745,-0.6967
2.0061,1.1754,-0.6853
2.0038,1.1783,-0.7014
2.0053,1.1798,-0.6918
2.0053,1.1684,-0.6878
2.0067,1.1783,-0.702
2.0096,1.1774,-0.691
2.0006,1.1742,-0.7062
2.0038,1.1766,-0.7042
2.0058,1.1742,-0.6896
2.0018,1.176,-0.6909
2.0088,1.1754,-0.6872
2.0073,1.1818,-0.6907
2.0058,1.1792,-0.7001
2.0058,1.1763,-0.6975
2.0096,1.1774,-0.7039
2.0088,1.1748,-0.6896
1.9988,1.1652,-0.7046
2.0126,1.1789,-0.697
2.0088,1.1824,-0.6956
2.0105,1.1795,-0.6979
2.0073,1.178,-0.6954
2.0099,1.1766,-0.7015
2.0056,1.1774,-0.691
2.0126,1.1748,-0.6918
2.0149,1.1698,-0.6925
2.012,1.1774,-0.6918
2.0114,1.1736,-0.6903
2.0076,1.1736,-0.7005
2.0076,1.1728,-0.7017
2.0041,1.1745,-0.6932
2.0094,1.1736,-0.7005
2.0076,1.1684,-0.6969
2.0096,1.183,-0.6937
2.0035,1.176,-0.7042
2.0073,1.1754,-0.6941
2.0064,1.1757,-0.6951
2.0114,1.1792,-0.6992
2.0161,1.1795,-0.6958
2.0085,1.1804,-0.6912
2.0088,1.1877,-0.7036
2.0044,1.1836,-0.6948
2.007,1.1768,-0.6995
2.0085,1.1748,-0.7008
2.0064,1.1733,-0.7059
2.0056,1.1751,-0.7091
2.0056,1.1742,-0.7033
2.0067,1.1801,-0.6995
2.0085,1.1725,-0.7026
2.0111,1.1654,-0.6954
2.0117,1.1751,-0.7013
2.0053,1.1763,-0.6896
2.0155,1.1716,-0.6966
2.005,1.1701,-0.6954
2.0172,1.1684,-0.6972
2.0102,1.1777,-0.7001
2.0073,1.1745,-0.6915
2.0152,1.1672,-0.7059
2.0091,1.1719,-0.6958
2.0079,1.1745,-0.6972
2.007,1.1739,-0.6961
2.0079,1.1742,-0.6925
2.0129,1.1681,-0.6977
2.0079,1.1728,-0.7043
2.005,1.1719,-0.7013
2.0108,1.1801,-0.6928
2.0117,1.1754,-0.704
2.0088,1.1771,-0.7015
2.0126,1.1766,-0.7077
2.0143,1.1754,-0.6976
2.0152,1.1742,-0.6989
2.0073,1.1786,-0.7058
2.0091,1.1725,-0.7027
2.0137,1.1766,-0.7083
2.0158,1.1763,-0.6966
2.0117,1.1751,-0.6925
2.0079,1.1804,-0.7014
2.0056,1.1725,-0.7048
2.0123,1.1713,-0.6941
2.0126,1.1745,-0.7065
2.0041,1.1745,-0.7045
2.0079,1.1751,-0.7127
2.0061,1.1777,-0.7064
2.0032,1.1719,-0.6979
2.0117,1.1722,-0.6929
2.0111,1.1763,-0.6931
2.0035,1.1725,-0.7043
2.0123,1.1675,-0.7008
2.0099,1.1678,-0.6975
2.0067,1.1736,-0.6967
2.002,1.1713,-0.69
2.0058,1.173,-0.7056
2.0076,1.1766,-0.6998
2.0102,1.1757,-0.7032
2.0091,1.1719,-0.698
2.0091,1.1751,-0.7086
2.0079,1.178,-0.6985
2.0091,1.1757,-0.7026
2.0102,1.1701,-0.7024
2.0079,1.1701,-0.7081
2.0053,1.1757,-0.6874
2.012,1.1707,-0.7002
2.0032,1.171,-0.6988
2.0123,1.178,-0.6991
2.0076,1.1844,-0.7021
2.0044,1.1695,-0.6939
2.0088,1.1786,-0.6944
2.0064,1.1763,-0.6939
2.0053,1.1757,-0.6947
2.0105,1.1789,-0.6909
2.0129,1.1818,-0.7026
2.0018,1.1768,-0.6956
2.007,1.1728,-0.6976
2.0026,1.1742,-0.7059
2.0018,1.1669,-0.702
2.0079,1.1818,-0.6907
2.0137,1.1768,-0.6853
2.0038,1.1751,-0.6916
1.9968,1.1695,-0.6934
2.0029,1.1692,-0.6919
1.9971,1.171,-0.6996
2.0082,1.1739,-0.6938
2.0053,1.1763,-0.6929
2.0035,1.1728,-0.7086
2.0003,1.1763,-0.6972
2.0137,1.1725,-0.6951
1.9994,1.171,-0.6934
2.0085,1.1728,-0.6999
2.0091,1.1669,-0.6958
2.0096,1.1777,-0.702
2.0094,1.1719,-0.7033
2.0044,1.1637,-0.7065
2.0012,1.169,-0.6957
2.0012,1.1707,-0.7014
2.0032,1.1742,-0.7014
2.0026,1.1815,-0.7004
2.0058,1.1701,-0.6856
2.0076,1.1766,-0.6875
2.0056,1.1789,-0.7045
1.9994,1.1733,-0.6937
2.0015,1.176,-0.695
2.0026,1.1739,-0.6975
2.0018,1.1707,-0.6988
2.007,1.1742,-0.6865
2.0073,1.1716,-0.6938
2.0018,1.1646,-0.6941
2.0035,1.1786,-0.6893
2.0035,1.1713,-0.6961
2.0091,1.176,-0.6992
2.0003,1.1757,-0.7053
2.0129,1.1687,-0.6956
2.0064,1.1745,-0.6843
2.0032,1.1766,-0.6925
2.0026,1.1774,-0.6995
2.0082,1.1757,-0.6929
2.0018,1.1818,-0.698
2.0067,1.1754,-0.6989
2.0029,1.176,-0.6897
2.0067,1.1751,-0.6998
2.0067,1.1768,-0.7068
2.0067,1.1739,-0.6922
2.012,1.1774,-0.6906
2.0102,1.1786,-0.6926
2.0023,1.1757,-0.6947
2.0044,1.1678,-0.7072
2.0076,1.1722,-0.703
2.0085,1.1698,-0.7046
2.0064,1.1792,-0.7078
2.0158,1.1774,-0.7039
2.0096,1.1739,-0.7021
2.002,1.1771,-0.6975
2.0099,1.1847,-0.6985
2.0094,1.1812,-0.7059
2.0044,1.1716,-0.6967
2.0114,1.1733,-0.6986
2.0114,1.173,-0.6881
2.0094,1.183,-0.6931
2.0023,1.1713,-0.6941
2.0064,1.1725,-0.6996
2.0035,1.1739,-0.6862
1.998,1.1742,-0.6951
2.0035,1.1768,-0.6928
2.0047,1.1745,-0.7001
2.0076,1.169,-0.6915
2.0058,1.1701,-0.7014
2.0056,1.1722,-0.696
2.0058,1.1766,-0.6897
2.0032,1.1704,-0.692
2.0094,1.1684,-0.6983
2.0032,1.1716,-0.6913
2.0056,1.1713,-0.685
2.0058,1.1728,-0.6907
2.0053,1.1768,-0.6865
2.0032,1.1666,-0.7032
2.0058,1.1733,-0.7005
2.0105,1.1748,-0.6986
2.0035,1.1704,-0.6893
2.0023,1.1681,-0.6925
2.0044,1.1698,-0.697
2.0064,1.1707,-0.6918
2.0041,1.1713,-0.6896
2.0094,1.171,-0.7007
2.0058,1.1733,-0.6992
1.9988,1.1687,-0.6929
2.0082,1.169,-0.6995
2.0032,1.1719,-0.704
2.0079,1.1733,-0.6994
2.0047,1.1736,-0.7013
2.0032,1.1707,-0.7002
2.0032,1.1701,-0.6988
2.0003,1.1728,-0.7032
2.0012,1.166,-0.6878
2.0018,1.1742,-0.6885
2.0,1.1771,-0.7013
2.0114,1.1745,-0.6992
1.9988,1.1798,-0.7021
2.0041,1.1736,-0.698
2.0053,1.1745,-0.6973
2.0058,1.1719,-0.697
2.0047,1.1736,-0.707
2.0041,1.1722,-0.6977
2.0082,1.1704,-0.7008
2.0058,1.1742,-0.7005
2.0094,1.176,-0.7087
2.0018,1.1739,-0.6918
2.0044,1.1798,-0.6839
2.0038,1.1751,-0.6979
2.0061,1.1789,-0.6969
2.0009,1.1704,-0.6967
2.0058,1.1748,-0.708
2.0029,1.1742,-0.6998
2.0015,1.1801,-0.7052
2.0094,1.178,-0.6941
2.0111,1.1745,-0.6957
2.0126,1.1733,-0.6948
2.0041,1.1786,-0.6976
2.0032,1.1786,-0.6947
2.0079,1.1766,-0.692
2.0137,1.171,-0.7051
2.0064,1.1795,-0.7081
2.0149,1.1821,-0.697
1.998,1.1763,-0.6938
2.0096,1.1774,-0.6991
2.0061,1.1763,-0.697
2.0085,1.1806,-0.6923
2.0058,1.1789,-0.6957
2.0067,1.1704,-0.6979
2.0061,1.1833,-0.7071
2.0079,1.1728,-0.6922
2.0056,1.1786,-0.6913
2.0038,1.171,-0.6954
1.9997,1.1757,-0.696
2.0079,1.1786,-0.6963
2.0096,1.1766,-0.698
2.0029,1.1763,-0.6982
2.0018,1.1768,-0.6969
2.0003,1.1789,-0.6888
2.007,1.1777,-0.7017
2.0082,1.1698,-0.6989
2.0085,1.1839,-0.6907
1.9994,1.1774,-0.6907
2.0126,1.1804,-0.6973
2.0099,1.1768,-0.6973
2.0061,1.1768,-0.6966
2.0029,1.1751,-0.6925
2.0047,1.1719,-0.6948
2.0161,1.1763,-0.6975
2.0079,1.1725,-0.696
2.007,1.1795,-0.6858
2.0029,1.1722,-0.6909
2.0053,1.1786,-0.6885
2.0076,1.1763,-0.6916
2.0091,1.1798,-0.6958
2.0047,1.1792,-0.6823
2.0088,1.1757,-0.6973
2.0111,1.1842,-0.6939
2.0032,1.1754,-0.6976
2.0056,1.171,-0.6923
2.0056,1.1652,-0.6907
2.002,1.1722,-0.6964
2.007,1.1754,-0.6931
2.0058,1.1672,-0.6991
2.0003,1.1751,-0.6967
1.9974,1.1751,-0.6966
2.0009,1.1809,-0.7115
2.0018,1.1783,-0.6996
2.0018,1.1698,-0.696
2.007,1.1722,-0.6934
2.0056,1.1745,-0.7051
2.0058,1.1768,-0.7015
2.0099,1.1833,-0.703
2.0038,1.169,-0.6958
2.0114,1.1763,-0.6988
2.0047,1.178,-0.6928
2.0129,1.1719,-0.6941
2.0082,1.1757,-0.6868
2.0064,1.1742,-0.7008
2.0058,1.1757,-0.7004
2.0085,1.1751,-0.6973
1.9985,1.1783,-0.6925
2.0053,1.1786,-0.6885
2.0152,1.1801,-0.7039
2.0064,1.1695,-0.6979
1.9977,1.1812,-0.6979
2.0041,1.1763,-0.6979
2.0161,1.1821,-0.7008
2.0073,1.1733,-0.7032
2.0108,1.1713,-0.6988
2.0044,1.1643,-0.6999
2.0023,1.1733,-0.7056
2.0085,1.1719,-0.7005
2.0041,1.1745,-0.6941
2.0029,1.1757,-0.6991
2.0061,1.173,-0.6881
2.0073,1.1789,-0.7002
2.0111,1.1733,-0.6929
2.0023,1.1707,-0.6986
2.0038,1.1722,-0.6989
2.0041,1.1742,-0.7008
2.0076,1.173,-0.6947
2.0003,1.1657,-0.703
2.0073,1.1763,-0.7045
2.0079,1.1766,-0.7002
2.0018,1.1742,-0.7056
2.0082,1.1777,-0.7002
2.0064,1.1798,-0.7068
2.0047,1.1716,-0.6994
2.0099,1.1736,-0.6932
2.0067,1.1754,-0.7033
2.0006,1.176,-0.6992
2.0035,1.171,-0.6954
2.0053,1.1707,-0.6957
2.0058,1.1745,-0.6996
2.0117,1.1768,-0.696
2.0061,1.1701,-0.6934
2.0111,1.1742,-0.6935
2.0134,1.173,-0.7027
2.0091,1.1748,-0.7045
2.0099,1.176,-0.7075
2.0032,1.1681,-0.6988
2.0056,1.1672,-0.6992
2.0067,1.1663,-0.6985
2.0108,1.178,-0.7042
2.0126,1.1695,-0.71
2.0067,1.1771,-0.7081
2.005,1.1766,-0.7062
2.0023,1.171,-0.7132
2.0006,1.1707,-0.7062
2.007,1.1728,-0.7007
2.0018,1.1809,-0.7058
2.0064,1.1719,-0.7045
2.0085,1.1698,-0.6877
1.9991,1.1725,-0.7048
2.0032,1.171,-0.7024
2.0102,1.1611,-0.6935
2.0064,1.1745,-0.707
2.0029,1.1722,-0.7163
2.0047,1.1771,-0.696
2.0003,1.1733,-0.6975
2.0012,1.1736,-0.7083
2.0032,1.1704,-0.6983
2.0108,1.1742,-0.6964
2.0047,1.171,-0.6994
2.0047,1.1739,-0.7067
2.0056,1.1716,-0.7089
2.0003,1.1692,-0.7061
2.005,1.1725,-0.7074
2.0044,1.1728,-0.6957
2.0056,1.1698,-0.707
2.0076,1.1719,-0.7032
2.0091,1.1745,-0.7011
2.0053,1.176,-0.7045
2.0058,1.1757,-0.6995
2.0044,1.178,-0.7026
2.0114,1.1774,-0.714
2.0102,1.1768,-0.6977
2.0117,1.1745,-0.6882
2.0061,1.1698,-0.707
2.0006,1.1766,-0.7049
2.005,1.1713,-0.7084
2.0073,1.1751,-0.7112
2.0047,1.1745,-0.6939
2.002,1.1809,-0.7046
2.0058,1.1774,-0.7089
2.0053,1.1768,-0.6916
2.0102,1.1733,-0.7001
2.0085,1.1733,-0.6963
2.0061,1.1766,-0.7005
2.0064,1.1801,-0.7026
1.9988,1.1795,-0.6935
2.0029,1.1722,-0.7065
2.0018,1.1763,-0.7078
2.0029,1.1728,-0.7042
2.0073,1.1774,-0.6956
2.0012,1.1774,-0.6944
2.0006,1.1707,-0.6973
1.993,1.1774,-0.6925
2.0079,1.1719,-0.6918
2.0047,1.1611,-0.6977
2.0047,1.1751,-0.6989
2.007,1.1766,-0.7014
2.0061,1.1806,-0.7026
2.007,1.1736,-0.7068
2.0009,1.1695,-0.6966
2.0105,1.1739,-0.6969
2.0064,1.1713,-0.7058
2.0082,1.176,-0.695
2.0073,1.1745,-0.6972
2.0082,1.1736,-0.6973
2.0111,1.1736,-0.7062
2.0064,1.1751,-0.6964
2.0123,1.1812,-0.7017
2.0064,1.1742,-0.704
2.0064,1.1763,-0.6966
2.0053,1.1766,-0.7017
2.0041,1.1795,-0.6948
2.0053,1.1774,-0.702
2.0053,1.178,-0.7059
2.0058,1.1771,-0.7099
2.0041,1.1716,-0.7026
2.007,1.1768,-0.6988
2.0056,1.1739,-0.7026
2.0058,1.1751,-0.6961
2.0082,1.1768,-0.6964
2.0073,1.1725,-0.7042
2.0032,1.1698,-0.6999
2.0094,1.1754,-0.6951
2.0038,1.1736,-0.6999
2.0064,1.1748,-0.7024
2.0091,1.1725,-0.704
1.9985,1.1692,-0.7045
2.0044,1.171,-0.7027
2.0058,1.1739,-0.7093
2.007,1.1763,-0.7001
2.0023,1.176,-0.6939
2.0073,1.1798,-0.6899
2.0102,1.1716,-0.7042
2.0102,1.173,-0.7034
2.0029,1.1716,-0.6915
2.007,1.1722,-0.6994
2.0079,1.176,-0.7027
2.0073,1.1728,-0.7086
2.0026,1.1698,-0.6916
2.0079,1.1774,-0.7032
2.007,1.171,-0.7112
2.0117,1.1774,-0.6986
2.0091,1.1736,-0.7096
2.0023,1.1692,-0.6989
2.0067,1.1698,-0.702
2.0058,1.1748,-0.7004
2.0082,1.1728,-0.6972
2.0073,1.171,-0.7125
2.0073,1.1728,-0.7077
2.0047,1.1719,-0.7039
1.9997,1.1701,-0.7032
2.0003,1.1815,-0.7027
2.0035,1.1812,-0.707
2.0102,1.1789,-0.7052
2.0099,1.1754,-0.6901
2.0041,1.1795,-0.7043
2.0076,1.1736,-0.7007
2.0076,1.1739,-0.7018
2.0067,1.1745,-0.7094
2.0105,1.1757,-0.6929
2.0029,1.1774,-0.6951
2.0012,1.1768,-0.6961
2.0076,1.1745,-0.6966
2.0035,1.1681,-0.7064
2.0038,1.1763,-0.7048
2.005,1.1681,-0.7018
2.0053,1.1777,-0.7056
2.0023,1.1754,-0.6954
2.0041,1.1739,-0.7128
1.9985,1.1739,-0.7024
2.007,1.1713,-0.7067
2.0047,1.1733,-0.7043
2.0085,1.1748,-0.7033
2.0096,1.1777,-0.6976
2.0099,1.1725,-0.696
2.0105,1.1728,-0.7027
2.0091,1.1777,-0.6994
2.0099,1.1748,-0.7005
2.0032,1.1754,-0.7032
2.0038,1.1722,-0.6995
2.0058,1.1766,-0.6937
2.0032,1.1733,-0.6986
2.002,1.1751,-0.6996
2.0053,1.1728,-0.6935
2.0035,1.1719,-0.6985
2.0047,1.1786,-0.6941
1.9991,1.1739,-0.7039
2.0117,1.1786,-0.6979
2.0044,1.1768,-0.6925
2.0088,1.1798,-0.7055
1.9994,1.1786,-0.6931
2.0026,1.1766,-0.6847
1.9994,1.1733,-0.6948
2.0035,1.1842,-0.6918
2.0026,1.1824,-0.7014
2.0009,1.1777,-0.6947
2.0009,1.1801,-0.6963
2.0018,1.1806,-0.698
2.0053,1.1766,-0.708
1.9994,1.1824,-0.6998
1.9974,1.1804,-0.7001
2.0026,1.1766,-0.696
2.0047,1.1751,-0.6885
2.0053,1.178,-0.6979
1.9985,1.1809,-0.6928
2.0056,1.1748,-0.6966
1.9994,1.1774,-0.682
2.0096,1.1842,-0.6951
2.0085,1.1801,-0.6964
2.0003,1.1789,-0.6964
2.0096,1.1771,-0.6953
2.0058,1.1783,-0.6953
2.0094,1.1736,-0.6934
1.9997,1.1771,-0.6995
2.0058,1.1786,-0.6894
2.0047,1.1786,-0.689
2.0038,1.1739,-0.6909
2.0082,1.1742,-0.6856
2.0064,1.1768,-0.6961
2.0067,1.176,-0.7001
2.014,1.1818,-0.6904
2.0117,1.1774,-0.688
2.0096,1.1733,-0.7001
2.012,1.1774,-0.6939
2.0111,1.1751,-0.6928
2.0129,1.183,-0.7017
2.0137,1.1763,-0.6991
2.0076,1.1777,-0.7002
2.0079,1.1821,-0.6944
2.0134,1.1766,-0.6979
2.0114,1.1847,-0.7013
2.0094,1.1742,-0.6992
2.0088,1.1824,-0.6991
2.0105,1.1739,-0.7014
2.0129,1.1786,-0.6994
2.0132,1.1818,-0.6979
2.0088,1.1748,-0.7014
2.0067,1.1792,-0.6893
2.0088,1.183,-0.6932
2.0056,1.1774,-0.6982
2.0085,1.1771,-0.6969
2.0056,1.178,-0.703
2.0061,1.1783,-0.6942
2.0091,1.1798,-0.708
2.0047,1.1745,-0.7045
2.0006,1.176,-0.7105
2.0094,1.1789,-0.6934
2.0175,1.1786,-0.6973
2.0088,1.1751,-0.7048
2.0123,1.1868,-0.6972
2.0061,1.1786,-0.696
2.0193,1.1704,-0.6992
2.0073,1.1771,-0.7017
2.0108,1.1777,-0.7037
2.0082,1.1754,-0.6926
2.0134,1.1798,-0.7011
2.0132,1.1745,-0.6869
2.0137,1.1804,-0.6964
2.005,1.1725,-0.6996
2.0102,1.1754,-0.6929
2.014,1.1722,-0.6994
2.0096,1.1739,-0.6901
2.0085,1.1815,-0.6909
2.0073,1.1786,-0.7017
2.012,1.1789,-0.7077
2.0129,1.1821,-0.689
2.0111,1.1707,-0.692
2.0035,1.1815,-0.6977
2.0035,1.1771,-0.6986
2.0134,1.1783,-0.6954
2.0132,1.1792,-0.6976
2.0164,1.1798,-0.7055
2.0047,1.171,-0.6932
2.0123,1.1704,-0.6963
2.0064,1.1736,-0.6988
2.0053,1.1748,-0.6884
2.0058,1.1751,-0.7002
2.0076,1.1801,-0.7067
2.0053,1.176,-0.6891
2.012,1.1766,-0.6868
2.0085,1.1795,-0.6963
2.0149,1.1777,-0.7001
2.0064,1.1777,-0.6926
2.0073,1.1739,-0.6944
2.0094,1.178,-0.6939
2.0143,1.1678,-0.6934
2.0105,1.1748,-0.6818
2.0111,1.1728,-0.6953
2.0132,1.1719,-0.7034
2.0032,1.1812,-0.7002
2.0088,1.1751,-0.6948
2.0117,1.1719,-0.7055
2.0026,1.1684,-0.6929
2.0096,1.1766,-0.7015
2.0111,1.1707,-0.6916
2.0056,1.1701,-0.6919
2.0073,1.173,-0.6944
2.0126,1.1692,-0.7024
2.012,1.1687,-0.7048
2.0134,1.1748,-0.7008
2.0123,1.1672,-0.7017
2.0091,1.1704,-0.6846
2.0073,1.1733,-0.6937
2.0099,1.1786,-0.6983
2.0152,1.1751,-0.6932
2.0108,1.1742,-0.6899
2.0111,1.1774,-0.6749
2.0064,1.1745,-0.704
2.0058,1.1751,-0.6994
2.0018,1.1751,-0.6929
2.0149,1.1754,-0.6932
2.0123,1.1725,-0.6994
2.0096,1.171,-0.6941
2.0044,1.173,-0.6926
2.0111,1.1728,-0.6937
2.0023,1.173,-0.688
2.0058,1.1748,-0.6982
2.0058,1.1725,-0.7097
2.0076,1.1716,-0.6928
2.0088,1.1757,-0.6942
2.0085,1.1774,-0.6939
2.0117,1.1722,-0.7007
2.0076,1.1786,-0.6907
2.0082,1.1774,-0.6961
2.0012,1.1728,-0.6986
2.0056,1.1751,-0.6988
2.0111,1.1739,-0.6995
2.0102,1.1751,-0.7004
2.0076,1.1768,-0.6989
2.007,1.173,-0.7053
2.007,1.1777,-0.6951
2.0041,1.1716,-0.7001
2.0032,1.1763,-0.7018
2.0067,1.1707,-0.6922
2.0088,1.1733,-0.7051
2.0076,1.1777,-0.7039
2.0032,1.164,-0.6922
2.0003,1.1722,-0.6865
2.0064,1.1713,-0.6926
2.0082,1.1777,-0.6945
2.0094,1.1728,-0.6903
2.0108,1.1692,-0.6937
2.0053,1.1716,-0.689
2.0026,1.1763,-0.6897
2.0111,1.171,-0.6868
2.0132,1.1751,-0.6856
2.005,1.1701,-0.692
2.0023,1.1739,-0.6973
2.0076,1.1739,-0.6934
2.0114,1.173,-0.6985
2.014,1.1719,-0.6925
2.0067,1.1742,-0.7013
2.0137,1.1783,-0.6966
2.005,1.1757,-0.7026
2.0099,1.1733,-0.6998
2.0053,1.171,-0.6998
2.0073,1.1725,-0.6975
2.002,1.1719,-0.7005
2.002,1.1757,-0.7089
2.0076,1.1763,-0.7026
2.0056,1.1812,-0.6904
2.0129,1.1751,-0.6938
2.0047,1.1771,-0.6963
2.0058,1.1751,-0.6926
2.005,1.1777,-0.6996
2.0102,1.1719,-0.7042
2.0099,1.176,-0.7032
2.0152,1.1786,-0.6904
2.0053,1.1748,-0.6977
2.0102,1.1771,-0.6985
2.0117,1.178,-0.6963
2.0029,1.176,-0.6863
2.0088,1.176,-0.6919
2.0094,1.1806,-0.6966
2.0126,1.1809,-0.7011
2.0108,1.1798,-0.6937
2.0088,1.1818,-0.6961
2.0053,1.1804,-0.6912
2.0114,1.1733,-0.6958
2.0096,1.1777,-0.6938
2.0108,1.183,-0.6948
2.0064,1.1748,-0.689
2.0061,1.1804,-0.691
1.9994,1.171,-0.6972
2.0056,1.1771,-0.6919
2.0058,1.1798,-0.7005
2.0073,1.1739,-0.6966
2.0067,1.1798,-0.6928
2.0044,1.1792,-0.6983
2.0123,1.1777,-0.6951
2.0094,1.1827,-0.6923
2.0085,1.176,-0.6884
2.0058,1.1806,-0.692
2.0111,1.1763,-0.7034
2.0053,1.1687,-0.7014
2.0032,1.1824,-0.6986
2.007,1.1742,-0.7024
2.0041,1.1815,-0.7023
2.0058,1.1745,-0.6915
2.0003,1.1757,-0.6937
2.0096,1.171,-0.7078
2.0058,1.1768,-0.6977
2.0047,1.1716,-0.6951
2.0123,1.1707,-0.6953
2.0105,1.178,-0.7033
2.0061,1.1792,-0.6975
2.0058,1.1795,-0.7051
2.0099,1.166,-0.6995
2.0123,1.1701,-0.7029
2.0073,1.1713,-0.6922
2.0108,1.1806,-0.6916
2.0058,1.1806,-0.7061
2.0108,1.1768,-0.692
2.0053,1.1745,-0.6859
2.002,1.1766,-0.6999
2.0015,1.169,-0.6948
2.0023,1.1789,-0.6766
2.0067,1.1704,-0.6957
2.021,1.1792,-0.6844
2.0105,1.1725,-0.6923
2.0111,1.1663,-0.6966
2.0085,1.1751,-0.6847
2.012,1.1722,-0.6953
2.0082,1.1789,-0.6985
2.0076,1.1733,-0.6941
2.0091,1.1766,-0.6953
2.0076,1.1751,-0.6932
2.0044,1.1789,-0.7037
1.9997,1.1728,-0.7273
2.002,1.176,-0.6887
2.007,1.1692,-0.6977
2.0108,1.178,-0.6896
2.0056,1.1728,-0.6999
2.0064,1.1736,-0.6884
2.0041,1.178,-0.7024
2.0082,1.1783,-0.6995
2.0053,1.1763,-0.6809
2.0181,1.1707,-0.6834
2.0105,1.1742,-0.6925
2.0091,1.1783,-0.6925
2.0102,1.1701,-0.6912
2.0061,1.1733,-0.6954
2.0076,1.1701,-0.6932
2.0143,1.173,-0.6786
2.007,1.1763,-0.6958
2.0076,1.1725,-0.6961
2.0096,1.1742,-0.6918
2.0114,1.1745,-0.6966
2.0134,1.1716,-0.7043
2.0111,1.1695,-0.7046
2.0056,1.1754,-0.6995
2.0091,1.178,-0.696
2.0096,1.176,-0.7034
2.007,1.1789,-0.6988
2.0126,1.1742,-0.6964
2.0076,1.1824,-0.6945
2.0082,1.1748,-0.7008
2.0061,1.176,-0.7058
2.0015,1.1821,-0.6986
2.0102,1.1695,-0.7059
2.0129,1.166,-0.6941
2.0091,1.1742,-0.7045
2.0091,1.1763,-0.6948
2.0102,1.1824,-0.7056
2.0044,1.1894,-0.7083
2.0044,1.1795,-0.6998
2.0085,1.1757,-0.6915
2.0088,1.1783,-0.7083
2.0035,1.1783,-0.6938
2.0041,1.1774,-0.7108
2.0146,1.1777,-0.702
2.0053,1.1687,-0.6928
2.0067,1.1684,-0.7037
2.0058,1.1766,-0.6976
2.0041,1.1801,-0.6972
2.0023,1.1792,-0.6967
2.007,1.1766,-0.6837
2.0064,1.1809,-0.7015
2.0152,1.1795,-0.6922
2.0035,1.178,-0.6977
2.0143,1.1789,-0.6969
2.0099,1.176,-0.6956
2.0038,1.1783,-0.6935
2.0058,1.1774,-0.6916
2.0091,1.1751,-0.692
2.0047,1.1789,-0.7015
2.005,1.1806,-0.6935
2.0091,1.1786,-0.6948
2.0076,1.1766,-0.6961
2.0108,1.1777,-0.6828
1.998,1.1809,-0.6913
2.0003,1.1754,-0.6958
1.9988,1.1739,-0.6874
1.9982,1.1719,-0.7018
2.0099,1.1763,-0.6954
2.0026,1.1728,-0.6973
1.9991,1.1766,-0.702
2.0067,1.1853,-0.7064
2.0085,1.1801,-0.7024
1.9997,1.1751,-0.701
2.0041,1.1763,-0.7132
2.005,1.173,-0.6977
2.0015,1.1806,-0.6926
2.0035,1.1792,-0.6995
2.0094,1.1736,-0.6918
2.0006,1.1801,-0.6986
2.0023,1.176,-0.6954
1.9994,1.176,-0.7008
2.0044,1.1754,-0.7029
2.0058,1.1786,-0.6995
2.0026,1.1777,-0.698
2.0047,1.1742,-0.6909
2.0058,1.1757,-0.6896
2.0082,1.1728,-0.6923
2.005,1.1733,-0.6988
1.9953,1.1754,-0.6996
2.0067,1.1766,-0.7026
2.0006,1.1763,-0.7023
2.0044,1.1786,-0.695
2.0018,1.1777,-0.6942
2.0023,1.1748,-0.7004
1.9997,1.1827,-0.6929
2.0047,1.1725,-0.697
2.0023,1.1687,-0.6903
2.0091,1.1771,-0.7015
2.005,1.1783,-0.7018
2.0099,1.1809,-0.6923
2.0029,1.1774,-0.6916
2.0038,1.1739,-0.7033
2.0058,1.1768,-0.7036
2.0096,1.1733,-0.6906
2.0076,1.1789,-0.6964
2.0088,1.1771,-0.6919
2.002,1.1815,-0.7067
2.0026,1.1766,-0.6937
2.0003,1.1786,-0.6869
2.0023,1.1809,-0.6888
2.0079,1.1801,-0.6868
2.0094,1.1768,-0.6948
2.0035,1.1757,-0.6985
2.0023,1.1707,-0.6975
2.0003,1.1722,-0.6944
2.0108,1.1757,-0.6985
2.0029,1.1728,-0.7039
2.0006,1.1751,-0.7062
2.005,1.1707,-0.6932
2.0053,1.1748,-0.6972
2.0053,1.173,-0.6975
2.0129,1.1695,-0.7033
2.0123,1.1684,-0.6996
2.021,1.1593,-0.7034
2.0281,1.1473,-0.7071
2.0225,1.1485,-0.7001
2.0354,1.1415,-0.6926
2.0316,1.1438,-0.7015
2.0418,1.1383,-0.6998
2.0389,1.1412,-0.6925
2.0336,1.1383,-0.7077
2.0336,1.1447,-0.7011
2.0313,1.1453,-0.7084
2.0298,1.1421,-0.7049
2.0365,1.1388,-0.7052
2.0327,1.1447,-0.6975
2.0313,1.1464,-0.7013
2.0383,1.1438,-0.7021
2.0462,1.1421,-0.7207
2.0465,1.1456,-0.7032
2.0427,1.1462,-0.7109
2.0465,1.1459,-0.7119
2.0471,1.1494,-0.7001
2.0412,1.1415,-0.7036
2.0465,1.145,-0.7062
2.0509,1.1383,-0.7105
2.0438,1.1388,-0.7097
2.0485,1.1391,-0.7134
2.0462,1.1391,-0.7099
2.0438,1.1374,-0.7013
2.0447,1.145,-0.7068
2.0494,1.1494,-0.7034
2.0541,1.1482,-0.7189
2.0497,1.145,-0.7024
2.0491,1.1424,-0.7083
2.0462,1.1435,-0.6961
2.0494,1.1479,-0.7034
2.0465,1.1479,-0.6989
2.0482,1.1397,-0.6989
2.0476,1.1424,-0.7122
2.0547,1.14,-0.7141
2.0555,1.1424,-0.7094
2.0555,1.1464,-0.6953
2.052,1.1459,-0.7059
2.0523,1.1426,-0.7065
2.0476,1.1377,-0.7058
2.0476,1.1397,-0.707
2.0523,1.1424,-0.7007
2.0491,1.1391,-0.7102
2.0462,1.1426,-0.7143
2.0491,1.1365,-0.7062
2.0421,1.1444,-0.7055
2.0427,1.1444,-0.7173
2.0474,1.1406,-0.7113
2.0491,1.1391,-0.7039
2.0392,1.1418,-0.7001
2.0555,1.138,-0.7014
2.0517,1.1421,-0.7163
2.0491,1.14,-0.7029
2.0547,1.1386,-0.6977
2.0497,1.1415,-0.7096
2.0517,1.1438,-0.7052
2.0482,1.1403,-0.6931
2.0462,1.1391,-0.7039
2.0517,1.1403,-0.7096
2.0541,1.1444,-0.7097
2.0538,1.1374,-0.7053
2.0468,1.1371,-0.7024
2.0491,1.1426,-0.7105
2.0479,1.1418,-0.7103
2.0479,1.1388,-0.6937
2.0468,1.1421,-0.7002
2.0459,1.1444,-0.6976
2.043,1.1459,-0.6976
2.0482,1.1435,-0.6982
2.0479,1.145,-0.7026
2.05,1.1435,-0.6961
2.0427,1.1362,-0.7055
2.0503,1.1432,-0.7036
2.0506,1.1391,-0.7065
2.0485,1.1386,-0.6975
2.0491,1.1444,-0.6954
2.05,1.14,-0.7018
2.05,1.1418,-0.6923
2.0476,1.1429,-0.6947
2.0453,1.1424,-0.7074
2.0447,1.1441,-0.6976
2.0456,1.1497,-0.6969
2.0436,1.1435,-0.7106
2.0494,1.1429,-0.703
2.0497,1.1497,-0.7015
2.0441,1.1444,-0.7013
2.0456,1.1386,-0.709
2.0441,1.1421,-0.7021
2.0456,1.1456,-0.6865
2.0427,1.1412,-0.6999
2.0555,1.14,-0.7008
2.0444,1.1394,-0.6967
2.0488,1.1403,-0.702
2.0409,1.1444,-0.6939
2.0474,1.1421,-0.7018
2.0365,1.1502,-0.6929
2.0292,1.152,-0.7018
2.0234,1.1514,-0.6935
2.0184,1.159,-0.6964
2.017,1.1616,-0.7062
2.0108,1.1736,-0.6991
2.0123,1.1748,-0.7075
2.0094,1.1666,-0.6941
2.0152,1.1692,-0.7049
2.0123,1.1634,-0.7034
2.0155,1.159,-0.6929
2.007,1.1552,-0.6954
2.0102,1.166,-0.7029
2.0105,1.1596,-0.6973
2.0102,1.1725,-0.7001
2.0149,1.1707,-0.6977
2.0082,1.1748,-0.695
2.0058,1.1698,-0.6998
2.0053,1.1728,-0.6954
2.0076,1.1801,-0.6956
2.0041,1.1704,-0.6929
2.0155,1.1757,-0.6939
2.0088,1.1713,-0.6884
2.0091,1.1768,-0.6923
2.0079,1.1733,-0.6988
1.9974,1.1687,-0.684
2.0023,1.1774,-0.6982
2.002,1.1713,-0.6899
2.005,1.1695,-0.708
2.0032,1.1789,-0.7002
2.0015,1.1728,-0.7084
2.0029,1.1728,-0.7065
2.0082,1.1742,-0.7045
2.002,1.1751,-0.6977
1.9994,1.1663,-0.698
1.9959,1.1622,-0.708
2.0041,1.171,-0.7049
1.9977,1.1754,-0.6938
2.0015,1.1681,-0.6982
2.0041,1.1739,-0.7005
2.0018,1.1704,-0.6991
2.0018,1.1736,-0.6979
2.0003,1.1786,-0.704
2.0094,1.1695,-0.7058
2.0064,1.1713,-0.7072
2.0058,1.1725,-0.7048
2.0009,1.1716,-0.703
2.0079,1.1684,-0.7026
2.0076,1.1701,-0.7013
2.005,1.1695,-0.697
2.0015,1.1695,-0.6976
2.0026,1.1748,-0.6884
2.0029,1.1742,-0.6994
1.9994,1.1739,-0.7072
2.0029,1.1786,-0.7052
1.9994,1.1728,-0.7064
2.0094,1.1733,-0.7067
1.9974,1.1684,-0.7077
2.0044,1.1739,-0.704
2.0035,1.1748,-0.6909
2.0053,1.1763,-0.6852
2.0073,1.1763,-0.6874
2.0061,1.1815,-0.6988
2.0044,1.1766,-0.7045
2.0035,1.1757,-0.6964
2.0047,1.1692,-0.704
2.0056,1.1777,-0.7075
2.0073,1.1798,-0.698
2.0023,1.1742,-0.7008
2.0012,1.1707,-0.704
2.0018,1.1748,-0.7037
1.9982,1.1745,-0.696
1.9994,1.1695,-0.6901
1.9997,1.1798,-0.7067
2.0056,1.1783,-0.7027
2.0079,1.1754,-0.7034
2.0044,1.1777,-0.7026
2.0061,1.1771,-0.6906
2.0009,1.1821,-0.6985
2.0056,1.1763,-0.6852
2.0056,1.1748,-0.6973
2.0038,1.1789,-0.7017
2.0032,1.1804,-0.6934
2.0044,1.1725,-0.6953
1.9988,1.1809,-0.7039
2.0058,1.1742,-0.7018
2.0023,1.1766,-0.6994
2.0056,1.1777,-0.6969
2.0076,1.1763,-0.6934
2.0073,1.1687,-0.7042
2.0029,1.1789,-0.7052
2.0053,1.1801,-0.6956
2.007,1.173,-0.6954
2.005,1.1713,-0.6982
1.9991,1.1722,-0.703
2.0006,1.1795,-0.7074
2.0032,1.1789,-0.7029
2.007,1.1804,-0.6938
2.0067,1.1777,-0.6939
2.0085,1.1771,-0.7032
2.0076,1.1754,-0.6986
1.9988,1.1766,-0.6932
2.0041,1.176,-0.6925
2.0009,1.1725,-0.692
2.0047,1.1728,-0.7011
2.007,1.1745,-0.6894
2.0076,1.1812,-0.6941
2.007,1.1833,-0.7115
2.0041,1.1789,-0.6982
2.0012,1.1786,-0.6996
2.0102,1.1789,-0.6931
2.0082,1.1806,-0.7053
2.0058,1.1786,-0.6934
2.0018,1.1745,-0.6996
2.0053,1.1742,-0.6964
2.0099,1.1786,-0.6948
2.002,1.1771,-0.6979
2.0129,1.1812,-0.6977
2.0143,1.1768,-0.6874
2.012,1.1719,-0.6963
2.0123,1.1768,-0.6916
2.0038,1.1771,-0.7013
2.0094,1.1745,-0.6973
2.012,1.1695,-0.6998
2.0094,1.1768,-0.6941
2.007,1.1722,-0.7051
2.014,1.183,-0.6937
2.0132,1.1701,-0.6956
2.0023,1.178,-0.7037
2.0085,1.1771,-0.6996
2.0053,1.1687,-0.7074
2.007,1.1736,-0.6934
2.0085,1.1809,-0.6964
2.0073,1.1798,-0.6998
2.007,1.1786,-0.6951
2.002,1.1804,-0.6948
2.0085,1.1766,-0.7002
2.0064,1.176,-0.6893
2.0088,1.178,-0.696
1.9997,1.1806,-0.6958
2.0079,1.1821,-0.6941
2.0009,1.1672,-0.6986
2.0079,1.1722,-0.7059
2.0058,1.1733,-0.7008
2.0161,1.1745,-0.6897
2.0047,1.1728,-0.6926
2.0061,1.1716,-0.7046
2.005,1.1774,-0.6967
2.0132,1.1736,-0.6966
2.0058,1.1725,-0.6961
2.0035,1.1757,-0.6882
2.0047,1.1786,-0.6999
2.0044,1.1766,-0.6958
2.0079,1.1736,-0.6994
2.0006,1.1789,-0.6976
2.0061,1.176,-0.6985
2.0058,1.1777,-0.6972
2.0132,1.1754,-0.6963
2.0047,1.1766,-0.7064
2.0076,1.1777,-0.6966
2.0047,1.1789,-0.6975
2.0006,1.176,-0.6906
2.0132,1.1812,-0.7023
2.005,1.1771,-0.7074
2.0099,1.1771,-0.6991
2.0041,1.1842,-0.7084
2.0015,1.1777,-0.6961
2.002,1.1839,-0.6977
2.002,1.1806,-0.6975
2.0023,1.176,-0.6964
2.0018,1.1833,-0.698
2.0044,1.1856,-0.6982
1.9988,1.1768,-0.701
1.9991,1.1804,-0.6956
2.005,1.1809,-0.7037
2.0082,1.1856,-0.6929
2.0082,1.1768,-0.7067
2.0088,1.1801,-0.6995
2.0067,1.1824,-0.7014
2.0047,1.1766,-0.7004
2.0056,1.1836,-0.709
2.0015,1.1815,-0.6992
2.0006,1.1818,-0.7064
2.0032,1.1812,-0.6913
2.0032,1.1757,-0.6967
2.0091,1.1806,-0.6986
2.0018,1.1774,-0.6875
2.0056,1.1786,-0.6939
2.0082,1.1809,-0.7045
2.007,1.183,-0.7029
2.0035,1.1891,-0.7034
2.0058,1.1801,-0.7078
2.0029,1.1792,-0.7055
2.0044,1.1798,-0.6973
2.0029,1.1798,-0.6983
2.0029,1.1815,-0.6934
2.0018,1.1783,-0.6945
2.0009,1.1771,-0.6963
2.0044,1.1821,-0.7074
2.0035,1.1809,-0.6954
2.002,1.1713,-0.6973
1.9994,1.185,-0.7011
2.0061,1.1751,-0.7007
1.9994,1.1766,-0.7018
1.998,1.1812,-0.6967
2.0009,1.1789,-0.6957
2.0023,1.1751,-0.7008
1.9971,1.1844,-0.692
2.0026,1.176,-0.6982
2.0061,1.1757,-0.6985
2.002,1.1745,-0.6964
2.0018,1.1824,-0.7093
2.0041,1.1853,-0.7032
1.9997,1.1844,-0.7083
1.9985,1.1786,-0.6956
2.0038,1.1777,-0.6972
1.9997,1.1798,-0.6957
2.0035,1.1783,-0.7033
2.0061,1.1809,-0.7078
2.0023,1.1742,-0.6957
2.0064,1.1827,-0.701
1.9991,1.1812,-0.6944
2.002,1.183,-0.6991
2.0041,1.188,-0.6934
1.9988,1.1771,-0.6874
2.0026,1.1751,-0.6986
2.0096,1.1777,-0.6967
2.0038,1.1783,-0.7141
2.0032,1.1806,-0.7051
2.0041,1.1751,-0.6975
2.0117,1.1757,-0.7011
1.9982,1.1798,-0.6991
2.0029,1.1839,-0.7051
2.0044,1.1891,-0.7001
2.002,1.1804,-0.7131
2.0047,1.1888,-0.6948
1.9971,1.1766,-0.697
2.0079,1.1806,-0.709
2.0088,1.1798,-0.7036
2.0079,1.1786,-0.6948
2.0073,1.1786,-0.6972
2.0038,1.173,-0.6954
2.0094,1.1777,-0.6942
2.0082,1.1809,-0.6945
2.0058,1.1839,-0.6983
2.0085,1.1771,-0.6939
2.0053,1.1853,-0.7081
2.0064,1.1818,-0.696
2.0047,1.1798,-0.6958
2.0032,1.1763,-0.7064
2.002,1.1771,-0.7122
2.0091,1.1783,-0.6988
2.0026,1.1801,-0.716
2.0129,1.1856,-0.7077
2.0061,1.1836,-0.7071
2.0096,1.1798,-0.7118
2.0091,1.1812,-0.7078
2.0073,1.1774,-0.6963
2.0123,1.1821,-0.7051
1.9994,1.1804,-0.6972
2.0044,1.1812,-0.6998
2.0114,1.1833,-0.6909
2.0041,1.1844,-0.7004
2.0041,1.1856,-0.6973
2.0032,1.1733,-0.7046
2.002,1.176,-0.7059
2.0056,1.171,-0.6894
2.0088,1.1725,-0.6999
2.0023,1.1751,-0.7058
2.0018,1.1739,-0.6976
2.0088,1.1742,-0.7227
2.005,1.176,-0.7096
2.005,1.1716,-0.6986
2.0032,1.1768,-0.7074
2.0061,1.1742,-0.7068
2.0082,1.1704,-0.7059
2.0041,1.176,-0.6918
2.0105,1.1748,-0.6899
2.0012,1.1687,-0.6859
2.0064,1.1716,-0.6972
2.0047,1.1757,-0.7015
2.0053,1.176,-0.6985
2.0044,1.1736,-0.6888
2.0061,1.1763,-0.6983
2.0096,1.1739,-0.6878
2.0041,1.1707,-0.6988
2.007,1.1742,-0.6878
2.0108,1.1818,-0.6989
2.0012,1.1722,-0.6996
1.9994,1.1757,-0.7034
2.0026,1.1725,-0.6954
2.0,1.1748,-0.6944
2.0023,1.1774,-0.7013
2.0044,1.1719,-0.6996
2.0058,1.1763,-0.7024
2.0152,1.171,-0.6957
2.0091,1.1742,-0.7055
2.0111,1.173,-0.6975
2.0041,1.178,-0.7042
2.0035,1.1833,-0.6897
2.002,1.1798,-0.689
2.0061,1.1809,-0.7015
2.0032,1.1774,-0.6992
2.005,1.1777,-0.6956
2.0099,1.1763,-0.7033
2.0058,1.1824,-0.6956
1.9994,1.1786,-0.6983
2.0073,1.1792,-0.7058
2.0038,1.1792,-0.696
2.0117,1.1777,-0.697
2.0053,1.1763,-0.701
2.0012,1.1786,-0.7001
1.9988,1.1789,-0.6907
2.0012,1.1719,-0.6951
2.0102,1.173,-0.6939
2.0117,1.1844,-0.6863
2.0029,1.1771,-0.7051
1.9971,1.1806,-0.6919
2.0117,1.1821,-0.7108
2.007,1.1766,-0.6953
2.0038,1.1751,-0.6938
2.0038,1.1783,-0.7002
2.0044,1.173,-0.6982
2.0091,1.1804,-0.7049
2.0129,1.1815,-0.6985
2.0117,1.1742,-0.6923
2.0044,1.1766,-0.7067
2.0041,1.1777,-0.7065
2.0099,1.1716,-0.6991
2.0029,1.1801,-0.7072
2.0102,1.173,-0.6975
2.0058,1.1768,-0.7074
2.005,1.1739,-0.7071
2.0006,1.1763,-0.6958
2.002,1.1812,-0.6956
2.0067,1.1745,-0.6951
2.0012,1.1771,-0.6963
2.0079,1.178,-0.6913
2.0073,1.1733,-0.6976
2.0044,1.1786,-0.6986
2.0082,1.1777,-0.7059
2.014,1.178,-0.7052
2.0117,1.1736,-0.7065
2.0064,1.1754,-0.7021
2.0047,1.1754,-0.7011
2.0111,1.1789,-0.6973
2.0026,1.1763,-0.707
2.0056,1.1707,-0.6937
2.007,1.1766,-0.6887
2.005,1.178,-0.6891
2.0102,1.1777,-0.6937
2.0058,1.183,-0.701
2.0082,1.1804,-0.702
2.007,1.173,-0.6947
2.007,1.1786,-0.6935
2.0088,1.1783,-0.6947
2.0126,1.1777,-0.6994
2.0053,1.1719,-0.6935
2.0064,1.173,-0.71
1.9971,1.1754,-0.6929
2.0056,1.1768,-0.6935
2.0032,1.1722,-0.695
2.0018,1.1736,-0.6932
2.0079,1.1766,-0.6996
2.0064,1.1713,-0.6923
2.0082,1.1722,-0.696
2.0029,1.1804,-0.7039
2.0038,1.1728,-0.702
2.0015,1.1742,-0.7004
2.0094,1.171,-0.7067
2.0058,1.1742,-0.7033
2.0053,1.1687,-0.7089
2.0009,1.171,-0.6972
2.0015,1.1801,-0.7094
1.9994,1.1763,-0.7075
2.0105,1.1719,-0.7037
2.0053,1.1771,-0.6899
2.0091,1.1774,-0.6958
2.0061,1.176,-0.6891
2.0134,1.169,-0.7013
2.0006,1.171,-0.6918
2.0058,1.1736,-0.7077
2.0035,1.1678,-0.6948
2.0041,1.1716,-0.7007
2.0047,1.1716,-0.6961
2.0067,1.1719,-0.7037
2.0105,1.1669,-0.6912
2.0099,1.1722,-0.707
2.0053,1.1672,-0.6918
2.0096,1.1672,-0.6969
2.005,1.171,-0.697
2.0184,1.1716,-0.696
2.0067,1.1748,-0.7068
2.007,1.1678,-0.6951
2.0044,1.1719,-0.6956
2.0067,1.171,-0.708
2.0056,1.1736,-0.7125
2.0044,1.1704,-0.7051
2.0073,1.1763,-0.7146
2.0117,1.178,-0.6976
2.0082,1.1783,-0.7055
2.0091,1.1789,-0.6937
2.0035,1.1678,-0.7058
2.0105,1.1815,-0.6972
2.0073,1.1798,-0.6994
2.0041,1.178,-0.6966
2.0094,1.1815,-0.7121
2.0108,1.1824,-0.696
2.0111,1.1786,-0.6983
2.0026,1.1809,-0.7002
2.0073,1.1786,-0.7033
2.0073,1.1742,-0.6977
2.0088,1.1763,-0.6888
2.0132,1.1725,-0.6986
2.0047,1.1774,-0.695
2.0111,1.183,-0.6994
2.0073,1.185,-0.702
2.012,1.1745,-0.6999
2.0061,1.1742,-0.7013
2.005,1.1771,-0.6999
2.0117,1.1856,-0.6977
2.0111,1.1789,-0.6977
2.0053,1.1771,-0.7033
2.0032,1.1801,-0.7014
2.0018,1.178,-0.6928
2.0094,1.178,-0.6961
2.0073,1.1766,-0.7043
2.0155,1.1847,-0.7033
2.0079,1.1821,-0.6948
2.0146,1.1783,-0.6919
2.0099,1.178,-0.6982
2.0082,1.1783,-0.6982
2.0085,1.1792,-0.7046
2.0117,1.1786,-0.7081
2.012,1.1771,-0.696
2.0099,1.1733,-0.7055
2.0076,1.171,-0.7086
2.007,1.1757,-0.7059
2.0047,1.1701,-0.7062
2.0026,1.1771,-0.7048
2.0094,1.1698,-0.6988
2.0044,1.1687,-0.6891
2.0105,1.176,-0.7042
2.0091,1.1739,-0.6926
2.0105,1.1748,-0.6975
2.0082,1.1766,-0.6972
2.0108,1.176,-0.6977
2.0047,1.1783,-0.7061
2.0061,1.1804,-0.6932
2.007,1.1728,-0.6802
2.0053,1.1748,-0.6989
2.0094,1.1687,-0.7037
2.0029,1.1736,-0.701
1.9977,1.1733,-0.7034
2.0035,1.1733,-0.7002
2.0064,1.1748,-0.6973
2.0061,1.1695,-0.6882
2.0076,1.1707,-0.6995
2.005,1.1713,-0.6989
2.007,1.171,-0.6975
2.0076,1.1681,-0.7058
2.0047,1.1763,-0.7052
2.0032,1.1763,-0.6973
2.007,1.1728,-0.6932
2.0,1.1742,-0.6922
2.0058,1.1745,-0.696
2.0029,1.1771,-0.6966
2.0003,1.1798,-0.7011
2.0056,1.1818,-0.6957
2.0012,1.1766,-0.701
1.9982,1.1742,-0.6989
2.0056,1.1763,-0.7094
2.007,1.1853,-0.7049
2.0123,1.1754,-0.7015
2.0134,1.1768,-0.7068
2.0058,1.1728,-0.7058
2.0044,1.1795,-0.7001
1.9977,1.1786,-0.6985
2.0044,1.1742,-0.702
2.0111,1.1836,-0.6953
2.0009,1.173,-0.7008
2.0032,1.1795,-0.6972
2.0102,1.1792,-0.7042
2.0015,1.1757,-0.6919
2.0108,1.1771,-0.701
2.0041,1.1763,-0.7011
1.9991,1.1745,-0.7008
2.0088,1.1757,-0.7018
2.0053,1.1806,-0.7042
2.0044,1.173,-0.7018
2.0006,1.1733,-0.7046
2.0044,1.1707,-0.7026
1.995,1.1745,-0.703
2.0058,1.1745,-0.6934
2.0056,1.1707,-0.6953
2.0064,1.1698,-0.7049
2.0006,1.1692,-0.7056
2.0009,1.1748,-0.6957
2.0003,1.1736,-0.6932
2.0079,1.1713,-0.701
2.002,1.1728,-0.708
2.0053,1.1669,-0.6939
2.0026,1.1716,-0.6916
1.9991,1.1698,-0.7018
2.0044,1.1766,-0.698
2.0105,1.1783,-0.714
2.0061,1.1754,-0.6951
2.0079,1.1722,-0.7008
2.0029,1.1716,-0.7037
2.0035,1.1684,-0.7002
2.0047,1.1745,-0.6989
2.0038,1.1748,-0.6925
2.0056,1.1763,-0.6972
2.0009,1.1701,-0.7029
2.0006,1.176,-0.6918
2.0032,1.1707,-0.7068
2.0026,1.1771,-0.7007
2.0073,1.1786,-0.7005
2.007,1.1652,-0.6998
2.0076,1.1687,-0.6945
2.0058,1.1643,-0.6935
2.0038,1.1637,-0.7059
2.0058,1.1728,-0.7065
2.0023,1.1728,-0.6969
2.0091,1.1728,-0.7032
2.0029,1.1751,-0.696
2.0123,1.173,-0.6985
2.0123,1.173,-0.6938
2.0064,1.1733,-0.7004
2.0064,1.1789,-0.6904
2.0047,1.1713,-0.6989
2.0079,1.1736,-0.697
2.0056,1.1751,-0.7026
2.0099,1.1809,-0.7004
2.0105,1.1763,-0.7051
2.0129,1.1742,-0.6853
2.0023,1.1704,-0.684
2.005,1.1719,-0.6954
2.0105,1.1827,-0.6918
2.0067,1.1777,-0.6935
2.0009,1.1745,-0.6919
2.0018,1.1672,-0.6923
2.0073,1.1725,-0.6985
1.9994,1.176,-0.6872
2.0149,1.1681,-0.6985
2.0006,1.1736,-0.6903
2.0076,1.1736,-0.6941
2.0094,1.173,-0.6931
2.0073,1.1719,-0.7077
2.0064,1.1704,-0.6966
2.0015,1.1771,-0.6998
2.0053,1.1774,-0.7001
2.005,1.1745,-0.6989
2.0067,1.1733,-0.695
2.0041,1.173,-0.7013
2.0012,1.1786,-0.7005
2.0079,1.173,-0.7068
2.0094,1.1684,-0.7027
2.0091,1.1701,-0.6994
2.0029,1.1748,-0.6994
2.0032,1.1763,-0.6954
2.0012,1.1736,-0.6945
2.0178,1.1692,-0.7042
2.0058,1.1751,-0.6937
2.0096,1.1739,-0.6985
2.0009,1.1768,-0.6904
2.0032,1.173,-0.6963
2.005,1.1681,-0.701
2.0058,1.1763,-0.6939
2.0009,1.1742,-0.6999
2.0111,1.1719,-0.7113
2.0035,1.1716,-0.7043
2.0041,1.1754,-0.7163
2.0056,1.1766,-0.7072
2.0061,1.1777,-0.696
2.0073,1.1774,-0.7008
2.0053,1.173,-0.7023
2.0009,1.1725,-0.6988
2.0,1.1739,-0.7121
2.0126,1.1745,-0.7015
2.0053,1.1716,-0.7083
2.0018,1.1763,-0.701
2.0067,1.173,-0.6992
2.0047,1.1722,-0.698
2.0076,1.1751,-0.6977
2.0146,1.176,-0.7002
2.0082,1.1792,-0.6941
2.0035,1.1675,-0.6991
2.0073,1.1766,-0.6977
2.007,1.1798,-0.6909
2.0018,1.1742,-0.6989
2.002,1.1768,-0.6988
2.0073,1.1757,-0.7027
2.0015,1.1763,-0.6929
2.0009,1.1818,-0.69
2.0108,1.176,-0.688
2.007,1.1804,-0.6982
1.9994,1.1853,-0.7034
2.0058,1.1751,-0.6977
2.0091,1.1757,-0.6899
2.0056,1.176,-0.6896
2.0061,1.185,-0.6922
2.0058,1.1742,-0.7106
2.0015,1.1751,-0.6956
2.0047,1.1777,-0.7075
2.0018,1.1766,-0.7013
2.0061,1.1754,-0.7036
1.9974,1.1725,-0.7068
2.0123,1.1725,-0.6963
2.0056,1.1748,-0.7027
2.0073,1.176,-0.7017
2.0015,1.1733,-0.6995
2.0079,1.1701,-0.6979
2.0006,1.1733,-0.6975
2.0082,1.1763,-0.697
2.005,1.1733,-0.6996
2.014,1.1707,-0.701
2.0158,1.178,-0.6909
2.0117,1.1806,-0.7037
2.0108,1.1736,-0.6878
2.0082,1.1757,-0.6963
2.0076,1.1783,-0.6919
2.0102,1.1827,-0.6963
2.0085,1.1771,-0.6916
2.0082,1.1783,-0.6986
1.998,1.1783,-0.7017
2.0026,1.1774,-0.7001
2.0085,1.1768,-0.6912
2.0056,1.1745,-0.6828
2.0076,1.1859,-0.6923
2.0111,1.1786,-0.6916
2.0088,1.1833,-0.689
2.0091,1.1809,-0.6982
2.0123,1.1818,-0.6958
2.0105,1.1824,-0.691
2.002,1.1792,-0.695
2.012,1.1774,-0.6945
2.0094,1.1815,-0.7021
2.0117,1.1801,-0.6944
2.0152,1.1809,-0.7005
2.0029,1.1806,-0.6912
2.0079,1.1798,-0.7023
2.0053,1.1821,-0.6986
2.0047,1.1707,-0.6931
2.0029,1.1783,-0.6979
2.0006,1.178,-0.6975
2.0058,1.1771,-0.6994
2.007,1.1789,-0.7032
2.0105,1.1833,-0.6989
2.0105,1.173,-0.7027
2.0082,1.178,-0.6925
2.0053,1.1768,-0.6904
2.0032,1.1751,-0.6967
2.0073,1.1736,-0.6975
2.0038,1.1771,-0.6988
2.0029,1.176,-0.7051
1.9965,1.1798,-0.6947
2.0029,1.1745,-0.6925
2.0134,1.1766,-0.7015
2.0105,1.1789,-0.697
2.007,1.1815,-0.7084
2.007,1.1853,-0.6986
2.0105,1.1763,-0.6941
2.0058,1.1789,-0.703
2.0079,1.1777,-0.6948
2.0129,1.178,-0.7043
2.0158,1.1833,-0.6994
1.9997,1.1806,-0.7049
2.0085,1.1806,-0.702
2.0152,1.1768,-0.6901
2.0114,1.1698,-0.6986
2.012,1.173,-0.6964
2.0126,1.1771,-0.7039
2.0146,1.1777,-0.6874
2.0175,1.1763,-0.6967
2.0032,1.1742,-0.6937
2.0076,1.1763,-0.7083
2.0091,1.1771,-0.6948
2.0041,1.178,-0.6995
2.0061,1.1695,-0.703
2.0129,1.1692,-0.6979
2.007,1.1768,-0.6976
2.0158,1.1742,-0.7058
2.0085,1.171,-0.7026
2.0094,1.1745,-0.6934
2.0035,1.1716,-0.6985
2.0108,1.1742,-0.7001
2.0018,1.1704,-0.6947
2.0085,1.1719,-0.7015
2.0105,1.1675,-0.6928
2.0041,1.1698,-0.6937
2.0134,1.173,-0.689
2.0044,1.1666,-0.6951
2.0117,1.1789,-0.6931
2.0041,1.1815,-0.6935
2.0006,1.1774,-0.6929
2.0082,1.1733,-0.6967
1.9991,1.1777,-0.6907
2.0018,1.1657,-0.689
2.0073,1.1722,-0.695
2.0096,1.1701,-0.6951
2.005,1.1771,-0.696
2.0006,1.171,-0.6906
1.9962,1.183,-0.688
1.9962,1.1701,-0.6947
2.002,1.1751,-0.6941
2.0085,1.1751,-0.6871
2.0023,1.1736,-0.6979
2.0041,1.1768,-0.6966
2.0079,1.1771,-0.6929
2.0064,1.1748,-0.6871
2.0073,1.1704,-0.6947
2.0114,1.1692,-0.6918
2.005,1.1692,-0.6991
2.0061,1.1707,-0.6893
2.005,1.1754,-0.6994
2.0073,1.1736,-0.6859
2.0029,1.171,-0.692
1.9988,1.1722,-0.6903
2.0047,1.1669,-0.6869
2.007,1.1757,-0.6875
2.007,1.1783,-0.6925
2.0137,1.1716,-0.6909
1.9977,1.173,-0.6964
2.0076,1.1801,-0.6964
2.0085,1.176,-0.6931
2.0041,1.1795,-0.689
2.005,1.1687,-0.695
2.0032,1.171,-0.6945
2.014,1.1719,-0.6894
2.0088,1.1657,-0.6897
2.0064,1.1678,-0.6931
2.0067,1.1675,-0.6941
2.0102,1.1652,-0.6938
2.0085,1.1619,-0.7021
2.0102,1.1663,-0.6985
2.0047,1.1663,-0.6901
2.0073,1.1681,-0.6916
2.005,1.1652,-0.696
2.0099,1.1745,-0.6906
2.0111,1.1675,-0.6995
2.0094,1.1751,-0.6844
2.0126,1.1742,-0.6944
2.0047,1.1695,-0.6995
2.0047,1.1681,-0.7056
2.002,1.166,-0.692
2.0091,1.1806,-0.6999
2.0088,1.1792,-0.6961
2.012,1.1739,-0.7056
2.0091,1.1768,-0.6969
2.0152,1.1736,-0.6969
2.0029,1.1745,-0.6932
2.005,1.1742,-0.7027
2.0085,1.1751,-0.701
2.0088,1.1777,-0.6975
2.0079,1.1713,-0.6872
2.0044,1.171,-0.6877
2.0056,1.1725,-0.6887
2.0053,1.1801,-0.701
2.0041,1.1783,-0.6878
2.0044,1.1768,-0.7102
2.007,1.1733,-0.698
2.0117,1.1698,-0.6926
2.0076,1.1678,-0.6966
2.0088,1.1663,-0.6963
2.0137,1.1698,-0.6975
2.0155,1.1678,-0.6947
2.0129,1.178,-0.6979
2.0091,1.1713,-0.6869
2.0088,1.1707,-0.7001
2.0161,1.1798,-0.6976
2.0094,1.176,-0.6944
2.005,1.1716,-0.7032
2.0047,1.1666,-0.7011
2.0099,1.1692,-0.6979
2.0041,1.1695,-0.7055
2.0047,1.1739,-0.698
2.0006,1.166,-0.6919
2.0038,1.1713,-0.696
2.0047,1.1719,-0.6901
2.0026,1.1684,-0.7039
2.0058,1.1739,-0.7007
2.0091,1.1777,-0.6956
2.0064,1.1748,-0.6871
2.0134,1.1719,-0.6945
2.0067,1.1748,-0.6945
2.0056,1.1736,-0.6945
2.0082,1.1681,-0.6877
2.005,1.1716,-0.6931
2.0102,1.1657,-0.6931
2.0056,1.1725,-0.6942
2.012,1.1733,-0.6937
2.0085,1.1666,-0.6903
2.0108,1.169,-0.6859
2.0035,1.1652,-0.697
2.0041,1.1663,-0.6976
2.0056,1.1736,-0.6856
2.0067,1.1754,-0.6934
2.0047,1.1704,-0.6922
2.0132,1.1684,-0.7005
2.0023,1.1722,-0.7074
2.007,1.1701,-0.704
2.0053,1.1742,-0.692
2.0023,1.1739,-0.6947
2.0108,1.173,-0.6973
2.0096,1.1815,-0.6847
2.002,1.169,-0.6966
2.0064,1.1698,-0.6913
2.0076,1.1754,-0.6844
2.0023,1.1684,-0.6843
2.0044,1.1716,-0.6929
2.0032,1.1722,-0.6878
2.0108,1.1716,-0.6934
2.0088,1.1719,-0.6852
2.0099,1.1748,-0.7007
2.0079,1.1707,-0.6954
2.0061,1.1733,-0.6913
2.0047,1.1748,-0.6942
2.0056,1.1687,-0.6989
2.0114,1.1681,-0.7015
2.0102,1.173,-0.689
2.0058,1.1768,-0.7051
2.0038,1.1719,-0.6966
2.014,1.1783,-0.691
2.0056,1.171,-0.6937
2.0053,1.1666,-0.6947
2.0091,1.1774,-0.7004
2.0082,1.1742,-0.6918
2.0079,1.1733,-0.6915
2.0064,1.1678,-0.7023
2.0029,1.1649,-0.6899
2.007,1.1698,-0.6947
2.0085,1.1707,-0.6896
2.0099,1.1637,-0.701
2.0114,1.1798,-0.6874
2.0032,1.1745,-0.6945
2.0044,1.173,-0.6969
2.0026,1.1766,-0.6973
2.0023,1.1725,-0.6881
2.0041,1.1757,-0.6929
2.0035,1.1771,-0.696
2.0073,1.1728,-0.7008
2.0058,1.1707,-0.6827
2.0041,1.1707,-0.6929
2.0088,1.1733,-0.6827
2.0035,1.1792,-0.6783
2.0126,1.1707,-0.691
2.0029,1.1783,-0.6992
2.0058,1.1754,-0.7001
2.0047,1.1748,-0.7017
2.0155,1.1695,-0.6973
2.0029,1.1713,-0.7045
2.0053,1.1684,-0.6935
2.0026,1.1745,-0.6998
2.0088,1.1757,-0.6825
2.0088,1.1806,-0.6919
2.0091,1.1751,-0.7008
2.0064,1.1745,-0.6947
2.0006,1.1856,-0.6752
2.0076,1.1751,-0.6896
2.0012,1.171,-0.6931
2.0056,1.171,-0.6923
2.0053,1.1745,-0.6994
2.0082,1.1733,-0.6909
2.0038,1.1707,-0.7001
2.0105,1.1657,-0.6893
2.0094,1.1728,-0.6983
2.0023,1.1725,-0.6906
2.0061,1.1698,-0.6985
2.0041,1.1771,-0.6969
2.0137,1.1786,-0.6969
2.0085,1.1766,-0.6846
2.0091,1.1725,-0.7075
2.0091,1.1736,-0.6961
2.0029,1.1771,-0.6979
2.0076,1.1812,-0.6937
2.0108,1.1786,-0.7034
2.0082,1.1722,-0.6884
2.007,1.1844,-0.7013
2.0111,1.1777,-0.6948
2.0143,1.1713,-0.6953
2.0047,1.1751,-0.6945
2.0132,1.1698,-0.696
2.0064,1.1745,-0.7053
2.0056,1.1783,-0.6963
2.0099,1.1801,-0.6976
2.0123,1.1725,-0.6926
2.0058,1.1722,-0.6972
2.0029,1.1684,-0.695
2.0053,1.1701,-0.6931
2.0117,1.1728,-0.6967
2.0009,1.1777,-0.6985
2.0026,1.173,-0.6941
2.0053,1.173,-0.6937
2.0058,1.1707,-0.6923
2.0018,1.1736,-0.6939
2.0067,1.1695,-0.6994
2.007,1.1725,-0.6903
2.0067,1.1672,-0.6996
2.0123,1.1625,-0.6859
2.0102,1.1622,-0.6999
2.0161,1.1614,-0.7015
2.0193,1.1593,-0.7023
2.0228,1.15,-0.6999
2.0313,1.1538,-0.7026
2.0351,1.147,-0.696
2.0304,1.1441,-0.7011
2.0377,1.1459,-0.702
2.0392,1.1438,-0.7094
2.0433,1.1494,-0.7059
2.0365,1.1444,-0.6853
2.0444,1.1485,-0.7083
2.0357,1.1523,-0.698
2.0418,1.1514,-0.7011
2.0456,1.1429,-0.7013
2.0409,1.1403,-0.6941
2.0509,1.14,-0.7039
2.036,1.1394,-0.7072
2.0421,1.1403,-0.7053
2.0441,1.1359,-0.7055
2.0436,1.1374,-0.6918
2.0456,1.1397,-0.7018
2.0509,1.1412,-0.7037
2.0497,1.1508,-0.702
2.0471,1.1447,-0.709
2.0438,1.145,-0.7072
2.0468,1.1432,-0.7074
2.0485,1.1438,-0.7062
2.0491,1.1441,-0.7015
2.0476,1.1391,-0.7023
2.0509,1.1394,-0.703
2.0532,1.1438,-0.7083
2.0476,1.1397,-0.6942
2.0535,1.1494,-0.7036
2.05,1.1435,-0.7037
2.0456,1.1429,-0.7065
2.0526,1.1383,-0.7014
2.0509,1.1418,-0.7091
2.0479,1.1391,-0.7061
2.0456,1.1371,-0.7036
2.0552,1.1359,-0.7048
2.0476,1.1298,-0.703
2.0512,1.1327,-0.6979
2.0491,1.1438,-0.701
2.055,1.1362,-0.7089
2.0456,1.135,-0.7084
2.0503,1.1397,-0.7089
2.0512,1.1391,-0.7045
2.0532,1.14,-0.7014
2.0523,1.1409,-0.7112
2.0479,1.1438,-0.7118
2.0468,1.1406,-0.7011
2.0503,1.1441,-0.697
2.0433,1.1315,-0.7166
2.0459,1.1383,-0.7002
2.0497,1.131,-0.7027
2.055,1.1406,-0.7051
2.0471,1.1418,-0.7141
2.0538,1.1421,-0.7132
2.043,1.1362,-0.7075
2.0485,1.1415,-0.7056
2.0406,1.147,-0.7062
2.0421,1.138,-0.696
2.0403,1.1473,-0.7034
2.0383,1.1435,-0.6916
2.0348,1.1552,-0.704
2.0248,1.1532,-0.7048
2.0164,1.1587,-0.6935
2.0099,1.1622,-0.6976
2.0061,1.1687,-0.7001
2.0009,1.1809,-0.7034
1.9968,1.2032,-0.6989
1.9977,1.1999,-0.7015
1.9921,1.2049,-0.7013
1.9953,1.2084,-0.7017
1.9971,1.2128,-0.704
1.9968,1.2108,-0.6996
1.9927,1.2143,-0.6998
1.9965,1.2061,-0.6907
1.9959,1.2067,-0.698
2.0053,1.2058,-0.6969
1.9971,1.2137,-0.707
1.9959,1.2113,-0.7075
1.9997,1.2143,-0.702
1.9994,1.2213,-0.7014
1.9947,1.2163,-0.6919
1.9971,1.2233,-0.6925
1.9991,1.2198,-0.6878
1.9962,1.2271,-0.696
1.9959,1.2227,-0.6888
1.993,1.2289,-0.6948
1.9889,1.2298,-0.6966
1.9918,1.226,-0.6956
1.9959,1.2224,-0.6833
1.9936,1.2236,-0.6958
1.9982,1.2268,-0.7017
1.9953,1.226,-0.6953
1.9968,1.2224,-0.6865
1.9895,1.2254,-0.6884
1.9892,1.2707,-0.6939
1.9953,1.2257,-0.6966
1.9944,1.2298,-0.6942
1.988,1.2303,-0.6932
1.9947,1.2283,-0.6942
1.9991,1.2295,-0.6951
1.9953,1.226,-0.6947
1.9939,1.2283,-0.7027
1.9953,1.2315,-0.6868
1.9927,1.2338,-0.6988
1.9953,1.2324,-0.6872
1.9944,1.2324,-0.6893
1.9942,1.2309,-0.6937
1.9912,1.2312,-0.6897
1.9977,1.2318,-0.6934
1.9947,1.2248,-0.6828
1.9939,1.2274,-0.6853
1.9866,1.2303,-0.6967
1.986,1.2321,-0.6983
1.9883,1.2333,-0.6922
1.9904,1.2254,-0.6972
1.9985,1.2324,-0.6934
1.9912,1.2295,-0.6982
1.9901,1.235,-0.6953
1.998,1.2318,-0.702
1.9895,1.2341,-0.6947
1.9871,1.23,-0.6972
1.9883,1.2359,-0.6996
1.9909,1.2295,-0.702
1.9892,1.2371,-0.7015
1.9898,1.2356,-0.7051
1.993,1.2362,-0.7026
1.9895,1.233,-0.6899
1.9921,1.23,-0.6913
1.9904,1.235,-0.7037
1.9947,1.2376,-0.6979
1.9927,1.2289,-0.6871
1.9889,1.2309,-0.6925
1.9944,1.233,-0.6922
1.9974,1.2303,-0.701
1.995,1.2286,-0.6853
2.0,1.235,-0.6944
1.9915,1.2292,-0.6999
1.9912,1.2336,-0.6996
1.9848,1.2362,-0.6972
1.9997,1.235,-0.6935
1.9942,1.228,-0.6964
1.9968,1.2251,-0.6944
1.9953,1.2385,-0.7045
1.9906,1.235,-0.688
1.9936,1.2382,-0.7075
1.9912,1.2356,-0.6985
1.9895,1.23,-0.7015
1.9889,1.2397,-0.7017
1.9904,1.2403,-0.69
1.9965,1.24,-0.6868
1.9936,1.2341,-0.702
1.9947,1.2391,-0.6985
1.9895,1.2338,-0.6869
1.9909,1.2344,-0.6957
1.9895,1.2371,-0.6862
1.9947,1.2365,-0.6843
1.9921,1.2333,-0.6966
1.9901,1.2286,-0.6881
1.9877,1.2353,-0.6938
1.9892,1.2271,-0.6896
1.9933,1.2336,-0.6998
1.9991,1.2438,-0.6893
1.9942,1.2312,-0.6881
1.9892,1.2312,-0.6827
1.993,1.2356,-0.6915
2.0015,1.233,-0.6834
1.9997,1.2403,-0.6913
1.988,1.2376,-0.6967
1.9883,1.2371,-0.7023
1.9895,1.2344,-0.6901
1.9906,1.2365,-0.684
1.9939,1.235,-0.6903
1.9848,1.2385,-0.6967
1.9971,1.2359,-0.6948
1.9924,1.2394,-0.7011
1.9895,1.2353,-0.6944
1.9953,1.2309,-0.678
1.9889,1.2347,-0.6808
1.9971,1.2365,-0.6899
1.9977,1.2382,-0.6877
1.9988,1.2376,-0.6888
1.9959,1.2388,-0.6861
2.0009,1.2338,-0.6852
1.9909,1.2303,-0.6878
1.9915,1.2324,-0.6714
1.993,1.235,-0.6964
1.9868,1.2417,-0.6939
1.993,1.2341,-0.6923
1.993,1.2347,-0.6901
1.9915,1.2359,-0.6947
1.9953,1.2362,-0.6939
1.9971,1.2414,-0.7037
1.993,1.2391,-0.703
1.9985,1.2376,-0.6875
1.9982,1.24,-0.6989
1.9956,1.2374,-0.69
1.9936,1.2374,-0.6868
1.9889,1.2347,-0.6928
1.9863,1.2356,-0.6992
1.9915,1.2356,-0.6856
1.9953,1.2406,-0.6913
1.9901,1.2356,-0.6862
1.9886,1.2365,-0.688
1.9956,1.2365,-0.6937
1.9909,1.2336,-0.6812
1.9971,1.2347,-0.6852
1.9959,1.2412,-0.685
1.9912,1.2344,-0.697
1.9933,1.2338,-0.6937
1.9936,1.2371,-0.6915
1.9977,1.2371,-0.6956
1.9942,1.2397,-0.6872
1.9965,1.24,-0.6877
1.9977,1.242,-0.6932
1.9889,1.2333,-0.6944
1.9906,1.2336,-0.6977
1.9947,1.235,-0.6951
1.9956,1.233,-0.6951
1.9962,1.2403,-0.6922
1.9933,1.2292,-0.6907
1.995,1.2368,-0.6837
1.9971,1.2353,-0.6932
1.9956,1.2338,-0.7002
1.9947,1.2365,-0.6945
2.0003,1.2391,-0.7002
1.9959,1.2417,-0.6934
1.993,1.2368,-0.7005
1.9889,1.242,-0.6901
1.9889,1.2336,-0.6863
1.9956,1.2362,-0.6988
1.9947,1.2403,-0.7014
1.9915,1.2412,-0.7075
1.9915,1.2374,-0.6937
1.9921,1.2327,-0.6951
1.9895,1.23,-0.6877
1.9942,1.2379,-0.7021
1.9947,1.245,-0.6979
2.0026,1.2376,-0.6868
1.9997,1.2447,-0.6937
1.9936,1.247,-0.6901
2.0012,1.2376,-0.6973
1.9991,1.24,-0.689
2.0006,1.2353,-0.6929
1.9944,1.2324,-0.6916
2.0012,1.2409,-0.6989
2.0,1.2327,-0.6934
1.9988,1.2368,-0.6928
2.0,1.2356,-0.6945
1.9944,1.233,-0.6935
2.0,1.2385,-0.7007
2.0003,1.2347,-0.6983
2.0018,1.2365,-0.6973
1.9962,1.2368,-0.6944
1.9997,1.2417,-0.6945
2.0035,1.2406,-0.6925
2.0003,1.2368,-0.7014
1.995,1.24,-0.6904
1.9994,1.2391,-0.6916
2.0029,1.2432,-0.7059
2.0023,1.2359,-0.7001
2.0015,1.2385,-0.6912
1.9971,1.233,-0.6872
1.9971,1.2368,-0.69
1.9927,1.2376,-0.6941
1.9971,1.2362,-0.6939
2.0003,1.24,-0.6932
1.9985,1.2338,-0.6966
1.9968,1.23,-0.7001
1.9906,1.2374,-0.6999
2.0003,1.2365,-0.6875
1.9927,1.2336,-0.6915
2.0047,1.2353,-0.7027
1.9942,1.2338,-0.6967
1.9991,1.2327,-0.6855
1.9971,1.2306,-0.7068
1.9959,1.2412,-0.6977
1.9971,1.2359,-0.7049
1.9909,1.2347,-0.6922
1.9953,1.2338,-0.6932
1.9942,1.2341,-0.6983
2.0015,1.2716,-0.7004
1.9988,1.2394,-0.6945
2.0006,1.2333,-0.7039
2.0,1.24,-0.7046
2.0,1.2336,-0.7037
1.9956,1.2353,-0.6919
1.998,1.2365,-0.6893
1.995,1.2429,-0.7018
1.9933,1.2362,-0.6817
1.9965,1.2435,-0.6948
1.9953,1.2376,-0.6972
2.0023,1.2359,-0.6983
1.9942,1.2286,-0.6887
1.9988,1.2394,-0.6958
1.9997,1.2371,-0.6986
1.998,1.2388,-0.6923
1.9985,1.2414,-0.689
1.9985,1.2406,-0.6928
1.9971,1.2397,-0.698
1.9953,1.2321,-0.692
1.9939,1.2347,-0.6934
1.9947,1.2362,-0.6913
1.9968,1.2409,-0.6934
1.9927,1.2333,-0.7018
1.9942,1.2397,-0.6882
1.9927,1.2406,-0.6966
1.9977,1.2414,-0.6979
1.9956,1.2426,-0.6926
1.9918,1.2447,-0.689
1.9921,1.2356,-0.6947
1.9933,1.2376,-0.6906
1.993,1.2385,-0.6866
1.9895,1.2379,-0.6887
1.9991,1.24,-0.6887
1.9921,1.2371,-0.6918
1.9971,1.2461,-0.6928
1.9936,1.2412,-0.6942
1.9845,1.2414,-0.7042
1.9915,1.2409,-0.6839
1.9877,1.2338,-0.6948
1.9918,1.2455,-0.6847
1.9936,1.2374,-0.6903
1.9962,1.2403,-0.6944
1.9927,1.2359,-0.6872
1.9942,1.2353,-0.6866
1.9918,1.2388,-0.6846
1.9974,1.2385,-0.6862
1.9968,1.24,-0.6963
1.9988,1.2438,-0.6858
2.0006,1.2347,-0.6938
1.9854,1.2394,-0.6836
2.0015,1.2333,-0.695
1.9968,1.2365,-0.6894
1.9918,1.24,-0.6998
1.9921,1.2371,-0.6885
1.9944,1.2406,-0.6893
1.9962,1.2379,-0.6768
1.9968,1.2417,-0.6882
2.0023,1.2397,-0.6928
1.9962,1.2397,-0.6942
1.993,1.2403,-0.6843
1.993,1.2391,-0.6825
1.9892,1.2353,-0.6887
1.9988,1.2341,-0.6903
1.995,1.2368,-0.6912
1.998,1.2318,-0.6869
1.9927,1.2359,-0.684
1.9997,1.242,-0.6855
1.9956,1.2394,-0.6849
1.9959,1.2356,-0.6872
1.9947,1.2344,-0.6976
2.0006,1.2344,-0.6881
2.0,1.2461,-0.6884
1.9977,1.2374,-0.6995
1.995,1.2406,-0.6979
1.9868,1.2388,-0.6985
1.9968,1.2306,-0.6922
1.9974,1.2321,-0.6915
1.9988,1.2359,-0.6931
1.9947,1.2312,-0.6944
1.9962,1.2359,-0.7005
1.9965,1.2338,-0.6975
1.9962,1.2429,-0.6991
1.9959,1.2315,-0.6988
2.0026,1.2318,-0.6995
1.9994,1.2312,-0.6985
1.9988,1.2374,-0.707
1.9936,1.2336,-0.7008
2.0012,1.2374,-0.698
1.9977,1.2412,-0.6871
1.9994,1.2388,-0.6975
1.9924,1.2376,-0.695
1.9886,1.2359,-0.6982
1.9904,1.2368,-0.6897
1.9909,1.2438,-0.7021
1.986,1.2312,-0.7026
1.9918,1.2388,-0.7061
1.9988,1.2376,-0.6986
1.9918,1.2324,-0.6941
1.9962,1.2385,-0.7032
2.0018,1.2379,-0.7091
1.9947,1.2365,-0.6918
1.9942,1.2324,-0.7043
1.9953,1.2362,-0.6885
1.9942,1.2441,-0.6947
1.9968,1.2444,-0.6995
1.9927,1.2452,-0.6958
1.9942,1.2362,-0.7021
1.9904,1.2385,-0.6923
1.9906,1.2283,-0.6947
1.9918,1.2382,-0.7015
1.9942,1.2371,-0.6994
1.993,1.2379,-0.7051
1.9977,1.2444,-0.6969
1.9959,1.2417,-0.7004
1.9918,1.2441,-0.6964
1.9959,1.2359,-0.6918
1.9942,1.2444,-0.6836
1.9953,1.2368,-0.6998
2.0029,1.2356,-0.6931
1.9874,1.2391,-0.695
1.993,1.2382,-0.7008
1.9965,1.2356,-0.695
1.9953,1.235,-0.7036
1.9909,1.2432,-0.7046
1.9953,1.2318,-0.7043
1.995,1.2371,-0.7043
1.9959,1.2444,-0.6941
2.0009,1.2382,-0.6995
1.9912,1.2382,-0.6935
1.9933,1.2344,-0.7021
1.9977,1.2327,-0.6972
1.9956,1.2365,-0.6967
2.0018,1.233,-0.6948
1.9936,1.24,-0.6988
1.9971,1.2268,-0.6958
1.9936,1.2327,-0.6972
1.9956,1.2394,-0.6964
1.9895,1.2365,-0.702
1.9991,1.2379,-0.7056
1.9924,1.2376,-0.7053
1.9915,1.2353,-0.7017
1.9892,1.245,-0.6957
1.9956,1.2371,-0.6934
2.0012,1.2362,-0.696
1.9895,1.2347,-0.6926
1.998,1.2391,-0.7013
1.9933,1.2447,-0.6913
1.9953,1.2423,-0.7018
1.9982,1.2438,-0.6901
1.9898,1.2502,-0.7026
1.9857,1.2441,-0.6991
1.9918,1.2423,-0.7055
1.9883,1.2426,-0.6941
1.9889,1.2426,-0.7103
1.9939,1.2417,-0.6918
1.9871,1.2403,-0.6994
1.9895,1.2365,-0.7005
1.9901,1.2441,-0.6969
1.9994,1.2414,-0.7001
1.9947,1.2429,-0.6996
1.9912,1.2429,-0.698
2.0006,1.2379,-0.69
1.9977,1.2388,-0.6932
1.9921,1.2374,-0.6944
1.9953,1.2423,-0.6964
1.9977,1.2412,-0.6893
1.9971,1.2406,-0.6999
1.9988,1.2409,-0.6932
1.998,1.2426,-0.6937
1.9985,1.2432,-0.6901
1.9953,1.2412,-0.6852
1.998,1.2485,-0.6956
1.988,1.2365,-0.6956
1.9912,1.2333,-0.6967
1.9965,1.2394,-0.6954
1.9962,1.2403,-0.6945
1.9956,1.2379,-0.6874
1.9953,1.2365,-0.6957
1.998,1.2444,-0.6937
1.9985,1.2444,-0.6885
1.9953,1.2382,-0.6909
1.9974,1.2374,-0.7008
1.9892,1.2397,-0.6923
1.993,1.2426,-0.6897
1.9927,1.2379,-0.6795
1.9965,1.2406,-0.6906
2.0023,1.2347,-0.685
1.9953,1.2379,-0.6932
1.9939,1.2409,-0.6872
1.9918,1.2362,-0.6942
1.9953,1.242,-0.6888
1.9918,1.2353,-0.6896
1.9921,1.2394,-0.6853
1.9924,1.2338,-0.6966
1.9877,1.2359,-0.6969
2.0032,1.2394,-0.7075
1.9871,1.2382,-0.6919
2.0,1.2444,-0.6916
1.9947,1.242,-0.6881
1.9953,1.2406,-0.6934
1.9965,1.2385,-0.6929
1.9898,1.2359,-0.6972
1.9991,1.2376,-0.6899
1.9947,1.2432,-0.6909
1.988,1.2403,-0.6942
1.9959,1.2374,-0.6915
1.9921,1.2344,-0.6893
2.0006,1.2432,-0.6901
1.9974,1.2473,-0.6862
1.9947,1.2365,-0.6875
1.9901,1.2382,-0.6875
1.9977,1.2435,-0.6967
2.0,1.2397,-0.6992
2.0006,1.2429,-0.7017
2.0003,1.2371,-0.6891
1.9939,1.2382,-0.6906
1.9959,1.2414,-0.7007
1.9901,1.2417,-0.6926
1.993,1.2359,-0.6977
1.9901,1.2382,-0.6929
1.9924,1.2379,-0.6973
1.9997,1.2417,-0.6945
1.9997,1.24,-0.7023
1.9883,1.2371,-0.695
1.9982,1.2388,-0.7027
1.993,1.2452,-0.7007
1.9889,1.2435,-0.6957
1.9965,1.2409,-0.6967
1.9924,1.2385,-0.6951
1.9909,1.2394,-0.6897
1.9927,1.2321,-0.6935
1.988,1.2344,-0.6996
1.9883,1.2385,-0.7024
1.9947,1.2365,-0.6896
1.9988,1.2353,-0.6935
1.9898,1.2391,-0.7023
1.9889,1.2315,-0.7059
1.9854,1.2417,-0.6947
2.002,1.235,-0.703
1.9982,1.2417,-0.6859
1.9974,1.2426,-0.69
1.9959,1.2353,-0.6991
1.9924,1.2347,-0.6983
1.9942,1.2368,-0.7043
1.9906,1.2374,-0.697
1.9944,1.2429,-0.6935
1.9991,1.2353,-0.6979
2.0006,1.24,-0.6963
1.9924,1.2464,-0.6953
1.9965,1.2341,-0.6909
1.9944,1.2426,-0.6976
1.9959,1.2391,-0.6958
1.995,1.2347,-0.6897
1.9965,1.2409,-0.7017
1.9971,1.2371,-0.7059
1.9886,1.2397,-0.6853
1.9942,1.2491,-0.7002
1.9939,1.2347,-0.6882
1.9892,1.2406,-0.7024
1.993,1.2353,-0.6998
1.9927,1.2353,-0.6887
1.9921,1.2362,-0.6975
1.9974,1.24,-0.6967
1.9965,1.2324,-0.6983
1.9944,1.2379,-0.6923
1.9921,1.2444,-0.6994
1.9942,1.2321,-0.6986
1.9927,1.2336,-0.6979
1.9936,1.2379,-0.6989
1.9927,1.2412,-0.7005
1.9959,1.2385,-0.6878
1.9947,1.2333,-0.7026
1.9982,1.2365,-0.702
1.9915,1.2382,-0.702
1.9971,1.2403,-0.7061
1.9968,1.2414,-0.7027
1.9988,1.2368,-0.6912
1.9906,1.24,-0.6939
1.9906,1.2379,-0.6967
1.9965,1.2438,-0.6988
1.9953,1.2406,-0.7017
1.9939,1.2376,-0.7013
1.9974,1.2403,-0.6958
1.9947,1.2397,-0.7042
1.9942,1.2452,-0.6963
1.9968,1.2379,-0.6878
1.9921,1.2429,-0.6991
1.9871,1.2447,-0.6967
1.9915,1.235,-0.6907
2.0018,1.2447,-0.691
1.9909,1.2452,-0.6894
1.9912,1.2444,-0.6935
1.9918,1.2394,-0.6868
1.9956,1.24,-0.679
1.9912,1.2409,-0.6977
1.9944,1.2429,-0.6988
1.9933,1.2368,-0.6931
1.9947,1.2412,-0.6821
1.9982,1.2397,-0.688
1.9956,1.24,-0.684
1.9953,1.2394,-0.6918
1.9962,1.242,-0.6893
1.9956,1.2414,-0.6888
2.0032,1.2376,-0.6975
1.9942,1.2388,-0.6907
1.9982,1.2432,-0.6982
1.9953,1.2368,-0.6991
1.9924,1.2414,-0.6897
1.9988,1.2423,-0.6942
1.9974,1.2374,-0.6916
1.9968,1.2371,-0.6912
2.0061,1.235,-0.6913
1.9988,1.2397,-0.6972
2.0009,1.245,-0.6995
1.9988,1.2406,-0.6923
1.9991,1.2435,-0.697
1.9912,1.2406,-0.6969
1.9974,1.2376,-0.6859
2.0018,1.2379,-0.7021
1.9974,1.2368,-0.6941
1.9933,1.2362,-0.6888
1.998,1.2356,-0.6972
2.0003,1.2412,-0.6912
1.9982,1.2324,-0.702
1.9939,1.2341,-0.6944
2.0003,1.2362,-0.6909
1.9904,1.2365,-0.6994
1.995,1.2426,-0.7059
1.9965,1.2382,-0.689
1.9971,1.2353,-0.6957
1.9977,1.2239,-0.7055
1.9953,1.2327,-0.6964
1.9886,1.2303,-0.6964
1.9924,1.2397,-0.6979
1.9971,1.2374,-0.6948
1.9965,1.2344,-0.6896
1.9883,1.2324,-0.6992
1.995,1.2344,-0.6963
1.9871,1.1988,-0.6986
1.995,1.2379,-0.6998
1.9959,1.2423,-0.6903
1.995,1.2318,-0.6954
1.9965,1.2359,-0.6956
1.9901,1.2382,-0.7061
1.9924,1.2338,-0.6931
1.9953,1.2365,-0.7052
1.9909,1.2397,-0.6954
2.0038,1.2368,-0.6956
2.0053,1.2376,-0.6961
2.0,1.2374,-0.6966
1.995,1.2461,-0.7013
2.0006,1.2414,-0.6922
1.9988,1.2385,-0.6931
1.9936,1.2353,-0.7024
1.9994,1.242,-0.6934
1.9977,1.2336,-0.695
1.9947,1.2333,-0.689
1.9971,1.2283,-0.6945
1.9959,1.2306,-0.6996
1.9915,1.2409,-0.6964
2.0035,1.2356,-0.6967
1.9988,1.2382,-0.697
1.9956,1.2371,-0.6937
1.9985,1.2403,-0.6825
1.9994,1.2371,-0.6863
1.993,1.2394,-0.6888
1.9947,1.2312,-0.6899
1.9936,1.2365,-0.6861
1.9956,1.2359,-0.6926
2.0035,1.2359,-0.6939
1.9977,1.2359,-0.6994
2.0,1.2365,-0.6947
2.0041,1.2391,-0.6926
2.0,1.2333,-0.6894
1.9968,1.2344,-0.6942
2.0035,1.2391,-0.6916
2.0041,1.2376,-0.7039
1.9997,1.2359,-0.6957
1.9877,1.2344,-0.6963
1.9947,1.2338,-0.6967
2.0018,1.2338,-0.6941
1.998,1.2359,-0.6931
1.9974,1.2388,-0.6916
2.0023,1.2271,-0.6913
1.9936,1.2365,-0.6888
2.0041,1.2438,-0.6975
1.9997,1.2362,-0.7026
1.9965,1.2394,-0.6912
1.9944,1.2374,-0.701
1.9953,1.2333,-0.6957
1.9991,1.2412,-0.7004
1.9959,1.2417,-0.6938
2.0047,1.2391,-0.6986
1.9933,1.2371,-0.6932
1.9988,1.24,-0.6954
1.9971,1.2376,-0.7004
2.0023,1.2435,-0.6938
2.0041,1.2341,-0.6906
1.9982,1.2406,-0.6906
1.9944,1.2353,-0.7048
2.0058,1.2353,-0.701
2.0023,1.2435,-0.696
1.9974,1.2371,-0.6913
1.9988,1.2394,-0.7011
2.0,1.2397,-0.701
1.9974,1.233,-0.6976
1.9933,1.2376,-0.7049
1.9959,1.2423,-0.7013
1.9939,1.2435,-0.7023
1.9991,1.2414,-0.7018
2.0026,1.2368,-0.6944
1.995,1.2385,-0.6992
1.995,1.2341,-0.7046
2.005,1.2414,-0.6956
1.9977,1.2368,-0.6907
2.0058,1.24,-0.7024
1.9936,1.2374,-0.6937
1.9944,1.2344,-0.7048
1.9971,1.2368,-0.6994
1.9994,1.2409,-0.6937
2.0047,1.2397,-0.6915
2.0012,1.2359,-0.7089
2.0006,1.2341,-0.6957
1.9968,1.2058,-0.6951
1.9985,1.2382,-0.688
1.9971,1.2382,-0.6906
1.9956,1.24,-0.7032
2.0,1.2365,-0.6934
2.0018,1.2371,-0.7013
2.0035,1.2382,-0.6922
1.9994,1.2441,-0.7024
1.998,1.24,-0.7007
1.9962,1.2376,-0.6913
1.9944,1.2473,-0.6963
2.005,1.2423,-0.691
2.0006,1.2379,-0.7043
2.0032,1.2359,-0.6913
2.0003,1.2385,-0.7032
1.9944,1.2365,-0.7002
2.002,1.2406,-0.7034
1.9965,1.2365,-0.7033
2.0029,1.2324,-0.688
1.9991,1.2412,-0.6928
1.9962,1.2391,-0.6953
2.005,1.242,-0.6925
1.9971,1.2362,-0.7033
2.0015,1.2338,-0.7024
1.9959,1.2376,-0.6988
1.9997,1.2321,-0.6903
1.9997,1.2406,-0.6881
1.9991,1.235,-0.6963
2.0073,1.2368,-0.6919
1.9985,1.235,-0.6929
2.0018,1.2315,-0.709
1.9924,1.235,-0.6939
2.0029,1.2359,-0.6996
2.0003,1.2368,-0.7032
1.9933,1.2406,-0.6953
1.9971,1.235,-0.6938
2.0023,1.233,-0.6963
1.9965,1.2353,-0.6994
2.0006,1.2379,-0.6926
1.9947,1.24,-0.7014
1.9939,1.2391,-0.6942
2.0018,1.2382,-0.6928
2.0058,1.2412,-0.6985
1.9921,1.2391,-0.6948
2.0079,1.2438,-0.691
2.0018,1.2403,-0.6983
1.9971,1.2426,-0.6991
2.0067,1.2423,-0.6972
2.0047,1.2362,-0.702
2.0018,1.2417,-0.6988
1.9962,1.2452,-0.6957
2.0012,1.2409,-0.6947
1.998,1.2295,-0.7033
1.9936,1.2359,-0.689
1.9968,1.2347,-0.698
1.9968,1.2365,-0.6934
2.002,1.2391,-0.6942
1.9994,1.2417,-0.6954
1.9965,1.2338,-0.6982
2.0003,1.2444,-0.6937
1.9918,1.2414,-0.6994
1.9936,1.2312,-0.6994
2.0,1.2374,-0.6957
1.9944,1.2388,-0.6963
1.9968,1.2391,-0.6909
2.0023,1.2374,-0.6887
2.0006,1.2403,-0.695
1.9906,1.2362,-0.6872
1.9924,1.2464,-0.6861
2.0,1.2435,-0.6912
1.9985,1.2385,-0.6947
1.9924,1.2417,-0.6999
1.9982,1.2385,-0.7042
1.9977,1.2362,-0.6915
2.0003,1.2374,-0.7002
1.9962,1.2359,-0.6904
1.9982,1.2379,-0.6887
2.0023,1.2336,-0.6899
2.0041,1.2382,-0.6944
2.0035,1.245,-0.6986
2.0082,1.2371,-0.6926
2.0006,1.2327,-0.6983
2.0026,1.24,-0.6896
2.0006,1.2368,-0.6954
1.9974,1.2406,-0.6913
1.9971,1.2394,-0.6926
2.0047,1.2426,-0.6954
1.9968,1.2371,-0.6973
1.9985,1.2376,-0.6964
1.9997,1.2382,-0.7001
1.9997,1.2412,-0.6988
2.0047,1.2423,-0.6945
2.0,1.2412,-0.6994
2.0056,1.2455,-0.6951
2.0,1.2388,-0.6941
1.9997,1.2412,-0.69
2.0006,1.2429,-0.7015
2.0,1.2403,-0.6975
2.005,1.2327,-0.6874
1.9965,1.235,-0.6844
1.9997,1.2356,-0.6929
1.9953,1.2382,-0.6875
1.9947,1.2412,-0.6942
2.0044,1.2385,-0.695
1.9956,1.24,-0.685
1.9942,1.2359,-0.6925
2.0018,1.2417,-0.6994
1.9927,1.2429,-0.6963
2.0006,1.2388,-0.7002
2.0035,1.2394,-0.6951
1.9994,1.2365,-0.6956
2.0047,1.2391,-0.6999
1.9997,1.2374,-0.7002
2.0044,1.2379,-0.698
2.0041,1.2444,-0.7018
2.0061,1.2409,-0.6999
2.005,1.2385,-0.7014
2.0026,1.2359,-0.6964
2.0,1.2406,-0.7053
2.0053,1.2417,-0.6963
1.9959,1.2376,-0.7043
1.9965,1.247,-0.692
1.9988,1.2414,-0.6904
1.9947,1.242,-0.6918
1.993,1.2444,-0.6961
1.9994,1.2473,-0.6973
2.0035,1.2479,-0.698
1.9886,1.2374,-0.6897
2.002,1.2432,-0.7045
2.0064,1.2432,-0.7013
2.0012,1.2406,-0.6985
1.9959,1.242,-0.6865
2.0018,1.2403,-0.6919
2.0038,1.2394,-0.6948
2.0041,1.2406,-0.6925
1.9994,1.2374,-0.698
2.0076,1.2382,-0.7065
2.0026,1.2368,-0.6953
2.0041,1.2432,-0.695
2.0026,1.2344,-0.6972
2.0003,1.2347,-0.6922
2.002,1.2376,-0.702
1.9991,1.2379,-0.7077
1.9988,1.2406,-0.6915
2.0006,1.2376,-0.6881
2.0073,1.247,-0.702
2.0035,1.2362,-0.7071
1.9974,1.2359,-0.6935
2.0041,1.2368,-0.697
1.9991,1.2374,-0.6919
2.0006,1.2312,-0.6944
1.9977,1.2385,-0.6925
1.9988,1.2333,-0.6958
2.002,1.2359,-0.7005
1.9988,1.2394,-0.695
1.9977,1.23,-0.7051
1.9942,1.2394,-0.691
1.9977,1.2368,-0.7045
2.0041,1.242,-0.6975
1.9994,1.2344,-0.6929
2.0026,1.2368,-0.7097
2.0,1.2417,-0.6964
1.9965,1.2362,-0.7037
2.0009,1.2347,-0.6996
1.9942,1.2353,-0.6958
2.0038,1.2359,-0.6891
1.9956,1.2376,-0.6934
1.9988,1.2344,-0.6926
1.9947,1.2359,-0.6812
1.9971,1.2406,-0.6887
2.0018,1.2371,-0.6937
1.9988,1.2391,-0.7008
1.9968,1.2376,-0.6975
2.0053,1.2435,-0.6915
2.0006,1.2382,-0.6931
1.9977,1.2397,-0.6986
2.0026,1.2385,-0.6847
2.0023,1.2412,-0.6937
1.995,1.2376,-0.695
1.9985,1.2353,-0.69
2.005,1.242,-0.6967
1.9947,1.2371,-0.6925
2.0023,1.2376,-0.6982
1.9982,1.2376,-0.692
2.0035,1.2406,-0.6915
1.998,1.2423,-0.7005
2.0032,1.2382,-0.698
2.0023,1.2397,-0.6926
1.9991,1.2371,-0.6828
1.9962,1.2441,-0.6932
2.0029,1.2391,-0.6929
1.9939,1.2371,-0.6874
2.0012,1.2435,-0.6926
1.9991,1.2409,-0.6934
2.0,1.2376,-0.6944
2.0079,1.247,-0.6827
1.9971,1.2412,-0.6907
2.0009,1.2394,-0.6913
1.9994,1.2333,-0.6899
2.0,1.2406,-0.701
1.9912,1.2374,-0.7039
2.0003,1.2356,-0.6951
2.0029,1.2417,-0.7024
1.9982,1.2374,-0.697
1.9977,1.2353,-0.7059
1.9947,1.2376,-0.7046
2.0012,1.2388,-0.6976
1.9947,1.235,-0.7029
1.9985,1.2403,-0.6956
1.9956,1.2374,-0.6941
1.9985,1.24,-0.6999
1.9971,1.2298,-0.692
1.9982,1.235,-0.6913
2.0023,1.2391,-0.6963
1.9959,1.24,-0.6988
2.002,1.2414,-0.6977
2.0023,1.2394,-0.6988
2.0006,1.2347,-0.6996
1.9927,1.2341,-0.6912
1.9933,1.235,-0.7106
1.9962,1.2394,-0.7026
1.9971,1.2403,-0.7032
2.0,1.2409,-0.6976
2.0029,1.242,-0.7042
2.0023,1.2388,-0.7053
1.9971,1.2356,-0.6942
2.0061,1.2347,-0.6999
2.0079,1.2391,-0.697
1.9965,1.2365,-0.6951
1.9936,1.2344,-0.6903
1.9956,1.2391,-0.6964
2.0035,1.2476,-0.6977
1.9977,1.2391,-0.6967
1.9965,1.2441,-0.6976
1.9985,1.2417,-0.6932
1.995,1.2417,-0.6939
1.9956,1.2353,-0.6915
1.9921,1.2394,-0.6906
2.0029,1.2441,-0.6942
2.002,1.245,-0.6893
2.0029,1.2409,-0.6964
2.0035,1.2376,-0.703
2.0035,1.2347,-0.6982
2.0015,1.2362,-0.6922
2.0035,1.2403,-0.6976
2.0035,1.2441,-0.6958
2.0012,1.2356,-0.7015
1.9988,1.2347,-0.6907
1.9971,1.2397,-0.6899
2.0,1.2464,-0.6888
1.998,1.24,-0.6982
1.9971,1.2388,-0.7034
2.0041,1.24,-0.6969
1.9985,1.235,-0.6958
2.0076,1.2391,-0.6992
2.0064,1.2353,-0.6926
2.005,1.2359,-0.7026
2.0026,1.2417,-0.6958
1.9994,1.2315,-0.6992
2.0035,1.2385,-0.6989
1.9994,1.2347,-0.6893
2.0032,1.2359,-0.6918
1.9977,1.2379,-0.6916
2.0035,1.2376,-0.6874
2.0061,1.2394,-0.6872
2.0012,1.2382,-0.7014
2.0012,1.2385,-0.6994
2.0026,1.2365,-0.704
1.9971,1.2382,-0.704
1.9991,1.2374,-0.6919
2.0015,1.2347,-0.7014
2.0,1.24,-0.6996
2.0003,1.235,-0.6834
2.0038,1.2356,-0.6966
2.0026,1.2391,-0.696
1.9971,1.23,-0.6954
1.998,1.2353,-0.695
2.002,1.242,-0.6913
1.9974,1.228,-0.691
2.002,1.2262,-0.6975
1.9956,1.2353,-0.691
1.9974,1.2306,-0.6916
1.9988,1.2365,-0.6953
2.0012,1.2324,-0.7032
2.0067,1.2338,-0.6944
2.0003,1.2303,-0.701
1.9974,1.2312,-0.6956
2.002,1.2371,-0.6937
2.0067,1.2403,-0.6986
1.9994,1.2341,-0.6967
1.9962,1.2295,-0.702
1.9924,1.2216,-0.7018
1.9959,1.2081,-0.7033
1.9991,1.207,-0.7005
2.0035,1.2026,-0.7051
2.002,1.1877,-0.695
2.0038,1.1719,-0.7065
2.0164,1.1704,-0.7053
2.0187,1.1622,-0.6915
2.0219,1.1523,-0.697
2.0292,1.1532,-0.7072
2.0383,1.1464,-0.7105
2.04,1.1482,-0.7015
2.0389,1.1429,-0.7018
2.0345,1.1397,-0.6995
2.0403,1.147,-0.7075
2.0342,1.1479,-0.6942
2.0395,1.1488,-0.7024
2.0333,1.1543,-0.7061
2.0424,1.15,-0.6989
2.0398,1.1488,-0.6976
2.0395,1.1426,-0.7015
2.0436,1.1473,-0.6958
2.04,1.1394,-0.7075
2.0479,1.1383,-0.703
2.0436,1.1453,-0.702
2.04,1.1412,-0.6945
2.0468,1.1424,-0.7046
2.0468,1.1497,-0.688
2.0471,1.138,-0.7056
2.0465,1.1412,-0.7005
2.0555,1.1421,-0.7058
2.0555,1.14,-0.7005
2.0932,1.1426,-0.7029
2.052,1.1426,-0.7014
2.0514,1.1429,-0.7021
2.055,1.1453,-0.697
2.0488,1.1383,-0.7021
2.05,1.1426,-0.7033
2.0476,1.1432,-0.6939
2.0512,1.1464,-0.707
2.0471,1.1462,-0.7046
2.0564,1.1453,-0.7043
2.0497,1.1406,-0.6907
2.0514,1.1383,-0.6983
2.0526,1.1424,-0.695
2.0514,1.1424,-0.7062
2.0509,1.1476,-0.7051
2.0512,1.1447,-0.7017
2.0579,1.1459,-0.7084
2.0544,1.1464,-0.7093
2.0517,1.1453,-0.7065
2.0517,1.1441,-0.7078
2.0561,1.147,-0.7017
2.0538,1.1462,-0.7055
2.0544,1.152,-0.6967
2.0474,1.1459,-0.7024
2.0503,1.1421,-0.7042
2.0614,1.1418,-0.7005
2.0497,1.1497,-0.7051
2.0506,1.147,-0.6963
2.0538,1.1447,-0.7039
2.05,1.1485,-0.7037
2.0468,1.1453,-0.7071
2.052,1.1418,-0.691
2.05,1.1403,-0.7056
2.0503,1.1462,-0.7032
2.0558,1.1517,-0.7121
2.0614,1.1397,-0.7102
2.0436,1.1397,-0.714
2.0526,1.1482,-0.6977
2.0456,1.1441,-0.7131
2.0512,1.1388,-0.7071
2.0526,1.1391,-0.6991
2.0555,1.1432,-0.6932
2.052,1.1391,-0.6983
2.0532,1.1365,-0.7052
2.0462,1.1424,-0.6948
2.052,1.1365,-0.7053
2.05,1.1453,-0.7029
2.0547,1.1497,-0.7036
2.0558,1.1456,-0.6999
2.0544,1.1388,-0.7147
2.0529,1.1421,-0.7004
2.0494,1.1386,-0.7077
2.0538,1.1359,-0.7053
2.0506,1.1374,-0.7058
2.0471,1.1377,-0.6982
2.0474,1.1418,-0.7014
2.0488,1.1386,-0.6998
2.0529,1.1441,-0.6948
2.0494,1.1406,-0.708
2.055,1.1409,-0.709
2.0611,1.1447,-0.7055
2.057,1.1438,-0.701
2.0617,1.1421,-0.6992
2.0509,1.1426,-0.6972
2.0474,1.1447,-0.7034
2.0532,1.1377,-0.7026
2.0532,1.1424,-0.7052
2.0532,1.138,-0.71
2.0485,1.1421,-0.698
2.055,1.1479,-0.7004
2.0555,1.1421,-0.689
2.0506,1.1356,-0.6919
2.0558,1.1418,-0.6963
2.0509,1.1356,-0.6972
2.0471,1.1365,-0.6977
2.0471,1.1362,-0.6986
2.0573,1.1426,-0.7062
2.043,1.1374,-0.7008
2.0564,1.1424,-0.7014
2.0494,1.1424,-0.7056
2.0424,1.1418,-0.6939
2.0497,1.1394,-0.6986
2.0593,1.1383,-0.7015
2.0465,1.1462,-0.6976
2.0512,1.1312,-0.7004
2.0474,1.1447,-0.6977
2.0547,1.1365,-0.6985
2.0509,1.1441,-0.7055
2.0512,1.1482,-0.7002
2.0555,1.1438,-0.698
2.0509,1.1462,-0.7058
2.0509,1.1441,-0.7021
2.0541,1.1485,-0.7094
2.0892,1.1415,-0.6999
2.0614,1.1459,-0.6899
2.0547,1.1406,-0.6995
2.0526,1.1388,-0.7053
2.0547,1.1491,-0.6985
2.0547,1.1473,-0.6956
2.0482,1.1418,-0.6991
2.0517,1.1432,-0.7051
2.0555,1.14,-0.6967
2.0509,1.1456,-0.6958
2.0564,1.1447,-0.7002
2.0529,1.1479,-0.6913
2.0538,1.1473,-0.6982
2.0509,1.1497,-0.704
2.0567,1.1432,-0.7062
2.0529,1.147,-0.6989
2.0474,1.1386,-0.6976
2.0538,1.1508,-0.6935
2.045,1.1406,-0.7055
2.0482,1.1453,-0.7034
2.057,1.1424,-0.7048
2.0526,1.1386,-0.6907
2.0564,1.1415,-0.6966
2.0532,1.15,-0.6944
2.05,1.1429,-0.6909
2.0427,1.1447,-0.6991
2.0465,1.152,-0.6931
2.033,1.1502,-0.6954
2.0319,1.1549,-0.7039
2.0219,1.1567,-0.6995
2.012,1.1625,-0.7021
2.0193,1.1614,-0.6966
2.0181,1.1649,-0.6996
2.0073,1.1666,-0.6992
2.0132,1.1713,-0.6953
2.012,1.1736,-0.7029
2.0213,1.166,-0.6899
2.019,1.1625,-0.6944
2.0099,1.1687,-0.6958
2.0213,1.1672,-0.6975
2.0041,1.1652,-0.6975
2.0126,1.1584,-0.7029
2.0108,1.1684,-0.698
2.0082,1.1695,-0.6937
2.0041,1.1675,-0.6975
2.0099,1.169,-0.696
2.0082,1.1748,-0.6941
2.0132,1.1757,-0.7043
2.0099,1.1722,-0.6951
2.0032,1.1681,-0.6897
2.007,1.171,-0.696
2.0041,1.1748,-0.6923
2.0044,1.1742,-0.6957
2.012,1.1695,-0.703
2.0123,1.1666,-0.6928
2.005,1.1722,-0.6931
2.0085,1.1768,-0.695
2.0047,1.1754,-0.6931
1.9994,1.1806,-0.7015
2.0044,1.1728,-0.7011
2.0108,1.1751,-0.7027
2.0056,1.1745,-0.6989
2.0006,1.1748,-0.6983
2.0009,1.1675,-0.6995
2.0006,1.1681,-0.6888
2.0026,1.1766,-0.6947
2.0029,1.1763,-0.6909
2.0041,1.1754,-0.6945
2.0117,1.1748,-0.6836
2.007,1.1695,-0.6874
1.9997,1.1771,-0.6961
2.0,1.1766,-0.6932
2.007,1.1789,-0.7015
2.0006,1.1722,-0.7029
2.0012,1.1745,-0.7018
2.0047,1.1821,-0.7008
2.005,1.1739,-0.7001
2.0079,1.1751,-0.6996
2.0073,1.1733,-0.698
1.9988,1.1692,-0.6957
2.0053,1.1725,-0.6957
2.007,1.1704,-0.6976
2.0064,1.1725,-0.6931
2.007,1.1774,-0.6954
2.0009,1.1748,-0.6942
2.0058,1.1687,-0.7042
2.007,1.1768,-0.6989
2.0102,1.1789,-0.701
2.005,1.1748,-0.6979
2.0099,1.178,-0.6938
2.0053,1.1789,-0.6853
2.0058,1.1733,-0.698
2.0094,1.1766,-0.704
2.0041,1.1792,-0.6986
2.0076,1.1733,-0.695
2.0047,1.1806,-0.6932
2.0064,1.1733,-0.7023
2.007,1.1739,-0.6995
2.0047,1.1763,-0.6963
2.0026,1.1707,-0.6793
2.0047,1.1742,-0.702
2.0058,1.1789,-0.6985
2.0035,1.1654,-0.7008
2.0067,1.1801,-0.6983
2.0056,1.1801,-0.7002
2.0018,1.1739,-0.7001
2.0076,1.1777,-0.7023
2.0035,1.1748,-0.7033
2.0044,1.1812,-0.6986
2.0018,1.1789,-0.6972
2.0018,1.1742,-0.6903
2.0064,1.1783,-0.6939
2.0094,1.1742,-0.702
2.0053,1.1842,-0.6976
2.0105,1.176,-0.7108
2.0064,1.178,-0.6907
2.0047,1.1786,-0.6923
2.0053,1.1806,-0.7068
2.0056,1.1783,-0.7024
2.0038,1.1812,-0.703
2.0088,1.1815,-0.6958
2.007,1.1795,-0.6999
2.0064,1.1795,-0.6982
2.0134,1.1809,-0.6975
2.0146,1.1783,-0.6811
2.0117,1.1771,-0.7036
2.0117,1.1748,-0.6995
2.0091,1.1844,-0.6941
2.0096,1.178,-0.7013
2.0053,1.1783,-0.6963
2.0032,1.1833,-0.7008
2.0088,1.1766,-0.6897
2.0091,1.1748,-0.7027
2.0099,1.1836,-0.6906
2.0058,1.1774,-0.7001
2.0053,1.1786,-0.7015
2.0061,1.1806,-0.6856
2.0058,1.1786,-0.701
2.0018,1.1833,-0.6919
2.0029,1.1795,-0.6988
2.0102,1.1698,-0.689
2.0047,1.1763,-0.6944
2.0044,1.1771,-0.6973
2.0099,1.1739,-0.702
2.0047,1.1806,-0.6941
2.007,1.1719,-0.6939
2.0047,1.1801,-0.6975
2.0172,1.1821,-0.7065
2.0167,1.1786,-0.6899
2.0099,1.183,-0.704
2.0067,1.1768,-0.6956
2.014,1.1748,-0.7001
2.0079,1.1801,-0.7083
2.0029,1.1918,-0.709
2.0064,1.1742,-0.7005
2.0123,1.1821,-0.6985
2.0105,1.1812,-0.708
2.0114,1.1774,-0.7005
1.9956,1.1777,-0.6995
2.005,1.1786,-0.6885
2.002,1.1868,-0.7014
2.0079,1.1836,-0.6975
2.0053,1.1777,-0.701
2.0102,1.183,-0.7023
2.007,1.1809,-0.7108
2.0064,1.1801,-0.6925
2.0073,1.1792,-0.692
2.0053,1.1774,-0.6961
2.0003,1.1809,-0.6991
2.0018,1.1798,-0.6961
2.0102,1.1806,-0.7067
2.0009,1.1754,-0.7013
2.005,1.1751,-0.6979
2.0073,1.1774,-0.692
2.0114,1.1856,-0.6967
2.0126,1.1774,-0.6859
2.0026,1.1757,-0.7074
2.0082,1.1768,-0.6982
2.0108,1.1748,-0.6828
2.0058,1.1774,-0.6945
2.0032,1.1812,-0.698
2.0088,1.1804,-0.7034
2.0079,1.1801,-0.6931
2.0102,1.1748,-0.6923
2.0044,1.1771,-0.6922
2.0038,1.1704,-0.6953
2.012,1.1795,-0.7013
2.0111,1.1783,-0.692
2.007,1.1792,-0.6916
2.0056,1.1722,-0.6976
2.0026,1.1847,-0.6814
2.0123,1.1804,-0.7023
2.007,1.1754,-0.6954
2.0111,1.1748,-0.6875
2.0132,1.1783,-0.7017
2.0099,1.1789,-0.7014
2.0123,1.1771,-0.7078
2.0129,1.1812,-0.6939
2.0137,1.1836,-0.6948
2.0026,1.1786,-0.6941
2.0029,1.178,-0.6956
2.012,1.1806,-0.7032
2.0064,1.1786,-0.7004
2.0094,1.1792,-0.6941
2.0026,1.1742,-0.6975
2.0082,1.1783,-0.6966
2.0064,1.1812,-0.6969
2.0082,1.1733,-0.6923
2.0085,1.1815,-0.6937
2.0117,1.1792,-0.6975
2.0058,1.1783,-0.6985
2.0102,1.1824,-0.6953
2.0064,1.176,-0.7055
2.0114,1.1801,-0.701
2.0149,1.1827,-0.6941
2.0006,1.1915,-0.6975
2.0056,1.1795,-0.696
2.0114,1.1836,-0.701
2.0047,1.1786,-0.7024
2.0047,1.1716,-0.6998
2.0056,1.1742,-0.695
2.0082,1.1792,-0.7039
2.0108,1.1801,-0.696
2.0035,1.1801,-0.6999
2.0064,1.1844,-0.6935
1.9997,1.1818,-0.6918
2.007,1.1806,-0.6982
2.0058,1.1871,-0.6934
2.0044,1.1847,-0.6944
2.0085,1.1827,-0.6992
2.0061,1.176,-0.6972
2.0099,1.1786,-0.6967
2.0079,1.1801,-0.6996
2.0096,1.1815,-0.6999
2.0114,1.1748,-0.6953
2.0053,1.1827,-0.6983
2.007,1.1742,-0.7077
2.0164,1.1821,-0.7064
2.0,1.1774,-0.6945
2.0053,1.1804,-0.7026
2.0058,1.1748,-0.6999
2.007,1.1801,-0.6967
2.0123,1.1786,-0.6963
2.0129,1.1698,-0.7037
2.012,1.1792,-0.702
2.0105,1.1801,-0.7042
2.0105,1.1701,-0.6976
2.0076,1.1789,-0.7004
2.0029,1.1695,-0.7034
2.0094,1.1827,-0.6916
2.005,1.1766,-0.6966
2.0067,1.173,-0.707
2.005,1.1739,-0.7071
2.0009,1.1739,-0.7043
2.0126,1.1748,-0.7026
2.0123,1.1716,-0.6966
2.0082,1.1733,-0.6982
2.007,1.1725,-0.7043
2.0056,1.1815,-0.6992
2.0044,1.1757,-0.7026
2.0088,1.1783,-0.6948
2.0096,1.1733,-0.7064
2.0085,1.1792,-0.6992
2.0058,1.1748,-0.7013
2.0085,1.1809,-0.6862
2.0044,1.1786,-0.6944
2.0041,1.1751,-0.6899
2.007,1.1783,-0.7027
1.9971,1.1795,-0.6906
2.0056,1.1783,-0.7026
2.0015,1.1701,-0.7005
2.0067,1.1768,-0.7078
2.0143,1.173,-0.7062
2.0105,1.178,-0.7018
2.0038,1.1751,-0.7091
2.007,1.1771,-0.7084
2.0064,1.178,-0.6999
2.0023,1.1754,-0.7033
2.0032,1.1707,-0.7052
1.9991,1.1774,-0.7083
2.0076,1.1719,-0.7093
2.0038,1.1754,-0.7037
2.0035,1.1725,-0.6953
2.0056,1.1719,-0.6894
2.0099,1.1783,-0.7059
2.0047,1.169,-0.6985
2.0143,1.1745,-0.6975
2.0061,1.1789,-0.6998
2.0067,1.1757,-0.6919
2.0026,1.1763,-0.6956
2.0088,1.1754,-0.6976
2.0056,1.176,-0.6972
2.0,1.1675,-0.6961
1.9994,1.1643,-0.6977
2.0108,1.1719,-0.6918
1.9965,1.1719,-0.6941
2.002,1.1763,-0.7023
2.0018,1.176,-0.6941
2.0012,1.1739,-0.7046
2.0082,1.1748,-0.7023
2.0053,1.1771,-0.702
2.0012,1.1675,-0.6935
2.0009,1.1742,-0.6982
2.002,1.1739,-0.707
2.0053,1.1789,-0.6995
2.0079,1.1783,-0.7143
2.014,1.1795,-0.7043
2.0082,1.173,-0.6999
2.0058,1.1763,-0.707
2.0041,1.1707,-0.7021
2.0047,1.1783,-0.6923
2.0061,1.1722,-0.7071
2.0088,1.1728,-0.7021
2.0076,1.176,-0.7099
2.0044,1.1792,-0.692
2.0094,1.1806,-0.714
2.0102,1.1768,-0.6989
2.0129,1.1786,-0.7024
2.0137,1.1713,-0.6992
2.0102,1.1704,-0.7011
2.0015,1.1742,-0.7089
2.0102,1.1818,-0.7065
2.0099,1.1798,-0.6975
2.0094,1.1777,-0.6958
2.0018,1.1766,-0.703
2.0088,1.1768,-0.6977
2.0044,1.1745,-0.6979
2.0038,1.1792,-0.6973
2.014,1.1754,-0.7046
2.0047,1.1748,-0.7091
2.0064,1.1766,-0.7005
2.0082,1.1771,-0.7014
2.007,1.1827,-0.7071
2.0085,1.1798,-0.7056
2.0073,1.1768,-0.7011
2.0058,1.1771,-0.697
2.0108,1.1739,-0.7153
2.0076,1.1824,-0.71
2.0079,1.1806,-0.7048
2.0041,1.1754,-0.6975
2.0044,1.1815,-0.697
2.0061,1.1809,-0.7078
2.0082,1.1804,-0.7007
2.0079,1.1795,-0.6996
2.0044,1.176,-0.7148
2.0102,1.1856,-0.7034
2.0053,1.1783,-0.6994
2.007,1.1768,-0.7017
2.0088,1.1795,-0.7072
2.0056,1.1748,-0.709
2.005,1.1792,-0.7065
2.007,1.1859,-0.6979
2.0114,1.1768,-0.7061
2.0088,1.178,-0.7021
2.0018,1.1742,-0.7029
2.0102,1.1728,-0.709
2.0012,1.1818,-0.7075
2.0111,1.1763,-0.7015
2.0056,1.1745,-0.7034
2.0064,1.176,-0.7122
2.0047,1.1795,-0.7105
2.014,1.1795,-0.7077
2.0099,1.1827,-0.6942
2.0061,1.1768,-0.7128
2.0076,1.1774,-0.6745
2.0117,1.1739,-0.702
2.0099,1.1856,-0.6979
2.0143,1.1804,-0.7015
2.0143,1.1766,-0.7096
2.0123,1.178,-0.7034
2.0152,1.1748,-0.7002
2.0096,1.1716,-0.6871
2.0082,1.1801,-0.7045
2.0064,1.1707,-0.6935
2.0094,1.1789,-0.7058
2.0146,1.1751,-0.7014
2.0064,1.1736,-0.7064
2.0073,1.1722,-0.7056
2.0114,1.1768,-0.7056
2.0041,1.1713,-0.7014
1.9982,1.171,-0.6976
2.0047,1.1795,-0.7052
2.0047,1.1783,-0.7023
2.0073,1.1751,-0.7037
1.9997,1.1751,-0.6947
2.0073,1.1806,-0.7004
2.007,1.1806,-0.7131
2.0099,1.1725,-0.7014
2.005,1.1771,-0.7049
2.0094,1.1806,-0.6985
2.0105,1.1798,-0.7039
2.0102,1.176,-0.7102
2.0085,1.1853,-0.7061
2.0117,1.1806,-0.7077
2.0041,1.1783,-0.701
2.0041,1.1818,-0.6919
2.0058,1.1842,-0.7005
2.0018,1.1777,-0.6944
2.0032,1.1742,-0.7001
2.0082,1.1728,-0.6932
2.0085,1.1763,-0.7021
2.002,1.1777,-0.7071
2.0035,1.173,-0.702
2.0076,1.1777,-0.7146
2.0082,1.1745,-0.7146
2.002,1.178,-0.6982
2.0073,1.1789,-0.7062
2.0088,1.1777,-0.6999
2.0082,1.1751,-0.7027
2.0126,1.1771,-0.6945
2.0064,1.1792,-0.6995
2.0085,1.1795,-0.7046
2.0064,1.1789,-0.6956
2.0082,1.1815,-0.7087
2.0126,1.1812,-0.7017
2.0076,1.183,-0.7027
2.0117,1.1871,-0.7023
2.0102,1.1842,-0.7087
2.0082,1.1783,-0.707
2.0117,1.1839,-0.7151
2.005,1.1766,-0.7017
2.0026,1.1757,-0.7049
1.995,1.178,-0.6989
2.0044,1.1795,-0.7108
2.0094,1.1771,-0.7049
2.0044,1.1804,-0.7024
2.0047,1.1812,-0.7023
2.0111,1.183,-0.7013
2.0029,1.1815,-0.7034
2.0117,1.1836,-0.7105
2.012,1.1836,-0.7089
2.0047,1.1809,-0.7029
2.0032,1.1798,-0.7033
2.0126,1.1818,-0.7008
2.0091,1.1792,-0.703
2.0091,1.1806,-0.7132
2.0134,1.1815,-0.7048
2.0094,1.1739,-0.7027
2.0026,1.173,-0.7113
2.0105,1.1754,-0.7037
2.0094,1.1809,-0.7074
2.0082,1.1798,-0.7027
2.0076,1.1792,-0.7014
2.0111,1.1766,-0.7018
2.0023,1.1774,-0.7062
2.0129,1.1748,-0.7029
2.0047,1.183,-0.698
2.0056,1.176,-0.6989
2.0137,1.1771,-0.7037
2.0137,1.1757,-0.702
2.0073,1.1763,-0.7049
2.012,1.1786,-0.7032
2.005,1.1812,-0.6983
2.0105,1.1783,-0.6957
2.0082,1.1768,-0.6956
2.012,1.1763,-0.7013
2.0111,1.185,-0.701
2.0088,1.1695,-0.7052
2.0082,1.178,-0.6966
2.0023,1.1868,-0.7018
2.0082,1.1821,-0.704
2.0132,1.1798,-0.6966
2.0099,1.178,-0.6929
2.0015,1.1766,-0.7075
2.0058,1.1853,-0.7065
2.0056,1.1792,-0.7051
2.0117,1.1801,-0.6923
2.012,1.178,-0.6964
2.0073,1.1815,-0.7061
2.0108,1.1754,-0.7004
2.007,1.1804,-0.7042
2.0023,1.1766,-0.7005
2.0056,1.1766,-0.7013
2.0064,1.1777,-0.7001
2.0099,1.1748,-0.7058
2.0114,1.1786,-0.7005
2.0035,1.1716,-0.6923
2.002,1.1783,-0.7046
2.0061,1.1809,-0.7018
2.0105,1.1733,-0.7081
2.0094,1.178,-0.6973
2.0129,1.1804,-0.7034
2.0111,1.1862,-0.6929
2.0064,1.1847,-0.7023
2.0117,1.1827,-0.7007
2.0091,1.1768,-0.7013
2.0088,1.1766,-0.707
2.0099,1.1798,-0.6964
2.0102,1.1821,-0.6963
2.0099,1.1766,-0.6938
2.0117,1.1798,-0.6982
2.0111,1.1754,-0.7015
2.0047,1.1818,-0.7124
2.0099,1.1763,-0.6983
2.0146,1.1827,-0.6963
2.0047,1.1739,-0.7017
2.0058,1.1754,-0.6961
2.0096,1.173,-0.704
2.012,1.176,-0.7002
2.0064,1.1763,-0.6995
2.0012,1.173,-0.6947
2.007,1.1748,-0.6991
2.0146,1.1733,-0.6953
2.005,1.1804,-0.6934
2.0067,1.1736,-0.7033
2.0091,1.1745,-0.7049
2.0061,1.1804,-0.695
2.0067,1.176,-0.7072
2.007,1.1751,-0.7081
2.0053,1.1663,-0.6942
2.0082,1.1728,-0.6961
2.0108,1.1751,-0.698
2.0088,1.1771,-0.6994
2.0064,1.1789,-0.7074
2.005,1.1766,-0.6985
2.0061,1.1719,-0.7001
2.0041,1.1763,-0.6915
2.0114,1.1733,-0.6903
2.0085,1.1713,-0.702
2.0061,1.1871,-0.7029
2.0111,1.1736,-0.6989
2.0044,1.1657,-0.6989
2.0038,1.1698,-0.6961
2.007,1.1722,-0.6931
2.0096,1.1733,-0.6967
2.0023,1.1792,-0.7002
2.0053,1.1844,-0.7013
2.0117,1.1739,-0.7026
2.0006,1.1742,-0.7113
2.0123,1.1774,-0.7061
2.0088,1.173,-0.6961
2.0029,1.1766,-0.6957
2.0032,1.1751,-0.7004
2.0102,1.1804,-0.6995
2.0096,1.1783,-0.709
2.0064,1.1777,-0.7023
2.0099,1.1728,-0.7017
2.0026,1.1754,-0.6991
2.0032,1.1786,-0.7029
2.0108,1.1719,-0.7113
2.0026,1.176,-0.7067
2.0067,1.1719,-0.6963
2.0094,1.1745,-0.7007
2.0079,1.1792,-0.7032
2.0053,1.1751,-0.6945
2.0143,1.1821,-0.6948
2.0067,1.1745,-0.6932
2.0058,1.1777,-0.7017
2.0056,1.1795,-0.708
2.0126,1.1842,-0.6916
2.002,1.1789,-0.7083
2.0096,1.1815,-0.7011
2.0152,1.1783,-0.7086
2.0129,1.1754,-0.7061
2.0099,1.178,-0.6985
2.0047,1.178,-0.6975
2.0129,1.1763,-0.6951
2.0064,1.1786,-0.6942
2.0085,1.1748,-0.7046
2.0047,1.1742,-0.6973
2.0099,1.1806,-0.7026
2.0047,1.1771,-0.7023
2.0053,1.1768,-0.6937
2.0056,1.1795,-0.708
2.0105,1.1757,-0.6979
2.0099,1.1824,-0.6985
2.0085,1.1789,-0.7017
2.007,1.1742,-0.7051
2.0105,1.1722,-0.7147
2.0099,1.1815,-0.701
2.0094,1.1786,-0.7055
2.0064,1.1868,-0.7007
2.0076,1.178,-0.7141
2.007,1.1757,-0.6915
2.0026,1.1692,-0.7106
2.0079,1.1818,-0.715
2.0134,1.1789,-0.7029
2.0035,1.1722,-0.7011
2.0091,1.1786,-0.6922
2.0064,1.1868,-0.6957
2.0047,1.1847,-0.6995
2.0076,1.1821,-0.6983
2.0023,1.1804,-0.7067
2.0102,1.1789,-0.7026
2.007,1.1806,-0.7027
2.0155,1.1695,-0.7078
2.012,1.1742,-0.6983
2.0012,1.1766,-0.6998
2.0041,1.1786,-0.6913
2.0053,1.1798,-0.6934
2.0047,1.1751,-0.7004
2.0023,1.1725,-0.6934
2.0029,1.1795,-0.6929
2.005,1.1839,-0.697
2.0079,1.176,-0.6945
2.0079,1.178,-0.701
2.007,1.1786,-0.6975
2.005,1.1768,-0.7127
2.0099,1.178,-0.7032
2.0111,1.1789,-0.6988
2.0018,1.1824,-0.7015
2.0117,1.1821,-0.7072
2.0064,1.1742,-0.6945
2.0146,1.1774,-0.6966
2.0155,1.1836,-0.7071
2.0126,1.1751,-0.7036
2.0137,1.1742,-0.7045
2.0096,1.1777,-0.6948
2.014,1.1842,-0.6976
2.0088,1.185,-0.6989
2.0146,1.173,-0.691
2.0123,1.1742,-0.7083
2.0047,1.1707,-0.6932
2.0096,1.1806,-0.6954
2.0053,1.1748,-0.692
2.0073,1.1768,-0.7015
2.0029,1.1722,-0.703
2.012,1.1783,-0.6926
2.0088,1.1777,-0.7018
2.0023,1.1774,-0.702
2.0044,1.1801,-0.6972
2.0082,1.1695,-0.7034
2.0146,1.1748,-0.7008
2.0079,1.1766,-0.7103
2.0085,1.1766,-0.7002
2.0105,1.1739,-0.6995
2.0023,1.1736,-0.7078
1.9985,1.1763,-0.7071
2.0058,1.1757,-0.7036
2.0041,1.1801,-0.704
2.0061,1.1742,-0.6985
2.0058,1.1739,-0.6977
2.0082,1.1763,-0.7029
2.0038,1.1704,-0.6989
2.0114,1.176,-0.7048
2.0094,1.178,-0.6985
2.0079,1.1771,-0.6977
2.007,1.1736,-0.6928
2.0073,1.171,-0.7075
2.007,1.171,-0.697
2.0073,1.1719,-0.7099
2.0053,1.1768,-0.7023
2.007,1.1748,-0.7056
2.0085,1.1719,-0.701
2.0085,1.1716,-0.7043
2.0079,1.1774,-0.7029
2.0064,1.178,-0.6963
2.0032,1.1713,-0.708
2.0102,1.1754,-0.7032
2.005,1.1748,-0.7119
2.0111,1.1836,-0.7014
2.0091,1.1681,-0.7078
2.0102,1.173,-0.7008
2.0129,1.1751,-0.7072
2.0088,1.1804,-0.6926
2.0035,1.1821,-0.701
2.0091,1.1812,-0.71
2.0105,1.1789,-0.71
2.0053,1.1859,-0.711
2.0117,1.1824,-0.709
2.0076,1.1874,-0.6989
2.0155,1.1809,-0.7166
2.0029,1.1821,-0.7128
2.0085,1.1789,-0.7099
2.0079,1.1798,-0.7071
2.0143,1.1874,-0.6998
2.0056,1.183,-0.7077
2.0167,1.1763,-0.6964
2.0117,1.1806,-0.7051
2.0029,1.1751,-0.6757
2.0123,1.1786,-0.7189
2.0137,1.1768,-0.7173
2.0041,1.176,-0.709
2.0172,1.1736,-0.7147
2.0047,1.1774,-0.7024
2.0067,1.1763,-0.7179
2.0129,1.1771,-0.707
2.0149,1.183,-0.7017
2.0079,1.1786,-0.7058
2.0064,1.1736,-0.714
2.0155,1.1763,-0.6941
2.0102,1.1766,-0.7027
2.0047,1.1768,-0.7053
2.0073,1.1786,-0.7027
2.0076,1.1821,-0.7053
2.0053,1.1777,-0.6963
2.0061,1.1771,-0.7068
2.0047,1.1789,-0.7184
2.0129,1.183,-0.7064
2.0073,1.1795,-0.7077
2.007,1.1777,-0.7049
2.0091,1.1792,-0.7051
2.007,1.1806,-0.6947
2.0091,1.1868,-0.7018
2.0029,1.1842,-0.7075
2.0058,1.1739,-0.7106
2.0094,1.1742,-0.6977
2.0041,1.1763,-0.6983
2.0056,1.1751,-0.7056
2.0105,1.1798,-0.689
2.0126,1.1821,-0.7106
2.0102,1.1792,-0.7027
2.0053,1.1736,-0.7075
2.012,1.1844,-0.7032
2.0085,1.1833,-0.7002
2.0088,1.1757,-0.7077
2.012,1.1675,-0.7018
2.0091,1.1789,-0.7017
2.0064,1.1774,-0.7053
2.0044,1.1719,-0.7002
2.014,1.1742,-0.7005
2.0076,1.1801,-0.7021
2.0076,1.178,-0.7113
2.0041,1.1801,-0.7001
2.0096,1.1798,-0.7056
2.014,1.1763,-0.6992
2.0079,1.1786,-0.7067
2.0094,1.1763,-0.715
2.0082,1.1748,-0.7032
2.0056,1.1742,-0.708
2.0041,1.1792,-0.7011
2.0108,1.1757,-0.6951
2.0096,1.1739,-0.7089
2.0129,1.178,-0.6944
2.0114,1.1783,-0.6998
2.0117,1.1801,-0.6954
2.0088,1.1804,-0.6994
2.0149,1.1748,-0.7049
2.0129,1.1783,-0.6998
2.0108,1.1777,-0.6982
2.0026,1.1719,-0.7036
2.0129,1.1745,-0.6827
2.0064,1.1757,-0.6983
2.0096,1.1754,-0.7053
2.0076,1.1684,-0.6985
2.0155,1.1754,-0.7046
2.0073,1.1751,-0.7037
2.0117,1.1801,-0.6901
2.0126,1.1716,-0.6967
2.0032,1.1722,-0.701
2.0061,1.1774,-0.7021
2.0076,1.1771,-0.7029
2.0161,1.1859,-0.709
2.0111,1.1777,-0.7074
2.012,1.1736,-0.7135
2.0096,1.173,-0.7103
2.0152,1.1751,-0.7055
2.0126,1.1763,-0.6989
2.005,1.1748,-0.7077
2.0056,1.183,-0.701
2.0044,1.1809,-0.7008
2.0137,1.1768,-0.7018
2.0158,1.1792,-0.7008
2.0079,1.173,-0.6996
2.0102,1.1725,-0.6956
2.0091,1.188,-0.6986
2.0105,1.1733,-0.7011
2.0094,1.1649,-0.7002
2.0076,1.1821,-0.6875
2.0094,1.1804,-0.7074
2.0129,1.1786,-0.6998
2.0102,1.1839,-0.6941
2.0082,1.1766,-0.7039
2.0082,1.1716,-0.7052
2.0067,1.1757,-0.7043
2.0088,1.1795,-0.7071
2.0134,1.1833,-0.7053
2.0152,1.1733,-0.6991
2.0091,1.1768,-0.701
2.0058,1.173,-0.7046
2.0079,1.1751,-0.7036
2.007,1.1836,-0.6983
2.0064,1.1824,-0.7056
2.0056,1.1748,-0.7075
2.0029,1.1798,-0.7052
2.0079,1.1801,-0.7059
2.0029,1.1804,-0.7087
2.0114,1.1777,-0.7109
2.007,1.1804,-0.7087
2.0129,1.1804,-0.7103
2.0067,1.1856,-0.696
2.0099,1.1751,-0.7093
2.0082,1.1771,-0.7048
2.012,1.1742,-0.7147
2.0099,1.178,-0.7037
2.0076,1.176,-0.7105
2.0085,1.1789,-0.7023
2.0091,1.1757,-0.6983
2.0058,1.1798,-0.6977
2.0099,1.1754,-0.7062
2.012,1.1704,-0.7077
2.0129,1.1806,-0.6963
2.0044,1.1739,-0.6964
2.0044,1.1771,-0.7023
2.0126,1.1792,-0.7004
2.0099,1.176,-0.703
2.0061,1.1745,-0.6995
2.0064,1.1698,-0.7037
2.0035,1.1786,-0.7053
2.0114,1.1806,-0.7005
2.0009,1.1789,-0.7026
2.0032,1.1777,-0.7115
2.0061,1.1748,-0.6834
2.0003,1.1722,-0.692
1.9991,1.1774,-0.6989
1.9994,1.1719,-0.7023
2.0018,1.1801,-0.7087
2.0058,1.1795,-0.7099
2.0018,1.1754,-0.7052
2.0073,1.1806,-0.6935
2.0029,1.1792,-0.6948
2.0088,1.1763,-0.7013
2.0018,1.1748,-0.6988
2.0003,1.1719,-0.7027
2.002,1.1815,-0.7015
2.0067,1.1833,-0.6948
2.0079,1.1768,-0.6988
2.0132,1.1824,-0.7033
2.0082,1.1751,-0.6977
2.0038,1.1763,-0.7037
2.0102,1.1783,-0.6989
2.0175,1.1821,-0.7053
2.0152,1.1812,-0.6935
2.0143,1.1818,-0.7056
2.0146,1.1801,-0.7045
2.0096,1.1774,-0.7026
2.0038,1.1754,-0.7004
2.0032,1.1707,-0.7004
2.0058,1.1684,-0.7103
2.0091,1.1751,-0.7077
2.0105,1.1768,-0.7029
2.005,1.1786,-0.7084
1.9991,1.1783,-0.6977
2.0085,1.1751,-0.6934
2.0094,1.176,-0.7029
2.0096,1.1736,-0.7077
2.0082,1.1783,-0.697
2.0117,1.1692,-0.6976
2.0111,1.1786,-0.7096
2.0114,1.1751,-0.7037
2.0032,1.1763,-0.6969
2.0079,1.1733,-0.6858
2.0038,1.1748,-0.6909
2.0041,1.1736,-0.69
2.0082,1.1806,-0.7043
2.0082,1.1733,-0.6925
2.0053,1.1739,-0.698
2.0111,1.1801,-0.7083
2.0058,1.176,-0.7026
2.0088,1.1809,-0.6957
2.0053,1.1692,-0.6988
2.0023,1.1742,-0.7051
2.0123,1.1739,-0.7013
2.0082,1.1766,-0.702
2.0035,1.1736,-0.7015
2.0123,1.1739,-0.717
2.0085,1.1786,-0.692
2.0105,1.1783,-0.7032
2.0123,1.1728,-0.6996
2.0129,1.1815,-0.6972
2.0006,1.1795,-0.6957
2.005,1.1798,-0.7034
2.0023,1.1792,-0.6939
2.0102,1.1777,-0.7042
2.0079,1.1824,-0.7021
2.0088,1.1806,-0.7042
2.0061,1.183,-0.7004
2.0094,1.1868,-0.7061
2.0088,1.1754,-0.7096
2.002,1.1733,-0.6989
2.0047,1.1798,-0.6969
2.0091,1.1789,-0.6919
2.0009,1.1847,-0.702
2.0091,1.178,-0.6972
2.0079,1.1725,-0.7005
2.017,1.1672,-0.7029
2.0091,1.164,-0.6938
2.0263,1.1649,-0.7026
2.0251,1.1517,-0.6982
2.0357,1.152,-0.7048
2.0447,1.1505,-0.6922
2.0398,1.1429,-0.7042
2.0424,1.1538,-0.6976
2.0433,1.1429,-0.7062
2.0465,1.1444,-0.6973
2.0441,1.1497,-0.6957
2.0436,1.1532,-0.6972
2.0421,1.1479,-0.6913
2.0403,1.1502,-0.7004
2.0482,1.1473,-0.6977
2.045,1.1435,-0.7072
2.0415,1.1447,-0.7055
2.043,1.1459,-0.6999
2.0447,1.1432,-0.6973
2.0488,1.1418,-0.6953
2.0468,1.145,-0.6958
2.0468,1.1456,-0.7043
2.0476,1.1406,-0.6986
2.0506,1.1432,-0.6967
2.0468,1.1482,-0.6877
2.0497,1.1429,-0.7061
2.0474,1.1459,-0.6983
2.0456,1.1482,-0.6975
2.045,1.1479,-0.7007
2.0471,1.145,-0.7018
2.0532,1.15,-0.7093
2.0479,1.1505,-0.6906
2.0488,1.1426,-0.6999
2.0436,1.1432,-0.6925
2.0512,1.1424,-0.6996
2.0427,1.1406,-0.7045
2.05,1.1497,-0.6977
2.0491,1.1447,-0.6964
2.0509,1.1397,-0.7067
2.0488,1.1415,-0.6947
2.0436,1.1432,-0.6998
2.0424,1.1412,-0.6918
2.0506,1.1464,-0.7043
2.0555,1.1441,-0.6972
2.0453,1.1473,-0.6972
2.0535,1.1441,-0.704
2.0453,1.1479,-0.7024
2.0491,1.1462,-0.7055
2.0494,1.1424,-0.6972
2.0482,1.1464,-0.6986
2.0541,1.1453,-0.707
2.0532,1.1464,-0.7029
2.0523,1.1488,-0.6934
2.052,1.14,-0.703
2.0474,1.1476,-0.7048
2.0474,1.1424,-0.704
2.05,1.1403,-0.6931
2.0474,1.1409,-0.6953
2.0468,1.1447,-0.7116
2.0509,1.1438,-0.7094
2.0447,1.1456,-0.7071
2.0456,1.1529,-0.7074
2.0509,1.1435,-0.6947
2.0494,1.1444,-0.7029
2.0459,1.1444,-0.7046
2.0491,1.1453,-0.6979
2.0503,1.1479,-0.7039
2.0482,1.1353,-0.7045
2.0552,1.135,-0.7045
2.0529,1.1429,-0.7106
2.0491,1.1447,-0.7068
2.0485,1.147,-0.704
2.0468,1.1435,-0.7091
2.0497,1.1459,-0.6963
2.0485,1.1377,-0.6957
2.0485,1.1386,-0.7027
2.0491,1.1429,-0.7008
2.0494,1.1415,-0.6906
2.0444,1.1412,-0.6964
2.0538,1.1476,-0.7037
2.0459,1.15,-0.6964
2.0532,1.1494,-0.6947
2.0474,1.1424,-0.6967
2.0491,1.1421,-0.7013
2.0547,1.1479,-0.7042
2.0544,1.14,-0.6935
2.0491,1.1444,-0.6951
2.0558,1.1421,-0.7043
2.0526,1.1459,-0.6931
2.0564,1.1426,-0.6925
2.0567,1.1459,-0.7043
2.0491,1.147,-0.6991
2.0538,1.1418,-0.6985
2.0529,1.1441,-0.7083
2.0438,1.1453,-0.7008
2.0552,1.1429,-0.704
2.0555,1.1453,-0.7061
2.0579,1.1421,-0.7112
2.0529,1.1429,-0.7096
2.052,1.1397,-0.7043
2.0529,1.1485,-0.7058
2.0517,1.145,-0.7036
2.0561,1.1453,-0.7113
2.0541,1.1394,-0.71
2.0485,1.1394,-0.7032
2.0503,1.1418,-0.7018
2.0485,1.1462,-0.7059
2.0497,1.1447,-0.7026
2.0462,1.1377,-0.7056
2.0503,1.1426,-0.7089
2.0526,1.1429,-0.6972
2.0552,1.1432,-0.7125
2.0497,1.1453,-0.7067
2.0479,1.15,-0.7105
2.0596,1.1435,-0.7071
2.0523,1.1426,-0.7068
2.0509,1.1453,-0.7034
2.0529,1.1479,-0.7129
2.055,1.1386,-0.6954
2.0514,1.1383,-0.7024
2.0599,1.1394,-0.6935
2.0558,1.1394,-0.6994
2.0564,1.1412,-0.7096
2.052,1.14,-0.6988
2.0544,1.1426,-0.7132
2.0538,1.1444,-0.7026
2.0547,1.1394,-0.697
2.0503,1.1388,-0.7084
2.0529,1.1456,-0.6928
2.0535,1.1464,-0.7106
2.0541,1.1426,-0.7018
2.0535,1.145,-0.7021
2.0468,1.1386,-0.7051
2.0491,1.1371,-0.7045
2.0485,1.1462,-0.7087
2.0541,1.1365,-0.702
2.0459,1.1462,-0.7065
2.0541,1.1397,-0.7053
2.0573,1.1456,-0.7116
2.0602,1.1441,-0.7013
2.0532,1.1403,-0.7015
2.0564,1.1394,-0.7015
2.057,1.1426,-0.7027
2.0488,1.1394,-0.7027
2.0558,1.147,-0.7105
2.0529,1.1459,-0.7071
2.0497,1.1415,-0.7015
2.0491,1.1383,-0.7081
2.0552,1.1388,-0.7061
2.052,1.1438,-0.7129
2.0512,1.1453,-0.7102
2.0494,1.1426,-0.7156
2.0517,1.1377,-0.7163
2.0433,1.1412,-0.7118
2.0517,1.1429,-0.7099
2.0488,1.1391,-0.7129
2.0573,1.1406,-0.7014
2.0503,1.1409,-0.6994
2.0558,1.1482,-0.6972
2.0582,1.1388,-0.7051
2.0494,1.1383,-0.708
2.0564,1.1377,-0.7007
2.052,1.1397,-0.697
2.0517,1.1374,-0.702
2.0476,1.1406,-0.7128
2.0482,1.1394,-0.7084
2.0512,1.1424,-0.7065
2.0555,1.1409,-0.7156
2.0529,1.1426,-0.7144
2.0532,1.1397,-0.7083
2.0506,1.14,-0.7029
2.0453,1.138,-0.7051
2.0538,1.1415,-0.7103
2.0526,1.14,-0.6954
2.0471,1.1476,-0.6954
2.0476,1.1482,-0.709
2.0573,1.1412,-0.7096
2.0605,1.1391,-0.7103
2.0526,1.1342,-0.7102
2.0535,1.1432,-0.6994
2.0491,1.1368,-0.6982
2.0541,1.14,-0.7108
2.0529,1.1374,-0.7078
2.0558,1.1386,-0.7056
2.0474,1.1388,-0.7043
2.0547,1.1424,-0.7077
2.0529,1.1406,-0.695
2.0444,1.1432,-0.7033
2.0444,1.1415,-0.6989
2.0433,1.1426,-0.7029
2.0357,1.1438,-0.7096
2.0471,1.1529,-0.7045
2.0377,1.1467,-0.7064
2.0389,1.1415,-0.6964
2.0398,1.1529,-0.7089
2.0336,1.1441,-0.7024
2.0333,1.1485,-0.6988
2.033,1.1464,-0.6951
2.0339,1.1502,-0.7023
2.0339,1.1488,-0.7093
2.033,1.1476,-0.7087
2.0374,1.1494,-0.7043
2.0345,1.1549,-0.7029
2.0304,1.1476,-0.7131
2.0339,1.1441,-0.7083
2.0278,1.1538,-0.7132
2.0307,1.1514,-0.7039
2.0313,1.1418,-0.715
2.0319,1.1508,-0.7091
2.026,1.1444,-0.7027
2.0383,1.1523,-0.7105
2.0377,1.1517,-0.6982
2.0319,1.1476,-0.7053
2.0377,1.1555,-0.703
2.0362,1.1473,-0.6988
2.0339,1.1529,-0.7026
2.0316,1.1482,-0.7119
2.0295,1.1473,-0.704
2.0345,1.1497,-0.7034
2.0281,1.1485,-0.7083
2.0351,1.1558,-0.717
2.0292,1.1535,-0.7018
2.0295,1.1517,-0.7071
2.031,1.1508,-0.7046
2.0289,1.154,-0.7049
2.0278,1.1611,-0.7032
2.0292,1.1523,-0.7015
2.0269,1.1488,-0.7153
2.0266,1.1564,-0.7013
2.0316,1.1456,-0.6957
2.0269,1.1497,-0.6929
2.0295,1.1505,-0.711
2.0304,1.1543,-0.7112
2.0275,1.1581,-0.7074
2.0333,1.1497,-0.7039
2.0301,1.1535,-0.7058
2.0286,1.1505,-0.7059
2.0263,1.1505,-0.7106
2.0333,1.1502,-0.7052
2.031,1.1567,-0.7029
2.0286,1.1494,-0.7078
2.0316,1.1438,-0.7018
2.0386,1.1426,-0.7151
2.0301,1.1459,-0.7075
2.0342,1.1505,-0.7127
2.0275,1.1432,-0.698
2.0342,1.1494,-0.7119
2.0313,1.1494,-0.7023
2.0365,1.1514,-0.7062
2.031,1.1514,-0.7091
2.0298,1.1429,-0.7029
2.0333,1.1491,-0.7008
2.0333,1.1546,-0.7039
2.0345,1.1517,-0.7151
2.0374,1.1467,-0.7061
2.0333,1.1529,-0.704
2.0339,1.1447,-0.711
2.0275,1.1456,-0.7105
2.0304,1.1482,-0.6885
2.0339,1.1429,-0.7018
2.0362,1.1502,-0.6998
2.0333,1.1435,-0.7078
2.0275,1.1485,-0.7029
2.0307,1.1517,-0.6989
2.0246,1.1517,-0.704
2.0316,1.1491,-0.7103
2.0357,1.154,-0.7046
2.0322,1.1459,-0.7068
2.0333,1.1581,-0.702
2.0322,1.152,-0.7074
2.0427,1.1511,-0.6935
2.043,1.1558,-0.6988
2.0289,1.1538,-0.701
2.038,1.1538,-0.6938
2.0292,1.1529,-0.6988
2.0415,1.1584,-0.7042
2.0348,1.1564,-0.6942
2.0348,1.152,-0.7021
2.0398,1.1459,-0.7065
2.0357,1.157,-0.6977
2.036,1.1497,-0.6976
2.0418,1.1494,-0.7099
2.0415,1.1467,-0.6983
2.0351,1.1482,-0.7113
2.0377,1.1514,-0.6988
2.0368,1.1485,-0.6985
2.0342,1.1485,-0.7013
2.0339,1.154,-0.707
2.0286,1.1418,-0.7093
2.0348,1.1426,-0.7061
2.0316,1.1429,-0.7007
2.031,1.1456,-0.701
2.036,1.1462,-0.7071
2.0345,1.1426,-0.701
2.0345,1.1403,-0.698
2.0324,1.1421,-0.6956
2.0316,1.1397,-0.6999
2.0292,1.145,-0.6926
2.0316,1.1456,-0.6986
2.0295,1.15,-0.6976
2.0301,1.1409,-0.7051
2.0298,1.1473,-0.7027
2.0319,1.1488,-0.7056
2.0421,1.1497,-0.6986
2.0319,1.1511,-0.6912
2.0304,1.1453,-0.6973
2.0342,1.1514,-0.7146
2.0289,1.1476,-0.7001
2.0298,1.1459,-0.7068
2.033,1.1485,-0.7115
2.0354,1.1517,-0.7067
2.0304,1.1464,-0.698
2.0319,1.1502,-0.7018
2.0304,1.145,-0.7116
2.0327,1.1491,-0.7093
2.0351,1.1529,-0.7042
2.0319,1.1523,-0.7116
2.0324,1.154,-0.6963
2.0342,1.1535,-0.6941
2.0319,1.1526,-0.7378
2.033,1.1476,-0.702
2.0368,1.1543,-0.6982
2.0398,1.1529,-0.6999
2.0398,1.1535,-0.7046
2.0272,1.1494,-0.7051
2.0319,1.1552,-0.7121
2.0292,1.1532,-0.7017
2.0324,1.1459,-0.7084
2.0286,1.1479,-0.7134
2.0351,1.15,-0.711
2.045,1.1412,-0.7055
2.0348,1.1488,-0.7087
2.0298,1.152,-0.701
2.0339,1.1511,-0.7021
2.0295,1.1464,-0.7029
2.0278,1.1444,-0.7059
2.0307,1.145,-0.7074
2.0313,1.1482,-0.7037
2.0304,1.1523,-0.6954
2.0327,1.1485,-0.7075
2.0316,1.1456,-0.7048
2.036,1.1508,-0.7074
2.0348,1.1447,-0.7074
2.0316,1.1462,-0.7099
2.0284,1.1532,-0.7084
2.0313,1.1476,-0.7058
2.0263,1.1476,-0.7093
2.0392,1.1482,-0.7191
2.0272,1.1529,-0.7163
2.0351,1.1459,-0.7042
2.0298,1.1497,-0.7033
2.0333,1.1532,-0.7037
2.0368,1.1488,-0.6954
2.0324,1.1459,-0.7064
2.0336,1.1505,-0.7048
2.0281,1.1488,-0.7067
2.031,1.1424,-0.7061
2.0345,1.1523,-0.7071
2.0368,1.157,-0.7127
2.0351,1.1497,-0.7064
2.0327,1.1412,-0.7053
2.0284,1.1485,-0.716
2.0263,1.1429,-0.7147
2.0362,1.1476,-0.7033
2.0275,1.1508,-0.7026
2.0339,1.1432,-0.7064
2.026,1.1462,-0.7065
2.0272,1.1505,-0.7121
2.0345,1.1497,-0.7077
2.0286,1.1549,-0.7103
2.0307,1.1502,-0.709
2.0284,1.1476,-0.7024
2.0275,1.1494,-0.7052
2.0313,1.1552,-0.711
2.026,1.1494,-0.7081
2.026,1.1497,-0.703
2.0327,1.1494,-0.7001
2.0269,1.1497,-0.7059
2.0275,1.1368,-0.7026
2.0272,1.1511,-0.6988
2.0292,1.15,-0.7027
2.0336,1.1426,-0.7059
2.0336,1.1444,-0.7037
2.0286,1.1473,-0.6967
2.0266,1.1464,-0.6996
2.0225,1.1429,-0.7059
2.031,1.1432,-0.7106
2.0304,1.1464,-0.701
2.0289,1.1497,-0.7036
2.0348,1.145,-0.7011
2.021,1.1505,-0.6912
2.0298,1.1421,-0.6986
2.0275,1.154,-0.6979
2.0286,1.1523,-0.715
2.0237,1.1473,-0.7033
2.0284,1.1523,-0.6994
2.0254,1.1476,-0.7077
2.0237,1.1459,-0.6919
2.0228,1.1476,-0.7083
2.0298,1.1476,-0.7001
2.0298,1.1535,-0.7051
2.033,1.1479,-0.6975
2.0243,1.1508,-0.7002
2.0327,1.1462,-0.7072
2.0357,1.1473,-0.7087
2.031,1.1502,-0.7033
2.0251,1.1421,-0.7052
2.0319,1.1508,-0.7089
2.0301,1.1502,-0.7138
2.0307,1.1424,-0.715
2.0322,1.1517,-0.7034
2.0339,1.1511,-0.704
2.0371,1.1479,-0.7061
2.0307,1.1491,-0.7094
2.0406,1.1494,-0.6991
2.0266,1.1488,-0.6973
2.033,1.1456,-0.7124
2.0339,1.1456,-0.7058
2.0351,1.1432,-0.7075
2.0316,1.1464,-0.6929
2.0319,1.1435,-0.7036
2.0289,1.1508,-0.7013
2.0383,1.1502,-0.7058
2.0304,1.1464,-0.7068
2.0307,1.1456,-0.702
2.0316,1.1514,-0.7002
2.0319,1.152,-0.7064
2.0424,1.1529,-0.7039
2.026,1.1549,-0.7039
2.026,1.1517,-0.6982
2.0298,1.1497,-0.7004
2.0307,1.1497,-0.7033
2.0307,1.1459,-0.6975
2.0304,1.1462,-0.6995
2.0301,1.1435,-0.6995
2.0327,1.1464,-0.7118
2.0269,1.1479,-0.7108
2.0304,1.1502,-0.7068
2.0278,1.1505,-0.7108
2.0307,1.147,-0.7071
2.0278,1.147,-0.7077
2.0278,1.1511,-0.7121
2.0266,1.154,-0.7131
2.0304,1.1441,-0.7034
2.0281,1.1424,-0.7067
2.0354,1.1444,-0.6988
2.0333,1.1453,-0.6986
2.0313,1.1444,-0.6961
2.0333,1.1488,-0.708
2.0415,1.1502,-0.697
2.0292,1.1532,-0.7065
2.0336,1.1505,-0.7037
2.0357,1.1567,-0.7078
2.0322,1.1552,-0.7108
2.0284,1.152,-0.7021
2.0307,1.1511,-0.7045
2.0345,1.15,-0.69
2.0345,1.1532,-0.7121
2.0286,1.1564,-0.7056
2.0319,1.1505,-0.6961
2.0319,1.1532,-0.7023
2.0281,1.1564,-0.6948
2.0322,1.154,-0.6986
2.0374,1.15,-0.6988
2.0333,1.1538,-0.7029
2.0313,1.1453,-0.7064
2.0289,1.1508,-0.7018
2.0292,1.1497,-0.7024
2.0301,1.1485,-0.707
2.0339,1.1482,-0.7102
2.0272,1.15,-0.6866
2.0275,1.1523,-0.6994
2.0243,1.1462,-0.6982
2.0319,1.1549,-0.697
2.0307,1.1467,-0.7058
2.0319,1.1552,-0.6977
2.0272,1.1491,-0.7086
2.033,1.1464,-0.7103
2.031,1.1447,-0.7037
2.0266,1.1497,-0.6995
2.0339,1.1497,-0.6973
2.0307,1.1476,-0.7072
2.0374,1.1453,-0.7018
2.04,1.1473,-0.6995
2.0348,1.154,-0.704
2.0333,1.1543,-0.7008
2.0351,1.1523,-0.7045
2.0348,1.1505,-0.7102
2.0348,1.1488,-0.708
2.0307,1.1447,-0.7129
2.0342,1.1535,-0.7075
2.0263,1.1432,-0.71
2.0316,1.1444,-0.7068
2.0327,1.1497,-0.7026
2.0324,1.1497,-0.7048
2.0371,1.1546,-0.6941
2.0284,1.1441,-0.7129
2.0243,1.1418,-0.6991
2.0324,1.1494,-0.7074
2.0257,1.1491,-0.7077
2.0237,1.1573,-0.7131
2.0289,1.1532,-0.703
2.0266,1.1473,-0.7089
2.0316,1.1532,-0.7096
2.0348,1.152,-0.7084
2.031,1.1529,-0.697
2.0251,1.1497,-0.7048
2.0313,1.1464,-0.707
2.036,1.1447,-0.714
2.031,1.15,-0.7039
2.0351,1.1456,-0.709
2.0322,1.1473,-0.7169
2.0266,1.1447,-0.7086
2.0313,1.1479,-0.7008
2.0295,1.1444,-0.7162
2.0307,1.1444,-0.7067
2.0351,1.1456,-0.6979
2.0304,1.147,-0.7067
2.0263,1.1491,-0.7017
2.0342,1.1535,-0.6977
2.0254,1.1532,-0.7086
2.0339,1.152,-0.7125
2.0345,1.1485,-0.7102
2.0368,1.1505,-0.6939
2.0365,1.1549,-0.7072
2.0403,1.1552,-0.6953
2.0269,1.1549,-0.7068
2.0301,1.1543,-0.7124
2.0342,1.159,-0.7034
2.0374,1.1561,-0.6985
2.0327,1.1505,-0.7148
2.0365,1.1482,-0.7062
2.031,1.1479,-0.7032
2.0345,1.1464,-0.709
2.0336,1.1502,-0.7023
2.0377,1.1552,-0.7034
2.0354,1.157,-0.7015
2.0295,1.1561,-0.7081
2.0336,1.1473,-0.6985
2.0362,1.1502,-0.7476
2.0336,1.1467,-0.7074
2.033,1.157,-0.7048
2.0345,1.1456,-0.7165
2.0304,1.1479,-0.7154
2.0316,1.1526,-0.7048
2.033,1.1508,-0.709
2.0327,1.15,-0.7108
2.031,1.1546,-0.7141
2.0316,1.152,-0.7042
2.0339,1.1543,-0.7172
2.0286,1.1529,-0.7084
2.0324,1.1494,-0.7135
2.0295,1.1491,-0.7084
2.0342,1.1508,-0.7118
2.0333,1.1514,-0.707
2.0286,1.147,-0.7106
2.0286,1.1488,-0.7089
2.0357,1.1511,-0.7108
2.0292,1.1485,-0.7081
2.0307,1.1558,-0.7096
2.0319,1.1482,-0.7027
2.0292,1.1543,-0.7061
2.0351,1.1508,-0.7074
2.0403,1.1514,-0.701
2.0371,1.1555,-0.7119
2.0301,1.1497,-0.7045
2.0286,1.1517,-0.7137
2.0286,1.15,-0.7102
2.0289,1.1502,-0.7078
2.0225,1.1529,-0.7119
2.0257,1.1467,-0.7093
2.0345,1.1505,-0.7131
2.031,1.1555,-0.7113
2.026,1.1573,-0.7091
2.0295,1.1488,-0.711
2.0324,1.1535,-0.7036
2.033,1.1511,-0.702
2.0281,1.1459,-0.71
2.0327,1.1485,-0.7112
2.0301,1.147,-0.7099
2.0348,1.1482,-0.7116
2.0284,1.147,-0.7058
2.0322,1.1482,-0.7087
2.033,1.1526,-0.7037
2.0292,1.1447,-0.7046
2.0248,1.1482,-0.7053
2.0365,1.1535,-0.7122
2.0319,1.1529,-0.7134
2.0295,1.1526,-0.7058
2.0365,1.1473,-0.7151
2.0284,1.15,-0.6989
2.036,1.1488,-0.691
2.0324,1.1576,-0.7056
2.0301,1.1505,-0.7131
2.0278,1.1462,-0.7121
2.0342,1.1467,-0.7134
2.0269,1.1479,-0.7061
2.0322,1.1447,-0.7062
2.0304,1.1543,-0.6749
2.0263,1.154,-0.704
2.0286,1.1538,-0.7096
2.0251,1.1555,-0.7141
2.0257,1.15,-0.6991
2.026,1.1462,-0.7024
2.0278,1.1529,-0.7042
2.0319,1.1482,-0.7075
2.0307,1.1505,-0.7005
2.0307,1.1456,-0.7172
2.0298,1.1532,-0.7122
2.0269,1.1473,-0.7042
2.0336,1.154,-0.701
2.0362,1.1564,-0.7068
2.0307,1.1578,-0.7091
2.0295,1.1494,-0.7127
2.0284,1.1494,-0.7116
2.0322,1.1464,-0.7116
2.0263,1.1505,-0.7053
2.0295,1.1488,-0.7232
2.0327,1.1535,-0.708
2.0313,1.154,-0.7071
2.0298,1.154,-0.7068
2.0298,1.1485,-0.7033
2.0357,1.1535,-0.7048
2.0196,1.1482,-0.7074
2.0295,1.1491,-0.7068
2.0284,1.1497,-0.715
2.033,1.1517,-0.7134
2.0286,1.1529,-0.7049
2.0257,1.1517,-0.7106
2.026,1.15,-0.7058
2.0322,1.1497,-0.7163
2.0281,1.147,-0.7062
2.0278,1.1459,-0.7134
2.0301,1.1497,-0.7131
2.0286,1.1476,-0.6991
2.0257,1.1494,-0.7094
2.0281,1.145,-0.6967
2.0263,1.1462,-0.7017
2.0184,1.1561,-0.7087
2.0286,1.15,-0.7024
2.0281,1.152,-0.6937
2.024,1.1497,-0.7087
2.0269,1.1494,-0.7077
2.031,1.1555,-0.7132
2.0301,1.1523,-0.7078
2.0324,1.1511,-0.7032
2.031,1.1523,-0.7097
2.0333,1.15,-0.6992
2.0333,1.1467,-0.702
2.0286,1.1535,-0.7013
2.0307,1.1453,-0.7026
2.0386,1.145,-0.7056
2.0324,1.147,-0.7093
2.0246,1.1494,-0.6998
2.031,1.1464,-0.6995
2.0316,1.1505,-0.7072
2.031,1.1488,-0.7102
2.0316,1.1482,-0.7026
2.0336,1.147,-0.711
2.0324,1.1497,-0.7109
2.026,1.154,-0.7052
2.0322,1.1462,-0.7004
2.0219,1.1494,-0.7067
2.026,1.1432,-0.7024
2.0333,1.1502,-0.7125
2.0357,1.1432,-0.7103
2.0269,1.1467,-0.709
2.0304,1.15,-0.7147
2.0307,1.1479,-0.7148
2.0327,1.1491,-0.7224
2.0266,1.1453,-0.7094
2.0289,1.1511,-0.7129
2.0345,1.1421,-0.717
2.0354,1.1596,-0.7148
2.0295,1.1485,-0.742
2.0243,1.1508,-0.7045
2.0354,1.15,-0.7105
2.0243,1.1494,-0.7015
2.0395,1.1485,-0.7083
2.0304,1.1426,-0.7077
2.0272,1.1529,-0.7071
2.0357,1.1485,-0.7108
2.0269,1.1438,-0.7061
2.0333,1.1497,-0.7112
2.0316,1.1464,-0.709
2.033,1.1438,-0.6966
2.0374,1.1406,-0.7173
2.0292,1.1488,-0.7153
2.0333,1.1482,-0.7021
2.0316,1.1488,-0.7097
2.0316,1.1479,-0.7118
2.0333,1.1494,-0.7108
2.038,1.1529,-0.7091
2.0351,1.1508,-0.6976
2.0362,1.1543,-0.7087
2.0389,1.1456,-0.7048
2.0304,1.152,-0.7078
2.0374,1.1467,-0.709
2.0351,1.1459,-0.7087
2.0269,1.1532,-0.7045
2.0284,1.1505,-0.7075
2.0275,1.1485,-0.7058
2.0342,1.1488,-0.7071
2.0278,1.1511,-0.7135
2.0295,1.1464,-0.6982
2.0342,1.1535,-0.7048
2.0324,1.1476,-0.7024
2.038,1.1464,-0.7106
2.0386,1.154,-0.7108
2.031,1.1517,-0.7033
2.0298,1.1438,-0.7132
2.0275,1.1453,-0.7046
2.0371,1.1497,-0.7061
2.0348,1.1464,-0.7007
2.0362,1.15,-0.6976
2.031,1.1426,-0.7046
2.0278,1.1532,-0.7093
2.0324,1.1497,-0.7049
2.0319,1.1546,-0.7129
2.0365,1.1517,-0.7049
2.0339,1.1523,-0.7029
2.0327,1.1514,-0.7078
2.0281,1.1532,-0.7014
2.0251,1.154,-0.7058
2.0284,1.1508,-0.7024
2.0322,1.1497,-0.7029
2.0336,1.159,-0.6988
2.0333,1.1532,-0.7014
2.0327,1.1529,-0.6996
2.031,1.1543,-0.7046
2.0295,1.1561,-0.7156
2.0289,1.1447,-0.7004
2.0298,1.154,-0.7112
2.0319,1.1488,-0.7093
2.0322,1.1502,-0.7027
2.033,1.1491,-0.7078
2.0339,1.152,-0.7072
2.0254,1.1514,-0.7165
2.0324,1.1505,-0.7106
2.0316,1.1464,-0.7055
2.0286,1.1476,-0.7081
2.0327,1.1505,-0.7113
2.0357,1.1535,-0.7061
2.0257,1.1514,-0.707
2.0313,1.1511,-0.7036
2.0351,1.1549,-0.7103
2.0322,1.1491,-0.711
2.0298,1.154,-0.7027
2.0269,1.1494,-0.6979
2.0351,1.1511,-0.7065
2.031,1.1514,-0.7033
2.0304,1.1505,-0.7116
2.0313,1.147,-0.7099
2.0339,1.1473,-0.7074
2.0295,1.1505,-0.7005
2.0307,1.1535,-0.7037
2.0292,1.1459,-0.7026
2.0243,1.1456,-0.698
2.0304,1.1514,-0.7084
2.0281,1.1523,-0.7078
2.0357,1.1491,-0.708
2.0336,1.1479,-0.7119
2.0313,1.154,-0.6985
2.026,1.1517,-0.7141
2.0357,1.1555,-0.7027
2.0304,1.1599,-0.7067
2.0365,1.1508,-0.7001
2.033,1.1505,-0.7033
2.0324,1.1491,-0.707
2.0313,1.1552,-0.7017
2.0298,1.1508,-0.7061
2.0248,1.1535,-0.7048
2.0319,1.15,-0.7072
2.0304,1.1488,-0.7153
2.0316,1.1535,-0.7058
2.0339,1.1529,-0.7015
2.021,1.1502,-0.7065
2.0336,1.1476,-0.702
2.0333,1.1479,-0.7042
2.0365,1.1523,-0.7118
2.0351,1.1526,-0.7052
2.0266,1.1485,-0.7061
2.0307,1.1453,-0.6998
2.0345,1.1429,-0.7027
2.0304,1.1514,-0.7049
2.0199,1.1479,-0.7029
2.0292,1.1505,-0.7061
2.0286,1.1482,-0.7106
2.0322,1.1444,-0.7121
2.0357,1.1485,-0.7134
2.0292,1.1473,-0.7132
2.0342,1.1505,-0.7089
2.0324,1.1523,-0.7005
2.0354,1.1514,-0.702
2.0371,1.1491,-0.7068
2.038,1.1532,-0.7112
2.0345,1.1482,-0.71
2.0383,1.152,-0.6989
2.0342,1.1473,-0.701
2.0354,1.1476,-0.708
2.0275,1.15,-0.7032
2.0316,1.1543,-0.7072
2.0392,1.1535,-0.7138
2.0319,1.1476,-0.7084
2.0345,1.1514,-0.7036
2.0403,1.1491,-0.7061
2.0313,1.1447,-0.7014
2.031,1.1523,-0.7002
2.0342,1.154,-0.6937
2.0289,1.15,-0.7068
2.0357,1.1543,-0.7042
2.0357,1.1488,-0.7029
2.0284,1.1502,-0.6989
2.031,1.1482,-0.7078
2.0354,1.1508,-0.707
2.0319,1.1555,-0.7029
2.0278,1.1502,-0.7017
2.0348,1.1464,-0.7014
2.0269,1.1514,-0.6999
2.0298,1.1535,-0.7102
2.0298,1.1529,-0.6995
2.0345,1.1523,-0.6958
2.0362,1.1564,-0.7045
2.0319,1.1558,-0.709
2.0339,1.1523,-0.6998
2.0289,1.1432,-0.708
2.0286,1.1502,-0.7146
2.0266,1.1558,-0.7036
2.0354,1.1549,-0.7169
2.0322,1.15,-0.7125
2.0289,1.1482,-0.7127
2.0327,1.1564,-0.7061
2.0351,1.1599,-0.7045
2.0327,1.1502,-0.6991
2.0298,1.1549,-0.708
2.0336,1.1549,-0.7091
2.0246,1.1514,-0.7015
2.0284,1.1508,-0.692
2.0304,1.1473,-0.7051
2.0327,1.1491,-0.7091
2.0251,1.1576,-0.7056
2.0266,1.154,-0.7033
2.0322,1.154,-0.7043
2.0295,1.1578,-0.7048
2.038,1.154,-0.6961
2.0342,1.1555,-0.709
2.0345,1.1549,-0.6979
2.0286,1.1535,-0.6988
2.0257,1.15,-0.7062
2.0319,1.147,-0.697
2.0304,1.1453,-0.7008
2.0237,1.1453,-0.6982
2.033,1.1558,-0.7045
2.0322,1.1564,-0.6983
2.0289,1.152,-0.7024
2.0354,1.1508,-0.7015
2.0377,1.1587,-0.7125
2.0319,1.147,-0.7122
2.031,1.1514,-0.7061
2.0322,1.1517,-0.7055
2.0313,1.1488,-0.6975
2.036,1.1535,-0.701
2.0295,1.1511,-0.7021
2.026,1.1523,-0.7045
2.0307,1.1529,-0.7062
2.0377,1.1514,-0.7033
2.0319,1.152,-0.7119
2.0304,1.1473,-0.7037
2.0322,1.1581,-0.7127
2.0342,1.1576,-0.7083
2.0368,1.1546,-0.7086
2.0322,1.1517,-0.7048
2.0371,1.1555,-0.6996
2.0319,1.154,-0.6954
2.0272,1.1561,-0.7008
2.0327,1.1482,-0.6972
2.0362,1.1535,-0.715
2.0289,1.1538,-0.7048
2.0322,1.1473,-0.7147
2.0304,1.1494,-0.7011
2.0339,1.1532,-0.7004
2.0304,1.1505,-0.7143
2.0322,1.1552,-0.7021
2.0324,1.15,-0.7048
2.0365,1.1526,-0.7043
2.0319,1.1567,-0.7015
2.036,1.154,-0.7143
2.0301,1.1529,-0.7029
2.031,1.1497,-0.695
2.0345,1.1514,-0.6994
2.0266,1.1602,-0.6954
2.0342,1.1608,-0.6983
2.0266,1.1505,-0.7046
2.0292,1.1593,-0.6999
2.0386,1.1517,-0.7021
2.0286,1.1476,-0.7068
2.0269,1.1514,-0.7075
2.031,1.1502,-0.7056
2.0275,1.1535,-0.7001
2.036,1.1508,-0.6988
2.0246,1.1514,-0.6929
2.0298,1.152,-0.6975
2.0284,1.1578,-0.7049
2.0348,1.1529,-0.7093
2.0313,1.1505,-0.7097
2.0327,1.1584,-0.7059
2.0313,1.1479,-0.7115
2.0319,1.1488,-0.6999
2.0327,1.1485,-0.7046
2.0275,1.1473,-0.6999
2.0286,1.1497,-0.7027
2.024,1.1447,-0.7128
2.0266,1.154,-0.7061
2.0313,1.1479,-0.7045
2.0278,1.1529,-0.709
2.0371,1.1482,-0.7062
2.0319,1.1535,-0.7135
2.0319,1.1447,-0.7151
2.0295,1.154,-0.7067
2.0322,1.1494,-0.6747
2.0284,1.1535,-0.7018
2.0322,1.1508,-0.7125
2.0327,1.1482,-0.704
2.031,1.1491,-0.6983
2.0251,1.1479,-0.7159
2.0286,1.1438,-0.711
2.0336,1.1502,-0.711
2.0324,1.1511,-0.7059
2.0327,1.1514,-0.7115
2.0316,1.1526,-0.7118
2.0269,1.1567,-0.7131
2.0307,1.1517,-0.7078
2.0336,1.1482,-0.7089
2.0281,1.1532,-0.7096
2.0292,1.1581,-0.7189
2.0368,1.1596,-0.7132
2.0374,1.1508,-0.7062
2.0289,1.1502,-0.7121
2.0286,1.1488,-0.7034
2.0298,1.1555,-0.7078
2.0307,1.1505,-0.7084
2.0336,1.1482,-0.7097
2.0266,1.1543,-0.7175
2.0246,1.1555,-0.7138
2.0313,1.1456,-0.7113
2.0281,1.1535,-0.7186
2.0362,1.1561,-0.7169
2.0351,1.1576,-0.7128
2.0304,1.1511,-0.7137
2.0333,1.1526,-0.7059
2.0316,1.1517,-0.714
2.0324,1.1529,-0.7181
2.026,1.1491,-0.7053
2.0216,1.1546,-0.7071
2.0246,1.1482,-0.7086
2.0345,1.1526,-0.7045
2.0292,1.1491,-0.7033
2.0228,1.1529,-0.7039
2.0269,1.1467,-0.7074
2.0327,1.1549,-0.7118
2.0313,1.1517,-0.7027
2.0301,1.1514,-0.7147
2.0222,1.1485,-0.7033
2.0278,1.1529,-0.7147
2.0281,1.1435,-0.7023
2.0295,1.1482,-0.7084
2.0286,1.1453,-0.7065
2.0324,1.1488,-0.7074
2.0316,1.1546,-0.714
2.0269,1.1456,-0.7059
2.0298,1.1514,-0.721
2.0275,1.1456,-0.7131
2.031,1.1508,-0.7037
2.0284,1.1514,-0.7007
2.0272,1.1508,-0.7018
2.0243,1.1505,-0.7113
2.0292,1.1511,-0.7032
2.0301,1.1491,-0.7045
2.0392,1.1523,-0.6747
2.0342,1.1473,-0.71
2.0345,1.157,-0.7053
2.0286,1.1447,-0.7039
2.0304,1.1491,-0.715
2.0351,1.1543,-0.7153
2.0327,1.1549,-0.7083
2.0322,1.1508,-0.7056
2.0278,1.1535,-0.7144
2.0357,1.1578,-0.7001
2.0324,1.1546,-0.7118
2.0281,1.1578,-0.6999
2.0286,1.147,-0.7051
2.0357,1.1494,-0.7002
2.0324,1.1473,-0.6976
2.0322,1.1511,-0.7105
2.033,1.15,-0.7093
2.0234,1.1491,-0.6967
2.0313,1.15,-0.7064
2.0333,1.1491,-0.7021
2.0275,1.1476,-0.6988
2.0351,1.1462,-0.7094
2.033,1.14,-0.7153
2.0374,1.1482,-0.7074
2.0374,1.1432,-0.7125
2.0427,1.1441,-0.7037
2.0453,1.1447,-0.7131
2.0433,1.1438,-0.7132
2.0453,1.1441,-0.7115
2.0436,1.1359,-0.7053
2.0403,1.1467,-0.7108
2.0403,1.1453,-0.6988
2.04,1.1418,-0.6967
2.04,1.1371,-0.7157
2.0368,1.1386,-0.7052
2.0444,1.1447,-0.7008
2.0409,1.145,-0.6979
2.0482,1.14,-0.7162
2.0517,1.1462,-0.7103
2.0535,1.1485,-0.7103
2.0517,1.1415,-0.7121
2.0512,1.1441,-0.7093
2.0503,1.147,-0.7131
2.0403,1.1429,-0.7154
2.0538,1.1391,-0.7125
2.0412,1.1462,-0.7106
2.0403,1.1467,-0.7099
2.0491,1.1459,-0.7059
2.0412,1.1485,-0.7103
2.0482,1.1464,-0.7084
2.0512,1.1412,-0.7154
2.0468,1.1432,-0.7115
2.0491,1.1426,-0.7211
2.0447,1.1459,-0.7109
2.0532,1.1435,-0.7153
2.0509,1.1497,-0.7216
2.0491,1.1429,-0.7118
2.0474,1.1488,-0.7176
2.0506,1.1365,-0.7143
2.0421,1.1391,-0.7052
2.0468,1.1464,-0.7091
2.0476,1.1403,-0.7203
2.0526,1.1383,-0.7075
2.0526,1.1371,-0.7131
2.057,1.1394,-0.7106
2.0456,1.1403,-0.7008
2.0474,1.138,-0.71
2.0573,1.1459,-0.6954
2.0447,1.1374,-0.6985
2.0459,1.1485,-0.7141
2.0488,1.1497,-0.7091
2.0555,1.1479,-0.6986
2.0512,1.1426,-0.7068
2.0512,1.1365,-0.7106
2.0558,1.1447,-0.6985
2.0561,1.152,-0.7089
2.05,1.145,-0.7056
2.0453,1.1435,-0.707
2.0535,1.1444,-0.6979
2.0567,1.145,-0.7102
2.0526,1.1438,-0.7055
2.0459,1.1435,-0.703
2.0465,1.1435,-0.7032
2.0491,1.1403,-0.7089
2.0523,1.1386,-0.7148
2.0503,1.1394,-0.7086
2.0517,1.1462,-0.7121
2.0526,1.1467,-0.7121
2.0547,1.1462,-0.7043
2.0509,1.1467,-0.7087
2.0544,1.1383,-0.7144
2.0453,1.1467,-0.7108
2.0523,1.1441,-0.7112
2.0471,1.1476,-0.6747
2.0503,1.1406,-0.7138
2.0535,1.1424,-0.7132
2.0453,1.145,-0.7165
2.0532,1.1444,-0.7077
2.0567,1.1462,-0.7046
2.0529,1.1546,-0.711
2.0497,1.145,-0.7119
2.0582,1.1485,-0.7099
2.0476,1.1418,-0.7188
2.0421,1.145,-0.7153
2.0482,1.1438,-0.708
2.055,1.1459,-0.7108
2.0465,1.1453,-0.7065
2.0459,1.1441,-0.7113
2.0488,1.14,-0.708
2.0497,1.1368,-0.6995
2.0415,1.1441,-0.7094
2.0494,1.1412,-0.7068
2.0532,1.1374,-0.7165
2.0538,1.1444,-0.7122
2.0506,1.1488,-0.7204
2.0558,1.1368,-0.7072
2.0444,1.1459,-0.704
2.0497,1.1441,-0.6989
2.0523,1.14,-0.7138
2.045,1.14,-0.7108
2.0485,1.1418,-0.7024
2.0444,1.1435,-0.7129
2.0514,1.1438,-0.7059
2.0468,1.1441,-0.6979
2.0456,1.1415,-0.7102
2.0526,1.1374,-0.7001
2.0514,1.1415,-0.7071
2.0514,1.1418,-0.6738
2.0456,1.1421,-0.7131
2.0441,1.1353,-0.7118
2.0488,1.138,-0.701
2.0433,1.1462,-0.7058
2.0488,1.1438,-0.7033
2.0488,1.1421,-0.7089
2.045,1.1447,-0.7001
2.045,1.1429,-0.708
2.0517,1.1435,-0.7045
2.0547,1.1383,-0.7166
2.0517,1.1444,-0.7118
2.062,1.1429,-0.71
2.05,1.1432,-0.6988
2.057,1.1368,-0.7055
2.05,1.1412,-0.7181
2.052,1.1441,-0.7039
2.0596,1.1418,-0.7398
2.052,1.1459,-0.7087
2.0593,1.1453,-0.7037
2.0573,1.1418,-0.7106
2.0474,1.1491,-0.7169
2.0514,1.1391,-0.7163
2.0517,1.1482,-0.7132
2.0535,1.1432,-0.7086
2.0517,1.1467,-0.722
2.055,1.1447,-0.7065
2.0514,1.1388,-0.7062
2.057,1.1403,-0.7059
2.0514,1.1353,-0.7089
2.064,1.1415,-0.7143
2.0523,1.1488,-0.7108
2.0517,1.1435,-0.7102
2.0509,1.1473,-0.71
2.0529,1.1444,-0.6747
2.0506,1.1424,-0.7153
2.0576,1.1432,-0.7011
2.0503,1.1391,-0.7032
2.0526,1.135,-0.7116
2.0462,1.1444,-0.6976
2.052,1.1418,-0.7124
2.0488,1.1418,-0.7091
2.0427,1.1482,-0.7072
2.045,1.1377,-0.7091
2.0468,1.1435,-0.711
2.0476,1.1432,-0.7001
2.0456,1.1394,-0.7135
2.043,1.1409,-0.7122
2.0503,1.138,-0.7058
2.0491,1.1421,-0.7021
2.0544,1.138,-0.702
2.0476,1.1356,-0.7052
2.0506,1.1383,-0.7013
2.0485,1.1412,-0.7004
2.0532,1.1397,-0.7046
2.052,1.1441,-0.7037
2.0468,1.1432,-0.6989
2.0614,1.1383,-0.7051
2.0544,1.1438,-0.7011
2.0544,1.1473,-0.6989
2.0503,1.1391,-0.7122
2.0503,1.1374,-0.7115
2.0482,1.1497,-0.7026
2.0529,1.1438,-0.704
2.0444,1.1383,-0.7086
2.045,1.1377,-0.7058
2.0526,1.1432,-0.7042
2.0517,1.1374,-0.7053
2.0482,1.1397,-0.7026
2.0444,1.1418,-0.7011
2.0494,1.1424,-0.6972
2.0497,1.1482,-0.6954
2.0544,1.138,-0.7086
2.0485,1.1459,-0.6983
2.0547,1.1473,-0.703
2.0479,1.1491,-0.7055
2.0555,1.1432,-0.6964
2.0494,1.1491,-0.7048
2.0541,1.1426,-0.697
2.0497,1.1421,-0.697
2.0433,1.1482,-0.6947
2.0485,1.1482,-0.7013
2.0444,1.1421,-0.7089
2.0468,1.1447,-0.6982
2.0491,1.1467,-0.7011
2.0588,1.1435,-0.7129
2.0526,1.1432,-0.6992
2.0561,1.145,-0.707
2.0567,1.1441,-0.71
2.0474,1.145,-0.7011
2.05,1.1453,-0.7023
2.0517,1.1497,-0.7051
2.0497,1.1467,-0.7099
2.0494,1.1502,-0.7128
2.0538,1.1532,-0.7049
2.0538,1.1447,-0.7162
2.0611,1.1514,-0.7097
2.0602,1.1444,-0.703
2.0462,1.1459,-0.71
2.055,1.147,-0.7004
2.052,1.1421,-0.7007
2.045,1.1511,-0.6967
2.0491,1.1482,-0.7086
2.0558,1.1453,-0.7081
2.0532,1.1485,-0.6966
2.0564,1.1426,-0.7037
2.0561,1.145,-0.7118
2.0552,1.1464,-0.7037
2.0535,1.1388,-0.7062
2.0541,1.1453,-0.7017
2.0529,1.1494,-0.7045
2.0532,1.1418,-0.6938
2.0573,1.1435,-0.7004
2.059,1.1479,-0.7032
2.0506,1.145,-0.7131
2.0535,1.1424,-0.7089
2.0517,1.1517,-0.703
2.0506,1.1462,-0.6957
2.05,1.1482,-0.6929
2.0468,1.1374,-0.6935
2.0365,1.1441,-0.7008
2.0289,1.1576,-0.7075
2.0281,1.157,-0.7067
2.021,1.1587,-0.6975
2.0219,1.1611,-0.7083
2.0137,1.1786,-0.6991
2.0149,1.1681,-0.7083
2.019,1.1745,-0.6752
2.0205,1.1725,-0.7064
2.0228,1.1713,-0.7024
2.0199,1.1637,-0.7118
2.0161,1.1628,-0.7115
2.0199,1.164,-0.6945
2.0134,1.1616,-0.7026
2.0134,1.1675,-0.7115
2.0117,1.1678,-0.7052
2.0117,1.1789,-0.6982
2.0149,1.1725,-0.7106
2.0038,1.1774,-0.7151
2.0152,1.1792,-0.7083
2.017,1.1716,-0.7052
2.0102,1.173,-0.7109
2.0088,1.1812,-0.7119
2.0082,1.1792,-0.7179
2.0134,1.1719,-0.7067
2.0114,1.1792,-0.7134
2.0056,1.1833,-0.6969
2.007,1.1792,-0.7097
2.0076,1.1789,-0.7039
1.9977,1.1786,-0.7096
2.0026,1.1801,-0.6998
2.0058,1.1728,-0.6975
2.0064,1.1798,-0.7043
2.0123,1.1739,-0.7074
2.012,1.1748,-0.7051
2.0126,1.1725,-0.709
2.012,1.173,-0.7048
2.0064,1.1701,-0.698
2.0076,1.1713,-0.6982
2.0032,1.1795,-0.7148
2.0114,1.183,-0.7046
2.0047,1.1777,-0.701
2.0053,1.1818,-0.7014
2.0061,1.1818,-0.7026
2.007,1.1789,-0.7001
2.0102,1.1809,-0.7004
2.0079,1.1839,-0.6977
1.9997,1.1844,-0.7045
2.0082,1.1853,-0.7007
2.0064,1.1871,-0.695
2.0032,1.1804,-0.6904
1.9994,1.1847,-0.7018
2.0073,1.1839,-0.7058
1.9994,1.1786,-0.695
2.0041,1.1733,-0.7077
2.0096,1.1844,-0.695
1.9971,1.1824,-0.703
2.0026,1.1798,-0.7131
2.0058,1.1874,-0.7059
1.9953,1.173,-0.6925
2.0032,1.1789,-0.7011
2.0015,1.1821,-0.6985
2.0067,1.1806,-0.702
2.0018,1.1891,-0.6975
2.0012,1.1882,-0.6975
2.005,1.183,-0.7014
2.005,1.1742,-0.7089
2.014,1.178,-0.702
2.0035,1.1774,-0.7154
2.0067,1.1806,-0.7078
2.007,1.1815,-0.709
2.0091,1.1839,-0.7017
2.0088,1.1777,-0.708
2.005,1.1847,-0.6891
2.0056,1.1795,-0.7001
1.9997,1.1818,-0.7048
2.0096,1.1742,-0.6983
2.0056,1.1771,-0.6963
2.0056,1.1824,-0.7103
2.0003,1.1789,-0.7013
2.0114,1.1748,-0.6942
1.9988,1.1748,-0.6922
2.0102,1.1801,-0.6964
2.0018,1.1754,-0.7046
2.0073,1.176,-0.7039
2.0076,1.1722,-0.711
1.9988,1.1853,-0.7037
2.0012,1.1801,-0.7023
2.0035,1.1815,-0.7037
2.0082,1.1795,-0.703
2.0035,1.1768,-0.6951
2.0096,1.1809,-0.6899
2.012,1.1862,-0.7055
2.0041,1.1789,-0.695
2.0053,1.183,-0.6994
2.0079,1.1801,-0.7027
2.002,1.1745,-0.6953
2.005,1.1757,-0.7115
1.9971,1.1719,-0.7061
2.0032,1.1707,-0.6958
2.0044,1.1754,-0.7053
2.0015,1.1719,-0.7024
2.0015,1.1678,-0.703
2.0029,1.1745,-0.6982
2.0094,1.1722,-0.7032
2.0006,1.1681,-0.7005
1.9985,1.1751,-0.7002
1.9997,1.1789,-0.6963
1.9982,1.1763,-0.7039
2.0026,1.1783,-0.7048
2.0029,1.1771,-0.7049
2.0038,1.1733,-0.7052
2.0015,1.1754,-0.7033
2.0,1.1827,-0.7116
2.0035,1.1763,-0.7064
2.0061,1.1847,-0.7153
2.0058,1.1748,-0.7046
1.9997,1.1862,-0.7036
2.0038,1.183,-0.697
2.0044,1.1742,-0.7146
2.0038,1.1707,-0.6985
2.0006,1.1766,-0.7058
2.0079,1.1798,-0.7113
2.0009,1.1821,-0.7037
2.005,1.1815,-0.71
2.0067,1.1763,-0.7055
2.0015,1.1774,-0.7151
2.0058,1.1833,-0.6975
2.0023,1.1929,-0.703
2.0018,1.176,-0.703
2.0029,1.183,-0.7032
2.0035,1.1853,-0.6938
2.0053,1.1783,-0.7026
2.0029,1.1806,-0.6966
1.9974,1.1763,-0.7108
2.0,1.1792,-0.704
1.9953,1.1757,-0.7013
2.0056,1.1687,-0.6998
2.0061,1.1739,-0.7002
2.0015,1.1833,-0.7011
2.0015,1.1809,-0.7087
2.0044,1.1798,-0.6994
2.0044,1.1719,-0.6868
2.0038,1.1815,-0.6999
2.0018,1.1836,-0.6995
2.0038,1.1801,-0.7013
2.0047,1.1815,-0.6999
2.0026,1.1827,-0.7048
1.998,1.1821,-0.6948
2.0053,1.1771,-0.6963
2.0056,1.1871,-0.6956
2.0015,1.1766,-0.7002
1.9959,1.178,-0.7027
1.9994,1.1827,-0.7033
2.0064,1.1821,-0.7113
2.0061,1.1754,-0.7043
1.9991,1.1833,-0.7055
2.0047,1.1877,-0.7075
2.0029,1.1801,-0.7042
1.9971,1.1804,-0.7083
1.9988,1.1804,-0.6977
2.0058,1.1792,-0.7102
2.0035,1.178,-0.709
1.9991,1.1786,-0.7033
2.0018,1.1777,-0.704
2.0018,1.1757,-0.7043
2.0018,1.178,-0.697
2.0029,1.1821,-0.7137
2.0023,1.173,-0.7051
2.0012,1.1771,-0.7182
2.0056,1.1725,-0.7043
1.9974,1.1768,-0.6989
2.0006,1.1783,-0.7134
1.9982,1.1766,-0.7061
2.0038,1.1815,-0.7112
1.9991,1.1821,-0.7058
2.0082,1.1792,-0.708
1.995,1.1795,-0.7087
2.0053,1.1789,-0.7102
1.9956,1.1847,-0.6913
2.0067,1.1877,-0.698
1.9994,1.1783,-0.7099
2.0085,1.1868,-0.6982
2.0032,1.1918,-0.7043
2.0047,1.1774,-0.7024
1.998,1.1821,-0.703
1.9985,1.1684,-0.7032
2.0032,1.1809,-0.7065
2.0041,1.1824,-0.7055
2.0058,1.1801,-0.7146
1.9959,1.1827,-0.7032
1.9991,1.1768,-0.7086
2.0023,1.1748,-0.7039
1.9994,1.1771,-0.7049
2.0064,1.1763,-0.7087
2.0067,1.1804,-0.7122
2.0018,1.1798,-0.7128
1.9991,1.1804,-0.7077
2.0023,1.1684,-0.7051
1.9988,1.1766,-0.7071
2.0006,1.1804,-0.708
2.0003,1.1751,-0.6988
2.0064,1.1774,-0.7002
2.0032,1.1751,-0.7061
2.0058,1.1766,-0.715
2.014,1.1757,-0.7052
2.0111,1.1754,-0.7001
2.0079,1.1763,-0.7059
2.0064,1.1836,-0.7036
2.0041,1.1774,-0.7046
2.0056,1.1836,-0.7056
2.005,1.1748,-0.7096
2.0018,1.1824,-0.6994
2.0018,1.1789,-0.7132
2.0061,1.1728,-0.7051
2.0088,1.183,-0.7118
2.0053,1.183,-0.7027
2.0018,1.1722,-0.7018
1.9962,1.178,-0.7032
1.9991,1.1809,-0.7033
2.0029,1.1733,-0.7075
2.002,1.1806,-0.7043
2.0047,1.1728,-0.7072
2.0094,1.1777,-0.6977
2.0079,1.1804,-0.6985
2.0094,1.1815,-0.6961
2.007,1.1798,-0.6992
2.0053,1.176,-0.707
2.0096,1.1815,-0.7058
2.0056,1.1771,-0.7173
1.9971,1.171,-0.7129
2.0047,1.1757,-0.72
1.9994,1.1815,-0.7033
2.0047,1.176,-0.7011
2.002,1.176,-0.7013
2.0018,1.183,-0.7089
2.0006,1.1766,-0.7087
2.0091,1.1719,-0.7045
2.0073,1.1844,-0.7034
2.0023,1.1821,-0.7064
2.0018,1.1827,-0.7052
2.0067,1.1748,-0.7023
2.0073,1.1774,-0.7042
2.0076,1.178,-0.7053
2.0099,1.1821,-0.7034
2.0096,1.1856,-0.7021
2.0053,1.1783,-0.7027
2.0099,1.1771,-0.7122
2.0099,1.1777,-0.708
2.0009,1.1783,-0.7042
2.0023,1.1777,-0.7103
2.0085,1.1728,-0.7053
2.0064,1.1789,-0.6996
1.9982,1.1783,-0.7078
2.007,1.1801,-0.7071
2.0018,1.1804,-0.6991
2.0061,1.1856,-0.7005
2.0058,1.1771,-0.7106
2.0088,1.1795,-0.704
2.0056,1.1868,-0.7026
2.0064,1.1815,-0.7167
2.0067,1.1844,-0.704
2.0067,1.1771,-0.6982
2.0073,1.178,-0.6964
2.0056,1.1774,-0.6996
2.0096,1.1774,-0.691
2.0105,1.1815,-0.711
2.0091,1.1839,-0.7067
2.012,1.178,-0.698
2.0056,1.1768,-0.6906
2.0117,1.1783,-0.7005
2.0035,1.1757,-0.7004
2.0079,1.1757,-0.6967
2.0082,1.1789,-0.6989
2.0006,1.1827,-0.7058
2.0082,1.1792,-0.708
2.0053,1.1774,-0.6992
2.0102,1.1728,-0.7021
2.0123,1.1809,-0.7032
2.0056,1.1736,-0.7115
2.0058,1.171,-0.7064
2.0064,1.1771,-0.7129
2.0091,1.1757,-0.7046
2.0015,1.1766,-0.7055
2.0158,1.1821,-0.6999
2.0091,1.1742,-0.698
2.0091,1.1786,-0.698
2.0161,1.1804,-0.7084
2.0064,1.1809,-0.695
2.0061,1.1801,-0.7103
2.0096,1.1842,-0.7062
2.0123,1.1748,-0.704
2.0102,1.1789,-0.7075
2.0096,1.1751,-0.7122
2.0061,1.1815,-0.7072
2.0064,1.1716,-0.7393
2.0079,1.1771,-0.7059
2.0184,1.1728,-0.7116
2.0082,1.1786,-0.6945
2.0076,1.1801,-0.6963
2.0082,1.1768,-0.7124
2.0032,1.1792,-0.6991
2.005,1.1827,-0.7065
2.0099,1.1798,-0.7146
2.0082,1.1768,-0.7078
2.0082,1.1836,-0.7043
1.9965,1.1812,-0.7005
2.0032,1.1801,-0.6972
2.0056,1.1818,-0.7086
2.0041,1.1809,-0.702
1.9991,1.1745,-0.6954
2.0053,1.1768,-0.7053
2.0044,1.1792,-0.7181
2.0058,1.183,-0.6967
2.0064,1.1824,-0.7011
2.0041,1.1777,-0.7072
2.005,1.1783,-0.7154
2.0056,1.183,-0.7024
2.0061,1.1809,-0.7058
2.0076,1.1777,-0.7122
2.007,1.1725,-0.7099
2.0029,1.1736,-0.716
2.007,1.1798,-0.7037
2.012,1.1763,-0.7013
2.0111,1.1748,-0.7001
2.0064,1.1812,-0.7046
1.9997,1.1806,-0.7051
2.0067,1.1751,-0.7071
2.0082,1.1757,-0.7124
2.0108,1.1733,-0.7071
2.0082,1.1751,-0.7087
1.9982,1.1728,-0.6954
2.0047,1.1804,-0.7051
2.0132,1.1783,-0.7074
2.0082,1.1763,-0.7011
2.0085,1.1719,-0.7058
1.9982,1.176,-0.7118
2.0009,1.1768,-0.7052
2.0079,1.1713,-0.7141
2.0158,1.1742,-0.7037
2.0079,1.1745,-0.7048
2.0064,1.1821,-0.7059
2.0058,1.1763,-0.7093
2.0088,1.1766,-0.7099
2.0085,1.1766,-0.707
2.0076,1.1809,-0.7099
2.0023,1.1728,-0.7109
2.0061,1.1745,-0.7078
2.0041,1.1754,-0.715
1.9991,1.1748,-0.7049
2.0076,1.1804,-0.7013
2.0073,1.1687,-0.7077
2.0061,1.1751,-0.698
2.0143,1.1736,-0.6999
2.0091,1.1716,-0.7015
2.0018,1.1728,-0.7021
2.0085,1.173,-0.7112
2.0018,1.176,-0.7176
2.0076,1.171,-0.709
2.0058,1.1745,-0.6988
2.0041,1.1801,-0.7037
2.0056,1.1815,-0.7105
2.0079,1.1763,-0.7068
2.0088,1.1768,-0.7043
2.002,1.1739,-0.6988
2.0038,1.1616,-0.7089
2.0082,1.1815,-0.7134
2.0032,1.1806,-0.708
2.0067,1.1847,-0.6988
2.0012,1.1818,-0.6988
2.0029,1.1801,-0.702
2.0032,1.1733,-0.7053
2.0026,1.1771,-0.7127
2.0053,1.1818,-0.7078
2.0023,1.1757,-0.7049
2.005,1.1766,-0.7046
2.0079,1.1768,-0.7131
2.0167,1.1789,-0.7115
2.0058,1.1795,-0.7064
2.0082,1.1844,-0.711
2.0099,1.1815,-0.7121
2.0053,1.1798,-0.7084
2.0026,1.1812,-0.7043
2.0091,1.1818,-0.7103
2.0029,1.1792,-0.7116
2.0082,1.1839,-0.7046
2.0096,1.1801,-0.7051
2.0064,1.1771,-0.7173
2.0038,1.1722,-0.7075
2.0047,1.1801,-0.7062
2.0132,1.1836,-0.7034
2.0015,1.1771,-0.7086
2.0129,1.1766,-0.6985
2.0105,1.1859,-0.6994
2.0064,1.1821,-0.7014
2.0035,1.1798,-0.7056
2.0088,1.1836,-0.7036
2.0041,1.1789,-0.696
2.0038,1.1798,-0.6982
2.0094,1.1804,-0.7034
2.0032,1.1739,-0.7053
2.0006,1.1798,-0.7032
2.0,1.1856,-0.7048
2.0067,1.1763,-0.7032
2.0064,1.176,-0.6991
2.0023,1.1795,-0.709
2.0044,1.1795,-0.7091
2.0053,1.171,-0.7036
2.005,1.1827,-0.7084
1.9997,1.1821,-0.7021
2.0041,1.1792,-0.7163
2.0018,1.1766,-0.7099
2.0056,1.1789,-0.7043
2.0079,1.178,-0.7032
2.0053,1.1766,-0.6957
2.0085,1.1742,-0.7166
2.0114,1.1786,-0.7065
2.0129,1.1757,-0.6995
2.0035,1.1792,-0.7074
2.0085,1.1804,-0.6932
2.0079,1.1821,-0.7093
1.9994,1.1783,-0.7115
2.0088,1.1792,-0.7119
1.9997,1.1815,-0.7037
2.002,1.1812,-0.7056
2.0018,1.178,-0.7037
2.0073,1.1786,-0.7072
2.0026,1.1766,-0.7046
2.0047,1.1804,-0.7023
2.0085,1.1789,-0.6996
2.0091,1.1739,-0.6989
2.0079,1.1821,-0.6996
2.007,1.1719,-0.6983
2.0053,1.1777,-0.707
2.0161,1.1804,-0.6992
2.0111,1.1868,-0.7001
2.0123,1.1777,-0.6992
2.007,1.1768,-0.7007
2.0088,1.1754,-0.7062
2.0076,1.1824,-0.6956
2.0026,1.1824,-0.7064
2.0053,1.183,-0.701
2.0088,1.1853,-0.6944
2.0041,1.1809,-0.7087
2.0114,1.1859,-0.7049
2.005,1.1862,-0.703
2.0085,1.1842,-0.7072
2.0047,1.1836,-0.6923
2.0012,1.1748,-0.7018
2.005,1.176,-0.6932
2.0076,1.1763,-0.6944
2.007,1.1771,-0.6983
2.0056,1.1754,-0.6926
2.0041,1.178,-0.7015
2.0053,1.1818,-0.6986
2.0056,1.1812,-0.7129
2.0056,1.1844,-0.7058
2.0061,1.1804,-0.7042
2.005,1.1798,-0.6913
2.0009,1.1824,-0.6975
1.9982,1.1806,-0.7017
2.002,1.1783,-0.6991
2.0056,1.1856,-0.7074
2.0061,1.1804,-0.7099
1.9982,1.1736,-0.7043
2.0058,1.1733,-0.6998
2.0006,1.1862,-0.707
2.0012,1.1795,-0.6975
2.0061,1.1824,-0.7075
1.9968,1.1877,-0.7042
2.0114,1.1856,-0.6998
2.0,1.1757,-0.7084
1.995,1.1742,-0.7077
2.0035,1.1815,-0.6992
1.9985,1.1774,-0.7021
1.9947,1.178,-0.6991
2.0023,1.1833,-0.7004
2.0032,1.183,-0.7068
2.0015,1.1818,-0.7134
2.005,1.1853,-0.7052
2.0023,1.1809,-0.7112
2.0041,1.1824,-0.707
2.0032,1.1812,-0.7118
2.0029,1.183,-0.7021
2.0041,1.176,-0.7004
1.9924,1.1804,-0.703
2.0058,1.1751,-0.7153
2.002,1.1763,-0.7058
2.0032,1.1801,-0.7178
2.0018,1.1827,-0.7002
1.9936,1.1798,-0.708
2.0015,1.1745,-0.7086
1.9982,1.1804,-0.7062
2.005,1.1798,-0.7014
2.0067,1.1748,-0.7071
2.0061,1.1786,-0.7122
1.9936,1.1806,-0.7143
2.0015,1.1786,-0.7106
2.0015,1.1842,-0.7059
2.0056,1.1748,-0.7137
2.0088,1.1789,-0.6964
2.0099,1.1824,-0.7068
2.0091,1.1815,-0.7072
2.0076,1.1824,-0.7008
2.0003,1.1771,-0.7094
2.0094,1.1859,-0.7055
2.0015,1.185,-0.7058
2.0058,1.1836,-0.7039
2.0076,1.1795,-0.7105
2.0053,1.1833,-0.7105
2.0105,1.1836,-0.7013
2.0056,1.1804,-0.7033
2.0099,1.1871,-0.6999
2.0058,1.1736,-0.6958
2.0099,1.173,-0.6996
2.0015,1.1766,-0.7055
2.0041,1.1783,-0.6964
2.0094,1.1742,-0.7036
2.005,1.1786,-0.7042
2.0029,1.1891,-0.6983
2.0012,1.1783,-0.7011
2.0129,1.1771,-0.7061
2.0146,1.1809,-0.6979
2.0032,1.1806,-0.7002
2.007,1.1806,-0.7087
1.9977,1.1812,-0.6999
2.0026,1.1801,-0.7059
2.0032,1.1815,-0.7015
2.0044,1.185,-0.7043
2.0044,1.1815,-0.7032
1.9982,1.1818,-0.6944
2.0061,1.1824,-0.6995
2.0079,1.1877,-0.7007
2.0085,1.1868,-0.7018
2.0076,1.1833,-0.6891
2.0067,1.183,-0.6967
2.0096,1.1792,-0.7011
2.0076,1.1833,-0.6948
2.0026,1.1859,-0.6948
2.0126,1.1786,-0.6983
2.0085,1.1786,-0.7029
2.0076,1.1745,-0.6998
2.0088,1.1768,-0.6951
2.0056,1.176,-0.6925
2.0,1.1804,-0.6944
2.0058,1.1833,-0.6894
2.0099,1.1815,-0.7007
2.0012,1.1809,-0.6991
2.0114,1.1748,-0.6741
2.0056,1.1786,-0.692
2.0088,1.1815,-0.7053
2.0088,1.1798,-0.7036
2.0152,1.1766,-0.7008
2.0099,1.1713,-0.6992
2.0094,1.1763,-0.7043
2.0082,1.1824,-0.698
2.0064,1.1798,-0.7058
2.0132,1.1812,-0.7045
2.005,1.1792,-0.7024
2.0099,1.1783,-0.7068
2.0058,1.1818,-0.7004
2.0029,1.1675,-0.7185
2.0079,1.1771,-0.7075
2.0058,1.1728,-0.71
2.0061,1.171,-0.6988
2.0023,1.171,-0.6973
2.0091,1.1742,-0.7064
2.0032,1.1704,-0.6998
2.005,1.1774,-0.6928
2.005,1.178,-0.7045
2.0003,1.1812,-0.6963
2.0091,1.1806,-0.7043
2.0082,1.1815,-0.7032
2.0099,1.1877,-0.7096
2.007,1.1783,-0.6958
2.0032,1.1777,-0.7005
2.0105,1.1865,-0.698
2.0102,1.1757,-0.7033
2.0032,1.1836,-0.7018
2.007,1.1722,-0.7051
2.007,1.1713,-0.7086
2.002,1.178,-0.6956
2.0026,1.1695,-0.7143
2.0012,1.1763,-0.6998
1.9994,1.1719,-0.7011
2.0023,1.1806,-0.7024
1.9959,1.1786,-0.6972
2.0079,1.1818,-0.6967
2.0018,1.1757,-0.7021
2.0076,1.1742,-0.6928
2.0091,1.1771,-0.7017
2.0085,1.1786,-0.7007
2.0053,1.1751,-0.6893
2.0111,1.1777,-0.7056
2.0061,1.1801,-0.6957
2.0123,1.1768,-0.697
2.0111,1.1815,-0.6882
2.0096,1.1742,-0.6976
2.0091,1.1777,-0.6855
2.0099,1.1801,-0.7059
2.0079,1.1722,-0.6961
2.0044,1.1786,-0.7053
2.0038,1.176,-0.7048
2.0056,1.1768,-0.6948
2.0082,1.1763,-0.7029
2.0032,1.1748,-0.7017
2.0082,1.1786,-0.7039
2.005,1.176,-0.6999
2.0076,1.1789,-0.71
2.0064,1.1733,-0.7062
2.0079,1.1745,-0.6957
2.0044,1.1786,-0.7042
2.0018,1.1815,-0.6957
2.0053,1.1757,-0.7053
2.0035,1.1792,-0.71
2.0009,1.1736,-0.7021
2.0064,1.1763,-0.6941
2.007,1.1789,-0.707
2.0099,1.1757,-0.7027
2.0088,1.1818,-0.7084
2.0026,1.1754,-0.7056
2.0044,1.1713,-0.703
2.0,1.1722,-0.703
2.0015,1.1774,-0.7124
2.0091,1.1766,-0.7026
2.0044,1.1763,-0.7067
2.0,1.1763,-0.6988
2.0105,1.1771,-0.7033
2.0058,1.1763,-0.704
1.9985,1.1792,-0.6979
2.0006,1.178,-0.7059
2.0026,1.1786,-0.6992
2.0058,1.1728,-0.7039
2.0096,1.1777,-0.698
1.998,1.1809,-0.6904
2.0067,1.1716,-0.7001
2.0023,1.1798,-0.6958
2.0053,1.1789,-0.7068
2.0041,1.1751,-0.703
2.005,1.1882,-0.7089
2.007,1.1771,-0.7081
2.0041,1.1736,-0.7023
2.005,1.1821,-0.7029
2.0076,1.1783,-0.7089
2.0018,1.1795,-0.7094
2.0047,1.1763,-0.702
2.0079,1.1827,-0.702
2.0012,1.1733,-0.7051
2.0056,1.1777,-0.7015
2.0029,1.1827,-0.7059
2.0044,1.1777,-0.7011
2.0015,1.1716,-0.704
2.0032,1.1839,-0.7197
2.0018,1.1853,-0.6985
2.0053,1.1824,-0.6988
2.0006,1.1815,-0.7053
2.002,1.1809,-0.7023
2.002,1.1833,-0.7072
2.0006,1.1733,-0.6986
2.0035,1.1777,-0.6979
2.0056,1.1839,-0.7002
2.0076,1.1827,-0.7094
2.002,1.1818,-0.7091
1.9956,1.1795,-0.7043
2.0053,1.1856,-0.7004
2.0009,1.1804,-0.6998
2.0088,1.1789,-0.7036
1.9956,1.1859,-0.7103
2.0018,1.1745,-0.6969
2.0064,1.1783,-0.7043
2.0003,1.1815,-0.7036
2.0041,1.1868,-0.7037
2.0003,1.1856,-0.7014
2.005,1.1806,-0.7106
1.9988,1.1856,-0.7021
2.0058,1.1824,-0.708
2.0053,1.1868,-0.6983
2.0038,1.1824,-0.7072
2.0056,1.1798,-0.6999
2.0085,1.188,-0.7103
2.0064,1.1766,-0.7102
2.007,1.1856,-0.7097
2.0023,1.1815,-0.6989
2.0029,1.1768,-0.709
1.998,1.1806,-0.7121
2.0026,1.1868,-0.7097
2.0038,1.1798,-0.7078
2.002,1.1798,-0.7124
2.0015,1.1815,-0.716
2.0047,1.1771,-0.7081
2.0006,1.1722,-0.7036
2.0073,1.176,-0.7129
2.0111,1.1763,-0.7118
2.002,1.1798,-0.7081
2.0006,1.1771,-0.7159
2.0053,1.1719,-0.7023
2.0056,1.1789,-0.7007
2.0053,1.1771,-0.7061
2.0032,1.1742,-0.7042
2.0047,1.1736,-0.6975
2.0044,1.1719,-0.7001
2.007,1.1768,-0.7109
2.0029,1.1836,-0.7039
2.0047,1.185,-0.6985
2.0053,1.1786,-0.7089
2.0132,1.183,-0.7068
2.0056,1.1748,-0.7059
2.0085,1.1786,-0.698
2.0099,1.1783,-0.7013
2.0029,1.1701,-0.7029
2.0073,1.1771,-0.7091
2.0073,1.1792,-0.7068
2.0012,1.1771,-0.707
2.0015,1.1742,-0.7141
2.0137,1.1798,-0.7097
2.0056,1.1777,-0.7067
2.0096,1.1783,-0.7071
2.0018,1.176,-0.7112
2.0082,1.1774,-0.7062
2.0056,1.1763,-0.7086
2.0032,1.176,-0.7018
2.0038,1.178,-0.7102
2.0,1.1812,-0.7102
1.9994,1.1745,-0.7027
2.0026,1.1824,-0.7105
2.0026,1.1809,-0.7086
1.995,1.1818,-0.7068
2.0,1.1818,-0.7105
2.0032,1.1783,-0.7034
2.002,1.1719,-0.7074
2.0029,1.1701,-0.6956
2.0,1.176,-0.7036
2.0067,1.1719,-0.7099
2.0076,1.1827,-0.7049
2.0061,1.1766,-0.7074
2.0094,1.1766,-0.7055
2.0091,1.1748,-0.7056
1.9982,1.1821,-0.696
2.0035,1.1795,-0.7154
2.0047,1.1818,-0.7032
2.0056,1.1815,-0.72
2.0058,1.1827,-0.7103
2.0032,1.1795,-0.7147
2.0009,1.183,-0.748
2.0003,1.1821,-0.7289
2.0029,1.1824,-0.7049
2.0047,1.1801,-0.7099
2.0088,1.1801,-0.7032
2.0032,1.1812,-0.6973
2.0023,1.183,-0.7034
2.0035,1.1783,-0.7086
2.0076,1.1745,-0.7027
2.0064,1.1804,-0.7188
2.0029,1.1824,-0.7182
1.9991,1.1809,-0.7157
1.9988,1.1768,-0.721
2.0067,1.1757,-0.7108
1.9994,1.1801,-0.7192
2.0114,1.1745,-0.6967
2.0029,1.178,-0.711
2.0,1.1818,-0.7036
2.0105,1.1804,-0.7055
2.005,1.1766,-0.7131
2.0038,1.1713,-0.7037
2.0035,1.178,-0.701
2.0076,1.1795,-0.697
2.0058,1.1774,-0.7051
2.0091,1.1733,-0.6961
2.0056,1.1801,-0.7067
2.0053,1.1827,-0.7106
2.0041,1.1804,-0.7026
2.0053,1.1751,-0.7015
2.0023,1.1824,-0.7083
2.0088,1.1757,-0.7109
2.002,1.1669,-0.7141
2.0091,1.1728,-0.7083
2.0111,1.1646,-0.7068
2.0172,1.1643,-0.6748
2.0374,1.1538,-0.7143
2.0389,1.1567,-0.7042
2.033,1.1508,-0.7156
2.0336,1.1459,-0.7049
2.0322,1.1467,-0.7179
2.0348,1.1517,-0.7002
2.0398,1.1505,-0.7078
2.0403,1.1523,-0.7134
2.0392,1.1485,-0.7143
2.0377,1.1567,-0.721
2.031,1.1453,-0.7055
2.0392,1.1453,-0.7132
2.0398,1.1464,-0.7141
2.0351,1.1497,-0.7055
2.0444,1.1464,-0.7165
2.0441,1.1356,-0.7053
2.0438,1.1438,-0.7189
2.0371,1.1429,-0.711
2.0395,1.1424,-0.6973
2.0465,1.1432,-0.7089
2.0465,1.1421,-0.7146
2.0374,1.1494,-0.7093
2.0468,1.1476,-0.7087
2.0403,1.1406,-0.7051
2.0406,1.1473,-0.7166
2.043,1.1415,-0.7061
2.0395,1.1429,-0.7058
2.0526,1.1511,-0.7055
2.0462,1.1464,-0.7059
2.0436,1.1497,-0.7127
2.0491,1.1441,-0.7165
2.05,1.1432,-0.7201
2.0447,1.1432,-0.7135
2.0453,1.1532,-0.7105
2.0447,1.1491,-0.7124
2.0509,1.1491,-0.7178
2.0476,1.1476,-0.714
2.0459,1.1415,-0.7075
2.0488,1.1488,-0.7175
2.05,1.1479,-0.7005
2.0532,1.147,-0.7185
2.0503,1.1508,-0.7457
2.0497,1.147,-0.7108
2.0526,1.1391,-0.7146
2.0453,1.145,-0.7204
2.0541,1.1514,-0.7208
2.0529,1.1447,-0.7093
2.0512,1.1476,-0.7143
2.0453,1.1485,-0.71
2.0479,1.1482,-0.721
2.0517,1.1459,-0.7156
2.05,1.1447,-0.715
2.0523,1.1473,-0.716
2.0491,1.1441,-0.7178
2.0523,1.1494,-0.7156
2.052,1.1444,-0.7184
2.0514,1.15,-0.7125
2.0514,1.1426,-0.7186
2.057,1.1432,-0.6802
2.0512,1.1505,-0.7203
2.0503,1.1412,-0.711
2.0476,1.1397,-0.709
2.0453,1.1441,-0.7122
2.0552,1.1383,-0.7257
2.0514,1.1447,-0.7102
2.0547,1.1406,-0.7122
2.0547,1.1438,-0.717
2.0494,1.1438,-0.7091
2.0433,1.1447,-0.7135
2.0491,1.1432,-0.715
2.0444,1.1447,-0.7173
2.0474,1.1406,-0.7125
2.0474,1.1502,-0.7141
2.0468,1.1441,-0.7179
2.0535,1.1482,-0.7147
2.0488,1.1421,-0.7153
2.0567,1.1368,-0.7118
2.0398,1.1388,-0.7143
2.0474,1.1497,-0.7172
2.0482,1.147,-0.7033
2.0488,1.1476,-0.708
2.0485,1.1447,-0.7089
2.0476,1.1479,-0.717
2.0471,1.1444,-0.7124
2.0514,1.1418,-0.7097
2.0482,1.15,-0.708
2.0538,1.1464,-0.7105
2.0479,1.1415,-0.7081
2.0526,1.15,-0.7109
2.0535,1.1421,-0.707
2.0444,1.1464,-0.7102
2.0485,1.1494,-0.7058
2.0465,1.1494,-0.7004
2.0526,1.1482,-0.7157
2.0564,1.1415,-0.714
2.0541,1.147,-0.7105
2.0523,1.1441,-0.7089
2.0512,1.1441,-0.7137
2.0512,1.1502,-0.7089
2.0512,1.1467,-0.7157
2.0558,1.1476,-0.7185
2.0561,1.1447,-0.704
2.0538,1.1374,-0.7083
2.0497,1.1435,-0.7099
2.0491,1.1421,-0.7138
2.0465,1.1485,-0.7153
2.0529,1.1479,-0.7021
2.0538,1.1532,-0.7102
2.0482,1.147,-0.7153
2.0462,1.1488,-0.7062
2.0523,1.1418,-0.6986
2.0453,1.1485,-0.7075
2.0506,1.1505,-0.6992
2.0462,1.1444,-0.707
2.0517,1.1409,-0.7157
2.0456,1.1429,-0.7081
2.0491,1.1479,-0.7039
2.0555,1.1459,-0.7049
2.0514,1.1502,-0.703
2.0506,1.1421,-0.7058
2.0529,1.1491,-0.7091
2.0509,1.1526,-0.7109
2.0494,1.1435,-0.7039
2.0506,1.1426,-0.7081
2.0506,1.1444,-0.7074
2.0441,1.1441,-0.7153
2.0532,1.145,-0.71
2.0514,1.1479,-0.72
2.0567,1.1497,-0.7048
2.0476,1.1485,-0.7059
2.0558,1.1473,-0.7072
2.0561,1.1447,-0.7173
2.0497,1.1453,-0.7034
2.0474,1.1494,-0.7175
2.0468,1.1462,-0.701
2.0474,1.1432,-0.7108
2.0491,1.147,-0.7059
2.05,1.154,-0.7055
2.0456,1.1459,-0.7049
2.0503,1.1421,-0.7099
2.0474,1.1505,-0.7011
2.0512,1.1459,-0.71
2.0479,1.1418,-0.7075
2.0474,1.1438,-0.6986
2.0427,1.1456,-0.7146
2.0488,1.1453,-0.7033
2.0395,1.1462,-0.7002
2.0497,1.1421,-0.6992
2.0482,1.138,-0.7051
2.0427,1.152,-0.7061
2.0517,1.1397,-0.7024
2.0541,1.1456,-0.7072
2.0529,1.1497,-0.7058
2.0497,1.1464,-0.7086
2.0526,1.1511,-0.7156
2.0462,1.1377,-0.7074
2.0471,1.1432,-0.7103
2.0491,1.1424,-0.7102
2.0459,1.1462,-0.7127
2.0476,1.1538,-0.7138
2.0535,1.1412,-0.7128
2.0503,1.147,-0.7165
2.0441,1.1511,-0.7179
2.0406,1.1444,-0.703
2.0488,1.1488,-0.7109
2.0552,1.1441,-0.7005
2.0424,1.1464,-0.7091
2.0392,1.1444,-0.7113
2.0444,1.1459,-0.6801
2.045,1.1418,-0.7005
2.0468,1.1406,-0.709
2.043,1.1412,-0.7135
2.0482,1.1429,-0.7099
2.0526,1.1438,-0.7109
2.0436,1.1462,-0.7059
2.0427,1.1415,-0.7026
2.0438,1.1403,-0.7127
2.0497,1.1386,-0.7049
2.0476,1.1368,-0.7147
2.0444,1.1397,-0.708
2.0421,1.15,-0.7102
2.0433,1.1426,-0.7055
2.0398,1.1517,-0.7204
2.0444,1.1459,-0.7103
2.0418,1.1415,-0.6999
2.0371,1.1476,-0.7102
2.0322,1.1514,-0.7011
2.024,1.1517,-0.6899
2.0099,1.1538,-0.7032
2.0099,1.1605,-0.702
2.0067,1.1672,-0.7018
1.9977,1.1766,-0.7026
2.0038,1.1844,-0.6977
1.9971,1.1929,-0.7018
1.998,1.209,-0.7018
1.9892,1.2125,-0.701
1.9924,1.2157,-0.7005
1.9906,1.2119,-0.7072
1.9918,1.2169,-0.7014
1.9953,1.2146,-0.7065
1.9959,1.2108,-0.7072
1.993,1.2093,-0.6992
1.9904,1.2122,-0.7027
1.9977,1.223,-0.6998
1.9953,1.2192,-0.6941
1.998,1.2131,-0.708
1.9944,1.2265,-0.7055
1.9939,1.2224,-0.6963
1.9848,1.2315,-0.7021
1.9944,1.2374,-0.6992
1.9944,1.2327,-0.6934
1.9906,1.2336,-0.7049
1.995,1.2359,-0.7014
1.9942,1.2245,-0.6894
1.9936,1.2336,-0.696
1.9924,1.2341,-0.6994
1.9959,1.2318,-0.7027
1.9883,1.2324,-0.6963
1.9968,1.2289,-0.6979
1.9988,1.2336,-0.7001
1.9971,1.2321,-0.6986
1.9895,1.2368,-0.7049
1.9933,1.2333,-0.698
1.9912,1.2359,-0.7017
1.993,1.2368,-0.6958
1.9985,1.2409,-0.6973
1.9965,1.2379,-0.7034
1.9947,1.2388,-0.6966
2.0041,1.24,-0.6929
1.995,1.233,-0.6969
1.9965,1.2382,-0.7013
1.9889,1.2368,-0.6915
1.9965,1.2409,-0.6975
1.9877,1.2452,-0.691
1.9868,1.2394,-0.7014
1.9936,1.2409,-0.6948
1.9994,1.2397,-0.6956
1.9901,1.2359,-0.7017
1.9918,1.2368,-0.6991
2.0015,1.2347,-0.6986
2.0006,1.2441,-0.6919
1.9915,1.2417,-0.7011
1.9924,1.2438,-0.7099
1.9915,1.2374,-0.6947
1.9956,1.2429,-0.6988
2.0003,1.2435,-0.7102
1.9997,1.2406,-0.6989
1.9944,1.2444,-0.7051
1.9944,1.2438,-0.6985
1.9965,1.2464,-0.6983
1.9904,1.247,-0.7011
1.9921,1.2388,-0.6994
1.9883,1.2409,-0.7032
1.9906,1.2409,-0.7075
1.9901,1.2417,-0.6929
1.9971,1.2467,-0.7045
1.993,1.2344,-0.6991
1.9959,1.2455,-0.7037
1.9901,1.2429,-0.6944
1.9942,1.2394,-0.7021
1.9927,1.24,-0.6918
1.9924,1.2412,-0.6926
1.9982,1.2344,-0.6958
2.0006,1.2429,-0.697
1.9927,1.2382,-0.7027
1.9959,1.2385,-0.7046
2.0006,1.2353,-0.7037
1.993,1.242,-0.7072
1.9912,1.242,-0.704
1.9933,1.2397,-0.6913
1.9933,1.2686,-0.7013
1.9962,1.233,-0.7081
1.995,1.2333,-0.6913
1.9921,1.2336,-0.6956
2.0,1.2303,-0.6975
1.9974,1.2379,-0.7011
1.9965,1.2374,-0.7011
1.9947,1.2295,-0.6976
1.9959,1.2382,-0.6766
1.9912,1.2315,-0.6995
1.9962,1.2362,-0.6947
1.9965,1.233,-0.6932
1.9944,1.2426,-0.703
1.9959,1.2388,-0.6923
1.9971,1.2362,-0.6944
2.0026,1.2406,-0.7056
1.9982,1.2379,-0.6907
1.9944,1.2391,-0.7053
1.9918,1.2391,-0.6931
1.9965,1.2397,-0.6983
1.9942,1.2333,-0.7065
1.9971,1.2365,-0.7106
1.9942,1.2376,-0.6989
2.0006,1.2435,-0.695
1.9942,1.2394,-0.6991
1.9909,1.2385,-0.6967
1.9927,1.2336,-0.6991
1.9906,1.2458,-0.7032
1.9898,1.2333,-0.6992
1.9936,1.2473,-0.7026
1.9933,1.2374,-0.7072
1.9965,1.2397,-0.7046
1.9971,1.2394,-0.7023
1.9939,1.2429,-0.6967
1.9915,1.2719,-0.6957
1.9915,1.2365,-0.7005
1.9936,1.2394,-0.6979
1.9848,1.2376,-0.698
1.9886,1.2403,-0.6976
1.9915,1.2417,-0.6992
1.9921,1.235,-0.7046
1.9927,1.2397,-0.7037
1.995,1.2441,-0.702
1.9912,1.2417,-0.7021
1.9959,1.2447,-0.7062
1.9977,1.2382,-0.7007
1.9892,1.2432,-0.7018
1.9953,1.2423,-0.6976
1.9939,1.2423,-0.7001
1.9942,1.2435,-0.7018
1.9977,1.2435,-0.6992
1.9886,1.2447,-0.6958
1.9927,1.2394,-0.6948
1.9936,1.2394,-0.7005
1.9974,1.2391,-0.7045
1.9971,1.2502,-0.6951
1.9918,1.2338,-0.6992
1.9953,1.2426,-0.701
1.9977,1.2417,-0.6941
1.9956,1.2359,-0.708
1.9959,1.2409,-0.6975
1.9947,1.2447,-0.6856
1.9912,1.24,-0.6975
1.9974,1.2394,-0.6942
1.9915,1.2397,-0.69
1.9912,1.2397,-0.6983
1.9944,1.2426,-0.6988
1.9965,1.2371,-0.6947
1.9927,1.2444,-0.7008
1.9971,1.2482,-0.6923
1.9889,1.2473,-0.7049
1.9968,1.2482,-0.6919
2.0018,1.2444,-0.708
1.9997,1.245,-0.6869
1.9933,1.2461,-0.7013
1.9991,1.2455,-0.6954
1.9904,1.242,-0.6941
1.9956,1.2464,-0.6977
1.9947,1.2362,-0.7029
1.9985,1.2549,-0.7027
1.9904,1.2423,-0.7021
1.9866,1.242,-0.7094
1.9956,1.2409,-0.6944
1.9904,1.24,-0.701
1.9971,1.2406,-0.7005
2.0,1.2376,-0.6991
1.9921,1.2382,-0.7094
2.0012,1.2374,-0.7103
1.9959,1.2412,-0.7037
1.9868,1.2455,-0.7109
1.9927,1.2417,-0.7071
1.993,1.2385,-0.7039
1.9909,1.2336,-0.7071
1.9868,1.2379,-0.702
1.9921,1.2417,-0.695
1.9877,1.2385,-0.6961
1.9898,1.24,-0.7004
1.9839,1.2385,-0.6982
1.9912,1.2423,-0.7051
1.9901,1.2429,-0.6958
1.9939,1.2417,-0.6957
1.9921,1.2376,-0.6915
1.995,1.24,-0.6967
1.9898,1.2365,-0.6912
1.9906,1.2359,-0.7013
1.9906,1.2441,-0.6996
1.9936,1.2412,-0.697
1.9889,1.242,-0.6966
1.9971,1.2435,-0.6916
1.9918,1.2344,-0.6948
1.9892,1.2365,-0.6925
1.9898,1.2409,-0.6945
1.9962,1.2452,-0.6919
1.9953,1.2417,-0.6988
1.9962,1.2368,-0.6956
1.9906,1.2447,-0.6906
1.988,1.24,-0.7018
1.9968,1.245,-0.7043
1.9953,1.2397,-0.7036
2.0035,1.2382,-0.7051
1.9918,1.2423,-0.701
1.9901,1.2473,-0.701
1.9906,1.2447,-0.7089
1.9889,1.2493,-0.6976
1.9915,1.2379,-0.6945
1.9944,1.2447,-0.703
2.0009,1.2508,-0.7045
1.9942,1.2414,-0.7014
1.9959,1.2397,-0.7061
1.9944,1.2458,-0.6913
2.0,1.2452,-0.7144
1.9927,1.2429,-0.7127
1.9924,1.2376,-0.7034
1.9974,1.2414,-0.7014
2.0003,1.2414,-0.7004
2.0,1.2414,-0.7074
1.9871,1.2429,-0.6931
1.9924,1.2447,-0.6961
1.9848,1.242,-0.6979
1.9982,1.2374,-0.703
1.9959,1.24,-0.6989
1.9874,1.2432,-0.7064
1.9962,1.2379,-0.7024
1.9892,1.2374,-0.7087
1.9985,1.2394,-0.7135
1.9936,1.2403,-0.7042
1.9912,1.2368,-0.7018
1.9994,1.2403,-0.7062
2.0012,1.2438,-0.7017
1.9936,1.2482,-0.697
1.9944,1.2397,-0.6992
1.9974,1.2473,-0.7039
1.9918,1.2388,-0.7053
1.9906,1.2379,-0.7036
1.995,1.2432,-0.7013
1.9906,1.2382,-0.71
1.9898,1.2379,-0.7157
1.9906,1.2382,-0.708
1.9994,1.2359,-0.7042
2.0009,1.2406,-0.7093
1.9947,1.2394,-0.7048
1.9982,1.2356,-0.7021
1.9933,1.24,-0.6989
2.0041,1.2435,-0.7011
1.9877,1.2429,-0.7018
1.9947,1.2438,-0.691
1.9942,1.2371,-0.7045
1.9982,1.2391,-0.7011
2.0012,1.2394,-0.6967
2.0009,1.2426,-0.7064
2.0009,1.2455,-0.7049
1.9924,1.2432,-0.7062
1.9982,1.2368,-0.709
1.9898,1.2452,-0.707
1.9956,1.2403,-0.7005
1.9944,1.2438,-0.7086
1.995,1.2412,-0.7032
1.9939,1.2388,-0.696
1.995,1.2376,-0.7015
1.995,1.2376,-0.6882
1.9962,1.247,-0.7052
1.993,1.2406,-0.7074
1.9962,1.2417,-0.6982
1.9909,1.2438,-0.6975
2.0015,1.2385,-0.7037
2.0056,1.2371,-0.6996
1.9947,1.2376,-0.6961
2.0003,1.2412,-0.6957
1.9942,1.2385,-0.688
1.9997,1.242,-0.71
1.9988,1.2382,-0.6992
1.9924,1.2394,-0.6999
1.9962,1.235,-0.6916
1.9921,1.2376,-0.7065
1.9982,1.2455,-0.6988
1.9994,1.2388,-0.7065
1.995,1.2464,-0.6956
1.9936,1.2397,-0.7007
1.9895,1.2412,-0.7112
1.9889,1.2441,-0.7046
1.9939,1.2374,-0.7103
1.9942,1.2438,-0.7026
1.9924,1.2473,-0.7033
1.9982,1.2464,-0.7027
1.9953,1.2417,-0.7033
1.9939,1.2321,-0.7024
1.9936,1.2406,-0.6896
1.9933,1.2403,-0.6881
1.9974,1.2397,-0.6969
1.9904,1.2371,-0.704
1.9959,1.2412,-0.6977
1.9965,1.2374,-0.6967
1.9971,1.2341,-0.6967
1.9994,1.2374,-0.7055
1.9953,1.2376,-0.6992
1.998,1.2379,-0.6923
2.0018,1.2464,-0.7131
2.0029,1.2464,-0.6904
2.0029,1.2391,-0.7074
1.998,1.2341,-0.7046
1.9982,1.24,-0.7093
1.9962,1.2417,-0.6976
1.9997,1.2403,-0.6975
1.9959,1.2327,-0.6999
1.9915,1.2432,-0.7005
1.9956,1.2362,-0.7075
2.0029,1.2379,-0.6961
2.0058,1.2359,-0.7074
1.9956,1.2479,-0.6999
2.005,1.2368,-0.6979
1.9988,1.2379,-0.7134
1.9965,1.2356,-0.7029
1.9947,1.2397,-0.7108
1.9974,1.2412,-0.7061
1.9939,1.2432,-0.7119
1.9994,1.2432,-0.6995
1.9985,1.242,-0.6986
2.0018,1.2406,-0.7042
1.9991,1.2432,-0.7034
2.0061,1.2461,-0.7061
2.0038,1.2447,-0.7005
2.0009,1.242,-0.7008
1.9962,1.2356,-0.6948
2.0023,1.2447,-0.6939
2.0064,1.247,-0.6999
2.0044,1.2391,-0.7077
1.9939,1.2412,-0.7017
1.9991,1.2338,-0.7029
2.0009,1.2397,-0.6953
2.0041,1.2409,-0.7067
1.9985,1.2414,-0.7163
1.9988,1.242,-0.7005
1.9942,1.2464,-0.7046
1.9968,1.2409,-0.7013
1.9991,1.2379,-0.6999
1.9994,1.2417,-0.7087
1.9974,1.2452,-0.6976
2.0023,1.2385,-0.7011
1.9956,1.2338,-0.7093
1.9962,1.2382,-0.701
1.9968,1.2412,-0.7023
1.998,1.2388,-0.7064
2.0018,1.2476,-0.7061
2.0061,1.2338,-0.7045
1.9977,1.2388,-0.6992
2.0,1.2406,-0.6918
2.0056,1.2406,-0.6942
2.0041,1.2385,-0.7049
2.0012,1.2371,-0.7055
1.998,1.2338,-0.7081
1.9942,1.2376,-0.7061
2.0006,1.2403,-0.6961
1.9901,1.2423,-0.6989
1.9921,1.2376,-0.6989
1.9991,1.2409,-0.6966
1.9924,1.2409,-0.6973
1.9927,1.2353,-0.6966
2.0012,1.2379,-0.6904
1.9982,1.2353,-0.6918
1.9947,1.2327,-0.6975
1.9982,1.2371,-0.6915
1.9988,1.2409,-0.7116
1.993,1.2394,-0.7096
1.995,1.2409,-0.7032
2.002,1.2467,-0.7046
1.9921,1.242,-0.7005
1.9868,1.2397,-0.6945
1.9939,1.2423,-0.7072
1.9965,1.2397,-0.697
1.9944,1.2417,-0.7013
1.9959,1.2426,-0.7143
1.9985,1.2499,-0.7033
1.9924,1.2458,-0.7072
1.9912,1.2476,-0.7055
1.9974,1.2511,-0.7089
1.9977,1.245,-0.697
1.9974,1.2491,-0.7007
1.9944,1.2417,-0.7024
1.9947,1.2467,-0.7034
1.998,1.2397,-0.7071
1.998,1.2432,-0.7089
1.9991,1.2376,-0.7065
2.0026,1.2403,-0.7002
2.0006,1.24,-0.7023
1.9959,1.2426,-0.7075
1.9994,1.2412,-0.7084
2.0041,1.2417,-0.7086
2.0006,1.2417,-0.7083
1.9997,1.2336,-0.7075
1.9944,1.2382,-0.7115
1.9968,1.245,-0.7112
2.0035,1.2338,-0.7067
2.0018,1.2426,-0.704
1.9974,1.2382,-0.7084
1.9991,1.2388,-0.7061
2.0026,1.2374,-0.7071
1.9953,1.2365,-0.7067
2.0023,1.2417,-0.7026
1.995,1.242,-0.715
1.9971,1.2385,-0.7093
2.0023,1.2359,-0.7112
1.9988,1.2417,-0.7074
2.0006,1.2391,-0.7102
2.0009,1.233,-0.7113
1.9988,1.2341,-0.7026
1.9991,1.2412,-0.7052
1.9956,1.2365,-0.7036
1.9959,1.2435,-0.6991
2.0038,1.2365,-0.7032
2.0,1.2338,-0.6998
1.9883,1.2353,-0.698
2.0003,1.2312,-0.7021
1.9959,1.2385,-0.7036
1.9985,1.2441,-0.7113
1.9962,1.2324,-0.711
1.9977,1.2473,-0.7062
1.9977,1.2359,-0.7062
2.0096,1.2441,-0.7074
1.9971,1.2376,-0.7078
1.9965,1.2359,-0.6941
1.9959,1.2333,-0.696
1.9971,1.2371,-0.6972
1.9997,1.2362,-0.7033
2.0003,1.2362,-0.6998
1.9974,1.235,-0.6913
1.9977,1.2382,-0.7042
1.9962,1.2382,-0.7002
2.002,1.242,-0.7096
1.9962,1.235,-0.7034
1.9971,1.2429,-0.7023
1.9953,1.2391,-0.695
2.0006,1.24,-0.7045
1.9965,1.2412,-0.7071
2.0018,1.2368,-0.7148
1.993,1.2412,-0.7071
2.0009,1.2403,-0.7109
1.9971,1.24,-0.707
1.998,1.2432,-0.6977
1.993,1.2368,-0.6982
1.9965,1.2385,-0.6964
1.9982,1.2435,-0.6992
1.9947,1.235,-0.7062
2.0012,1.2376,-0.7011
1.9901,1.2303,-0.704
1.9962,1.2365,-0.6923
1.998,1.2347,-0.7051
1.9942,1.2376,-0.7121
1.9982,1.2344,-0.7027
1.9909,1.2374,-0.7007
1.9953,1.2359,-0.7086
1.9912,1.2347,-0.7068
1.9927,1.2382,-0.6989
1.9936,1.2385,-0.7128
1.9912,1.2371,-0.7051
1.9991,1.2409,-0.7064
1.9906,1.2394,-0.7001
1.9906,1.2406,-0.7105
1.9924,1.2388,-0.7124
1.9895,1.2397,-0.6958
1.9985,1.2432,-0.698
1.9971,1.2444,-0.7089
1.9971,1.2312,-0.7051
1.9939,1.2403,-0.6988
1.9959,1.2359,-0.7112
1.998,1.2388,-0.7124
1.9909,1.2388,-0.7061
2.0047,1.2455,-0.7083
1.9985,1.2429,-0.7045
1.9906,1.2353,-0.6948
1.9889,1.242,-0.7027
1.9962,1.24,-0.7049
1.9944,1.24,-0.7058
2.0018,1.2414,-0.7093
1.9959,1.2347,-0.7055
1.9933,1.2362,-0.7052
1.9944,1.2432,-0.7115
1.9962,1.233,-0.7024
1.9942,1.2371,-0.7037
1.9863,1.2359,-0.7034
1.9962,1.2356,-0.7032
1.9971,1.2312,-0.7094
1.9991,1.2394,-0.6977
1.9994,1.235,-0.7064
1.9953,1.2306,-0.6973
1.9959,1.2347,-0.7024
1.9944,1.228,-0.7008
2.0041,1.233,-0.7078
1.9936,1.2353,-0.7005
1.9918,1.2295,-0.7062
1.9956,1.2362,-0.7048
1.9991,1.2333,-0.7045
1.9953,1.2423,-0.7061
1.998,1.2426,-0.7128
2.0,1.2347,-0.7004
1.9968,1.233,-0.7086
2.0041,1.2403,-0.7071
1.9942,1.2368,-0.7124
1.9939,1.2412,-0.7127
1.9982,1.2344,-0.7065
1.9953,1.2362,-0.7055
1.988,1.2376,-0.7052
1.998,1.2362,-0.7105
1.9974,1.2394,-0.6948
1.9977,1.2412,-0.7081
1.9994,1.2362,-0.7008
2.0003,1.2394,-0.7037
2.0003,1.2412,-0.703
2.0035,1.2432,-0.7065
2.0082,1.2374,-0.7141
1.993,1.2356,-0.7036
1.9971,1.2376,-0.711
1.9918,1.2324,-0.6976
1.9927,1.2423,-0.6989
2.0003,1.2385,-0.7086
2.0,1.2368,-0.7074
2.0018,1.2344,-0.6966
2.0067,1.2368,-0.6966
1.9953,1.2321,-0.7147
2.0009,1.2336,-0.703
2.0012,1.2382,-0.7067
2.0012,1.2379,-0.7036
1.9982,1.2441,-0.6994
2.0,1.2423,-0.6954
2.0,1.2374,-0.6992
2.0035,1.2455,-0.7024
1.9988,1.2333,-0.7094
2.0,1.2473,-0.701
1.9953,1.2379,-0.6983
1.995,1.242,-0.6918
2.0006,1.2406,-0.708
1.9988,1.2379,-0.701
1.9939,1.2338,-0.7001
1.9944,1.2429,-0.7015
1.9962,1.2356,-0.7036
2.0026,1.2485,-0.7129
1.995,1.2409,-0.6935
1.9965,1.2438,-0.6964
2.0006,1.2371,-0.7046
2.0,1.2362,-0.6967
1.9933,1.2368,-0.6994
1.9953,1.2338,-0.7011
2.002,1.2388,-0.707
2.0006,1.2423,-0.6999
2.0026,1.2312,-0.7144
1.993,1.2362,-0.7113
1.9956,1.2347,-0.7103
2.0015,1.2403,-0.7052
1.9947,1.2382,-0.6999
2.0015,1.2353,-0.7023
1.9994,1.2336,-0.6948
1.9953,1.2382,-0.6956
1.998,1.2406,-0.6967
1.9962,1.2306,-0.6958
1.9994,1.2391,-0.7023
1.9947,1.2385,-0.7097
1.9953,1.2406,-0.6934
1.9991,1.2403,-0.7026
1.9953,1.2403,-0.6899
1.9977,1.2409,-0.6937
1.9985,1.2409,-0.6979
2.0058,1.24,-0.7011
1.9921,1.2341,-0.6909
1.9909,1.2391,-0.6951
1.9851,1.2414,-0.7032
1.9918,1.2388,-0.7002
1.9953,1.2403,-0.698
1.9977,1.2447,-0.6944
1.9927,1.2359,-0.6961
1.9959,1.2368,-0.714
1.9965,1.2432,-0.7154
1.9977,1.2423,-0.6964
1.9959,1.2382,-0.6958
1.9974,1.2376,-0.6986
1.995,1.2447,-0.6988
2.005,1.2376,-0.7061
1.998,1.2353,-0.7013
1.9959,1.2397,-0.704
1.9977,1.2388,-0.7017
2.0029,1.235,-0.7002
2.002,1.2385,-0.7052
2.0,1.2388,-0.7084
1.9994,1.2397,-0.697
1.9912,1.24,-0.7048
1.9956,1.24,-0.7072
1.9927,1.2458,-0.708
1.9982,1.2432,-0.7059
1.9942,1.24,-0.7065
1.9939,1.2374,-0.7056
1.9982,1.2403,-0.7008
1.9953,1.2353,-0.7138
1.9959,1.2403,-0.7062
1.9971,1.2403,-0.7029
1.998,1.2435,-0.7017
2.0,1.2406,-0.7137
1.9942,1.2406,-0.7075
1.9898,1.2441,-0.7048
1.9971,1.2368,-0.7135
2.0096,1.2388,-0.7018
2.0,1.2444,-0.7034
1.9921,1.2356,-0.7074
1.9904,1.2514,-0.7037
2.0006,1.2376,-0.7049
2.0,1.2312,-0.7015
1.9962,1.2412,-0.7049
1.995,1.2426,-0.6989
2.0026,1.2417,-0.7068
1.9939,1.2344,-0.7096
1.9953,1.2403,-0.7112
1.9933,1.2406,-0.7122
1.9886,1.2371,-0.7146
1.9947,1.2412,-0.7002
1.9962,1.2403,-0.6977
1.9959,1.24,-0.7002
1.9874,1.2441,-0.7064
2.0012,1.2388,-0.7013
1.995,1.2452,-0.6856
1.9901,1.2391,-0.6953
1.993,1.2391,-0.701
1.9939,1.2283,-0.696
1.9944,1.2338,-0.6991
1.9965,1.2376,-0.6928
1.9933,1.2303,-0.7064
1.9871,1.2341,-0.7005
1.9959,1.235,-0.6972
1.9898,1.2426,-0.6996
1.9971,1.2385,-0.7034
1.9968,1.2365,-0.6985
1.9927,1.2391,-0.7055
2.0006,1.2347,-0.7135
1.9994,1.2414,-0.6915
1.995,1.2333,-0.6919
1.9974,1.2385,-0.7037
2.0012,1.235,-0.6928
1.9912,1.2371,-0.7128
1.9924,1.2409,-0.7013
1.9886,1.235,-0.6999
1.986,1.2374,-0.6942
1.9912,1.2309,-0.6957
1.9927,1.2379,-0.6964
1.9959,1.2374,-0.7013
1.9977,1.24,-0.6932
2.0029,1.2382,-0.6964
2.0026,1.2423,-0.7065
1.998,1.2356,-0.6956
1.9968,1.2376,-0.6922
1.9953,1.2432,-0.6964
1.9965,1.2327,-0.7015
1.9898,1.2394,-0.7056
1.9918,1.245,-0.6999
1.9962,1.2403,-0.6939
1.9982,1.2429,-0.6935
1.9933,1.2409,-0.7004
1.9971,1.2356,-0.6872
1.9968,1.2356,-0.6972
1.9977,1.2452,-0.6941
1.9889,1.2491,-0.6973
1.9892,1.2394,-0.6953
2.0032,1.2417,-0.7048
2.0032,1.2423,-0.7017
1.9947,1.235,-0.6941
1.9962,1.2429,-0.704
2.0018,1.2394,-0.6948
2.005,1.2362,-0.6989
2.0023,1.2435,-0.703
1.9994,1.2409,-0.6969
1.9956,1.245,-0.7053
1.9942,1.245,-0.709
1.9968,1.2438,-0.7029
1.9977,1.2485,-0.6976
1.998,1.2432,-0.7023
1.9933,1.2458,-0.7052
1.993,1.2412,-0.6956
1.9933,1.2391,-0.7018
1.9933,1.1991,-0.7046
1.9953,1.2435,-0.7017
1.9915,1.2455,-0.6983
1.9833,1.24,-0.7021
1.9886,1.2391,-0.7046
1.995,1.2376,-0.7049
1.9991,1.2376,-0.6995
1.9886,1.2338,-0.7026
1.9997,1.2376,-0.7037
1.9956,1.2429,-0.7131
1.986,1.2374,-0.7017
1.9939,1.2385,-0.6999
1.9933,1.2374,-0.7065
1.9997,1.2429,-0.6969
1.9953,1.2353,-0.7033
1.9942,1.2391,-0.6991
1.9936,1.2359,-0.7091
1.9933,1.2385,-0.7002
2.0009,1.2417,-0.709
1.995,1.2406,-0.6988
1.9857,1.2464,-0.6964
1.9901,1.2359,-0.704
1.9944,1.2426,-0.6967
1.9959,1.2409,-0.7007
2.0012,1.2388,-0.7146
2.0015,1.2409,-0.7059
1.9956,1.2412,-0.714
1.9988,1.2321,-0.708
2.0,1.2426,-0.7043
1.9997,1.2333,-0.6982
1.9886,1.2391,-0.6992
1.9915,1.2409,-0.708
1.9927,1.2409,-0.6992
2.0012,1.2464,-0.7017
2.0041,1.2394,-0.7032
1.9965,1.2423,-0.6944
1.9959,1.24,-0.6982
1.9997,1.2376,-0.7064
1.9918,1.2385,-0.704
1.995,1.2444,-0.7062
1.9921,1.2388,-0.7033
1.9982,1.2414,-0.6958
2.0012,1.2368,-0.7048
1.9921,1.245,-0.7072
1.9991,1.2333,-0.7024
1.9921,1.2429,-0.6983
2.0003,1.2368,-0.6989
1.9944,1.2409,-0.6998
1.9962,1.2318,-0.6963
1.9939,1.2376,-0.7046
2.0044,1.2374,-0.701
1.9962,1.228,-0.7037
1.9933,1.2371,-0.6947
1.9927,1.2298,-0.7113
1.9921,1.2362,-0.6999
1.9942,1.2359,-0.7034
2.0006,1.2379,-0.703
1.9977,1.2353,-0.704
1.9944,1.2338,-0.7007
1.9944,1.2333,-0.7014
1.9947,1.235,-0.7043
1.995,1.2347,-0.7014
1.9898,1.2353,-0.6919
1.9947,1.2362,-0.7007
2.0009,1.2458,-0.6986
1.9889,1.2374,-0.7042
1.9965,1.2452,-0.7052
2.0006,1.2374,-0.6926
1.9947,1.2347,-0.6945
1.9968,1.2447,-0.7015
2.0026,1.2394,-0.7001
2.0,1.2385,-0.7115
1.9956,1.2365,-0.697
1.9909,1.2385,-0.7084
1.9977,1.2379,-0.6972
1.9936,1.2394,-0.6982
1.9947,1.2397,-0.6995
1.9942,1.2414,-0.7013
1.9909,1.2344,-0.7021
1.995,1.2417,-0.6967
1.9942,1.2388,-0.6994
1.9956,1.2441,-0.7061
1.9982,1.2344,-0.7007
1.9965,1.235,-0.7039
1.9965,1.2368,-0.7042
2.0003,1.2412,-0.6947
1.9974,1.2379,-0.6988
2.0067,1.2371,-0.7043
2.0009,1.2379,-0.6894
2.0041,1.2376,-0.6956
1.9997,1.2327,-0.6986
1.9936,1.2385,-0.6922
1.9988,1.2412,-0.6983
2.0038,1.2455,-0.6999
1.9965,1.2324,-0.7008
1.9927,1.2423,-0.6972
1.9874,1.2309,-0.6868
2.0015,1.2391,-0.6989
1.9977,1.2397,-0.7052
1.9988,1.2403,-0.695
1.993,1.2403,-0.7102
1.9921,1.2359,-0.6939
1.9962,1.2385,-0.7061
1.9892,1.2359,-0.6991
1.986,1.24,-0.7042
1.9924,1.2414,-0.691
1.9942,1.2394,-0.7029
1.993,1.2406,-0.6998
1.9947,1.242,-0.7036
1.9985,1.2406,-0.7008
1.9971,1.2447,-0.702
1.9927,1.233,-0.6929
1.9936,1.2382,-0.7086
1.9936,1.2397,-0.6954
1.9974,1.2306,-0.7008
1.9962,1.2385,-0.7059
1.9898,1.2412,-0.6942
1.9959,1.2292,-0.7064
1.993,1.2344,-0.695
2.0003,1.2429,-0.7065
1.998,1.2385,-0.7075
1.9883,1.24,-0.7113
1.9927,1.2461,-0.7008
1.9959,1.2447,-0.6915
1.9924,1.2429,-0.7078
1.9959,1.2414,-0.7023
1.9912,1.2403,-0.7059
1.993,1.2423,-0.6967
1.9906,1.2414,-0.6998
1.9933,1.2359,-0.7001
1.9892,1.2365,-0.7134
1.998,1.245,-0.6963
1.9942,1.2426,-0.7078
1.9997,1.2368,-0.6992
2.0,1.2277,-0.7103
1.9971,1.2268,-0.7004
1.9939,1.2108,-0.698
2.0029,1.1999,-0.7043
2.002,1.188,-0.704
2.0035,1.1763,-0.7021
2.0085,1.166,-0.7115
2.0248,1.1514,-0.7046
2.0237,1.1561,-0.6947
2.031,1.1517,-0.6972
2.0292,1.1538,-0.6998
2.0307,1.147,-0.7039
2.0313,1.1462,-0.7056
2.0351,1.1418,-0.7034
2.0322,1.1426,-0.6994
2.0362,1.1435,-0.7021
2.0351,1.1511,-0.7074
2.0342,1.1482,-0.7002
2.0339,1.1429,-0.7013
2.0441,1.1535,-0.714
2.0371,1.1462,-0.7026
2.0374,1.1444,-0.7052
2.0456,1.1406,-0.7198
2.0424,1.1409,-0.7055
2.0418,1.1447,-0.7058
2.0462,1.1409,-0.7055
2.0348,1.1403,-0.7027
2.043,1.1403,-0.6999
2.0482,1.14,-0.7059
2.043,1.1424,-0.7002
2.0503,1.14,-0.6983
2.0509,1.1517,-0.7148
2.0488,1.152,-0.7051
2.0526,1.1497,-0.6999
2.0488,1.1476,-0.6937
2.0503,1.1403,-0.7138
2.0485,1.1421,-0.7118
2.0526,1.1371,-0.7061
2.0506,1.14,-0.7084
2.0532,1.1435,-0.703
2.0503,1.1391,-0.7068
2.059,1.1444,-0.7089
2.0517,1.1447,-0.7013
2.0538,1.1409,-0.7034
2.0512,1.1426,-0.7018
2.055,1.1441,-0.7125
2.0362,1.1406,-0.7013
2.0438,1.1538,-0.7094
2.0444,1.1438,-0.7064
2.0523,1.1488,-0.6961
2.0479,1.1438,-0.7075
2.0497,1.1429,-0.7026
2.0459,1.1386,-0.7072
2.0433,1.1415,-0.7061
2.0497,1.1447,-0.7061
2.0479,1.1467,-0.707
2.0497,1.1514,-0.7059
2.0488,1.145,-0.7108
2.0512,1.1488,-0.7081
2.0456,1.147,-0.7024
2.055,1.1453,-0.7179
2.0523,1.1415,-0.7102
2.052,1.1476,-0.7099
2.052,1.1391,-0.7078
2.0491,1.1386,-0.702
2.0517,1.1391,-0.7146
2.0544,1.1438,-0.7115
2.0474,1.1409,-0.7042
2.0494,1.1479,-0.7065
2.0526,1.1514,-0.7062
2.0506,1.1488,-0.7173
2.0509,1.1432,-0.7077
2.0512,1.1502,-0.7166
2.0512,1.1464,-0.7143
2.057,1.1421,-0.711
2.0529,1.1447,-0.7075
2.0529,1.1482,-0.7056
2.0512,1.1386,-0.7074
2.0535,1.145,-0.7134
2.0538,1.1491,-0.7064
2.052,1.147,-0.7094
2.0538,1.1505,-0.7201
2.0517,1.1438,-0.7106
2.052,1.1497,-0.7119
2.0509,1.1438,-0.7108
2.0459,1.1447,-0.7108
2.0523,1.15,-0.7089
2.0526,1.1488,-0.7113
2.0491,1.1397,-0.7002
2.0438,1.1432,-0.711
2.0462,1.1403,-0.7039
2.0526,1.1368,-0.7049
2.0529,1.1365,-0.704
2.0456,1.147,-0.7191
2.0441,1.1482,-0.7099
2.0406,1.1494,-0.7124
2.0479,1.1447,-0.6992
2.0555,1.1426,-0.702
2.0535,1.1421,-0.7014
2.0509,1.1359,-0.7068
2.0517,1.147,-0.7074
2.0488,1.1424,-0.7007
2.0497,1.1412,-0.7021
2.0506,1.1397,-0.7093
2.0547,1.1447,-0.71
2.055,1.145,-0.7071
2.052,1.1394,-0.7067
2.0547,1.1368,-0.7051
2.0529,1.138,-0.703
2.0476,1.1435,-0.7105
2.0436,1.1441,-0.7065
2.0523,1.1462,-0.7119
2.0503,1.1435,-0.711
2.0532,1.1435,-0.7084
2.055,1.1426,-0.7084
2.0573,1.1391,-0.7039
2.055,1.1383,-0.7105
2.0523,1.1397,-0.7037
2.0462,1.1342,-0.7051
2.0465,1.1374,-0.7151
2.0555,1.1386,-0.7154
2.0497,1.1421,-0.7061
2.0512,1.1441,-0.7067
2.0488,1.138,-0.7137
2.0588,1.1435,-0.7112
2.0538,1.1348,-0.698
2.0561,1.1459,-0.7087
2.0523,1.1444,-0.6994
2.0476,1.1447,-0.7112
2.0412,1.1467,-0.7064
2.0479,1.1435,-0.709
2.0468,1.1459,-0.7048
2.057,1.1473,-0.7122
2.0523,1.1438,-0.7083
2.0514,1.1418,-0.7027
2.0482,1.1505,-0.7214
2.0517,1.1435,-0.7118
2.021,1.14,-0.7165
2.0541,1.1412,-0.7137
2.0512,1.145,-0.7134
2.0526,1.1424,-0.7034
2.0514,1.1447,-0.6998
2.0482,1.1482,-0.71
2.0488,1.1421,-0.7013
2.0459,1.1444,-0.7013
2.0494,1.15,-0.702
2.0465,1.1444,-0.7059
2.0447,1.1476,-0.7077
2.0456,1.145,-0.7067
2.0503,1.1467,-0.7134
2.0459,1.1432,-0.7043
2.0474,1.1456,-0.7046
2.0491,1.1462,-0.7172
2.0438,1.1441,-0.6979
2.0488,1.1426,-0.7094
2.0552,1.1438,-0.7108
2.0476,1.128,-0.7118
2.0415,1.1459,-0.7027
2.0476,1.1412,-0.7045
2.0465,1.1397,-0.7153
2.0526,1.1397,-0.7153
2.0523,1.1412,-0.7071
2.0512,1.1391,-0.7223
2.05,1.1429,-0.7099
2.0509,1.1403,-0.7213
2.0497,1.1315,-0.7154
2.0544,1.1441,-0.7162
2.0471,1.1415,-0.7059
2.0412,1.1412,-0.7127
2.0509,1.1485,-0.7084
2.0506,1.1409,-0.7184
2.045,1.1453,-0.711
2.0436,1.1438,-0.7131
2.0444,1.14,-0.7096
2.052,1.1362,-0.7144
2.0514,1.1371,-0.7033
2.0541,1.1426,-0.7135
2.0488,1.1418,-0.7147
2.0488,1.1435,-0.7086
2.0561,1.138,-0.7138
2.0485,1.1403,-0.7147
2.0462,1.1307,-0.717
2.0476,1.1397,-0.7093
2.0503,1.1412,-0.7113
2.0506,1.1462,-0.7072
2.0438,1.1421,-0.7072
2.0503,1.1368,-0.7086
2.052,1.1435,-0.7002
2.05,1.145,-0.7045
2.0544,1.14,-0.711
2.0503,1.1435,-0.7048
2.0523,1.1406,-0.6932
2.0465,1.1502,-0.704
2.0471,1.1482,-0.7103
2.0552,1.1453,-0.7081
2.0459,1.1497,-0.711
2.0488,1.138,-0.7165
2.0415,1.1464,-0.7165
2.052,1.1491,-0.7058
2.0576,1.1456,-0.703
2.0573,1.1485,-0.7137
2.0538,1.1488,-0.717
2.0453,1.1438,-0.7197
2.0468,1.1406,-0.7097
2.0509,1.1447,-0.7112
2.0506,1.1426,-0.7103
2.0479,1.1464,-0.7014
2.0453,1.1456,-0.7017
2.0526,1.1362,-0.7065
2.05,1.1421,-0.7068
2.0512,1.1345,-0.7029
2.0535,1.1397,-0.7084
2.0544,1.1421,-0.6789
2.0228,1.1432,-0.7049
2.055,1.1424,-0.7102
2.0567,1.1342,-0.703
2.0497,1.1403,-0.7084
2.057,1.1406,-0.6956
2.052,1.1476,-0.707
2.0532,1.1348,-0.7106
2.0465,1.1424,-0.7061
2.052,1.1394,-0.7086
2.0535,1.1415,-0.7002
2.055,1.1356,-0.7075
2.0555,1.1426,-0.7141
2.0479,1.1464,-0.71
2.0552,1.1394,-0.71
2.0506,1.1333,-0.7051
2.0506,1.1421,-0.7124
2.0474,1.1432,-0.6767
2.0561,1.1415,-0.7049
2.0474,1.1371,-0.7078
2.0444,1.1447,-0.7033
2.0482,1.1397,-0.7029
2.0497,1.1353,-0.7072
2.0503,1.1415,-0.702
2.0573,1.1318,-0.7062
2.0453,1.1374,-0.7166
2.0579,1.1409,-0.7122
2.0547,1.1283,-0.7166
2.0506,1.1371,-0.7147
2.0488,1.1327,-0.7011
2.0482,1.133,-0.7013
2.05,1.1394,-0.7011
2.045,1.1403,-0.7015
2.0468,1.1429,-0.701
2.0532,1.1447,-0.695
2.0412,1.133,-0.7074
2.0453,1.1336,-0.6994
2.0506,1.1356,-0.7074
2.0447,1.1368,-0.7115
2.0509,1.1383,-0.7048
2.0476,1.1339,-0.7106
2.0585,1.1348,-0.7096
2.0517,1.1371,-0.7068
2.0535,1.1368,-0.7102
2.0468,1.1345,-0.7056
2.0465,1.1403,-0.7109
2.0512,1.1342,-0.7103
2.0512,1.1415,-0.7156
2.0512,1.1397,-0.7127
2.0555,1.1412,-0.7182
2.0541,1.1424,-0.7112
2.0526,1.1415,-0.7018
2.0427,1.1467,-0.6915
2.0555,1.1371,-0.6961
2.0476,1.1397,-0.7024
2.0497,1.1374,-0.703
2.0447,1.1418,-0.7182
2.0512,1.1456,-0.7078
2.0517,1.1409,-0.7021
2.0482,1.1345,-0.7137
2.0526,1.1421,-0.7018
2.0497,1.1383,-0.7026
2.0497,1.1426,-0.7086
2.0412,1.1505,-0.7055
2.0418,1.1435,-0.7137
2.0392,1.1421,-0.6973
2.0322,1.1511,-0.7034
2.0263,1.1523,-0.6995
2.0234,1.1584,-0.7045
2.0561,1.1646,-0.7001
2.0152,1.1593,-0.6977
2.0126,1.1631,-0.7036
2.0149,1.1625,-0.71
2.0167,1.1719,-0.7061
2.0132,1.1593,-0.6948
2.0134,1.159,-0.6983
2.0044,1.1581,-0.7061
2.0117,1.1584,-0.7118
2.0123,1.1567,-0.7105
2.012,1.164,-0.7116
2.0111,1.1652,-0.7048
2.0032,1.1678,-0.6995
2.0088,1.1619,-0.698
2.002,1.171,-0.697
2.0073,1.1751,-0.702
2.0035,1.1681,-0.6979
2.0061,1.1654,-0.7059
2.0094,1.1663,-0.7081
2.0058,1.1745,-0.7034
2.0061,1.173,-0.6992
2.0117,1.1695,-0.709
2.0006,1.1716,-0.7007
2.007,1.1704,-0.708
2.0038,1.1763,-0.6977
2.0061,1.1692,-0.6986
2.0099,1.173,-0.6982
2.0012,1.1695,-0.7056
2.0012,1.1748,-0.6958
1.998,1.1763,-0.7008
2.0079,1.1695,-0.7029
2.0047,1.171,-0.7067
2.0032,1.1771,-0.6976
2.0102,1.1745,-0.7027
2.0032,1.1716,-0.7011
2.005,1.1692,-0.7089
1.9982,1.1643,-0.704
2.0035,1.1669,-0.7102
2.0064,1.176,-0.7125
2.0015,1.1675,-0.7043
2.0088,1.1698,-0.6977
2.0061,1.171,-0.6751
2.0041,1.1742,-0.692
2.007,1.1792,-0.7064
2.0044,1.1719,-0.7065
2.0047,1.1804,-0.7007
2.0047,1.1716,-0.7007
2.0099,1.1733,-0.6985
2.007,1.1806,-0.7084
2.0079,1.1768,-0.7048
2.0114,1.1774,-0.7176
2.0117,1.1713,-0.6988
2.0076,1.1707,-0.7048
2.0061,1.1824,-0.7062
2.0073,1.1768,-0.7015
2.0032,1.1728,-0.7011
2.0064,1.1736,-0.7036
2.0058,1.1704,-0.7067
2.0088,1.1754,-0.7106
2.0047,1.1698,-0.7105
2.0023,1.1783,-0.7141
2.007,1.1757,-0.7094
2.0079,1.1742,-0.7017
2.0026,1.1754,-0.7027
2.0053,1.1725,-0.7029
2.005,1.1695,-0.7039
2.0099,1.1713,-0.6947
2.0053,1.171,-0.7089
2.0067,1.1777,-0.6986
2.0105,1.1771,-0.7075
2.0035,1.1722,-0.7042
2.007,1.1733,-0.7032
2.0067,1.1748,-0.7065
2.0047,1.176,-0.7033
2.0023,1.1742,-0.7034
2.0076,1.1806,-0.6994
2.0058,1.1763,-0.6963
2.0105,1.1771,-0.7059
2.0079,1.1733,-0.7046
2.0023,1.1795,-0.7146
2.0085,1.1751,-0.7141
2.0111,1.1824,-0.709
2.0061,1.1792,-0.71
2.0056,1.1745,-0.7127
2.0094,1.1792,-0.7052
2.0076,1.1716,-0.7033
2.0076,1.1736,-0.6969
2.0129,1.1695,-0.7029
2.0099,1.1698,-0.6961
2.0032,1.1695,-0.7029
2.0073,1.1713,-0.7124
2.0041,1.1719,-0.7023
2.0064,1.1757,-0.7052
2.0102,1.171,-0.7081
2.0038,1.1789,-0.71
2.0108,1.1754,-0.7141
2.0053,1.169,-0.7049
2.0143,1.1728,-0.7094
2.0096,1.1704,-0.6994
2.0073,1.1719,-0.716
2.007,1.1745,-0.704
2.0035,1.1789,-0.7017
2.0123,1.1748,-0.6961
2.0088,1.1789,-0.7099
2.0058,1.1768,-0.7062
2.0123,1.1783,-0.708
2.0058,1.1763,-0.7065
2.0094,1.1719,-0.7005
2.0064,1.1777,-0.6994
2.0061,1.1725,-0.6989
2.0044,1.1792,-0.7125
2.0146,1.1771,-0.6871
2.0088,1.1763,-0.7071
2.0079,1.1742,-0.6966
2.0091,1.1736,-0.7125
2.0099,1.1783,-0.7015
2.0094,1.1774,-0.714
2.0044,1.1725,-0.6899
2.0026,1.1757,-0.698
2.0058,1.1728,-0.721
2.0134,1.1739,-0.7119
2.0079,1.1713,-0.7013
2.0056,1.1754,-0.6956
2.0041,1.1728,-0.7058
2.0056,1.1728,-0.7049
2.0064,1.1698,-0.7078
2.0099,1.1745,-0.7071
2.0015,1.1736,-0.701
2.0035,1.1701,-0.7124
2.0018,1.173,-0.7013
2.0026,1.169,-0.6954
2.0044,1.1728,-0.6967
2.0029,1.1704,-0.7048
2.0085,1.1728,-0.6991
2.0041,1.169,-0.7036
2.0044,1.1728,-0.6938
2.0012,1.1736,-0.7051
2.0102,1.1745,-0.7027
2.0088,1.1713,-0.7026
2.0111,1.1725,-0.701
2.0161,1.1728,-0.695
2.0096,1.171,-0.7007
2.0067,1.1751,-0.7027
1.9985,1.1719,-0.7061
2.0029,1.171,-0.7004
1.9997,1.1713,-0.692
2.0058,1.178,-0.7068
2.0076,1.1713,-0.6986
2.0096,1.1728,-0.7021
2.0082,1.1777,-0.7048
2.0064,1.1751,-0.7083
2.0035,1.1707,-0.7059
2.0123,1.1736,-0.6992
2.0129,1.1713,-0.6977
2.005,1.1754,-0.7015
2.0009,1.1713,-0.7083
2.0134,1.1733,-0.7068
2.0088,1.1725,-0.6969
2.0096,1.173,-0.7049
2.0082,1.1742,-0.7094
2.0053,1.1692,-0.7027
2.0102,1.1725,-0.7036
2.002,1.1792,-0.7099
2.0041,1.1748,-0.6941
1.9994,1.1728,-0.7056
2.0085,1.1728,-0.6995
2.0064,1.1763,-0.7081
2.0003,1.1722,-0.7004
2.0006,1.1751,-0.7053
2.0029,1.1695,-0.7103
2.0029,1.1754,-0.7229
2.0073,1.1719,-0.7072
2.0085,1.1795,-0.7135
2.0096,1.1728,-0.7049
2.0032,1.1704,-0.7051
2.0082,1.178,-0.707
2.0015,1.1692,-0.7064
2.0064,1.1646,-0.6925
1.9997,1.1757,-0.7081
2.0029,1.1701,-0.6939
2.0003,1.1695,-0.7059
1.9974,1.176,-0.7034
2.0105,1.1742,-0.7052
2.0023,1.1783,-0.7075
2.0003,1.1692,-0.7141
2.0023,1.1757,-0.703
2.0096,1.1666,-0.7037
2.0067,1.1716,-0.7089
2.0073,1.1739,-0.7043
2.0003,1.1798,-0.6945
1.9959,1.1815,-0.7045
2.0047,1.1695,-0.7182
2.0105,1.1742,-0.695
2.002,1.1789,-0.6749
2.002,1.176,-0.6994
2.0018,1.1763,-0.7084
1.9997,1.1736,-0.7132
1.998,1.1757,-0.7053
2.0015,1.1687,-0.6983
2.0044,1.173,-0.7005
2.0067,1.1719,-0.7087
2.0058,1.1742,-0.7097
1.9962,1.1733,-0.7148
1.9971,1.1748,-0.7017
2.0012,1.1704,-0.7067
2.0061,1.1739,-0.7105
1.9974,1.1766,-0.7023
2.0058,1.1742,-0.711
2.0085,1.1786,-0.7148
2.0032,1.1806,-0.6988
2.0079,1.1809,-0.7061
1.9971,1.1716,-0.7167
2.0035,1.178,-0.704
2.005,1.1736,-0.7029
2.0038,1.1739,-0.7131
2.0073,1.1733,-0.7147
1.998,1.1733,-0.709
2.0047,1.1733,-0.7015
2.0041,1.1701,-0.6758
1.9968,1.1692,-0.7094
2.0006,1.1722,-0.7135
2.0041,1.1707,-0.7132
2.0047,1.1728,-0.7103
2.0044,1.1716,-0.7049
2.0035,1.1742,-0.7189
2.0064,1.1748,-0.7029
2.0029,1.1745,-0.7091
1.9971,1.1748,-0.6988
1.998,1.1818,-0.6991
2.0035,1.1783,-0.7084
2.0029,1.1777,-0.7065
1.9965,1.1768,-0.6977
2.0044,1.1701,-0.7071
2.0035,1.1748,-0.7024
1.9997,1.1792,-0.7065
2.0082,1.1701,-0.7017
2.0038,1.1774,-0.6982
2.0067,1.1806,-0.7018
2.0088,1.1763,-0.7034
2.0094,1.1733,-0.6998
2.0056,1.1619,-0.709
2.0105,1.1751,-0.7023
2.0023,1.1736,-0.7065
2.0073,1.1666,-0.7024
2.0047,1.1786,-0.7106
2.0102,1.1692,-0.6972
2.0099,1.1698,-0.7074
2.0041,1.1806,-0.7045
2.0053,1.1736,-0.7113
2.0064,1.1844,-0.6967
2.0023,1.1751,-0.6954
2.0029,1.1725,-0.704
2.0146,1.1768,-0.7065
2.0117,1.1707,-0.7103
2.0064,1.1666,-0.7062
2.0164,1.1742,-0.7072
2.0094,1.1818,-0.7083
2.0132,1.169,-0.7127
2.0105,1.1736,-0.7112
2.0088,1.176,-0.7105
2.0064,1.1757,-0.7464
2.0096,1.1771,-0.7024
2.0041,1.1751,-0.7125
2.0091,1.1742,-0.7127
2.0056,1.1757,-0.7112
2.0134,1.1774,-0.708
2.0029,1.1783,-0.7118
2.007,1.1754,-0.7118
2.0082,1.1692,-0.7086
2.0006,1.1742,-0.7132
2.0056,1.1687,-0.7043
2.0018,1.1739,-0.7185
2.0044,1.1766,-0.7108
1.9982,1.1768,-0.7011
2.0029,1.1681,-0.7024
2.002,1.1742,-0.7064
2.0009,1.1678,-0.7033
2.0085,1.1745,-0.7059
2.0079,1.1733,-0.704
2.0067,1.1728,-0.7094
2.0023,1.1669,-0.7064
2.0047,1.1757,-0.7062
2.0056,1.1827,-0.7093
2.0064,1.1698,-0.7064
2.005,1.1742,-0.7023
2.0088,1.169,-0.7048
2.012,1.1783,-0.7129
1.9997,1.1774,-0.7026
2.0134,1.1804,-0.6995
2.002,1.1777,-0.7078
2.0061,1.1792,-0.7112
2.0076,1.1786,-0.7109
2.007,1.1804,-0.7004
2.0064,1.1698,-0.7071
2.0009,1.1751,-0.7015
2.0053,1.1783,-0.7102
1.9994,1.1774,-0.7059
2.0044,1.178,-0.7086
2.0056,1.1766,-0.7067
2.0047,1.1725,-0.7045
2.0029,1.1742,-0.697
2.0082,1.1766,-0.7102
2.005,1.173,-0.7099
2.0064,1.1722,-0.7086
2.0029,1.1716,-0.7124
2.0044,1.1722,-0.707
2.005,1.1789,-0.7084
2.0076,1.1795,-0.7067
2.0094,1.1792,-0.7089
2.0079,1.1728,-0.7072
2.0064,1.1777,-0.7134
2.002,1.1745,-0.7172
2.0091,1.1742,-0.7099
2.0064,1.178,-0.7112
2.0102,1.1766,-0.7091
1.9988,1.1687,-0.709
2.0073,1.1783,-0.7124
2.0099,1.1777,-0.7094
2.0061,1.1783,-0.7039
2.0029,1.178,-0.708
2.0137,1.1713,-0.7192
2.0056,1.1789,-0.7108
2.0085,1.1707,-0.7055
2.0058,1.1786,-0.703
2.005,1.1798,-0.7024
2.0111,1.1678,-0.7051
2.0114,1.1763,-0.7061
1.9977,1.1766,-0.7077
2.0053,1.1809,-0.6945
2.0058,1.1804,-0.7077
2.0006,1.1716,-0.6999
2.0032,1.1695,-0.7037
2.005,1.1804,-0.7011
2.0018,1.1754,-0.7049
2.0038,1.1713,-0.714
2.0044,1.1768,-0.7091
1.9968,1.1766,-0.7065
2.0015,1.1789,-0.7106
2.002,1.1763,-0.6982
2.0085,1.1739,-0.7024
1.9982,1.1768,-0.7039
2.0006,1.1748,-0.7037
2.0061,1.1675,-0.709
1.9965,1.1771,-0.7055
1.9985,1.1748,-0.7132
2.005,1.1798,-0.6958
1.9994,1.1687,-0.7087
2.0029,1.1766,-0.6998
2.007,1.1768,-0.7067
2.007,1.178,-0.7086
2.0038,1.1774,-0.7131
2.0,1.1777,-0.7091
2.0029,1.1786,-0.7029
2.0047,1.1725,-0.7094
2.0009,1.1763,-0.7018
2.0006,1.1757,-0.7015
2.0023,1.1763,-0.7135
1.9997,1.1754,-0.6998
1.9956,1.1783,-0.7065
2.0041,1.1771,-0.7124
2.0012,1.1771,-0.6988
2.0044,1.1757,-0.7093
1.9947,1.1798,-0.7005
1.9991,1.1742,-0.7067
2.0023,1.1736,-0.704
2.0047,1.1733,-0.7131
2.0029,1.1792,-0.7103
2.0061,1.1745,-0.7052
2.0123,1.1748,-0.7056
2.0085,1.1809,-0.6931
2.005,1.1754,-0.7067
2.0032,1.1768,-0.6958
2.0038,1.1739,-0.7039
2.0117,1.1801,-0.707
2.0067,1.1766,-0.7037
1.9985,1.1739,-0.7053
2.0056,1.176,-0.709
2.0129,1.1786,-0.7026
2.0061,1.1833,-0.7109
2.0149,1.1777,-0.6767
2.0018,1.1809,-0.7173
2.0064,1.1789,-0.7052
2.0058,1.1801,-0.7064
2.0009,1.1856,-0.7024
2.0064,1.1771,-0.7056
2.0003,1.1809,-0.7078
1.9994,1.1824,-0.7077
1.9988,1.1862,-0.7011
2.0079,1.176,-0.7023
1.9982,1.178,-0.7032
1.9982,1.1818,-0.6923
1.9968,1.1757,-0.7042
2.0006,1.176,-0.6929
2.0015,1.1856,-0.6954
1.9997,1.1766,-0.6922
2.0035,1.1833,-0.7027
2.0067,1.173,-0.7042
2.0047,1.1687,-0.7086
2.0076,1.1798,-0.6967
2.0123,1.1801,-0.7064
2.0015,1.1754,-0.7014
2.007,1.1763,-0.7027
2.007,1.1847,-0.7008
2.0026,1.1798,-0.7121
1.998,1.1748,-0.7045
2.0041,1.1716,-0.7075
2.0047,1.176,-0.71
2.0067,1.1827,-0.711
2.0026,1.1809,-0.6979
2.0032,1.1833,-0.6975
2.0035,1.1789,-0.7026
2.0047,1.1809,-0.6995
2.002,1.1789,-0.7008
2.0056,1.1783,-0.7067
2.0053,1.1728,-0.6975
2.007,1.176,-0.6989
2.0076,1.1707,-0.7062
2.005,1.1716,-0.7103
2.0012,1.1725,-0.7124
2.0088,1.1786,-0.7037
2.0123,1.1821,-0.716
2.0088,1.1684,-0.7072
2.0137,1.1774,-0.7018
2.0143,1.1751,-0.7064
2.014,1.1783,-0.7007
2.0108,1.1725,-0.6951
2.0108,1.1795,-0.7004
2.0026,1.1789,-0.7102
2.0047,1.1654,-0.7005
2.0091,1.1771,-0.707
2.0056,1.1754,-0.71
2.0023,1.1821,-0.7058
2.005,1.1763,-0.7131
2.0044,1.178,-0.7008
2.0088,1.1821,-0.7052
2.0082,1.1783,-0.6958
2.0082,1.1806,-0.7097
2.0079,1.1821,-0.7023
2.0134,1.1777,-0.7007
2.0035,1.1777,-0.7074
2.0094,1.1733,-0.7049
2.007,1.1833,-0.7105
2.0108,1.1757,-0.7068
2.005,1.1798,-0.7056
2.0076,1.169,-0.7056
2.0026,1.1736,-0.7125
2.0009,1.1742,-0.7065
2.0079,1.1745,-0.7115
2.0018,1.1713,-0.6995
2.0,1.1763,-0.7106
2.007,1.1733,-0.7058
2.0082,1.1748,-0.7043
2.0082,1.1739,-0.7015
2.0094,1.1719,-0.7004
2.0009,1.1766,-0.698
2.0096,1.1777,-0.7001
2.0009,1.1771,-0.6969
2.0082,1.1757,-0.7021
2.0023,1.1842,-0.6953
2.0056,1.1827,-0.7011
2.007,1.176,-0.6999
2.0003,1.1815,-0.7026
2.0073,1.1792,-0.7122
2.0105,1.1815,-0.7061
2.0067,1.1766,-0.7147
2.0053,1.1792,-0.7108
2.0044,1.1806,-0.7062
2.0061,1.1745,-0.7045
2.0108,1.1786,-0.7051
2.0117,1.1774,-0.7089
2.005,1.1771,-0.7032
2.0047,1.1745,-0.7015
1.9991,1.1733,-0.7093
2.0102,1.1774,-0.7021
2.0094,1.1774,-0.6985
1.9991,1.1763,-0.7042
2.002,1.1722,-0.7042
2.0047,1.178,-0.6963
2.0006,1.1754,-0.698
2.0067,1.1751,-0.7089
2.0061,1.1716,-0.7008
2.0105,1.1751,-0.6963
2.0132,1.1757,-0.7021
2.0015,1.1713,-0.6918
2.0108,1.1748,-0.7053
2.0026,1.1637,-0.6969
2.0076,1.1733,-0.7072
2.0105,1.171,-0.7029
2.0038,1.1695,-0.7166
2.0032,1.1713,-0.7048
2.0073,1.1707,-0.7021
2.0026,1.1698,-0.6985
2.0096,1.1783,-0.6979
2.0096,1.1798,-0.6985
2.005,1.1766,-0.6958
2.0015,1.1722,-0.7113
2.0073,1.1704,-0.6975
2.0099,1.1713,-0.7013
1.9997,1.1745,-0.6958
2.0088,1.1739,-0.6999
2.0126,1.1716,-0.7008
2.0108,1.1824,-0.6963
2.0123,1.1733,-0.6922
2.0041,1.1795,-0.6992
2.0009,1.1766,-0.6963
2.0035,1.1739,-0.707
2.0061,1.1757,-0.7008
2.0041,1.1804,-0.6918
2.0076,1.1818,-0.6983
2.0003,1.1766,-0.6964
2.0094,1.1763,-0.6947
1.9985,1.1777,-0.7042
2.0091,1.1844,-0.6953
2.0073,1.1742,-0.6929
2.012,1.1777,-0.6985
2.0094,1.1789,-0.6988
2.0047,1.1839,-0.6934
2.0108,1.1783,-0.6992
1.9994,1.1821,-0.6931
2.0105,1.1862,-0.704
2.007,1.1792,-0.6964
2.0085,1.173,-0.6913
2.005,1.1789,-0.6994
2.0108,1.1806,-0.6991
2.0029,1.1809,-0.6929
2.005,1.1733,-0.7029
2.0056,1.1707,-0.7135
2.0018,1.178,-0.6994
2.0085,1.171,-0.7121
2.0079,1.1777,-0.7018
2.0102,1.1748,-0.701
2.0061,1.1847,-0.7021
2.0114,1.1745,-0.7062
2.0117,1.1768,-0.7005
2.0067,1.1789,-0.6963
2.0023,1.1736,-0.7029
2.0076,1.1704,-0.6935
2.0047,1.1763,-0.6982
1.9994,1.1716,-0.7052
2.0094,1.1681,-0.6967
2.0076,1.1713,-0.6909
2.0108,1.1757,-0.7064
2.0082,1.1722,-0.7014
2.0047,1.1716,-0.7037
2.0085,1.1719,-0.7007
2.0023,1.1751,-0.7067
2.0091,1.1707,-0.7074
2.0088,1.1798,-0.7086
2.0006,1.1777,-0.7029
2.0041,1.1821,-0.7017
2.0146,1.1777,-0.7059
2.0015,1.1777,-0.698
2.0056,1.1824,-0.6969
2.0082,1.185,-0.6958
2.002,1.173,-0.6897
2.0044,1.1862,-0.7032
2.0038,1.1754,-0.69
2.0158,1.1736,-0.6947
2.0079,1.1786,-0.6919
2.0038,1.1745,-0.69
2.0053,1.1757,-0.6948
2.0047,1.1672,-0.6998
2.0064,1.1818,-0.7061
2.0105,1.1783,-0.6916
2.0058,1.1701,-0.7015
2.0085,1.1745,-0.6937
2.0032,1.1771,-0.6863
2.002,1.1766,-0.6944
2.0064,1.1698,-0.6932
2.0056,1.1763,-0.6966
1.9985,1.178,-0.7046
2.0018,1.1725,-0.6963
2.0009,1.1736,-0.6953
2.0079,1.1821,-0.7055
1.9982,1.1733,-0.7118
2.0018,1.1707,-0.6935
2.0073,1.1713,-0.6938
2.0126,1.1771,-0.6938
2.0047,1.1739,-0.7013
2.0096,1.1906,-0.7077
2.0032,1.176,-0.6989
2.0047,1.1748,-0.7011
2.0044,1.1815,-0.7017
2.0064,1.1812,-0.6969
2.0058,1.1777,-0.6973
2.0047,1.1771,-0.6948
2.0053,1.1777,-0.697
2.0012,1.1771,-0.6969
2.007,1.1722,-0.7067
2.0061,1.1821,-0.7055
1.9988,1.1774,-0.6912
2.0003,1.1777,-0.691
2.0012,1.1763,-0.7005
2.0129,1.1745,-0.6986
2.0023,1.1806,-0.6983
2.002,1.1824,-0.6985
2.0079,1.1774,-0.6958
2.0047,1.1801,-0.6983
2.0076,1.1754,-0.7043
2.0,1.1812,-0.6944
2.0035,1.1745,-0.7023
1.9997,1.1806,-0.6939
2.0061,1.1777,-0.703
2.0126,1.1824,-0.7106
2.007,1.1786,-0.7113
2.0032,1.1789,-0.6912
2.0,1.1833,-0.6931
2.0129,1.1795,-0.696
2.0094,1.176,-0.6944
2.007,1.1804,-0.7087
2.0061,1.1774,-0.6874
2.0018,1.1751,-0.6995
2.0032,1.1766,-0.71
2.0003,1.1821,-0.6989
2.0044,1.1725,-0.7053
2.0012,1.1728,-0.7027
2.0132,1.1836,-0.6977
2.0091,1.1833,-0.696
2.014,1.1806,-0.6991
2.0061,1.1792,-0.696
2.0058,1.1733,-0.6995
2.0006,1.1745,-0.7014
2.0073,1.1745,-0.6934
2.0,1.1786,-0.6907
2.0023,1.1736,-0.7011
1.998,1.1768,-0.6935
1.998,1.1763,-0.6992
2.0064,1.1774,-0.7061
2.0061,1.1771,-0.6986
2.0026,1.171,-0.6998
2.0026,1.169,-0.6973
2.0056,1.185,-0.7052
2.0041,1.1704,-0.704
2.0099,1.1804,-0.7008
2.0,1.1792,-0.6958
2.0085,1.1707,-0.6998
2.0015,1.1783,-0.7036
2.0082,1.183,-0.7075
1.9997,1.1824,-0.7036
2.0,1.1856,-0.7127
2.0041,1.1754,-0.7045
2.0041,1.1757,-0.695
2.0067,1.1763,-0.6982
2.0029,1.1783,-0.6923
2.0076,1.1821,-0.7008
2.0026,1.1713,-0.6934
2.0073,1.178,-0.7037
2.0,1.1777,-0.7024
2.0012,1.1847,-0.702
2.0053,1.1795,-0.6966
2.0041,1.1733,-0.7017
2.0047,1.176,-0.6945
2.0044,1.1786,-0.6988
2.007,1.1789,-0.7013
2.0018,1.1768,-0.7071
1.9982,1.1719,-0.6979
2.0056,1.1757,-0.704
2.0009,1.1771,-0.7039
2.0018,1.1692,-0.6996
2.0026,1.1739,-0.7039
2.0038,1.178,-0.7033
2.0012,1.1733,-0.6989
1.9959,1.1798,-0.7037
2.007,1.1795,-0.6995
2.0015,1.1801,-0.7103
2.0026,1.185,-0.708
2.0023,1.1725,-0.6982
2.0088,1.1812,-0.7052
2.0018,1.1739,-0.704
2.0053,1.1768,-0.7131
1.9997,1.1739,-0.7083
1.9997,1.183,-0.7046
2.0073,1.176,-0.6937
2.0056,1.1748,-0.7129
2.0067,1.1777,-0.7094
1.9944,1.1766,-0.7002
2.0012,1.1766,-0.7064
2.0035,1.1798,-0.7045
2.0018,1.1809,-0.7077
2.0009,1.176,-0.7013
2.0026,1.1821,-0.7119
2.0003,1.1833,-0.7074
2.0012,1.1745,-0.7053
1.9939,1.1792,-0.6986
2.0053,1.1763,-0.7065
2.002,1.1786,-0.7017
1.998,1.1804,-0.7037
2.0009,1.1824,-0.7106
1.9953,1.1786,-0.7036
2.0099,1.1798,-0.7034
2.0035,1.1763,-0.7021
1.9997,1.1742,-0.7071
1.9994,1.173,-0.7061
2.0026,1.1751,-0.7058
2.005,1.1789,-0.7046
2.0029,1.1725,-0.7026
2.0047,1.1763,-0.7065
2.0038,1.1798,-0.7027
2.002,1.1713,-0.7064
2.0067,1.1771,-0.6972
2.0044,1.1777,-0.7083
2.0067,1.1806,-0.7021
2.0091,1.1728,-0.6999
1.9988,1.1751,-0.7055
1.9939,1.1754,-0.704
1.9997,1.1783,-0.7024
2.0029,1.1786,-0.6977
2.0023,1.1725,-0.6947
2.0032,1.1733,-0.695
2.0038,1.1801,-0.6985
1.9997,1.1719,-0.7084
1.998,1.1804,-0.7007
2.0047,1.1777,-0.6899
2.0006,1.1766,-0.696
2.0085,1.1792,-0.7051
2.0044,1.1786,-0.7062
2.0,1.1766,-0.6897
2.0053,1.1754,-0.7015
1.9994,1.1722,-0.7024
2.0091,1.1701,-0.7074
2.0096,1.1666,-0.7097
2.0167,1.1564,-0.7128
2.0269,1.1549,-0.6999
2.0298,1.15,-0.7033
2.0322,1.1429,-0.6998
2.0278,1.1473,-0.703
2.0348,1.1459,-0.7059
2.0398,1.145,-0.7014
2.0336,1.1476,-0.7015
2.0368,1.1491,-0.7091
2.0281,1.1488,-0.7042
2.0324,1.1473,-0.6998
2.0348,1.1514,-0.7223
2.04,1.1464,-0.704
2.038,1.1482,-0.7115
2.0362,1.1456,-0.7094
2.0456,1.1353,-0.7048
2.05,1.1426,-0.7091
2.0523,1.138,-0.7051
2.045,1.1441,-0.7181
2.0474,1.1424,-0.7051
2.0468,1.1394,-0.7059
2.0395,1.147,-0.6954
2.0509,1.1424,-0.7109
2.0441,1.14,-0.7091
2.0441,1.1406,-0.7014
2.0456,1.1371,-0.7091
2.0468,1.1485,-0.7059
2.043,1.1424,-0.7105
2.0517,1.1473,-0.6966
2.0427,1.1438,-0.7108
2.0512,1.1424,-0.7027
2.0485,1.1421,-0.698
2.0509,1.138,-0.7055
2.0512,1.1391,-0.7144
2.0479,1.1418,-0.7046
2.0497,1.1444,-0.7032
2.0485,1.1459,-0.6964
2.0485,1.1453,-0.704
2.0491,1.1432,-0.7055
2.043,1.1353,-0.7048
2.0456,1.1441,-0.7144
2.05,1.1391,-0.6918
2.0488,1.1406,-0.7071
2.052,1.1365,-0.6957
2.052,1.14,-0.7074
2.0494,1.1397,-0.6979
2.0497,1.1421,-0.7023
2.0485,1.1409,-0.7068
2.0506,1.1342,-0.7113
2.0567,1.1386,-0.7109
2.0535,1.1386,-0.7178
2.0535,1.1371,-0.7124
2.0485,1.1374,-0.7058
2.05,1.1356,-0.7017
2.0488,1.1403,-0.7091
2.0494,1.1441,-0.7096
2.0517,1.1377,-0.7128
2.0555,1.1383,-0.6992
2.0468,1.1403,-0.7023
2.0436,1.1479,-0.7046
2.0476,1.1377,-0.701
2.0471,1.1394,-0.7059
2.05,1.1377,-0.7008
2.0509,1.1429,-0.7029
2.0491,1.1415,-0.7048
2.0474,1.1371,-0.7081
2.0497,1.1365,-0.7052
2.0438,1.1345,-0.7112
2.0488,1.1403,-0.7099
2.0474,1.1374,-0.7013
2.04,1.1473,-0.7024
2.0447,1.1374,-0.7032
2.0362,1.1333,-0.7055
2.0465,1.1435,-0.7094
2.0497,1.1415,-0.7037
2.0424,1.1418,-0.6912
2.0438,1.1409,-0.698
2.05,1.1435,-0.7048
2.0479,1.1374,-0.6953
2.0415,1.1371,-0.7072
2.0491,1.1435,-0.6985
2.0465,1.138,-0.7046
2.0456,1.1415,-0.7058
2.0459,1.1424,-0.702
2.0491,1.1397,-0.7039
2.0383,1.1353,-0.6934
2.0389,1.14,-0.7043
2.0456,1.1345,-0.7086
2.0471,1.1421,-0.6988
2.0506,1.1479,-0.7042
2.0468,1.1421,-0.6961
2.0485,1.1435,-0.702
2.0506,1.1391,-0.7017
2.0509,1.1362,-0.7077
2.0503,1.1362,-0.7113
2.0497,1.1476,-0.7159
2.0512,1.1409,-0.7052
2.0438,1.1494,-0.7068
2.0474,1.1386,-0.6976
2.0479,1.1342,-0.7001
2.0474,1.1406,-0.6882
2.0506,1.1464,-0.6938
2.0555,1.135,-0.7045
2.0471,1.1397,-0.7055
2.0514,1.1426,-0.7008
2.05,1.1391,-0.6975
2.0476,1.1362,-0.6967
2.052,1.1424,-0.6979
2.0441,1.15,-0.6977
2.0456,1.1388,-0.6995
2.0479,1.1424,-0.6944
2.0497,1.1403,-0.6893
2.0497,1.1462,-0.7049
2.0465,1.14,-0.697
2.0447,1.1447,-0.7052
2.0544,1.1453,-0.7023
2.045,1.1444,-0.7008
2.0479,1.1368,-0.7014
2.052,1.1421,-0.7077
2.0468,1.1441,-0.7039
2.0506,1.1456,-0.7039
2.0497,1.1453,-0.7004
2.0532,1.1453,-0.7049
2.0503,1.1429,-0.703
2.0544,1.1453,-0.7045
2.0558,1.1464,-0.6988
2.0526,1.1377,-0.697
2.0532,1.1453,-0.6934
2.0526,1.14,-0.7067
2.05,1.1421,-0.7071
2.0514,1.1421,-0.701
2.0544,1.1435,-0.7065
2.0462,1.1371,-0.7175
2.052,1.1438,-0.7131
2.052,1.138,-0.708
2.05,1.1476,-0.7043
2.0474,1.1429,-0.7039
2.0514,1.138,-0.7036
2.0415,1.1432,-0.7034
2.0476,1.1426,-0.6991
2.0456,1.1418,-0.7026
2.0436,1.1409,-0.6992
2.0538,1.1412,-0.7056
2.0479,1.1421,-0.7064
2.0444,1.1406,-0.707
2.0421,1.1391,-0.6996
2.0558,1.1388,-0.7027
2.0485,1.1391,-0.7134
2.0523,1.1424,-0.7065
2.0544,1.1339,-0.7143
2.0503,1.1418,-0.71
2.0517,1.1467,-0.7002
2.0479,1.1409,-0.7034
2.0538,1.1444,-0.7074
2.0506,1.1356,-0.71
2.0438,1.1403,-0.6969
2.0506,1.1459,-0.7046
2.0482,1.1438,-0.7018
2.0476,1.1359,-0.7032
2.0512,1.1342,-0.7081
2.0514,1.1421,-0.704
2.0476,1.1453,-0.6969
2.0532,1.145,-0.702
2.0535,1.1424,-0.7053
2.0512,1.1412,-0.7091
2.0582,1.14,-0.7043
2.0585,1.1453,-0.7087
2.0526,1.1409,-0.7108
2.0482,1.1406,-0.7194
2.0512,1.1388,-0.7084
2.055,1.1403,-0.7087
2.0517,1.1406,-0.703
2.0526,1.1397,-0.7048
2.0538,1.1426,-0.7059
2.0514,1.1429,-0.7077
2.0526,1.1429,-0.6938
2.055,1.135,-0.7125
2.0523,1.1318,-0.7055
2.0541,1.1432,-0.7053
2.0485,1.1415,-0.7064
2.0456,1.1435,-0.707
2.0488,1.1403,-0.7086
2.0456,1.1383,-0.7065
2.0506,1.1447,-0.7056
2.0497,1.1459,-0.714
2.045,1.147,-0.6991
2.0482,1.1435,-0.7097
2.0485,1.1462,-0.6961
2.0424,1.1447,-0.7148
2.0441,1.1508,-0.7072
2.0494,1.1464,-0.7091
2.0476,1.1406,-0.7122
2.0547,1.1426,-0.6975
2.0585,1.1485,-0.7124
2.0608,1.147,-0.6985
2.0503,1.1432,-0.7064
2.0497,1.147,-0.7121
2.0514,1.145,-0.6967
2.0497,1.1473,-0.7064
2.0552,1.1467,-0.7042
2.0456,1.1453,-0.7102
2.055,1.1497,-0.7075
2.0503,1.1409,-0.7112
2.0503,1.1409,-0.7065
2.0544,1.1453,-0.7134
2.0514,1.1426,-0.7075
2.0512,1.1488,-0.7178
2.0526,1.154,-0.7007
2.0555,1.1464,-0.7029
2.059,1.1406,-0.697
2.0579,1.1388,-0.7058
2.0523,1.1415,-0.7024
2.0547,1.1447,-0.7121
2.0517,1.1397,-0.7097
2.0555,1.1368,-0.7102
2.0485,1.1391,-0.7099
2.0517,1.1368,-0.7053
2.0468,1.138,-0.7074
2.0538,1.1473,-0.697
2.0529,1.1494,-0.7067
2.0471,1.1476,-0.7056
2.0561,1.1418,-0.7008
2.0485,1.1388,-0.6994
2.0605,1.1421,-0.6975
2.0538,1.1362,-0.6745
2.0509,1.1482,-0.7106
2.0532,1.1453,-0.7096
2.0544,1.1424,-0.7124
2.0596,1.1409,-0.7049
2.0564,1.1403,-0.7062
2.0526,1.1482,-0.7113
2.0514,1.1377,-0.7106
2.0488,1.1421,-0.7036
2.052,1.1307,-0.7033
2.0582,1.1394,-0.7029
2.0573,1.1441,-0.7068
2.0476,1.1394,-0.7078
2.0544,1.1421,-0.7103
2.0517,1.1453,-0.7091
2.0506,1.1467,-0.7116
2.0547,1.1505,-0.7061
2.0626,1.1424,-0.7096
2.0567,1.1485,-0.7042
2.0567,1.1532,-0.7033
2.0462,1.1456,-0.7129
2.0526,1.1406,-0.714
2.0453,1.1418,-0.7042
2.0491,1.1418,-0.6991
2.055,1.1383,-0.7084
2.052,1.1491,-0.7005
2.0628,1.1456,-0.7023
2.0541,1.1456,-0.7077
2.052,1.1321,-0.7102
2.0555,1.1435,-0.7046
2.0535,1.1453,-0.7007
2.0555,1.1464,-0.7058
2.0544,1.1406,-0.704
2.0538,1.1424,-0.7075
2.0567,1.1462,-0.7124
2.0438,1.147,-0.7112
2.0532,1.1368,-0.7159
2.0514,1.1435,-0.7014
2.0526,1.1502,-0.7112
2.0541,1.1386,-0.6994
2.0509,1.1441,-0.7102
2.0476,1.1394,-0.6972
2.0535,1.1377,-0.7137
2.0503,1.1368,-0.7015
2.0526,1.1491,-0.704
2.0558,1.1391,-0.7119
2.0517,1.14,-0.7108
2.0474,1.133,-0.7032
2.0576,1.1421,-0.7017
2.045,1.1418,-0.7007
2.0462,1.14,-0.707
2.0438,1.1453,-0.7081
2.0474,1.1505,-0.7007
2.0468,1.138,-0.709
2.0465,1.1432,-0.696
2.0509,1.1403,-0.6994
2.0491,1.1467,-0.7049
2.0459,1.1447,-0.7096
2.0485,1.1307,-0.7048
2.0459,1.1397,-0.6913
2.0406,1.1365,-0.7013
2.0482,1.145,-0.7103
2.0503,1.1429,-0.7027
2.045,1.1365,-0.711
2.0471,1.1479,-0.7099
2.0494,1.1403,-0.7014
2.0497,1.1491,-0.708
2.045,1.1432,-0.7091
2.0547,1.145,-0.7068
2.0485,1.1438,-0.6961
2.0523,1.1386,-0.6948
2.0506,1.1415,-0.7055
2.0476,1.1397,-0.7072
2.0512,1.1403,-0.7027
2.0552,1.1403,-0.702
2.0462,1.1426,-0.709
2.0421,1.1482,-0.7115
2.0608,1.1482,-0.7027
2.0573,1.1491,-0.7084
2.0573,1.145,-0.7072
2.0529,1.1435,-0.7053
2.0488,1.1406,-0.7032
2.0479,1.1447,-0.7002
2.0497,1.152,-0.7084
2.0544,1.145,-0.7188
2.0523,1.1409,-0.7067
2.0436,1.1426,-0.7001
2.0374,1.145,-0.7071
2.0424,1.1426,-0.703
2.0362,1.1391,-0.7068
2.0322,1.1464,-0.7021
2.0345,1.1464,-0.7051
2.0319,1.1488,-0.6958
2.0427,1.1453,-0.7096
2.0395,1.1447,-0.6975
2.0348,1.1447,-0.7065
2.0342,1.1421,-0.704
2.0392,1.1473,-0.7017
2.0389,1.1464,-0.72
2.0377,1.1412,-0.7033
2.0339,1.1502,-0.696
2.0345,1.1491,-0.6745
2.0348,1.1473,-0.7162
2.0357,1.1441,-0.7116
2.0339,1.1435,-0.7052
2.0365,1.1412,-0.7059
2.0395,1.1397,-0.7157
2.036,1.1462,-0.697
2.0333,1.1453,-0.6973
2.0339,1.1467,-0.7072
2.0313,1.1488,-0.7062
2.0304,1.1476,-0.695
2.0248,1.1485,-0.6934
2.0336,1.1464,-0.6961
2.0395,1.1476,-0.709
2.0298,1.1447,-0.701
2.0336,1.1502,-0.7011
2.0345,1.1497,-0.7087
2.0345,1.1538,-0.696
2.0415,1.1491,-0.7097
2.036,1.1462,-0.6996
2.0333,1.1456,-0.7048
2.0324,1.1476,-0.7089
2.0324,1.1494,-0.7048
2.0304,1.1462,-0.7074
2.0357,1.1432,-0.7065
2.0365,1.15,-0.7033
2.033,1.1532,-0.7056
2.0357,1.15,-0.7127
2.0248,1.1447,-0.7005
2.0246,1.1497,-0.7037
2.0269,1.152,-0.715
2.0307,1.15,-0.7201
2.0354,1.1497,-0.7036
2.0365,1.1502,-0.6982
2.0333,1.15,-0.7004
2.0322,1.157,-0.7064
2.0336,1.1523,-0.7015
2.031,1.1514,-0.7018
2.0307,1.1494,-0.7064
2.0371,1.1532,-0.7102
2.0342,1.1555,-0.7132
2.026,1.1581,-0.704
2.0316,1.1485,-0.7055
2.0286,1.1555,-0.7075
2.0336,1.1578,-0.7131
2.033,1.152,-0.7064
2.0304,1.157,-0.7032
2.0257,1.1532,-0.7032
2.0342,1.1502,-0.7091
2.0351,1.1426,-0.7051
2.0254,1.15,-0.7103
2.026,1.152,-0.7075
2.031,1.1514,-0.7094
2.0289,1.152,-0.7067
2.0304,1.1441,-0.702
2.033,1.1558,-0.7037
2.0339,1.1508,-0.7093
2.0348,1.1529,-0.7068
2.0316,1.1529,-0.7058
2.0368,1.1462,-0.7048
2.0336,1.154,-0.7001
2.0322,1.1552,-0.6934
2.0298,1.159,-0.7023
2.0324,1.1491,-0.6881
2.0362,1.1529,-0.7134
2.031,1.1462,-0.6986
2.033,1.1429,-0.7023
2.0357,1.1441,-0.7021
2.0278,1.1476,-0.6909
2.0362,1.1462,-0.7093
2.0324,1.1491,-0.6961
2.0386,1.1517,-0.6963
2.0336,1.1479,-0.7036
2.0286,1.154,-0.7049
2.0316,1.1511,-0.701
2.0383,1.1555,-0.6973
2.0275,1.1485,-0.6972
2.0348,1.1529,-0.7048
2.0327,1.1485,-0.7093
2.0362,1.147,-0.698
2.0298,1.1508,-0.7043
2.0322,1.1479,-0.6998
2.0371,1.1476,-0.7097
2.026,1.1494,-0.7077
2.0362,1.1418,-0.6985
2.0339,1.1462,-0.6989
2.0316,1.1473,-0.6963
2.038,1.1508,-0.702
2.0298,1.1479,-0.6939
2.0313,1.15,-0.7017
2.0289,1.1535,-0.7042
2.0377,1.1514,-0.708
2.0345,1.1488,-0.7091
2.0362,1.1514,-0.7067
2.031,1.1482,-0.7055
2.0357,1.1517,-0.7065
2.0301,1.147,-0.7056
2.0304,1.1432,-0.7124
2.0351,1.1482,-0.7053
2.0327,1.1488,-0.702
2.0307,1.1494,-0.6995
2.0348,1.15,-0.6994
2.0327,1.1502,-0.7051
2.0324,1.1459,-0.7042
2.0289,1.1546,-0.6967
2.024,1.1473,-0.6944
2.0251,1.1453,-0.7004
2.0298,1.1429,-0.7075
2.0272,1.1479,-0.7061
2.0362,1.1488,-0.7026
2.0298,1.1535,-0.6969
2.0313,1.1497,-0.7032
2.0286,1.1505,-0.6925
2.0322,1.1456,-0.7042
2.033,1.1453,-0.7013
2.0345,1.1505,-0.7052
2.0304,1.1479,-0.6972
2.0336,1.1485,-0.6957
2.0275,1.1505,-0.7116
2.0272,1.1429,-0.7103
2.0248,1.1473,-0.7015
2.0301,1.1462,-0.7013
2.0307,1.147,-0.7064
2.0351,1.1485,-0.7102
2.0263,1.1444,-0.703
2.0269,1.1415,-0.7131
2.0298,1.1479,-0.7116
2.0257,1.154,-0.7033
2.0275,1.1502,-0.7052
2.0292,1.1488,-0.7049
2.033,1.1473,-0.7053
2.0295,1.1502,-0.7023
2.0339,1.1459,-0.6995
2.0301,1.145,-0.7061
2.0278,1.147,-0.6919
2.0371,1.1464,-0.7027
2.038,1.1467,-0.6945
2.0292,1.154,-0.6973
2.0333,1.152,-0.6906
2.0333,1.1476,-0.6992
2.0348,1.1529,-0.7014
2.0374,1.152,-0.6957
2.0327,1.1488,-0.7081
2.0298,1.1526,-0.6972
2.0284,1.1456,-0.703
2.0324,1.1462,-0.7001
2.0278,1.1447,-0.7027
2.033,1.1511,-0.701
2.0295,1.1485,-0.698
2.0272,1.147,-0.7018
2.0216,1.1418,-0.6951
2.026,1.1426,-0.7108
2.0272,1.1374,-0.6956
2.0292,1.1467,-0.7013
2.0295,1.1415,-0.7026
2.0313,1.1459,-0.6976
2.0281,1.1473,-0.704
2.0263,1.1459,-0.7074
2.0357,1.15,-0.6996
2.0333,1.1421,-0.7071
2.0301,1.147,-0.7011
2.0362,1.1508,-0.7065
2.0286,1.1476,-0.6973
2.0292,1.1441,-0.7115
2.0289,1.1476,-0.7147
2.0254,1.1502,-0.704
2.0251,1.1435,-0.7093
2.0357,1.1505,-0.7017
2.0362,1.1467,-0.7118
2.0304,1.1497,-0.7005
2.0289,1.1494,-0.7077
2.0295,1.1441,-0.7094
2.0284,1.1479,-0.7046
2.0281,1.1494,-0.7108
2.0339,1.1424,-0.6998
2.0234,1.1429,-0.6988
2.0418,1.1403,-0.704
2.0292,1.1491,-0.704
2.0284,1.1467,-0.7036
2.0383,1.1502,-0.7058
2.0269,1.1383,-0.7075
2.0333,1.1438,-0.7065
2.031,1.1511,-0.6991
2.0316,1.1435,-0.7081
2.0292,1.1467,-0.7087
2.0304,1.1444,-0.704
2.0313,1.1462,-0.6991
2.0272,1.1485,-0.7061
2.024,1.1453,-0.696
2.0263,1.1488,-0.707
2.0371,1.1514,-0.71
2.031,1.1453,-0.71
2.0336,1.152,-0.7091
2.0327,1.1467,-0.7184
2.0354,1.145,-0.7144
2.0272,1.15,-0.7077
2.0248,1.1412,-0.7048
2.0327,1.1462,-0.7205
2.0278,1.1464,-0.7091
2.0304,1.1426,-0.7106
2.0222,1.1447,-0.7125
2.0263,1.1397,-0.7087
2.0248,1.1435,-0.715
2.031,1.1453,-0.7454
2.0228,1.1418,-0.707
2.033,1.1447,-0.6963
2.033,1.1421,-0.7122
2.0219,1.1447,-0.7156
2.0307,1.1476,-0.6972
2.0289,1.1485,-0.7024
2.0298,1.1453,-0.702
2.033,1.1517,-0.6966
2.0292,1.1421,-0.7112
2.0316,1.1453,-0.703
2.0398,1.1529,-0.7013
2.0357,1.1485,-0.7001
2.0316,1.1412,-0.7087
2.0339,1.1453,-0.7029
2.0289,1.1485,-0.7083
2.0301,1.1497,-0.7043
2.0354,1.1438,-0.7036
2.0336,1.1424,-0.7037
2.0281,1.145,-0.6983
2.0295,1.1517,-0.7061
2.0251,1.1462,-0.7129
2.0336,1.1511,-0.7013
2.031,1.1508,-0.7198
2.0298,1.1485,-0.697
2.0278,1.1494,-0.704
2.0281,1.1535,-0.7118
2.0348,1.1552,-0.7062
2.0362,1.1502,-0.7097
2.0383,1.1435,-0.7116
2.0354,1.1485,-0.7048
2.0295,1.1473,-0.7081
2.0436,1.1491,-0.7081
2.0406,1.1473,-0.7011
2.0333,1.1429,-0.7078
2.0336,1.1523,-0.7046
2.033,1.1441,-0.7078
2.0307,1.1479,-0.7078
2.0348,1.1535,-0.7062
2.0371,1.1441,-0.7018
2.0307,1.1485,-0.704
2.0248,1.1482,-0.7039
2.0398,1.1494,-0.7099
2.0304,1.1473,-0.7061
2.0316,1.147,-0.7008
2.0316,1.147,-0.7162
2.0292,1.1523,-0.7156
2.0339,1.1435,-0.7105
2.0377,1.1476,-0.7048
2.0289,1.1491,-0.7102
2.0316,1.1508,-0.7148
2.033,1.1456,-0.71
2.0383,1.1476,-0.7173
2.0281,1.1388,-0.7116
2.0289,1.1368,-0.7077
2.0322,1.1444,-0.7049
2.0304,1.1459,-0.7051
2.0286,1.1459,-0.7106
2.0298,1.1421,-0.7089
2.0324,1.1453,-0.6998
2.0362,1.1511,-0.7046
2.031,1.1508,-0.7077
2.0339,1.1403,-0.7119
2.0316,1.1464,-0.7059
2.0278,1.145,-0.7105
2.0324,1.1435,-0.7042
2.0304,1.1546,-0.701
2.0275,1.1494,-0.6948
2.0333,1.1488,-0.7015
2.0254,1.1464,-0.707
2.031,1.1538,-0.7119
2.0295,1.1485,-0.7004
2.0246,1.145,-0.7075
2.0304,1.1447,-0.7099
2.0316,1.1453,-0.7015
2.0322,1.1517,-0.7046
2.0342,1.1459,-0.6983
2.033,1.145,-0.7014
2.0275,1.1482,-0.7001
2.0286,1.1426,-0.7056
2.0307,1.1535,-0.7061
2.0298,1.1529,-0.7097
2.0304,1.1467,-0.7113
2.0316,1.1409,-0.7026
2.0333,1.1476,-0.7093
2.0284,1.1482,-0.7106
2.0272,1.1482,-0.7125
2.0395,1.1441,-0.7013
2.0295,1.1456,-0.7017
2.031,1.1406,-0.7052
2.0322,1.1505,-0.7023
2.0208,1.1473,-0.7097
2.0322,1.1464,-0.7127
2.0278,1.1549,-0.7129
2.0289,1.1564,-0.7048
2.0228,1.1517,-0.7096
2.0298,1.1491,-0.7078
2.0275,1.1467,-0.6995
2.0289,1.1497,-0.7018
2.0351,1.1505,-0.7077
2.033,1.1456,-0.7001
2.0248,1.1464,-0.7065
2.0275,1.145,-0.7109
2.0248,1.1505,-0.7011
2.0295,1.1505,-0.703
2.0266,1.1491,-0.7056
2.0313,1.1505,-0.7037
2.031,1.145,-0.7049
2.031,1.1494,-0.701
2.0286,1.145,-0.7096
2.0298,1.1459,-0.7014
2.024,1.145,-0.7135
2.0298,1.1432,-0.6913
2.0269,1.1494,-0.7015
2.0307,1.1491,-0.6995
2.0342,1.1462,-0.7045
2.0281,1.145,-0.6967
2.0278,1.1473,-0.7013
2.0225,1.1517,-0.6967
2.0263,1.147,-0.7033
2.0286,1.1485,-0.7039
2.0298,1.1535,-0.7052
2.0251,1.1494,-0.7141
2.0319,1.1508,-0.7093
2.0319,1.1488,-0.6983
2.031,1.1377,-0.7086
2.0248,1.1447,-0.7064
2.0263,1.1505,-0.701
2.0251,1.1505,-0.7048
2.0284,1.1479,-0.7059
2.0263,1.1538,-0.7014
2.0348,1.1523,-0.7026
2.0368,1.1538,-0.6979
2.0339,1.1444,-0.7014
2.0339,1.1494,-0.6979
2.0339,1.1529,-0.7026
2.026,1.1456,-0.6906
2.0278,1.1482,-0.6996
2.0248,1.1488,-0.7089
2.0248,1.15,-0.697
2.0316,1.1532,-0.6996
2.0348,1.1491,-0.7001
2.0316,1.152,-0.7017
2.0284,1.1532,-0.7056
2.036,1.1473,-0.7032
2.0275,1.1494,-0.6899
2.0327,1.1549,-0.7017
2.0286,1.147,-0.7091
2.0257,1.1462,-0.7008
2.0345,1.1462,-0.704
2.0286,1.1511,-0.7068
2.0275,1.1488,-0.7067
2.0292,1.1502,-0.7065
2.0284,1.1462,-0.7146
2.0336,1.1447,-0.7005
2.0284,1.1508,-0.6996
2.026,1.1523,-0.6967
2.0316,1.1488,-0.7075
2.0263,1.1532,-0.696
2.0234,1.1426,-0.7046
2.0295,1.1462,-0.7061
2.0319,1.1418,-0.7068
2.0324,1.1444,-0.7061
2.0257,1.1453,-0.7002
2.0316,1.1456,-0.6991
2.0225,1.1502,-0.7093
2.0284,1.1462,-0.7007
2.0181,1.1555,-0.7081
2.0246,1.1467,-0.7072
2.0213,1.1523,-0.7143
2.026,1.1497,-0.7097
2.0298,1.152,-0.7067
2.024,1.1441,-0.7113
2.0292,1.1453,-0.7099
2.0301,1.1391,-0.7032
2.031,1.1432,-0.7039
2.0348,1.1502,-0.6932
2.0284,1.1459,-0.697
2.0263,1.1567,-0.709
2.024,1.1464,-0.7086
2.0275,1.147,-0.6995
2.0246,1.1514,-0.7042
2.0243,1.147,-0.7033
2.0208,1.1429,-0.7042
2.0301,1.1432,-0.7131
2.0272,1.147,-0.711
2.0298,1.1444,-0.7004
2.0339,1.1426,-0.6967
2.0348,1.1479,-0.6989
2.0301,1.1494,-0.7027
2.0322,1.1467,-0.7049
2.0342,1.152,-0.7027
2.0313,1.147,-0.7014
2.0409,1.1485,-0.7042
2.0292,1.1517,-0.6986
2.0316,1.1482,-0.7115
2.0327,1.1424,-0.7184
2.0284,1.1523,-0.7147
2.031,1.1462,-0.7068
2.0301,1.1453,-0.7071
2.0327,1.1508,-0.6992
2.0286,1.1549,-0.7146
2.0304,1.1497,-0.7141
2.026,1.1479,-0.7081
2.033,1.1502,-0.7094
2.0292,1.152,-0.7061
2.026,1.145,-0.7007
2.031,1.1444,-0.7015
2.0304,1.1424,-0.6957
2.0292,1.1473,-0.6986
2.0286,1.1421,-0.7065
2.0354,1.1459,-0.707
2.0415,1.15,-0.7081
2.031,1.1435,-0.7045
2.0319,1.1467,-0.7029
2.0292,1.1444,-0.6948
2.0345,1.1421,-0.6964
2.0313,1.1403,-0.6991
2.0298,1.1523,-0.695
2.031,1.1549,-0.6982
2.0295,1.1424,-0.6982
2.0281,1.1459,-0.6929
2.0324,1.1485,-0.6944
2.0281,1.1494,-0.7021
2.0322,1.1491,-0.7113
2.0316,1.1479,-0.7042
2.0351,1.1517,-0.7091
2.0307,1.159,-0.6991
2.0295,1.1538,-0.6938
2.0365,1.1523,-0.704
2.0284,1.1502,-0.6947
2.0281,1.1535,-0.7056
2.0278,1.152,-0.7052
2.0298,1.1473,-0.7108
2.0281,1.1453,-0.6942
2.0281,1.1514,-0.7089
2.0322,1.1444,-0.6992
2.0313,1.1459,-0.6967
2.0266,1.1476,-0.7024
2.0254,1.1488,-0.702
2.0269,1.1426,-0.6992
2.0319,1.1467,-0.7021
2.0281,1.1453,-0.7113
2.0354,1.1441,-0.7043
2.0336,1.1429,-0.7027
2.0354,1.1447,-0.6976
2.0319,1.1467,-0.7056
2.0275,1.1491,-0.6998
2.0284,1.1473,-0.7036
2.0225,1.1453,-0.7046
2.0269,1.145,-0.7008
2.0295,1.1502,-0.6975
2.0222,1.1502,-0.7011
2.0322,1.1552,-0.7037
2.0324,1.1453,-0.7058
2.0266,1.1523,-0.7106
2.0289,1.1476,-0.7127
2.0324,1.1432,-0.7039
2.0275,1.1555,-0.6963
2.0307,1.1558,-0.7058
2.0281,1.1561,-0.7017
2.0251,1.1502,-0.6964
2.0202,1.1532,-0.7075
2.0225,1.1435,-0.6998
2.0243,1.1514,-0.69
2.0278,1.1479,-0.6909
2.0248,1.1505,-0.698
2.0316,1.1432,-0.6996
2.0284,1.1535,-0.7055
2.0234,1.1438,-0.7004
2.0319,1.1397,-0.6957
2.0289,1.1508,-0.7021
2.0301,1.1412,-0.7023
2.0275,1.1514,-0.7021
2.0243,1.1508,-0.7072
2.0316,1.147,-0.7064
2.0284,1.1482,-0.7042
2.0269,1.1482,-0.7048
2.0251,1.1488,-0.7068
2.0292,1.1502,-0.7156
2.0342,1.1418,-0.7058
2.0251,1.1441,-0.7059
2.0275,1.1491,-0.7197
2.0281,1.1494,-0.7013
2.0339,1.1476,-0.7048
2.0348,1.1456,-0.7055
2.0269,1.1482,-0.7072
2.0333,1.1473,-0.709
2.0281,1.1456,-0.6972
2.0269,1.1482,-0.7029
2.0298,1.1456,-0.6992
2.0272,1.145,-0.7017
2.0304,1.1482,-0.703
2.0289,1.1497,-0.7093
2.0248,1.1491,-0.6929
2.0257,1.1491,-0.7115
2.0286,1.1453,-0.702
2.0257,1.1549,-0.6982
2.0263,1.1526,-0.7011
2.0284,1.1494,-0.704
2.0316,1.1479,-0.7074
2.0324,1.1502,-0.6972
2.033,1.1535,-0.7011
2.0342,1.145,-0.7059
2.031,1.1561,-0.7043
2.0322,1.1482,-0.7015
2.0269,1.1488,-0.709
2.0237,1.152,-0.708
2.0292,1.1505,-0.7094
2.0213,1.1523,-0.704
2.0263,1.1511,-0.6989
2.0289,1.15,-0.7091
2.0278,1.1526,-0.7008
2.0269,1.1502,-0.7037
2.0368,1.1508,-0.7051
2.0316,1.1543,-0.7014
2.0289,1.1505,-0.7097
2.0298,1.1508,-0.7002
2.0281,1.1552,-0.7002
2.0354,1.1535,-0.6999
2.0348,1.1488,-0.6995
2.0313,1.15,-0.6941
2.0295,1.1514,-0.7007
2.0298,1.1485,-0.6954
2.0286,1.1429,-0.6961
2.0266,1.1444,-0.7037
2.0295,1.1464,-0.708
2.031,1.1476,-0.6994
2.031,1.1485,-0.6989
2.0354,1.1435,-0.707
2.0298,1.1482,-0.703
2.0286,1.145,-0.7093
2.031,1.1432,-0.7121
2.0234,1.1476,-0.7034
2.0246,1.1421,-0.7004
2.0205,1.1505,-0.7077
2.0304,1.1523,-0.7099
2.0313,1.1491,-0.7065
2.0313,1.1447,-0.7074
2.0354,1.152,-0.7023
2.0263,1.152,-0.7004
2.0219,1.1476,-0.6996
2.0272,1.1535,-0.7021
2.0251,1.1494,-0.7007
2.0272,1.147,-0.6976
2.0263,1.1479,-0.7058
2.0272,1.1517,-0.7039
2.0243,1.1459,-0.7052
2.0164,1.1546,-0.704
2.0286,1.15,-0.7023
2.0243,1.1573,-0.7121
2.026,1.147,-0.7074
2.0246,1.1426,-0.7053
2.0243,1.1453,-0.7046
2.0225,1.1441,-0.6989
2.024,1.147,-0.6983
2.026,1.1456,-0.707
2.0275,1.1424,-0.7052
2.0281,1.1479,-0.7049
2.0319,1.1555,-0.7097
2.0246,1.1546,-0.7078
2.0286,1.1505,-0.7015
2.0289,1.1505,-0.7116
2.0243,1.1432,-0.7071
2.0324,1.1508,-0.6957
2.0351,1.1473,-0.6982
2.0269,1.1505,-0.7077
2.026,1.1523,-0.7029
2.0246,1.1482,-0.7065
2.0327,1.1502,-0.6958
2.0243,1.1488,-0.704
2.0208,1.1514,-0.704
2.0216,1.145,-0.7096
2.0278,1.1491,-0.6983
2.0304,1.1505,-0.7156
2.0298,1.1505,-0.6972
2.0289,1.1543,-0.7033
2.0336,1.1523,-0.7094
2.0292,1.1497,-0.7108
2.0284,1.15,-0.7131
2.0237,1.1555,-0.6766
2.0208,1.1532,-0.71
2.0243,1.1502,-0.7039
2.0248,1.1505,-0.7052
2.0243,1.1476,-0.703
2.0263,1.1462,-0.7026
2.0319,1.1526,-0.6956
2.0313,1.152,-0.708
2.0292,1.1502,-0.6996
2.0368,1.1494,-0.7046
2.0286,1.1552,-0.7156
2.0327,1.1576,-0.7108
2.0281,1.1599,-0.7122
2.0298,1.157,-0.6973
2.0316,1.1561,-0.6975
2.0339,1.1558,-0.702
2.0322,1.1482,-0.7023
2.0275,1.1549,-0.6749
2.0269,1.1526,-0.714
2.0251,1.1491,-0.7065
2.0281,1.15,-0.7077
2.0278,1.1444,-0.701
2.0269,1.1561,-0.7004
2.026,1.1482,-0.7129
2.0257,1.1444,-0.7068
2.036,1.15,-0.7037
2.0351,1.1482,-0.7058
2.0322,1.1494,-0.7018
2.031,1.1497,-0.7097
2.0269,1.145,-0.7065
2.0257,1.145,-0.71
2.0263,1.1502,-0.7093
2.0272,1.1438,-0.7157
2.0237,1.1485,-0.7001
2.021,1.1488,-0.7138
2.026,1.1494,-0.7032
2.0231,1.1511,-0.7058
2.0234,1.1511,-0.703
2.026,1.1447,-0.7115
2.0219,1.1508,-0.71
2.0298,1.157,-0.7108
2.0234,1.1456,-0.7103
2.0292,1.1511,-0.7189
2.0281,1.1429,-0.7106
2.0292,1.1494,-0.7127
2.0292,1.1412,-0.6989
2.0298,1.1491,-0.7081
2.0278,1.1505,-0.707
2.0292,1.1535,-0.6969
2.0322,1.1491,-0.7099
2.036,1.1488,-0.7055
2.0272,1.1523,-0.7061
2.0275,1.157,-0.707
2.0272,1.14,-0.7116
2.0286,1.1479,-0.7036
2.0275,1.1491,-0.7172
2.0231,1.15,-0.7084
2.0272,1.1532,-0.708
2.0269,1.1505,-0.7071
2.026,1.1535,-0.7097
2.0301,1.1535,-0.7077
2.0298,1.1494,-0.7068
2.0251,1.1538,-0.7081
2.0266,1.152,-0.7091
2.0228,1.1473,-0.7127
2.0178,1.1435,-0.7102
2.019,1.1464,-0.7119
2.0286,1.1473,-0.7102
2.026,1.1464,-0.7125
2.0301,1.1441,-0.7096
2.0286,1.1441,-0.7097
2.0248,1.1508,-0.7172
2.0263,1.15,-0.708
2.024,1.1502,-0.7175
2.0234,1.1523,-0.7124
2.021,1.1526,-0.7061
2.0196,1.1488,-0.7113
2.0272,1.1511,-0.7051
2.0266,1.1491,-0.7137
2.0246,1.1406,-0.6973
2.0284,1.1508,-0.7144
2.024,1.1494,-0.7173
2.0292,1.1552,-0.7151
2.0254,1.1502,-0.7109
2.0251,1.1488,-0.7065
2.0231,1.1482,-0.7132
2.0298,1.1491,-0.7043
2.0219,1.15,-0.7068
2.0219,1.1467,-0.7026
2.0345,1.1406,-0.7051
2.0275,1.1488,-0.7103
2.033,1.1517,-0.7148
2.0421,1.1447,-0.7074
2.0471,1.1386,-0.7097
2.0453,1.1421,-0.7132
2.0476,1.14,-0.7165
2.0441,1.1459,-0.7119
2.0471,1.1464,-0.7048
2.0427,1.1418,-0.7192
2.0474,1.1418,-0.7143
2.0465,1.1394,-0.715
2.0438,1.1356,-0.708
2.036,1.1403,-0.7154
2.0403,1.1435,-0.7097
2.0427,1.1459,-0.7122
2.0392,1.1435,-0.7078
2.0479,1.1391,-0.6992
2.045,1.1403,-0.7124
2.0485,1.1429,-0.7081
2.0456,1.1479,-0.715
2.0474,1.1429,-0.71
2.0468,1.1418,-0.7071
2.045,1.1383,-0.7115
2.0415,1.1426,-0.7186
2.0482,1.138,-0.7109
2.0433,1.1429,-0.7097
2.0468,1.14,-0.7135
2.045,1.1412,-0.6985
2.045,1.1424,-0.7042
2.0383,1.1403,-0.7106
2.0403,1.1421,-0.7137
2.043,1.1368,-0.7004
2.0427,1.1403,-0.7176
2.0438,1.1447,-0.7137
2.045,1.1406,-0.7046
2.0471,1.1377,-0.7056
2.0465,1.1403,-0.7204
2.0468,1.1473,-0.7021
2.0389,1.1386,-0.6998
2.0433,1.1292,-0.6963
2.0465,1.1432,-0.7039
2.0392,1.1429,-0.7124
2.0406,1.1438,-0.6999
2.0459,1.1438,-0.6988
2.0468,1.145,-0.7049
2.0395,1.1397,-0.7059
2.0488,1.147,-0.704
2.0436,1.1429,-0.7125
2.0398,1.1438,-0.7051
2.0456,1.14,-0.7129
2.0409,1.1415,-0.7049
2.0421,1.1435,-0.7127
2.0436,1.1426,-0.7049
2.0485,1.1441,-0.7121
2.0438,1.1397,-0.6977
2.0459,1.1397,-0.698
2.0497,1.1415,-0.7128
2.0444,1.1377,-0.715
2.0471,1.1415,-0.7086
2.0535,1.1421,-0.7077
2.0482,1.1412,-0.7055
2.0526,1.1447,-0.7029
2.0468,1.1432,-0.7048
2.0415,1.1435,-0.7064
2.0476,1.1435,-0.7024
2.0491,1.1394,-0.7051
2.0403,1.1459,-0.7034
2.045,1.1388,-0.7064
2.0456,1.1383,-0.7093
2.0474,1.1409,-0.7042
2.0447,1.1418,-0.7166
2.0465,1.1386,-0.7037
2.0471,1.1391,-0.7024
2.0471,1.1365,-0.7109
2.0474,1.145,-0.709
2.0465,1.138,-0.7208
2.0465,1.1424,-0.7143
2.0514,1.1412,-0.7055
2.0436,1.1397,-0.7096
2.0424,1.1406,-0.7074
2.0441,1.1365,-0.7129
2.05,1.1345,-0.7091
2.0468,1.1362,-0.7143
2.045,1.1421,-0.7153
2.0424,1.147,-0.7153
2.0476,1.14,-0.7195
2.0465,1.1356,-0.7112
2.0436,1.1391,-0.747
2.0479,1.1426,-0.7175
2.05,1.1421,-0.7113
2.0447,1.1441,-0.72
2.0474,1.1456,-0.7176
2.0494,1.138,-0.7053
2.045,1.1342,-0.7078
2.043,1.1359,-0.7122
2.0427,1.1462,-0.708
2.0453,1.145,-0.7176
2.0459,1.1467,-0.709
2.0471,1.1336,-0.7109
2.0479,1.1359,-0.7065
2.05,1.1394,-0.7078
2.0485,1.1441,-0.7086
2.0471,1.1426,-0.716
2.0526,1.1453,-0.7211
2.0555,1.1441,-0.7091
2.0512,1.1453,-0.7077
2.0462,1.1444,-0.7178
2.0438,1.1415,-0.7227
2.0491,1.1388,-0.7129
2.0506,1.1447,-0.7068
2.0494,1.1386,-0.7113
2.0465,1.1453,-0.7033
2.0482,1.1435,-0.714
2.0485,1.1444,-0.7086
2.0441,1.1406,-0.7018
2.0514,1.1494,-0.7064
2.0491,1.1415,-0.7024
2.0462,1.1365,-0.7064
2.0433,1.1394,-0.7154
2.0424,1.1409,-0.707
2.0488,1.1435,-0.7055
2.0509,1.1371,-0.7052
2.05,1.1362,-0.7108
2.0444,1.1386,-0.703
2.05,1.1435,-0.7165
2.0462,1.1459,-0.7103
2.0438,1.138,-0.7191
2.0441,1.1377,-0.7034
2.0471,1.1429,-0.6969
2.045,1.1412,-0.7039
2.05,1.1517,-0.7122
2.052,1.1412,-0.6975
2.0441,1.1426,-0.7062
2.0479,1.1365,-0.7135
2.0555,1.1403,-0.7148
2.0512,1.1371,-0.7106
2.0491,1.1362,-0.7194
2.0459,1.1415,-0.716
2.0459,1.1511,-0.7156
2.043,1.1418,-0.7105
2.052,1.1397,-0.7103
2.0459,1.138,-0.7068
2.052,1.1438,-0.7172
2.0462,1.1435,-0.7105
2.0482,1.1432,-0.7078
2.0526,1.1403,-0.7135
2.0479,1.1514,-0.7109
2.0459,1.1462,-0.7001
2.0456,1.1497,-0.704
2.0503,1.1552,-0.7046
2.0456,1.1435,-0.7096
2.0462,1.1535,-0.7074
2.0523,1.154,-0.7074
2.0395,1.1479,-0.6988
2.0456,1.1456,-0.6975
2.0471,1.1412,-0.7023
2.05,1.1453,-0.7078
2.0441,1.145,-0.7042
2.05,1.1464,-0.6995
2.0465,1.1444,-0.7132
2.0468,1.1453,-0.7134
2.0479,1.1444,-0.7049
2.0409,1.1415,-0.7075
2.0447,1.1441,-0.7065
2.0456,1.1438,-0.7036
2.0482,1.1391,-0.7078
2.0485,1.1374,-0.7043
2.0479,1.1403,-0.7127
2.0468,1.14,-0.7045
2.0456,1.1397,-0.7058
2.0503,1.1388,-0.6972
2.0517,1.1403,-0.7056
2.052,1.1418,-0.7084
2.0532,1.1415,-0.7146
2.0485,1.1424,-0.6966
2.0512,1.1424,-0.7112
2.0468,1.1429,-0.6967
2.0514,1.1418,-0.7097
2.0485,1.1418,-0.7056
2.0517,1.145,-0.709
2.0497,1.1415,-0.7071
2.0465,1.145,-0.7172
2.0526,1.1415,-0.7015
2.0476,1.1441,-0.7132
2.0532,1.1441,-0.716
2.0476,1.1464,-0.7146
2.0462,1.1488,-0.7058
2.0485,1.147,-0.7135
2.0491,1.145,-0.6982
2.0512,1.14,-0.709
2.0436,1.1491,-0.7083
2.052,1.1426,-0.7096
2.0509,1.1418,-0.7048
2.0476,1.1467,-0.7216
2.0544,1.1441,-0.7113
2.0497,1.1444,-0.7008
2.0506,1.1415,-0.7089
2.0512,1.1397,-0.6977
2.0479,1.1459,-0.7026
2.0438,1.138,-0.7048
2.0453,1.135,-0.7115
2.0497,1.1368,-0.7084
2.0468,1.1424,-0.7046
2.052,1.1429,-0.6999
2.0485,1.138,-0.6996
2.0544,1.1494,-0.697
2.0456,1.145,-0.703
2.0479,1.1403,-0.7049
2.0447,1.1473,-0.7176
2.0459,1.1418,-0.7055
2.0406,1.1371,-0.7128
2.0468,1.138,-0.7061
2.0497,1.1517,-0.6977
2.04,1.1508,-0.6953
2.0444,1.1406,-0.7032
2.0482,1.1441,-0.7083
2.0476,1.1345,-0.7084
2.0503,1.1377,-0.7075
2.0485,1.1359,-0.7089
2.0433,1.1424,-0.711
2.0468,1.1429,-0.7178
2.0512,1.1418,-0.71
2.0436,1.1312,-0.6998
2.0459,1.1409,-0.711
2.043,1.1391,-0.717
2.0447,1.135,-0.7081
2.0415,1.1386,-0.7034
2.0468,1.1394,-0.7124
2.0497,1.1421,-0.7062
2.0506,1.1424,-0.7108
2.0526,1.1412,-0.7001
2.0503,1.1418,-0.707
2.0544,1.1359,-0.7052
2.0462,1.1409,-0.7182
2.0509,1.1397,-0.7083
2.0488,1.1435,-0.7062
2.0488,1.1304,-0.6929
2.0482,1.1342,-0.7005
2.0453,1.1386,-0.7048
2.0476,1.1368,-0.7024
2.052,1.1444,-0.7034
2.0506,1.14,-0.7045
2.0476,1.138,-0.7043
2.0482,1.1348,-0.7113
2.0453,1.1394,-0.7112
2.0447,1.1441,-0.6975
2.0494,1.1426,-0.6961
2.0482,1.1383,-0.7115
2.0418,1.1397,-0.7185
2.0506,1.1388,-0.7021
2.0482,1.1368,-0.7061
2.0456,1.135,-0.7109
2.0547,1.1345,-0.7045
2.0535,1.1438,-0.7021
2.0538,1.1353,-0.704
2.0526,1.1409,-0.7138
2.0555,1.1374,-0.7141
2.0468,1.1441,-0.7122
2.0582,1.1356,-0.701
2.0535,1.1424,-0.7048
2.052,1.1383,-0.7072
2.0459,1.1415,-0.717
2.0503,1.1365,-0.7091
2.0433,1.1359,-0.704
2.0541,1.1406,-0.7083
2.0512,1.1365,-0.7119
2.0479,1.1388,-0.7034
2.0482,1.1342,-0.7083
2.0494,1.1424,-0.7106
2.0441,1.1415,-0.7093
2.0465,1.1391,-0.714
2.0532,1.1397,-0.7093
2.0503,1.1432,-0.7084
2.052,1.1424,-0.7078
2.0456,1.145,-0.7096
2.0485,1.145,-0.7051
2.0514,1.1368,-0.7077
2.0462,1.1432,-0.703
2.0427,1.1365,-0.695
2.0485,1.1447,-0.7042
2.0544,1.1383,-0.6937
2.0552,1.1473,-0.7033
2.05,1.138,-0.7179
2.0497,1.1456,-0.7032
2.0523,1.1424,-0.7097
2.0444,1.1485,-0.7061
2.0509,1.14,-0.7029
2.052,1.1441,-0.6953
2.0517,1.1409,-0.6977
2.0573,1.1462,-0.7036
2.052,1.1383,-0.7172
2.0555,1.147,-0.7156
2.0541,1.1485,-0.7165
2.0427,1.1424,-0.6988
2.0532,1.1459,-0.7021
2.055,1.1394,-0.7029
2.0488,1.1415,-0.7024
2.0506,1.1394,-0.7049
2.0529,1.1397,-0.7002
2.0517,1.1462,-0.7055
2.0506,1.1467,-0.7077
2.0538,1.1394,-0.7102
2.0418,1.1397,-0.7099
2.0497,1.1418,-0.7048
2.0509,1.138,-0.7048
2.0512,1.1391,-0.7077
2.0491,1.1476,-0.7018
2.0514,1.1462,-0.6999
2.0538,1.1406,-0.7077
2.0529,1.1388,-0.708
2.0512,1.1426,-0.704
2.0474,1.1391,-0.6934
2.0503,1.1447,-0.6958
2.0547,1.14,-0.7014
2.0567,1.1415,-0.7078
2.0488,1.14,-0.7141
2.0514,1.147,-0.7127
2.0555,1.1459,-0.7033
2.0596,1.1444,-0.7001
2.0608,1.1371,-0.7207
2.052,1.1377,-0.7007
2.0602,1.1467,-0.7013
2.0503,1.1426,-0.6998
2.052,1.15,-0.7062
2.0494,1.1424,-0.7103
2.0438,1.1374,-0.7125
2.0485,1.1327,-0.7014
2.0456,1.1348,-0.6992
2.0494,1.1394,-0.6957
2.052,1.1438,-0.7097
2.0535,1.1403,-0.722
2.0544,1.1365,-0.7431
2.0479,1.1432,-0.7135
2.0491,1.1415,-0.7176
2.0488,1.14,-0.7048
2.0462,1.135,-0.7068
2.0514,1.1388,-0.7061
2.0555,1.1412,-0.7039
2.0485,1.1412,-0.7056
2.0552,1.1464,-0.7144
2.0453,1.14,-0.7099
2.0462,1.1362,-0.6986
2.0512,1.1412,-0.7008
2.0471,1.14,-0.701
2.052,1.1412,-0.697
2.0555,1.1429,-0.6994
2.0488,1.1456,-0.7121
2.0582,1.1429,-0.7113
2.0471,1.1444,-0.7037
2.0503,1.1421,-0.7026
2.0327,1.1459,-0.7064
2.0322,1.145,-0.7004
2.0307,1.1418,-0.7014
2.0263,1.1511,-0.7052
2.0246,1.1538,-0.7091
2.0158,1.1593,-0.7061
2.0132,1.1619,-0.7115
2.0132,1.1678,-0.702
2.0117,1.1654,-0.7005
2.0123,1.1578,-0.709
2.0099,1.1649,-0.7072
2.0079,1.1643,-0.7106
2.0129,1.1616,-0.7072
2.0132,1.1619,-0.7004
2.0123,1.1669,-0.7039
2.0064,1.171,-0.6973
2.0102,1.1707,-0.7021
2.007,1.171,-0.6976
2.0035,1.1713,-0.7078
2.0032,1.1771,-0.7018
2.0012,1.1768,-0.701
2.0067,1.1733,-0.6961
2.0111,1.1678,-0.6999
2.0108,1.1692,-0.7042
2.0085,1.1722,-0.6982
2.0102,1.1742,-0.6957
2.0067,1.1698,-0.6973
2.0076,1.1687,-0.7105
2.0047,1.176,-0.6925
2.0026,1.1792,-0.6942
2.0085,1.1806,-0.6977
2.0082,1.1786,-0.698
2.0064,1.1733,-0.6951
2.0091,1.1774,-0.7061
2.005,1.1716,-0.7014
2.0058,1.1698,-0.7083
2.0012,1.1695,-0.6901
2.0073,1.1672,-0.7106
2.0026,1.1707,-0.7077
2.0029,1.1748,-0.7043
1.9997,1.1748,-0.7075
2.002,1.1745,-0.7039
2.005,1.1669,-0.714
2.0094,1.1766,-0.7109
2.0076,1.1739,-0.7067
2.0038,1.173,-0.7162
2.0088,1.1745,-0.7084
2.0006,1.1804,-0.7039
2.0076,1.1722,-0.7068
2.0064,1.1751,-0.7034
2.002,1.1716,-0.6979
2.0117,1.1789,-0.7039
2.0018,1.178,-0.7043
2.0067,1.1768,-0.7027
2.0076,1.176,-0.7077
2.0082,1.1795,-0.6992
2.0079,1.1733,-0.6947
2.0038,1.1751,-0.7049
2.0088,1.1777,-0.6975
2.0041,1.1798,-0.7097
2.0038,1.1786,-0.7015
2.0047,1.1789,-0.6951
2.0056,1.1795,-0.6977
2.0044,1.1771,-0.7046
2.0023,1.1795,-0.7086
2.0056,1.1774,-0.7086
2.0058,1.1894,-0.7093
2.0009,1.1798,-0.6928
2.0044,1.1766,-0.697
2.0041,1.1812,-0.7001
2.0088,1.1777,-0.6953
2.0061,1.1839,-0.6992
2.0061,1.1833,-0.7027
1.9997,1.176,-0.691
2.0108,1.1766,-0.6757
2.0102,1.1783,-0.6988
2.012,1.1783,-0.7131
2.0096,1.176,-0.7118
2.0,1.176,-0.7075
2.007,1.1806,-0.701
2.0085,1.1809,-0.6964
2.0082,1.1789,-0.7039
2.0105,1.1798,-0.7046
2.0108,1.173,-0.6977
2.0053,1.1795,-0.6973
2.0061,1.1789,-0.7064
2.0064,1.1754,-0.6998
2.0056,1.1766,-0.7049
2.005,1.1789,-0.6983
2.007,1.1792,-0.6964
1.9997,1.1783,-0.7068
2.0085,1.1754,-0.6972
2.0003,1.1736,-0.6957
2.0038,1.171,-0.6995
2.0088,1.1704,-0.7084
2.0018,1.1751,-0.7077
2.0117,1.1745,-0.7068
2.005,1.1801,-0.7071
2.0091,1.1847,-0.6964
2.0076,1.1766,-0.704
2.0064,1.1795,-0.7052
2.0108,1.1859,-0.6994
2.0117,1.1751,-0.7064
2.0073,1.1786,-0.6983
2.012,1.1713,-0.7023
2.0067,1.176,-0.7093
2.0094,1.1795,-0.7043
1.9997,1.1701,-0.6982
2.0035,1.1654,-0.702
2.014,1.1739,-0.702
2.0137,1.1768,-0.7086
2.0035,1.1748,-0.7062
2.0009,1.1739,-0.7096
2.0117,1.169,-0.7077
2.0088,1.1748,-0.696
2.0137,1.164,-0.7005
2.0079,1.1754,-0.7075
2.0038,1.1745,-0.7013
2.0038,1.176,-0.7024
2.0038,1.1809,-0.7134
1.9959,1.1722,-0.7157
2.0029,1.1742,-0.7118
1.9985,1.1777,-0.7091
2.0026,1.1678,-0.7056
2.0032,1.1733,-0.7119
2.0044,1.1774,-0.7077
2.0114,1.1833,-0.7124
2.0067,1.1809,-0.7045
2.0073,1.1695,-0.7097
2.0003,1.1739,-0.7102
2.0064,1.1754,-0.7026
2.0032,1.178,-0.6995
2.0053,1.1722,-0.702
2.0161,1.1745,-0.7143
2.0105,1.1763,-0.7062
2.0073,1.1792,-0.7071
1.9985,1.1736,-0.6977
2.0003,1.171,-0.7045
2.0053,1.171,-0.7184
2.0085,1.1798,-0.7096
1.9997,1.1719,-0.7091
2.0029,1.1725,-0.7068
2.0082,1.1763,-0.7049
2.005,1.1722,-0.7072
2.0061,1.1704,-0.7091
2.0064,1.1728,-0.7074
2.0044,1.1801,-0.7033
2.0015,1.1728,-0.7001
2.0047,1.1745,-0.6972
2.0032,1.1722,-0.7106
2.0044,1.1745,-0.7078
2.0038,1.1736,-0.7086
2.0061,1.1768,-0.6926
2.0018,1.1771,-0.7015
2.0123,1.178,-0.7042
2.0117,1.1745,-0.701
2.0096,1.1739,-0.7091
2.0067,1.1833,-0.7081
2.0096,1.1798,-0.7055
2.0111,1.1745,-0.6988
2.0053,1.173,-0.7096
2.0105,1.1722,-0.7032
2.0094,1.176,-0.7086
2.0064,1.1736,-0.7015
2.012,1.1745,-0.7013
2.0123,1.1789,-0.7087
2.0091,1.1763,-0.6979
2.0108,1.1818,-0.7093
2.0099,1.1856,-0.7086
2.0082,1.1768,-0.7056
2.0067,1.1736,-0.7032
2.0009,1.1654,-0.7045
2.0111,1.1771,-0.7103
2.0102,1.1728,-0.7071
2.005,1.1733,-0.7121
2.0035,1.1663,-0.74
2.007,1.1763,-0.7186
2.0058,1.1763,-0.7093
2.0088,1.1754,-0.7113
2.0038,1.1783,-0.7027
2.0102,1.1748,-0.7141
2.0117,1.1713,-0.7121
2.0053,1.1786,-0.7089
2.0082,1.1789,-0.7027
2.0029,1.1733,-0.698
2.0044,1.1815,-0.7033
2.0129,1.1809,-0.7027
2.0088,1.1792,-0.7058
2.0041,1.1771,-0.7089
2.0082,1.1745,-0.702
2.0099,1.1722,-0.6972
2.0117,1.1768,-0.689
2.002,1.1742,-0.7018
2.0117,1.171,-0.7008
2.0058,1.1818,-0.7001
2.0129,1.1783,-0.6941
2.0088,1.1681,-0.7014
2.0064,1.1795,-0.6992
2.0114,1.1745,-0.6945
2.0094,1.1733,-0.6939
2.014,1.178,-0.7051
2.0091,1.1783,-0.7002
2.0056,1.1745,-0.708
2.0126,1.1754,-0.7001
2.0076,1.1716,-0.7037
2.0012,1.1748,-0.7078
2.0044,1.171,-0.6941
2.0091,1.1804,-0.7045
2.0111,1.1768,-0.703
2.0032,1.1798,-0.6985
2.0,1.1698,-0.6963
2.0102,1.1777,-0.7081
2.0085,1.1739,-0.7091
2.0167,1.1713,-0.7068
2.005,1.1716,-0.7053
2.0047,1.1742,-0.7056
2.0006,1.1763,-0.6985
2.002,1.1821,-0.6798
2.0026,1.1824,-0.7096
2.0053,1.1806,-0.7097
2.0056,1.1719,-0.7064
2.0053,1.1713,-0.6977
2.0091,1.1757,-0.7067
2.0038,1.1745,-0.7037
2.0012,1.1798,-0.7013
2.0137,1.1751,-0.7064
2.0088,1.1777,-0.7061
2.0164,1.1733,-0.7024
2.0056,1.1754,-0.707
2.0114,1.1722,-0.7068
2.0099,1.171,-0.701
2.0,1.1809,-0.6983
2.0038,1.183,-0.7086
2.0058,1.1789,-0.7027
2.002,1.1748,-0.6967
2.0061,1.178,-0.7084
2.0088,1.1786,-0.7059
2.0023,1.1763,-0.7032
2.012,1.1768,-0.6986
2.0076,1.1821,-0.708
1.9942,1.1733,-0.7106
2.0137,1.1777,-0.7061
2.0064,1.1742,-0.7027
1.9997,1.1763,-0.702
2.0006,1.178,-0.7055
2.0035,1.1754,-0.7029
2.0111,1.188,-0.7091
2.0123,1.1768,-0.7023
1.9971,1.1754,-0.6975
2.0094,1.1777,-0.7061
2.0061,1.1856,-0.7015
2.0114,1.1795,-0.7034
2.0023,1.1789,-0.7013
2.0023,1.1836,-0.7124
2.0085,1.173,-0.7011
2.0094,1.1728,-0.6995
2.0029,1.176,-0.7042
2.0032,1.1771,-0.7086
2.005,1.1745,-0.6988
1.9977,1.1795,-0.7037
2.0012,1.1777,-0.7075
2.0105,1.1777,-0.708
2.0058,1.1751,-0.7112
2.0064,1.1777,-0.7014
2.0064,1.1736,-0.7002
2.0032,1.178,-0.6989
2.0056,1.1795,-0.7096
1.9968,1.1751,-0.6991
2.0137,1.178,-0.6966
2.0064,1.1713,-0.7027
2.0111,1.1786,-0.6977
2.0094,1.1768,-0.7128
2.0082,1.1786,-0.7002
2.012,1.1763,-0.704
2.0126,1.176,-0.7032
2.0064,1.1722,-0.7061
2.0096,1.1815,-0.7075
2.0111,1.1736,-0.7043
2.0143,1.1789,-0.7049
2.0088,1.1763,-0.7062
2.0152,1.1804,-0.7089
2.0102,1.1742,-0.7077
2.0094,1.1783,-0.7099
2.0088,1.1748,-0.7055
2.0137,1.1742,-0.6934
2.0158,1.1766,-0.7087
2.0129,1.183,-0.7021
2.0056,1.1754,-0.7121
2.0,1.1804,-0.7113
2.017,1.1789,-0.7113
2.0091,1.1801,-0.7051
2.0111,1.1754,-0.7115
2.0152,1.1751,-0.7024
2.0015,1.173,-0.6996
2.0099,1.1812,-0.7065
2.0111,1.1771,-0.6988
2.012,1.1757,-0.7046
2.0178,1.1783,-0.721
2.0023,1.173,-0.7131
2.0091,1.1795,-0.7053
2.0094,1.178,-0.698
2.0082,1.173,-0.6977
2.0003,1.1728,-0.6939
2.0091,1.1719,-0.6966
2.0091,1.1725,-0.7048
2.0099,1.1798,-0.6919
2.0061,1.1789,-0.7081
2.0079,1.1763,-0.7024
2.0006,1.1792,-0.7048
2.0073,1.1739,-0.6942
2.0108,1.1792,-0.6954
2.0088,1.1757,-0.7061
2.0134,1.1798,-0.7132
2.0134,1.1842,-0.7037
2.0085,1.176,-0.6972
2.0085,1.1812,-0.7099
2.0073,1.1733,-0.6945
2.0073,1.1728,-0.7062
2.0053,1.1742,-0.7032
2.0123,1.1789,-0.7039
2.0044,1.1719,-0.6989
2.0032,1.1687,-0.6983
2.0009,1.1733,-0.696
2.0035,1.1763,-0.6986
2.0023,1.1634,-0.7014
2.0047,1.1736,-0.6992
2.0085,1.178,-0.6897
2.0018,1.178,-0.7077
2.0117,1.1804,-0.6913
2.0134,1.1792,-0.6918
2.007,1.1742,-0.7053
2.0026,1.1768,-0.7014
2.0006,1.1757,-0.7026
2.0006,1.1786,-0.7071
2.007,1.1751,-0.7049
2.0073,1.1695,-0.702
2.0076,1.1815,-0.7049
2.0053,1.1774,-0.7093
2.0088,1.1768,-0.7036
1.998,1.1725,-0.7039
2.007,1.1704,-0.7048
2.0088,1.1801,-0.6979
2.0094,1.1748,-0.6948
2.0009,1.178,-0.6938
2.0058,1.1763,-0.7147
2.0088,1.1751,-0.6991
2.0064,1.1795,-0.7021
2.0099,1.1722,-0.7083
2.005,1.1801,-0.6915
2.0132,1.1757,-0.6937
2.0096,1.1801,-0.7014
2.0123,1.1792,-0.6953
2.0023,1.1801,-0.6937
2.0041,1.173,-0.7011
2.0091,1.1763,-0.6967
2.0102,1.1844,-0.6882
2.0102,1.1763,-0.6953
2.0056,1.1725,-0.697
2.014,1.1745,-0.6958
2.0044,1.1748,-0.7008
2.0102,1.1792,-0.6919
2.0079,1.171,-0.7036
2.0012,1.1698,-0.7014
2.0061,1.1757,-0.7023
2.0079,1.183,-0.7021
2.012,1.1736,-0.6973
2.0064,1.173,-0.6983
2.007,1.1733,-0.7001
2.0064,1.1757,-0.7027
1.9994,1.1722,-0.695
2.0029,1.1751,-0.708
2.0047,1.1722,-0.6994
2.0029,1.1757,-0.701
2.0164,1.1771,-0.7001
2.0132,1.1842,-0.6975
2.0146,1.1783,-0.6979
2.0096,1.176,-0.692
2.0096,1.1751,-0.7086
2.007,1.1836,-0.7078
2.0096,1.176,-0.7094
2.0111,1.1698,-0.6944
2.0132,1.1736,-0.6991
2.0073,1.1698,-0.7059
2.0099,1.1669,-0.7018
2.0096,1.1795,-0.7048
2.0161,1.1777,-0.6977
2.0108,1.1728,-0.6999
2.0178,1.1771,-0.7007
1.9991,1.1751,-0.6967
2.0094,1.169,-0.6916
2.0009,1.1733,-0.7013
2.0105,1.171,-0.7039
2.0143,1.1733,-0.7039
2.0056,1.1722,-0.7071
2.012,1.1745,-0.7013
2.0096,1.1684,-0.7017
2.0099,1.1692,-0.7043
2.0096,1.1722,-0.7103
2.0041,1.1745,-0.707
2.0082,1.1745,-0.7105
2.0155,1.1789,-0.6935
2.0099,1.1707,-0.695
2.0099,1.1739,-0.697
2.0035,1.1736,-0.6963
2.0102,1.1757,-0.709
2.0117,1.1777,-0.6958
2.0076,1.1754,-0.6944
2.0079,1.1742,-0.6941
2.0079,1.1815,-0.7065
2.0088,1.1789,-0.7132
2.0067,1.1804,-0.7033
2.0073,1.1748,-0.7029
2.0099,1.1713,-0.7049
2.0035,1.1745,-0.7061
2.0126,1.1783,-0.6954
2.0041,1.1742,-0.6967
2.012,1.1801,-0.6979
2.0061,1.1728,-0.6913
2.014,1.1742,-0.6967
2.002,1.1692,-0.6945
2.0064,1.173,-0.7052
2.002,1.1809,-0.7013
2.0035,1.1771,-0.6938
2.0076,1.1804,-0.6982
2.005,1.1745,-0.6964
2.0079,1.1757,-0.6986
2.0085,1.169,-0.6966
2.0023,1.178,-0.7005
2.012,1.1748,-0.7017
2.0123,1.1713,-0.7061
2.0073,1.1827,-0.7017
2.0123,1.1801,-0.6964
2.0094,1.1798,-0.7053
2.0202,1.1792,-0.6945
2.0056,1.1725,-0.6995
2.007,1.1771,-0.7115
2.0094,1.1722,-0.6982
2.0079,1.1795,-0.7037
2.0,1.1774,-0.7051
2.002,1.1777,-0.7029
2.0058,1.1768,-0.7106
1.9994,1.1786,-0.703
2.0064,1.1818,-0.7011
2.0044,1.1786,-0.7106
2.0067,1.1704,-0.7029
2.0023,1.1783,-0.7062
2.0044,1.183,-0.7027
2.0123,1.1742,-0.7056
2.0015,1.1751,-0.7008
2.0038,1.1801,-0.7067
2.0108,1.1815,-0.7154
2.0056,1.1736,-0.6995
2.005,1.173,-0.7106
2.0061,1.183,-0.6956
2.0058,1.176,-0.6967
2.0167,1.1783,-0.71
2.0018,1.1704,-0.7056
2.0044,1.1725,-0.7023
2.0006,1.1806,-0.7055
2.0082,1.1728,-0.7024
2.0023,1.1824,-0.7121
1.9994,1.1824,-0.6989
2.0076,1.1804,-0.7037
2.012,1.1766,-0.7061
2.014,1.176,-0.7014
2.0082,1.1719,-0.7023
2.0094,1.1771,-0.7018
2.0134,1.1751,-0.6995
2.0149,1.1766,-0.7017
2.0015,1.178,-0.7008
2.0058,1.1748,-0.6998
2.014,1.1812,-0.7189
2.0079,1.1742,-0.6956
2.0105,1.1774,-0.6988
2.0073,1.1748,-0.6922
2.0035,1.176,-0.7023
2.0091,1.1774,-0.7018
2.0079,1.1777,-0.6958
2.0041,1.1777,-0.6958
2.0053,1.1786,-0.7067
2.0058,1.176,-0.7011
2.0064,1.1725,-0.6877
2.0053,1.1763,-0.7056
1.9985,1.1728,-0.7091
2.0056,1.178,-0.7173
2.0064,1.1763,-0.6953
2.0132,1.1757,-0.7024
2.0149,1.1792,-0.7002
2.0047,1.183,-0.7039
2.0105,1.1766,-0.7011
2.0082,1.1704,-0.698
2.0117,1.1733,-0.7087
2.0067,1.1736,-0.7046
2.0023,1.1763,-0.7109
2.0023,1.1771,-0.7072
2.0085,1.1777,-0.7018
2.0079,1.1804,-0.7067
2.0064,1.1786,-0.7084
2.0038,1.1783,-0.7045
2.0105,1.1795,-0.7074
2.0129,1.1774,-0.7005
2.0096,1.173,-0.697
2.0047,1.1725,-0.7024
2.007,1.173,-0.7084
2.0099,1.1771,-0.7032
2.0085,1.176,-0.707
2.0073,1.1719,-0.7109
2.0102,1.1801,-0.7147
2.0085,1.1757,-0.7011
2.0067,1.178,-0.7068
2.0096,1.1806,-0.7014
2.0047,1.1844,-0.7059
2.0056,1.1716,-0.7043
2.0038,1.1742,-0.7018
2.005,1.1748,-0.7062
2.0044,1.169,-0.7072
2.0044,1.1742,-0.7188
2.0108,1.1757,-0.6957
2.0047,1.1719,-0.7023
2.0099,1.178,-0.6941
2.0094,1.1637,-0.7004
2.0044,1.1719,-0.6928
2.0181,1.1757,-0.7023
2.0105,1.173,-0.6948
2.0073,1.1783,-0.7165
2.005,1.1745,-0.6991
2.0102,1.173,-0.6983
2.0047,1.1742,-0.7008
2.0047,1.1768,-0.6994
2.0064,1.1786,-0.6976
2.0076,1.1725,-0.704
2.0053,1.1736,-0.7017
2.0038,1.1716,-0.7043
2.0044,1.1742,-0.7051
2.0082,1.1768,-0.6989
2.0073,1.1818,-0.7027
2.0038,1.1812,-0.709
2.0091,1.176,-0.7058
2.0076,1.1836,-0.7046
2.0047,1.1804,-0.7045
2.0085,1.1695,-0.7043
2.0129,1.1739,-0.7051
2.0073,1.1801,-0.7032
2.0134,1.1745,-0.7013
2.0117,1.1801,-0.6961
2.0073,1.1786,-0.6906
2.0129,1.1701,-0.7042
2.0032,1.1728,-0.6975
2.0099,1.173,-0.6995
2.0041,1.1739,-0.704
2.0126,1.1783,-0.696
2.0132,1.1777,-0.7084
2.0108,1.1681,-0.7081
2.0181,1.1725,-0.704
2.0102,1.1733,-0.6947
2.0035,1.1771,-0.7026
2.0152,1.1748,-0.6931
2.0047,1.1768,-0.7056
2.0117,1.1824,-0.6961
2.014,1.1719,-0.695
2.0026,1.171,-0.7029
2.0038,1.171,-0.7125
2.0053,1.1742,-0.7014
2.0111,1.176,-0.7062
2.0111,1.1786,-0.7036
2.0047,1.1809,-0.6963
2.0193,1.1783,-0.7125
2.0111,1.1798,-0.702
2.0053,1.1818,-0.703
2.0105,1.1692,-0.703
2.014,1.171,-0.6951
2.0073,1.1757,-0.701
2.0132,1.1833,-0.6956
2.0164,1.1789,-0.7043
2.0067,1.1824,-0.7017
2.0076,1.1766,-0.7023
2.0067,1.1736,-0.7067
2.0099,1.1812,-0.7023
2.0126,1.1739,-0.7039
2.0058,1.1795,-0.7008
2.0082,1.1844,-0.7005
2.0123,1.176,-0.7026
2.0061,1.1713,-0.7008
2.0056,1.1733,-0.6992
2.0085,1.1786,-0.7043
2.005,1.1804,-0.7049
2.0073,1.1795,-0.6957
2.0094,1.178,-0.6934
2.0105,1.185,-0.6871
2.0126,1.1812,-0.7058
2.0129,1.1774,-0.6999
2.0114,1.1739,-0.7037
2.0137,1.1733,-0.7001
2.0079,1.1827,-0.6988
2.0111,1.1704,-0.7014
2.0114,1.1766,-0.6976
2.0094,1.1754,-0.6937
2.005,1.1801,-0.7049
2.012,1.1763,-0.6953
2.0105,1.1771,-0.696
2.0091,1.1678,-0.6939
2.0082,1.183,-0.6947
2.0123,1.1795,-0.6922
2.0134,1.1833,-0.6891
2.0047,1.1777,-0.6999
2.0015,1.1789,-0.7056
2.0073,1.1757,-0.7007
2.0085,1.1739,-0.7018
2.0,1.1792,-0.7001
2.0085,1.1821,-0.7093
2.0038,1.176,-0.6953
2.0038,1.1801,-0.7118
2.0056,1.1745,-0.7064
2.0012,1.1768,-0.7058
2.012,1.171,-0.6991
2.0091,1.1792,-0.7056
2.0067,1.1748,-0.7018
2.0044,1.1833,-0.7103
2.0079,1.178,-0.7004
2.0105,1.1798,-0.6996
2.0047,1.1777,-0.7017
2.0053,1.1771,-0.701
2.002,1.1777,-0.6928
2.0111,1.1812,-0.6966
2.0082,1.1806,-0.7015
2.0038,1.1827,-0.6942
2.0108,1.1754,-0.702
2.0035,1.1768,-0.6901
2.0041,1.1804,-0.6938
2.0026,1.1783,-0.688
2.0082,1.1827,-0.7032
1.9997,1.1774,-0.6909
2.0064,1.1801,-0.6976
2.002,1.1868,-0.6925
2.0061,1.1798,-0.6942
2.0129,1.1798,-0.6973
2.0088,1.1804,-0.6988
2.005,1.1757,-0.6986
2.0091,1.1774,-0.6919
2.007,1.1771,-0.692
2.0032,1.1839,-0.6953
2.0023,1.1792,-0.7026
2.0058,1.1877,-0.7014
2.0114,1.1795,-0.7032
2.0079,1.1783,-0.6994
2.0029,1.1806,-0.7105
2.0137,1.1818,-0.6996
2.0053,1.1804,-0.6906
2.0085,1.1836,-0.704
2.0073,1.1713,-0.6916
2.0143,1.173,-0.6975
2.0164,1.1692,-0.6991
2.0178,1.1558,-0.7021
2.021,1.1584,-0.7042
2.0222,1.1511,-0.6967
2.0354,1.1505,-0.7052
2.0357,1.1511,-0.6923
2.038,1.1482,-0.7032
2.0368,1.1462,-0.695
2.0348,1.1453,-0.6995
2.0316,1.1406,-0.7036
2.0354,1.1447,-0.7059
2.0339,1.1444,-0.7055
2.038,1.1497,-0.6988
2.0357,1.1464,-0.6977
2.0436,1.1464,-0.7065
2.0377,1.1456,-0.7032
2.0406,1.1424,-0.6995
2.0479,1.1479,-0.7026
2.0462,1.1409,-0.7018
2.0409,1.1491,-0.6953
2.0368,1.145,-0.7032
2.0468,1.15,-0.7144
2.0482,1.1447,-0.7099
2.0488,1.1467,-0.7011
2.0462,1.1456,-0.7099
2.0526,1.145,-0.7046
2.0447,1.1456,-0.7116
2.05,1.1491,-0.7064
2.0468,1.1508,-0.7065
2.0465,1.1429,-0.7116
2.0412,1.1479,-0.7083
2.0415,1.1429,-0.7018
2.0503,1.1406,-0.7052
2.0459,1.1435,-0.7122
2.0453,1.1365,-0.7061
2.0468,1.1464,-0.7051
2.0479,1.1415,-0.7055
2.0517,1.1453,-0.6963
2.0482,1.1426,-0.69
2.0459,1.1412,-0.7067
2.0526,1.1453,-0.7065
2.0567,1.1418,-0.6982
2.0514,1.147,-0.6938
2.0465,1.1444,-0.6957
2.0512,1.1418,-0.6994
2.0558,1.145,-0.7046
2.0491,1.1432,-0.7398
2.0412,1.1485,-0.7131
2.0485,1.1429,-0.7122
2.0456,1.1386,-0.7053
2.0441,1.1374,-0.709
2.0561,1.1424,-0.707
2.0526,1.1415,-0.7018
2.0503,1.138,-0.6979
2.05,1.1415,-0.7067
2.0517,1.1362,-0.7042
2.0558,1.1462,-0.7027
2.055,1.1394,-0.7039
2.0552,1.1494,-0.7032
2.0509,1.1409,-0.709
2.0503,1.1459,-0.7065
2.0526,1.1432,-0.6884
2.0529,1.1459,-0.7102
2.0497,1.1412,-0.7062
2.0558,1.1403,-0.6966
2.0582,1.1438,-0.708
2.0538,1.1459,-0.7083
2.05,1.1426,-0.7108
2.0514,1.1491,-0.717
2.0526,1.1421,-0.7125
2.0476,1.1435,-0.7034
2.0517,1.1403,-0.7087
2.0512,1.1456,-0.7056
2.0465,1.1421,-0.698
2.0512,1.1497,-0.6991
2.0547,1.1441,-0.6994
2.052,1.1359,-0.7089
2.0523,1.14,-0.707
2.057,1.1418,-0.708
2.0579,1.1345,-0.7024
2.0555,1.1362,-0.711
2.052,1.1447,-0.7039
2.0482,1.1418,-0.696
2.0538,1.1464,-0.7017
2.0488,1.1272,-0.7115
2.0485,1.1415,-0.7017
2.0526,1.145,-0.708
2.0512,1.1488,-0.7084
2.045,1.1432,-0.6991
2.0506,1.1424,-0.7124
2.055,1.1464,-0.704
2.057,1.1412,-0.7045
2.0482,1.145,-0.7207
2.0479,1.1491,-0.7115
2.0558,1.1482,-0.7008
2.0544,1.1426,-0.7067
2.0523,1.145,-0.7058
2.0462,1.1394,-0.7125
2.0611,1.1377,-0.7184
2.0494,1.1438,-0.707
2.0471,1.1388,-0.7084
2.0503,1.1467,-0.7146
2.0535,1.1403,-0.7013
2.0497,1.1432,-0.7024
2.0544,1.1403,-0.7071
2.0529,1.1467,-0.676
2.057,1.1415,-0.7059
2.0538,1.1485,-0.7004
2.0541,1.1444,-0.6991
2.0485,1.1473,-0.7096
2.0494,1.1494,-0.7109
2.0476,1.1456,-0.7043
2.0611,1.152,-0.6999
2.0453,1.1444,-0.7027
2.05,1.1394,-0.7087
2.0479,1.1444,-0.6994
2.0544,1.1488,-0.7007
2.0555,1.145,-0.7071
2.0532,1.1415,-0.7015
2.0529,1.1473,-0.696
2.0494,1.1409,-0.6944
2.0538,1.1447,-0.704
2.0509,1.1447,-0.7103
2.0547,1.1482,-0.7116
2.0468,1.1502,-0.7075
2.0544,1.152,-0.7034
2.0512,1.1462,-0.704
2.0517,1.1444,-0.6967
2.0433,1.1426,-0.6954
2.0579,1.1526,-0.7077
2.0456,1.1453,-0.6975
2.0494,1.147,-0.7131
2.052,1.1424,-0.697
2.0488,1.1406,-0.6972
2.0497,1.1462,-0.6972
2.0421,1.1485,-0.702
2.0538,1.1403,-0.7055
2.0485,1.1383,-0.708
2.0509,1.1415,-0.7078
2.0424,1.1491,-0.7068
2.0471,1.138,-0.7056
2.0456,1.1415,-0.7115
2.0503,1.1365,-0.7015
2.0441,1.145,-0.7163
2.0468,1.1464,-0.6992
2.0523,1.1409,-0.698
2.0482,1.1406,-0.7059
2.0544,1.1429,-0.7029
2.0567,1.1426,-0.6929
2.0558,1.1432,-0.7036
2.0535,1.1462,-0.6986
2.0558,1.1362,-0.7046
2.0567,1.1432,-0.6966
2.0491,1.145,-0.6975
2.0479,1.1447,-0.7032
2.0561,1.1508,-0.7027
2.0474,1.1429,-0.6928
2.05,1.147,-0.7026
2.0532,1.1441,-0.701
2.0541,1.1426,-0.7024
2.0491,1.1421,-0.7008
2.0456,1.1418,-0.6948
2.05,1.1438,-0.7034
2.05,1.1421,-0.7169
2.0494,1.1435,-0.7043
2.0529,1.1429,-0.7138
2.0447,1.1462,-0.7144
2.0564,1.145,-0.7036
2.0526,1.1497,-0.7059
2.0532,1.1441,-0.7091
2.0541,1.1485,-0.7018
2.0491,1.1426,-0.7078
2.05,1.1409,-0.7124
2.0503,1.1415,-0.7014
2.0465,1.15,-0.7026
2.0526,1.1462,-0.7036
2.0506,1.1482,-0.7089
2.0552,1.1418,-0.7062
2.0459,1.1502,-0.7097
2.0462,1.1494,-0.7023
2.0526,1.1526,-0.714
2.0547,1.1464,-0.6907
2.0479,1.145,-0.6982
2.0424,1.15,-0.7032
2.0497,1.1426,-0.711
2.0453,1.1415,-0.7014
2.0485,1.1447,-0.71
2.0494,1.1441,-0.7154
2.0509,1.1418,-0.7108
2.057,1.1415,-0.6919
2.055,1.1508,-0.7008
2.0479,1.145,-0.7071
2.052,1.1476,-0.7001
2.0538,1.1497,-0.7039
2.0465,1.1467,-0.6976
2.0567,1.1514,-0.7034
2.052,1.1462,-0.7062
2.0523,1.1447,-0.7059
2.0503,1.1418,-0.7084
2.0532,1.1467,-0.7182
2.0436,1.1383,-0.7096
2.0532,1.147,-0.7071
2.0438,1.14,-0.7061
2.0474,1.1397,-0.7021
2.052,1.1462,-0.7045
2.0523,1.1476,-0.7124
2.0599,1.1418,-0.7029
2.0535,1.1467,-0.7023
2.0538,1.1482,-0.6915
2.0532,1.1388,-0.7096
2.0529,1.1444,-0.7021
2.0582,1.1362,-0.7086
2.0541,1.1438,-0.7018
2.0444,1.1409,-0.6928
2.052,1.1441,-0.6999
2.0462,1.1397,-0.7099
2.0585,1.1418,-0.7033
2.0488,1.1505,-0.7051
2.0503,1.1426,-0.7034
2.0561,1.1438,-0.7087
2.055,1.1388,-0.7043
2.0564,1.1441,-0.7081
2.0628,1.1482,-0.7055
2.0503,1.1485,-0.7061
2.0555,1.1447,-0.708
2.0506,1.1394,-0.6985
2.052,1.1429,-0.701
2.0491,1.1424,-0.7064
2.0544,1.1403,-0.6996
2.0535,1.15,-0.7027
2.0503,1.1505,-0.7032
2.0526,1.147,-0.7056
2.0503,1.1467,-0.7109
2.0535,1.1444,-0.7029
2.0526,1.1476,-0.6966
2.0547,1.1485,-0.7067
2.0529,1.1485,-0.7058
2.0514,1.1491,-0.7064
2.05,1.1476,-0.6985
2.0582,1.1494,-0.7059
2.0585,1.1426,-0.6942
2.0514,1.1409,-0.7097
2.0526,1.14,-0.7032
2.0488,1.1353,-0.7112
2.0485,1.145,-0.7034
2.0509,1.1473,-0.7015
2.0494,1.145,-0.6907
2.0497,1.1432,-0.7077
2.0476,1.1418,-0.7049
2.0474,1.1482,-0.7064
2.0436,1.14,-0.7151
2.0485,1.1438,-0.7049
2.0482,1.1441,-0.7015
2.0517,1.1432,-0.695
2.057,1.1432,-0.7036
2.0523,1.1429,-0.7064
2.05,1.1421,-0.6982
2.0488,1.1403,-0.707
2.0456,1.1424,-0.7064
2.0444,1.1435,-0.7033
2.052,1.1438,-0.7125
2.0436,1.1432,-0.6975
2.0482,1.1424,-0.7008
2.0514,1.1356,-0.7048
2.0503,1.1415,-0.7113
2.0552,1.1415,-0.6983
2.0506,1.138,-0.6992
2.0547,1.1374,-0.7138
2.0512,1.1418,-0.6986
2.0453,1.1406,-0.7105
2.0512,1.1435,-0.7121
2.0488,1.1397,-0.7166
2.0512,1.1403,-0.7119
2.0453,1.1459,-0.7053
2.0526,1.1447,-0.7406
2.0509,1.1424,-0.7108
2.0497,1.1441,-0.6941
2.0453,1.1388,-0.7032
2.0535,1.14,-0.7039
2.0517,1.1424,-0.7091
2.0544,1.1473,-0.7125
2.0517,1.1421,-0.7081
2.0523,1.1383,-0.7075
2.0532,1.1345,-0.6934
2.0558,1.138,-0.7042
2.0558,1.1406,-0.7032
2.0474,1.1397,-0.6944
2.0514,1.1345,-0.7014
2.0509,1.147,-0.704
2.0529,1.1456,-0.7032
2.0526,1.1391,-0.7042
2.0503,1.1426,-0.704
2.0529,1.1464,-0.6976
2.0523,1.1491,-0.7037
2.0573,1.1438,-0.7059
2.0459,1.1406,-0.7042
2.057,1.1453,-0.6964
2.0561,1.1438,-0.7084
2.0506,1.1412,-0.701
2.0438,1.147,-0.709
2.0514,1.1435,-0.709
2.0476,1.1383,-0.7039
2.0532,1.1424,-0.7062
2.0555,1.1374,-0.7115
2.0474,1.1479,-0.7115
2.0497,1.1418,-0.7144
2.0462,1.1447,-0.7072
2.0453,1.1418,-0.7138
2.0514,1.1508,-0.6972
2.0485,1.1403,-0.709
2.0509,1.1447,-0.7078
2.0438,1.1412,-0.6972
2.0436,1.1424,-0.7013
2.0395,1.1491,-0.7109
2.0316,1.152,-0.7064
2.0307,1.1573,-0.6928
2.0175,1.1608,-0.7036
2.0006,1.1684,-0.6999
2.0023,1.1771,-0.6957
2.0088,1.1871,-0.7131
1.995,1.1935,-0.7042
1.9883,1.2087,-0.7043
1.9968,1.2131,-0.7071
1.9912,1.2113,-0.6998
1.9901,1.2125,-0.6957
1.9906,1.2151,-0.696
1.9936,1.2108,-0.701
1.9933,1.2096,-0.71
1.9892,1.2113,-0.696
1.9918,1.2181,-0.7061
1.9982,1.216,-0.7008
2.0003,1.2131,-0.702
1.9985,1.2178,-0.7023
1.9895,1.2201,-0.689
1.9927,1.2189,-0.6957
1.9988,1.2315,-0.704
1.9942,1.233,-0.6909
2.0,1.2298,-0.704
1.9974,1.2333,-0.7048
1.9956,1.2371,-0.6957
1.993,1.2309,-0.7037
1.9971,1.2338,-0.6976
1.9883,1.2336,-0.7064
1.9898,1.2216,-0.6989
1.9924,1.2318,-0.702
1.9968,1.2347,-0.6973
1.9939,1.233,-0.7032
1.9936,1.2303,-0.6985
1.9936,1.2324,-0.6994
1.9918,1.2262,-0.6913
1.9924,1.2353,-0.6979
1.9939,1.2324,-0.7072
1.9906,1.2362,-0.7074
2.0012,1.2312,-0.697
1.9924,1.2341,-0.6942
1.998,1.2274,-0.6994
1.9918,1.2338,-0.6972
1.9883,1.2327,-0.6966
1.9968,1.2458,-0.7033
1.9924,1.2359,-0.6998
1.9944,1.2277,-0.7089
1.9936,1.2338,-0.7034
1.9924,1.2344,-0.6972
1.993,1.2306,-0.7081
1.9944,1.2283,-0.6884
1.9953,1.2309,-0.6985
1.9906,1.2403,-0.6969
1.9898,1.2713,-0.696
1.9968,1.2277,-0.6992
1.9898,1.2391,-0.6964
2.0029,1.2338,-0.6947
1.9994,1.2321,-0.7043
1.9947,1.2295,-0.7048
1.9909,1.233,-0.7045
1.9895,1.2347,-0.7061
1.9953,1.23,-0.7015
1.983,1.2336,-0.702
1.9874,1.228,-0.7077
1.9909,1.2353,-0.7074
1.9883,1.2327,-0.7089
1.9892,1.2321,-0.698
1.9944,1.233,-0.696
1.9892,1.2336,-0.6998
1.9866,1.2356,-0.7056
1.9944,1.1982,-0.7141
1.9985,1.2327,-0.7064
1.9866,1.2321,-0.7017
1.9918,1.2368,-0.6957
1.9909,1.2327,-0.6937
1.9927,1.2318,-0.6951
1.993,1.2347,-0.6958
1.9977,1.235,-0.6953
1.9927,1.2333,-0.6953
1.9965,1.2382,-0.6942
1.9942,1.2382,-0.6909
1.9927,1.2388,-0.6963
2.0023,1.24,-0.6925
1.9959,1.2289,-0.6915
1.9933,1.2423,-0.703
2.0003,1.2213,-0.6989
1.9947,1.2353,-0.6944
2.0,1.2341,-0.701
2.002,1.2371,-0.6999
1.9939,1.24,-0.6938
2.0018,1.2356,-0.7018
1.995,1.2371,-0.7018
1.9912,1.2388,-0.7043
1.9936,1.2365,-0.7013
1.9936,1.2324,-0.69
1.9927,1.2338,-0.6994
1.9933,1.2341,-0.7011
1.9997,1.2391,-0.7001
1.9947,1.2336,-0.7102
1.9974,1.2388,-0.7008
2.0029,1.2371,-0.6934
1.993,1.2391,-0.6956
1.9944,1.2382,-0.6918
1.9985,1.2365,-0.6922
1.9968,1.2391,-0.6926
2.0003,1.2409,-0.6925
1.9971,1.2283,-0.6977
1.9886,1.2344,-0.6945
1.9936,1.2336,-0.6969
1.9982,1.2336,-0.6868
2.0018,1.2341,-0.6882
1.9924,1.2423,-0.6977
2.0047,1.2438,-0.6982
1.9985,1.2406,-0.7032
1.993,1.2455,-0.7008
1.993,1.2295,-0.7083
2.0041,1.2409,-0.7053
1.9947,1.24,-0.7007
1.998,1.2409,-0.6954
1.9953,1.2455,-0.6966
1.9947,1.2412,-0.6973
1.9933,1.2385,-0.7075
1.9953,1.2347,-0.6976
1.9965,1.24,-0.7048
1.9959,1.2344,-0.6958
2.0029,1.2382,-0.7021
1.9959,1.2333,-0.6983
1.9965,1.2432,-0.6989
1.9991,1.2379,-0.6922
2.0064,1.2403,-0.6931
1.9977,1.2409,-0.6907
1.9906,1.2391,-0.6948
1.9988,1.2344,-0.6969
1.9988,1.2371,-0.7067
1.9991,1.24,-0.6975
1.9971,1.2388,-0.7002
2.0015,1.2379,-0.6925
1.9991,1.2356,-0.7011
1.9988,1.2347,-0.6925
1.9912,1.2368,-0.6995
1.9912,1.2385,-0.6982
1.9915,1.2338,-0.6918
1.9933,1.2341,-0.7013
1.9965,1.2376,-0.707
1.9912,1.2374,-0.6948
1.9915,1.2397,-0.6992
2.0009,1.2689,-0.6998
1.9997,1.242,-0.7078
2.0029,1.2432,-0.6954
1.9988,1.2312,-0.6995
2.0003,1.2321,-0.7147
2.0006,1.235,-0.6951
2.0053,1.2315,-0.6958
1.9997,1.235,-0.7081
2.0041,1.233,-0.7091
2.0015,1.2347,-0.7064
1.9968,1.2344,-0.7105
1.9965,1.2385,-0.7062
1.9953,1.2423,-0.7026
2.0012,1.2397,-0.7021
2.0006,1.2423,-0.698
2.0018,1.2359,-0.7043
1.993,1.245,-0.6941
1.9977,1.242,-0.6988
2.0,1.247,-0.7056
2.0058,1.2391,-0.7067
1.9991,1.2388,-0.7147
2.0,1.2403,-0.7059
1.998,1.2371,-0.7072
2.0038,1.2394,-0.6996
1.9982,1.2324,-0.7039
1.9982,1.2397,-0.7017
2.005,1.2379,-0.6964
2.0009,1.2374,-0.709
1.9942,1.2388,-0.709
1.9927,1.2391,-0.7124
1.9953,1.2327,-0.7056
2.007,1.2362,-0.6989
2.0018,1.2461,-0.6947
2.0018,1.2362,-0.6951
2.0,1.2423,-0.7059
1.9915,1.2461,-0.6963
2.0035,1.2409,-0.7023
1.9939,1.245,-0.7036
1.9977,1.2376,-0.7027
1.9994,1.2385,-0.7052
1.9965,1.2391,-0.7037
1.993,1.24,-0.7077
2.0,1.242,-0.6945
2.002,1.2406,-0.6976
2.0023,1.2391,-0.7051
2.0015,1.2324,-0.7046
1.995,1.2394,-0.6992
1.9982,1.2391,-0.6973
1.9968,1.2391,-0.7061
1.9947,1.2368,-0.7005
2.0032,1.2388,-0.6986
2.0073,1.2391,-0.6937
2.0073,1.2371,-0.6975
2.0041,1.2376,-0.7129
1.9988,1.2371,-0.7078
1.9947,1.2391,-0.7005
1.9947,1.2374,-0.6976
1.9939,1.2362,-0.6919
2.0018,1.2365,-0.6953
1.9971,1.2338,-0.6958
1.9901,1.2333,-0.7005
1.9977,1.2271,-0.7004
1.9985,1.2283,-0.6967
1.9985,1.2341,-0.7077
2.0018,1.2303,-0.7046
2.0015,1.2312,-0.7064
2.0006,1.2222,-0.6982
1.9956,1.2303,-0.6982
2.0,1.2333,-0.6969
1.9994,1.2371,-0.7075
1.9936,1.2324,-0.6975
2.007,1.228,-0.6996
1.9965,1.235,-0.697
2.0023,1.2406,-0.697
2.0032,1.2391,-0.6999
1.995,1.2341,-0.7004
2.0038,1.2394,-0.704
1.9977,1.2385,-0.6958
1.9971,1.2403,-0.7024
1.9947,1.2371,-0.6913
2.0038,1.2385,-0.6973
1.9965,1.2365,-0.7061
2.0026,1.2403,-0.7033
2.0026,1.2385,-0.6944
1.9936,1.2447,-0.7119
1.9944,1.2371,-0.702
1.9971,1.233,-0.7013
1.9959,1.2365,-0.6958
1.9959,1.2374,-0.6998
1.9944,1.2341,-0.6901
2.002,1.2338,-0.7005
2.0,1.23,-0.709
1.995,1.2347,-0.7051
1.9994,1.2321,-0.7043
1.9988,1.2365,-0.7014
2.0,1.2315,-0.6929
1.9959,1.2397,-0.6903
1.9997,1.235,-0.6904
1.9959,1.2365,-0.6967
1.9959,1.2268,-0.698
1.9915,1.2394,-0.7051
2.0035,1.2397,-0.696
2.0009,1.2371,-0.7015
2.0044,1.2344,-0.6983
1.9915,1.2324,-0.6907
2.0026,1.242,-0.7013
1.9956,1.2371,-0.6939
1.9997,1.2362,-0.701
1.9988,1.2286,-0.6928
2.0032,1.2277,-0.6977
1.9962,1.2303,-0.6947
2.0012,1.2338,-0.698
1.9947,1.2362,-0.6945
1.9944,1.2403,-0.6928
1.9982,1.235,-0.698
1.9974,1.2365,-0.6985
1.9942,1.2289,-0.6957
2.0026,1.2344,-0.6899
1.9956,1.2336,-0.6906
1.9988,1.2321,-0.6948
1.9918,1.2327,-0.6868
1.9956,1.228,-0.695
1.9994,1.2362,-0.6929
1.9985,1.2341,-0.7053
1.9953,1.2327,-0.6926
1.9965,1.2365,-0.6973
1.9924,1.2365,-0.6967
1.9991,1.2382,-0.697
1.9915,1.23,-0.6931
1.9933,1.2333,-0.7007
1.9985,1.2318,-0.6931
1.9991,1.2379,-0.6868
1.9974,1.2321,-0.6907
1.9988,1.2391,-0.6901
1.9956,1.233,-0.7013
1.9915,1.2412,-0.6953
1.998,1.2286,-0.7049
1.9933,1.2298,-0.6985
1.9936,1.2312,-0.7015
2.0056,1.2338,-0.6948
1.9962,1.2341,-0.6998
1.995,1.235,-0.7002
1.9956,1.2356,-0.6934
2.002,1.2336,-0.6891
1.9906,1.233,-0.6915
1.995,1.2344,-0.696
1.9947,1.2333,-0.7033
1.9971,1.2374,-0.6963
1.9971,1.2333,-0.7032
1.9947,1.228,-0.6976
2.0009,1.2295,-0.704
2.0015,1.2368,-0.6948
1.9965,1.2333,-0.6915
1.993,1.2312,-0.6961
1.995,1.2298,-0.7004
1.9901,1.2368,-0.7023
1.9912,1.235,-0.6912
1.9974,1.2262,-0.7048
1.9924,1.2388,-0.6951
1.9927,1.2365,-0.6925
2.0,1.233,-0.6941
1.9982,1.2324,-0.6929
1.9965,1.2315,-0.6953
1.9971,1.2359,-0.6932
1.9924,1.2327,-0.6885
1.9866,1.2336,-0.6893
1.998,1.2371,-0.7005
2.0003,1.2347,-0.6931
1.9915,1.2379,-0.6919
2.0,1.233,-0.6918
1.9912,1.2347,-0.6961
1.9892,1.2309,-0.6885
1.9962,1.2333,-0.6882
1.998,1.2362,-0.6863
2.0,1.2353,-0.6991
1.9901,1.2347,-0.7005
1.9977,1.2365,-0.7033
1.9942,1.2374,-0.6944
1.9959,1.2368,-0.6935
1.9939,1.2391,-0.6939
1.9918,1.2289,-0.7002
1.998,1.233,-0.6899
1.9944,1.2368,-0.6801
1.9959,1.2333,-0.6967
1.9977,1.2347,-0.6985
1.9977,1.233,-0.704
1.9965,1.2353,-0.7021
1.9956,1.2409,-0.7042
2.0023,1.2318,-0.6918
2.005,1.2336,-0.7052
1.9953,1.2382,-0.7005
1.9959,1.2368,-0.7034
1.998,1.2309,-0.6875
1.9974,1.2344,-0.6989
1.9956,1.2376,-0.6893
2.0035,1.2336,-0.6937
1.9968,1.2333,-0.6909
1.9988,1.235,-0.6891
1.9982,1.2414,-0.6996
1.9953,1.2414,-0.6992
2.0006,1.2371,-0.6878
1.9988,1.2303,-0.697
1.998,1.235,-0.7013
1.9962,1.2321,-0.7052
1.9947,1.2347,-0.6979
1.9974,1.2388,-0.6856
1.9959,1.2292,-0.6953
1.9918,1.2376,-0.6945
1.9942,1.2353,-0.6887
1.9953,1.2303,-0.6995
1.9994,1.2324,-0.7084
1.9953,1.2382,-0.6991
1.9927,1.2298,-0.7138
1.9962,1.2303,-0.6964
1.9974,1.2406,-0.6954
1.9962,1.2356,-0.7046
2.0009,1.2265,-0.6972
1.9956,1.233,-0.6972
1.9997,1.23,-0.6891
1.9994,1.2327,-0.6938
1.9985,1.2379,-0.6972
1.9953,1.2298,-0.7015
1.9971,1.2406,-0.7034
2.0032,1.2376,-0.6858
1.993,1.2429,-0.6874
1.9962,1.2417,-0.6918
1.9939,1.2333,-0.7001
1.9974,1.2391,-0.6956
1.9942,1.2327,-0.6922
2.002,1.2388,-0.7013
2.0009,1.2417,-0.7001
1.9982,1.2423,-0.7014
1.9977,1.2388,-0.6913
1.9939,1.2385,-0.702
1.998,1.2309,-0.7014
2.0009,1.2362,-0.701
1.9991,1.2347,-0.6926
1.9956,1.2385,-0.7049
1.9977,1.2379,-0.7053
2.0003,1.2341,-0.6995
1.9924,1.2327,-0.6972
1.9942,1.2397,-0.7014
2.0053,1.2388,-0.6929
1.9985,1.2336,-0.6896
2.0,1.2376,-0.6958
1.9956,1.2344,-0.6951
2.0003,1.2312,-0.6956
2.0012,1.2312,-0.7024
1.9947,1.2374,-0.6925
1.9956,1.2394,-0.6891
1.9933,1.2385,-0.6929
1.998,1.2336,-0.6928
2.0003,1.2324,-0.701
2.0012,1.2385,-0.691
1.9968,1.2371,-0.6925
1.9985,1.2423,-0.6998
1.9927,1.233,-0.696
1.9988,1.2336,-0.696
1.9953,1.2391,-0.6929
1.9959,1.233,-0.6964
2.0015,1.2464,-0.6976
2.0012,1.2382,-0.6945
1.9933,1.242,-0.6969
1.9988,1.2385,-0.6877
1.9956,1.2423,-0.6947
2.0015,1.2371,-0.7014
1.9936,1.2359,-0.6941
1.9982,1.2394,-0.7103
2.0015,1.2277,-0.7056
1.9936,1.2429,-0.6945
1.9953,1.2716,-0.6963
2.0012,1.2344,-0.6996
1.9971,1.2312,-0.6925
2.0047,1.2312,-0.7048
2.002,1.2412,-0.7013
1.9974,1.2359,-0.6937
2.0006,1.2376,-0.6991
2.0073,1.2338,-0.6899
1.9991,1.2403,-0.6948
2.0009,1.2298,-0.6945
2.002,1.2359,-0.6964
1.9886,1.2344,-0.701
1.9968,1.2318,-0.6919
1.9959,1.2321,-0.6963
1.9927,1.2344,-0.6885
2.0015,1.2321,-0.695
2.0006,1.2347,-0.7014
1.9994,1.2327,-0.6865
2.0003,1.2347,-0.6916
1.9985,1.2315,-0.6853
1.998,1.2371,-0.6975
2.0047,1.2423,-0.6963
2.0038,1.2336,-0.7062
2.0012,1.2362,-0.6961
1.9906,1.2333,-0.6979
1.9974,1.2344,-0.7017
1.9962,1.2394,-0.7015
2.0012,1.233,-0.7037
1.9971,1.2353,-0.692
1.9936,1.235,-0.698
2.0003,1.2391,-0.6989
2.0032,1.2435,-0.6954
1.9953,1.2426,-0.6976
1.998,1.2309,-0.7013
1.9985,1.2371,-0.6945
1.9965,1.2368,-0.7024
2.0038,1.2336,-0.6963
2.0015,1.2379,-0.7001
1.998,1.2359,-0.7043
2.0047,1.2409,-0.698
2.0003,1.2336,-0.6922
2.0012,1.2368,-0.6966
2.0053,1.2376,-0.6942
1.9947,1.2298,-0.6919
2.0018,1.2365,-0.6934
1.9962,1.2333,-0.6919
1.9994,1.2376,-0.6998
1.9942,1.2327,-0.7017
1.9971,1.2321,-0.6963
1.9953,1.2385,-0.6982
1.9947,1.2312,-0.6988
1.9947,1.23,-0.6947
1.9988,1.2265,-0.6912
2.0012,1.2309,-0.6858
2.0,1.2321,-0.6944
1.998,1.2321,-0.6942
1.9959,1.2312,-0.6988
1.9962,1.2382,-0.6837
1.9918,1.23,-0.7051
2.0029,1.2379,-0.6957
1.9953,1.2376,-0.7059
1.9939,1.2368,-0.6969
1.9991,1.2271,-0.6912
1.9947,1.2382,-0.6985
1.993,1.2336,-0.6977
1.9956,1.2359,-0.6988
2.0009,1.2391,-0.7004
1.9933,1.2338,-0.689
1.993,1.23,-0.6941
1.9947,1.2388,-0.6934
1.9909,1.2338,-0.6956
1.9956,1.2286,-0.6926
1.9988,1.23,-0.6977
1.9962,1.2254,-0.6897
1.9977,1.2338,-0.6999
1.9985,1.2265,-0.6935
1.9971,1.2341,-0.698
1.9944,1.2324,-0.6896
1.9939,1.2365,-0.7036
1.9915,1.2412,-0.6972
1.9904,1.2403,-0.7013
2.0012,1.2382,-0.6909
2.0053,1.2324,-0.6961
1.993,1.2359,-0.6995
1.9965,1.2376,-0.6951
1.9965,1.2397,-0.6958
1.9918,1.2397,-0.6958
1.9968,1.2394,-0.6979
1.9927,1.2374,-0.6979
1.9985,1.2321,-0.7037
1.9977,1.2292,-0.7081
2.0035,1.2371,-0.7052
1.9985,1.2417,-0.6938
1.9921,1.1994,-0.7024
1.9939,1.2362,-0.7033
1.9886,1.2409,-0.6973
1.9939,1.2338,-0.7043
1.9942,1.2403,-0.6996
1.9924,1.2356,-0.7013
1.9968,1.2295,-0.7113
1.9915,1.2356,-0.7049
1.9901,1.2333,-0.7004
1.9971,1.2362,-0.6961
1.9906,1.2365,-0.6948
1.9921,1.2417,-0.6888
1.9918,1.2376,-0.7056
1.9944,1.2327,-0.7015
1.9953,1.2338,-0.6948
1.9962,1.2455,-0.6988
2.0032,1.2394,-0.6939
1.9953,1.207,-0.6945
1.9944,1.2452,-0.6947
1.9933,1.2473,-0.7005
1.9936,1.2353,-0.7046
2.002,1.2321,-0.683
1.9988,1.23,-0.6893
1.9953,1.2441,-0.6899
1.9977,1.24,-0.7033
1.9997,1.2379,-0.698
1.9991,1.2359,-0.6964
1.9971,1.2403,-0.7002
1.9962,1.2257,-0.7004
1.9959,1.2327,-0.6982
1.9991,1.2353,-0.692
1.9965,1.2347,-0.6919
1.9942,1.2286,-0.6894
1.9933,1.2344,-0.6979
2.0026,1.2414,-0.6861
1.9959,1.2274,-0.6961
1.9985,1.2338,-0.6976
1.9962,1.2303,-0.6906
1.995,1.2336,-0.69
1.9988,1.2324,-0.6897
2.0,1.2379,-0.6906
2.0012,1.2382,-0.6929
1.9982,1.2371,-0.688
1.9965,1.2423,-0.6996
1.993,1.2338,-0.6979
1.9968,1.2423,-0.6972
1.9994,1.2356,-0.6896
1.9959,1.2423,-0.696
1.9956,1.2315,-0.6859
2.0032,1.2382,-0.6988
1.995,1.2423,-0.6966
1.9906,1.2634,-0.6967
1.9956,1.2385,-0.7087
1.9947,1.2391,-0.69
1.9982,1.2423,-0.7015
1.9927,1.2438,-0.69
1.9942,1.2417,-0.7015
1.9959,1.2324,-0.7042
1.998,1.2353,-0.6963
2.0015,1.2356,-0.6853
1.998,1.2409,-0.6963
2.0015,1.2379,-0.7005
1.9985,1.242,-0.7027
1.9994,1.2379,-0.6942
1.9985,1.2412,-0.6972
1.9994,1.2347,-0.69
1.998,1.2391,-0.6961
2.002,1.2394,-0.6958
1.9982,1.2409,-0.7002
2.0018,1.235,-0.7045
1.9968,1.242,-0.6901
2.0099,1.2376,-0.6901
2.0064,1.2406,-0.7002
1.9997,1.2356,-0.6899
2.0047,1.2353,-0.6944
2.002,1.2382,-0.6897
1.998,1.2353,-0.6939
2.0018,1.2382,-0.6979
1.9977,1.2344,-0.6942
1.9988,1.2365,-0.6938
1.9924,1.2388,-0.6986
1.9942,1.2391,-0.6989
1.9994,1.2406,-0.683
1.9927,1.2409,-0.6964
1.9971,1.2374,-0.6888
1.993,1.2438,-0.6979
1.995,1.2406,-0.7001
1.9991,1.242,-0.6976
2.0009,1.2353,-0.7043
1.9909,1.2461,-0.6953
1.995,1.2417,-0.6861
1.9901,1.2388,-0.6918
1.9883,1.2403,-0.6913
1.9956,1.2397,-0.6963
2.0061,1.2359,-0.6938
1.9953,1.2417,-0.6982
2.0018,1.2356,-0.6897
1.9971,1.2406,-0.6926
1.9944,1.2359,-0.6979
1.9927,1.2309,-0.6925
1.9953,1.2385,-0.6915
1.9904,1.2365,-0.6945
1.9901,1.2409,-0.6982
1.9991,1.2336,-0.7029
1.9982,1.2379,-0.6945
1.9936,1.2374,-0.6932
1.9953,1.2388,-0.6958
1.9895,1.2379,-0.7018
1.9904,1.2359,-0.697
1.9953,1.2341,-0.6961
1.9965,1.2324,-0.7055
1.9977,1.2353,-0.7049
1.9982,1.2321,-0.6904
1.9977,1.2371,-0.7005
1.9977,1.2338,-0.7017
1.9915,1.2353,-0.6887
1.9939,1.2338,-0.7013
1.9971,1.2394,-0.7023
2.0006,1.2353,-0.6961
1.9939,1.2318,-0.6938
2.0012,1.2382,-0.6937
1.9947,1.2388,-0.6999
1.9909,1.2344,-0.704
1.9968,1.2341,-0.7024
2.0044,1.2353,-0.6904
1.9933,1.2382,-0.7042
1.9959,1.233,-0.701
1.9977,1.2423,-0.6904
1.9962,1.2338,-0.6988
1.9977,1.2417,-0.6928
1.9947,1.245,-0.6925
1.9927,1.2412,-0.6923
1.9959,1.24,-0.6836
1.995,1.2417,-0.6983
1.9912,1.2412,-0.6925
1.993,1.2347,-0.6836
1.9904,1.2362,-0.6904
1.9974,1.2382,-0.7007
1.9959,1.2324,-0.69
1.9962,1.2388,-0.6945
1.9895,1.24,-0.6983
1.9924,1.2382,-0.6915
2.0,1.2452,-0.6828
1.9939,1.2333,-0.6928
1.9936,1.2426,-0.6913
2.0038,1.2356,-0.6973
1.9921,1.2447,-0.7011
1.9909,1.2362,-0.6945
1.9982,1.2365,-0.6939
1.9909,1.2432,-0.6942
1.9912,1.2338,-0.688
1.9953,1.24,-0.685
1.9901,1.2432,-0.683
2.0038,1.2365,-0.6909
1.9936,1.2394,-0.6939
1.9947,1.233,-0.6939
2.0026,1.2426,-0.6916
2.0123,1.2414,-0.6916
2.0041,1.2376,-0.6875
1.9971,1.2397,-0.6998
2.0,1.233,-0.697
1.9924,1.2441,-0.6894
1.9956,1.2283,-0.7077
1.9912,1.2344,-0.6916
1.9968,1.2362,-0.692
2.0012,1.2347,-0.7007
2.0006,1.2417,-0.7058
1.998,1.2347,-0.6977
2.0009,1.2318,-0.6947
1.9936,1.2347,-0.7029
1.9927,1.2251,-0.6998
2.002,1.2376,-0.6903
1.993,1.2426,-0.6935
2.0009,1.2353,-0.6929
1.9959,1.2388,-0.6948
1.9956,1.2324,-0.6906
1.9927,1.2254,-0.6994
1.9968,1.214,-0.7001
1.993,1.2067,-0.6869
1.9985,1.1964,-0.6989
1.9985,1.1827,-0.7052
2.0032,1.169,-0.6894
2.0047,1.1669,-0.695
2.0178,1.1511,-0.7034
2.0237,1.159,-0.6825
2.0254,1.145,-0.707
2.0286,1.1529,-0.6939
2.0395,1.1444,-0.6969
2.0395,1.1429,-0.698
2.036,1.1456,-0.7059
2.0322,1.1444,-0.7059
2.0284,1.1479,-0.6976
2.0275,1.1505,-0.7053
2.0389,1.1511,-0.6966
2.0333,1.1438,-0.6969
2.04,1.147,-0.7087
2.0471,1.1444,-0.7105
2.0377,1.1391,-0.7048
2.0438,1.1424,-0.7116
2.0412,1.145,-0.7037
2.0523,1.1502,-0.7078
2.038,1.1415,-0.7008
2.0371,1.1421,-0.6996
2.0406,1.1353,-0.7002
2.0474,1.1517,-0.7052
2.0465,1.1447,-0.6985
2.0506,1.1462,-0.6982
2.0497,1.1488,-0.6957
2.0412,1.1415,-0.6998
2.0441,1.1438,-0.695
2.0491,1.1479,-0.6961
2.0441,1.1435,-0.7018
2.0517,1.145,-0.6938
2.0488,1.1409,-0.698
2.0491,1.1397,-0.7027
2.0503,1.1426,-0.7004
2.0476,1.1394,-0.7087
2.0465,1.1377,-0.7018
2.0485,1.1438,-0.7015
2.0517,1.1441,-0.7077
2.0506,1.1424,-0.7078
2.0564,1.1429,-0.7109
2.0573,1.1424,-0.6975
2.0488,1.1464,-0.7018
2.0497,1.1412,-0.6999
2.0494,1.1374,-0.7036
2.0535,1.1467,-0.6937
2.0485,1.1464,-0.7052
2.0523,1.145,-0.6995
2.0474,1.1459,-0.7058
2.0529,1.14,-0.6951
2.0541,1.1441,-0.7039
2.055,1.1435,-0.7002
2.0517,1.1391,-0.7089
2.0512,1.1368,-0.6985
2.0509,1.1368,-0.7132
2.0523,1.1456,-0.7093
2.0474,1.1406,-0.7064
2.0471,1.1456,-0.7059
2.0517,1.1462,-0.6986
2.0485,1.1467,-0.6966
2.0514,1.1494,-0.696
2.0462,1.1485,-0.7045
2.057,1.1453,-0.7093
2.0555,1.1479,-0.7043
2.0514,1.1464,-0.7014
2.0547,1.1397,-0.6998
2.0529,1.145,-0.6964
2.0547,1.1459,-0.7052
2.0585,1.14,-0.7023
2.0526,1.1406,-0.6989
2.0514,1.1453,-0.7053
2.0503,1.1394,-0.7026
2.0474,1.1397,-0.7024
2.0497,1.1441,-0.6983
2.0517,1.1453,-0.7059
2.0468,1.1377,-0.7096
2.0427,1.1429,-0.6958
2.0558,1.1394,-0.7021
2.0532,1.1429,-0.7005
2.059,1.1356,-0.7072
2.0579,1.1424,-0.7032
2.055,1.14,-0.7093
2.052,1.1444,-0.7089
2.0596,1.1488,-0.7056
2.0485,1.1424,-0.7039
2.045,1.1394,-0.7017
2.0538,1.1435,-0.7024
2.0482,1.1447,-0.7061
2.0573,1.138,-0.6966
2.0567,1.1418,-0.6988
2.0552,1.1377,-0.6763
2.0441,1.1406,-0.6923
2.0538,1.1307,-0.6979
2.057,1.1339,-0.698
2.0456,1.135,-0.6945
2.0488,1.1412,-0.7032
2.0544,1.1403,-0.6988
2.0506,1.1415,-0.7049
2.0555,1.1386,-0.6995
2.0532,1.1429,-0.7105
2.0517,1.1426,-0.6996
2.0529,1.1497,-0.7058
2.0494,1.14,-0.7087
2.0611,1.1424,-0.7115
2.0453,1.1464,-0.7084
2.045,1.1429,-0.7033
2.0462,1.1406,-0.7064
2.0512,1.1383,-0.6938
2.052,1.1394,-0.7043
2.0541,1.1505,-0.6998
2.0561,1.1432,-0.6969
2.0555,1.1418,-0.6877
2.0544,1.1359,-0.704
2.0573,1.1412,-0.6995
2.0523,1.1377,-0.7043
2.0506,1.135,-0.6982
2.0547,1.1362,-0.7048
2.0532,1.1386,-0.7032
2.0561,1.1429,-0.7013
2.0555,1.14,-0.7046
2.0514,1.1359,-0.7029
2.0503,1.1441,-0.7075
2.0509,1.1386,-0.708
2.0509,1.1362,-0.6985
2.0474,1.1348,-0.7051
2.0491,1.1388,-0.7067
2.055,1.1388,-0.6998
2.0474,1.138,-0.7077
2.05,1.1391,-0.6991
2.0512,1.1418,-0.6969
2.0479,1.1333,-0.707
2.0532,1.1441,-0.7094
2.0459,1.1403,-0.702
2.0547,1.1424,-0.6994
2.052,1.1426,-0.7118
2.0479,1.1368,-0.7018
2.0441,1.1462,-0.6969
2.0468,1.1386,-0.704
2.0494,1.1412,-0.7024
2.0517,1.1356,-0.7059
2.0544,1.1462,-0.69
2.0541,1.1383,-0.7075
2.0503,1.1424,-0.698
2.0503,1.1406,-0.7005
2.045,1.1412,-0.6897
2.0503,1.138,-0.6983
2.0514,1.1438,-0.6958
2.0558,1.1444,-0.7023
2.057,1.1403,-0.697
2.0503,1.1424,-0.7097
2.0476,1.1426,-0.7033
2.04,1.1386,-0.7029
2.0421,1.1365,-0.6994
2.0544,1.1383,-0.7141
2.052,1.1406,-0.6998
2.0512,1.1394,-0.7026
2.0456,1.14,-0.702
2.0474,1.1333,-0.7023
2.057,1.1456,-0.704
2.0462,1.1394,-0.7059
2.0514,1.1403,-0.6953
2.0509,1.1374,-0.7024
2.0438,1.1412,-0.7083
2.0485,1.1377,-0.702
2.0427,1.1327,-0.7037
2.045,1.1377,-0.709
2.0529,1.1295,-0.7034
2.0476,1.1426,-0.7153
2.0523,1.1365,-0.7122
2.0599,1.1412,-0.7159
2.059,1.1409,-0.7036
2.0538,1.1397,-0.702
2.0503,1.1432,-0.7127
2.0538,1.1403,-0.7002
2.0512,1.1388,-0.7051
2.0573,1.1377,-0.7045
2.0552,1.14,-0.71
2.0488,1.1447,-0.7077
2.0532,1.1412,-0.704
2.0506,1.1383,-0.6969
2.0494,1.135,-0.6983
2.0482,1.1356,-0.6923
2.0509,1.1418,-0.7029
2.0544,1.1421,-0.7159
2.05,1.1383,-0.6973
2.0491,1.1403,-0.7051
2.0462,1.1307,-0.7131
2.0503,1.1362,-0.7037
2.0512,1.1368,-0.7163
2.0538,1.1415,-0.7014
2.0471,1.1365,-0.6966
2.0465,1.1441,-0.7103
2.0535,1.1383,-0.7051
2.0541,1.1348,-0.7007
2.0523,1.1388,-0.7037
2.0482,1.1371,-0.7087
2.0485,1.1359,-0.7071
2.0468,1.135,-0.7032
2.0503,1.135,-0.7039
2.0535,1.1391,-0.6919
2.0497,1.1426,-0.6918
2.0517,1.1342,-0.7061
2.0506,1.133,-0.6982
2.0547,1.1362,-0.698
2.0529,1.1377,-0.7026
2.0608,1.1336,-0.714
2.0573,1.1412,-0.6923
2.0573,1.1321,-0.7127
2.0526,1.1362,-0.6956
2.0517,1.14,-0.7015
2.0453,1.1374,-0.7034
2.0567,1.1304,-0.691
2.0529,1.1429,-0.7052
2.055,1.1412,-0.7032
2.0544,1.1432,-0.7033
2.0558,1.1374,-0.703
2.0509,1.1415,-0.704
2.0441,1.1438,-0.7055
2.052,1.1391,-0.7024
2.052,1.1386,-0.7011
2.0526,1.1374,-0.7148
2.0517,1.1362,-0.7084
2.0535,1.1345,-0.7059
2.0512,1.1409,-0.703
2.0514,1.1424,-0.7018
2.0497,1.1418,-0.7068
2.0497,1.1426,-0.7093
2.059,1.1421,-0.7087
2.055,1.1462,-0.7026
2.0517,1.1424,-0.6988
2.057,1.1394,-0.7096
2.052,1.1435,-0.7096
2.0538,1.1441,-0.6998
2.0506,1.1409,-0.7113
2.0658,1.1424,-0.7017
2.0532,1.1406,-0.7083
2.0535,1.1406,-0.6954
2.0564,1.1459,-0.7021
2.0503,1.1415,-0.7067
2.0529,1.1444,-0.7043
2.05,1.1374,-0.6985
2.0514,1.1424,-0.696
2.0544,1.1473,-0.7056
2.0614,1.1444,-0.7062
2.0523,1.1473,-0.701
2.05,1.1409,-0.7004
2.0491,1.1394,-0.7083
2.0573,1.1406,-0.7105
2.0541,1.1386,-0.7096
2.0465,1.1453,-0.6991
2.0564,1.1424,-0.7122
2.055,1.1409,-0.6846
2.0544,1.1318,-0.7011
2.0544,1.1435,-0.7053
2.0517,1.1394,-0.7059
2.05,1.1429,-0.7146
2.045,1.1473,-0.707
2.0532,1.1365,-0.7249
2.0497,1.1467,-0.704
2.052,1.1409,-0.7024
2.055,1.1429,-0.7005
2.0564,1.1415,-0.6985
2.0541,1.1409,-0.6994
2.0526,1.1403,-0.6975
2.0558,1.1467,-0.7018
2.057,1.1432,-0.7119
2.052,1.1426,-0.6969
2.0485,1.1421,-0.7059
2.0526,1.138,-0.7013
2.0564,1.1383,-0.7042
2.0567,1.1391,-0.7008
2.0582,1.1342,-0.6996
2.0529,1.1368,-0.7037
2.0514,1.1435,-0.7018
2.0523,1.138,-0.6985
2.057,1.1406,-0.704
2.0497,1.1386,-0.7062
2.0509,1.1406,-0.7015
2.055,1.1508,-0.6934
2.0576,1.1409,-0.7013
2.0494,1.1412,-0.7182
2.0544,1.1426,-0.7021
2.052,1.1409,-0.6961
2.0479,1.1426,-0.6989
2.0552,1.1438,-0.6979
2.0517,1.1459,-0.7002
2.0509,1.1426,-0.7045
2.0585,1.14,-0.6998
2.0517,1.1403,-0.6966
2.057,1.14,-0.6994
2.0561,1.1459,-0.7011
2.0579,1.1345,-0.6988
2.055,1.135,-0.7029
2.045,1.1424,-0.7055
2.0535,1.1444,-0.7049
2.0579,1.1406,-0.697
2.0491,1.1409,-0.7033
2.0517,1.1409,-0.7037
2.0526,1.1438,-0.7091
2.0468,1.1386,-0.7106
2.0485,1.1362,-0.7151
2.0512,1.1362,-0.6983
2.05,1.1438,-0.6983
2.0532,1.1394,-0.6939
2.052,1.1315,-0.6985
2.0529,1.1406,-0.7045
2.0526,1.1371,-0.7042
2.0602,1.1424,-0.7018
2.0582,1.1438,-0.7074
2.0544,1.1421,-0.7096
2.0535,1.1348,-0.7058
2.0523,1.138,-0.7004
2.0544,1.1412,-0.6836
2.0593,1.1438,-0.7067
2.0509,1.14,-0.7056
2.0488,1.1321,-0.7021
2.0509,1.1429,-0.7011
2.0462,1.1424,-0.6932
2.0488,1.1432,-0.7046
2.0526,1.1438,-0.6985
2.0538,1.1444,-0.7008
2.0526,1.1391,-0.709
2.0491,1.14,-0.7034
2.0555,1.1365,-0.7053
2.0471,1.1429,-0.7062
2.057,1.1365,-0.7024
2.0503,1.1441,-0.7058
2.0561,1.1432,-0.7037
2.0555,1.1502,-0.71
2.055,1.1377,-0.6964
2.0406,1.15,-0.7084
2.0488,1.1441,-0.711
2.0494,1.1444,-0.7032
2.0529,1.1391,-0.697
2.0474,1.1406,-0.7093
2.0488,1.145,-0.7051
2.0532,1.1394,-0.6961
2.0494,1.1406,-0.7062
2.0497,1.1386,-0.7105
2.0544,1.1432,-0.6994
2.062,1.138,-0.7013
2.0523,1.1456,-0.7005
2.0468,1.1432,-0.7027
2.052,1.1391,-0.7036
2.0462,1.1374,-0.6963
2.0509,1.1473,-0.6979
2.052,1.145,-0.6986
2.0482,1.145,-0.6954
2.0517,1.1438,-0.7132
2.0453,1.1409,-0.7061
2.0555,1.1429,-0.7108
2.0491,1.1365,-0.6948
2.0535,1.145,-0.6899
2.0538,1.1424,-0.6961
2.0532,1.1444,-0.6992
2.0564,1.1426,-0.7017
2.0485,1.1424,-0.7051
2.0544,1.1453,-0.6989
2.0441,1.1429,-0.6994
2.0547,1.1383,-0.7118
2.0514,1.1453,-0.7062
2.0541,1.1447,-0.709
2.0474,1.1397,-0.7068
2.0468,1.1394,-0.7072
2.0474,1.1426,-0.7052
2.0561,1.1464,-0.7053
2.0561,1.1447,-0.7034
2.0555,1.1435,-0.7037
2.0544,1.1403,-0.6988
2.0514,1.1409,-0.707
2.0526,1.1403,-0.703
2.0567,1.1459,-0.71
2.0544,1.1415,-0.7061
2.055,1.1412,-0.7132
2.0576,1.1459,-0.7043
2.0474,1.1391,-0.7046
2.0544,1.1409,-0.7011
2.0485,1.1394,-0.7062
2.0573,1.1348,-0.7056
2.0523,1.14,-0.704
2.0582,1.1403,-0.7143
2.0532,1.1426,-0.7045
2.0497,1.1447,-0.7094
2.0517,1.1447,-0.6991
2.0462,1.1409,-0.711
2.0482,1.1429,-0.7068
2.0509,1.1459,-0.7026
2.0535,1.1397,-0.6945
2.0468,1.1453,-0.6951
2.0488,1.14,-0.6926
2.0474,1.1429,-0.7039
2.0476,1.1456,-0.7018
2.0535,1.1353,-0.7096
2.05,1.1505,-0.7071
2.0494,1.1429,-0.7042
2.0453,1.1441,-0.6942
2.0374,1.1485,-0.6932
2.0357,1.1482,-0.6903
2.0292,1.1456,-0.6994
2.0172,1.1535,-0.7048
2.0117,1.1532,-0.703
2.0117,1.1599,-0.7055
2.0085,1.1625,-0.6995
2.0137,1.1701,-0.6954
2.007,1.1643,-0.696
2.0018,1.1593,-0.702
2.0085,1.1681,-0.7058
2.0114,1.1584,-0.6969
2.0088,1.1611,-0.7071
2.0088,1.1619,-0.6982
2.0132,1.1567,-0.6964
2.0058,1.1622,-0.6944
2.0099,1.1611,-0.7109
2.012,1.173,-0.6975
2.0108,1.1692,-0.6985
2.0096,1.1745,-0.7053
2.0085,1.173,-0.6951
2.0108,1.1771,-0.6951
2.0006,1.1728,-0.6999
2.0105,1.1777,-0.6944
2.0076,1.1777,-0.6937
2.0012,1.169,-0.6885
2.005,1.173,-0.6976
2.0044,1.1698,-0.6925
2.0064,1.1716,-0.7033
2.0023,1.176,-0.6916
2.0076,1.171,-0.6996
2.0076,1.1666,-0.7084
2.0038,1.1672,-0.6925
1.998,1.1716,-0.7032
2.0102,1.1722,-0.6989
2.005,1.1687,-0.6998
2.0067,1.1751,-0.695
2.0099,1.1707,-0.6961
2.0044,1.1754,-0.7086
2.0035,1.1713,-0.704
2.0058,1.1798,-0.7072
2.0146,1.1754,-0.6966
2.0058,1.1771,-0.704
2.005,1.1786,-0.6934
2.0123,1.1692,-0.6907
2.0076,1.178,-0.6964
2.0091,1.1766,-0.7027
2.0105,1.1745,-0.7045
2.0137,1.1725,-0.7017
2.0096,1.1739,-0.6995
2.0094,1.1777,-0.7065
2.0105,1.1812,-0.6967
2.0023,1.1745,-0.7081
2.0132,1.1748,-0.7042
2.0146,1.1763,-0.701
2.0076,1.1763,-0.6912
2.005,1.1754,-0.6977
2.0061,1.1716,-0.6964
2.0149,1.1707,-0.704
2.0064,1.1716,-0.7029
2.0073,1.171,-0.7062
2.0094,1.183,-0.7018
2.0064,1.1748,-0.7033
2.0044,1.1777,-0.6985
2.0064,1.1692,-0.7005
2.0079,1.1745,-0.702
2.0073,1.1783,-0.6966
2.0184,1.1774,-0.7033
2.0041,1.1777,-0.6899
2.0088,1.1766,-0.7169
2.0073,1.176,-0.6999
2.0038,1.1795,-0.7017
2.0023,1.173,-0.7026
2.0079,1.1754,-0.6909
2.0108,1.1786,-0.7074
2.0061,1.1789,-0.6931
2.0088,1.173,-0.6909
2.0146,1.1766,-0.698
2.0096,1.1687,-0.6998
2.0038,1.1628,-0.7081
2.0047,1.1783,-0.6957
2.0076,1.173,-0.6986
2.0044,1.1751,-0.6894
2.0079,1.1733,-0.6919
2.0088,1.1725,-0.6926
2.0064,1.1745,-0.6964
2.0099,1.176,-0.696
2.0023,1.1733,-0.6975
2.0064,1.1733,-0.6964
2.0058,1.1763,-0.6995
2.0029,1.1754,-0.6972
2.005,1.1771,-0.7004
2.0012,1.1766,-0.6986
2.0058,1.1786,-0.7024
2.0009,1.1783,-0.6951
2.0105,1.1754,-0.7033
2.0099,1.1798,-0.6999
2.0129,1.1795,-0.6986
2.0096,1.1798,-0.7071
2.0117,1.176,-0.6973
2.0099,1.1719,-0.6985
2.0073,1.1719,-0.7008
2.0088,1.176,-0.703
2.0108,1.1874,-0.7013
2.0123,1.1774,-0.7062
2.0067,1.1748,-0.7037
2.0076,1.1792,-0.6897
2.007,1.1798,-0.7015
2.0099,1.1774,-0.6992
2.002,1.1792,-0.702
2.0123,1.1798,-0.6973
2.0132,1.1824,-0.6958
2.0032,1.1757,-0.69
2.0117,1.1801,-0.6969
2.007,1.1748,-0.698
2.0137,1.1789,-0.6961
2.0152,1.1792,-0.6941
2.0088,1.1804,-0.6969
2.0105,1.1757,-0.6861
2.0082,1.1771,-0.7018
2.0094,1.1748,-0.6821
2.0047,1.1789,-0.6999
2.0023,1.1801,-0.6937
2.0064,1.173,-0.6942
2.0012,1.1701,-0.7049
2.0076,1.1763,-0.6847
2.0067,1.1792,-0.6919
2.0067,1.1757,-0.6919
2.007,1.1745,-0.6958
2.0175,1.176,-0.6963
2.0091,1.1722,-0.6982
2.0143,1.1736,-0.6878
2.0149,1.1798,-0.6937
2.0088,1.1783,-0.7002
2.007,1.1742,-0.6963
2.0126,1.1763,-0.6831
2.0029,1.1745,-0.689
2.0123,1.1748,-0.6915
2.0047,1.1804,-0.6991
2.0105,1.1871,-0.6875
2.0047,1.1748,-0.6976
2.0044,1.1815,-0.6913
2.0006,1.1777,-0.69
2.0073,1.1733,-0.6907
2.0105,1.1751,-0.7034
2.0108,1.173,-0.7023
2.0076,1.1725,-0.6988
2.0061,1.1722,-0.6939
2.0047,1.1795,-0.6856
2.0085,1.1757,-0.7001
2.0073,1.1745,-0.6922
2.0064,1.1742,-0.6995
2.0061,1.1713,-0.6937
2.0146,1.1792,-0.6969
2.0047,1.1768,-0.7017
2.0032,1.1707,-0.6923
2.0085,1.1766,-0.6891
2.0076,1.1842,-0.6975
2.0102,1.1789,-0.6938
2.0067,1.1792,-0.6951
2.0158,1.1757,-0.6871
2.0164,1.1783,-0.7051
2.0111,1.1783,-0.7015
2.0146,1.1792,-0.6906
2.0111,1.1751,-0.7004
2.0105,1.1792,-0.6969
2.0064,1.1804,-0.6941
2.0067,1.1771,-0.695
2.0102,1.1768,-0.7024
2.0082,1.1774,-0.7056
2.0099,1.183,-0.6872
2.0067,1.1815,-0.696
2.0091,1.178,-0.6992
1.9994,1.1798,-0.7027
2.0123,1.1716,-0.7004
2.0111,1.1739,-0.6894
2.0082,1.1786,-0.7037
2.0108,1.176,-0.7021
2.0041,1.1725,-0.7018
2.0012,1.176,-0.6966
2.0143,1.1768,-0.7011
2.0117,1.1824,-0.703
2.0094,1.1771,-0.6972
2.0091,1.1815,-0.6985
2.0044,1.1821,-0.6994
2.0067,1.1824,-0.6966
2.0061,1.1795,-0.6896
2.014,1.1783,-0.701
2.0105,1.1783,-0.6976
2.0161,1.1774,-0.6944
2.0079,1.1725,-0.7033
2.0053,1.1801,-0.7083
2.0114,1.1804,-0.702
2.0108,1.1766,-0.7062
2.0099,1.1707,-0.6973
2.0088,1.1812,-0.6937
2.007,1.1815,-0.7021
2.0102,1.1789,-0.6988
2.0117,1.1801,-0.6963
2.0117,1.1827,-0.6948
2.0085,1.185,-0.695
2.014,1.1786,-0.7023
2.0061,1.1792,-0.7018
2.0061,1.1847,-0.704
2.0088,1.1806,-0.6976
2.0053,1.1824,-0.71
2.0018,1.1821,-0.7029
2.014,1.1806,-0.708
2.0044,1.1768,-0.7007
2.012,1.1804,-0.6947
2.0105,1.1766,-0.7026
2.0102,1.1809,-0.6935
2.0056,1.1798,-0.6989
2.0058,1.1768,-0.6976
2.012,1.1801,-0.7036
2.0082,1.1806,-0.695
2.0085,1.1757,-0.6903
2.0088,1.1713,-0.6963
2.0105,1.1742,-0.7004
2.0082,1.176,-0.6874
2.0094,1.1786,-0.6944
2.0094,1.1801,-0.7011
2.0123,1.1801,-0.7052
2.0152,1.1818,-0.7024
2.0079,1.1766,-0.704
2.0053,1.1748,-0.7013
2.0105,1.1716,-0.703
2.0053,1.1745,-0.6998
2.0102,1.1777,-0.7005
2.0073,1.1748,-0.7122
2.0032,1.1795,-0.7119
2.0076,1.1745,-0.7072
2.0015,1.171,-0.6958
2.0088,1.1707,-0.6932
1.9994,1.1763,-0.7124
2.0108,1.1798,-0.7017
2.0076,1.1853,-0.697
2.0041,1.1795,-0.7014
1.9997,1.1809,-0.7004
2.0032,1.1719,-0.7106
2.0056,1.1801,-0.7045
2.0064,1.1844,-0.7005
2.0044,1.1745,-0.6992
2.0064,1.1748,-0.7027
2.0035,1.1774,-0.6975
2.0064,1.1833,-0.7093
2.0058,1.1844,-0.6985
2.0056,1.1821,-0.7007
2.0012,1.183,-0.7043
2.0085,1.171,-0.6995
2.0164,1.1818,-0.6957
2.005,1.1771,-0.7024
2.0047,1.1862,-0.6998
1.9982,1.1783,-0.7043
2.0108,1.1771,-0.6972
2.0076,1.1786,-0.7053
2.007,1.1824,-0.6938
2.0041,1.183,-0.6935
2.0015,1.1812,-0.7075
2.0085,1.1777,-0.7033
2.0088,1.1739,-0.6958
2.0088,1.173,-0.6893
2.0026,1.1783,-0.6957
2.0056,1.1754,-0.6922
2.0094,1.1801,-0.6929
2.0102,1.1789,-0.7096
2.0146,1.1786,-0.7064
2.0099,1.1795,-0.6994
2.0094,1.1824,-0.6929
2.014,1.1745,-0.6919
2.0047,1.1777,-0.7002
2.0114,1.1806,-0.6928
2.0099,1.1754,-0.6904
2.0102,1.1786,-0.6915
2.0096,1.1739,-0.7051
2.0038,1.1754,-0.6961
2.0111,1.1774,-0.6969
2.0105,1.1725,-0.7029
2.0064,1.176,-0.7032
2.0053,1.1777,-0.7007
2.0082,1.1733,-0.698
2.0041,1.1757,-0.7049
2.0079,1.1786,-0.7043
2.0152,1.1801,-0.7021
2.0067,1.1751,-0.6985
2.0114,1.1751,-0.6985
2.0067,1.1719,-0.7036
2.0088,1.1768,-0.7382
2.0079,1.1725,-0.6998
2.0067,1.1789,-0.7002
2.0006,1.173,-0.6982
2.0108,1.1751,-0.6976
2.0091,1.1795,-0.6973
2.0064,1.1733,-0.6934
2.0041,1.1766,-0.7005
2.0111,1.1792,-0.701
2.0108,1.1792,-0.7039
2.0076,1.1801,-0.6937
2.0061,1.1786,-0.7065
2.0067,1.1771,-0.7048
2.0123,1.1728,-0.6979
2.0073,1.1716,-0.7029
2.0105,1.169,-0.6994
2.0117,1.1687,-0.702
2.0126,1.1795,-0.6989
2.0056,1.1763,-0.6979
2.0029,1.1774,-0.6945
2.0134,1.1739,-0.7004
2.0126,1.1792,-0.7014
2.005,1.1713,-0.7056
2.007,1.1675,-0.7004
2.0149,1.1722,-0.7119
2.0018,1.1766,-0.6975
2.0099,1.166,-0.6948
2.0064,1.1704,-0.6891
2.0058,1.1833,-0.7051
2.0009,1.1748,-0.7097
2.0076,1.1801,-0.7064
2.0047,1.1751,-0.7109
2.002,1.1672,-0.7036
2.0018,1.1757,-0.7105
2.0076,1.1736,-0.7024
2.0088,1.1783,-0.6964
2.0029,1.1757,-0.7067
2.0,1.1754,-0.6885
2.0044,1.1768,-0.6941
2.007,1.1774,-0.7074
