ch1,ch2,ch3
628.0,1.443438,-0.740427
1.817305,1.440807,-0.732534
1.809997,1.438176,-0.733119
1.809412,1.439638,-0.732096
1.808828,1.439345,-0.726542
1.815259,1.444314,-0.719965
1.810874,1.439638,-0.73765
1.815843,1.439638,-0.726834
1.82052,1.448699,-0.730196
1.82169,1.445192,-0.736188
1.812043,1.442853,-0.735019
1.810874,1.438468,-0.734142
1.822859,1.440514,-0.735604
1.812336,1.446068,-0.735896
1.81672,1.444022,-0.731073
1.819059,1.440807,-0.730927
1.814966,1.443438,-0.73268
1.82169,1.440222,-0.731804
1.81672,1.440222,-0.738673
1.811459,1.441099,-0.740865
1.812628,1.431745,-0.737504
1.817305,1.435545,-0.739696
1.810289,1.439053,-0.738673
1.813797,1.445484,-0.739404
1.814089,1.440222,-0.737211
1.81672,1.44373,-0.726396
1.809412,1.442268,-0.741742
1.811459,1.444314,-0.734727
1.815259,1.43613,-0.745396
1.814966,1.448992,-0.732242
1.822274,1.438176,-0.735311
1.815259,1.441391,-0.730196
1.812628,1.436714,-0.73195
1.811459,1.438468,-0.732096
1.815843,1.442268,-0.728588
1.82052,1.443145,-0.729611
1.817597,1.443145,-0.731073
1.81292,1.441684,-0.730196
1.813213,1.440222,-0.738088
1.808243,1.438761,-0.72888
1.818474,1.448115,-0.718503
1.813505,1.448115,-0.722157
1.814089,1.439638,-0.728734
1.817013,1.441391,-0.723327
1.805612,1.444022,-0.72508
1.825782,1.444899,-0.728734
1.823443,1.444022,-0.730196
1.814674,1.44373,-0.737504
1.814382,1.43496,-0.735311
1.818474,1.441099,-0.737942
1.820813,1.437591,-0.732388
1.813505,1.444314,-0.733411
1.809412,1.444607,-0.732827
1.814674,1.44373,-0.741596
1.811459,1.440514,-0.731365
1.814674,1.435545,-0.733265
1.813505,1.433499,-0.745396
1.818474,1.438176,-0.729757
1.816428,1.441391,-0.729319
1.817889,1.442561,-0.732534
1.815259,1.433499,-0.737065
1.813505,1.44373,-0.732973
1.813797,1.434376,-0.735311
1.811166,1.441684,-0.742765
1.815259,1.442853,-0.735019
1.810582,1.437591,-0.73005
1.813213,1.439638,-0.731511
1.812336,1.443438,-0.727419
1.810289,1.44373,-0.732534
1.815551,1.446945,-0.736481
1.814382,1.435838,-0.740281
1.813505,1.444314,-0.729611
1.814966,1.444314,-0.729319
1.820813,1.442853,-0.741888
1.812336,1.444314,-0.740719
1.813505,1.438468,-0.730196
1.807659,1.437007,-0.73385
1.814089,1.445484,-0.737504
1.823443,1.43993,-0.733557
1.820228,1.440222,-0.736919
1.811166,1.43993,-0.736188
1.818766,1.439638,-0.72815
1.812336,1.437884,-0.736188
1.811751,1.437007,-0.730342
1.814966,1.433207,-0.728442
1.823151,1.442268,-0.740865
1.810289,1.439638,-0.734727
1.811751,1.445192,-0.731511
1.817597,1.439345,-0.743642
1.817597,1.437007,-0.735457
1.814966,1.445484,-0.735311
1.819643,1.443438,-0.737357
1.81672,1.437007,-0.73195
1.814089,1.435545,-0.718503
1.816428,1.438761,-0.739842
1.817013,1.442561,-0.72508
1.813213,1.442268,-0.738381
1.818474,1.439638,-0.731365
1.817889,1.444607,-0.731219
1.811166,1.437591,-0.736188
1.814382,1.442268,-0.735457
1.809997,1.448115,-0.734434
1.800643,1.478515,-0.763666
1.786027,1.496638,-0.805759
1.785443,1.505408,-0.829582
1.777258,1.515931,-0.857059
1.772581,1.504238,-0.890529
1.78135,1.482315,-0.900029
1.779889,1.461269,-0.895206
1.795966,1.426776,-0.901052
1.803274,1.396083,-0.883952
1.819059,1.364806,-0.866413
1.836597,1.329436,-0.867583
1.85209,1.311312,-0.840836
1.846828,1.289389,-0.831628
1.850921,1.287635,-0.827682
1.862613,1.270973,-0.815697
1.864659,1.257235,-0.818182
1.866706,1.253142,-0.803566
1.869336,1.240573,-0.796697
1.876644,1.235604,-0.796405
1.87606,1.23005,-0.795674
1.877813,1.228296,-0.797866
1.884829,1.233557,-0.788366
1.881906,1.222742,-0.787635
1.887167,1.235896,-0.787343
1.881614,1.22508,-0.778281
1.889214,1.223911,-0.768927
1.884244,1.220403,-0.779304
1.890968,1.218065,-0.779158
1.892429,1.223327,-0.78062
1.888629,1.218065,-0.775066
1.892137,1.216019,-0.775358
1.892429,1.214849,-0.77302
1.888044,1.212219,-0.776235
1.890968,1.213096,-0.771266
1.886583,1.21865,-0.774043
1.889798,1.209003,-0.782227
1.892429,1.212803,-0.774627
1.885998,1.204034,-0.773604
1.887167,1.215142,-0.773166
1.88746,1.218942,-0.778427
1.890091,1.216896,-0.770389
1.88746,1.21368,-0.766589
1.894768,1.21368,-0.763081
1.889798,1.207542,-0.773458
1.888337,1.212511,-0.77375
1.888629,1.210465,-0.768489
1.892429,1.211926,-0.762058
1.882491,1.207249,-0.77682
1.889506,1.213388,-0.76805
1.887167,1.211342,-0.773897
1.890675,1.207249,-0.774627
1.890091,1.20988,-0.770389
1.893306,1.215142,-0.763373
1.886291,1.211049,-0.774189
1.883952,1.208711,-0.77112
1.880737,1.205203,-0.768343
1.888921,1.201111,-0.770681
1.892429,1.203449,-0.764104
1.893598,1.20988,-0.765419
1.894183,1.207249,-0.761473
1.885998,1.210757,-0.762789
1.88746,1.212511,-0.766881
1.88366,1.208419,-0.764689
1.885706,1.20608,-0.785443
1.886583,1.213096,-0.770243
1.885998,1.205495,-0.770389
1.888337,1.210757,-0.765419
1.884244,1.21368,-0.774773
1.883367,1.210172,-0.77112
1.884244,1.211049,-0.774627
1.888044,1.211634,-0.772727
1.886583,1.210465,-0.770973
1.884829,1.206372,-0.768635
1.884829,1.206957,-0.769804
1.889506,1.213096,-0.77492
1.882783,1.213973,-0.774335
1.89126,1.204911,-0.77375
1.888629,1.206372,-0.765273
1.893014,1.208126,-0.759573
1.891552,1.20228,-0.755627
1.886583,1.204911,-0.774627
1.887752,1.213388,-0.768489
1.889506,1.210172,-0.761619
1.88746,1.215434,-0.760596
1.888629,1.205495,-0.763519
1.886875,1.205203,-0.768781
1.885706,1.204326,-0.764835
1.888629,1.204326,-0.776673
1.88366,1.207249,-0.768635
1.885998,1.209588,-0.754896
1.87986,1.199357,-0.768781
1.881906,1.201988,-0.764689
1.884244,1.207542,-0.76805
1.885414,1.204619,-0.764835
1.883367,1.208126,-0.762058
1.887167,1.204034,-0.769073
1.884829,1.211342,-0.770389
1.888629,1.21368,-0.765419
1.882491,1.205203,-0.766881
1.890968,1.206957,-0.756796
1.887167,1.201111,-0.771266
1.886291,1.199065,-0.772143
1.88746,1.213388,-0.76995
1.882491,1.209296,-0.768343
1.883367,1.210172,-0.766881
1.888629,1.208419,-0.767904
1.883075,1.209296,-0.759135
1.884244,1.206957,-0.776381
1.881614,1.212803,-0.767758
1.888337,1.209588,-0.770243
1.879275,1.214557,-0.775358
1.887752,1.214849,-0.77565
1.889506,1.206372,-0.762496
1.886583,1.208419,-0.762058
1.885414,1.209296,-0.769512
1.882198,1.209296,-0.767027
1.88366,1.208711,-0.769804
1.889798,1.217188,-0.774335
1.87986,1.209588,-0.768927
1.888629,1.213096,-0.778281
1.88746,1.203449,-0.762058
1.888629,1.212511,-0.770535
1.880737,1.21368,-0.76995
1.884829,1.22128,-0.767758
1.883367,1.215434,-0.777258
1.894475,1.206665,-0.769512
1.892721,1.211634,-0.764396
1.886875,1.212803,-0.771412
1.891552,1.212511,-0.766735
1.895645,1.212803,-0.763666
1.885998,1.205788,-0.764835
1.882198,1.202572,-0.77185
1.893014,1.212511,-0.775797
1.885706,1.211926,-0.76732
1.890383,1.207542,-0.769658
1.885706,1.206372,-0.775943
1.881614,1.213096,-0.770681
1.891845,1.212219,-0.773604
1.883367,1.205495,-0.779743
1.886291,1.213096,-0.77945
1.883367,1.209588,-0.762204
1.880152,1.208711,-0.784274
1.889798,1.21865,-0.768343
1.881906,1.207834,-0.776673
1.884829,1.214557,-0.771996
1.877521,1.211049,-0.759719
1.883952,1.221865,-0.773897
1.885998,1.208126,-0.770535
1.888337,1.214265,-0.769366
1.884829,1.210465,-0.774773
1.881321,1.207834,-0.766735
1.878106,1.212511,-0.77302
1.885706,1.205788,-0.773312
1.887752,1.207834,-0.767612
1.885414,1.210172,-0.772435
1.883952,1.210465,-0.768927
1.89126,1.210465,-0.766004
1.884537,1.213096,-0.763666
1.885706,1.20988,-0.74905
1.884537,1.20608,-0.763958
1.885414,1.210465,-0.764396
1.884829,1.206957,-0.770096
1.888629,1.207542,-0.765712
1.884244,1.210757,-0.76615
1.889798,1.211049,-0.769658
1.884537,1.207542,-0.770827
1.888044,1.207249,-0.773604
1.88746,1.204911,-0.766296
1.889506,1.204034,-0.777112
1.888629,1.204619,-0.763519
1.888044,1.212803,-0.764104
1.882783,1.206957,-0.770096
1.88746,1.205495,-0.771266
1.89126,1.208711,-0.760742
1.882491,1.206665,-0.771412
1.885706,1.20608,-0.767758
1.894183,1.20988,-0.762058
1.884244,1.204911,-0.772289
1.882491,1.210757,-0.770535
1.884537,1.213973,-0.756796
1.882491,1.211049,-0.763227
1.887752,1.219819,-0.772289
1.885121,1.215434,-0.780327
1.878106,1.207249,-0.773458
1.885706,1.212219,-0.775943
1.886583,1.212219,-0.772873
1.890675,1.210465,-0.772435
1.89126,1.203449,-0.768927
1.884829,1.208126,-0.767612
1.889798,1.205203,-0.769804
1.882783,1.205788,-0.772873
1.883952,1.202865,-0.769512
1.876644,1.206957,-0.767466
1.881321,1.212803,-0.768927
1.882783,1.20608,-0.778135
1.888044,1.201695,-0.773604
1.880737,1.214849,-0.777112
1.887167,1.203742,-0.76425
1.885121,1.211342,-0.755481
1.883075,1.205788,-0.766004
1.892137,1.20608,-0.770535
1.889506,1.209296,-0.776966
1.886875,1.210757,-0.769804
1.88746,1.207542,-0.777404
1.886291,1.201403,-0.772581
1.889506,1.204911,-0.766735
1.888629,1.209003,-0.776673
1.890383,1.216019,-0.778427
1.891845,1.213096,-0.762643
1.894768,1.209003,-0.776673
1.888921,1.212803,-0.777258
1.889798,1.212219,-0.768781
1.893891,1.210172,-0.777404
1.882491,1.205788,-0.774627
1.887752,1.210172,-0.771412
1.879275,1.205495,-0.76805
1.888921,1.213973,-0.773312
1.889798,1.211049,-0.772581
1.882198,1.210465,-0.782374
1.889506,1.207834,-0.771412
1.881029,1.213096,-0.776381
1.885121,1.207834,-0.765712
1.890383,1.216603,-0.765127
1.890091,1.210465,-0.762496
1.883075,1.210465,-0.767466
1.885998,1.208419,-0.767904
1.889506,1.210465,-0.768489
1.887752,1.204034,-0.766735
1.887752,1.208126,-0.769512
1.889506,1.204619,-0.768635
1.89126,1.210172,-0.765127
1.893598,1.203157,-0.76922
1.88746,1.207834,-0.768196
1.886583,1.206372,-0.772289
1.885414,1.210172,-0.767027
1.890675,1.206665,-0.777989
1.886875,1.210172,-0.763081
1.89126,1.213096,-0.767758
1.886583,1.208711,-0.76922
1.890091,1.209296,-0.767027
1.885121,1.210465,-0.769658
1.890091,1.208126,-0.772873
1.893891,1.214849,-0.766296
1.878106,1.21865,-0.768343
1.890968,1.214557,-0.761035
1.883952,1.21368,-0.767027
1.884244,1.204911,-0.769804
1.887167,1.207542,-0.760889
1.894183,1.20608,-0.762935
1.894475,1.207542,-0.771996
1.885706,1.206372,-0.766443
1.887167,1.203157,-0.774043
1.888337,1.202865,-0.770096
1.893306,1.19848,-0.761619
1.888629,1.20608,-0.769804
1.882783,1.209588,-0.764689
1.882198,1.206372,-0.76922
1.881321,1.205203,-0.772873
1.887167,1.209003,-0.772727
1.886291,1.202865,-0.770681
1.890091,1.208126,-0.76615
1.893598,1.206372,-0.779597
1.883075,1.207249,-0.764835
1.886291,1.205495,-0.767612
1.890675,1.206665,-0.767612
1.886583,1.209588,-0.767904
1.896229,1.210465,-0.776381
1.881906,1.209003,-0.767027
1.890675,1.214557,-0.771704
1.888921,1.207834,-0.768343
1.893891,1.207834,-0.776966
1.892137,1.204326,-0.763958
1.889798,1.215434,-0.77375
1.881614,1.207542,-0.772289
1.890968,1.209003,-0.770827
1.884829,1.211049,-0.770096
1.891845,1.207249,-0.765712
1.889798,1.212219,-0.77492
1.883367,1.209003,-0.771996
1.882491,1.211342,-0.77872
1.881614,1.211926,-0.76425
1.888629,1.212219,-0.774481
1.886875,1.209588,-0.773897
1.889506,1.217773,-0.767027
1.888337,1.218942,-0.770096
1.886291,1.210465,-0.764835
1.888044,1.207249,-0.767758
1.883075,1.204619,-0.758258
1.887752,1.203449,-0.762204
1.893306,1.216603,-0.76805
1.89126,1.213096,-0.763373
1.885414,1.207834,-0.76805
1.888044,1.208126,-0.770681
1.89126,1.211634,-0.771704
1.888921,1.205495,-0.752119
1.891845,1.211634,-0.770096
1.885414,1.213096,-0.759281
1.88746,1.211634,-0.779304
1.886291,1.218065,-0.769073
1.885998,1.214265,-0.762789
1.890091,1.214265,-0.771266
1.882198,1.21368,-0.765419
1.886291,1.208711,-0.766443
1.890968,1.213973,-0.778427
1.896229,1.208126,-0.771266
1.889798,1.216019,-0.768343
1.887167,1.207249,-0.778866
1.885121,1.216311,-0.763666
1.884537,1.219526,-0.767612
1.893598,1.218357,-0.764689
1.88366,1.218357,-0.772727
1.883952,1.213388,-0.779012
1.887752,1.220403,-0.777989
1.886291,1.212511,-0.78442
1.886291,1.210172,-0.770681
1.888921,1.22128,-0.75855
1.888921,1.21368,-0.765419
1.884537,1.219526,-0.758842
1.889506,1.218357,-0.772435
1.886583,1.212511,-0.776381
1.88746,1.220403,-0.770973
1.888921,1.211926,-0.770243
1.883952,1.21368,-0.765127
1.887752,1.215726,-0.761473
1.887752,1.213096,-0.780766
1.890091,1.212219,-0.774335
1.894183,1.210465,-0.764981
1.888337,1.204911,-0.770535
1.894475,1.20608,-0.762204
1.893598,1.209003,-0.770535
1.884244,1.211342,-0.764981
1.884244,1.217188,-0.766004
1.884829,1.209588,-0.761473
1.884537,1.213096,-0.774627
1.887167,1.215434,-0.766735
1.886291,1.213096,-0.767466
1.890091,1.213973,-0.775504
1.884244,1.209588,-0.769804
1.889506,1.213973,-0.761619
1.884537,1.210172,-0.771266
1.890675,1.215726,-0.764981
1.888629,1.212219,-0.775943
1.885121,1.210465,-0.759573
1.890383,1.209003,-0.765566
1.894768,1.209003,-0.754458
1.889506,1.21368,-0.755335
1.88746,1.208419,-0.761035
1.889506,1.207542,-0.76045
1.89126,1.21865,-0.767173
1.890968,1.208126,-0.770389
1.894183,1.216019,-0.766443
1.888337,1.216019,-0.774335
1.887167,1.212803,-0.760596
1.889506,1.215434,-0.761327
1.886291,1.216896,-0.766881
1.888629,1.211926,-0.774189
1.884829,1.210465,-0.775358
1.882198,1.213388,-0.770096
1.887167,1.208126,-0.775943
1.887752,1.211634,-0.775504
1.888921,1.201695,-0.771996
1.893598,1.209588,-0.762789
1.884244,1.211926,-0.759427
1.886583,1.212219,-0.764543
1.887752,1.211049,-0.765858
1.888337,1.208126,-0.760596
1.874598,1.207249,-0.76235
1.89126,1.209296,-0.763227
1.891845,1.209588,-0.776089
1.893014,1.209588,-0.750073
1.879275,1.209296,-0.761912
1.888044,1.214557,-0.774043
1.885706,1.217773,-0.77565
1.88746,1.210172,-0.768927
1.879275,1.209588,-0.769073
1.89506,1.219234,-0.768489
1.890383,1.217773,-0.773458
1.885998,1.213388,-0.770096
1.889798,1.214849,-0.769512
1.893306,1.217188,-0.770973
1.888629,1.215726,-0.76922
1.888337,1.21748,-0.762935
1.890383,1.214557,-0.76425
1.886583,1.215434,-0.76805
1.894183,1.215142,-0.766004
1.890091,1.219526,-0.755773
1.893598,1.207249,-0.768635
1.889798,1.210465,-0.765566
1.888629,1.212219,-0.770973
1.890968,1.214557,-0.759573
1.886583,1.216896,-0.759866
1.886875,1.211926,-0.764981
1.883367,1.210465,-0.770535
1.887752,1.211926,-0.763519
1.889214,1.210465,-0.768635
1.882491,1.204911,-0.761181
1.890675,1.213096,-0.777843
1.88746,1.215726,-0.771704
1.887752,1.207542,-0.76235
1.887167,1.216603,-0.764543
1.885414,1.215726,-0.763081
1.889214,1.215434,-0.766443
1.885998,1.212219,-0.765419
1.89126,1.209296,-0.767612
1.885998,1.209296,-0.765419
1.88366,1.209588,-0.759281
1.880444,1.212803,-0.767904
1.883952,1.211049,-0.769073
1.88366,1.206665,-0.759719
1.888044,1.212803,-0.765712
1.889214,1.213096,-0.759427
1.888921,1.215726,-0.767027
1.888337,1.214849,-0.76922
1.884244,1.209296,-0.759427
1.891845,1.210757,-0.766443
1.88366,1.215434,-0.781497
1.893306,1.213096,-0.764396
1.893306,1.215726,-0.773166
1.883075,1.213388,-0.769366
1.885414,1.209296,-0.772727
1.88746,1.214265,-0.769804
1.887752,1.21368,-0.772581
1.888921,1.211926,-0.764835
1.890091,1.210465,-0.769658
1.886583,1.212803,-0.76732
1.894768,1.211342,-0.776673
1.884829,1.215142,-0.764835
1.888337,1.208419,-0.766004
1.883367,1.211342,-0.778574
1.884244,1.204619,-0.76922
1.887752,1.212219,-0.775797
1.888921,1.211342,-0.771996
1.887752,1.210757,-0.773604
1.889214,1.214265,-0.776381
1.893014,1.213973,-0.763666
1.886583,1.207249,-0.780327
1.885414,1.215142,-0.764835
1.894475,1.212511,-0.764543
1.886583,1.208711,-0.773604
1.889506,1.209003,-0.770535
1.89126,1.206372,-0.779012
1.890091,1.209588,-0.770389
1.894768,1.210465,-0.768635
1.878398,1.20608,-0.77682
1.890675,1.209296,-0.767173
1.886875,1.212511,-0.777989
1.886291,1.209588,-0.779597
1.884537,1.214557,-0.76995
1.880737,1.203157,-0.773897
1.886291,1.211342,-0.775797
1.884829,1.214849,-0.774189
1.88746,1.210172,-0.761766
1.888921,1.211342,-0.76995
1.88746,1.211634,-0.765858
1.889214,1.212803,-0.761181
1.886875,1.212803,-0.769073
1.889506,1.206372,-0.770681
1.891552,1.216311,-0.774481
1.891845,1.210172,-0.77565
1.888044,1.213973,-0.770389
1.885998,1.213388,-0.76995
1.881906,1.21368,-0.779158
1.885414,1.210757,-0.769366
1.884537,1.209003,-0.781497
1.892721,1.218357,-0.779304
1.893598,1.214557,-0.78135
1.888629,1.218357,-0.772727
1.893014,1.213388,-0.774481
1.884244,1.208126,-0.775212
1.884829,1.217188,-0.768489
1.888921,1.214557,-0.765566
1.887167,1.211926,-0.762058
1.889506,1.208126,-0.768343
1.893014,1.213096,-0.767904
1.89126,1.217188,-0.77185
1.890675,1.217188,-0.774773
1.893306,1.212511,-0.774627
1.89506,1.219234,-0.768781
1.891552,1.212219,-0.777843
1.89126,1.215142,-0.771704
1.888921,1.212511,-0.770681
1.893014,1.22128,-0.769073
1.885998,1.20988,-0.777697
1.888337,1.208419,-0.762935
1.884829,1.212511,-0.766296
1.876352,1.206372,-0.772143
1.886583,1.207834,-0.767173
1.885121,1.214557,-0.779304
1.890675,1.211342,-0.776089
1.893598,1.211049,-0.772143
1.884537,1.212803,-0.771412
1.889214,1.212219,-0.771996
1.890968,1.207249,-0.766735
1.897398,1.207249,-0.768343
1.891552,1.215434,-0.772143
1.890383,1.209296,-0.770827
1.888629,1.215726,-0.776527
1.893014,1.219819,-0.774189
1.893014,1.215434,-0.774773
1.893306,1.206957,-0.76732
1.887167,1.205495,-0.783104
1.898568,1.209588,-0.777989
1.895352,1.214557,-0.763081
1.889506,1.219234,-0.776089
1.888337,1.216311,-0.775212
1.887167,1.210757,-0.779012
1.894475,1.216603,-0.775943
1.890091,1.212511,-0.779304
1.890091,1.217188,-0.77945
1.888337,1.211634,-0.767466
1.892137,1.214849,-0.774627
1.89506,1.210172,-0.778427
1.890675,1.209588,-0.769073
1.897691,1.216019,-0.779012
1.893891,1.218942,-0.769804
1.889798,1.213096,-0.766735
1.884244,1.210465,-0.778135
1.890968,1.20988,-0.768781
1.884244,1.219234,-0.764396
1.889214,1.20988,-0.772143
1.888337,1.212511,-0.782374
1.893598,1.209588,-0.784127
1.884244,1.212803,-0.769804
1.886875,1.210757,-0.777112
1.895937,1.208126,-0.770535
1.878983,1.217773,-0.775358
1.889214,1.232096,-0.793189
1.862613,1.251973,-0.820228
1.840982,1.296405,-0.845075
1.827243,1.347852,-0.870213
1.803274,1.404852,-0.894475
1.79012,1.447822,-0.893598
1.779889,1.483192,-0.888483
1.768489,1.505992,-0.877814
1.77375,1.522362,-0.880006
1.767612,1.519439,-0.871675
1.776089,1.513592,-0.844636
1.777843,1.511839,-0.827097
1.785443,1.502777,-0.79772
1.788658,1.500731,-0.797574
1.779012,1.493131,-0.792605
1.788951,1.483777,-0.781497
1.790704,1.488161,-0.779304
1.795381,1.484361,-0.774773
1.795674,1.472084,-0.766735
1.790704,1.468576,-0.750219
1.797428,1.45893,-0.757966
1.808243,1.460976,-0.752996
1.800643,1.460392,-0.750365
1.804735,1.459222,-0.752704
1.811751,1.460684,-0.740427
1.809412,1.452792,-0.739842
1.800643,1.447238,-0.739404
1.808535,1.453376,-0.749196
1.811459,1.441684,-0.744958
1.804443,1.446945,-0.741888
1.811166,1.45133,-0.742181
1.812336,1.450453,-0.743788
1.816428,1.452499,-0.739111
1.813505,1.450453,-0.735019
1.805028,1.449576,-0.734142
1.810582,1.443145,-0.735165
1.814382,1.44753,-0.735019
1.812628,1.441976,-0.745104
1.81672,1.452499,-0.727857
1.814382,1.444022,-0.725811
1.811459,1.446361,-0.732388
1.813213,1.442561,-0.738673
1.806782,1.441099,-0.735896
1.812628,1.448115,-0.726542
1.814674,1.441391,-0.726688
1.808828,1.441391,-0.739404
1.809705,1.448115,-0.736773
1.818474,1.440222,-0.73268
1.817597,1.44373,-0.741158
1.815259,1.451038,-0.746858
1.817013,1.448407,-0.732973
1.812043,1.444899,-0.730927
1.81672,1.446068,-0.740281
1.820228,1.44373,-0.738088
1.813505,1.446068,-0.742327
1.81292,1.433499,-0.748465
1.814966,1.446068,-0.736773
1.807951,1.442853,-0.734727
1.813505,1.443438,-0.734142
1.813797,1.440514,-0.732827
1.818182,1.440807,-0.746565
1.818766,1.438176,-0.729465
1.810289,1.441391,-0.728004
1.812043,1.440807,-0.736773
1.820228,1.441391,-0.731804
1.814674,1.444022,-0.738381
1.809705,1.444314,-0.720696
1.815551,1.440514,-0.737065
1.810582,1.438468,-0.731365
1.815843,1.443438,-0.741304
1.821397,1.442853,-0.73955
1.82052,1.446068,-0.739696
1.820813,1.444314,-0.740281
1.813797,1.439053,-0.735457
1.81672,1.440807,-0.742181
1.812336,1.441099,-0.736042
1.810289,1.445484,-0.737211
1.812336,1.446361,-0.735896
1.815259,1.441099,-0.734581
1.807659,1.440807,-0.736627
1.809705,1.448699,-0.743642
1.817597,1.446653,-0.73005
1.817889,1.444022,-0.734727
1.814966,1.442853,-0.736919
1.819351,1.447822,-0.745542
1.815551,1.439638,-0.736627
1.815843,1.437299,-0.730342
1.814382,1.440222,-0.73955
1.819351,1.442853,-0.72625
1.811459,1.435253,-0.726834
1.816428,1.444314,-0.729757
1.812336,1.438468,-0.730342
1.820813,1.439053,-0.727857
1.819936,1.444314,-0.739696
1.81672,1.444899,-0.735604
1.807951,1.436714,-0.73268
1.814966,1.441391,-0.731219
1.819936,1.437299,-0.738088
1.814966,1.444607,-0.730634
1.815843,1.438176,-0.743935
1.814966,1.441684,-0.740281
1.807366,1.441099,-0.735019
1.817013,1.445192,-0.74335
1.814674,1.442268,-0.746273
1.817597,1.447238,-0.75285
1.811751,1.438761,-0.740719
1.81292,1.448115,-0.749927
1.811459,1.44373,-0.738819
1.811459,1.444022,-0.737211
1.811459,1.440514,-0.735311
1.808535,1.445776,-0.741011
1.816136,1.442853,-0.743058
1.813797,1.446653,-0.735457
1.812336,1.446653,-0.730634
1.810582,1.442268,-0.739696
1.817305,1.437591,-0.737942
1.821105,1.442268,-0.748612
1.812043,1.435253,-0.736188
1.814674,1.444314,-0.73078
1.811166,1.44753,-0.726396
1.815551,1.447822,-0.732242
1.817305,1.449576,-0.735019
1.818766,1.444022,-0.733265
1.810289,1.446361,-0.743788
1.811459,1.444607,-0.734581
1.810289,1.43613,-0.744811
1.817305,1.448699,-0.738965
1.814674,1.444314,-0.740865
1.810874,1.441684,-0.735604
1.812628,1.434376,-0.741888
1.817013,1.444314,-0.738088
1.821105,1.440807,-0.743935
1.815843,1.445484,-0.742765
1.815259,1.445776,-0.736188
1.817597,1.442561,-0.722742
1.821982,1.44753,-0.727711
1.816136,1.445192,-0.734434
1.814089,1.446945,-0.732242
1.819351,1.444022,-0.729027
1.810874,1.438468,-0.738088
1.812628,1.438761,-0.748027
1.815551,1.436422,-0.740134
1.809997,1.436714,-0.729465
1.805028,1.441099,-0.727273
1.81672,1.448699,-0.737796
1.818766,1.441976,-0.743788
1.811751,1.438761,-0.733996
1.809412,1.436422,-0.733411
1.806782,1.445776,-0.736188
1.811751,1.439345,-0.730488
1.820228,1.442268,-0.732973
1.813505,1.44373,-0.733119
1.812043,1.441684,-0.734873
1.819059,1.440514,-0.732827
1.814382,1.452207,-0.738527
1.813213,1.440807,-0.733557
1.815551,1.438468,-0.743204
1.813797,1.443438,-0.737211
1.816136,1.43993,-0.736188
1.810874,1.440514,-0.736481
1.807366,1.446068,-0.741742
1.810874,1.44753,-0.743788
1.812628,1.44373,-0.740427
1.807951,1.437884,-0.726542
1.809997,1.449868,-0.740573
1.811459,1.447238,-0.740281
1.816428,1.446945,-0.735604
1.814674,1.449868,-0.745835
1.810289,1.444314,-0.731511
1.805028,1.448115,-0.739404
1.807366,1.450161,-0.741158
1.814966,1.441391,-0.732096
1.815843,1.446945,-0.751535
1.812628,1.454253,-0.732534
1.811459,1.450453,-0.748758
1.807659,1.446945,-0.739258
1.808243,1.445192,-0.731365
1.812043,1.444314,-0.724788
1.809997,1.444607,-0.736334
1.816136,1.446653,-0.728004
1.814674,1.444314,-0.740281
1.812628,1.442561,-0.746711
1.813213,1.440222,-0.73765
1.809705,1.442853,-0.739696
1.808243,1.442561,-0.742327
1.819936,1.442853,-0.735019
1.808535,1.442853,-0.749196
1.815259,1.444607,-0.745542
1.820228,1.449868,-0.735019
1.813505,1.444607,-0.742034
1.817013,1.446653,-0.743788
1.810289,1.439638,-0.742181
1.816428,1.437591,-0.735896
1.811751,1.449284,-0.740427
1.812628,1.446068,-0.737504
1.815551,1.437591,-0.748612
1.817013,1.444314,-0.742765
1.81292,1.442853,-0.740427
1.813797,1.444899,-0.738673
1.816428,1.437299,-0.783981
1.81292,1.442268,-0.736042
1.810874,1.442853,-0.734581
1.814674,1.442853,-0.737796
1.811166,1.451038,-0.728588
1.811751,1.448407,-0.740427
1.812043,1.447238,-0.724642
1.809997,1.448992,-0.733996
1.813505,1.44373,-0.732973
1.818182,1.447822,-0.738527
1.809412,1.439345,-0.741742
1.818182,1.445484,-0.733265
1.827536,1.441099,-0.734581
1.817013,1.441099,-0.736773
1.819059,1.435838,-0.73195
1.817013,1.441099,-0.74335
1.815259,1.437299,-0.729027
1.813213,1.438761,-0.744373
1.804735,1.435253,-0.732388
1.81292,1.437591,-0.737211
1.806782,1.441684,-0.74145
1.811166,1.439638,-0.743204
1.819351,1.435838,-0.736627
1.812628,1.442853,-0.736042
1.808535,1.443145,-0.736773
1.815843,1.445776,-0.73955
1.818766,1.437007,-0.733557
1.821982,1.446068,-0.731365
1.815551,1.435253,-0.729904
1.816428,1.439345,-0.738234
1.814089,1.442853,-0.742181
1.818474,1.442268,-0.73005
1.806782,1.448992,-0.729904
1.812336,1.438176,-0.729904
1.810874,1.435838,-0.751681
1.809412,1.43993,-0.729319
1.80912,1.440807,-0.742327
1.813505,1.442561,-0.73005
1.817305,1.444022,-0.739696
1.817597,1.448115,-0.738965
1.807659,1.43993,-0.739842
1.81672,1.444607,-0.728004
1.813797,1.440222,-0.73195
1.813797,1.440222,-0.744519
1.811751,1.444314,-0.732096
1.815259,1.44373,-0.726834
1.809997,1.440222,-0.72815
1.814382,1.438761,-0.729611
1.811459,1.432622,-0.73575
1.807659,1.439345,-0.730196
1.808535,1.43116,-0.728588
1.810874,1.436714,-0.735311
1.817305,1.437884,-0.731657
1.819643,1.442853,-0.727857
1.80912,1.439053,-0.734434
1.814089,1.439053,-0.733411
1.808243,1.442561,-0.738381
1.810874,1.445192,-0.734288
1.814089,1.445192,-0.740719
1.807951,1.437884,-0.738088
1.81292,1.441391,-0.734288
1.813505,1.441684,-0.734288
1.820228,1.438176,-0.740427
1.815551,1.444899,-0.740134
1.815259,1.43993,-0.741596
1.822567,1.444607,-0.744081
1.81672,1.444607,-0.734142
1.811166,1.446653,-0.729904
1.813213,1.443438,-0.736042
1.825197,1.446361,-0.732827
1.815551,1.444899,-0.739404
1.817889,1.444899,-0.738819
1.812628,1.448992,-0.73575
1.819643,1.448407,-0.73385
1.808828,1.440514,-0.730342
1.810874,1.441976,-0.732242
1.810582,1.442561,-0.728588
1.81292,1.442268,-0.747296
1.814674,1.446653,-0.740573
1.813797,1.444899,-0.749196
1.809997,1.446361,-0.744519
1.809412,1.435838,-0.741011
1.82052,1.442268,-0.73575
1.808535,1.441391,-0.737942
1.811751,1.441391,-0.736481
1.810289,1.439345,-0.740427
1.807659,1.44373,-0.746127
1.821397,1.444022,-0.73385
1.809705,1.446068,-0.748027
1.81672,1.442268,-0.743642
1.817889,1.439638,-0.734434
1.819936,1.447238,-0.737796
1.815259,1.439345,-0.743496
1.82052,1.448992,-0.744958
1.822274,1.438468,-0.733996
1.813505,1.443438,-0.733119
1.819059,1.437299,-0.742765
1.822567,1.437884,-0.740134
1.81292,1.437299,-0.738381
1.813505,1.438176,-0.733704
1.822274,1.440514,-0.729319
1.812336,1.438468,-0.732973
1.818182,1.449284,-0.725373
1.814966,1.442853,-0.732388
1.819936,1.44373,-0.740427
1.812628,1.445192,-0.738381
1.812336,1.447822,-0.728004
1.806489,1.444607,-0.729319
1.810582,1.447238,-0.733704
1.811751,1.442853,-0.741888
1.815551,1.444607,-0.736627
1.809412,1.446945,-0.73385
1.817597,1.444314,-0.73385
1.818766,1.440807,-0.729611
1.816136,1.449284,-0.724203
1.814382,1.444314,-0.734434
1.814674,1.445192,-0.744958
1.815259,1.443145,-0.731073
1.818474,1.440222,-0.743935
1.817889,1.43993,-0.725957
1.819936,1.447238,-0.742473
1.823443,1.451915,-0.72815
1.817305,1.447238,-0.736773
1.815551,1.440222,-0.733996
1.814089,1.443145,-0.732827
1.815843,1.441976,-0.736627
1.816136,1.441099,-0.739111
1.813797,1.442561,-0.737504
1.812628,1.444022,-0.733557
1.819936,1.447822,-0.73385
1.814089,1.448992,-0.72888
1.81672,1.440807,-0.734142
1.810582,1.44373,-0.740719
1.817013,1.437007,-0.733265
1.810582,1.42853,-0.729757
1.819351,1.435545,-0.723327
1.815551,1.435253,-0.729465
1.808535,1.436714,-0.727565
1.815551,1.43233,-0.72888
1.82169,1.43613,-0.726542
1.81672,1.439053,-0.732827
1.810874,1.438761,-0.737211
1.803859,1.437591,-0.735019
1.817305,1.441099,-0.73955
1.816428,1.442853,-0.737357
1.814966,1.437591,-0.741158
1.82169,1.442853,-0.744811
1.814966,1.43613,-0.736042
1.817597,1.431745,-0.721426
1.817597,1.435838,-0.733996
1.82052,1.446068,-0.738965
1.813505,1.449284,-0.733704
1.81672,1.448992,-0.73385
1.82052,1.444314,-0.736334
1.817305,1.447238,-0.734581
1.817013,1.452207,-0.73385
1.817597,1.440222,-0.739111
1.817013,1.441391,-0.744519
1.809705,1.442561,-0.726396
1.821105,1.443438,-0.743788
1.810874,1.44373,-0.731657
1.814382,1.43993,-0.741888
1.815843,1.43496,-0.729757
1.814382,1.438468,-0.73005
1.811459,1.437299,-0.734873
1.817597,1.435253,-0.732242
1.819936,1.444899,-0.733704
1.818766,1.443438,-0.732973
1.819351,1.444022,-0.727419
1.813797,1.441976,-0.734288
1.815259,1.442561,-0.738819
1.816428,1.446945,-0.728734
1.818766,1.439638,-0.732973
1.819936,1.443145,-0.734581
1.814966,1.440222,-0.731219
1.814674,1.438176,-0.735165
1.822274,1.444022,-0.734727
1.824028,1.443145,-0.739111
1.821982,1.438468,-0.728004
1.822859,1.435838,-0.724496
1.818182,1.439638,-0.735457
1.811751,1.443438,-0.726688
1.816136,1.43613,-0.731804
1.818474,1.438761,-0.72815
1.822567,1.44373,-0.734142
1.820813,1.440514,-0.726542
1.824905,1.448407,-0.734873
1.824613,1.440222,-0.731511
1.824613,1.438176,-0.736334
1.822567,1.44373,-0.730927
1.817597,1.438176,-0.729465
1.824613,1.441976,-0.738527
1.818766,1.43993,-0.72698
1.824028,1.439638,-0.726834
1.824028,1.437591,-0.733557
1.82432,1.445776,-0.746127
1.815843,1.435838,-0.73575
1.819643,1.441684,-0.73268
1.815551,1.440222,-0.731219
1.819351,1.442853,-0.729757
1.818474,1.446068,-0.730342
1.814674,1.444314,-0.731219
1.817597,1.437591,-0.733119
1.815551,1.43233,-0.734581
1.822274,1.439053,-0.738088
1.817013,1.439638,-0.733557
1.814674,1.432914,-0.740281
1.817305,1.442853,-0.737357
1.818766,1.442268,-0.728734
1.821397,1.439345,-0.733996
1.817889,1.441391,-0.736042
1.814674,1.43233,-0.728296
1.816136,1.436422,-0.740134
1.816428,1.444607,-0.738234
1.817013,1.438176,-0.740865
1.813505,1.437007,-0.73195
1.818766,1.44753,-0.73195
1.820813,1.445776,-0.733411
1.819351,1.437884,-0.732973
1.820228,1.43993,-0.748027
1.822567,1.439053,-0.732534
1.817597,1.436714,-0.738527
1.817013,1.43993,-0.738234
1.814674,1.435838,-0.729027
1.813797,1.439345,-0.740281
1.82052,1.440222,-0.747588
1.813505,1.446361,-0.739696
1.816136,1.438468,-0.739696
1.819351,1.441976,-0.742765
1.822859,1.436422,-0.734434
1.817597,1.445484,-0.735311
1.820228,1.438761,-0.730196
1.812628,1.437884,-0.736188
1.817305,1.435545,-0.739404
1.815259,1.43993,-0.742619
1.816428,1.437884,-0.735457
1.814382,1.445484,-0.73268
1.812043,1.438176,-0.753142
1.817013,1.444314,-0.738673
1.812336,1.441099,-0.742619
1.813505,1.438176,-0.746127
1.808535,1.437299,-0.732096
1.812628,1.441099,-0.733704
1.815259,1.42853,-0.73268
1.818474,1.441391,-0.737211
1.820228,1.438176,-0.737796
1.811751,1.429991,-0.741158
1.807366,1.433499,-0.743788
1.81672,1.440514,-0.733411
1.809997,1.436714,-0.745542
1.817597,1.435838,-0.733557
1.814382,1.439638,-0.739111
1.823151,1.439053,-0.73195
1.815259,1.439345,-0.735311
1.814966,1.441391,-0.746565
1.814089,1.443145,-0.740134
1.809412,1.442853,-0.732096
1.811751,1.449284,-0.743204
1.810289,1.441684,-0.746711
1.809412,1.437591,-0.73078
1.814966,1.444022,-0.736481
1.809412,1.444899,-0.739404
1.810874,1.441976,-0.743058
1.813505,1.43496,-0.737942
1.815551,1.444022,-0.747735
1.819351,1.444022,-0.740573
1.818766,1.441099,-0.74335
1.816428,1.429114,-0.738088
1.815259,1.437884,-0.740134
1.818766,1.444022,-0.742327
1.816428,1.435545,-0.738673
1.817305,1.442853,-0.733411
1.815259,1.440222,-0.725373
1.81672,1.442561,-0.745835
1.811459,1.435545,-0.729465
1.817889,1.436422,-0.734434
1.820813,1.440807,-0.739258
1.816136,1.446945,-0.73955
1.817889,1.444899,-0.740719
1.811459,1.451038,-0.731365
1.812336,1.437299,-0.736773
1.818766,1.441684,-0.747881
1.818474,1.441099,-0.73955
1.816428,1.442268,-0.744811
1.823443,1.442268,-0.732388
1.813505,1.438176,-0.738819
1.811751,1.436714,-0.744519
1.810874,1.442561,-0.740427
1.817013,1.434376,-0.738527
1.814089,1.440222,-0.740281
1.810289,1.444607,-0.735019
1.813213,1.445484,-0.732827
1.814382,1.447238,-0.729904
1.81672,1.438176,-0.737211
1.818766,1.438761,-0.73575
1.811459,1.444899,-0.744081
1.808828,1.442853,-0.737942
1.819059,1.444899,-0.727711
1.81672,1.435253,-0.730927
1.822274,1.447238,-0.732534
1.822859,1.444314,-0.735311
1.814674,1.451915,-0.731073
1.811459,1.43993,-0.735165
1.812043,1.444022,-0.726103
1.813213,1.436714,-0.738234
1.814674,1.447238,-0.73955
1.81672,1.445484,-0.726834
1.820228,1.443438,-0.734288
1.817889,1.444022,-0.737504
1.813797,1.441391,-0.723473
1.824613,1.444607,-0.733119
1.818766,1.445192,-0.733411
1.816136,1.446653,-0.732827
1.813505,1.439638,-0.74525
1.818182,1.442561,-0.731219
1.810582,1.446361,-0.724642
1.811459,1.441099,-0.734288
1.817889,1.448407,-0.72508
1.815259,1.441976,-0.725373
1.818182,1.441976,-0.734727
1.817597,1.441391,-0.73955
1.811459,1.439053,-0.737942
1.817889,1.441976,-0.72508
1.815551,1.443438,-0.722888
1.817013,1.445484,-0.729173
1.815843,1.442268,-0.727711
1.822274,1.446945,-0.728296
1.807951,1.455422,-0.74525
1.801228,1.47413,-0.761619
1.791581,1.496931,-0.800058
1.780181,1.503362,-0.831044
1.769658,1.516516,-0.857352
1.77755,1.505116,-0.878837
1.781058,1.486408,-0.893306
1.77492,1.46273,-0.896668
1.795966,1.426776,-0.888775
1.810289,1.383806,-0.880737
1.822859,1.358375,-0.860567
1.843321,1.320082,-0.84639
1.840982,1.307805,-0.836598
1.855305,1.291143,-0.824759
1.848875,1.283251,-0.81672
1.864075,1.274481,-0.819351
1.86729,1.265712,-0.803128
1.871967,1.252558,-0.800789
1.876352,1.246419,-0.797282
1.873429,1.239696,-0.782227
1.880737,1.236188,-0.79392
1.884244,1.231511,-0.783689
1.882491,1.224496,-0.779012
1.877229,1.222742,-0.783835
1.88366,1.229173,-0.779597
1.878398,1.226834,-0.777989
1.886875,1.220403,-0.770973
1.886291,1.221573,-0.77755
1.885121,1.220696,-0.775504
1.894183,1.216311,-0.776381
1.884537,1.214557,-0.764543
1.886583,1.210757,-0.770096
1.88746,1.21368,-0.780035
1.888044,1.209588,-0.77492
1.89126,1.209588,-0.775212
1.888921,1.210757,-0.767173
1.89126,1.204326,-0.764689
1.890383,1.210172,-0.783689
1.89506,1.212511,-0.763227
1.888337,1.21865,-0.76235
1.891552,1.211634,-0.76615
1.888921,1.214265,-0.768781
1.888921,1.21368,-0.769366
1.89506,1.211634,-0.769366
1.884829,1.21865,-0.770681
1.892721,1.214265,-0.77755
1.890091,1.216603,-0.770681
1.887167,1.215434,-0.773604
1.888629,1.20988,-0.776381
1.890091,1.218357,-0.770535
1.888337,1.213973,-0.766296
1.894475,1.206665,-0.771558
1.891845,1.211049,-0.782374
1.892137,1.20988,-0.770243
1.894183,1.215142,-0.774335
1.889214,1.208126,-0.77755
1.893598,1.210465,-0.775212
1.897106,1.205495,-0.777843
1.889214,1.211926,-0.765712
1.890091,1.209588,-0.776089
1.888337,1.210465,-0.769658
1.891845,1.213096,-0.776673
1.895937,1.207249,-0.776381
1.885121,1.210465,-0.769658
1.890968,1.207542,-0.765858
1.885998,1.215142,-0.766881
1.877813,1.227419,-0.785297
1.869336,1.256358,-0.805905
1.853259,1.297282,-0.84449
1.822274,1.342882,-0.862759
1.810289,1.405145,-0.87606
1.791874,1.445192,-0.892137
1.77492,1.471207,-0.882929
1.773458,1.498977,-0.893745
1.767319,1.514762,-0.87109
1.770535,1.523239,-0.856913
1.775212,1.51827,-0.835867
1.78252,1.502777,-0.832944
1.780474,1.504823,-0.81672
1.782227,1.503362,-0.792166
1.790997,1.495762,-0.799182
1.794797,1.492254,-0.784127
1.795381,1.48553,-0.766589
1.791581,1.48173,-0.778574
1.792458,1.467407,-0.765858
1.800058,1.4677,-0.757966
1.804443,1.458346,-0.754458
1.806489,1.467115,-0.745835
1.801228,1.458638,-0.753289
1.804151,1.459222,-0.753581
1.806782,1.461269,-0.743935
1.811459,1.452792,-0.746711
1.811751,1.451915,-0.747442
1.815259,1.450453,-0.736334
1.817013,1.44373,-0.73955
1.815551,1.446945,-0.749488
1.817889,1.449576,-0.736773
1.817013,1.446945,-0.735019
1.810582,1.446653,-0.738234
1.815259,1.446068,-0.731073
1.815259,1.448407,-0.729173
1.807951,1.442268,-0.735311
1.811459,1.44373,-0.730927
1.808243,1.440807,-0.732973
1.810874,1.445484,-0.731511
1.807659,1.449576,-0.729319
1.813505,1.441099,-0.738088
1.815843,1.443145,-0.735019
1.814382,1.439638,-0.736919
1.813505,1.440807,-0.734288
1.814089,1.446945,-0.729173
1.815259,1.444022,-0.739111
1.813213,1.444022,-0.742473
1.812043,1.443438,-0.744081
1.815259,1.434376,-0.744081
1.815551,1.441684,-0.731073
1.813213,1.437591,-0.746273
1.817597,1.444899,-0.736773
1.817597,1.443145,-0.720988
1.806489,1.445192,-0.74145
1.813505,1.443438,-0.735457
1.811751,1.446653,-0.725519
1.811459,1.445776,-0.744373
1.811751,1.441684,-0.731657
1.812628,1.443438,-0.742327
1.812043,1.445484,-0.749488
1.819059,1.439053,-0.731219
1.818474,1.448407,-0.731073
1.815843,1.448407,-0.740719
1.815843,1.446361,-0.738819
1.824905,1.440514,-0.735311
1.82169,1.437591,-0.726103
1.81672,1.438176,-0.744227
1.811166,1.441976,-0.743496
1.815551,1.434084,-0.730634
1.820813,1.444314,-0.734142
1.818182,1.43993,-0.738819
1.815551,1.440514,-0.743058
1.824028,1.438176,-0.737796
1.809705,1.441099,-0.730927
1.819936,1.437299,-0.737796
1.812336,1.438468,-0.734727
1.815551,1.442561,-0.733557
1.81292,1.43993,-0.744227
1.811751,1.441684,-0.743496
1.812628,1.437884,-0.743496
1.808828,1.442853,-0.734142
1.81292,1.446361,-0.735896
1.811459,1.446653,-0.735165
1.810582,1.435838,-0.73195
1.813213,1.439345,-0.73575
1.817305,1.438468,-0.740281
1.815843,1.445192,-0.748027
1.814674,1.443145,-0.739696
1.811166,1.441391,-0.739842
1.817889,1.441684,-0.745104
1.817889,1.441976,-0.740281
1.818766,1.437299,-0.741888
1.818182,1.444314,-0.733265
1.815259,1.439345,-0.745104
1.816136,1.444314,-0.735311
1.812336,1.452207,-0.750365
1.811166,1.445192,-0.738819
1.819059,1.445484,-0.736481
1.813213,1.439638,-0.737796
1.816136,1.444607,-0.742473
1.808535,1.435838,-0.738965
1.817889,1.444899,-0.738527
1.813797,1.445484,-0.735896
1.808828,1.450453,-0.737357
1.807659,1.441099,-0.740865
1.811166,1.442853,-0.739988
1.815259,1.444314,-0.748904
1.813797,1.445192,-0.749196
1.809705,1.443145,-0.746858
1.810582,1.444022,-0.735165
1.813797,1.449868,-0.737065
1.810289,1.444899,-0.735896
1.814674,1.439345,-0.736042
1.812043,1.444899,-0.733704
1.811751,1.442853,-0.733119
1.813213,1.436714,-0.741304
1.80912,1.446361,-0.738819
1.80912,1.440807,-0.739111
1.806489,1.441099,-0.735311
1.811166,1.445192,-0.732388
1.812336,1.450745,-0.736334
1.813213,1.445776,-0.751681
1.813213,1.442853,-0.737942
1.807951,1.440514,-0.724788
1.812043,1.438761,-0.743204
1.810582,1.44373,-0.730196
1.808243,1.438468,-0.729319
1.812336,1.437884,-0.740427
1.814089,1.444022,-0.737357
1.817013,1.438761,-0.737357
1.810874,1.439345,-0.72435
1.815259,1.440807,-0.736919
1.812336,1.446945,-0.742327
1.812336,1.448699,-0.740719
1.809412,1.445192,-0.743058
1.80532,1.446945,-0.728004
1.81292,1.438176,-0.724934
1.808828,1.441684,-0.73765
1.807074,1.448699,-0.747296
1.815551,1.442853,-0.731804
1.824905,1.446068,-0.736481
1.818474,1.448699,-0.732388
1.818182,1.440514,-0.734434
1.818182,1.445484,-0.736919
1.81292,1.444899,-0.725373
1.81672,1.441976,-0.744519
1.809705,1.446068,-0.732388
1.814382,1.448407,-0.733557
1.816136,1.448407,-0.735896
1.817013,1.455715,-0.745688
1.807659,1.446945,-0.736919
1.810582,1.445192,-0.743496
1.814089,1.441099,-0.744081
1.815259,1.445776,-0.731657
1.819059,1.444899,-0.740719
1.812628,1.443438,-0.742034
1.817013,1.448699,-0.733265
1.813797,1.44753,-0.743642
1.818474,1.444899,-0.735311
1.813505,1.441391,-0.734727
1.818766,1.435253,-0.731073
1.810582,1.439638,-0.744519
1.813797,1.44373,-0.730488
1.803859,1.437007,-0.736773
1.812628,1.449868,-0.735896
1.819643,1.44373,-0.738527
1.810582,1.441684,-0.744519
1.806197,1.448407,-0.746273
1.813797,1.445776,-0.737065
1.811459,1.448992,-0.733557
1.815259,1.446653,-0.722888
1.808828,1.449868,-0.73005
1.809997,1.444607,-0.732827
1.808535,1.443145,-0.733704
1.812336,1.443145,-0.734434
1.812043,1.438761,-0.729027
1.807366,1.441684,-0.744958
1.800351,1.444022,-0.742181
1.807366,1.441391,-0.734288
1.809997,1.438468,-0.731511
1.80912,1.440807,-0.736627
1.804735,1.443438,-0.733265
1.813213,1.443438,-0.729465
1.806197,1.439053,-0.737942
1.811751,1.446653,-0.72245
1.806197,1.441684,-0.731657
1.808828,1.441684,-0.743642
1.803859,1.439638,-0.73955
1.806197,1.435253,-0.733557
1.809997,1.441099,-0.744373
1.810289,1.440222,-0.735019
1.810289,1.439638,-0.74335
1.817305,1.43496,-0.744373
1.805905,1.445192,-0.738527
1.808828,1.439053,-0.749342
1.806489,1.439638,-0.747881
1.808535,1.435545,-0.749635
1.813797,1.438468,-0.741888
1.812628,1.435838,-0.750219
1.80912,1.44753,-0.742765
1.807659,1.441391,-0.740427
1.812336,1.437591,-0.73765
1.809705,1.441099,-0.730634
1.817305,1.434084,-0.729757
1.810289,1.43496,-0.736773
1.809705,1.440514,-0.730488
1.814382,1.441684,-0.728588
1.81672,1.435838,-0.742911
1.818474,1.440514,-0.727857
1.818182,1.450161,-0.730488
1.812336,1.44373,-0.738381
1.808535,1.441391,-0.737211
1.815259,1.435838,-0.746273
1.810582,1.43993,-0.727273
1.815843,1.439345,-0.735604
1.818182,1.440514,-0.732096
1.814674,1.445776,-0.732827
1.815259,1.442853,-0.733557
1.815551,1.448115,-0.731365
1.81292,1.442561,-0.738088
1.815551,1.446653,-0.729757
1.819936,1.43993,-0.73575
1.816136,1.445484,-0.732242
1.817013,1.442561,-0.734142
1.814089,1.444314,-0.726834
1.813505,1.442853,-0.729757
1.809705,1.442853,-0.73268
1.814966,1.43496,-0.733557
1.82169,1.440222,-0.734873
1.809412,1.442268,-0.740427
1.810874,1.438761,-0.728734
1.808243,1.435253,-0.730927
1.815259,1.435545,-0.736481
1.813505,1.442268,-0.733996
1.819936,1.438761,-0.740427
1.813505,1.441099,-0.743642
1.813505,1.438761,-0.745688
1.805905,1.448699,-0.745396
1.814674,1.444899,-0.739988
1.81672,1.442268,-0.740573
1.813797,1.43613,-0.743788
1.812043,1.441391,-0.72508
1.813505,1.440807,-0.736334
1.812043,1.444607,-0.730342
1.810289,1.441684,-0.74525
1.814089,1.446945,-0.738819
1.814089,1.450745,-0.744519
1.817889,1.43613,-0.749635
1.816428,1.444022,-0.743204
1.815259,1.439345,-0.73195
1.807659,1.44373,-0.73268
1.818766,1.446945,-0.742473
1.819351,1.439053,-0.741888
1.815843,1.438761,-0.736919
1.820228,1.434668,-0.747735
1.810874,1.439638,-0.742034
1.818766,1.446361,-0.73268
1.812628,1.440514,-0.753289
1.815843,1.437299,-0.744373
1.80532,1.449576,-0.734581
1.817597,1.444607,-0.745104
1.813505,1.445192,-0.732388
1.814966,1.445192,-0.735457
1.815259,1.443438,-0.741888
1.808243,1.442561,-0.738088
1.810582,1.437299,-0.737357
1.810289,1.442853,-0.740865
1.815259,1.445776,-0.74525
1.820813,1.443145,-0.736188
1.820813,1.451038,-0.744519
1.814966,1.442561,-0.743058
1.81672,1.446361,-0.740427
1.812628,1.443438,-0.734434
1.818766,1.444607,-0.744519
1.818474,1.442561,-0.746127
1.808535,1.444022,-0.72815
1.819936,1.442561,-0.734434
1.812336,1.446653,-0.733119
1.812628,1.437591,-0.738234
1.811166,1.43993,-0.730488
1.811166,1.441391,-0.738673
1.818766,1.448407,-0.740427
1.815551,1.443438,-0.732973
1.80532,1.437007,-0.739842
1.812628,1.439345,-0.742911
1.81292,1.435545,-0.730927
1.814089,1.436714,-0.741304
1.810582,1.444899,-0.746127
1.810289,1.441976,-0.728734
1.810874,1.446361,-0.738527
1.814674,1.448407,-0.727273
1.808535,1.434376,-0.74145
1.815551,1.441391,-0.730488
1.803859,1.441976,-0.731365
1.811751,1.443145,-0.725373
1.804735,1.445776,-0.73195
1.812336,1.443438,-0.733411
1.807366,1.444022,-0.732388
1.806782,1.447822,-0.731511
1.813505,1.442268,-0.736627
1.820228,1.440807,-0.72245
1.806782,1.447822,-0.735457
1.813213,1.444022,-0.738381
1.814089,1.443145,-0.731073
1.81292,1.444899,-0.734288
1.815843,1.441391,-0.739111
1.813505,1.441684,-0.733411
1.812336,1.446361,-0.737357
1.810874,1.440807,-0.735604
1.817305,1.440514,-0.735019
1.818766,1.437591,-0.733265
1.811751,1.444022,-0.743642
1.811459,1.437884,-0.736481
1.809705,1.436714,-0.734142
1.816136,1.43993,-0.738965
1.815843,1.442853,-0.734434
1.811166,1.440807,-0.729611
1.809705,1.444899,-0.735896
1.80912,1.440222,-0.727419
1.813797,1.446068,-0.738381
1.807074,1.448407,-0.744373
1.81292,1.442853,-0.742765
1.802982,1.435838,-0.738819
1.812628,1.441684,-0.736773
1.809997,1.442561,-0.733996
1.807951,1.439053,-0.729027
1.80912,1.444314,-0.743788
1.816428,1.444899,-0.730342
1.809997,1.441099,-0.729904
1.814382,1.442853,-0.744811
1.809412,1.439053,-0.735896
1.814674,1.437884,-0.735604
1.811751,1.441099,-0.733704
1.809705,1.441684,-0.737065
1.816136,1.444899,-0.738965
1.812628,1.440807,-0.746127
1.806782,1.441976,-0.745835
1.810289,1.440514,-0.741304
1.80912,1.440514,-0.736919
1.809705,1.439345,-0.74335
1.809997,1.443145,-0.73955
1.812043,1.438176,-0.741742
1.821105,1.439638,-0.745835
1.814089,1.433207,-0.744665
1.816428,1.437591,-0.745981
1.803566,1.444899,-0.738381
1.808828,1.443438,-0.741158
1.813505,1.433499,-0.742911
1.812043,1.442853,-0.737504
1.815259,1.438468,-0.738819
1.814966,1.435545,-0.72625
1.807659,1.443438,-0.735311
1.813505,1.440222,-0.735165
1.817013,1.444607,-0.728296
1.808535,1.436714,-0.738234
1.819059,1.441684,-0.738381
1.814674,1.444022,-0.747735
1.808535,1.442561,-0.737357
1.80912,1.438176,-0.738088
1.811459,1.439638,-0.729465
1.805028,1.433207,-0.72815
1.816136,1.43613,-0.733119
1.817305,1.437591,-0.734727
1.821982,1.445776,-0.739842
1.811166,1.440807,-0.736627
1.822567,1.436714,-0.727419
1.816428,1.439053,-0.741158
1.808243,1.436422,-0.733265
1.817305,1.440222,-0.738673
1.815551,1.437591,-0.740573
1.819351,1.442853,-0.723765
1.815259,1.438761,-0.738234
1.812336,1.444899,-0.738234
1.808535,1.438176,-0.729173
1.810874,1.440514,-0.740719
1.817597,1.435545,-0.739111
1.81672,1.439638,-0.738819
1.811751,1.440514,-0.740719
1.813505,1.438176,-0.73005
1.81292,1.43496,-0.728734
1.817889,1.434084,-0.737211
1.812628,1.446945,-0.73385
1.813213,1.444607,-0.744958
1.811166,1.437299,-0.736919
1.810289,1.440222,-0.733704
1.812043,1.439053,-0.736334
1.818766,1.438468,-0.741742
1.813213,1.447822,-0.731511
1.816428,1.445484,-0.748173
1.808243,1.448407,-0.733557
1.822567,1.443438,-0.734727
1.80912,1.443438,-0.744373
1.80912,1.446653,-0.731073
1.814966,1.44753,-0.73385
1.812336,1.44373,-0.73005
1.809412,1.446361,-0.722157
1.814674,1.445192,-0.736188
1.815551,1.448699,-0.731804
1.806782,1.444607,-0.753289
1.812043,1.439345,-0.733411
1.809997,1.446653,-0.738234
1.813797,1.442853,-0.751535
1.807659,1.438468,-0.736919
1.807659,1.436714,-0.737211
1.807366,1.441099,-0.750365
1.807659,1.439053,-0.734288
1.817305,1.444314,-0.722742
1.809997,1.441976,-0.742765
1.812628,1.443145,-0.740134
1.808535,1.443438,-0.733411
1.810582,1.448115,-0.736188
1.814089,1.446653,-0.754165
1.812043,1.448115,-0.740719
1.805905,1.446945,-0.730196
1.810582,1.449868,-0.733119
1.812336,1.444314,-0.747442
1.810874,1.44373,-0.74145
1.815259,1.437299,-0.735457
1.817013,1.436714,-0.73195
1.812043,1.445776,-0.738088
1.813505,1.441684,-0.737357
1.810582,1.439345,-0.729757
1.818766,1.441099,-0.746419
1.816428,1.443145,-0.754458
1.81672,1.444314,-0.726103
1.813797,1.446653,-0.741304
1.814382,1.440222,-0.740573
1.810874,1.442561,-0.733411
1.818474,1.442853,-0.739696
1.818474,1.441391,-0.737796
1.813505,1.434668,-0.73955
1.807659,1.441976,-0.734288
1.812043,1.446068,-0.740134
1.807951,1.443438,-0.746565
1.811166,1.445192,-0.743496
1.81672,1.445192,-0.738673
1.819643,1.441976,-0.740865
1.810289,1.442268,-0.735457
1.816136,1.44373,-0.733996
1.810582,1.447822,-0.742911
1.814089,1.443438,-0.741011
1.811751,1.450745,-0.726103
1.809997,1.444022,-0.740281
1.813213,1.445192,-0.733557
1.819936,1.440222,-0.739111
1.812628,1.447238,-0.737504
1.812043,1.444899,-0.747881
1.816428,1.438761,-0.732096
1.808828,1.440222,-0.737504
1.815259,1.442561,-0.738234
1.807074,1.450161,-0.738819
1.82052,1.444607,-0.729027
1.819643,1.446068,-0.746711
1.817013,1.440222,-0.737357
1.810289,1.437884,-0.730634
1.814089,1.444899,-0.737942
1.811459,1.444022,-0.737942
1.81292,1.444607,-0.738527
1.814674,1.44373,-0.741888
1.817305,1.442268,-0.735604
1.813505,1.455715,-0.737796
1.795966,1.4677,-0.766735
1.784858,1.4981,-0.78632
1.779889,1.503069,-0.813213
1.773458,1.511546,-0.851213
1.762643,1.509792,-0.878544
1.770243,1.487284,-0.878837
1.780181,1.467992,-0.88936
1.793043,1.438468,-0.89886
1.794505,1.407776,-0.883221
1.818182,1.363929,-0.877375
1.825197,1.344051,-0.865536
1.842151,1.317159,-0.849167
1.841274,1.293481,-0.832067
1.849167,1.28442,-0.833528
1.850628,1.280327,-0.827536
1.857352,1.261619,-0.806928
1.858521,1.253435,-0.807951
1.864075,1.248173,-0.793481
1.869629,1.24145,-0.795528
1.87109,1.236188,-0.802543
1.872552,1.234142,-0.787197
1.876644,1.235604,-0.798012
1.881614,1.224203,-0.772873
1.875767,1.223911,-0.781935
1.880737,1.219526,-0.785589
1.880737,1.227419,-0.786027
1.876352,1.221573,-0.783689
1.884829,1.215726,-0.785004
1.886583,1.214557,-0.777989
1.885998,1.214265,-0.770827
1.889506,1.21748,-0.768343
1.885414,1.210757,-0.78062
1.889214,1.211634,-0.781058
1.888337,1.209588,-0.77565
1.881906,1.207834,-0.769804
1.89126,1.209296,-0.773312
1.881321,1.223034,-0.76995
1.882491,1.211926,-0.766735
1.881029,1.207834,-0.760889
1.884244,1.20988,-0.764396
1.881321,1.209296,-0.765566
1.88366,1.205203,-0.770681
1.878398,1.213973,-0.761035
1.883075,1.213096,-0.765273
1.886291,1.205203,-0.757819
1.877229,1.203449,-0.765419
1.887167,1.207542,-0.762204
1.883075,1.209296,-0.765712
1.884537,1.207249,-0.771996
1.882198,1.20988,-0.763227
1.884829,1.207834,-0.766735
1.886291,1.20988,-0.765127
1.879567,1.207542,-0.771266
1.885121,1.214557,-0.770827
1.882783,1.21748,-0.774481
1.88366,1.206372,-0.770827
1.88366,1.209003,-0.772873
1.880152,1.207249,-0.764396
1.88746,1.215142,-0.764543
1.884537,1.213388,-0.775212
1.888044,1.206957,-0.776673
1.887752,1.207249,-0.776235
1.889214,1.208419,-0.774189
1.888044,1.210757,-0.771704
1.892721,1.209296,-0.772435
1.890091,1.212511,-0.775504
1.886875,1.206665,-0.760742
1.884537,1.212803,-0.758112
1.890968,1.20608,-0.768635
1.894768,1.205495,-0.764981
1.890968,1.201988,-0.766443
1.897106,1.203449,-0.774481
1.891552,1.207249,-0.770681
1.886291,1.206665,-0.762496
1.890091,1.212219,-0.765712
1.890968,1.205203,-0.76615
1.885998,1.216019,-0.773604
1.886583,1.209588,-0.770389
1.891552,1.20988,-0.775358
1.886291,1.208711,-0.770681
1.887167,1.206665,-0.771266
1.889798,1.211926,-0.770389
1.883367,1.208126,-0.770389
1.884829,1.211049,-0.763666
1.895352,1.211342,-0.773458
1.87869,1.205203,-0.769512
1.883952,1.207542,-0.767466
1.885998,1.206372,-0.772289
1.884829,1.200526,-0.77185
1.886583,1.205203,-0.771266
1.884537,1.205495,-0.76922
1.889214,1.213096,-0.77185
1.880152,1.209296,-0.767027
1.879567,1.211634,-0.760742
1.885121,1.212511,-0.759866
1.893891,1.208419,-0.763227
1.882783,1.213096,-0.778135
1.891552,1.211634,-0.767173
1.889506,1.202865,-0.758258
1.883075,1.20608,-0.770243
1.88746,1.213388,-0.774335
1.885706,1.203449,-0.770535
1.884829,1.210465,-0.769366
1.885998,1.211926,-0.76425
1.884829,1.213973,-0.76615
1.885414,1.206665,-0.766589
1.879275,1.204619,-0.763812
1.883075,1.20228,-0.772581
1.884537,1.203742,-0.767904
1.876937,1.203742,-0.775797
1.884829,1.21368,-0.771558
1.885706,1.213096,-0.770681
1.883075,1.207249,-0.766296
1.88366,1.202572,-0.770535
1.884244,1.204034,-0.757673
1.890091,1.205495,-0.77185
1.884829,1.199357,-0.76235
1.881321,1.210172,-0.770827
1.897398,1.207542,-0.765419
1.884244,1.208126,-0.761473
1.892429,1.210465,-0.754896
1.888629,1.211049,-0.772289
1.883367,1.208126,-0.77302
1.888337,1.204326,-0.766004
1.889214,1.207249,-0.767027
1.88366,1.210172,-0.76615
1.884829,1.205203,-0.762935
1.89126,1.210465,-0.771704
1.888921,1.212511,-0.769512
1.884829,1.204911,-0.765127
1.878106,1.215142,-0.777112
1.87226,1.219819,-0.782081
1.868459,1.254019,-0.806489
1.849752,1.275358,-0.836598
1.826951,1.33382,-0.864659
1.808535,1.388483,-0.87796
1.789243,1.436714,-0.885414
1.780766,1.465653,-0.885852
1.771412,1.498392,-0.887021
1.769366,1.511839,-0.883514
1.768781,1.516516,-0.862906
1.773458,1.520023,-0.837913
1.785443,1.509792,-0.834551
1.786027,1.5057,-0.815697
1.785443,1.499269,-0.801374
1.786612,1.496346,-0.800497
1.792458,1.4753,-0.783981
1.792458,1.475884,-0.771704
1.795381,1.472961,-0.774043
1.801812,1.466238,-0.766881
1.802105,1.463315,-0.765273
1.804443,1.460392,-0.746711
1.805028,1.459807,-0.747442
1.799474,1.455422,-0.755773
1.804735,1.452792,-0.747588
1.805905,1.440222,-0.749927
1.800351,1.444899,-0.758404
1.807951,1.447238,-0.749488
1.812336,1.441099,-0.744081
1.811751,1.438176,-0.742181
1.817013,1.438761,-0.740573
1.814674,1.437884,-0.740281
1.810582,1.442853,-0.742034
1.811166,1.442561,-0.739988
1.810874,1.437299,-0.738673
1.812336,1.439638,-0.746858
1.808535,1.438468,-0.737357
1.806489,1.446653,-0.733996
1.817305,1.444314,-0.733996
1.810582,1.43613,-0.725665
1.813797,1.436422,-0.733996
1.813213,1.440222,-0.734873
1.807074,1.440514,-0.736188
1.813797,1.434084,-0.726542
1.806197,1.437884,-0.728442
1.819643,1.433791,-0.74335
1.809412,1.437591,-0.741011
1.809412,1.432622,-0.736334
1.802982,1.437007,-0.738527
1.809705,1.43233,-0.729757
1.807659,1.439053,-0.734581
1.812336,1.43613,-0.733557
1.814089,1.439345,-0.736773
1.806489,1.43496,-0.744958
1.811459,1.437884,-0.745104
1.809412,1.433791,-0.734727
1.810289,1.434376,-0.73765
1.802982,1.440514,-0.731511
1.813797,1.441684,-0.736188
1.817889,1.439053,-0.741011
1.815551,1.437591,-0.736919
1.811166,1.441391,-0.744958
1.811751,1.439638,-0.736188
1.807951,1.433499,-0.738673
1.810582,1.436714,-0.731365
1.814089,1.433791,-0.743058
1.813797,1.43496,-0.745688
1.80912,1.435838,-0.744958
1.812628,1.43993,-0.741304
1.813797,1.432622,-0.740134
1.814382,1.432914,-0.745396
1.813797,1.439345,-0.742619
1.812628,1.436714,-0.739842
1.815843,1.43233,-0.743788
1.814966,1.437007,-0.731073
1.81292,1.436422,-0.737942
1.811751,1.439053,-0.731657
1.808535,1.440807,-0.734288
1.803566,1.438468,-0.738234
1.809412,1.434668,-0.746711
1.810289,1.442853,-0.738819
1.808243,1.432037,-0.742034
1.809412,1.433791,-0.73765
1.814089,1.441099,-0.734434
1.803274,1.432622,-0.733411
1.809705,1.444022,-0.727273
1.803859,1.440514,-0.745104
1.814382,1.446361,-0.745688
1.805028,1.438761,-0.739404
1.807074,1.435545,-0.735019
1.807951,1.437591,-0.735019
1.812043,1.439345,-0.739696
1.811459,1.436422,-0.73268
1.809997,1.443438,-0.737065
1.809705,1.446653,-0.728296
1.810289,1.441391,-0.735019
1.813797,1.440807,-0.729904
1.817305,1.444314,-0.740134
1.823151,1.44373,-0.737504
1.810289,1.444022,-0.733996
1.814089,1.43496,-0.73195
1.80912,1.435838,-0.738673
1.809705,1.444022,-0.736919
1.80912,1.43993,-0.730196
1.802105,1.439345,-0.738088
1.804443,1.43233,-0.734434
1.813213,1.441684,-0.734434
1.805612,1.43233,-0.737211
1.805028,1.438176,-0.730927
1.810289,1.44373,-0.731365
1.811166,1.441976,-0.733265
1.805905,1.439638,-0.736627
1.81672,1.441391,-0.726103
1.811166,1.441684,-0.742327
1.815843,1.441684,-0.72815
1.812043,1.432914,-0.748173
1.813505,1.437299,-0.742034
1.812336,1.440222,-0.731804
1.810582,1.43613,-0.735165
1.81672,1.440222,-0.734142
1.813213,1.441684,-0.744373
1.815259,1.437299,-0.738088
1.817305,1.435545,-0.748758
1.816136,1.441391,-0.740865
1.813213,1.445192,-0.736042
1.811751,1.442268,-0.741158
1.810582,1.43993,-0.746273
1.811751,1.436714,-0.733119
1.805612,1.43496,-0.729319
1.811166,1.433499,-0.738381
1.805905,1.436714,-0.726834
1.808535,1.437591,-0.739258
1.809412,1.43613,-0.73575
1.810582,1.433499,-0.731073
1.814966,1.433207,-0.742181
1.813797,1.435253,-0.743642
1.812043,1.438176,-0.744665
1.814089,1.433499,-0.738234
1.811751,1.438176,-0.737065
1.803566,1.440807,-0.735165
1.806782,1.436714,-0.738381
1.80912,1.437884,-0.732827
1.809997,1.436422,-0.722742
1.807659,1.440514,-0.726688
1.807951,1.43496,-0.731804
1.805905,1.435253,-0.734142
1.806782,1.437884,-0.727127
1.808243,1.438176,-0.740865
1.802105,1.437299,-0.741888
1.806489,1.439638,-0.738234
1.807659,1.446361,-0.724057
1.812336,1.437591,-0.73268
1.816136,1.439053,-0.734873
1.812336,1.437591,-0.73268
1.80912,1.43993,-0.739842
1.808535,1.43496,-0.738819
1.813213,1.440222,-0.746273
1.813213,1.441684,-0.72815
1.813213,1.435838,-0.738234
1.812336,1.436422,-0.733704
1.813797,1.430868,-0.723327
1.811166,1.437299,-0.724496
1.806489,1.441684,-0.72815
1.811166,1.437591,-0.731657
1.817013,1.43993,-0.724788
1.811166,1.432914,-0.733119
1.811751,1.441684,-0.742911
1.807074,1.439345,-0.735165
1.810874,1.435545,-0.739988
1.814382,1.435838,-0.73195
1.811459,1.440514,-0.73765
1.813213,1.437299,-0.733557
1.812628,1.43496,-0.736042
1.808535,1.448407,-0.733996
1.813213,1.443145,-0.736334
1.808243,1.438761,-0.729319
1.817597,1.44373,-0.749927
1.813505,1.441684,-0.735019
1.807074,1.444607,-0.73765
1.816428,1.443145,-0.736627
1.812336,1.448115,-0.728588
1.81292,1.437591,-0.743058
1.81672,1.438468,-0.74145
1.811166,1.443438,-0.737357
1.807366,1.435838,-0.735457
1.815551,1.436714,-0.743496
1.814966,1.443438,-0.745104
1.813505,1.43613,-0.738965
1.812043,1.441099,-0.740134
1.808243,1.436714,-0.731804
1.814089,1.43993,-0.737942
1.803859,1.440222,-0.742181
1.817597,1.437884,-0.735019
1.809705,1.439053,-0.748027
1.812336,1.444022,-0.735457
1.81292,1.44373,-0.734288
1.811166,1.446653,-0.732827
1.809997,1.443438,-0.735311
1.814966,1.434668,-0.729027
1.817013,1.438176,-0.735457
1.816428,1.434084,-0.743935
1.810874,1.428822,-0.741888
1.814089,1.435838,-0.741011
1.817889,1.437007,-0.73268
1.817889,1.439345,-0.738819
1.808828,1.439053,-0.737065
1.811751,1.444899,-0.733265
1.810582,1.435838,-0.744519
1.811166,1.43993,-0.748027
1.81292,1.441391,-0.738527
1.817597,1.439638,-0.733557
1.816428,1.444314,-0.739842
1.810874,1.441391,-0.740427
1.810582,1.444899,-0.736042
1.813797,1.444314,-0.733411
1.820228,1.43613,-0.733557
1.814089,1.445192,-0.741011
1.818474,1.438176,-0.735604
1.815259,1.43613,-0.723765
1.811166,1.442853,-0.737504
1.811751,1.438176,-0.734727
1.811459,1.440222,-0.724934
1.814674,1.443145,-0.729904
1.812628,1.440222,-0.732827
1.813797,1.437007,-0.731365
1.814089,1.437299,-0.743642
1.809705,1.433499,-0.729904
1.809412,1.438468,-0.737504
1.814674,1.442853,-0.725811
1.814382,1.442561,-0.734727
1.812628,1.442268,-0.740573
1.818474,1.439345,-0.739842
1.814089,1.443438,-0.729611
1.807659,1.439053,-0.729465
1.809997,1.437007,-0.729904
1.815551,1.441976,-0.734288
1.817889,1.434376,-0.73195
1.819059,1.442561,-0.729319
1.81672,1.440514,-0.736627
1.817889,1.441391,-0.725811
1.811166,1.437007,-0.737065
1.812628,1.440222,-0.737504
1.812628,1.439638,-0.733557
1.815551,1.440222,-0.734288
1.818182,1.437591,-0.740134
1.805028,1.43613,-0.739696
1.816136,1.441391,-0.747296
1.816136,1.440807,-0.73575
1.811751,1.436714,-0.740719
1.817889,1.442268,-0.739988
1.815259,1.442561,-0.741742
1.815843,1.437007,-0.736627
1.811459,1.441976,-0.738673
1.82169,1.435838,-0.735311
1.817305,1.449868,-0.737211
1.813505,1.443438,-0.73005
1.813797,1.437591,-0.743642
1.80912,1.43993,-0.745542
1.813505,1.439345,-0.747004
1.816428,1.444314,-0.737942
1.809705,1.438761,-0.744958
1.816136,1.43993,-0.748319
1.814674,1.434084,-0.731219
1.80912,1.438468,-0.729319
1.814674,1.433499,-0.746711
1.816428,1.445192,-0.74145
1.821982,1.438468,-0.739988
1.818766,1.446068,-0.747588
1.82169,1.433499,-0.738088
1.814089,1.437884,-0.754604
1.815843,1.443438,-0.743204
1.818766,1.434376,-0.750219
1.815551,1.439638,-0.742619
1.814966,1.441099,-0.735457
1.819351,1.434376,-0.742911
1.813505,1.438468,-0.735896
1.816136,1.437007,-0.743788
1.811459,1.441684,-0.736773
1.814966,1.444607,-0.731073
1.81292,1.442853,-0.739258
1.814382,1.441391,-0.746419
1.814382,1.439638,-0.737211
1.814382,1.441976,-0.736773
1.81292,1.444607,-0.737796
1.817889,1.443145,-0.734873
1.807074,1.435253,-0.743935
1.810582,1.444022,-0.746127
1.80912,1.439638,-0.731657
1.812628,1.442268,-0.728296
1.813213,1.438468,-0.734873
1.82052,1.442853,-0.738527
1.815551,1.440514,-0.747296
1.817889,1.445776,-0.738527
1.812043,1.44373,-0.749342
1.815259,1.441099,-0.73195
1.81292,1.438468,-0.736627
1.811459,1.442561,-0.734581
1.814089,1.437884,-0.743642
1.81292,1.447238,-0.743642
1.808243,1.437591,-0.745542
1.819059,1.439638,-0.742034
1.804735,1.43993,-0.74525
1.806489,1.443438,-0.731073
1.81292,1.442853,-0.739842
1.80912,1.433207,-0.742327
1.811751,1.435545,-0.746127
1.81292,1.437299,-0.731511
1.806782,1.434668,-0.739258
1.803859,1.431745,-0.731365
1.810289,1.433791,-0.749196
1.806489,1.437007,-0.737065
1.80912,1.436422,-0.738088
1.814966,1.437299,-0.736773
1.810289,1.437299,-0.746858
1.815551,1.438176,-0.743496
1.811751,1.437884,-0.751242
1.812336,1.437007,-0.746127
1.81672,1.441391,-0.75095
1.818766,1.434376,-0.727857
1.808535,1.436422,-0.738088
1.81292,1.435838,-0.733119
1.817597,1.433499,-0.738673
1.807659,1.433499,-0.743204
1.818182,1.433791,-0.739696
1.80912,1.43496,-0.733704
1.817013,1.434668,-0.729611
1.814089,1.43613,-0.732242
1.814966,1.435838,-0.747735
1.810582,1.430576,-0.740573
1.810582,1.435545,-0.745688
1.813797,1.43496,-0.746273
1.812628,1.433499,-0.742327
1.811166,1.434668,-0.752704
1.809997,1.43233,-0.744665
1.808243,1.437007,-0.740719
1.812043,1.435253,-0.752412
1.818182,1.433791,-0.737796
1.803859,1.429991,-0.745688
1.808828,1.435838,-0.748027
1.811459,1.437299,-0.742619
1.814382,1.432914,-0.73268
1.815843,1.434376,-0.74905
1.814966,1.433207,-0.743788
1.816428,1.43233,-0.732534
1.812628,1.432914,-0.730927
1.812628,1.436714,-0.743496
1.808243,1.433791,-0.742619
1.812043,1.434084,-0.745542
1.810874,1.438468,-0.731804
1.818766,1.438176,-0.739404
1.814674,1.42853,-0.779304
1.811459,1.437007,-0.738673
1.812628,1.434668,-0.730342
1.817889,1.435253,-0.746711
1.818766,1.443145,-0.752119
1.819059,1.434668,-0.740865
1.815259,1.441099,-0.73005
1.811751,1.433207,-0.743058
1.815551,1.432622,-0.745542
1.817305,1.441099,-0.729611
1.817889,1.435838,-0.734873
1.80912,1.437007,-0.735604
1.82052,1.433791,-0.734434
1.810874,1.439053,-0.739988
1.819351,1.43993,-0.746858
1.817013,1.434084,-0.736627
1.815259,1.441976,-0.746711
1.816428,1.441684,-0.734288
1.808243,1.44373,-0.739111
1.810582,1.441976,-0.735604
1.813505,1.439345,-0.73955
1.810874,1.440807,-0.734873
1.811459,1.439638,-0.740865
1.816428,1.437299,-0.747588
1.813213,1.440222,-0.738088
1.81672,1.435838,-0.740427
1.811751,1.440222,-0.736919
1.804151,1.441391,-0.744081
1.811166,1.43613,-0.73955
1.807074,1.439053,-0.738527
1.814674,1.434084,-0.744958
1.807951,1.434084,-0.736773
1.808535,1.437591,-0.739696
1.80912,1.441391,-0.736188
1.804443,1.439638,-0.740865
1.814674,1.440514,-0.743935
1.811459,1.441099,-0.74715
1.813213,1.443438,-0.733119
1.813213,1.439638,-0.736627
1.816428,1.436422,-0.748027
1.81672,1.444314,-0.729027
1.807074,1.43496,-0.72888
1.814382,1.438468,-0.740427
1.812336,1.437299,-0.738965
1.811459,1.441391,-0.74335
1.807659,1.448407,-0.742034
1.802397,1.458638,-0.761766
1.788366,1.48173,-0.792458
1.779889,1.502485,-0.786466
1.771704,1.51827,-0.855305
1.765566,1.51827,-0.873867
1.760012,1.492254,-0.902368
1.772289,1.463607,-0.896814
1.786027,1.428237,-0.901637
1.789828,1.401345,-0.888044
1.807951,1.371236,-0.875037
1.824028,1.334113,-0.869044
1.835136,1.311897,-0.843028
1.846536,1.294358,-0.850482
1.850336,1.284712,-0.828997
1.852675,1.279158,-0.821836
1.859982,1.259866,-0.819497
1.861736,1.254604,-0.80912
1.863198,1.24525,-0.800789
1.87109,1.240573,-0.796258
1.871383,1.230342,-0.798889
1.876352,1.232096,-0.797574
1.864075,1.228588,-0.792751
1.871967,1.227419,-0.783251
1.873137,1.221573,-0.785004
1.869336,1.219234,-0.782666
1.884244,1.207834,-0.773604
1.877813,1.212219,-0.770973
1.87606,1.215434,-0.77185
1.880737,1.215142,-0.779304
1.882783,1.212511,-0.770681
1.881321,1.212511,-0.777112
1.888044,1.207249,-0.776527
1.875475,1.209003,-0.76995
1.87986,1.207834,-0.777843
1.883367,1.211342,-0.766443
1.886583,1.204911,-0.779889
1.882198,1.208126,-0.775358
1.88366,1.207834,-0.770389
1.889214,1.215142,-0.77185
1.888044,1.201403,-0.764835
1.887752,1.201988,-0.774335
1.884537,1.209003,-0.77565
1.885414,1.209588,-0.757527
1.888044,1.211342,-0.775066
1.888337,1.206372,-0.77185
1.882783,1.207542,-0.773604
1.883952,1.205203,-0.767758
1.884537,1.204911,-0.759135
1.88366,1.208126,-0.772289
1.887167,1.204034,-0.779597
1.889214,1.209588,-0.76995
1.883952,1.20608,-0.769512
1.879567,1.207542,-0.775358
1.890383,1.209296,-0.765858
1.883075,1.209003,-0.765858
1.885998,1.214265,-0.768927
1.883075,1.210172,-0.766735
1.879567,1.211926,-0.786758
1.878106,1.208711,-0.761181
1.881029,1.205788,-0.769804
1.889506,1.209296,-0.784712
1.887167,1.208419,-0.779158
1.888337,1.204619,-0.770827
1.885121,1.215434,-0.774627
1.88746,1.206957,-0.778281
1.878983,1.210465,-0.773166
1.888337,1.206665,-0.779158
1.888337,1.213096,-0.77185
1.884244,1.212219,-0.786904
1.890968,1.209588,-0.773604
1.887167,1.206372,-0.768196
1.890091,1.202572,-0.781204
1.888337,1.205203,-0.770827
1.890968,1.207834,-0.77302
1.883367,1.206957,-0.761035
1.884537,1.203449,-0.77375
1.887752,1.215726,-0.767027
1.882198,1.209296,-0.769073
1.885414,1.205788,-0.776527
1.886875,1.211634,-0.76615
1.893306,1.210172,-0.776089
1.887167,1.207249,-0.77872
1.887752,1.206665,-0.77755
1.897983,1.212511,-0.77945
1.881614,1.210172,-0.772435
1.882783,1.205788,-0.770827
1.883952,1.209588,-0.776089
1.893891,1.213973,-0.782227
1.886583,1.212219,-0.772143
1.884829,1.209296,-0.769073
1.885414,1.208419,-0.770827
1.884829,1.204619,-0.777112
1.881321,1.20988,-0.772873
1.88746,1.204326,-0.771996
1.892429,1.213096,-0.77375
1.891552,1.207249,-0.77682
1.884244,1.207834,-0.77492
1.882783,1.211342,-0.769804
1.885414,1.211634,-0.76805
1.884829,1.207834,-0.766735
1.89126,1.207542,-0.780327
1.892137,1.207249,-0.774481
1.890968,1.208711,-0.78822
1.890675,1.210172,-0.778427
1.892721,1.215142,-0.765127
1.886291,1.205203,-0.782081
1.888337,1.20988,-0.789535
1.896814,1.211634,-0.776673
1.894183,1.211634,-0.775066
1.885706,1.204911,-0.769658
1.886291,1.21368,-0.771704
1.892429,1.209003,-0.764543
1.885998,1.212803,-0.777404
1.888044,1.210465,-0.772289
1.892721,1.216019,-0.769073
1.888337,1.205788,-0.774773
1.884244,1.217773,-0.775943
1.890383,1.203449,-0.772289
1.885706,1.210172,-0.777843
1.893014,1.204619,-0.777404
1.884829,1.215726,-0.789681
1.886875,1.210757,-0.777404
1.889506,1.212803,-0.784712
1.884244,1.213388,-0.775358
1.889214,1.215434,-0.778574
1.884537,1.212803,-0.783251
1.878983,1.211342,-0.776527
1.886875,1.206665,-0.77872
1.886291,1.215434,-0.772289
1.89126,1.210757,-0.782666
1.883952,1.209588,-0.775943
1.889214,1.205203,-0.779304
1.88366,1.211049,-0.774773
1.886291,1.210465,-0.774627
1.88746,1.217188,-0.776089
1.886583,1.20988,-0.770535
1.880444,1.210172,-0.772873
1.888044,1.209296,-0.780474
1.888044,1.205788,-0.771704
1.889798,1.207542,-0.77185
1.886875,1.208419,-0.772581
1.878983,1.209003,-0.759719
1.884244,1.213096,-0.78252
1.892721,1.209588,-0.76235
1.887752,1.217188,-0.772581
1.889798,1.211926,-0.779304
1.881906,1.204911,-0.779743
1.880737,1.205495,-0.765419
1.882783,1.208711,-0.777989
1.884244,1.207249,-0.771704
1.88746,1.215142,-0.784858
1.883367,1.215142,-0.775358
1.892137,1.207249,-0.77302
1.893598,1.213388,-0.775504
1.890675,1.213096,-0.767466
1.880737,1.213973,-0.769366
1.882491,1.206372,-0.764689
1.888044,1.212803,-0.762643
1.880152,1.203449,-0.770535
1.886583,1.214265,-0.781497
1.888337,1.209588,-0.777258
1.887752,1.206957,-0.771558
1.887752,1.210172,-0.769658
1.883952,1.210465,-0.781058
1.88366,1.212803,-0.768927
1.882783,1.211342,-0.766589
1.882783,1.207542,-0.775358
1.890091,1.216311,-0.76805
1.884829,1.213388,-0.778574
1.881614,1.212511,-0.770096
1.888337,1.215142,-0.780912
1.880737,1.211049,-0.777989
1.886875,1.210757,-0.768781
1.880444,1.222157,-0.770827
1.883952,1.215434,-0.767173
1.891845,1.214849,-0.77185
1.888337,1.201695,-0.766881
1.885998,1.20988,-0.779304
1.881029,1.208711,-0.781935
1.886583,1.202865,-0.779012
1.879275,1.206372,-0.767758
1.880737,1.203449,-0.770973
1.888337,1.210172,-0.766589
1.879275,1.211926,-0.778135
1.883075,1.213096,-0.771704
1.876937,1.204911,-0.770827
1.87986,1.205495,-0.762643
1.882198,1.212511,-0.77375
1.887167,1.209296,-0.774481
1.884829,1.214849,-0.763812
1.885998,1.209296,-0.775504
1.883075,1.203449,-0.772873
1.882783,1.207249,-0.77112
1.886583,1.210465,-0.772873
1.88366,1.207834,-0.76805
1.885706,1.208419,-0.768635
1.874306,1.20608,-0.774043
1.882198,1.220403,-0.788512
1.862321,1.245542,-0.806343
1.853844,1.280327,-0.841128
1.823151,1.340544,-0.858667
1.795966,1.384098,-0.887168
1.786612,1.43993,-0.884683
1.768781,1.472376,-0.891406
1.768489,1.487577,-0.885706
1.763227,1.513592,-0.880737
1.763519,1.520023,-0.860567
1.772873,1.519439,-0.838498
1.77375,1.512423,-0.828413
1.780181,1.502485,-0.811166
1.78135,1.500731,-0.795089
1.779597,1.495469,-0.799474
1.784274,1.481146,-0.787343
1.796551,1.4829,-0.778135
1.78632,1.476469,-0.780327
1.795966,1.4715,-0.776381
1.793335,1.468576,-0.761912
1.800058,1.467992,-0.763812
1.795381,1.467992,-0.750073
1.800058,1.462146,-0.745542
1.803274,1.459222,-0.752265
1.805612,1.453376,-0.742619
1.810874,1.452792,-0.746711
1.804151,1.447822,-0.750365
1.80532,1.451622,-0.735604
1.810582,1.450453,-0.744665
1.804735,1.448699,-0.737504
1.81292,1.444899,-0.742181
1.802397,1.443438,-0.748904
1.805905,1.445192,-0.740427
1.812628,1.442561,-0.742911
1.803274,1.444022,-0.73078
1.805905,1.438176,-0.740427
1.82052,1.437591,-0.735165
1.813797,1.437591,-0.737942
1.809997,1.43993,-0.73955
1.812336,1.441099,-0.726396
1.813213,1.434376,-0.74525
1.80912,1.44373,-0.736773
1.804735,1.442268,-0.747004
1.805028,1.438468,-0.738527
1.811166,1.440514,-0.734288
1.813213,1.444022,-0.740134
1.807659,1.444607,-0.74715
1.811751,1.439345,-0.733119
1.811751,1.439345,-0.735311
1.810582,1.444899,-0.737504
1.814966,1.438761,-0.740427
1.809412,1.445192,-0.731657
1.809997,1.446945,-0.734727
1.811166,1.444899,-0.737065
1.799182,1.442561,-0.744519
1.805028,1.445776,-0.735457
1.811751,1.446068,-0.733265
1.805028,1.436422,-0.728004
1.809412,1.43993,-0.738673
1.810289,1.444314,-0.738381
1.819936,1.441684,-0.729027
1.810582,1.444899,-0.732096
1.809412,1.441976,-0.72698
1.811751,1.438761,-0.721134
1.80912,1.43613,-0.742181
1.806197,1.444607,-0.729027
1.816136,1.437007,-0.732973
1.804443,1.445192,-0.736481
1.812043,1.44373,-0.735165
1.814966,1.444022,-0.73575
1.813797,1.440514,-0.727419
1.812336,1.435545,-0.73385
1.808828,1.445484,-0.738819
1.80152,1.441391,-0.73765
1.81292,1.444022,-0.735896
1.814966,1.439638,-0.747442
1.818766,1.441099,-0.736334
1.805905,1.438761,-0.732534
1.812043,1.444314,-0.737942
1.808828,1.441391,-0.730634
1.814674,1.438468,-0.735165
1.809997,1.44373,-0.732973
1.812628,1.446361,-0.73268
1.817013,1.441099,-0.731219
1.817889,1.441684,-0.735896
1.810582,1.441684,-0.739404
1.813797,1.449284,-0.73268
1.810874,1.433499,-0.723034
1.813505,1.446068,-0.73575
1.805905,1.444607,-0.73955
1.814674,1.434668,-0.731657
1.813213,1.443438,-0.742181
1.809997,1.446068,-0.73385
1.810582,1.439345,-0.726834
1.813213,1.450453,-0.732534
1.802397,1.447238,-0.735457
1.815551,1.442561,-0.730634
1.810874,1.441976,-0.734142
1.812628,1.447822,-0.730196
1.813505,1.448992,-0.74145
1.807366,1.447822,-0.734288
1.811459,1.444022,-0.742911
1.807659,1.444607,-0.749488
1.80532,1.446361,-0.738527
1.807074,1.43993,-0.742181
1.807074,1.437591,-0.736042
1.805612,1.444899,-0.739258
1.80912,1.447822,-0.741158
1.813797,1.442561,-0.73765
1.811166,1.43993,-0.73385
1.812043,1.442853,-0.731804
1.808828,1.443438,-0.744373
1.811751,1.445192,-0.737065
1.807074,1.445484,-0.733996
1.807074,1.437591,-0.724934
1.813505,1.441684,-0.740719
1.808535,1.446361,-0.74525
1.811166,1.437007,-0.742181
1.806489,1.444022,-0.731804
1.813505,1.447822,-0.728296
1.804443,1.452207,-0.742911
1.80532,1.442561,-0.726688
1.815843,1.443438,-0.740865
1.814089,1.446068,-0.737504
1.81292,1.445776,-0.746419
1.805905,1.441684,-0.742765
1.817305,1.450161,-0.740719
1.814089,1.443145,-0.73765
1.811166,1.441976,-0.74335
1.797428,1.43993,-0.746858
1.807951,1.446653,-0.741011
1.810874,1.437299,-0.746711
1.807074,1.441976,-0.745104
1.808535,1.439053,-0.729319
1.810874,1.442561,-0.754604
1.804443,1.441391,-0.742034
1.808535,1.442268,-0.736481
1.814089,1.44373,-0.728588
1.799182,1.443438,-0.734727
1.806782,1.440514,-0.730927
1.818766,1.439638,-0.740865
1.813213,1.441391,-0.728296
1.811751,1.437299,-0.732827
1.810874,1.441099,-0.740573
1.809412,1.445776,-0.72888
1.805905,1.449868,-0.733557
1.807074,1.437884,-0.738819
1.811751,1.446361,-0.742181
1.813505,1.442561,-0.734288
1.817013,1.440514,-0.732973
1.810289,1.440807,-0.731365
1.807659,1.437299,-0.733411
1.810874,1.444022,-0.737357
1.812628,1.447238,-0.73385
1.814382,1.447822,-0.735896
1.812336,1.434376,-0.735457
1.807366,1.442561,-0.735311
1.812628,1.451038,-0.734142
1.805028,1.447238,-0.726834
1.807074,1.448992,-0.740281
1.809705,1.441391,-0.736188
1.807074,1.437591,-0.73765
1.806782,1.438761,-0.738673
1.819643,1.440514,-0.731804
1.82052,1.438468,-0.737357
1.814089,1.437007,-0.719673
1.811459,1.441391,-0.734288
1.817013,1.445484,-0.738527
1.817889,1.441684,-0.731511
1.818182,1.444314,-0.72815
1.817597,1.441391,-0.726103
1.817305,1.445484,-0.738527
1.81672,1.444022,-0.724203
1.808535,1.439345,-0.734288
1.808828,1.438761,-0.734434
1.814382,1.443438,-0.73195
1.810874,1.441391,-0.74525
1.81292,1.439053,-0.728588
1.811751,1.442268,-0.732827
1.812628,1.441684,-0.727711
1.806489,1.437299,-0.722742
1.806782,1.446068,-0.730634
1.814966,1.437884,-0.723034
1.807951,1.437299,-0.728734
1.806782,1.446945,-0.72698
1.811459,1.437299,-0.729173
1.809997,1.439053,-0.729027
1.808828,1.44373,-0.741158
1.815259,1.443145,-0.727857
1.816136,1.449284,-0.73385
1.812336,1.440807,-0.731365
1.811166,1.444607,-0.728734
1.810289,1.435545,-0.727857
1.806489,1.44373,-0.728442
1.815259,1.443438,-0.732827
1.806782,1.444899,-0.732534
1.816428,1.440514,-0.73575
1.819936,1.441391,-0.734581
1.814089,1.439638,-0.733996
1.814382,1.444899,-0.738965
1.818766,1.438468,-0.725373
1.81672,1.445776,-0.73385
1.811166,1.446653,-0.732388
1.811751,1.436422,-0.743788
1.813505,1.441099,-0.744665
1.814089,1.447822,-0.738819
1.816428,1.439345,-0.736481
1.813505,1.440222,-0.73575
1.810289,1.441099,-0.724642
1.816428,1.440514,-0.731804
1.815259,1.446068,-0.73385
1.817013,1.441391,-0.727857
1.807659,1.445192,-0.732388
1.816136,1.442561,-0.735457
1.815843,1.445192,-0.729027
1.814382,1.439638,-0.742327
1.806197,1.441684,-0.73268
1.812043,1.436422,-0.735019
1.807659,1.438761,-0.72888
1.807659,1.444314,-0.729319
1.808828,1.446361,-0.733996
1.815259,1.43993,-0.736334
1.820228,1.442561,-0.737504
1.817305,1.438761,-0.727565
1.814674,1.441684,-0.738819
1.80912,1.448992,-0.738088
1.814674,1.444314,-0.735604
1.805028,1.449868,-0.732242
1.813797,1.444314,-0.741158
1.814674,1.437299,-0.737065
1.809705,1.442268,-0.747004
1.809705,1.437299,-0.733265
1.816136,1.443438,-0.730488
1.806489,1.448407,-0.735165
1.81292,1.442268,-0.727565
1.809705,1.441976,-0.734581
1.806782,1.443145,-0.735896
1.810289,1.440514,-0.745104
1.815551,1.439345,-0.737796
1.812043,1.44373,-0.733704
1.817597,1.438468,-0.742327
1.817013,1.441684,-0.735896
1.818766,1.447822,-0.730927
1.82052,1.441099,-0.743935
1.813213,1.442853,-0.747296
1.803566,1.449868,-0.735604
1.810289,1.443145,-0.739988
1.805612,1.443145,-0.740281
1.812043,1.441976,-0.730488
1.80912,1.440222,-0.729319
1.812336,1.441391,-0.729027
1.809705,1.436422,-0.737942
1.805905,1.451915,-0.739258
1.811166,1.443438,-0.750073
1.811751,1.448407,-0.748758
1.805028,1.436422,-0.749635
1.816428,1.434376,-0.73385
1.80532,1.441391,-0.742473
1.804151,1.449576,-0.736334
1.803859,1.446653,-0.732827
1.808243,1.449284,-0.738088
1.812043,1.448115,-0.744958
1.809997,1.444022,-0.731073
1.809412,1.442853,-0.730196
1.807951,1.437884,-0.740281
1.810289,1.444022,-0.735457
1.808243,1.447238,-0.741158
1.810582,1.446653,-0.729757
1.818766,1.444607,-0.735165
1.811459,1.432037,-0.740427
1.811166,1.442268,-0.742911
1.807659,1.444899,-0.745981
1.810874,1.441099,-0.73195
1.814966,1.443438,-0.733119
1.812336,1.439345,-0.739258
1.813213,1.452499,-0.723911
1.815551,1.45133,-0.74145
1.811459,1.441976,-0.738234
1.817305,1.44753,-0.74335
1.806197,1.444899,-0.745688
1.812336,1.448407,-0.735604
1.811751,1.446361,-0.745688
1.812628,1.437591,-0.740573
1.813505,1.437884,-0.731219
1.809997,1.445484,-0.728588
1.815551,1.448115,-0.73195
1.814674,1.442268,-0.734288
1.815259,1.441391,-0.73575
1.814089,1.441684,-0.741011
1.816428,1.445776,-0.73195
1.814966,1.444607,-0.734434
1.818182,1.446945,-0.739111
1.807951,1.447822,-0.747296
1.817013,1.444607,-0.744958
1.807074,1.439053,-0.742619
1.815551,1.437007,-0.744519
1.806197,1.444607,-0.745542
1.81292,1.443438,-0.727857
1.807659,1.447822,-0.725227
1.814674,1.448699,-0.735457
1.810874,1.446945,-0.734288
1.810582,1.445192,-0.734434
1.813505,1.445776,-0.742034
1.82169,1.441391,-0.745981
1.814089,1.447238,-0.733119
1.823151,1.445776,-0.736188
1.812628,1.440222,-0.739404
1.820813,1.439053,-0.729904
1.815843,1.442268,-0.741596
1.813213,1.445776,-0.740281
1.814089,1.433207,-0.740573
1.812336,1.443145,-0.736188
1.809412,1.442853,-0.744081
1.808535,1.444899,-0.736188
1.809997,1.443145,-0.72888
1.818182,1.446068,-0.74335
1.813505,1.446068,-0.737796
1.808535,1.444607,-0.744958
1.815259,1.449284,-0.734288
1.802689,1.436714,-0.737504
1.807074,1.442853,-0.739111
1.813505,1.444607,-0.735165
1.80152,1.446068,-0.731365
1.810289,1.442268,-0.740281
1.814089,1.442268,-0.732388
1.814089,1.444314,-0.73078
1.819936,1.446653,-0.736481
1.817013,1.444607,-0.736042
1.808535,1.445484,-0.744373
1.806489,1.462146,-0.748904
1.793628,1.483777,-0.771266
1.779304,1.510377,-0.794066
1.780181,1.515054,-0.830897
1.766443,1.523531,-0.866852
1.771996,1.506577,-0.885414
1.767319,1.487869,-0.888921
1.775797,1.46273,-0.903683
1.784566,1.430284,-0.893598
1.802982,1.391698,-0.895498
1.819936,1.362175,-0.876644
1.823736,1.336744,-0.864952
1.836597,1.306343,-0.847413
1.845367,1.294066,-0.846244
1.848582,1.28442,-0.836305
1.852675,1.270973,-0.833382
1.853259,1.260158,-0.805174
1.856475,1.254312,-0.812336
1.861444,1.253435,-0.803274
1.870798,1.244373,-0.804297
1.87226,1.238819,-0.802105
1.874598,1.24145,-0.799474
1.866413,1.228004,-0.78822
1.872552,1.231511,-0.787781
1.87606,1.22888,-0.791435
1.871675,1.226542,-0.786027
1.868167,1.21865,-0.772143
1.877521,1.224496,-0.789097
1.874598,1.223327,-0.778427
1.88366,1.219234,-0.786612
1.879275,1.213973,-0.781204
1.877521,1.220696,-0.77302
1.873137,1.222157,-0.773458
1.879567,1.220403,-0.777989
1.875767,1.221865,-0.774335
1.872844,1.21748,-0.773166
1.877229,1.212803,-0.775358
1.879567,1.218065,-0.77302
1.881614,1.221573,-0.770096
1.87869,1.219526,-0.777258
1.885414,1.213096,-0.77185
1.880152,1.214849,-0.763812
1.879275,1.215726,-0.765419
1.878106,1.219234,-0.777258
1.881906,1.212511,-0.782227
1.877521,1.216896,-0.774773
1.882783,1.214849,-0.771266
1.880737,1.215434,-0.77872
1.87869,1.216019,-0.778281
1.876937,1.212511,-0.775212
1.883952,1.212803,-0.770535
1.888337,1.211049,-0.77565
1.878106,1.214849,-0.779012
1.887167,1.219526,-0.771558
1.880444,1.217188,-0.77375
1.881321,1.223911,-0.777989
1.879567,1.207834,-0.770389
1.876644,1.215726,-0.770973
1.882783,1.207834,-0.775212
1.884537,1.212803,-0.768781
1.878398,1.216311,-0.772143
1.880737,1.222157,-0.766735
1.883367,1.224203,-0.773166
1.882491,1.219819,-0.772581
1.888044,1.214849,-0.775358
1.886291,1.216896,-0.77185
1.881029,1.21748,-0.768489
1.887167,1.217188,-0.767027
1.880737,1.211342,-0.767466
1.886291,1.209588,-0.768927
1.884537,1.216311,-0.770243
1.885121,1.207834,-0.777697
1.879275,1.214265,-0.77492
1.87869,1.209296,-0.762496
1.883952,1.217188,-0.777697
1.882491,1.215726,-0.755189
1.888921,1.211634,-0.763081
1.879275,1.208419,-0.772727
1.881029,1.210172,-0.773604
1.885414,1.215142,-0.759427
1.882783,1.209003,-0.768343
1.885998,1.214557,-0.764104
1.888044,1.215726,-0.771704
1.884829,1.211926,-0.77565
1.880152,1.212219,-0.775504
1.876644,1.210757,-0.77682
1.886875,1.211049,-0.770535
1.880444,1.210465,-0.77945
1.889506,1.209296,-0.775358
1.886291,1.21748,-0.783104
1.884244,1.215726,-0.774335
1.885121,1.213973,-0.775358
1.88366,1.223327,-0.778135
1.889798,1.21748,-0.775066
1.881614,1.209588,-0.773604
1.886291,1.212219,-0.769512
1.885414,1.218942,-0.770096
1.876644,1.219526,-0.779012
1.882491,1.216019,-0.773458
1.885414,1.223911,-0.768927
1.881906,1.212511,-0.764396
1.88366,1.21865,-0.777697
1.881321,1.216019,-0.780912
1.883952,1.215726,-0.76615
1.890383,1.217773,-0.778135
1.888337,1.214849,-0.775358
1.888921,1.218942,-0.771996
1.881029,1.209588,-0.774335
1.87986,1.214849,-0.770535
1.881029,1.212803,-0.761619
1.884829,1.214557,-0.773458
1.87986,1.211926,-0.775212
1.889506,1.212803,-0.762789
1.883952,1.217773,-0.774627
1.885121,1.214849,-0.771266
1.882198,1.215142,-0.772873
1.887167,1.212219,-0.777404
1.884829,1.211049,-0.772727
1.889798,1.21368,-0.774481
1.877521,1.217188,-0.76045
1.885414,1.21865,-0.770389
1.886583,1.215726,-0.772581
1.878106,1.21368,-0.767173
1.876644,1.213973,-0.772289
1.88366,1.205788,-0.767758
1.876644,1.207834,-0.770681
1.883367,1.211634,-0.776089
1.885998,1.210757,-0.775943
1.893891,1.216019,-0.769512
1.88746,1.210757,-0.768489
1.882783,1.211634,-0.766443
1.884244,1.216019,-0.765712
1.889798,1.220988,-0.767612
1.881614,1.211926,-0.775358
1.875475,1.205788,-0.765566
1.884244,1.210757,-0.760889
1.884537,1.215142,-0.760596
1.886291,1.210757,-0.772435
1.887167,1.213388,-0.764981
1.88366,1.210757,-0.763958
1.880737,1.216019,-0.769804
1.872844,1.208419,-0.770827
1.882783,1.204911,-0.774481
1.882783,1.212511,-0.768489
1.880737,1.206665,-0.764543
1.881029,1.20608,-0.767758
1.880152,1.208711,-0.772727
1.87986,1.200526,-0.766443
1.883075,1.207834,-0.774043
1.876937,1.213388,-0.768927
1.886291,1.206957,-0.78252
1.883367,1.212803,-0.770243
1.889506,1.216603,-0.775358
1.885998,1.219234,-0.77492
1.885706,1.209588,-0.773166
1.889506,1.204326,-0.771412
1.885706,1.208126,-0.760742
1.888337,1.212803,-0.769073
1.886875,1.204034,-0.773312
1.884244,1.214557,-0.770096
1.888629,1.214265,-0.76732
1.883952,1.210172,-0.77682
1.888044,1.211634,-0.772873
1.890675,1.211634,-0.787928
1.880444,1.211049,-0.780912
1.881906,1.208419,-0.772581
1.893598,1.208126,-0.779597
1.890091,1.212803,-0.764689
1.886291,1.216896,-0.775066
1.891845,1.219526,-0.774627
1.889214,1.213096,-0.770389
1.885414,1.213096,-0.773897
1.891845,1.206665,-0.773897
1.888044,1.220111,-0.775504
1.883952,1.210465,-0.776381
1.890968,1.211634,-0.773604
1.890383,1.212219,-0.762496
1.888337,1.210465,-0.767173
1.886291,1.21368,-0.77682
1.89886,1.216896,-0.787928
1.893014,1.207542,-0.776235
1.887167,1.213973,-0.781204
1.892137,1.208419,-0.779158
1.890968,1.212511,-0.771266
1.885414,1.207249,-0.784858
1.888629,1.211342,-0.788804
1.887167,1.206372,-0.779304
1.887167,1.209588,-0.780181
1.887167,1.218942,-0.77375
1.889798,1.210172,-0.774189
1.892137,1.20988,-0.780327
1.891552,1.209296,-0.768343
1.883075,1.207542,-0.767904
1.883367,1.207542,-0.767612
1.890968,1.214557,-0.772727
1.880737,1.207834,-0.765858
1.880152,1.215434,-0.77755
1.88366,1.210757,-0.782081
1.885998,1.212803,-0.774335
1.890091,1.205788,-0.764689
1.884537,1.212219,-0.774189
1.885414,1.218065,-0.773166
1.879567,1.209588,-0.774773
1.888921,1.217773,-0.76995
1.886291,1.211342,-0.782666
1.882491,1.213388,-0.771266
1.879567,1.208711,-0.768927
1.889798,1.214849,-0.772727
1.893014,1.218942,-0.77185
1.885121,1.211926,-0.775504
1.886291,1.209003,-0.773458
1.884537,1.205495,-0.78252
1.892721,1.205788,-0.770389
1.890091,1.211049,-0.780474
1.900029,1.209588,-0.769658
1.892137,1.217773,-0.767612
1.892137,1.219819,-0.779158
1.887167,1.218065,-0.765566
1.886875,1.211634,-0.774481
1.890091,1.209588,-0.773166
1.885414,1.210172,-0.770389
1.884829,1.207249,-0.768489
1.887752,1.210757,-0.768781
1.890383,1.210172,-0.76922
1.884537,1.207542,-0.772581
1.890091,1.21368,-0.77185
1.888337,1.203157,-0.782812
1.889506,1.20608,-0.773604
1.892137,1.210465,-0.779158
1.890091,1.213096,-0.766735
1.890968,1.208419,-0.781643
1.88746,1.209003,-0.769658
1.894768,1.213096,-0.775797
1.885706,1.208419,-0.777843
1.886583,1.209003,-0.77185
1.892429,1.213096,-0.773312
1.894475,1.211342,-0.774189
1.887752,1.207249,-0.771996
1.885706,1.219819,-0.769804
1.89506,1.213388,-0.774335
1.883367,1.209296,-0.778866
1.893014,1.213096,-0.76045
1.891845,1.206957,-0.777112
1.884829,1.210172,-0.771266
1.885706,1.206957,-0.768927
1.888337,1.20988,-0.771412
1.89886,1.213388,-0.779158
1.897106,1.211342,-0.767466
1.891552,1.215142,-0.766296
1.884244,1.211634,-0.775066
1.884537,1.214849,-0.772289
1.886875,1.210172,-0.775504
1.890383,1.209588,-0.764689
1.884829,1.211342,-0.776966
1.887167,1.208711,-0.770827
1.885998,1.216603,-0.76615
1.885998,1.210757,-0.775066
1.886291,1.209296,-0.783104
1.883367,1.206665,-0.777697
1.880444,1.215434,-0.773604
1.886291,1.213973,-0.772873
1.874013,1.206957,-0.776235
1.886291,1.213973,-0.768781
1.888044,1.213973,-0.770681
1.886875,1.215726,-0.774627
1.887752,1.217188,-0.778427
1.88746,1.213973,-0.771996
1.890091,1.213973,-0.769366
1.887167,1.210465,-0.770096
1.890383,1.213388,-0.773166
1.884244,1.206372,-0.779304
1.887167,1.21368,-0.773312
1.879275,1.211342,-0.770681
1.888921,1.208419,-0.772289
1.886875,1.210172,-0.77302
1.885121,1.212803,-0.769073
1.88366,1.206665,-0.782374
1.876937,1.204326,-0.794066
1.883367,1.212803,-0.777404
1.891552,1.208711,-0.782227
1.882491,1.214849,-0.761035
1.880152,1.208126,-0.771266
1.884829,1.20608,-0.77302
1.882491,1.204326,-0.76235
1.885998,1.211049,-0.773604
1.886291,1.20988,-0.76805
1.881614,1.214265,-0.767027
1.883367,1.210172,-0.772727
1.883367,1.205203,-0.775504
1.882198,1.215434,-0.769512
1.892429,1.211634,-0.773897
1.880152,1.213096,-0.767466
1.887167,1.20228,-0.776966
1.886875,1.21368,-0.774043
1.878983,1.212803,-0.781643
1.885706,1.202865,-0.764981
1.885998,1.215142,-0.77185
1.87986,1.201988,-0.77375
1.890091,1.204619,-0.777989
1.882491,1.208419,-0.774043
1.888629,1.204911,-0.775066
1.883075,1.214849,-0.777843
1.883367,1.206957,-0.76995
1.890383,1.209296,-0.781058
1.885414,1.204034,-0.793043
1.885121,1.209588,-0.778866
1.876937,1.209296,-0.77375
1.889506,1.208126,-0.774627
1.890968,1.209588,-0.761766
1.888044,1.210172,-0.774043
1.889798,1.216311,-0.769512
1.877229,1.209003,-0.768489
1.882783,1.205788,-0.776966
1.883952,1.212803,-0.775358
1.889798,1.208419,-0.765273
1.889798,1.211049,-0.770243
1.887167,1.204034,-0.769804
1.890383,1.213096,-0.771996
1.883952,1.209588,-0.782374
1.890968,1.212219,-0.764543
1.892429,1.209588,-0.770389
1.894768,1.213973,-0.76425
1.883952,1.20988,-0.777843
1.888044,1.210172,-0.768927
1.888921,1.203449,-0.775504
1.88746,1.206957,-0.767904
1.88746,1.210172,-0.772873
1.889506,1.213973,-0.776966
1.888337,1.209588,-0.77492
1.885998,1.212219,-0.774481
1.886583,1.212219,-0.771412
1.887752,1.206665,-0.776089
1.885121,1.207249,-0.769658
1.887167,1.20608,-0.768781
1.884829,1.211634,-0.78062
1.888629,1.20608,-0.771996
1.89126,1.20608,-0.77682
1.886875,1.211926,-0.769804
1.882491,1.212511,-0.772581
1.884244,1.208711,-0.76732
1.888337,1.204911,-0.771704
1.885121,1.211049,-0.781204
1.891845,1.208126,-0.778866
1.888921,1.219234,-0.77302
1.880737,1.206372,-0.775943
1.884829,1.210172,-0.768343
1.885706,1.212511,-0.777843
1.890383,1.210465,-0.771558
1.886291,1.208711,-0.784127
1.894183,1.205203,-0.76922
1.885998,1.213096,-0.777843
1.884537,1.215142,-0.775212
1.887752,1.211049,-0.782666
1.882783,1.211926,-0.776381
1.884829,1.211634,-0.776235
1.888044,1.213973,-0.769658
1.883952,1.208711,-0.77492
1.886583,1.21748,-0.771704
1.88746,1.214557,-0.780181
1.885121,1.211342,-0.782081
1.890383,1.202572,-0.77565
1.886291,1.216896,-0.778135
1.88746,1.208126,-0.773897
1.879567,1.213973,-0.767612
1.890968,1.213096,-0.777989
1.89126,1.21865,-0.77565
1.885414,1.21865,-0.775504
1.888044,1.211634,-0.762789
1.88366,1.211049,-0.779743
1.883075,1.216896,-0.771266
1.885706,1.212219,-0.768343
1.883367,1.211634,-0.767758
1.887752,1.211926,-0.772143
1.884537,1.21368,-0.770243
1.886291,1.211049,-0.760742
1.883075,1.21368,-0.763227
1.882491,1.208711,-0.776089
1.879567,1.214557,-0.775066
1.883952,1.210465,-0.774773
1.888921,1.210757,-0.772435
1.884537,1.207542,-0.775797
1.889798,1.212219,-0.779889
1.878983,1.214557,-0.773604
1.89126,1.213973,-0.771558
1.88746,1.214849,-0.770535
1.886875,1.203449,-0.759573
1.889506,1.20988,-0.767027
1.888921,1.213973,-0.77302
1.895352,1.208126,-0.776527
1.894475,1.209588,-0.763958
1.888044,1.218942,-0.761619
1.886875,1.207542,-0.76922
1.890091,1.214849,-0.775066
1.88366,1.211926,-0.770535
1.887167,1.212803,-0.775212
1.888921,1.220111,-0.77492
1.884829,1.214557,-0.773897
1.886875,1.215142,-0.768489
1.887752,1.21865,-0.765419
1.889214,1.211342,-0.772435
1.894183,1.210465,-0.775943
1.891845,1.214849,-0.785589
1.890968,1.220988,-0.777112
1.890675,1.214265,-0.76995
1.897106,1.208419,-0.769366
1.891845,1.206957,-0.776381
1.885414,1.210465,-0.770389
1.885121,1.209003,-0.76922
1.888044,1.210172,-0.768343
1.88366,1.215142,-0.777989
1.883367,1.212511,-0.770973
1.884829,1.215434,-0.762204
1.88746,1.223034,-0.769658
1.89126,1.215726,-0.77375
1.88746,1.212219,-0.76732
1.882198,1.210172,-0.771266
1.889798,1.218942,-0.77682
1.880152,1.216311,-0.77755
1.884244,1.21748,-0.776089
1.890968,1.22128,-0.774335
1.885998,1.214849,-0.770681
1.89126,1.21748,-0.76805
1.885414,1.22128,-0.770681
1.891845,1.21748,-0.766881
1.885414,1.213973,-0.76615
1.882491,1.21865,-0.761473
1.889506,1.211926,-0.771266
1.893598,1.216019,-0.77302
1.883952,1.212803,-0.770827
1.888337,1.212219,-0.771704
1.881906,1.208711,-0.765712
1.881906,1.210757,-0.774773
1.886291,1.206665,-0.777112
1.893014,1.20988,-0.766296
1.888921,1.216019,-0.786027
1.881029,1.212511,-0.778574
1.880152,1.212803,-0.77945
1.886291,1.212511,-0.77492
1.887752,1.214849,-0.780912
1.890675,1.213388,-0.768635
1.886875,1.215142,-0.765566
1.88746,1.209296,-0.785443
1.889798,1.213388,-0.765127
1.890383,1.209588,-0.770535
1.887167,1.215142,-0.772435
1.892721,1.210465,-0.774773
1.890383,1.212511,-0.774335
1.885998,1.213973,-0.77492
1.888921,1.20228,-0.787051
1.887752,1.205788,-0.776089
1.888044,1.209296,-0.759135
1.886875,1.206665,-0.771558
1.886875,1.213388,-0.765712
1.883952,1.216896,-0.760889
1.888044,1.208126,-0.783251
1.88366,1.214849,-0.771704
1.889214,1.216896,-0.772435
1.889798,1.211634,-0.764689
1.881321,1.21368,-0.771558
1.877813,1.21865,-0.781058
1.880152,1.212803,-0.76922
1.888629,1.215142,-0.77872
1.89126,1.215434,-0.775504
1.882198,1.208126,-0.762789
1.88366,1.205788,-0.771266
1.884829,1.20988,-0.763227
1.886583,1.214557,-0.77185
1.889214,1.203742,-0.772435
1.885706,1.20988,-0.757527
1.88746,1.209588,-0.768781
1.89126,1.211049,-0.77375
1.882198,1.211342,-0.77492
1.888337,1.210757,-0.763373
1.881321,1.207249,-0.774043
1.882783,1.210172,-0.772727
1.892721,1.206372,-0.772727
1.892429,1.205203,-0.775797
1.888044,1.205203,-0.775358
1.880444,1.212803,-0.771704
1.886583,1.204911,-0.775504
1.885706,1.205203,-0.772289
1.884829,1.212803,-0.775358
1.881321,1.215142,-0.777404
1.886875,1.211342,-0.770535
1.883367,1.22128,-0.772873
1.884537,1.207834,-0.778281
1.886583,1.21865,-0.780912
1.888337,1.208711,-0.781643
1.886875,1.21865,-0.774627
1.888629,1.214265,-0.775797
1.884537,1.200818,-0.779304
1.880444,1.208126,-0.775066
1.886291,1.211634,-0.78252
1.882783,1.214557,-0.772727
1.884537,1.211926,-0.772873
1.876937,1.210465,-0.771558
1.883075,1.215434,-0.76732
1.883367,1.210172,-0.779743
1.881614,1.21865,-0.774335
1.88366,1.212219,-0.774481
1.879567,1.215142,-0.783104
1.886583,1.21368,-0.773604
1.889798,1.20988,-0.777843
1.884244,1.212511,-0.79012
1.890091,1.213973,-0.776673
1.886875,1.21368,-0.779743
1.881321,1.210172,-0.773312
1.885998,1.205495,-0.76922
1.877813,1.20988,-0.776235
1.877813,1.211342,-0.774481
1.87986,1.209003,-0.76995
1.884244,1.208711,-0.772727
1.882198,1.210172,-0.770243
1.88746,1.207542,-0.77302
1.889506,1.204911,-0.78822
1.880737,1.207542,-0.77682
1.884829,1.201988,-0.771996
1.885706,1.210757,-0.774189
1.887167,1.206372,-0.782666
1.88746,1.208419,-0.77872
1.900029,1.209296,-0.785589
1.892721,1.210172,-0.783397
1.89126,1.211049,-0.775066
1.877813,1.211926,-0.778574
1.888337,1.218942,-0.782812
1.884829,1.213388,-0.772581
1.884537,1.225957,-0.783251
1.873429,1.244665,-0.806051
1.85589,1.267466,-0.824613
1.835136,1.308974,-0.86159
1.817013,1.365683,-0.874452
1.788366,1.419468,-0.898129
1.783104,1.463022,-0.898129
1.77375,1.495177,-0.887898
1.767319,1.512131,-0.89126
1.768781,1.5209,-0.880298
1.760596,1.528208,-0.851944
1.771704,1.522362,-0.843321
1.773458,1.511254,-0.82359
1.776966,1.507454,-0.818182
1.773458,1.504823,-0.807805
1.791289,1.494884,-0.793335
1.796258,1.492838,-0.782081
1.795966,1.488161,-0.776966
1.792458,1.476469,-0.772143
1.802397,1.4753,-0.76732
1.796551,1.472084,-0.763227
1.803274,1.471792,-0.759573
1.811459,1.465946,-0.755189
1.800058,1.460976,-0.762204
1.804443,1.46653,-0.750804
1.804443,1.461269,-0.758258
1.805028,1.465361,-0.754019
1.807366,1.462146,-0.748173
1.808243,1.455715,-0.747004
1.814966,1.457469,-0.750804
1.808243,1.449576,-0.74715
1.813213,1.445484,-0.73575
1.815259,1.444607,-0.732388
1.815551,1.452207,-0.74145
1.815551,1.443438,-0.715434
1.811166,1.445484,-0.734288
1.810874,1.442268,-0.744811
1.810289,1.446945,-0.746127
1.812043,1.445776,-0.74525
1.814382,1.446653,-0.747296
1.808828,1.44373,-0.739404
1.812043,1.441099,-0.746273
1.812336,1.444314,-0.73195
1.816428,1.451622,-0.736481
1.808535,1.443438,-0.741011
1.82432,1.438761,-0.738381
1.81292,1.43993,-0.743642
1.813505,1.444607,-0.729027
1.810874,1.44373,-0.72318
1.813797,1.446653,-0.73955
1.812336,1.448992,-0.740427
1.813505,1.440807,-0.744373
1.815259,1.451038,-0.736481
1.821397,1.446068,-0.727565
1.815259,1.445776,-0.736773
1.814382,1.445776,-0.737357
1.81292,1.444899,-0.723765
1.821105,1.444607,-0.732388
1.815843,1.43993,-0.746127
1.817597,1.435838,-0.740427
1.811751,1.441976,-0.749196
1.814966,1.440807,-0.736042
1.821105,1.446361,-0.737504
1.821105,1.446361,-0.741304
1.821982,1.453668,-0.750804
1.822274,1.450453,-0.755481
1.812336,1.450161,-0.742619
1.819351,1.449284,-0.729027
1.829874,1.452207,-0.729904
1.821105,1.44753,-0.741304
1.816428,1.437884,-0.752412
1.822859,1.448407,-0.737796
1.817013,1.451038,-0.744958
1.815259,1.442561,-0.741596
1.814089,1.44373,-0.74905
1.819936,1.43993,-0.741304
1.813505,1.440222,-0.747588
1.812628,1.442853,-0.742327
1.812336,1.438468,-0.748027
1.81292,1.445484,-0.739988
1.812336,1.443438,-0.737942
1.809997,1.448699,-0.744665
1.820813,1.443438,-0.740865
1.821105,1.441976,-0.744958
1.82052,1.439345,-0.740281
1.811751,1.449284,-0.742181
1.811459,1.446361,-0.74145
1.810289,1.441391,-0.742911
1.820813,1.43993,-0.738819
1.819936,1.445776,-0.740281
1.81672,1.441099,-0.739258
1.816136,1.435838,-0.73955
1.81672,1.442853,-0.72888
1.817889,1.450453,-0.733557
1.809997,1.43613,-0.750512
1.814089,1.441684,-0.730927
1.809997,1.446653,-0.735457
1.817597,1.445484,-0.74335
1.813213,1.444022,-0.745542
1.812628,1.443438,-0.742911
1.808243,1.441099,-0.726542
1.817597,1.441391,-0.744227
1.815843,1.445776,-0.740865
1.810289,1.443438,-0.739988
1.815259,1.446653,-0.744373
1.821105,1.44753,-0.74145
1.817013,1.442268,-0.75095
1.81672,1.441684,-0.738673
1.812336,1.442561,-0.744958
1.819936,1.438468,-0.742765
1.814966,1.448115,-0.736627
1.808828,1.439638,-0.743935
1.812043,1.440807,-0.738673
1.819059,1.441391,-0.74335
1.807659,1.439345,-0.743058
1.80912,1.439345,-0.728734
1.808828,1.445776,-0.744958
1.820813,1.442268,-0.734142
1.819059,1.448992,-0.736188
1.813505,1.441099,-0.737357
1.820228,1.448699,-0.740427
1.819643,1.443438,-0.744227
1.812043,1.446361,-0.737942
1.814674,1.444607,-0.737357
1.812043,1.437007,-0.734142
1.808535,1.43993,-0.742911
1.816428,1.438176,-0.74715
1.820228,1.43613,-0.746711
1.813213,1.441391,-0.729757
1.811166,1.435838,-0.737796
1.817013,1.444607,-0.751681
1.814674,1.443145,-0.742473
1.811459,1.442853,-0.750804
1.812336,1.444022,-0.741011
1.815551,1.43613,-0.747735
1.808828,1.44373,-0.756504
1.814382,1.444022,-0.737796
1.814382,1.439638,-0.739988
1.812336,1.446068,-0.740573
1.814089,1.438761,-0.755919
1.812628,1.444314,-0.746858
1.815843,1.447822,-0.746273
1.81672,1.44373,-0.740281
1.814089,1.446361,-0.737357
1.811166,1.446945,-0.739404
1.817889,1.44373,-0.734288
1.817597,1.443438,-0.739842
1.815259,1.445484,-0.738673
1.814966,1.45133,-0.734142
1.809997,1.450745,-0.739842
1.817889,1.446068,-0.737065
1.815259,1.44753,-0.732242
1.81292,1.448699,-0.740719
1.817305,1.449576,-0.736919
1.814674,1.444607,-0.737065
1.815843,1.443145,-0.744665
1.813213,1.445192,-0.741304
1.82052,1.437299,-0.742327
1.814382,1.442853,-0.745981
1.811751,1.449284,-0.735896
1.817013,1.441684,-0.741304
1.813213,1.444022,-0.74525
1.818182,1.451622,-0.753289
1.815259,1.447238,-0.739111
1.814089,1.449868,-0.738673
1.808243,1.451038,-0.733996
1.814089,1.45133,-0.737796
1.814089,1.452792,-0.738234
1.816136,1.442268,-0.731804
1.813797,1.446068,-0.735311
1.812336,1.445192,-0.731073
1.807951,1.445192,-0.732973
1.817889,1.443145,-0.736188
1.816428,1.450453,-0.734581
1.815259,1.441391,-0.736627
1.808243,1.445484,-0.735165
1.810289,1.446653,-0.730634
1.806489,1.442268,-0.736334
1.817597,1.444022,-0.734581
1.817013,1.439638,-0.736481
1.815551,1.441976,-0.73955
1.813797,1.441976,-0.726103
1.808535,1.445484,-0.738381
1.815843,1.441976,-0.74145
1.814966,1.444022,-0.732973
1.809412,1.446068,-0.747881
1.811751,1.439638,-0.738819
1.82052,1.448407,-0.747296
1.812336,1.450745,-0.741742
1.815843,1.447822,-0.737211
1.82052,1.448115,-0.744811
1.816136,1.450161,-0.742181
1.823443,1.446945,-0.740573
1.817305,1.439345,-0.740134
1.81292,1.440807,-0.745104
1.825782,1.445484,-0.743935
1.820228,1.444314,-0.735311
1.809705,1.446945,-0.739404
1.814966,1.449284,-0.747442
1.807074,1.439345,-0.738819
1.806782,1.443145,-0.742765
1.81292,1.440807,-0.729027
1.813505,1.438761,-0.747881
1.814382,1.444607,-0.746565
1.813213,1.440514,-0.740427
1.814674,1.440807,-0.744811
1.81672,1.441099,-0.739404
1.817305,1.447822,-0.735165
1.817597,1.449868,-0.742473
1.817597,1.445776,-0.753873
1.810582,1.448699,-0.744958
1.817305,1.446945,-0.736334
1.823151,1.446068,-0.73385
1.823443,1.446653,-0.731804
1.80912,1.445776,-0.739696
1.821397,1.446361,-0.73385
1.820813,1.437591,-0.74145
1.811459,1.440222,-0.740281
1.805612,1.444022,-0.73575
1.817597,1.441976,-0.737796
1.811751,1.446361,-0.736188
1.815259,1.438468,-0.741596
1.813505,1.443145,-0.732096
1.818474,1.446361,-0.733265
1.814966,1.445484,-0.735165
1.814674,1.449868,-0.73078
1.810289,1.444022,-0.733557
1.814966,1.449576,-0.748027
1.813797,1.445776,-0.713388
1.809412,1.449868,-0.746565
1.82169,1.445484,-0.734727
1.817597,1.44753,-0.746711
1.826659,1.445776,-0.742911
1.810582,1.446653,-0.744811
1.806489,1.44373,-0.745688
1.810582,1.443438,-0.732242
1.807951,1.444022,-0.728296
1.812336,1.449868,-0.745542
1.814089,1.454545,-0.726688
1.808828,1.451038,-0.731219
1.810874,1.442561,-0.718211
1.815843,1.445484,-0.733996
1.812336,1.441391,-0.732534
1.820813,1.445484,-0.723034
1.808828,1.442853,-0.732096
1.814966,1.442268,-0.732242
1.813213,1.452207,-0.733557
1.823151,1.443145,-0.729904
1.809412,1.445776,-0.731657
1.811166,1.455422,-0.736773
1.812336,1.44373,-0.734873
1.814382,1.447822,-0.725811
1.811459,1.452207,-0.727127
1.819351,1.447238,-0.73195
1.818766,1.449284,-0.742619
1.814966,1.445484,-0.73268
1.817305,1.448699,-0.743642
1.810582,1.444607,-0.740427
1.817013,1.443145,-0.744081
1.811751,1.444314,-0.737211
1.815259,1.450453,-0.735165
1.812336,1.448115,-0.730488
1.81292,1.45133,-0.735604
1.819643,1.44753,-0.731657
1.818182,1.444314,-0.742034
1.819936,1.452207,-0.739404
1.817889,1.445484,-0.738381
1.822567,1.444607,-0.736042
1.819351,1.442561,-0.734288
1.819059,1.448407,-0.740719
1.81672,1.43993,-0.745688
1.817597,1.448407,-0.732096
1.811459,1.446361,-0.732973
1.819643,1.441684,-0.742181
1.81672,1.443145,-0.739111
1.814382,1.450161,-0.730196
1.819936,1.445484,-0.738234
1.80912,1.452499,-0.745104
1.81672,1.441684,-0.744958
1.82052,1.444022,-0.751681
1.810874,1.449576,-0.736042
1.816136,1.448699,-0.738381
1.81672,1.452207,-0.73268
1.818766,1.444899,-0.734581
1.818474,1.447238,-0.748027
1.814089,1.446945,-0.738381
1.810582,1.446361,-0.738965
1.811751,1.449576,-0.73955
1.823443,1.444607,-0.73575
1.81672,1.44373,-0.744811
1.814089,1.445484,-0.740134
1.813505,1.448699,-0.734142
1.812628,1.444314,-0.733996
1.811166,1.444899,-0.743058
1.815843,1.442853,-0.73765
1.815259,1.447822,-0.737211
1.810289,1.438176,-0.734288
1.809705,1.446361,-0.737504
1.812043,1.446653,-0.739988
1.817305,1.450161,-0.743788
1.809412,1.452207,-0.737211
1.815551,1.443145,-0.729904
1.818182,1.441684,-0.739842
1.815551,1.442561,-0.745688
1.813797,1.446945,-0.742034
1.814674,1.446653,-0.735019
1.817889,1.448407,-0.72815
1.821982,1.437884,-0.744081
1.811166,1.444022,-0.749635
1.81292,1.441391,-0.733704
1.80532,1.446653,-0.745396
1.819936,1.446361,-0.736627
1.812336,1.439638,-0.738965
1.814966,1.448699,-0.733411
1.812628,1.44373,-0.742034
1.810289,1.446068,-0.753435
1.815259,1.446068,-0.743788
1.806197,1.441391,-0.739258
1.809705,1.445484,-0.748319
1.817597,1.453668,-0.740427
1.82052,1.450453,-0.745542
1.813505,1.450745,-0.741888
1.809412,1.448407,-0.738673
1.815259,1.449576,-0.73385
1.810582,1.444899,-0.734581
1.814382,1.438176,-0.749196
1.813797,1.448115,-0.747735
1.81292,1.446945,-0.739842
1.812043,1.444022,-0.744811
1.813505,1.450161,-0.751827
1.807659,1.443145,-0.738381
1.813797,1.442561,-0.745542
1.806197,1.443438,-0.745688
1.810874,1.444899,-0.750658
1.813505,1.444607,-0.745835
1.821105,1.449576,-0.73955
1.811751,1.439638,-0.739842
1.80912,1.444314,-0.751535
1.807366,1.445484,-0.736481
1.815843,1.438176,-0.73955
1.810582,1.443438,-0.738819
1.813213,1.438761,-0.745104
1.818766,1.441099,-0.740427
1.819351,1.443438,-0.743935
1.824613,1.437591,-0.737065
1.813505,1.437884,-0.743058
1.810874,1.440514,-0.732388
1.809997,1.438761,-0.738088
1.810582,1.439638,-0.730342
1.809997,1.444022,-0.727419
1.819059,1.43993,-0.741888
1.814966,1.441684,-0.738527
1.811751,1.44373,-0.740281
1.811166,1.443438,-0.76805
1.814089,1.439638,-0.741304
1.819351,1.446068,-0.734727
1.817013,1.444022,-0.734581
1.813213,1.441976,-0.748027
1.809997,1.441391,-0.743935
1.811459,1.441684,-0.746419
1.808535,1.446653,-0.752412
1.801228,1.443438,-0.73575
1.815259,1.444314,-0.739404
1.81292,1.439053,-0.734873
1.817597,1.440514,-0.74525
1.811751,1.437884,-0.744811
1.808243,1.442561,-0.745981
1.814674,1.437007,-0.742619
1.814966,1.443145,-0.731219
1.815259,1.440807,-0.736919
1.815259,1.446653,-0.732242
1.815843,1.442561,-0.742911
1.817013,1.438468,-0.731511
1.813505,1.447238,-0.740865
1.814382,1.43993,-0.745542
1.810582,1.438176,-0.739988
1.816428,1.444899,-0.745542
1.821105,1.441391,-0.748904
1.812336,1.447238,-0.734434
1.819643,1.44373,-0.749635
1.810874,1.441099,-0.74525
1.813213,1.437007,-0.736627
1.813505,1.44753,-0.743496
1.813797,1.445776,-0.738088
1.815843,1.445776,-0.737357
1.817889,1.439638,-0.738819
1.810874,1.442268,-0.738527
1.814089,1.447238,-0.743204
1.816136,1.446945,-0.741011
1.811751,1.441391,-0.749342
1.814089,1.438176,-0.739842
1.813213,1.447822,-0.738965
1.813213,1.444022,-0.743204
1.811166,1.446068,-0.742473
1.80912,1.444022,-0.739258
1.808243,1.442561,-0.740427
1.806489,1.445192,-0.729027
1.812628,1.441391,-0.728734
1.805612,1.445192,-0.730342
1.812628,1.443438,-0.74335
1.81292,1.447238,-0.751681
1.815259,1.440807,-0.746273
1.815259,1.443145,-0.743642
1.807366,1.446361,-0.736481
1.809997,1.437007,-0.740427
1.809412,1.447822,-0.742473
1.811166,1.440807,-0.735604
1.813505,1.446945,-0.743058
1.819643,1.447238,-0.735604
1.812043,1.447822,-0.751242
1.809997,1.445776,-0.740573
1.806489,1.443145,-0.747881
1.814382,1.437299,-0.744811
1.815843,1.443438,-0.750365
1.815551,1.435545,-0.750512
1.813797,1.443438,-0.746711
1.819351,1.440807,-0.74335
1.816428,1.444607,-0.759427
1.823151,1.445484,-0.743642
1.814089,1.446361,-0.736773
1.808243,1.440514,-0.735604
1.819059,1.448992,-0.747296
1.816136,1.43993,-0.742327
1.813213,1.441099,-0.735896
1.821105,1.450161,-0.737796
1.822859,1.446945,-0.737065
1.818182,1.446945,-0.741596
1.817013,1.439638,-0.744081
1.822567,1.449868,-0.738673
1.813797,1.439345,-0.733265
1.821982,1.449868,-0.73385
1.813797,1.447238,-0.749781
1.813797,1.441099,-0.733557
1.82052,1.446361,-0.743496
1.823443,1.44753,-0.742473
1.812336,1.445776,-0.746273
1.816136,1.437884,-0.740281
1.814382,1.442853,-0.740865
1.817597,1.446068,-0.737504
1.813213,1.437591,-0.737796
1.817889,1.448115,-0.744811
1.818474,1.449868,-0.736188
1.814089,1.441976,-0.739111
1.814674,1.445776,-0.746127
1.810874,1.441976,-0.73078
1.815259,1.444022,-0.734434
1.819351,1.442268,-0.73765
1.819936,1.441099,-0.736773
1.814674,1.444899,-0.743204
1.818766,1.444899,-0.738527
1.817597,1.443438,-0.740281
1.810582,1.441684,-0.756504
1.817597,1.430284,-0.744958
1.814382,1.440514,-0.736188
1.819643,1.438761,-0.729611
1.813213,1.443438,-0.752704
1.821105,1.436422,-0.739842
1.814089,1.444607,-0.749781
1.814674,1.442561,-0.747296
1.80532,1.43613,-0.741888
1.82052,1.44373,-0.745688
1.815551,1.438761,-0.74145
1.821982,1.441391,-0.734434
1.817305,1.444022,-0.736919
1.814966,1.443145,-0.749781
1.809997,1.437884,-0.753142
1.815259,1.444314,-0.748612
1.808535,1.446945,-0.742911
1.806197,1.441976,-0.737211
1.822859,1.446653,-0.742911
1.822274,1.440807,-0.742911
1.821982,1.446361,-0.737211
1.813505,1.440514,-0.735457
1.812336,1.444899,-0.734727
1.812628,1.439053,-0.729757
1.818766,1.448992,-0.734581
1.813797,1.446653,-0.744227
1.812628,1.442268,-0.747881
1.817013,1.444899,-0.746273
1.819643,1.439345,-0.748612
1.809997,1.442853,-0.743204
1.817013,1.444607,-0.743204
1.815551,1.446068,-0.744081
1.819059,1.441391,-0.735165
1.82052,1.44373,-0.748612
1.82169,1.44373,-0.748027
1.814674,1.444607,-0.746565
1.809705,1.437591,-0.736919
1.817305,1.444607,-0.750512
1.810874,1.437007,-0.738381
1.806197,1.437884,-0.747881
1.816428,1.438176,-0.742034
1.814674,1.442268,-0.737357
1.812336,1.439345,-0.738381
1.813797,1.434376,-0.753289
1.807366,1.440514,-0.737796
1.809997,1.445192,-0.745542
1.812336,1.441391,-0.73955
1.808828,1.446945,-0.741158
1.811166,1.444022,-0.732827
1.816428,1.440222,-0.741011
1.807366,1.438176,-0.729173
1.812628,1.441684,-0.746127
1.816428,1.439638,-0.735311
1.817305,1.439638,-0.737357
1.813797,1.448699,-0.745981
1.814674,1.443145,-0.746858
1.817597,1.440222,-0.738527
1.814674,1.443145,-0.739696
1.811166,1.444314,-0.741304
1.819936,1.444022,-0.735019
1.815843,1.443145,-0.730488
1.80912,1.444314,-0.734581
1.815551,1.45133,-0.739988
1.814382,1.447822,-0.737942
1.814674,1.448115,-0.731073
1.819936,1.447822,-0.744081
1.817597,1.444314,-0.730927
1.809412,1.442853,-0.737942
1.815259,1.447822,-0.732242
1.81292,1.446945,-0.739988
1.821397,1.450745,-0.74335
1.80912,1.444314,-0.737065
1.810289,1.438761,-0.738381
1.809412,1.451038,-0.741304
1.806782,1.44753,-0.72698
1.807659,1.444022,-0.736334
1.809705,1.462146,-0.720696
1.795674,1.483484,-0.779597
1.792458,1.504531,-0.823443
1.784274,1.520608,-0.836451
1.770827,1.508916,-0.876644
1.773166,1.494884,-0.886437
1.78135,1.461561,-0.895498
1.786904,1.436422,-0.900906
1.798305,1.406899,-0.907191
1.812336,1.377375,-0.882052
1.826367,1.343467,-0.863052
1.840398,1.31979,-0.852675
1.845951,1.299035,-0.847121
1.850044,1.289974,-0.837474
1.851213,1.280035,-0.832213
1.862029,1.258404,-0.819936
1.866121,1.252265,-0.815843
1.864952,1.250804,-0.802105
1.869629,1.237357,-0.799766
1.874598,1.236188,-0.802689
1.866706,1.23005,-0.794505
1.878106,1.232973,-0.793335
1.874306,1.22888,-0.792458
1.875475,1.223911,-0.791435
1.877813,1.22625,-0.786612
1.884829,1.218942,-0.780035
1.87986,1.22128,-0.770535
1.886583,1.215142,-0.775066
1.87986,1.214557,-0.782227
1.87986,1.206665,-0.777112
1.881321,1.216603,-0.782666
1.883075,1.213973,-0.77755
1.887167,1.209588,-0.778427
1.88366,1.214265,-0.78135
1.87869,1.213388,-0.781058
1.887167,1.208419,-0.769366
1.886583,1.214557,-0.775943
1.889214,1.213096,-0.775797
1.887167,1.211342,-0.783104
1.894768,1.21748,-0.780181
1.888044,1.209588,-0.771412
1.882783,1.206957,-0.77755
1.890675,1.218357,-0.783689
1.885998,1.219234,-0.774043
1.885121,1.203449,-0.784274
1.888044,1.214849,-0.777989
1.882491,1.205788,-0.775943
1.885414,1.213388,-0.778574
1.891552,1.212511,-0.782227
1.889798,1.20988,-0.784566
1.886291,1.212219,-0.783835
1.881321,1.205203,-0.781058
1.882783,1.212511,-0.787343
1.889506,1.209588,-0.781497
1.892137,1.215142,-0.778427
1.887752,1.209296,-0.773458
1.885121,1.215434,-0.783251
1.890091,1.208711,-0.778574
1.89126,1.210172,-0.785297
1.880152,1.214557,-0.78442
1.886875,1.212803,-0.782812
1.882491,1.208711,-0.777404
1.888044,1.21748,-0.764396
1.885121,1.213096,-0.785735
1.884829,1.208419,-0.782812
1.882491,1.217188,-0.787197
1.87489,1.230342,-0.79962
1.863198,1.250219,-0.821105
1.836305,1.308389,-0.865098
1.81672,1.346975,-0.877083
1.797428,1.401929,-0.910699
1.77872,1.445484,-0.912599
1.769658,1.479977,-0.903829
1.764104,1.500731,-0.889506
1.759135,1.516223,-0.87986
1.764396,1.52207,-0.870506
1.766443,1.520608,-0.85589
1.77492,1.503654,-0.827828
1.779304,1.503654,-0.815551
1.785151,1.496346,-0.804005
1.774043,1.491961,-0.799182
1.78252,1.483777,-0.79012
1.788951,1.481146,-0.781789
1.789243,1.470623,-0.77565
1.783689,1.472669,-0.769512
1.794505,1.462438,-0.76615
1.800935,1.461561,-0.764981
1.799182,1.460392,-0.765712
1.794505,1.458638,-0.760304
1.804151,1.453961,-0.756504
1.802105,1.458638,-0.766296
1.807366,1.453668,-0.763958
1.800935,1.452207,-0.752265
1.809705,1.451622,-0.759281
1.806197,1.445192,-0.755773
1.811459,1.448115,-0.743788
1.809412,1.444899,-0.754019
1.811751,1.441684,-0.747881
1.810582,1.439053,-0.742911
1.812628,1.450161,-0.740865
1.814674,1.443145,-0.74525
1.811166,1.440222,-0.734581
1.806782,1.441976,-0.735604
1.807074,1.447822,-0.737796
1.808535,1.440222,-0.730488
1.807366,1.442853,-0.738234
1.812628,1.442853,-0.738673
1.816428,1.440807,-0.749342
1.806197,1.438468,-0.743496
1.808828,1.44373,-0.743204
1.804735,1.437007,-0.742473
1.812043,1.441976,-0.741304
1.807366,1.441391,-0.741011
1.805612,1.438761,-0.752558
1.813213,1.443438,-0.74335
1.81672,1.436422,-0.734727
1.815843,1.442561,-0.743204
1.812628,1.441099,-0.746273
1.80912,1.437299,-0.742327
1.803566,1.441976,-0.748027
1.806489,1.440514,-0.729757
1.814089,1.439053,-0.738234
1.811459,1.432037,-0.744227
1.805905,1.444022,-0.73765
1.811166,1.440514,-0.73765
1.807366,1.444607,-0.741304
1.810874,1.447822,-0.751242
1.808243,1.442853,-0.739111
1.806197,1.444314,-0.741304
1.815843,1.440807,-0.747004
1.809412,1.441684,-0.74905
1.812628,1.448407,-0.743642
1.810874,1.440807,-0.735896
1.819643,1.446653,-0.736919
1.813797,1.441976,-0.744665
1.818182,1.434668,-0.739842
1.809412,1.441099,-0.735311
1.811166,1.437299,-0.746565
1.812336,1.439638,-0.74905
1.810289,1.439345,-0.738527
1.817013,1.442853,-0.742765
1.805905,1.438176,-0.746273
1.806197,1.443145,-0.745396
1.80152,1.441684,-0.753289
1.807659,1.43993,-0.736627
1.805905,1.445192,-0.745688
1.816428,1.440514,-0.737942
1.810874,1.448407,-0.739404
1.817305,1.444022,-0.748027
1.815843,1.448115,-0.731073
1.809705,1.435545,-0.736334
1.813213,1.442561,-0.748612
1.816136,1.440807,-0.740719
1.812336,1.440807,-0.749781
1.813505,1.441684,-0.740134
1.811459,1.441684,-0.740573
1.811751,1.43993,-0.749781
1.809412,1.437591,-0.73268
1.814966,1.444314,-0.746711
1.813213,1.445776,-0.753581
1.806782,1.448115,-0.715142
1.807659,1.438468,-0.731804
1.816136,1.442853,-0.740573
1.814966,1.450745,-0.755189
1.811751,1.449868,-0.750658
1.814674,1.448992,-0.748904
1.814674,1.448699,-0.744958
1.815843,1.438761,-0.743788
1.817889,1.444314,-0.760158
1.813213,1.438761,-0.743788
1.815551,1.445484,-0.748319
1.820813,1.444022,-0.739842
1.818766,1.452207,-0.742911
1.814674,1.444314,-0.74905
1.810582,1.443145,-0.743788
1.817597,1.443438,-0.742327
1.811166,1.447238,-0.745981
1.804443,1.438761,-0.742327
1.812336,1.441099,-0.738381
1.814089,1.446068,-0.746858
1.812628,1.446361,-0.747735
1.809412,1.447238,-0.748319
1.814674,1.442561,-0.742911
1.808243,1.448115,-0.748027
1.809997,1.445192,-0.740573
1.816428,1.443145,-0.742034
1.806489,1.441391,-0.749927
1.807951,1.443145,-0.744519
1.815551,1.43993,-0.745688
1.807659,1.440514,-0.738965
1.811459,1.438468,-0.743642
1.814674,1.440222,-0.744081
1.809705,1.438761,-0.753289
1.807659,1.436422,-0.746273
1.811166,1.43613,-0.747588
1.810874,1.442853,-0.739696
1.813505,1.434376,-0.749342
1.811751,1.438468,-0.748027
1.810289,1.434668,-0.741888
1.814966,1.434084,-0.740573
1.815259,1.437591,-0.740573
1.804151,1.436714,-0.745542
1.81292,1.434668,-0.752265
1.809705,1.437007,-0.745396
1.804443,1.43496,-0.750804
1.806197,1.436714,-0.741011
1.811459,1.437007,-0.740865
1.815259,1.439345,-0.746565
1.813797,1.438468,-0.746273
1.81292,1.442268,-0.747735
1.815551,1.444899,-0.754312
1.813505,1.439053,-0.744519
1.808828,1.430576,-0.754458
1.815551,1.442268,-0.741158
1.811459,1.442561,-0.746273
1.807366,1.438176,-0.740719
1.814674,1.444899,-0.743204
1.814382,1.445484,-0.746419
1.810289,1.441099,-0.746565
1.808243,1.435545,-0.748319
1.806782,1.439053,-0.747296
1.814382,1.438761,-0.751973
1.810874,1.434376,-0.741596
1.816428,1.439638,-0.748612
1.81292,1.441976,-0.754604
1.809705,1.442853,-0.753142
1.805905,1.437591,-0.743204
1.814382,1.438468,-0.747588
1.811166,1.441684,-0.741304
1.807951,1.444607,-0.748758
1.813505,1.441976,-0.74525
1.812628,1.436422,-0.741011
1.812043,1.443438,-0.740573
1.815259,1.445192,-0.752704
1.812043,1.439053,-0.730927
1.811751,1.438468,-0.736627
1.817013,1.436422,-0.743496
1.805612,1.436422,-0.744373
1.811751,1.436714,-0.735604
1.810289,1.440514,-0.741596
1.813213,1.435838,-0.740134
1.810874,1.441391,-0.749196
1.808535,1.445192,-0.75095
1.812628,1.439638,-0.736481
1.813505,1.449284,-0.754312
1.804443,1.43993,-0.736481
1.807659,1.440222,-0.740865
1.810582,1.443438,-0.745981
1.809412,1.441976,-0.738819
1.811459,1.442561,-0.745542
1.803566,1.437884,-0.71748
1.817305,1.440222,-0.734581
1.818766,1.442561,-0.731657
1.808828,1.441391,-0.74715
1.817305,1.448699,-0.742619
1.814382,1.446361,-0.73268
1.807951,1.446068,-0.740134
1.818182,1.444899,-0.744665
1.811459,1.446945,-0.738088
1.806489,1.445192,-0.748465
1.813505,1.440514,-0.73765
1.80912,1.441976,-0.736188
1.811459,1.43993,-0.749488
1.81292,1.441391,-0.736919
1.811459,1.439053,-0.751242
1.80912,1.441391,-0.747442
1.808828,1.43993,-0.747296
1.807951,1.444607,-0.74715
1.813213,1.444314,-0.746711
1.80912,1.446068,-0.741742
1.80912,1.443438,-0.734434
1.809997,1.443145,-0.739842
1.818766,1.437591,-0.738965
1.822859,1.43613,-0.741158
1.815259,1.438468,-0.74145
1.813797,1.439638,-0.730342
1.810582,1.439638,-0.730196
1.804151,1.444899,-0.740865
1.812336,1.444899,-0.737211
1.80532,1.444022,-0.744958
1.80912,1.442561,-0.741304
1.807074,1.437299,-0.731365
1.813505,1.440807,-0.746273
1.809412,1.44373,-0.75095
1.811166,1.43496,-0.74715
1.814674,1.443438,-0.730634
1.815551,1.44373,-0.746127
1.811751,1.442853,-0.743642
1.812628,1.445192,-0.74905
1.812043,1.441391,-0.738527
1.805028,1.431745,-0.742473
1.811751,1.437007,-0.74335
1.809412,1.443145,-0.740719
1.815259,1.436714,-0.734873
1.814089,1.441684,-0.741158
1.812628,1.438468,-0.744227
1.814382,1.449576,-0.742911
1.812628,1.440807,-0.712949
1.810289,1.439053,-0.741888
1.812043,1.439053,-0.740573
1.814089,1.448115,-0.754165
1.814382,1.443438,-0.747004
1.810874,1.446068,-0.742181
1.814089,1.447238,-0.741158
1.811166,1.447238,-0.735311
1.81672,1.442268,-0.744081
1.812628,1.448115,-0.740865
1.809997,1.441099,-0.73268
1.809705,1.444899,-0.745835
1.814089,1.439638,-0.741304
1.813213,1.437591,-0.742327
1.808535,1.438176,-0.746273
1.801812,1.436714,-0.753142
1.805905,1.438468,-0.738965
1.815259,1.441391,-0.741742
1.815259,1.446653,-0.735457
1.813213,1.441391,-0.727273
1.808535,1.440807,-0.745688
1.808828,1.445484,-0.73078
1.815843,1.449284,-0.735165
1.813213,1.446361,-0.741158
1.813213,1.446361,-0.733411
1.810874,1.435838,-0.740573
1.80912,1.439638,-0.745104
1.815551,1.443438,-0.756065
1.814089,1.43496,-0.731804
1.817305,1.447822,-0.748027
1.808828,1.441684,-0.743935
1.813505,1.439345,-0.738673
1.814089,1.44373,-0.749342
1.817305,1.442853,-0.744081
1.813505,1.439638,-0.738819
1.817889,1.449284,-0.744227
1.813797,1.448992,-0.754604
1.815259,1.441976,-0.747004
1.818182,1.440514,-0.741304
1.815551,1.438176,-0.739696
1.816136,1.44373,-0.730196
1.813213,1.445192,-0.74715
1.815843,1.442268,-0.742327
1.812628,1.433499,-0.740281
1.816136,1.442561,-0.744373
1.812628,1.445192,-0.738088
1.810874,1.443145,-0.733119
1.817889,1.438176,-0.735165
1.813213,1.440807,-0.738088
1.817013,1.444899,-0.736919
1.810582,1.442853,-0.738819
1.814089,1.440514,-0.741304
1.818474,1.438761,-0.739842
1.818474,1.440222,-0.730342
1.805905,1.444314,-0.734288
1.810289,1.43993,-0.743642
1.812043,1.440222,-0.735311
1.812336,1.450161,-0.736919
1.817597,1.442561,-0.743496
1.81292,1.449868,-0.739258
1.817889,1.438468,-0.745396
1.808535,1.439345,-0.733119
1.809997,1.446361,-0.742473
1.810874,1.438761,-0.742034
1.813213,1.442853,-0.743788
1.815551,1.445776,-0.731219
1.813505,1.448407,-0.738819
1.814674,1.442853,-0.739842
1.816136,1.438176,-0.729173
1.809412,1.442853,-0.742034
1.81292,1.440514,-0.73195
1.815551,1.442853,-0.724642
1.808243,1.438761,-0.742765
1.814089,1.44753,-0.743788
1.809705,1.440514,-0.742181
1.820813,1.445484,-0.740719
1.812336,1.446361,-0.735896
1.809997,1.444314,-0.746127
1.815259,1.440222,-0.736334
1.812628,1.448407,-0.732534
1.810582,1.440807,-0.748319
1.817889,1.439345,-0.735311
1.817013,1.439638,-0.748027
1.81292,1.436714,-0.730634
1.809705,1.435253,-0.732388
1.807366,1.434668,-0.745542
1.818474,1.440222,-0.741596
1.816136,1.433791,-0.734288
1.809997,1.439345,-0.73005
1.814966,1.442561,-0.730634
1.818766,1.437884,-0.734727
1.806782,1.436714,-0.734581
1.813505,1.435253,-0.738673
1.809997,1.438468,-0.734142
1.816428,1.443145,-0.74145
1.807659,1.441099,-0.73955
1.811751,1.437299,-0.733119
1.808828,1.441684,-0.736334
1.820228,1.438761,-0.729904
1.82169,1.441976,-0.740573
1.813797,1.448699,-0.733265
1.812628,1.446361,-0.739988
1.810874,1.445776,-0.738527
1.814674,1.444607,-0.734873
1.819059,1.445484,-0.734581
1.814674,1.44373,-0.738088
1.808828,1.441099,-0.733119
1.815551,1.440514,-0.733704
1.805905,1.441099,-0.741011
1.819059,1.445776,-0.737211
1.814382,1.441976,-0.749781
1.815551,1.443145,-0.733119
1.813213,1.442853,-0.735019
1.807951,1.44753,-0.735457
1.813213,1.440222,-0.724788
1.809705,1.442853,-0.735604
1.811751,1.441391,-0.733119
1.81292,1.445484,-0.731365
1.816136,1.437884,-0.740281
1.811166,1.43993,-0.732534
1.816428,1.44753,-0.735019
1.812628,1.445776,-0.737942
1.817597,1.448115,-0.729611
1.818474,1.44373,-0.731657
1.816136,1.439053,-0.742327
1.810289,1.438176,-0.740134
1.811166,1.440514,-0.732242
1.805612,1.445192,-0.733996
1.811459,1.435545,-0.730342
1.80912,1.446945,-0.743788
1.812628,1.437884,-0.73955
1.820813,1.438468,-0.743935
1.82169,1.449868,-0.734727
1.807951,1.447238,-0.741304
1.807659,1.439053,-0.740719
1.814966,1.442268,-0.744519
1.816136,1.437299,-0.738381
1.813213,1.435838,-0.733265
1.804443,1.439345,-0.740573
1.816136,1.437884,-0.737504
1.805905,1.437299,-0.744227
1.813797,1.440222,-0.733265
1.81672,1.44373,-0.73195
1.813213,1.441976,-0.731365
1.818182,1.438468,-0.732388
1.805028,1.438761,-0.74525
1.809412,1.442561,-0.735457
1.810874,1.441099,-0.738965
1.808535,1.441391,-0.732534
1.81292,1.438761,-0.730634
1.80912,1.436422,-0.740427
1.812628,1.435838,-0.743642
1.819643,1.434084,-0.735604
1.816428,1.440807,-0.731511
1.817597,1.444607,-0.742911
1.81672,1.441684,-0.743204
1.812336,1.443145,-0.734727
1.814966,1.443438,-0.746858
1.816136,1.441099,-0.738965
1.812628,1.443145,-0.743642
1.819643,1.439638,-0.731804
1.818182,1.445484,-0.746419
1.816428,1.439053,-0.739111
1.819936,1.442561,-0.740865
1.819059,1.439345,-0.743642
1.815259,1.439053,-0.741158
1.813505,1.441391,-0.733119
1.823151,1.43993,-0.734873
1.812628,1.445484,-0.733996
1.821397,1.439638,-0.723619
1.812043,1.439345,-0.741888
1.817013,1.434376,-0.734873
1.819643,1.443438,-0.735019
1.826951,1.439053,-0.734727
1.818474,1.437007,-0.743204
1.817305,1.436422,-0.73575
1.817013,1.435545,-0.747881
1.815843,1.43993,-0.751388
1.818182,1.441684,-0.739111
1.824613,1.444899,-0.745104
1.821105,1.442561,-0.752119
1.823443,1.442561,-0.728004
1.818182,1.445192,-0.739258
1.818474,1.438176,-0.743788
1.817013,1.446653,-0.740427
1.814089,1.444899,-0.734434
1.816428,1.441684,-0.741304
1.814674,1.440222,-0.741888
1.814382,1.438468,-0.741596
1.811751,1.444899,-0.739988
1.817597,1.449576,-0.736773
1.817889,1.442268,-0.730488
1.813213,1.447238,-0.747442
1.812336,1.43993,-0.747735
1.814382,1.444607,-0.748027
1.813505,1.439345,-0.743204
1.814674,1.43993,-0.738673
1.814382,1.448115,-0.743496
1.810874,1.444607,-0.750804
1.810874,1.448407,-0.741742
1.808535,1.440807,-0.73765
1.811459,1.444314,-0.739111
1.811459,1.443438,-0.734727
1.811166,1.442268,-0.749635
1.823736,1.440807,-0.747296
1.819936,1.445192,-0.749196
1.816136,1.439053,-0.745396
1.809997,1.438468,-0.734727
1.81672,1.436714,-0.742765
1.808828,1.437591,-0.739696
1.813213,1.435253,-0.742619
1.814966,1.439345,-0.754165
1.814089,1.436714,-0.730927
1.819351,1.448699,-0.73955
1.823443,1.445776,-0.742327
1.819936,1.439053,-0.740134
1.820813,1.445776,-0.714849
1.811751,1.438176,-0.744081
1.814089,1.438761,-0.736627
1.818182,1.441391,-0.730927
1.816428,1.443145,-0.727857
1.812043,1.444899,-0.74525
1.81292,1.436422,-0.739111
1.813505,1.437591,-0.740573
1.815259,1.448407,-0.736481
1.815551,1.441099,-0.73268
1.814674,1.443438,-0.730196
1.810582,1.440222,-0.733557
1.817305,1.439638,-0.744227
1.810582,1.455715,-0.758112
1.800351,1.480561,-0.779743
1.793043,1.502192,-0.805174
1.780474,1.507162,-0.835282
1.777843,1.51447,-0.865536
1.779889,1.5019,-0.89696
1.776089,1.484654,-0.909383
1.779889,1.454253,-0.909091
1.798889,1.423853,-0.906899
1.805028,1.388191,-0.893745
1.824905,1.357206,-0.880737
1.829874,1.32359,-0.861883
1.83689,1.313651,-0.85019
1.847121,1.292897,-0.848728
1.853844,1.279743,-0.848144
1.852382,1.272435,-0.832213
1.866413,1.256942,-0.822567
1.866413,1.249927,-0.808097
1.872552,1.243204,-0.800643
1.872552,1.238234,-0.797282
1.873429,1.237065,-0.802397
1.87869,1.229173,-0.801959
1.88366,1.229465,-0.783397
1.888044,1.23385,-0.789681
1.887752,1.21748,-0.784712
1.886875,1.212511,-0.78135
1.885121,1.216311,-0.799035
1.88366,1.214265,-0.786612
1.880152,1.216311,-0.794066
1.881614,1.214557,-0.788366
1.885121,1.214557,-0.778427
1.888921,1.209588,-0.778866
1.888629,1.217188,-0.773604
1.880444,1.211634,-0.788804
1.87869,1.211342,-0.785004
1.885414,1.204911,-0.769073
1.885998,1.209588,-0.77872
1.891845,1.215434,-0.784127
1.901199,1.218357,-0.784858
1.888044,1.218357,-0.782812
1.894475,1.214557,-0.784127
1.890968,1.210757,-0.782812
1.895352,1.220403,-0.77565
1.883952,1.210172,-0.791581
1.878106,1.214265,-0.775358
1.887167,1.214849,-0.778574
1.878983,1.212219,-0.776089
1.885998,1.209296,-0.776966
1.883075,1.211342,-0.785735
1.888337,1.211049,-0.778281
1.890383,1.206665,-0.778866
1.886875,1.210757,-0.770681
1.885998,1.209003,-0.774627
1.887752,1.205495,-0.777697
1.893306,1.209003,-0.783689
1.880737,1.208126,-0.772435
1.893014,1.208419,-0.770973
1.890675,1.211049,-0.772435
1.886583,1.216311,-0.76995
1.879275,1.211634,-0.767466
1.883367,1.20988,-0.772143
1.89126,1.212219,-0.773312
1.881321,1.206957,-0.779158
1.891552,1.205788,-0.769073
1.888629,1.209003,-0.773312
1.887167,1.216019,-0.776089
1.892429,1.215726,-0.773458
1.88746,1.208419,-0.783543
1.883952,1.216019,-0.770827
1.888044,1.213973,-0.781643
1.881321,1.204326,-0.774773
1.889798,1.210465,-0.776089
1.888337,1.217188,-0.770973
1.888337,1.216311,-0.782958
1.890383,1.215434,-0.769658
1.881614,1.211634,-0.776673
1.885998,1.216311,-0.776966
1.891552,1.20988,-0.777697
1.892137,1.210172,-0.774773
1.885998,1.213973,-0.769512
1.883952,1.215726,-0.780912
1.889506,1.205495,-0.777258
1.87986,1.207542,-0.775943
1.89126,1.209296,-0.772143
1.88366,1.204326,-0.770389
1.888044,1.209588,-0.774335
1.883952,1.213973,-0.76995
1.886583,1.208419,-0.777112
1.890675,1.208711,-0.775212
1.885121,1.206957,-0.777843
1.890383,1.20228,-0.772727
1.885998,1.209296,-0.775943
1.884829,1.212511,-0.763812
1.885414,1.214265,-0.761035
1.890675,1.212803,-0.765273
1.883952,1.204034,-0.752265
1.885414,1.21368,-0.771266
1.887752,1.20988,-0.764396
1.888629,1.212511,-0.779743
1.888337,1.213388,-0.76995
1.889798,1.209296,-0.770389
1.886291,1.214265,-0.785151
1.890675,1.208419,-0.78062
1.893598,1.212511,-0.781204
1.890091,1.209588,-0.781497
1.886583,1.207249,-0.779743
1.888337,1.204326,-0.776089
1.87869,1.204911,-0.775212
1.885121,1.210465,-0.766881
1.885998,1.210172,-0.780474
1.893306,1.214557,-0.772581
1.892721,1.213096,-0.780474
1.884537,1.20988,-0.768343
1.889798,1.203449,-0.776381
1.891845,1.211634,-0.770243
1.889798,1.206957,-0.771558
1.879275,1.210465,-0.768489
1.886583,1.211049,-0.779158
1.887167,1.213388,-0.77492
1.885414,1.20988,-0.77375
1.885706,1.204326,-0.766296
1.888629,1.206372,-0.780181
1.884244,1.208126,-0.773458
1.887752,1.214265,-0.770973
1.885998,1.208711,-0.775358
1.886583,1.204619,-0.790266
1.886875,1.209588,-0.774481
1.888629,1.208419,-0.779012
1.884244,1.209003,-0.781935
1.889506,1.206372,-0.772873
1.886583,1.208126,-0.77565
1.880737,1.216019,-0.77945
1.869921,1.232096,-0.801666
1.862029,1.261327,-0.829436
1.842736,1.305759,-0.843905
1.82432,1.354575,-0.875183
1.798889,1.409237,-0.892137
1.786904,1.459807,-0.900029
1.772581,1.491669,-0.893745
1.770535,1.505408,-0.900906
1.763812,1.509208,-0.886437
1.77375,1.522654,-0.859836
1.780766,1.5171,-0.843905
1.776381,1.51447,-0.820959
1.775212,1.501023,-0.821251
1.781058,1.503362,-0.796989
1.781643,1.492254,-0.79582
1.786027,1.481438,-0.793335
1.790704,1.4791,-0.782227
1.793335,1.478515,-0.77945
1.792751,1.467992,-0.778135
1.79772,1.463899,-0.769366
1.796843,1.463315,-0.762058
1.800643,1.47033,-0.763666
1.795966,1.455715,-0.759427
1.811751,1.459807,-0.750804
1.806782,1.456592,-0.755481
1.803859,1.451038,-0.750658
1.809412,1.454253,-0.746711
1.800351,1.447238,-0.751096
1.81672,1.445192,-0.753142
1.814089,1.446068,-0.741304
1.809412,1.446361,-0.742765
1.810289,1.446653,-0.745396
1.811166,1.45133,-0.738673
1.817889,1.454545,-0.743788
1.815259,1.452499,-0.728004
1.81292,1.44373,-0.748319
1.81292,1.452207,-0.735457
1.812336,1.448407,-0.738673
1.81292,1.446068,-0.736334
1.819936,1.448699,-0.736334
1.813213,1.445484,-0.728588
1.813213,1.449576,-0.733265
1.814382,1.440514,-0.742473
1.807659,1.441684,-0.739988
1.818182,1.446945,-0.730927
1.814674,1.442561,-0.73078
1.814382,1.445192,-0.737504
1.804735,1.444607,-0.740281
1.810874,1.442268,-0.744227
1.805905,1.439345,-0.742619
1.817597,1.437591,-0.741011
1.814089,1.44373,-0.739111
1.809997,1.450161,-0.745104
1.804443,1.438176,-0.742619
1.815259,1.435838,-0.738819
1.810582,1.439638,-0.748173
1.81672,1.441099,-0.736334
1.806782,1.438468,-0.744373
1.808828,1.443145,-0.754312
1.81292,1.443145,-0.745688
1.812336,1.442268,-0.738381
1.811166,1.43993,-0.74905
1.811459,1.43993,-0.74905
1.807951,1.446361,-0.733704
1.811459,1.442561,-0.743788
1.813505,1.444314,-0.745835
1.823443,1.439638,-0.738088
1.813797,1.439638,-0.742911
1.815259,1.441684,-0.741011
1.812628,1.442561,-0.741596
1.817889,1.441976,-0.74905
1.815551,1.440222,-0.745542
1.815259,1.45133,-0.741888
1.810289,1.449868,-0.740281
1.814089,1.444607,-0.746127
1.814089,1.438761,-0.735019
1.810874,1.450161,-0.744081
1.821105,1.441684,-0.749781
1.814382,1.44373,-0.742034
1.811459,1.443145,-0.741011
1.811459,1.437591,-0.742473
1.810582,1.435838,-0.745396
1.813213,1.445776,-0.741888
1.81672,1.446361,-0.741742
1.80912,1.441391,-0.738234
1.805028,1.439053,-0.734434
1.816136,1.436714,-0.740134
1.813213,1.436714,-0.73195
1.823443,1.435253,-0.739696
1.820228,1.43613,-0.743496
1.808828,1.446945,-0.754604
1.816428,1.43993,-0.735165
1.814089,1.441684,-0.747442
1.817889,1.43993,-0.745981
1.818766,1.437591,-0.74525
1.814382,1.444022,-0.742327
1.817013,1.444314,-0.730342
1.820228,1.439345,-0.738234
1.817597,1.435253,-0.74335
1.816136,1.438761,-0.754896
1.808243,1.44373,-0.746127
1.809412,1.437884,-0.739988
1.817597,1.43496,-0.74525
1.817597,1.437007,-0.73575
1.815843,1.439345,-0.745396
1.816428,1.445192,-0.750512
1.813213,1.439345,-0.742911
1.810582,1.43993,-0.750219
1.818182,1.438468,-0.73195
1.808828,1.439638,-0.741596
1.807951,1.43613,-0.728588
1.808828,1.438761,-0.73765
1.800935,1.432914,-0.741888
1.802105,1.43993,-0.738965
1.806782,1.442268,-0.739258
1.81672,1.440807,-0.747296
1.803274,1.446945,-0.750804
1.809705,1.439345,-0.745981
1.809997,1.443438,-0.755627
1.807366,1.437007,-0.748612
1.806782,1.444314,-0.739842
1.804443,1.442268,-0.750219
1.80532,1.439345,-0.744958
1.806197,1.45133,-0.73385
1.812628,1.445776,-0.739111
1.807951,1.43613,-0.775797
1.815259,1.441391,-0.741304
1.814674,1.446361,-0.741304
1.82169,1.441976,-0.73765
1.817305,1.446361,-0.744519
1.82052,1.438176,-0.744227
1.814674,1.44373,-0.733265
1.808535,1.440514,-0.739988
1.811166,1.441684,-0.737796
1.812336,1.445484,-0.750073
1.81292,1.440807,-0.737211
1.81672,1.445484,-0.745835
1.816136,1.442268,-0.739258
1.807951,1.448115,-0.740719
1.813797,1.442853,-0.751096
1.809997,1.440222,-0.741158
1.806489,1.440514,-0.751973
1.813213,1.440807,-0.744373
1.810582,1.441684,-0.751535
1.814089,1.441391,-0.737357
1.815843,1.441976,-0.742473
1.814089,1.441099,-0.74715
1.808535,1.440222,-0.743788
1.812336,1.437591,-0.74525
1.817889,1.44753,-0.738965
1.812336,1.444607,-0.734581
1.808535,1.437299,-0.739404
1.811459,1.438468,-0.74335
1.809997,1.443438,-0.755481
1.810289,1.436714,-0.744373
1.806782,1.432914,-0.738234
1.815551,1.442853,-0.745981
1.811459,1.43496,-0.743496
1.811166,1.439345,-0.74525
1.811166,1.448115,-0.734288
1.807366,1.450453,-0.729611
1.809997,1.443145,-0.737357
1.809997,1.441099,-0.738381
1.808243,1.445484,-0.74335
1.80912,1.434668,-0.735165
1.810874,1.444899,-0.736334
1.812043,1.44373,-0.744519
1.813797,1.437007,-0.733119
1.815259,1.450453,-0.740134
1.810289,1.44753,-0.749927
1.814966,1.444607,-0.751535
1.807659,1.445484,-0.742327
1.820228,1.442853,-0.748319
1.822859,1.439345,-0.736481
1.811459,1.445776,-0.743058
1.814382,1.444899,-0.743058
1.819059,1.454253,-0.731511
1.819059,1.444607,-0.73955
1.815551,1.443438,-0.744081
1.813213,1.441391,-0.743935
1.809997,1.438468,-0.746127
1.808243,1.442853,-0.744373
1.814674,1.439053,-0.735896
1.809705,1.441684,-0.742181
1.811459,1.442561,-0.739696
1.810582,1.441684,-0.739842
1.810874,1.437299,-0.739696
1.812336,1.431453,-0.742765
1.815843,1.440514,-0.747296
1.812043,1.436714,-0.744958
1.809997,1.43993,-0.748465
1.800935,1.446361,-0.742619
1.812043,1.440222,-0.744811
1.809705,1.438468,-0.739258
1.813797,1.445776,-0.744811
1.81292,1.438468,-0.745104
1.812336,1.43613,-0.736334
1.809412,1.442268,-0.729319
1.807951,1.441684,-0.737504
1.812628,1.440807,-0.746127
1.806782,1.434668,-0.747735
1.808243,1.442268,-0.749488
1.800643,1.44373,-0.740281
1.806782,1.444607,-0.745688
1.804735,1.437884,-0.74715
1.814089,1.435545,-0.748465
1.806197,1.438468,-0.750219
1.817305,1.44373,-0.74715
1.814674,1.442853,-0.74145
1.809997,1.435838,-0.744081
1.810289,1.440514,-0.732096
1.817013,1.447238,-0.745104
1.81672,1.437884,-0.735311
1.809705,1.442561,-0.748612
1.810874,1.445192,-0.747296
1.812336,1.438761,-0.739111
1.813505,1.444314,-0.733704
1.814966,1.442268,-0.738673
1.811459,1.443438,-0.748904
1.80912,1.444899,-0.74145
1.808243,1.441099,-0.73385
1.815259,1.441099,-0.749196
1.813797,1.445484,-0.741888
1.814966,1.444314,-0.755189
1.810874,1.432914,-0.739988
1.807366,1.439345,-0.739404
1.812043,1.438761,-0.753727
1.814966,1.436422,-0.734873
1.816428,1.438176,-0.743642
1.816136,1.443438,-0.734727
1.812336,1.434084,-0.732242
1.81292,1.439345,-0.735457
1.81292,1.438761,-0.746127
1.812628,1.441684,-0.741011
1.810289,1.450745,-0.746711
1.807659,1.440514,-0.740719
1.813213,1.438468,-0.746565
1.807951,1.437884,-0.747735
1.814674,1.440514,-0.752265
1.817597,1.444607,-0.741304
1.814966,1.444022,-0.754165
1.81292,1.44753,-0.748027
1.805905,1.435838,-0.745981
1.809997,1.448699,-0.72815
1.812628,1.444607,-0.741888
1.807366,1.448699,-0.741011
1.817597,1.450745,-0.731657
1.814674,1.443145,-0.739696
1.810289,1.446653,-0.742181
1.812336,1.43993,-0.741742
1.810874,1.445192,-0.745835
1.813213,1.446361,-0.74145
1.811751,1.439053,-0.745542
1.811751,1.438176,-0.74525
1.805028,1.441684,-0.741158
1.81292,1.440807,-0.740865
1.813797,1.439638,-0.746127
1.818474,1.447822,-0.747442
1.818182,1.439345,-0.734581
1.809412,1.442853,-0.742034
1.813213,1.444607,-0.746711
1.822274,1.443145,-0.745396
1.817597,1.444607,-0.746711
1.81672,1.440807,-0.732096
1.816428,1.446945,-0.742619
1.823443,1.44753,-0.740281
1.813505,1.44373,-0.742473
1.809705,1.449576,-0.746858
1.821105,1.448699,-0.747588
1.811166,1.441976,-0.748027
1.813505,1.446945,-0.738088
1.816136,1.436714,-0.742765
1.818766,1.44753,-0.745688
1.81672,1.440514,-0.740719
1.82549,1.440222,-0.732242
1.818182,1.449576,-0.748319
1.811751,1.445484,-0.740573
1.813505,1.44373,-0.744665
1.815259,1.444607,-0.73765
1.811751,1.446945,-0.740134
1.810874,1.446068,-0.749196
1.817013,1.441976,-0.740573
1.814674,1.441684,-0.746858
1.817597,1.450745,-0.750658
1.815551,1.441684,-0.737504
1.814966,1.433207,-0.737211
1.814674,1.443145,-0.741742
1.82169,1.439638,-0.735896
1.816428,1.438761,-0.742765
1.816428,1.438176,-0.74905
1.807366,1.457176,-0.752119
1.812043,1.44373,-0.741596
1.809412,1.442268,-0.748319
1.817305,1.439053,-0.743058
1.810582,1.438176,-0.749196
1.800351,1.437299,-0.744519
1.808828,1.442561,-0.745688
1.816428,1.437007,-0.744081
1.811459,1.436714,-0.739696
1.802397,1.432622,-0.743496
1.809997,1.439638,-0.741742
1.808828,1.441684,-0.754604
1.816428,1.441684,-0.750365
1.814674,1.438176,-0.744811
1.813505,1.436714,-0.745542
1.812336,1.444899,-0.747735
1.806197,1.435838,-0.74905
1.809997,1.439345,-0.744665
1.807659,1.438468,-0.739696
1.81672,1.445776,-0.749635
1.817889,1.44373,-0.745542
1.812336,1.442268,-0.743935
1.813213,1.440807,-0.738673
1.813505,1.44373,-0.750658
1.811751,1.447238,-0.747296
1.813505,1.448115,-0.740865
1.811166,1.449868,-0.751973
1.819936,1.444607,-0.742765
1.814089,1.442268,-0.741596
1.812336,1.441684,-0.742473
1.816428,1.443145,-0.740573
1.811166,1.444899,-0.785151
1.812043,1.449868,-0.743496
1.811166,1.435545,-0.742619
1.809997,1.441391,-0.737357
1.802689,1.437591,-0.74715
1.811459,1.448407,-0.745104
1.804735,1.435838,-0.740865
1.82052,1.448992,-0.753873
1.807659,1.445484,-0.745542
1.81672,1.443438,-0.741742
1.81292,1.446653,-0.746273
1.813213,1.441391,-0.751388
1.813213,1.44373,-0.753289
1.810874,1.439053,-0.749196
1.81292,1.437884,-0.745396
1.806489,1.440222,-0.742181
1.817013,1.441684,-0.754604
1.815259,1.447238,-0.749635
1.815259,1.446361,-0.747442
1.805028,1.442268,-0.73955
1.807951,1.440514,-0.753727
1.812628,1.444899,-0.738381
1.814966,1.445776,-0.746419
1.809997,1.444899,-0.737504
1.815843,1.444314,-0.75665
1.814089,1.43613,-0.747735
1.810289,1.446068,-0.744081
1.818474,1.440514,-0.740865
1.804735,1.441099,-0.747735
1.804735,1.439053,-0.735457
1.806782,1.441684,-0.745542
1.807366,1.44753,-0.736334
1.808535,1.434668,-0.744081
1.817013,1.447822,-0.742619
1.810582,1.444607,-0.735165
1.811166,1.439053,-0.736188
1.814382,1.447238,-0.749927
1.812043,1.442268,-0.74145
1.814674,1.435838,-0.745104
1.812336,1.444314,-0.749635
1.808535,1.437591,-0.741011
1.80532,1.446361,-0.745396
1.80912,1.44753,-0.738673
1.80912,1.442561,-0.742473
1.810289,1.442853,-0.73078
1.808535,1.442268,-0.737504
1.817597,1.437299,-0.739696
1.808828,1.444607,-0.738527
1.812628,1.448699,-0.740427
1.816136,1.438468,-0.751096
1.814089,1.441976,-0.744227
1.813213,1.437591,-0.741888
1.813797,1.440222,-0.731219
1.819936,1.445192,-0.739842
1.814089,1.44753,-0.732388
1.81672,1.441976,-0.742181
1.807951,1.442268,-0.744811
1.80912,1.445776,-0.743788
1.810874,1.441099,-0.739404
1.814382,1.445484,-0.754019
1.815551,1.439638,-0.734434
1.812628,1.43993,-0.746858
1.812336,1.437591,-0.747004
1.807366,1.445192,-0.748173
1.806197,1.446653,-0.739842
1.812043,1.443438,-0.731365
1.80532,1.44753,-0.738381
1.817889,1.441684,-0.744665
1.812043,1.444022,-0.736042
1.813797,1.445484,-0.736481
1.80912,1.440222,-0.736627
1.819936,1.441099,-0.742765
1.818474,1.433791,-0.740865
1.810582,1.451915,-0.754165
1.805905,1.467115,-0.768927
1.785735,1.484946,-0.799035
1.768196,1.505408,-0.840105
1.77112,1.499854,-0.861736
1.767319,1.505408,-0.88176
1.778427,1.492546,-0.892868
1.772289,1.455422,-0.902806
1.777843,1.441391,-0.907922
1.791289,1.413914,-0.932037
1.811459,1.37796,-0.882052
1.821397,1.332944,-0.861152
1.833382,1.315989,-0.857498
1.845659,1.292312,-0.847705
1.852967,1.282958,-0.843321
1.847705,1.270096,-0.817451
1.853259,1.257527,-0.825636
1.866998,1.254896,-0.802543
1.864659,1.242911,-0.81102
1.869921,1.23765,-0.811605
1.874306,1.234727,-0.805905
1.878983,1.230634,-0.796405
1.870213,1.227127,-0.794066
1.868752,1.226542,-0.794212
1.883075,1.216019,-0.789681
1.881321,1.231511,-0.788366
1.880152,1.220696,-0.788658
1.885998,1.220696,-0.791874
1.891845,1.217188,-0.792897
1.888044,1.222157,-0.785443
1.889506,1.221865,-0.786466
1.881321,1.212803,-0.780181
1.88366,1.217188,-0.789389
1.885706,1.217188,-0.792312
1.892429,1.212511,-0.778427
1.886583,1.213973,-0.787489
1.886583,1.214849,-0.770535
1.883367,1.211049,-0.779743
1.888921,1.218065,-0.776673
1.887752,1.219234,-0.769658
1.893306,1.223034,-0.778135
1.885998,1.212511,-0.779597
1.885121,1.217188,-0.772727
1.884244,1.214265,-0.778866
1.884537,1.216896,-0.813359
1.891552,1.213388,-0.778427
1.891552,1.214557,-0.77945
1.884829,1.205203,-0.773458
1.885121,1.207542,-0.77492
1.884537,1.209588,-0.769073
1.885121,1.210465,-0.776966
1.892137,1.214849,-0.780474
1.882783,1.212511,-0.784127
1.881321,1.214557,-0.77945
1.896229,1.219234,-0.772435
1.887752,1.204911,-0.763519
1.893598,1.214265,-0.782666
1.888337,1.213096,-0.778135
1.884537,1.211049,-0.776235
1.88366,1.205495,-0.778574
1.895645,1.210172,-0.777989
1.889506,1.211049,-0.777112
1.884537,1.207542,-0.783543
1.884244,1.215142,-0.766296
1.891845,1.205495,-0.773312
1.890383,1.205203,-0.774773
1.888629,1.213388,-0.780035
1.885706,1.212803,-0.782958
1.886583,1.215726,-0.768489
1.893014,1.206372,-0.783981
1.886583,1.212219,-0.770681
1.893306,1.203449,-0.781643
1.893598,1.211634,-0.773166
1.890675,1.207249,-0.777112
1.890091,1.202572,-0.771996
1.889506,1.206372,-0.770096
1.888337,1.209003,-0.778135
1.886291,1.204911,-0.774773
1.890091,1.199357,-0.776966
1.887167,1.208711,-0.778281
1.884829,1.205495,-0.777843
1.882491,1.207249,-0.779743
1.889798,1.214557,-0.776381
1.885998,1.206957,-0.774189
1.880444,1.212511,-0.778427
1.877813,1.214849,-0.776235
1.871675,1.209588,-0.784127
1.881906,1.212219,-0.777258
1.882198,1.206665,-0.774043
1.886291,1.211634,-0.771996
1.884244,1.20988,-0.773604
1.880444,1.213096,-0.781058
1.887167,1.213096,-0.772143
1.88366,1.207249,-0.777404
1.882491,1.204619,-0.775212
1.890383,1.201988,-0.776527
1.88366,1.210172,-0.778574
1.886291,1.21368,-0.774627
1.885121,1.20988,-0.787489
1.885414,1.203157,-0.774627
1.883075,1.211342,-0.77565
1.882491,1.208126,-0.77945
1.877813,1.209588,-0.782227
1.880737,1.211342,-0.775504
1.888921,1.212219,-0.771996
1.884829,1.215142,-0.778281
1.884537,1.215142,-0.788804
1.887752,1.218065,-0.776381
1.887167,1.204619,-0.777112
1.892429,1.216603,-0.770827
1.886875,1.208419,-0.776089
1.883075,1.211634,-0.779889
1.886875,1.207542,-0.77185
1.88746,1.211634,-0.775066
1.881321,1.216896,-0.764981
1.884244,1.216019,-0.770535
1.884829,1.21368,-0.77565
1.886583,1.214265,-0.772727
1.880152,1.209296,-0.788074
1.885414,1.209003,-0.773312
1.888629,1.216019,-0.787635
1.883952,1.216896,-0.784127
1.877813,1.21748,-0.776381
1.886291,1.213973,-0.768781
1.884244,1.216896,-0.772581
1.88366,1.218357,-0.772873
1.885706,1.214849,-0.774773
1.884537,1.216896,-0.774773
1.893891,1.215726,-0.76732
1.878983,1.217188,-0.771558
1.880737,1.217188,-0.767173
1.877229,1.207249,-0.774627
1.884829,1.215726,-0.776235
1.887167,1.208711,-0.772727
1.885706,1.216896,-0.773604
1.884244,1.212803,-0.770243
1.892721,1.213973,-0.778281
1.893891,1.216603,-0.76732
1.885998,1.212219,-0.768489
1.889506,1.210465,-0.76922
1.890675,1.213096,-0.775943
1.884244,1.215434,-0.770243
1.88366,1.216019,-0.779597
1.884537,1.210172,-0.76995
1.890968,1.202572,-0.782812
1.890091,1.207834,-0.776089
1.883952,1.214265,-0.772289
1.885121,1.215726,-0.76922
1.890091,1.220403,-0.78135
1.88746,1.212511,-0.774627
1.88746,1.209588,-0.773166
1.881906,1.214849,-0.776381
1.883367,1.210465,-0.770681
1.876352,1.213973,-0.769366
1.879567,1.214265,-0.780327
1.881321,1.207249,-0.774335
1.882783,1.217188,-0.780474
1.881321,1.21748,-0.769658
1.887167,1.215142,-0.772143
1.885414,1.212803,-0.77302
1.884244,1.215142,-0.771996
1.87489,1.213973,-0.77185
1.882198,1.209588,-0.778574
1.878983,1.217773,-0.776089
1.871383,1.211342,-0.774773
1.882198,1.204911,-0.768196
1.885414,1.21368,-0.770827
1.884244,1.223619,-0.772727
1.883075,1.209588,-0.772727
1.880152,1.216603,-0.767904
1.883367,1.211634,-0.772143
1.880737,1.212803,-0.77302
1.880152,1.208711,-0.776381
1.881614,1.211049,-0.774043
1.886583,1.213388,-0.77302
1.881321,1.21368,-0.776089
1.878106,1.214557,-0.780766
1.876644,1.215434,-0.77945
1.878983,1.214557,-0.775797
1.880737,1.208711,-0.77375
1.885121,1.214849,-0.77112
1.883075,1.20988,-0.778135
1.883367,1.206665,-0.778574
1.884244,1.218942,-0.781204
1.885121,1.218065,-0.76922
1.886583,1.209588,-0.76425
1.88746,1.218942,-0.775066
1.883952,1.210757,-0.762496
1.892721,1.216603,-0.780912
1.876937,1.214849,-0.774189
1.882491,1.212219,-0.78062
1.883952,1.209588,-0.771558
1.882783,1.216019,-0.777112
1.880152,1.211926,-0.781058
1.885706,1.212803,-0.779158
1.880444,1.210465,-0.769512
1.880152,1.217773,-0.773458
1.880444,1.222742,-0.772873
1.879567,1.231511,-0.80152
1.865536,1.250804,-0.816428
1.845951,1.28822,-0.842444
1.818182,1.35019,-0.880883
1.806782,1.398129,-0.893745
1.791289,1.449576,-0.902514
1.77872,1.476469,-0.895645
1.768196,1.505408,-0.894329
1.762643,1.513592,-0.876937
1.757381,1.522946,-0.860275
1.769073,1.518854,-0.837621
1.769073,1.508331,-0.82242
1.780181,1.505992,-0.825636
1.78135,1.4981,-0.809997
1.782227,1.505116,-0.811605
1.779889,1.497515,-0.796551
1.785151,1.492838,-0.780474
1.785735,1.484654,-0.778135
1.797428,1.478223,-0.77302
1.797428,1.467407,-0.764689
1.802397,1.465653,-0.760889
1.796843,1.467992,-0.762496
1.800058,1.466238,-0.761181
1.794212,1.461853,-0.762204
1.801228,1.454545,-0.759573
1.800058,1.457761,-0.742327
1.806197,1.455422,-0.743642
1.803566,1.452792,-0.752119
1.802689,1.451038,-0.75285
1.805028,1.444314,-0.756212
1.800935,1.449576,-0.743058
1.806197,1.447822,-0.754458
1.80532,1.449576,-0.751535
1.806782,1.449868,-0.755919
1.805028,1.448992,-0.749196
1.807074,1.449576,-0.745396
1.811166,1.444899,-0.74715
1.798012,1.445484,-0.75855
1.801228,1.443438,-0.745981
1.803566,1.450453,-0.743204
1.805905,1.441976,-0.740427
1.800935,1.44373,-0.742034
1.800643,1.443145,-0.74715
1.792458,1.444022,-0.748904
1.80912,1.448699,-0.747735
1.807074,1.43613,-0.744958
1.805028,1.435545,-0.740281
1.810289,1.43496,-0.739696
1.806782,1.439053,-0.738527
1.809412,1.446068,-0.735165
1.81672,1.439345,-0.734142
1.805028,1.444607,-0.732388
1.803859,1.441976,-0.738088
1.810289,1.441976,-0.745104
1.801812,1.447822,-0.733704
1.800058,1.442853,-0.741888
1.798305,1.442268,-0.742765
1.800351,1.446361,-0.733411
1.803859,1.448115,-0.73955
1.804443,1.443438,-0.744227
1.797428,1.444314,-0.74525
1.805028,1.445192,-0.740573
1.803859,1.447238,-0.743496
1.802105,1.44373,-0.727273
1.807659,1.440222,-0.736481
1.805612,1.448699,-0.731804
1.80912,1.44373,-0.744811
1.810582,1.439053,-0.742765
1.804443,1.441976,-0.741596
1.809412,1.443145,-0.732242
1.80912,1.444314,-0.743204
1.805028,1.446068,-0.736042
1.807074,1.438176,-0.738819
1.810289,1.441976,-0.738381
1.809997,1.437884,-0.734288
1.812336,1.439053,-0.741304
1.812336,1.448407,-0.736481
1.807659,1.438468,-0.722011
1.803859,1.438761,-0.731804
1.809997,1.443145,-0.730634
1.808243,1.444022,-0.726542
1.811751,1.44373,-0.726834
1.810874,1.439053,-0.734727
1.807659,1.439345,-0.731219
1.807951,1.438468,-0.73385
1.806782,1.437299,-0.739842
1.810874,1.443438,-0.741742
1.812336,1.432622,-0.744811
1.807951,1.43496,-0.745396
1.815843,1.435253,-0.734288
1.814382,1.440514,-0.74145
1.804443,1.437884,-0.742327
1.80532,1.442561,-0.740865
1.809412,1.441099,-0.743058
1.806197,1.437591,-0.743788
1.803859,1.441099,-0.742619
1.808535,1.439638,-0.743204
1.810874,1.443145,-0.74145
1.81292,1.441099,-0.744081
1.810874,1.43993,-0.731073
1.80912,1.438176,-0.733119
1.818766,1.443145,-0.751388
1.807659,1.447822,-0.747588
1.816428,1.441976,-0.737942
1.804151,1.441976,-0.734727
1.808828,1.447822,-0.742619
1.806782,1.442561,-0.739988
1.808535,1.452207,-0.738381
1.814674,1.441391,-0.739842
1.804151,1.441391,-0.734727
1.806489,1.438761,-0.744811
1.802982,1.443438,-0.742181
1.809705,1.43993,-0.740865
1.800935,1.439345,-0.751096
1.806197,1.444607,-0.736627
1.811166,1.441684,-0.742619
1.807951,1.447822,-0.739696
1.807366,1.442268,-0.747588
1.809997,1.442853,-0.747442
1.807951,1.444607,-0.739842
1.812628,1.447238,-0.716457
1.80912,1.435545,-0.747004
1.806489,1.444022,-0.744811
1.801812,1.444314,-0.751535
1.805612,1.442268,-0.735604
1.803566,1.444899,-0.739696
1.812628,1.448992,-0.74525
1.802982,1.442561,-0.739258
1.806489,1.437007,-0.743935
1.805028,1.437884,-0.743496
1.808828,1.442561,-0.739404
1.800643,1.444607,-0.739988
1.803566,1.438468,-0.742473
1.807659,1.437884,-0.744811
1.806489,1.440514,-0.749342
1.808243,1.433207,-0.734581
1.807659,1.437591,-0.748465
1.807074,1.44753,-0.741742
1.811459,1.441684,-0.728588
1.808535,1.442853,-0.748612
1.809412,1.441976,-0.747735
1.807659,1.449576,-0.745104
1.810582,1.445484,-0.747004
1.80912,1.443438,-0.753873
1.812628,1.442268,-0.753142
1.813213,1.446945,-0.74715
1.809705,1.444607,-0.750804
1.807951,1.444607,-0.745542
1.808828,1.449576,-0.748027
1.811751,1.449284,-0.746127
1.808243,1.442268,-0.748173
1.810582,1.439638,-0.745542
1.807366,1.444899,-0.729611
1.803566,1.443145,-0.737211
1.800643,1.446361,-0.743058
1.810874,1.438176,-0.741888
1.806197,1.434084,-0.725665
1.808535,1.443438,-0.740134
1.817305,1.444607,-0.734142
1.806197,1.443438,-0.737211
1.809412,1.442268,-0.732096
1.80532,1.439638,-0.737357
1.807951,1.442853,-0.741742
1.802689,1.445484,-0.741158
1.809705,1.434376,-0.750512
1.803859,1.440514,-0.745688
1.808535,1.440514,-0.740281
1.809705,1.444899,-0.747881
1.813505,1.442268,-0.743642
1.807659,1.443438,-0.744081
1.811166,1.435838,-0.734288
1.816428,1.445192,-0.746419
1.805612,1.437591,-0.745396
1.810582,1.437007,-0.749196
1.808828,1.447238,-0.743058
1.807951,1.445192,-0.747588
1.80912,1.442561,-0.737065
1.812336,1.441099,-0.735604
1.806782,1.446361,-0.735019
1.810582,1.442268,-0.746127
1.813505,1.443438,-0.74335
1.805028,1.438468,-0.739404
1.804443,1.440514,-0.756358
1.801228,1.446068,-0.745981
1.808828,1.44753,-0.74525
1.80532,1.444607,-0.746711
1.807074,1.446068,-0.747004
1.807659,1.442561,-0.750073
1.805612,1.448699,-0.737796
1.810874,1.441684,-0.747881
1.811166,1.445776,-0.745688
1.80912,1.440807,-0.738234
1.812043,1.442561,-0.740427
1.809412,1.444022,-0.749781
1.809705,1.441099,-0.727273
1.815259,1.442561,-0.743058
1.801228,1.444022,-0.739111
1.811166,1.443438,-0.751535
1.805612,1.443145,-0.734288
1.806197,1.446068,-0.749781
1.807074,1.44373,-0.751681
1.812043,1.446945,-0.735457
1.812628,1.438468,-0.744958
1.81292,1.443145,-0.733557
1.809705,1.43993,-0.746127
1.807951,1.442853,-0.732242
1.804735,1.432622,-0.749635
1.807951,1.443438,-0.740134
1.808828,1.445776,-0.744665
1.807366,1.442853,-0.746858
1.803859,1.440514,-0.74525
1.808828,1.446068,-0.739258
1.804151,1.445776,-0.742034
1.813797,1.443438,-0.736627
1.819643,1.445776,-0.741888
1.809412,1.440222,-0.746419
1.810582,1.442561,-0.746419
1.811166,1.439345,-0.735165
1.810874,1.442853,-0.742473
1.807074,1.441976,-0.737211
1.807074,1.44373,-0.744665
1.804443,1.44373,-0.74715
1.807951,1.441391,-0.781058
1.806197,1.44373,-0.74145
1.800351,1.440514,-0.750512
1.803274,1.447238,-0.758112
1.812628,1.437884,-0.743058
1.812336,1.443438,-0.740281
1.798305,1.441684,-0.758842
1.813797,1.443438,-0.734727
1.811459,1.444607,-0.750219
1.814089,1.442561,-0.742619
1.806782,1.442268,-0.743642
1.800935,1.437884,-0.746127
1.805028,1.443438,-0.740427
1.802982,1.439345,-0.738088
1.805028,1.443438,-0.740719
1.807366,1.445192,-0.729465
1.814674,1.448115,-0.74145
1.809705,1.446361,-0.73268
1.807366,1.440807,-0.735896
1.807366,1.441391,-0.740134
1.802689,1.442561,-0.729904
1.806197,1.448699,-0.742181
1.806197,1.445484,-0.737065
1.812628,1.44373,-0.745396
1.803566,1.449284,-0.738819
1.806489,1.444022,-0.748173
1.814674,1.448407,-0.748173
1.81672,1.446653,-0.748758
1.804151,1.441684,-0.753289
1.806489,1.448699,-0.740427
1.807659,1.448992,-0.75475
1.811459,1.441684,-0.744227
1.805612,1.441976,-0.741596
1.812043,1.441684,-0.745835
1.805612,1.443438,-0.736481
1.803566,1.446653,-0.754312
1.80912,1.447822,-0.742034
1.807951,1.441684,-0.746127
1.808535,1.437591,-0.735457
1.802982,1.444314,-0.755773
1.806489,1.452499,-0.752704
1.806197,1.438176,-0.738965
1.810582,1.436422,-0.742911
1.804151,1.439345,-0.743935
1.807659,1.448699,-0.737065
1.814674,1.441391,-0.744958
1.80532,1.447822,-0.739258
1.812628,1.438761,-0.742473
1.809997,1.446361,-0.744811
1.80532,1.445776,-0.740719
1.809412,1.446068,-0.737357
1.809705,1.445192,-0.750658
1.81672,1.436422,-0.743496
1.809412,1.448699,-0.755335
1.81292,1.449868,-0.73765
1.809997,1.439345,-0.742911
1.813505,1.443438,-0.745396
1.806197,1.441684,-0.736627
1.799474,1.435838,-0.743204
1.805905,1.441976,-0.748465
1.809412,1.441099,-0.738819
1.807659,1.445192,-0.749342
1.805905,1.444022,-0.738819
1.806197,1.435838,-0.742034
1.812336,1.447822,-0.735604
1.809412,1.445776,-0.741742
1.807366,1.43993,-0.748612
1.80532,1.444899,-0.748319
1.812628,1.439638,-0.731365
1.806782,1.440807,-0.742034
1.804735,1.443438,-0.739842
1.813797,1.444899,-0.73765
1.806197,1.440514,-0.741158
1.802397,1.445192,-0.746419
1.801812,1.442561,-0.740281
1.812336,1.441976,-0.748612
1.813797,1.444607,-0.732388
1.810582,1.446361,-0.748904
1.813797,1.447238,-0.730342
1.813797,1.452792,-0.744081
1.811751,1.447822,-0.747735
1.813213,1.444314,-0.741158
1.806489,1.448992,-0.745981
1.805612,1.443145,-0.748319
1.808828,1.445192,-0.744811
1.80532,1.437007,-0.746858
1.803566,1.448992,-0.746711
1.80912,1.452792,-0.746858
1.811166,1.441099,-0.740281
1.81292,1.446945,-0.742619
1.802982,1.442561,-0.750804
1.810582,1.439638,-0.744958
1.802982,1.44753,-0.741596
1.80152,1.444314,-0.743496
1.803274,1.442561,-0.744811
1.804735,1.443145,-0.73195
1.803566,1.445776,-0.746273
1.800935,1.443145,-0.738527
1.801228,1.446068,-0.738381
1.809997,1.445484,-0.738965
1.810289,1.436422,-0.744811
1.805612,1.442268,-0.751535
1.807951,1.44753,-0.746858
1.811166,1.442853,-0.744227
1.80532,1.43496,-0.756358
1.80532,1.439638,-0.744227
1.806489,1.448699,-0.743496
1.798597,1.458053,-0.773166
1.783104,1.48553,-0.788512
1.77375,1.508331,-0.820374
1.763227,1.509208,-0.855013
1.764104,1.510377,-0.878837
1.76615,1.504238,-0.890675
1.769658,1.480854,-0.906168
1.77492,1.446068,-0.903245
1.785151,1.418299,-0.89886
1.802105,1.381467,-0.886144
1.824905,1.345805,-0.876352
1.828413,1.319497,-0.862029
1.836305,1.29962,-0.833528
1.840982,1.290851,-0.849167
1.849167,1.282374,-0.842736
1.853259,1.271266,-0.824613
1.860859,1.257527,-0.816428
1.864075,1.255481,-0.816428
1.864659,1.249927,-0.802251
1.868752,1.239988,-0.795674
1.869044,1.238234,-0.798305
1.869336,1.228296,-0.805612
1.869921,1.229173,-0.798889
1.869921,1.234142,-0.798597
1.87109,1.22625,-0.793335
1.878983,1.228004,-0.796843
1.878398,1.217188,-0.787781
1.876937,1.222157,-0.789389
1.876644,1.220403,-0.779597
1.87986,1.20988,-0.78822
1.878983,1.222742,-0.787343
1.89126,1.211926,-0.782958
1.881321,1.214849,-0.779743
1.880152,1.210172,-0.77872
1.88366,1.209296,-0.778135
1.882198,1.20988,-0.780035
1.885998,1.216019,-0.770827
1.87986,1.207249,-0.776527
1.87869,1.208419,-0.78632
1.881029,1.210757,-0.786174
1.883075,1.214265,-0.771704
1.878106,1.205788,-0.77945
1.878398,1.209296,-0.780327
1.875767,1.210465,-0.777258
1.881906,1.208711,-0.780912
1.87606,1.205495,-0.778866
1.881906,1.212219,-0.784566
1.87869,1.209588,-0.78442
1.883952,1.203449,-0.78822
1.885414,1.211049,-0.781789
1.881614,1.213973,-0.786758
1.880152,1.219234,-0.792751
1.889798,1.211926,-0.784566
1.880737,1.211342,-0.786758
1.885414,1.210757,-0.781643
1.884829,1.219234,-0.791728
1.888044,1.213973,-0.782958
1.881906,1.205788,-0.788804
1.883367,1.210757,-0.785589
1.881321,1.214849,-0.783835
1.885998,1.214557,-0.782081
1.888044,1.209003,-0.77565
1.884537,1.21368,-0.791143
1.881906,1.21368,-0.772143
1.885998,1.203157,-0.779743
1.881906,1.206957,-0.776966
1.88366,1.212803,-0.779012
1.886875,1.208419,-0.781643
1.884244,1.204326,-0.777697
1.884244,1.20608,-0.772873
1.88366,1.211049,-0.774481
1.883367,1.212219,-0.776673
1.880737,1.208126,-0.810874
1.887752,1.212511,-0.777112
1.879275,1.211634,-0.783251
1.885998,1.213096,-0.776673
1.879275,1.210172,-0.777404
1.880152,1.213096,-0.779304
1.882198,1.210757,-0.780912
1.883367,1.209003,-0.78442
1.886291,1.215142,-0.787781
1.885414,1.206957,-0.77565
1.880152,1.209003,-0.784127
1.888921,1.211342,-0.787781
1.877229,1.212511,-0.772581
1.885414,1.206372,-0.776527
1.885121,1.206372,-0.782374
1.885414,1.206372,-0.792458
1.887752,1.206665,-0.789243
1.882783,1.212219,-0.775943
1.876937,1.207834,-0.780474
1.88366,1.209003,-0.770827
1.886291,1.20608,-0.777112
1.877229,1.210465,-0.785881
1.883952,1.211342,-0.781497
1.884244,1.214849,-0.77872
1.881029,1.206957,-0.780474
1.883367,1.207834,-0.768343
1.884829,1.206957,-0.785151
1.877813,1.210465,-0.774043
1.880152,1.212803,-0.793774
1.882198,1.208711,-0.776673
1.875475,1.219234,-0.778281
1.879567,1.209003,-0.785735
1.881321,1.212803,-0.774189
1.885121,1.215142,-0.781643
1.885414,1.210465,-0.780035
1.880152,1.207834,-0.775212
1.885706,1.20228,-0.77755
1.878983,1.212511,-0.784566
1.883367,1.208711,-0.780766
1.883075,1.20608,-0.779597
1.877813,1.203742,-0.781789
1.883075,1.207249,-0.77492
1.884829,1.213388,-0.781789
1.881614,1.213388,-0.776235
1.886875,1.217188,-0.772873
1.888044,1.211926,-0.777697
1.881906,1.209003,-0.777843
1.881029,1.212219,-0.782666
1.881906,1.209003,-0.771558
1.889506,1.207834,-0.786612
1.885706,1.211634,-0.770096
1.885121,1.210757,-0.773897
1.890675,1.202865,-0.779889
1.885121,1.204619,-0.782227
1.880152,1.20608,-0.78062
1.877229,1.215142,-0.779304
1.881321,1.20228,-0.782958
1.879567,1.210757,-0.772435
1.881321,1.207249,-0.772289
1.881906,1.20608,-0.774773
1.885414,1.210172,-0.77682
1.87986,1.215726,-0.781935
1.878106,1.206665,-0.773604
1.87869,1.207249,-0.778135
1.885414,1.214849,-0.773458
1.881906,1.205203,-0.768781
1.885121,1.211342,-0.767466
1.878983,1.20608,-0.775066
1.881906,1.210757,-0.784566
1.885414,1.212511,-0.778135
1.880152,1.206957,-0.78135
1.876644,1.214265,-0.77945
1.882783,1.212803,-0.779743
1.87606,1.217188,-0.78632
1.881906,1.20988,-0.764396
1.883367,1.217773,-0.770389
1.886291,1.213388,-0.777697
1.874013,1.211049,-0.767612
1.880737,1.212803,-0.773897
1.887167,1.210757,-0.76732
1.884244,1.20988,-0.779743
1.884244,1.215434,-0.776381
1.882198,1.212219,-0.772289
1.883075,1.211342,-0.786758
1.878398,1.215726,-0.783835
1.881321,1.211342,-0.779597
1.883952,1.211049,-0.784712
1.879567,1.20608,-0.787781
1.881029,1.209003,-0.776966
1.877813,1.203157,-0.786174
1.886875,1.211634,-0.77872
1.877813,1.211049,-0.770681
1.879275,1.209588,-0.783689
1.887752,1.211926,-0.777989
1.890091,1.20988,-0.772873
1.88366,1.21368,-0.769804
1.880444,1.205495,-0.788074
1.88366,1.211634,-0.766296
1.885414,1.21865,-0.780912
1.883367,1.208419,-0.777258
1.876352,1.207249,-0.780035
1.87606,1.208711,-0.788512
1.883367,1.209588,-0.77755
1.881906,1.214265,-0.778866
1.882198,1.211342,-0.774773
1.881906,1.215142,-0.777112
1.885706,1.214265,-0.763081
1.880737,1.211049,-0.776381
1.880444,1.208126,-0.776235
1.886291,1.208126,-0.767027
1.883075,1.213973,-0.773604
1.879567,1.210172,-0.782374
1.884829,1.209003,-0.773166
1.879275,1.215142,-0.788658
1.874598,1.211926,-0.775212
1.875767,1.210172,-0.773897
1.890968,1.211342,-0.778281
1.887167,1.213388,-0.764835
1.879567,1.21368,-0.768489
1.886291,1.223911,-0.772581
1.875767,1.208126,-0.776235
1.881614,1.216311,-0.775066
1.876352,1.210172,-0.769073
1.881906,1.208711,-0.772581
1.878398,1.211926,-0.778574
1.881321,1.217773,-0.757527
1.878398,1.214265,-0.772435
1.883075,1.218357,-0.778427
1.886291,1.212511,-0.775797
1.88366,1.213973,-0.775797
1.880152,1.209296,-0.773166
1.885706,1.210757,-0.773604
1.884537,1.213973,-0.775943
1.876937,1.21368,-0.767466
1.878106,1.215726,-0.767612
1.888921,1.211634,-0.766296
1.887167,1.208126,-0.77682
1.878398,1.206665,-0.781497
1.876937,1.211926,-0.776673
1.884244,1.207834,-0.773312
1.878983,1.216896,-0.777697
1.875183,1.204619,-0.772727
1.883952,1.201988,-0.776235
1.881029,1.201988,-0.765858
1.885998,1.210465,-0.77682
1.881321,1.204619,-0.77682
1.88366,1.211342,-0.774627
1.876937,1.203157,-0.770389
1.881029,1.21368,-0.773604
1.881906,1.215142,-0.775797
1.883952,1.209003,-0.77682
1.871967,1.212511,-0.771704
1.880737,1.215434,-0.770535
1.885121,1.216311,-0.779597
1.884829,1.21368,-0.774335
1.882198,1.211634,-0.770389
1.880152,1.209003,-0.781643
1.882198,1.214557,-0.777404
1.888044,1.209588,-0.786466
1.87986,1.211926,-0.769804
1.884244,1.208711,-0.781643
1.881321,1.212219,-0.778427
1.881614,1.209588,-0.774773
1.877813,1.213388,-0.783104
1.879275,1.210465,-0.771266
1.881906,1.208126,-0.775797
1.884244,1.207834,-0.777989
1.880737,1.212803,-0.77302
1.885414,1.214849,-0.774773
1.888921,1.213388,-0.772289
1.877813,1.211049,-0.770096
1.875475,1.214849,-0.770243
1.881321,1.213096,-0.77375
1.885414,1.207834,-0.76425
1.883952,1.212511,-0.773897
1.880152,1.218357,-0.783104
1.885414,1.211342,-0.77872
1.880152,1.211634,-0.776089
1.882783,1.220403,-0.768927
1.875475,1.212511,-0.780035
1.886583,1.216311,-0.781204
1.884537,1.204326,-0.774773
1.88366,1.210757,-0.772873
1.884244,1.217188,-0.780181
1.883952,1.209296,-0.776673
1.875767,1.207542,-0.780474
1.887752,1.210757,-0.77185
1.888337,1.20988,-0.772581
1.878983,1.205203,-0.76615
1.887167,1.208419,-0.777404
1.87986,1.205788,-0.77945
1.881029,1.214849,-0.766004
1.886291,1.21368,-0.775504
1.886875,1.212511,-0.780327
1.883367,1.210172,-0.774773
1.880152,1.21748,-0.783104
1.882783,1.212219,-0.766735
1.881614,1.207249,-0.775358
1.886875,1.21368,-0.769658
1.878983,1.215142,-0.77872
1.880737,1.213973,-0.76615
1.881321,1.21368,-0.77565
1.882491,1.203742,-0.789389
1.882198,1.211049,-0.772435
1.883367,1.212511,-0.77872
1.878983,1.216311,-0.783251
1.883075,1.208711,-0.779012
1.885121,1.214849,-0.769073
1.893891,1.214849,-0.772289
1.886291,1.213388,-0.779158
1.885998,1.213096,-0.777989
1.885706,1.202865,-0.776089
1.881321,1.207834,-0.78135
1.88366,1.217188,-0.76805
1.878398,1.209588,-0.762496
1.884244,1.208419,-0.774043
1.883952,1.216603,-0.779889
1.883952,1.210465,-0.77565
1.881321,1.205788,-0.782666
1.886583,1.213973,-0.76922
1.885414,1.214849,-0.776673
1.888921,1.216603,-0.772581
1.884537,1.213388,-0.77565
1.880737,1.213973,-0.770973
1.881029,1.214557,-0.779597
1.883075,1.218357,-0.768927
1.879567,1.213096,-0.77112
1.87606,1.222157,-0.771996
1.882783,1.211926,-0.772435
1.884537,1.210172,-0.77755
1.87489,1.21368,-0.771558
1.879275,1.212803,-0.781643
1.882491,1.210757,-0.763812
1.884537,1.210757,-0.778866
1.883075,1.213096,-0.785881
1.878106,1.211634,-0.781935
1.883075,1.21368,-0.779743
1.871675,1.216896,-0.784712
1.887752,1.219526,-0.776527
1.886583,1.218942,-0.77945
1.879275,1.212511,-0.789681
1.881614,1.210465,-0.773166
1.883952,1.216311,-0.775066
1.879567,1.208711,-0.766443
1.87606,1.208419,-0.783981
1.876352,1.214265,-0.772289
1.877229,1.219234,-0.786612
1.878983,1.210465,-0.778281
1.87606,1.207249,-0.778866
1.877521,1.208711,-0.785589
1.87489,1.209003,-0.776381
1.883367,1.210757,-0.785881
1.883952,1.215434,-0.787928
1.881321,1.217188,-0.775066
1.881029,1.217773,-0.770535
1.877521,1.218942,-0.767027
1.88366,1.213096,-0.771412
1.877521,1.220403,-0.774481
1.875767,1.210757,-0.783689
1.880737,1.215142,-0.778866
1.882491,1.215142,-0.775358
1.880737,1.216311,-0.765566
1.878106,1.218357,-0.775358
1.87986,1.204911,-0.776527
1.88366,1.211634,-0.77755
1.87869,1.214557,-0.780035
1.892429,1.218357,-0.777112
1.878983,1.208711,-0.77755
1.87869,1.211926,-0.782666
1.87489,1.211342,-0.759719
1.88366,1.212803,-0.774043
1.884537,1.207834,-0.77682
1.885414,1.205788,-0.762496
1.880152,1.22128,-0.779304
1.887167,1.216019,-0.772581
1.881906,1.208711,-0.772581
1.882491,1.212803,-0.775066
1.878398,1.211634,-0.773166
1.878398,1.216019,-0.776235
1.87986,1.208419,-0.761473
1.880737,1.214265,-0.774043
1.876352,1.213096,-0.763373
1.88366,1.209588,-0.77945
1.873429,1.206957,-0.777112
1.87986,1.20608,-0.770389
1.875183,1.210757,-0.772435
1.881029,1.210465,-0.770973
1.869629,1.209296,-0.779304
1.873721,1.211634,-0.780181
1.879567,1.212511,-0.76805
1.882783,1.213973,-0.763081
1.880737,1.210465,-0.771704
1.878983,1.215434,-0.774481
1.875767,1.215726,-0.764689
1.878106,1.216896,-0.769658
1.882491,1.210172,-0.774773
1.877813,1.215142,-0.771558
1.882783,1.214265,-0.782081
1.873721,1.209003,-0.769512
1.87489,1.214849,-0.77945
1.87986,1.214265,-0.76995
1.87489,1.218065,-0.771996
1.877813,1.21368,-0.777843
1.881906,1.214557,-0.778574
1.877813,1.218357,-0.768343
1.871675,1.211634,-0.760889
1.869044,1.214849,-0.775066
1.874013,1.207249,-0.768781
1.880737,1.214265,-0.779597
1.878398,1.211342,-0.773604
1.878106,1.211926,-0.77112
1.882198,1.211926,-0.770681
1.879275,1.212803,-0.775943
1.881614,1.212803,-0.77945
1.884829,1.21865,-0.784127
1.883367,1.215726,-0.784274
1.87489,1.214557,-0.772873
1.879567,1.215142,-0.782081
1.885121,1.210172,-0.771704
1.88366,1.212803,-0.769073
1.881614,1.205788,-0.781935
1.881321,1.211342,-0.789389
1.876352,1.210465,-0.772727
1.875767,1.206372,-0.772435
1.882491,1.211634,-0.77565
1.881614,1.20988,-0.761473
1.880152,1.20988,-0.764396
1.87869,1.210172,-0.771266
1.879275,1.215434,-0.767758
1.878398,1.211049,-0.770096
1.880444,1.210172,-0.774627
1.877229,1.215142,-0.778135
1.882198,1.207249,-0.764981
1.880152,1.213096,-0.772581
1.885121,1.214849,-0.768489
1.876937,1.216311,-0.770535
1.876644,1.208711,-0.774189
1.880444,1.211634,-0.763812
1.883075,1.211634,-0.784712
1.876644,1.219234,-0.772435
1.882491,1.21368,-0.768927
1.87986,1.215434,-0.77565
1.885121,1.212511,-0.765419
1.881029,1.212803,-0.774773
1.87606,1.213973,-0.772873
1.888921,1.207542,-0.770681
1.880737,1.213388,-0.778866
1.884244,1.216311,-0.773166
1.879275,1.217188,-0.769366
1.886875,1.215434,-0.77302
1.881906,1.210172,-0.782374
1.886875,1.21368,-0.77375
1.888337,1.213388,-0.760304
1.884244,1.214265,-0.780912
1.88366,1.208126,-0.78062
1.877813,1.21368,-0.778135
1.884244,1.212219,-0.774627
1.885414,1.213388,-0.776673
1.879567,1.209588,-0.772289
1.880444,1.214557,-0.777697
1.878983,1.211634,-0.77185
1.880152,1.211634,-0.76615
1.873721,1.214557,-0.771266
1.880737,1.211926,-0.765858
1.883952,1.209588,-0.784127
1.882783,1.207249,-0.769366
1.881029,1.207542,-0.77755
1.881614,1.214849,-0.770973
1.884829,1.213388,-0.76805
1.881029,1.212219,-0.77872
1.87986,1.210465,-0.762204
1.878106,1.210465,-0.779158
1.880737,1.209003,-0.78135
1.886875,1.216603,-0.777258
1.882491,1.211634,-0.765566
1.88366,1.213388,-0.769804
1.882198,1.201988,-0.774627
1.886583,1.211342,-0.777843
1.885998,1.212803,-0.775504
1.886583,1.213096,-0.783104
1.876352,1.215142,-0.770535
1.881614,1.215726,-0.779743
1.882491,1.212511,-0.775066
1.881906,1.213973,-0.78442
1.883075,1.211926,-0.771996
1.881321,1.213388,-0.768635
1.875767,1.210172,-0.777258
1.885121,1.21368,-0.77112
1.890968,1.207249,-0.773312
1.885414,1.208419,-0.778135
1.882783,1.209588,-0.773897
1.881614,1.215434,-0.777404
1.886291,1.215726,-0.784274
1.881614,1.210757,-0.776235
1.882783,1.208126,-0.779597
1.885414,1.20608,-0.769658
1.878398,1.211049,-0.783104
1.885121,1.204034,-0.768196
1.880152,1.205788,-0.773604
1.873429,1.20988,-0.774189
1.881906,1.212803,-0.778574
1.884244,1.211634,-0.778866
1.880152,1.205203,-0.77682
1.88366,1.209296,-0.783543
1.882198,1.209003,-0.777112
1.880737,1.21368,-0.774627
1.886291,1.208711,-0.773897
1.883952,1.216019,-0.773458
1.885998,1.21865,-0.767758
1.878106,1.220111,-0.773604
1.884537,1.216311,-0.774627
1.885706,1.208126,-0.775212
1.881614,1.21368,-0.770681
1.878398,1.209588,-0.776381
1.883367,1.218065,-0.76805
1.885121,1.20988,-0.77492
1.881614,1.208711,-0.771412
1.879567,1.223619,-0.775943
1.884537,1.211634,-0.772727
1.883952,1.216896,-0.773312
1.885998,1.213973,-0.784712
1.885706,1.210757,-0.771558
1.887752,1.204619,-0.769073
1.88366,1.213388,-0.770389
1.88366,1.216019,-0.771412
1.884244,1.205203,-0.78252
1.877813,1.207834,-0.774335
1.881906,1.20608,-0.780181
1.886875,1.213973,-0.764104
1.887167,1.207542,-0.774189
1.882783,1.220696,-0.781204
1.882198,1.208419,-0.772435
1.88366,1.20988,-0.776673
1.88746,1.209588,-0.76805
1.884244,1.212511,-0.774481
1.885706,1.209588,-0.77185
1.887752,1.213388,-0.764835
1.887167,1.21748,-0.768781
1.879275,1.210757,-0.770827
1.888044,1.216311,-0.769366
1.881614,1.216896,-0.778574
1.875475,1.216311,-0.774481
1.876352,1.209296,-0.773604
1.881906,1.210465,-0.761035
1.883075,1.214557,-0.776673
1.883075,1.211342,-0.776966
1.880737,1.216019,-0.764981
1.88746,1.215434,-0.768489
1.883075,1.215434,-0.774189
1.891552,1.216896,-0.772435
1.890091,1.21865,-0.783835
1.885414,1.215726,-0.769658
1.883075,1.219234,-0.777404
1.884537,1.220111,-0.77112
1.884829,1.22625,-0.790851
1.874598,1.245835,-0.802251
1.851213,1.285589,-0.837182
1.835721,1.333528,-0.869921
1.813213,1.387314,-0.889506
1.789535,1.432622,-0.89696
1.780474,1.47033,-0.888483
1.767612,1.496346,-0.889944
1.767319,1.504531,-0.871237
1.761181,1.513885,-0.862467
1.760304,1.524993,-0.845221
1.773166,1.514762,-0.821836
1.793628,1.495469,-0.782374
1.80152,1.472084,-0.746858
1.818182,1.434084,-0.719526
1.838644,1.391114,-0.695411
1.849459,1.354575,-0.66881
1.85589,1.326513,-0.65741
1.876352,1.318328,-0.654779
1.872552,1.294651,-0.631979
1.884244,1.27945,-0.638702
1.888044,1.277112,-0.641771
1.896521,1.258696,-0.624233
1.900614,1.249342,-0.634317
1.91026,1.246419,-0.629933
1.907337,1.239988,-0.618825
1.906168,1.234727,-0.628325
1.900029,1.235896,-0.625694
1.909675,1.227127,-0.626717
1.908799,1.22128,-0.631248
1.904706,1.227127,-0.630079
1.913183,1.223327,-0.63154
1.913476,1.215142,-0.624086
1.907922,1.219234,-0.624379
1.908214,1.224788,-0.63271
1.905875,1.222157,-0.635194
1.907045,1.223034,-0.628325
1.907629,1.222742,-0.638848
1.899737,1.220111,-0.635633
1.899737,1.214849,-0.620725
1.90646,1.215142,-0.633002
1.906752,1.210172,-0.628033
1.904122,1.214557,-0.626717
1.907629,1.216019,-0.642502
1.901783,1.213388,-0.626425
1.90646,1.215726,-0.624233
1.903537,1.216019,-0.639433
1.906752,1.217773,-0.622917
1.893306,1.213973,-0.622333
1.871383,1.216019,-0.621748
1.940368,1.216896,-0.635779
1.870798,1.210757,-0.633002
1.909091,1.214265,-0.61941
1.939199,1.218065,-0.623502
1.90646,1.218942,-0.628179
1.913183,1.220403,-0.628763
1.907922,1.213388,-0.625256
1.909091,1.211634,-0.627448
1.909383,1.217188,-0.641625
1.909091,1.213388,-0.630517
1.907337,1.209003,-0.626425
1.915229,1.216019,-0.635194
1.916106,1.211049,-0.631394
1.907922,1.219526,-0.634317
1.907045,1.212219,-0.634464
1.907629,1.212803,-0.619117
1.909091,1.219819,-0.629056
1.905875,1.221573,-0.636071
1.904706,1.208419,-0.632564
1.907045,1.211049,-0.634756
1.907045,1.207249,-0.634902
1.913768,1.209003,-0.628033
1.907045,1.212511,-0.629348
1.903829,1.215726,-0.62891
1.911137,1.219526,-0.634317
1.905291,1.214557,-0.62964
1.911722,1.216603,-0.625987
1.912599,1.213096,-0.635925
1.908506,1.214265,-0.626133
1.904999,1.210172,-0.626133
1.902075,1.214557,-0.629933
1.904706,1.22245,-0.62394
1.906752,1.215142,-0.631394
1.90266,1.216311,-0.625694
1.901491,1.21368,-0.627594
1.907922,1.209296,-0.625402
1.905583,1.212219,-0.638848
1.89886,1.215726,-0.637533
1.902952,1.212511,-0.633587
1.914937,1.212803,-0.629056
1.912306,1.210465,-0.625548
1.91026,1.213388,-0.625402
1.904706,1.212803,-0.633294
1.912599,1.216019,-0.62774
1.905583,1.216311,-0.635194
1.905291,1.214849,-0.637971
1.903829,1.215726,-0.637241
1.907922,1.214265,-0.625987
1.913183,1.211342,-0.638994
1.916691,1.20608,-0.630371
1.917276,1.213096,-0.635487
1.911722,1.211049,-0.63461
1.904122,1.215726,-0.635048
1.914937,1.215142,-0.635487
1.917276,1.208419,-0.62891
1.912891,1.205495,-0.628471
1.911137,1.208711,-0.62014
1.914937,1.216019,-0.624086
1.907629,1.218065,-0.62394
1.912014,1.212219,-0.63154
1.909091,1.212219,-0.624671
1.907045,1.213096,-0.621748
1.910845,1.209003,-0.621456
1.908506,1.213973,-0.635925
1.90266,1.213388,-0.634756
1.908214,1.211634,-0.630664
1.906752,1.216311,-0.625548
1.905875,1.212219,-0.631833
1.912306,1.211049,-0.635633
1.915229,1.211926,-0.635925
1.911722,1.209588,-0.622479
1.906168,1.210465,-0.618971
1.908799,1.207834,-0.626571
1.912599,1.216019,-0.632856
1.914353,1.211634,-0.633733
1.91026,1.213973,-0.624379
1.908214,1.209588,-0.635779
1.912599,1.215434,-0.634902
1.909675,1.218942,-0.627448
1.911137,1.213096,-0.62511
1.912306,1.221573,-0.621894
1.905291,1.214849,-0.629933
1.913768,1.214557,-0.62204
1.911429,1.215726,-0.633879
1.912891,1.218942,-0.632125
1.906168,1.20608,-0.640456
1.912014,1.219234,-0.630225
1.907629,1.21368,-0.626717
1.911137,1.211634,-0.633587
1.913476,1.213973,-0.636071
1.912014,1.211049,-0.622917
1.910845,1.207542,-0.636364
1.904414,1.204911,-0.62511
1.907922,1.211342,-0.637241
1.913476,1.207834,-0.627302
1.91026,1.210757,-0.632271
1.905291,1.206957,-0.634902
1.914645,1.20988,-0.621748
1.912599,1.216896,-0.630664
1.909091,1.209003,-0.629494
1.912014,1.214849,-0.621894
1.904999,1.207834,-0.633587
1.905875,1.21368,-0.622479
1.901783,1.214849,-0.622479
1.912306,1.213096,-0.630225
1.908214,1.21368,-0.629787
1.913768,1.211342,-0.633294
1.912014,1.207249,-0.63344
1.919614,1.20988,-0.625694
1.915522,1.211634,-0.626279
1.912014,1.214557,-0.63344
1.909091,1.206665,-0.633148
1.910845,1.211634,-0.630664
1.914937,1.212803,-0.624379
1.911722,1.207542,-0.63461
1.910553,1.207542,-0.634464
1.908214,1.206665,-0.636071
1.914353,1.211634,-0.642064
1.903537,1.213388,-0.620871
1.908799,1.212511,-0.62394
1.907922,1.210465,-0.629202
1.907629,1.20988,-0.622771
1.909675,1.208711,-0.622186
1.915229,1.213096,-0.613563
1.909968,1.213388,-0.619848
1.909675,1.216019,-0.635779
1.908799,1.213388,-0.633002
1.908506,1.222157,-0.632417
1.909383,1.207249,-0.627887
1.908506,1.207834,-0.62701
1.902952,1.216603,-0.634756
1.908799,1.207834,-0.624525
1.907922,1.213388,-0.61941
1.909383,1.206665,-0.628471
1.904414,1.216896,-0.631248
1.909675,1.214849,-0.630079
1.915522,1.21748,-0.629787
1.915522,1.211049,-0.63344
1.902368,1.214849,-0.627302
1.904999,1.204911,-0.620286
1.900322,1.211049,-0.633294
1.904122,1.213973,-0.635194
1.907922,1.212803,-0.631394
1.902075,1.223034,-0.618971
1.909675,1.213096,-0.625402
1.908506,1.212219,-0.632271
1.901783,1.210757,-0.614733
1.907337,1.212803,-0.624817
1.911429,1.215434,-0.624379
1.906168,1.216603,-0.627302
1.905291,1.211634,-0.63081
1.905875,1.212511,-0.635341
1.911137,1.214849,-0.624086
1.902368,1.21368,-0.621894
1.905291,1.216603,-0.619263
1.908214,1.216019,-0.624671
1.90646,1.212803,-0.627156
1.910845,1.215142,-0.626717
1.912306,1.216603,-0.618386
1.902075,1.212511,-0.622186
1.908506,1.20608,-0.624671
1.904706,1.211049,-0.623502
1.911429,1.215726,-0.630517
1.900906,1.206957,-0.635779
1.903537,1.209588,-0.634025
1.900614,1.206665,-0.630956
1.909968,1.215726,-0.623356
1.910553,1.210172,-0.626571
1.913183,1.206372,-0.620286
1.911137,1.207834,-0.630225
1.90646,1.203449,-0.62511
1.912014,1.210465,-0.630079
1.909383,1.216019,-0.62891
1.911722,1.20608,-0.619117
1.908506,1.216896,-0.619263
1.910553,1.210757,-0.629933
1.913476,1.214849,-0.625987
1.90646,1.205495,-0.621602
1.901783,1.210757,-0.640894
1.902952,1.214265,-0.626279
1.912599,1.206665,-0.631979
1.906752,1.21368,-0.624817
1.903537,1.214557,-0.637094
1.907337,1.209296,-0.63081
1.906168,1.210172,-0.633002
1.912891,1.211634,-0.619848
1.907629,1.211342,-0.618094
1.906168,1.207542,-0.638848
1.912014,1.209588,-0.626717
1.909675,1.204911,-0.621748
1.900614,1.208126,-0.639141
1.902952,1.211926,-0.632125
1.899445,1.216311,-0.624817
1.906752,1.212511,-0.637971
1.903829,1.209296,-0.636071
1.905291,1.210465,-0.622333
1.907045,1.215142,-0.61941
1.906752,1.212511,-0.618533
1.902368,1.213096,-0.630517
1.903245,1.209588,-0.621017
1.909091,1.213973,-0.620579
1.915814,1.207542,-0.620579
1.915814,1.206372,-0.618386
1.909675,1.210465,-0.620725
1.909091,1.209296,-0.632125
1.904999,1.210757,-0.617948
1.910845,1.19848,-0.631979
1.911429,1.210757,-0.628033
1.904122,1.204034,-0.633002
1.908799,1.216603,-0.620433
1.909675,1.219526,-0.62774
1.908506,1.210465,-0.624671
1.902075,1.214849,-0.623063
1.905875,1.208126,-0.623502
1.907629,1.213973,-0.629348
1.870798,1.20988,-0.628763
1.944168,1.213973,-0.617656
1.899152,1.212219,-0.619994
1.911429,1.211342,-0.618533
1.910553,1.213096,-0.622186
1.912599,1.218065,-0.621456
1.905583,1.205788,-0.628617
1.907045,1.216603,-0.617948
1.907922,1.219819,-0.63461
1.914353,1.214849,-0.635633
1.910845,1.220111,-0.63154
1.907922,1.210172,-0.624233
1.910553,1.210757,-0.630956
1.908506,1.208419,-0.611225
1.912891,1.213096,-0.619994
1.908214,1.212511,-0.629494
1.903537,1.212219,-0.643671
1.907337,1.206957,-0.637387
1.913183,1.209588,-0.63271
1.913476,1.215434,-0.627887
1.911429,1.212219,-0.627156
1.905875,1.215434,-0.61941
1.911722,1.215726,-0.624525
1.909968,1.211342,-0.630664
1.912599,1.211634,-0.625987
1.907922,1.207249,-0.62774
1.907922,1.212803,-0.616925
1.911722,1.214265,-0.624233
1.904122,1.209588,-0.626863
1.905875,1.215434,-0.62891
1.907045,1.209003,-0.620579
1.907337,1.217188,-0.631102
1.903829,1.209296,-0.625402
1.907337,1.215726,-0.626863
1.911137,1.208419,-0.630079
1.901491,1.207249,-0.620871
1.907922,1.213096,-0.616194
1.910553,1.216019,-0.629202
1.912306,1.211342,-0.635779
1.911429,1.217188,-0.638117
1.910553,1.204034,-0.635341
1.906168,1.203449,-0.621894
1.905291,1.216019,-0.62131
1.918153,1.211634,-0.63081
1.907922,1.207542,-0.624817
1.900322,1.210465,-0.63344
1.908214,1.212219,-0.623063
1.905875,1.210757,-0.631102
1.90266,1.212511,-0.635925
1.904706,1.206372,-0.626279
1.906752,1.20988,-0.624671
1.905291,1.205788,-0.623794
1.908214,1.212511,-0.628763
1.912891,1.211634,-0.630371
1.905583,1.204326,-0.627302
1.907629,1.216603,-0.624671
1.912891,1.212219,-0.635487
1.908214,1.209296,-0.629787
1.908799,1.208711,-0.63344
1.899737,1.20988,-0.619994
1.907045,1.209296,-0.622186
1.906168,1.205203,-0.626863
1.900322,1.209296,-0.624963
1.905583,1.214265,-0.624379
1.913476,1.207542,-0.63081
1.915814,1.213096,-0.622479
1.908214,1.214557,-0.636948
1.903829,1.212511,-0.625256
1.909383,1.215434,-0.61824
1.913183,1.210757,-0.624817
1.911429,1.212219,-0.623063
1.908799,1.216019,-0.629202
1.908214,1.21368,-0.626279
1.904414,1.213388,-0.623794
1.905875,1.214265,-0.637094
1.903829,1.210757,-0.634317
1.908214,1.211049,-0.626571
1.900614,1.203157,-0.621894
1.905583,1.21368,-0.623502
1.909383,1.206957,-0.624671
1.909968,1.210172,-0.624817
1.908506,1.211926,-0.624086
1.91026,1.21368,-0.623648
1.909383,1.220111,-0.617802
1.908214,1.222157,-0.622771
1.908799,1.207542,-0.618971
1.909968,1.215726,-0.630664
1.907629,1.214557,-0.626279
1.909675,1.216311,-0.618825
1.913183,1.21865,-0.629056
1.908506,1.222742,-0.629056
1.903537,1.216311,-0.623356
1.903537,1.215726,-0.636802
1.905875,1.212511,-0.632856
1.903829,1.218942,-0.623794
1.908506,1.214849,-0.631102
1.904414,1.218065,-0.631833
1.905291,1.214849,-0.626571
1.905583,1.217773,-0.639141
1.903245,1.220111,-0.636071
1.908214,1.219234,-0.629348
1.907045,1.207542,-0.629056
1.906168,1.213096,-0.62204
1.899737,1.21368,-0.630517
1.905583,1.208126,-0.630517
1.904706,1.208419,-0.62774
1.900906,1.207249,-0.624525
1.901199,1.206957,-0.639141
1.910553,1.206372,-0.630664
1.908506,1.209296,-0.62584
1.902368,1.203742,-0.632125
1.908506,1.209003,-0.634171
1.901491,1.208419,-0.636802
1.912891,1.217188,-0.630956
1.906168,1.211049,-0.624817
1.912306,1.210757,-0.630079
1.903537,1.214557,-0.627594
1.913476,1.216311,-0.642064
1.905583,1.209588,-0.620871
1.910553,1.217188,-0.626571
1.907337,1.216896,-0.628763
1.904414,1.213388,-0.622771
1.91026,1.211926,-0.62204
1.904999,1.212511,-0.625402
1.904706,1.218065,-0.630517
1.902952,1.206665,-0.62891
1.907922,1.218065,-0.627594
1.909383,1.221573,-0.641479
1.910845,1.217773,-0.63081
1.910553,1.212511,-0.625694
1.913476,1.214849,-0.63154
1.91406,1.216896,-0.625987
1.903537,1.212803,-0.629787
1.908214,1.213096,-0.621602
1.91406,1.216311,-0.619117
1.914937,1.21865,-0.624086
1.909968,1.220403,-0.627887
1.906752,1.211049,-0.620871
1.910845,1.214265,-0.628033
1.907629,1.212219,-0.629787
1.91026,1.214265,-0.628179
1.911722,1.208711,-0.633148
1.914645,1.215434,-0.62204
1.911722,1.211049,-0.628033
1.912891,1.213973,-0.624379
1.907629,1.212219,-0.624086
1.903245,1.205495,-0.629056
1.913476,1.216603,-0.624817
1.909968,1.203742,-0.623502
1.907629,1.208711,-0.629202
1.909091,1.214557,-0.631833
1.913476,1.213388,-0.622186
1.91406,1.211634,-0.628179
1.913476,1.223619,-0.628763
1.914645,1.210172,-0.63344
1.908214,1.211049,-0.621894
1.908214,1.215434,-0.626571
1.909968,1.213388,-0.634317
1.915522,1.21748,-0.629202
1.909968,1.217188,-0.630956
1.909091,1.213096,-0.650102
1.911429,1.210172,-0.627887
1.911722,1.212511,-0.634902
1.914645,1.215726,-0.632417
1.912014,1.211342,-0.628033
1.909968,1.214265,-0.632125
1.905583,1.214265,-0.625694
1.911137,1.218357,-0.613563
1.910845,1.210465,-0.630664
1.911722,1.216896,-0.643671
1.912306,1.211049,-0.62964
1.940368,1.215434,-0.634902
1.905291,1.216603,-0.629348
1.912599,1.218357,-0.63651
1.913476,1.214265,-0.639141
1.908799,1.212219,-0.631687
1.917276,1.218357,-0.628033
1.906752,1.214265,-0.630225
1.915229,1.217773,-0.621456
1.908214,1.209296,-0.630517
1.907045,1.211342,-0.635779
1.907922,1.210465,-0.637971
1.904414,1.219526,-0.635341
1.90646,1.21368,-0.631248
1.905291,1.213388,-0.630664
1.913183,1.217773,-0.628617
1.909383,1.211926,-0.626571
1.903245,1.213388,-0.629933
1.913768,1.219234,-0.624963
1.912306,1.212219,-0.636656
1.907629,1.217773,-0.630225
1.904706,1.213973,-0.629056
1.911722,1.214265,-0.629056
1.910553,1.221573,-0.637679
1.909675,1.219819,-0.620433
1.907337,1.213973,-0.62131
1.906168,1.207542,-0.635925
1.912599,1.213096,-0.635925
1.912306,1.219234,-0.626571
1.908799,1.213388,-0.619556
1.902075,1.220111,-0.631979
1.908214,1.218942,-0.634171
1.908506,1.214265,-0.633148
1.911429,1.212511,-0.635194
1.907045,1.219526,-0.623063
1.911137,1.213973,-0.644402
1.90646,1.213096,-0.626717
1.910553,1.216603,-0.631833
1.911722,1.216603,-0.623648
1.905583,1.214849,-0.630517
1.905875,1.211049,-0.640164
1.909091,1.213388,-0.62394
1.908506,1.20988,-0.624379
1.908506,1.213388,-0.620433
1.912891,1.217773,-0.626425
1.910553,1.213973,-0.626279
1.915229,1.214265,-0.622917
1.908506,1.212219,-0.62774
1.909383,1.209003,-0.628179
1.917568,1.214849,-0.62774
1.910845,1.201695,-0.622771
1.916399,1.210172,-0.635925
1.944461,1.208126,-0.625548
1.913183,1.212219,-0.631248
1.912014,1.212511,-0.628179
1.911722,1.209003,-0.638848
1.907045,1.210757,-0.627887
1.908214,1.212511,-0.631394
1.909091,1.218357,-0.620433
1.910845,1.205788,-0.625987
1.912599,1.211634,-0.63461
1.914645,1.210465,-0.628617
1.912891,1.215434,-0.627302
1.916399,1.211926,-0.61941
1.909383,1.21368,-0.620433
1.905583,1.209588,-0.622479
1.907045,1.207249,-0.627887
1.910845,1.217773,-0.628471
1.914353,1.207249,-0.630079
1.912014,1.218357,-0.63081
1.908799,1.21368,-0.618971
1.902368,1.211634,-0.62014
1.915814,1.208711,-0.630225
1.913476,1.214849,-0.630664
1.913476,1.209296,-0.640456
1.914937,1.211926,-0.627448
1.909675,1.209588,-0.631102
1.917276,1.209296,-0.626717
1.916106,1.212803,-0.62394
1.913183,1.212803,-0.628033
1.909091,1.209296,-0.62774
1.912014,1.209003,-0.620286
1.914353,1.212219,-0.625402
1.907337,1.210172,-0.636071
1.908214,1.20608,-0.63344
1.909383,1.213973,-0.62891
1.907922,1.210172,-0.637094
1.903829,1.215434,-0.623648
1.903537,1.211926,-0.635779
1.911429,1.211634,-0.632125
1.907922,1.22128,-0.632856
1.907337,1.209003,-0.629348
1.901491,1.228588,-0.63081
1.897398,1.244373,-0.627887
1.882491,1.278866,-0.637094
1.865244,1.33879,-0.655802
1.842444,1.391991,-0.696288
1.810874,1.441684,-0.744081
1.804443,1.475592,-0.775066
1.786612,1.487284,-0.800643
1.78135,1.516516,-0.827828
1.774335,1.515054,-0.853113
1.771704,1.514762,-0.869921
1.769073,1.496638,-0.888629
1.77112,1.481438,-0.895498
1.780181,1.453668,-0.900906
1.795381,1.418883,-0.899591
1.813797,1.377375,-0.884829
1.822859,1.344051,-0.859982
1.834259,1.315405,-0.857644
1.834259,1.306343,-0.853552
1.842736,1.292897,-0.836013
1.853844,1.281789,-0.837474
1.858521,1.272435,-0.818328
1.861736,1.258696,-0.819351
1.864659,1.251096,-0.808536
1.873429,1.234727,-0.797282
1.871675,1.235019,-0.793774
1.876644,1.233265,-0.800058
1.87109,1.238527,-0.792458
1.87986,1.235019,-0.790558
1.875183,1.224496,-0.789974
1.881321,1.228588,-0.785151
1.882198,1.220111,-0.788804
1.881906,1.220403,-0.777112
1.886291,1.220696,-0.781935
1.880737,1.213388,-0.777697
1.876352,1.21748,-0.782374
1.883075,1.223911,-0.781058
1.88366,1.214557,-0.777404
1.887752,1.214849,-0.783689
1.885121,1.209588,-0.776235
1.885706,1.218065,-0.778135
1.886291,1.209588,-0.768927
1.885121,1.214849,-0.774043
1.892137,1.211049,-0.77872
1.884829,1.205788,-0.785881
1.882783,1.207834,-0.770827
1.891552,1.214265,-0.776235
1.880444,1.215434,-0.782227
1.881321,1.207249,-0.776381
1.885414,1.209588,-0.781497
1.882783,1.207542,-0.785881
1.882198,1.210757,-0.775943
1.884537,1.209296,-0.777697
1.88366,1.20608,-0.775066
1.886875,1.214849,-0.767466
1.885998,1.207542,-0.781497
1.882198,1.205788,-0.777112
1.888044,1.21748,-0.767904
1.889506,1.215434,-0.763519
1.888337,1.215142,-0.779304
1.884829,1.204911,-0.77755
1.883075,1.218065,-0.786612
1.886875,1.214557,-0.771704
1.887167,1.215726,-0.76922
1.889506,1.215434,-0.767027
1.878983,1.222742,-0.785443
1.875183,1.237065,-0.802543
1.868752,1.265419,-0.820374
1.842444,1.301082,-0.852821
1.816136,1.350775,-0.868021
1.802982,1.402806,-0.892868
1.784858,1.452499,-0.907337
1.775212,1.477638,-0.907191
1.769073,1.506577,-0.896522
1.769073,1.516516,-0.880883
1.768489,1.521485,-0.874744
1.768489,1.515346,-0.839813
1.782812,1.510085,-0.822128
1.798889,1.487577,-0.796258
1.806782,1.456007,-0.741596
1.825782,1.413622,-0.719819
1.841859,1.376206,-0.684303
1.860859,1.341713,-0.684011
1.865244,1.321543,-0.662526
1.86729,1.29962,-0.661941
1.87606,1.289974,-0.641041
1.881906,1.281497,-0.641041
1.885998,1.266589,-0.643087
1.892137,1.254019,-0.640456
1.890968,1.243496,-0.645571
1.893014,1.246127,-0.643964
1.896229,1.239404,-0.638117
1.897106,1.235019,-0.646595
1.901491,1.231219,-0.637387
1.905875,1.224203,-0.63461
1.903245,1.225665,-0.62394
1.897106,1.22508,-0.631687
1.902075,1.220696,-0.627594
1.905583,1.223034,-0.630517
1.904999,1.220696,-0.614148
1.902952,1.216896,-0.633294
1.901491,1.220988,-0.62774
1.902368,1.214265,-0.633587
1.900322,1.220403,-0.631979
1.904706,1.216603,-0.638264
1.904706,1.219234,-0.636656
1.903537,1.215434,-0.644548
1.905583,1.204619,-0.642648
1.911722,1.212219,-0.638117
1.905583,1.215142,-0.634902
1.903537,1.207834,-0.634902
1.896814,1.211049,-0.631979
1.902952,1.212803,-0.637094
1.905583,1.207542,-0.640018
1.904706,1.218942,-0.629202
1.902368,1.212219,-0.630664
1.90266,1.21748,-0.635194
1.903829,1.213973,-0.625694
1.914937,1.213973,-0.638556
1.907922,1.218357,-0.641918
1.910553,1.214849,-0.633733
1.912891,1.214557,-0.64411
1.905291,1.208126,-0.631687
1.905291,1.210465,-0.635194
1.911137,1.213973,-0.630225
1.898275,1.213973,-0.631248
1.908799,1.213973,-0.627448
1.907922,1.220111,-0.628033
1.914937,1.213388,-0.633587
1.913476,1.212803,-0.628763
1.908799,1.211634,-0.636802
1.906752,1.216311,-0.624817
1.904999,1.208419,-0.644548
1.912014,1.214265,-0.634756
1.907045,1.212219,-0.617363
1.90646,1.211634,-0.631979
1.911429,1.213096,-0.624379
1.908214,1.220111,-0.630517
1.909675,1.216311,-0.602163
1.911137,1.211049,-0.670564
1.912306,1.212803,-0.624086
1.908214,1.211049,-0.627156
1.906752,1.216896,-0.62584
1.91406,1.209003,-0.63651
1.904706,1.215434,-0.620286
1.907922,1.210757,-0.628471
1.905291,1.212219,-0.638556
1.911722,1.215726,-0.631102
1.912014,1.218942,-0.631394
1.904122,1.20988,-0.63461
1.912306,1.214265,-0.626571
1.910845,1.208126,-0.633733
1.90646,1.219234,-0.629348
1.915229,1.21748,-0.635048
1.910845,1.216603,-0.641041
1.900906,1.205495,-0.627302
1.907629,1.218357,-0.624525
1.90646,1.213388,-0.627448
1.909383,1.21748,-0.629494
1.912306,1.214849,-0.628617
1.913768,1.213388,-0.629933
1.908214,1.216603,-0.642941
1.91406,1.216603,-0.639871
1.912306,1.216311,-0.634464
1.906168,1.217188,-0.628325
1.908506,1.22245,-0.638848
1.91026,1.216019,-0.637241
1.909091,1.22245,-0.63841
1.915229,1.208126,-0.638117
1.90646,1.217773,-0.638702
1.904706,1.218357,-0.626717
1.900906,1.215142,-0.626279
1.899152,1.209296,-0.628763
1.916983,1.211049,-0.624379
1.911137,1.211634,-0.629787
1.909383,1.223619,-0.633148
1.917276,1.216311,-0.628617
1.906168,1.223034,-0.627448
1.909091,1.218357,-0.627156
1.908799,1.211926,-0.630371
1.905875,1.220111,-0.621456
1.906168,1.206957,-0.622917
1.907337,1.206665,-0.631833
1.903537,1.214265,-0.62964
1.905875,1.211342,-0.633148
1.91026,1.212219,-0.637825
1.90646,1.216603,-0.633002
1.905583,1.210172,-0.629348
1.910845,1.211342,-0.626717
1.915229,1.213973,-0.634464
1.911137,1.217188,-0.625402
1.909968,1.211634,-0.628033
1.914937,1.214265,-0.637533
1.912014,1.213096,-0.637971
1.908799,1.212511,-0.632271
1.903245,1.215726,-0.630225
1.911137,1.212511,-0.638994
1.912599,1.215434,-0.628617
1.910553,1.215434,-0.626863
1.907629,1.21865,-0.63651
1.908799,1.213096,-0.633587
1.912599,1.22128,-0.633002
1.903829,1.22508,-0.629494
1.913768,1.215434,-0.641041
1.911429,1.212219,-0.626425
1.909383,1.212803,-0.619994
1.918153,1.219819,-0.628179
1.912306,1.209003,-0.626133
1.913476,1.216019,-0.629787
1.916691,1.211634,-0.633879
1.913768,1.21748,-0.624817
1.907629,1.214265,-0.63344
1.89886,1.208419,-0.629348
1.905875,1.214557,-0.632271
1.906168,1.211049,-0.625987
1.905583,1.211634,-0.626279
1.903537,1.213973,-0.626717
1.912599,1.21368,-0.62964
1.912014,1.218942,-0.635194
1.909968,1.20988,-0.626425
1.90266,1.208419,-0.632271
1.909091,1.212803,-0.622625
1.907337,1.206957,-0.624963
1.910553,1.211049,-0.624817
1.907045,1.219819,-0.627448
1.904706,1.212803,-0.625694
1.914937,1.219819,-0.628471
1.912306,1.217188,-0.640018
1.908506,1.214849,-0.627594
1.908799,1.219819,-0.631394
1.909091,1.214265,-0.627302
1.909675,1.208419,-0.629202
1.909675,1.217773,-0.630664
1.907337,1.217188,-0.628033
1.911137,1.209003,-0.627594
1.903245,1.214849,-0.627594
1.901783,1.210757,-0.622186
1.909968,1.211926,-0.618386
1.91406,1.225373,-0.627594
1.916106,1.216603,-0.62584
1.908799,1.21368,-0.637825
1.909968,1.22508,-0.632271
1.909968,1.216896,-0.62774
1.909675,1.220111,-0.625256
1.91026,1.22508,-0.625694
1.909091,1.223034,-0.629787
1.902952,1.21748,-0.635048
1.910845,1.213973,-0.625694
1.910845,1.212511,-0.630371
1.907337,1.213973,-0.62584
1.906168,1.215726,-0.629933
1.909383,1.215726,-0.624233
1.908506,1.209588,-0.618971
1.903537,1.213096,-0.632271
1.908799,1.211926,-0.627448
1.911722,1.219819,-0.628179
1.91026,1.220988,-0.635341
1.908214,1.208711,-0.634902
1.908214,1.203157,-0.635633
1.914937,1.213096,-0.637094
1.912306,1.20988,-0.626717
1.907337,1.212511,-0.618094
1.907629,1.208711,-0.634171
1.909091,1.212219,-0.630664
1.912891,1.209296,-0.63081
1.909091,1.20988,-0.621017
1.902368,1.213973,-0.636217
1.907629,1.218942,-0.629056
1.904999,1.214849,-0.624963
1.899152,1.211342,-0.632417
1.909968,1.215726,-0.630956
1.905583,1.216896,-0.633294
1.911722,1.213096,-0.625256
1.906752,1.210172,-0.624379
1.897398,1.21865,-0.631687
1.907045,1.215142,-0.637679
1.905583,1.210172,-0.626279
1.907337,1.209003,-0.631102
1.904999,1.217188,-0.627156
1.900906,1.218357,-0.630225
1.904414,1.210465,-0.62131
1.897106,1.214265,-0.63081
1.903829,1.215434,-0.627302
1.909383,1.212803,-0.625987
1.90646,1.210465,-0.63081
1.907922,1.210757,-0.62891
1.907629,1.212803,-0.628179
1.90266,1.215434,-0.629348
1.900029,1.213973,-0.62891
1.914645,1.219526,-0.634317
1.911722,1.217188,-0.630664
1.909968,1.21748,-0.62964
1.875475,1.213096,-0.624525
1.909675,1.21748,-0.635633
1.91026,1.213973,-0.630664
1.909968,1.215434,-0.623356
1.909675,1.213388,-0.627448
1.908506,1.20988,-0.627156
1.905583,1.216019,-0.631248
1.911722,1.207834,-0.62964
1.907629,1.214557,-0.62964
1.915814,1.212803,-0.635194
1.909091,1.216311,-0.626425
1.907337,1.214849,-0.629202
1.908506,1.219526,-0.62321
1.905875,1.210465,-0.627302
1.902368,1.217188,-0.634902
1.907045,1.211634,-0.633002
1.910845,1.215142,-0.619556
1.914937,1.213096,-0.626717
1.908799,1.222157,-0.635779
1.899445,1.213973,-0.628033
1.905291,1.211342,-0.633002
1.904122,1.218357,-0.640456
1.905875,1.220111,-0.619994
1.91026,1.214557,-0.619994
1.901199,1.219234,-0.622917
1.907045,1.220111,-0.62584
1.907922,1.213388,-0.629348
1.908214,1.212219,-0.628763
1.907629,1.208419,-0.630517
1.903537,1.211342,-0.638994
1.907922,1.219819,-0.627448
1.912306,1.218942,-0.618533
1.906168,1.215434,-0.626425
1.903537,1.219234,-0.624525
1.907337,1.211049,-0.63081
1.905875,1.22128,-0.633587
1.909675,1.219819,-0.622625
1.913476,1.213096,-0.634025
1.902075,1.215726,-0.637241
1.909968,1.213973,-0.622771
1.912599,1.214849,-0.61941
1.90646,1.213973,-0.622625
1.899445,1.212803,-0.621894
1.912891,1.215142,-0.633148
1.908214,1.211049,-0.628179
1.909968,1.204911,-0.623794
1.91026,1.210172,-0.625548
1.904122,1.211049,-0.625694
1.910553,1.213096,-0.63344
1.904122,1.214265,-0.62321
1.904706,1.216311,-0.629494
1.911429,1.216019,-0.599678
1.916106,1.212803,-0.622625
1.907629,1.208126,-0.629933
1.905291,1.208126,-0.62964
1.910845,1.213096,-0.619263
1.871967,1.214265,-0.624379
1.906168,1.208419,-0.631833
1.915229,1.211634,-0.638556
1.909968,1.208711,-0.62394
1.91406,1.208126,-0.635925
1.902952,1.212219,-0.618386
1.915522,1.220696,-0.627594
1.908214,1.210465,-0.628179
1.905583,1.21748,-0.625694
1.908214,1.213096,-0.628617
1.91406,1.208126,-0.632856
1.912599,1.209296,-0.628763
1.912014,1.208126,-0.63344
1.909968,1.20988,-0.626279
1.913183,1.207249,-0.621894
1.904706,1.209588,-0.622186
1.907045,1.203742,-0.627448
1.904122,1.209296,-0.628179
1.919906,1.209588,-0.62394
1.904706,1.211049,-0.613856
1.910553,1.205495,-0.61064
1.904706,1.209296,-0.622479
1.907629,1.205495,-0.627302
1.905291,1.209003,-0.620433
1.91406,1.216019,-0.615025
1.912306,1.21368,-0.624671
1.905583,1.211342,-0.621163
1.904999,1.210757,-0.618825
1.908506,1.208711,-0.617802
1.907045,1.215434,-0.621163
1.914353,1.206665,-0.629348
1.907337,1.211342,-0.618386
1.903537,1.211634,-0.624379
1.908799,1.201403,-0.623356
1.911137,1.205203,-0.636071
1.907629,1.205495,-0.627448
1.904999,1.201695,-0.61824
1.907337,1.203157,-0.628325
1.910845,1.204911,-0.61634
1.909675,1.208419,-0.626133
1.912306,1.210172,-0.62774
1.906752,1.207834,-0.623063
1.915522,1.208419,-0.611663
1.909091,1.209588,-0.629494
1.90646,1.215434,-0.61824
1.907922,1.215434,-0.626571
1.902368,1.211049,-0.62891
1.907922,1.21865,-0.62204
1.900906,1.210465,-0.623063
1.873721,1.210757,-0.627302
1.910553,1.208419,-0.626279
1.904999,1.204619,-0.636656
1.905875,1.203742,-0.633294
1.91406,1.213388,-0.630225
1.907922,1.211342,-0.620286
1.912891,1.208711,-0.629494
1.912891,1.218065,-0.613856
1.907045,1.211049,-0.618386
1.909091,1.211634,-0.631979
1.907045,1.21368,-0.628325
1.91026,1.217188,-0.632564
1.908214,1.209588,-0.629348
1.909675,1.213388,-0.620433
1.908214,1.215726,-0.635487
1.907337,1.215726,-0.631833
1.90646,1.209588,-0.620433
1.905291,1.211049,-0.633148
1.908214,1.208126,-0.626863
1.907337,1.207249,-0.641333
1.905875,1.210172,-0.622771
1.903537,1.206957,-0.629787
1.905875,1.208419,-0.611956
1.898275,1.214557,-0.62701
1.900614,1.209296,-0.619263
1.907337,1.208711,-0.629787
1.905875,1.211049,-0.621894
1.905875,1.210465,-0.622917
1.905291,1.212511,-0.628033
1.904999,1.209003,-0.625987
1.90646,1.210465,-0.634025
1.90646,1.205495,-0.626279
1.91406,1.201111,-0.624963
1.908506,1.205788,-0.622625
1.909675,1.209588,-0.633587
1.909675,1.213388,-0.621456
1.905291,1.214849,-0.624671
1.909091,1.213973,-0.625402
1.904122,1.201988,-0.622771
1.905291,1.215142,-0.637241
1.907629,1.213096,-0.627448
1.906168,1.215726,-0.618825
1.90646,1.203449,-0.627302
1.904414,1.208419,-0.62204
1.907337,1.210465,-0.627594
1.915229,1.20988,-0.632417
1.909091,1.209003,-0.63461
1.909091,1.204034,-0.630079
1.912599,1.207249,-0.62584
1.908214,1.216019,-0.628763
1.908214,1.211634,-0.62774
1.912306,1.20988,-0.638556
1.904122,1.216311,-0.630371
1.909091,1.212219,-0.628617
1.940076,1.213096,-0.623356
1.91406,1.21748,-0.628179
1.912599,1.211049,-0.630079
1.907629,1.207542,-0.63154
1.896814,1.204619,-0.619702
1.901783,1.211926,-0.632125
1.907045,1.207834,-0.633587
1.907922,1.211926,-0.627887
1.909091,1.206957,-0.633879
1.911722,1.208126,-0.62014
1.907629,1.208419,-0.61941
1.903245,1.214265,-0.624086
1.907922,1.210757,-0.623063
1.909383,1.210465,-0.632417
1.911137,1.207542,-0.618386
1.912306,1.209296,-0.625402
1.905875,1.207834,-0.626571
1.909675,1.213096,-0.62131
1.909968,1.210172,-0.627887
1.909383,1.211634,-0.63154
1.904122,1.212511,-0.631248
1.904122,1.209003,-0.630225
1.910845,1.209588,-0.63271
1.905875,1.215726,-0.633148
1.909968,1.205495,-0.631687
1.906752,1.20988,-0.633733
1.907337,1.206957,-0.638702
1.915814,1.206665,-0.62774
1.908506,1.212511,-0.632417
1.906168,1.206665,-0.626717
1.905291,1.211926,-0.634171
1.90266,1.210757,-0.624379
1.906168,1.211049,-0.624525
1.905875,1.213388,-0.617802
1.905875,1.214265,-0.630517
1.906168,1.206372,-0.627887
1.914645,1.211926,-0.635925
1.914937,1.219234,-0.629933
1.914645,1.215726,-0.619263
1.907337,1.211926,-0.619994
1.903245,1.208126,-0.620725
1.910845,1.215142,-0.619117
1.911722,1.218065,-0.63461
1.91026,1.212219,-0.629056
1.900906,1.206372,-0.628179
1.912891,1.219526,-0.629202
1.903537,1.220696,-0.617656
1.905583,1.214557,-0.622333
1.908506,1.218942,-0.631394
1.904122,1.216311,-0.626863
1.910553,1.220696,-0.629787
1.908214,1.210757,-0.613856
1.904999,1.218942,-0.622186
1.909968,1.213388,-0.630079
1.903537,1.21748,-0.627594
1.907045,1.21368,-0.632271
1.904999,1.210465,-0.629787
1.873721,1.214849,-0.630664
1.910845,1.20988,-0.631394
1.904414,1.213973,-0.620871
1.89886,1.213096,-0.635194
1.900029,1.211049,-0.632125
1.908506,1.207249,-0.634902
1.904706,1.209588,-0.62964
1.907337,1.221865,-0.633733
1.91026,1.214265,-0.634902
1.903829,1.210172,-0.630079
1.903245,1.211049,-0.637825
1.905583,1.214849,-0.629348
1.911137,1.214265,-0.637679
1.902368,1.214557,-0.629202
1.910553,1.215142,-0.64031
1.909091,1.213388,-0.631102
1.907337,1.212511,-0.627887
1.901491,1.22128,-0.632125
1.913768,1.219819,-0.625402
1.902075,1.244665,-0.623794
1.884537,1.266881,-0.634902
1.874598,1.308389,-0.649372
1.851505,1.36919,-0.682987
1.826367,1.418299,-0.714119
1.802982,1.453668,-0.756358
1.793628,1.48553,-0.789535
1.781643,1.5019,-0.818328
1.76995,1.511546,-0.848436
1.767904,1.515054,-0.865536
1.764396,1.514762,-0.886729
1.770243,1.496638,-0.893306
1.766735,1.469453,-0.904122
1.781643,1.445192,-0.905291
1.797135,1.405437,-0.902806
1.815551,1.356329,-0.874452
1.823443,1.333236,-0.869629
1.837474,1.311897,-0.855159
1.850921,1.294651,-0.846975
1.843905,1.283835,-0.830605
1.857352,1.279158,-0.821836
1.862321,1.263958,-0.813797
1.865244,1.257527,-0.81789
1.864659,1.246711,-0.807366
1.873137,1.240573,-0.787197
1.873429,1.268635,-0.799766
1.874306,1.263958,-0.795381
1.872844,1.223034,-0.800205
1.835721,1.227127,-0.793774
1.888044,1.226542,-0.789243
1.882198,1.224496,-0.790851
1.881906,1.224496,-0.772727
1.879567,1.216896,-0.778281
1.87869,1.215726,-0.792166
1.876937,1.216019,-0.771704
1.882491,1.212511,-0.786027
1.884829,1.209296,-0.777989
1.886291,1.206957,-0.783835
1.890091,1.212511,-0.78062
1.893891,1.216311,-0.775212
1.889214,1.218357,-0.772143
1.889506,1.215434,-0.768635
1.888337,1.204034,-0.776673
1.883952,1.211049,-0.771266
1.885706,1.211342,-0.772435
1.888629,1.210465,-0.77755
1.887167,1.208711,-0.77755
1.88746,1.203157,-0.779889
1.890091,1.210172,-0.783689
1.884829,1.217188,-0.770681
1.881614,1.210757,-0.776673
1.881614,1.21368,-0.780327
1.885706,1.209588,-0.777843
1.894183,1.210757,-0.772727
1.885121,1.211926,-0.774773
1.884829,1.204034,-0.778427
1.881029,1.212511,-0.771558
1.87606,1.211049,-0.775943
1.878983,1.204326,-0.785881
1.878983,1.213096,-0.772143
1.887752,1.213096,-0.779304
1.889798,1.206665,-0.77872
1.888044,1.211926,-0.781935
1.890091,1.20988,-0.769512
1.885706,1.209296,-0.773312
1.888629,1.211342,-0.785297
1.885121,1.208126,-0.775066
1.887167,1.207542,-0.772581
1.886875,1.214265,-0.770389
1.889506,1.211049,-0.776235
1.886291,1.20988,-0.783689
1.883075,1.219526,-0.783981
1.887167,1.213388,-0.780474
1.888337,1.212803,-0.785735
1.883952,1.208126,-0.784858
1.889506,1.208419,-0.776527
1.889506,1.207542,-0.775212
1.893598,1.21368,-0.773166
1.889798,1.206957,-0.770389
1.888921,1.205203,-0.773604
1.878983,1.211926,-0.769366
1.892137,1.219819,-0.78252
1.884829,1.213388,-0.772727
1.888044,1.214265,-0.770535
1.883952,1.200234,-0.773604
1.888337,1.205495,-0.759427
1.885998,1.211926,-0.780181
1.880737,1.214265,-0.771996
1.89126,1.214265,-0.763519
1.885706,1.215142,-0.774627
1.887752,1.205495,-0.764689
1.883367,1.20608,-0.771412
1.883952,1.211926,-0.769366
1.879275,1.204034,-0.771558
1.88366,1.211634,-0.765273
1.889214,1.214557,-0.775358
1.88366,1.203449,-0.785004
1.87869,1.205495,-0.779158
1.880444,1.210172,-0.778574
1.881029,1.205788,-0.787928
1.88366,1.214849,-0.778281
1.882491,1.210757,-0.783981
1.87986,1.210172,-0.782374
1.884244,1.209296,-0.780327
1.882783,1.210757,-0.778866
1.887167,1.208126,-0.78135
1.890091,1.210172,-0.780181
1.886583,1.211926,-0.786027
1.890383,1.213388,-0.783251
1.889506,1.212219,-0.768635
1.887167,1.205495,-0.776235
1.885414,1.20988,-0.772435
1.88366,1.210172,-0.786612
1.884244,1.211049,-0.781497
1.885998,1.212803,-0.785297
1.884537,1.216603,-0.773897
1.883367,1.216019,-0.78062
1.885414,1.212219,-0.772435
1.884829,1.208126,-0.76995
1.884537,1.213096,-0.776381
1.88746,1.214849,-0.779012
1.89126,1.210757,-0.789097
1.881614,1.205495,-0.775504
1.884537,1.210757,-0.780766
1.885121,1.209003,-0.779597
1.89506,1.208711,-0.77755
1.88366,1.210465,-0.775066
1.889798,1.207834,-0.769073
1.888629,1.20608,-0.781497
1.885998,1.209588,-0.771704
1.87869,1.21865,-0.770535
1.880152,1.221865,-0.786174
1.868752,1.247296,-0.806197
1.847413,1.285004,-0.836013
1.823443,1.335867,-0.875475
1.804735,1.395498,-0.878837
1.787197,1.438176,-0.915083
1.772289,1.469161,-0.903829
1.763519,1.491084,-0.894183
1.765273,1.508623,-0.87109
1.763227,1.514177,-0.85589
1.767319,1.526454,-0.850336
1.776966,1.503069,-0.821836
1.784566,1.479392,-0.777843
1.797135,1.457176,-0.743788
1.821982,1.430284,-0.721719
1.83309,1.399298,-0.707395
1.840398,1.379129,-0.701403
1.847705,1.36656,-0.691611
1.848875,1.360713,-0.684011
1.851505,1.348144,-0.685764
1.855013,1.339667,-0.671003
1.860275,1.331774,-0.663987
1.859398,1.321251,-0.657556
1.865536,1.317159,-0.662964
1.87226,1.31482,-0.653318
1.875475,1.300789,-0.645864
1.876352,1.304882,-0.648933
1.875475,1.299035,-0.653172
1.871967,1.29962,-0.648933
1.87489,1.296405,-0.650979
1.87489,1.297866,-0.651564
1.877229,1.28822,-0.648933
1.880152,1.281789,-0.644841
1.87606,1.286174,-0.645864
1.885121,1.280035,-0.63461
1.881906,1.284712,-0.654195
1.882783,1.285004,-0.640602
1.880444,1.283251,-0.646448
1.88746,1.288804,-0.649225
1.87606,1.291143,-0.648348
1.881906,1.28822,-0.646741
1.87489,1.279158,-0.641625
1.876352,1.282666,-0.634464
1.876644,1.281789,-0.645864
1.875767,1.281497,-0.645279
1.875475,1.287343,-0.642794
1.877229,1.288512,-0.642064
1.87869,1.288512,-0.649372
1.873137,1.282081,-0.650248
1.873137,1.277989,-0.643964
1.881321,1.283251,-0.651564
1.879567,1.274189,-0.641479
1.876352,1.287928,-0.645571
1.87869,1.289681,-0.638556
1.881029,1.280912,-0.645279
1.882783,1.292897,-0.646302
1.880444,1.291435,-0.640894
1.885706,1.285297,-0.640748
1.875183,1.286174,-0.645133
1.885706,1.284127,-0.635779
1.880737,1.280327,-0.643964
1.878983,1.279158,-0.644987
1.881614,1.285881,-0.644256
1.884244,1.282374,-0.63841
1.881321,1.282081,-0.649518
1.877229,1.289681,-0.640164
1.883952,1.282958,-0.645718
1.875475,1.28442,-0.64791
1.881614,1.281204,-0.650102
1.879567,1.290851,-0.642794
1.881906,1.287051,-0.641918
1.888044,1.285589,-0.641479
1.877813,1.279158,-0.631687
1.87489,1.283835,-0.636656
1.878398,1.285297,-0.644256
1.881906,1.278866,-0.637387
1.88746,1.28442,-0.635048
1.880737,1.280327,-0.642941
1.881321,1.282958,-0.647618
1.882491,1.291143,-0.645864
1.884829,1.286758,-0.641333
1.879275,1.280327,-0.640894
1.887167,1.278574,-0.629494
1.875475,1.278281,-0.641041
1.881029,1.282666,-0.644548
1.880152,1.277989,-0.636217
1.87869,1.286758,-0.645279
1.882783,1.285004,-0.651125
1.882198,1.283543,-0.654633
1.88746,1.282666,-0.665303
1.881614,1.285297,-0.648787
1.885998,1.281789,-0.643671
1.88366,1.284127,-0.646887
1.874598,1.280912,-0.63461
1.876644,1.281204,-0.637971
1.879567,1.287343,-0.63841
1.87869,1.283835,-0.640894
1.87606,1.281789,-0.645279
1.881029,1.285297,-0.641918
1.884244,1.280912,-0.65551
1.881906,1.283543,-0.656533
1.888629,1.285589,-0.647179
1.880152,1.282666,-0.656241
1.883075,1.285004,-0.652879
1.881321,1.290266,-0.647764
1.880444,1.286174,-0.656241
1.880737,1.285004,-0.646595
1.880152,1.282666,-0.638264
1.876644,1.281204,-0.650687
1.875767,1.277989,-0.636802
1.889214,1.285881,-0.640164
1.880444,1.280912,-0.636364
1.883367,1.282081,-0.649518
1.881906,1.282374,-0.638264
1.883952,1.290266,-0.648202
1.883367,1.288512,-0.649225
1.889506,1.282081,-0.630956
1.882198,1.283835,-0.637387
1.881906,1.285004,-0.632856
1.880444,1.28062,-0.636071
1.888921,1.283835,-0.635779
1.885706,1.279158,-0.642794
1.885998,1.281204,-0.636948
1.888629,1.284127,-0.639141
1.881614,1.287635,-0.642064
1.883075,1.277989,-0.636948
1.881906,1.287343,-0.656679
1.881614,1.282081,-0.641333
1.882198,1.282666,-0.65171
1.881906,1.28822,-0.643964
1.883952,1.280035,-0.638994
1.882198,1.27682,-0.632564
1.886583,1.281497,-0.635194
1.883952,1.286758,-0.648787
1.876352,1.280327,-0.637533
1.887167,1.279743,-0.641333
1.879567,1.283835,-0.633002
1.885121,1.278866,-0.640748
1.87869,1.289097,-0.645571
1.882491,1.281789,-0.634464
1.888337,1.279743,-0.640018
1.882491,1.285589,-0.639287
1.884829,1.280035,-0.635194
1.892137,1.28442,-0.63651
1.885121,1.284712,-0.641479
1.884829,1.289097,-0.633587
1.88366,1.282081,-0.644548
1.881614,1.289974,-0.634171
1.879567,1.281497,-0.643671
1.884537,1.285004,-0.64411
1.880152,1.280327,-0.641918
1.884244,1.28062,-0.652879
1.886875,1.289974,-0.636071
1.882491,1.287343,-0.637241
1.882491,1.287051,-0.641771
1.880152,1.282081,-0.644695
1.883367,1.281789,-0.644695
1.886583,1.287635,-0.636364
1.885121,1.280035,-0.672903
1.881029,1.28442,-0.641625
1.875475,1.279743,-0.637679
1.873137,1.283543,-0.647764
1.878398,1.282374,-0.640894
1.87986,1.282374,-0.638264
1.870506,1.287635,-0.639287
1.881321,1.277112,-0.640894
1.883367,1.275943,-0.64601
1.880152,1.279743,-0.631687
1.87226,1.280035,-0.646302
1.878398,1.281497,-0.648641
1.883075,1.279743,-0.644256
1.881321,1.280912,-0.641041
1.87986,1.286466,-0.632271
1.879567,1.286758,-0.633733
1.87606,1.285881,-0.630956
1.880152,1.278574,-0.632856
1.880737,1.285589,-0.641918
1.884537,1.271558,-0.633294
1.87606,1.275943,-0.640018
1.884829,1.282958,-0.639141
1.877813,1.281204,-0.645279
1.879567,1.281497,-0.636364
1.885998,1.284712,-0.63841
1.879567,1.287343,-0.64601
1.87489,1.283835,-0.636948
1.876644,1.287928,-0.64221
1.876644,1.281497,-0.630517
1.880444,1.289389,-0.640602
1.882783,1.280912,-0.649956
1.884244,1.293481,-0.651564
1.881614,1.290558,-0.645571
1.883075,1.285004,-0.642794
1.881614,1.283251,-0.646887
1.883952,1.280912,-0.646156
1.885121,1.288804,-0.666033
1.883952,1.285004,-0.635779
1.879567,1.285004,-0.649372
1.883367,1.288512,-0.648348
1.880444,1.284127,-0.634756
1.883075,1.278281,-0.645133
1.877229,1.281204,-0.644402
1.881321,1.283251,-0.67261
1.879567,1.282666,-0.672172
1.883952,1.285004,-0.64411
1.883075,1.280035,-0.64411
1.882198,1.28442,-0.63651
1.883075,1.279158,-0.644987
1.880152,1.281497,-0.633294
1.87986,1.285881,-0.646156
1.882783,1.29202,-0.642064
1.878106,1.289681,-0.64791
1.883367,1.282666,-0.652879
1.882783,1.287051,-0.638117
1.888044,1.287343,-0.645133
1.880444,1.280912,-0.640894
1.882198,1.286174,-0.645425
1.886291,1.288512,-0.64411
1.885121,1.283543,-0.642794
1.879275,1.287343,-0.636071
1.880152,1.286174,-0.635779
1.874598,1.287928,-0.644256
1.876352,1.287343,-0.643964
1.881321,1.283835,-0.643087
1.882783,1.285881,-0.639871
1.876352,1.287343,-0.640602
1.87986,1.283835,-0.652295
1.881029,1.280035,-0.637241
1.874306,1.28442,-0.635048
1.880444,1.282666,-0.648641
1.881321,1.279743,-0.638702
1.890383,1.289389,-0.63841
1.881614,1.285297,-0.63841
1.889506,1.286174,-0.637241
1.885121,1.286758,-0.638848
1.878398,1.288804,-0.64221
1.88366,1.282958,-0.646302
1.885998,1.282081,-0.636217
1.884537,1.289389,-0.654195
1.881906,1.280912,-0.647764
1.88366,1.28822,-0.637387
1.883952,1.286758,-0.632125
1.883367,1.279158,-0.647033
1.883367,1.285589,-0.649225
1.888629,1.294066,-0.64031
1.881614,1.283835,-0.642941
1.882491,1.283543,-0.605671
1.88366,1.280327,-0.614002
1.877229,1.278866,-0.644548
1.88366,1.283543,-0.643671
1.883952,1.281497,-0.644695
1.88366,1.287343,-0.641479
1.881321,1.287928,-0.643671
1.884244,1.289097,-0.649225
1.884537,1.289389,-0.648787
1.890383,1.279158,-0.645279
1.889214,1.285881,-0.650687
1.885998,1.286466,-0.648933
1.878398,1.285881,-0.652002
1.87606,1.280327,-0.651125
1.882491,1.282666,-0.638994
1.880444,1.291728,-0.646595
1.879275,1.286758,-0.650687
1.878983,1.289681,-0.644695
1.889214,1.289097,-0.651418
1.886583,1.279743,-0.646302
1.880737,1.27682,-0.648056
1.883367,1.28442,-0.654487
1.893014,1.290851,-0.628763
1.883367,1.287928,-0.648933
1.878106,1.278866,-0.649664
1.887167,1.281497,-0.637387
1.872552,1.281204,-0.648641
1.879275,1.282958,-0.645279
1.87986,1.285589,-0.643671
1.883952,1.285589,-0.639433
1.886875,1.292897,-0.639725
1.882491,1.282081,-0.643525
1.890968,1.278574,-0.645864
1.878398,1.280035,-0.644548
1.875183,1.284127,-0.645279
1.880737,1.278281,-0.645718
1.878106,1.276527,-0.644841
1.881906,1.278574,-0.656825
1.879567,1.284712,-0.655218
1.876352,1.273604,-0.642648
1.877229,1.282374,-0.635633
1.882198,1.280035,-0.649079
1.886583,1.286174,-0.641625
1.886875,1.287051,-0.64031
1.882491,1.289097,-0.642356
1.884829,1.282666,-0.644695
1.885414,1.278866,-0.645571
1.890675,1.286466,-0.638702
1.879567,1.283251,-0.637679
1.887167,1.280327,-0.634171
1.883075,1.284127,-0.648348
1.882783,1.287343,-0.640456
1.880737,1.280327,-0.638556
1.873137,1.280035,-0.633879
1.881906,1.277404,-0.638117
1.87869,1.286758,-0.648495
1.885414,1.28822,-0.643818
1.884244,1.287051,-0.630517
1.88366,1.28442,-0.640018
1.882491,1.289389,-0.643379
1.876352,1.282666,-0.643964
1.885706,1.273312,-0.637533
1.880737,1.28442,-0.644548
1.886875,1.283835,-0.641918
1.892137,1.281497,-0.647033
1.884537,1.287343,-0.641333
1.881614,1.284712,-0.634025
1.887752,1.280912,-0.657556
1.884244,1.281204,-0.642502
1.882491,1.275066,-0.654487
1.881614,1.287343,-0.645133
1.881906,1.280035,-0.642064
1.882491,1.285881,-0.654341
1.878983,1.281789,-0.64601
1.880444,1.285297,-0.64221
1.880737,1.282666,-0.64791
1.885998,1.282081,-0.633294
1.884244,1.283835,-0.636802
1.875183,1.288512,-0.647764
1.882783,1.289974,-0.646741
1.890968,1.291728,-0.638702
1.882783,1.283543,-0.635779
1.887752,1.288804,-0.603332
1.882491,1.287635,-0.638994
1.885121,1.289389,-0.648056
1.87986,1.282958,-0.643671
1.885414,1.285004,-0.649225
1.885121,1.29202,-0.636071
1.884829,1.282374,-0.647471
1.888921,1.279158,-0.643818
1.880444,1.286758,-0.638117
1.881906,1.285297,-0.637971
1.880737,1.282958,-0.638848
1.884537,1.285881,-0.64601
1.882491,1.283251,-0.637387
1.875767,1.280912,-0.639433
1.883952,1.286758,-0.642356
1.880444,1.289681,-0.639871
1.881029,1.28822,-0.64791
1.878983,1.279158,-0.643379
1.887167,1.280912,-0.642648
1.877813,1.285589,-0.65361
1.87606,1.279743,-0.647033
1.888629,1.296112,-0.642941
1.878983,1.289974,-0.626863
1.886291,1.28822,-0.632271
1.886583,1.287635,-0.634464
1.880737,1.285881,-0.631687
1.884537,1.289974,-0.648348
1.888921,1.281789,-0.641625
1.885414,1.285589,-0.631394
1.880737,1.290851,-0.636656
1.888337,1.285004,-0.645864
1.888044,1.290558,-0.639579
1.876937,1.286466,-0.635194
1.873429,1.286466,-0.641625
1.878106,1.286758,-0.638848
1.887167,1.281497,-0.649518
1.885706,1.285589,-0.649225
1.879567,1.298158,-0.645279
1.879567,1.283543,-0.639871
1.877521,1.289974,-0.643964
1.879275,1.296405,-0.640894
1.882198,1.288804,-0.641771
1.878398,1.289681,-0.653318
1.883075,1.287343,-0.650979
1.884829,1.287928,-0.63651
1.878983,1.289974,-0.642794
1.87606,1.285881,-0.641918
1.884244,1.290558,-0.637094
1.87986,1.285297,-0.653318
1.880737,1.27945,-0.653756
1.881614,1.284712,-0.656825
1.874013,1.291728,-0.643964
1.872844,1.290851,-0.643964
1.876352,1.288512,-0.640456
1.881906,1.289389,-0.64031
1.88366,1.287928,-0.638117
1.884244,1.286174,-0.654049
1.87986,1.289097,-0.654633
1.881614,1.286466,-0.642064
1.880444,1.27945,-0.629202
1.877813,1.277112,-0.644402
1.881029,1.287051,-0.647764
1.885121,1.287051,-0.634171
1.878106,1.280912,-0.635925
1.87226,1.277404,-0.642794
1.88746,1.286174,-0.642356
1.882491,1.273312,-0.636802
1.877521,1.296989,-0.645864
1.871967,1.313066,-0.655949
1.855598,1.346682,-0.664426
1.833382,1.396375,-0.706811
1.813797,1.434376,-0.738088
1.799474,1.468576,-0.776673
1.786027,1.501608,-0.80912
1.771996,1.514762,-0.830605
1.766735,1.517685,-0.851505
1.761473,1.516223,-0.873721
1.765566,1.500731,-0.880006
1.771996,1.476177,-0.895206
1.779012,1.442561,-0.895352
1.795966,1.407776,-0.892283
1.807951,1.367144,-0.87109
1.822859,1.338205,-0.863783
1.82812,1.311312,-0.845367
1.837182,1.300789,-0.835428
1.848875,1.289974,-0.826951
1.861152,1.276235,-0.819497
1.859982,1.266589,-0.815551
1.866998,1.254604,-0.810874
1.901783,1.246711,-0.806051
1.872552,1.247588,-0.800205
1.879567,1.235311,-0.800497
1.876352,1.233265,-0.789828
1.871967,1.235604,-0.795528
1.877813,1.228296,-0.785589
1.881906,1.220111,-0.778427
1.885706,1.226542,-0.790704
1.884829,1.220696,-0.788951
1.881029,1.216603,-0.774043
1.882198,1.21748,-0.779012
1.881029,1.221865,-0.776235
1.887752,1.212511,-0.782958
1.880152,1.216311,-0.770973
1.884829,1.207249,-0.773897
1.881321,1.21748,-0.777404
1.879275,1.211926,-0.771704
1.87869,1.207834,-0.766296
1.881321,1.211926,-0.768343
1.878983,1.211049,-0.765419
1.882491,1.214265,-0.779597
1.88366,1.210465,-0.760889
1.885414,1.212803,-0.766589
1.881906,1.214265,-0.766735
1.889506,1.212219,-0.771996
1.88746,1.206372,-0.768489
1.883075,1.213096,-0.770827
1.877229,1.211926,-0.777843
1.88746,1.212511,-0.764104
1.890383,1.212511,-0.766881
1.882198,1.209003,-0.766589
1.880444,1.209003,-0.777697
1.884829,1.209003,-0.765273
1.88746,1.206957,-0.78062
1.881029,1.214849,-0.77565
1.885414,1.211634,-0.774627
1.886875,1.212511,-0.77755
1.886583,1.21368,-0.766881
1.887167,1.209588,-0.777989
1.880152,1.21368,-0.765273
1.884537,1.213388,-0.772581
1.888337,1.213973,-0.77185
1.880444,1.221573,-0.774189
1.890383,1.212803,-0.774627
1.885121,1.212511,-0.765127
1.889506,1.215434,-0.762204
1.893598,1.20988,-0.767758
1.894768,1.214557,-0.770973
1.891552,1.21368,-0.773458
1.891845,1.212511,-0.766296
1.897691,1.210172,-0.771558
1.883367,1.216311,-0.772435
1.884829,1.206957,-0.77185
1.890091,1.208711,-0.776235
1.885121,1.207834,-0.763812
1.889214,1.213388,-0.763666
1.891845,1.20988,-0.77302
1.885414,1.213388,-0.773312
1.884244,1.211342,-0.779304
1.880737,1.212511,-0.769512
1.885706,1.207542,-0.768635
1.89126,1.214265,-0.765566
1.889798,1.211049,-0.766735
1.885706,1.216896,-0.791728
1.87986,1.214557,-0.774335
1.885998,1.205788,-0.766296
1.884829,1.211342,-0.769658
1.883952,1.209003,-0.773312
1.88746,1.206665,-0.771412
1.883367,1.210465,-0.773604
1.886291,1.212219,-0.77375
1.878983,1.20988,-0.774335
1.878398,1.20988,-0.781789
1.888044,1.210172,-0.772581
1.885998,1.206665,-0.770827
1.87986,1.204619,-0.771996
1.890675,1.216019,-0.77185
1.881029,1.208711,-0.774043
1.888337,1.209588,-0.777989
1.888921,1.209296,-0.782812
1.886291,1.21368,-0.776235
1.881614,1.206957,-0.775212
1.885998,1.206665,-0.773897
1.885121,1.210172,-0.770827
1.882491,1.208126,-0.768927
1.892429,1.212511,-0.776966
1.885998,1.211634,-0.765273
1.887752,1.206665,-0.767466
1.890675,1.21368,-0.767758
1.886875,1.211049,-0.779158
1.87489,1.203157,-0.775797
1.889214,1.208126,-0.76995
1.893014,1.208711,-0.76922
1.88746,1.217773,-0.773897
1.886875,1.21368,-0.773166
1.885998,1.215142,-0.776089
1.884829,1.204619,-0.775943
1.885706,1.214849,-0.771996
1.883367,1.207542,-0.775504
1.882491,1.216311,-0.777404
1.88366,1.211342,-0.768781
1.886583,1.206372,-0.788804
1.888337,1.210465,-0.778135
1.892721,1.207542,-0.775943
1.885414,1.211049,-0.781058
1.885414,1.206665,-0.776673
1.890383,1.218065,-0.772873
1.884829,1.204034,-0.772435
1.886583,1.216311,-0.782812
1.886583,1.206665,-0.786612
1.882783,1.211049,-0.774043
1.887752,1.214557,-0.771996
1.887167,1.211342,-0.788951
1.889798,1.210757,-0.773312
1.886291,1.210465,-0.769804
1.884537,1.203157,-0.774481
1.886583,1.212219,-0.775943
1.885706,1.212219,-0.772873
1.891845,1.214557,-0.767173
1.884829,1.210465,-0.77872
1.885414,1.210172,-0.76922
1.886291,1.212219,-0.771412
1.889506,1.204034,-0.771558
1.883367,1.209588,-0.771558
1.882783,1.214265,-0.776527
1.881906,1.215142,-0.763227
1.877813,1.213388,-0.770389
1.878398,1.209588,-0.767027
1.879275,1.213973,-0.77565
1.883952,1.211634,-0.772873
1.876937,1.211049,-0.759866
1.87986,1.215142,-0.769073
1.879567,1.206372,-0.76922
1.880444,1.213096,-0.777258
1.879567,1.211342,-0.772581
1.882783,1.211634,-0.773312
1.888044,1.212219,-0.763519
1.884829,1.213973,-0.774189
1.883075,1.204326,-0.768489
1.885998,1.208711,-0.776527
1.880444,1.215142,-0.771996
1.881614,1.20608,-0.765566
1.885998,1.216603,-0.780912
1.886875,1.212803,-0.770389
1.884829,1.210172,-0.769804
1.88746,1.210172,-0.783689
1.88746,1.211049,-0.77492
1.881321,1.20988,-0.777404
1.884244,1.215142,-0.777404
1.880444,1.211049,-0.765273
1.881029,1.212803,-0.775797
1.888044,1.212219,-0.77112
1.88366,1.206372,-0.768489
1.882491,1.207542,-0.777258
1.884829,1.200526,-0.774043
1.885706,1.208711,-0.784274
1.885998,1.203157,-0.767758
1.888044,1.214265,-0.77565
1.885998,1.208126,-0.768635
1.888921,1.208126,-0.775797
1.889214,1.209588,-0.770096
1.88366,1.207542,-0.776527
1.881321,1.206665,-0.774481
1.883367,1.206665,-0.772289
1.884829,1.215434,-0.762496
1.877229,1.208126,-0.766004
1.883367,1.211634,-0.765712
1.883075,1.209003,-0.772435
1.884829,1.216019,-0.774773
1.883367,1.203449,-0.779012
1.890091,1.200234,-0.780912
1.882491,1.209003,-0.768489
1.888629,1.203449,-0.77112
1.880737,1.205495,-0.762204
1.883367,1.212511,-0.771996
1.88366,1.216019,-0.762643
1.877521,1.225373,-0.783689
1.865536,1.244081,-0.801228
1.850921,1.267173,-0.827974
1.825782,1.325636,-0.855598
1.810582,1.375621,-0.877814
1.787781,1.423853,-0.861152
1.77872,1.462438,-0.900468
1.767027,1.48553,-0.891114
1.770535,1.511546,-0.882052
1.763812,1.516808,-0.862759
1.760889,1.521193,-0.842882
1.769073,1.507454,-0.816136
1.78135,1.484069,-0.789828
1.797428,1.453961,-0.753581
1.814966,1.421222,-0.72815
1.82432,1.396375,-0.707542
1.83689,1.375037,-0.692341
1.838351,1.369775,-0.680795
1.837182,1.367144,-0.692195
1.858229,1.349605,-0.674218
1.854136,1.342005,-0.667787
1.855013,1.33119,-0.659895
1.868752,1.321836,-0.665887
1.869336,1.312482,-0.648348
1.872552,1.314236,-0.645571
1.872844,1.317743,-0.647033
1.871675,1.306635,-0.648348
1.868459,1.301666,-0.647618
1.872844,1.297866,-0.655364
1.872552,1.289681,-0.646448
1.871967,1.294066,-0.649225
1.880152,1.287635,-0.644695
1.874306,1.294943,-0.654925
1.877521,1.281204,-0.644256
1.881614,1.285881,-0.647764
1.877521,1.288804,-0.646887
1.875475,1.285004,-0.641479
1.874013,1.28822,-0.64601
1.882491,1.279743,-0.637971
1.882198,1.28442,-0.63651
1.881906,1.285881,-0.63461
1.889506,1.283251,-0.632417
1.880444,1.280912,-0.641187
1.877521,1.287928,-0.635779
1.888337,1.284712,-0.643087
1.881614,1.274481,-0.646887
1.876644,1.28062,-0.645864
1.888337,1.28442,-0.639871
1.884537,1.280035,-0.636656
1.879275,1.27682,-0.636656
1.878983,1.277989,-0.643525
1.879567,1.276235,-0.640748
1.884244,1.27945,-0.641771
1.873429,1.279158,-0.637094
1.877813,1.278574,-0.633733
1.878398,1.275358,-0.633148
1.883367,1.279743,-0.643525
1.881029,1.274481,-0.648348
1.882198,1.280912,-0.637533
1.879275,1.291435,-0.641771
1.882491,1.287051,-0.649518
1.883367,1.28062,-0.646595
1.882783,1.279743,-0.637679
1.882783,1.286174,-0.644841
1.888337,1.285297,-0.640602
1.881614,1.280035,-0.632564
1.880444,1.27945,-0.631687
1.884244,1.275066,-0.639871
1.877813,1.275358,-0.641771
1.884244,1.280912,-0.64411
1.877813,1.28442,-0.652148
1.887752,1.281789,-0.64221
1.883952,1.285297,-0.647471
1.884244,1.285589,-0.633002
1.882783,1.282081,-0.64221
1.883952,1.286174,-0.64601
1.880737,1.27945,-0.650541
1.881906,1.283835,-0.635633
1.888921,1.28442,-0.635633
1.876644,1.28062,-0.633148
1.876352,1.282666,-0.635633
1.889506,1.279158,-0.64031
1.881321,1.283543,-0.640164
1.877521,1.283543,-0.637533
1.877229,1.286174,-0.637241
1.888629,1.285004,-0.647179
1.880152,1.286466,-0.654049
1.882783,1.281497,-0.642502
1.875767,1.282374,-0.640164
1.883075,1.282081,-0.639871
1.881614,1.28062,-0.642941
1.884244,1.289974,-0.642941
1.877813,1.287343,-0.64221
1.881029,1.282374,-0.648056
1.882783,1.284127,-0.645133
1.883367,1.286758,-0.645279
1.87489,1.289389,-0.639433
1.886583,1.290266,-0.653756
1.877521,1.288512,-0.647471
1.878106,1.282374,-0.635925
1.876937,1.281204,-0.643379
1.882198,1.277112,-0.64601
1.885414,1.290266,-0.639433
1.884244,1.283251,-0.645571
1.882491,1.282081,-0.65171
1.878983,1.279743,-0.646741
1.893891,1.285297,-0.637094
1.886583,1.281497,-0.647325
1.882783,1.277404,-0.645718
1.884244,1.277989,-0.633879
1.876937,1.27682,-0.640164
1.878106,1.280035,-0.640018
1.883367,1.273897,-0.642648
1.886583,1.28442,-0.637241
1.884829,1.277404,-0.641918
1.882491,1.278281,-0.641771
1.88746,1.286466,-0.641625
1.882198,1.282374,-0.638117
1.881029,1.281204,-0.631687
1.888629,1.283835,-0.633002
1.882491,1.283835,-0.642941
1.885121,1.288512,-0.63154
1.888629,1.286466,-0.645864
1.883075,1.283543,-0.63841
1.888337,1.280912,-0.638848
1.881906,1.279743,-0.646156
1.875475,1.285297,-0.634025
1.880737,1.286174,-0.644256
1.884537,1.287343,-0.642064
1.887167,1.282374,-0.653464
1.88366,1.281204,-0.638117
1.890091,1.283835,-0.640748
1.881029,1.284127,-0.64221
1.88746,1.279158,-0.647471
1.877229,1.285589,-0.637094
1.880152,1.28062,-0.64031
1.876937,1.279158,-0.636656
1.875475,1.286466,-0.644402
1.878983,1.277697,-0.651856
1.877813,1.285004,-0.652879
1.880737,1.279158,-0.654487
1.87986,1.27945,-0.650687
1.884829,1.282958,-0.641333
1.879567,1.278866,-0.646595
1.876644,1.286758,-0.650395
1.881906,1.289389,-0.641187
1.873721,1.282958,-0.642064
1.881321,1.285589,-0.642941
1.882783,1.284712,-0.645864
1.87606,1.275943,-0.647325
1.878983,1.289097,-0.634756
1.878398,1.278866,-0.641625
1.877229,1.280327,-0.640894
1.873721,1.281204,-0.632271
1.882198,1.279158,-0.634464
1.879567,1.283251,-0.646156
1.87986,1.27682,-0.634902
1.875475,1.284712,-0.644548
1.880444,1.282374,-0.649664
1.883075,1.280327,-0.643525
1.883075,1.282958,-0.650395
1.880737,1.270681,-0.642502
1.875767,1.289389,-0.637533
1.880152,1.282958,-0.646156
1.882783,1.276527,-0.640602
1.876352,1.285589,-0.646156
1.88366,1.277112,-0.654049
1.881029,1.282666,-0.646302
1.873721,1.276235,-0.646741
1.876937,1.282081,-0.641771
1.885414,1.284712,-0.642356
1.877229,1.28442,-0.645571
1.883952,1.278866,-0.648056
1.887752,1.28062,-0.645571
1.878106,1.27682,-0.634317
1.885706,1.282958,-0.646156
1.87869,1.274481,-0.645571
1.884829,1.282374,-0.64031
1.879567,1.285589,-0.657118
1.879567,1.283251,-0.642356
1.88366,1.275943,-0.645279
1.888044,1.283543,-0.646595
1.881321,1.280327,-0.647179
1.878398,1.281204,-0.639871
1.883952,1.282958,-0.639287
1.884829,1.286174,-0.643233
1.885121,1.279158,-0.639725
1.884829,1.28062,-0.641041
1.883367,1.27565,-0.650248
1.882783,1.284712,-0.641333
1.881321,1.284127,-0.652587
1.883952,1.279158,-0.65741
1.878398,1.28442,-0.650248
1.881321,1.282666,-0.643233
1.886875,1.289974,-0.643087
1.885998,1.282666,-0.647179
1.87986,1.285881,-0.648348
1.878983,1.280912,-0.657849
1.878106,1.278281,-0.643379
1.883367,1.274481,-0.652441
1.877521,1.285589,-0.64411
1.87986,1.281497,-0.639141
1.867583,1.276235,-0.654487
1.883075,1.284127,-0.642356
1.876937,1.28442,-0.640164
1.87986,1.283543,-0.647325
1.877813,1.274189,-0.647471
1.88366,1.285881,-0.645864
1.87986,1.289389,-0.645279
1.877521,1.281497,-0.645864
1.881321,1.283543,-0.640164
1.888629,1.279158,-0.649079
1.87606,1.283251,-0.646595
1.878983,1.281789,-0.638702
1.880444,1.285004,-0.639725
1.878106,1.279743,-0.638994
1.880737,1.285004,-0.649664
1.880444,1.285297,-0.637679
1.884244,1.238819,-0.638117
1.887167,1.277697,-0.648933
1.873429,1.282081,-0.647764
1.877521,1.27565,-0.638702
1.876937,1.277404,-0.640018
1.87606,1.283835,-0.645279
1.874013,1.277404,-0.642648
1.873137,1.275358,-0.641625
1.878398,1.281204,-0.644402
1.87986,1.276527,-0.641625
1.87986,1.279158,-0.64981
