ch1,ch2,ch3
1.811751,1.441099,-0.729757
1.820813,1.441976,-0.729173
1.812043,1.439345,-0.728588
1.812043,1.441684,-0.731365
1.812043,1.441099,-0.735311
1.817597,1.446653,-0.72698
1.814674,1.44753,-0.735311
1.817305,1.441391,-0.726688
1.820228,1.44373,-0.740865
1.81292,1.444314,-0.726834
1.813505,1.438468,-0.733704
1.811459,1.445484,-0.720403
1.811751,1.443438,-0.73955
1.814089,1.446068,-0.750512
1.813505,1.452792,-0.744665
1.822567,1.453084,-0.737796
1.818474,1.440807,-0.72888
1.812336,1.44753,-0.738381
1.814382,1.442853,-0.72815
1.81672,1.442268,-0.72815
1.808828,1.446653,-0.733557
1.812043,1.442268,-0.725957
1.815551,1.443145,-0.725811
1.811459,1.446945,-0.73195
1.814089,1.442561,-0.726688
1.815259,1.437591,-0.738673
1.809412,1.442268,-0.723473
1.81292,1.446361,-0.728296
1.811751,1.439053,-0.722888
1.806782,1.441391,-0.730634
1.81672,1.437591,-0.73765
1.814966,1.443145,-0.729173
1.814966,1.437007,-0.73078
1.811751,1.441976,-0.735165
1.803859,1.437884,-0.731073
1.820813,1.439638,-0.733119
1.814674,1.438468,-0.730488
1.814382,1.442853,-0.726834
1.815259,1.442853,-0.725665
1.813213,1.441684,-0.727273
1.817013,1.447238,-0.730196
1.807074,1.450453,-0.733119
1.817597,1.441684,-0.726542
1.817013,1.445192,-0.720403
1.818182,1.445484,-0.726542
1.81292,1.434668,-0.72245
1.816136,1.438176,-0.72055
1.808535,1.440514,-0.737504
1.811751,1.441099,-0.735604
1.816136,1.436714,-0.737942
1.810289,1.438468,-0.740281
1.814966,1.446653,-0.739258
1.810289,1.441976,-0.731073
1.817597,1.445484,-0.728296
1.815843,1.442853,-0.738234
1.810874,1.437884,-0.737504
1.813505,1.440222,-0.722303
1.813505,1.441684,-0.727711
1.810874,1.444314,-0.740865
1.81292,1.45133,-0.734873
1.817597,1.442268,-0.725227
1.813505,1.443438,-0.729611
1.813213,1.442268,-0.731804
1.817013,1.445484,-0.736919
1.814674,1.442268,-0.730196
1.806197,1.442268,-0.735896
1.805905,1.448992,-0.724934
1.807074,1.437299,-0.736334
1.803274,1.436422,-0.729173
1.815551,1.441976,-0.736627
1.808828,1.444607,-0.73195
1.812628,1.440514,-0.728734
1.81292,1.445484,-0.737942
1.807659,1.446068,-0.730196
1.812043,1.435253,-0.727273
1.810874,1.446361,-0.728442
1.817597,1.441684,-0.727273
1.812336,1.43993,-0.732096
1.816428,1.446653,-0.733119
1.814089,1.436422,-0.73385
1.810874,1.440222,-0.72698
1.805905,1.441684,-0.731073
1.808828,1.446068,-0.731657
1.814674,1.437299,-0.730342
1.809412,1.446653,-0.736042
1.813505,1.442268,-0.718942
1.820228,1.440807,-0.733265
1.807366,1.440807,-0.732096
1.810874,1.438761,-0.726396
1.815843,1.440807,-0.71938
1.811751,1.43993,-0.734873
1.807659,1.441099,-0.731657
1.808828,1.44373,-0.734288
1.80912,1.440807,-0.739111
1.813797,1.440807,-0.722596
1.812628,1.433207,-0.738819
1.815551,1.43613,-0.743496
1.814966,1.437007,-0.73078
1.810874,1.43993,-0.738088
1.811459,1.43993,-0.730634
1.819059,1.449868,-0.731073
1.816428,1.44753,-0.732388
1.810582,1.440514,-0.72625
1.817305,1.446653,-0.739696
1.81672,1.446068,-0.727711
1.811459,1.439638,-0.736627
1.809705,1.444607,-0.73268
1.815551,1.438468,-0.719965
1.814382,1.442268,-0.733411
1.811459,1.437884,-0.73268
1.812043,1.439638,-0.73078
1.819351,1.437591,-0.732242
1.808535,1.442268,-0.738381
1.813797,1.440514,-0.725957
1.814674,1.440514,-0.727419
1.813797,1.436714,-0.727711
1.81292,1.439053,-0.730634
1.814674,1.448407,-0.72815
1.814382,1.444607,-0.736042
1.812628,1.445192,-0.727857
1.817013,1.444607,-0.730196
1.809412,1.445484,-0.741011
1.812336,1.43613,-0.725811
1.815843,1.448115,-0.730196
1.815551,1.444607,-0.725373
1.811459,1.450453,-0.721719
1.81672,1.44373,-0.725811
1.817013,1.439345,-0.731657
1.810289,1.444607,-0.734288
1.813213,1.446653,-0.729173
1.817013,1.440514,-0.729611
1.812628,1.441976,-0.739842
1.817597,1.445484,-0.736773
1.818474,1.444607,-0.733265
1.814089,1.442268,-0.731365
1.815259,1.442853,-0.73195
1.812043,1.443438,-0.73005
1.814089,1.445776,-0.723327
1.811459,1.446945,-0.723911
1.822567,1.437591,-0.736773
1.822859,1.445192,-0.734434
1.811751,1.451622,-0.732827
1.807659,1.438468,-0.726688
1.81292,1.445776,-0.735311
1.817597,1.436422,-0.726834
1.814382,1.443438,-0.725957
1.809997,1.44753,-0.725373
1.81672,1.443145,-0.734434
1.808535,1.440222,-0.73005
1.816428,1.444607,-0.740427
1.813797,1.445484,-0.736188
1.811751,1.443145,-0.741304
1.818182,1.444314,-0.726103
1.817305,1.437884,-0.722888
1.812043,1.440807,-0.728004
1.81672,1.441684,-0.72698
1.820813,1.442561,-0.728588
1.814382,1.451622,-0.73575
1.80912,1.44753,-0.728588
1.813213,1.450453,-0.73385
1.815259,1.44373,-0.735019
1.814382,1.438176,-0.735896
1.811166,1.441099,-0.731511
1.816428,1.449576,-0.72508
1.814089,1.450161,-0.730196
1.814089,1.443145,-0.727857
1.817597,1.44753,-0.727419
1.814966,1.446653,-0.730927
1.80912,1.446945,-0.735457
1.817597,1.441391,-0.738088
1.810582,1.448992,-0.731219
1.814089,1.453084,-0.735019
1.816136,1.44753,-0.734727
1.818766,1.441391,-0.738381
1.82052,1.445776,-0.730488
1.817597,1.440222,-0.727565
1.82052,1.439638,-0.729173
1.818474,1.438761,-0.73955
1.808828,1.43993,-0.739404
1.817013,1.446361,-0.737065
1.812336,1.440514,-0.729904
1.817305,1.444022,-0.727857
1.813505,1.442853,-0.737357
1.814089,1.44373,-0.719526
1.816136,1.435838,-0.742473
1.815259,1.442268,-0.726542
1.814089,1.440222,-0.730927
1.818474,1.435545,-0.727273
1.815843,1.440514,-0.734581
1.816428,1.441391,-0.731804
1.819059,1.441391,-0.731657
1.817013,1.43993,-0.73765
1.817597,1.442268,-0.746127
1.818182,1.441099,-0.733557
1.813797,1.436422,-0.733996
1.815259,1.429991,-0.73955
1.813797,1.437299,-0.730342
1.819059,1.437007,-0.734581
1.814966,1.444899,-0.73268
1.811166,1.438468,-0.722596
1.810582,1.440514,-0.736919
1.823151,1.444314,-0.737065
1.814674,1.441099,-0.72888
1.812336,1.435545,-0.730634
1.822859,1.440807,-0.739842
1.812628,1.438468,-0.740573
1.818766,1.437884,-0.738381
1.814966,1.436422,-0.739111
1.822859,1.441976,-0.740281
1.82169,1.439053,-0.734142
1.81672,1.439638,-0.737504
1.816136,1.440807,-0.729757
1.815259,1.441684,-0.736627
1.808535,1.441391,-0.725227
1.809997,1.440514,-0.732096
1.813797,1.437884,-0.738234
1.817889,1.439638,-0.729757
1.815843,1.44373,-0.740134
1.815259,1.442268,-0.736334
1.814674,1.441976,-0.734142
1.80912,1.444314,-0.731804
1.812628,1.431453,-0.727857
1.814382,1.438176,-0.724788
1.812628,1.43993,-0.73005
1.813505,1.435838,-0.736334
1.818766,1.447822,-0.72815
1.812043,1.434376,-0.732096
1.816428,1.43496,-0.734288
1.803274,1.444022,-0.737211
1.805905,1.437299,-0.738819
1.815259,1.437591,-0.733411
1.812336,1.435545,-0.729319
1.814674,1.43613,-0.723034
1.819059,1.445484,-0.732242
1.812043,1.444022,-0.730342
1.810874,1.436422,-0.736334
1.813505,1.43993,-0.73268
1.816136,1.442268,-0.733557
1.818766,1.434668,-0.741742
1.811459,1.437007,-0.733704
1.812336,1.440222,-0.724496
1.81672,1.440514,-0.736334
1.817013,1.440222,-0.726103
1.814966,1.440807,-0.728296
1.814089,1.44373,-0.734873
1.816136,1.443438,-0.742619
1.809412,1.441976,-0.733411
1.817305,1.437299,-0.72508
1.817597,1.439345,-0.730634
1.818182,1.438468,-0.72698
1.808828,1.443145,-0.730488
1.814382,1.439345,-0.728734
1.816136,1.436714,-0.730196
1.809997,1.447238,-0.730927
1.816136,1.440514,-0.729465
1.81292,1.435545,-0.730488
1.812628,1.432914,-0.725227
1.816428,1.444899,-0.73195
1.817889,1.440807,-0.742034
1.809412,1.443438,-0.737065
1.805612,1.44373,-0.72318
1.810582,1.439345,-0.72815
1.819059,1.444022,-0.719526
1.815843,1.439638,-0.725519
1.817889,1.444607,-0.718942
1.816428,1.449576,-0.717773
1.816428,1.452207,-0.722596
1.819936,1.450453,-0.727711
1.817013,1.44373,-0.725811
1.81672,1.444022,-0.726396
1.818474,1.441099,-0.724788
1.820813,1.442853,-0.737942
1.823736,1.437007,-0.732096
1.814089,1.444022,-0.727565
1.817013,1.446653,-0.738234
1.815843,1.442268,-0.72888
1.815551,1.441391,-0.742034
1.816136,1.438176,-0.727273
1.812043,1.445484,-0.739988
1.811751,1.438468,-0.737065
1.819059,1.440514,-0.735311
1.811166,1.439345,-0.732534
1.813505,1.443145,-0.726103
1.814966,1.444899,-0.739404
1.817305,1.43993,-0.734727
1.816428,1.442853,-0.723327
1.814966,1.445776,-0.735896
1.812628,1.440222,-0.727565
1.809412,1.436422,-0.726542
1.81292,1.437884,-0.739404
1.81292,1.446361,-0.735165
1.819059,1.440807,-0.727857
1.811166,1.43116,-0.725957
1.814674,1.441099,-0.73005
1.822567,1.444607,-0.729173
1.815259,1.440807,-0.732096
1.82052,1.441684,-0.736042
1.813797,1.441391,-0.724496
1.818182,1.444314,-0.744227
1.821105,1.44753,-0.729757
1.816428,1.445776,-0.735165
1.822567,1.436422,-0.728734
1.820228,1.437299,-0.724934
1.818474,1.447238,-0.725227
1.816428,1.441976,-0.727273
1.811459,1.445776,-0.727565
1.82052,1.451915,-0.74145
1.81292,1.446068,-0.725957
1.812628,1.449868,-0.73385
1.817305,1.443438,-0.733996
1.819936,1.444314,-0.737065
1.819059,1.436714,-0.72888
1.815551,1.44753,-0.721573
1.819936,1.445484,-0.734142
1.812336,1.440514,-0.73078
1.809705,1.444899,-0.726834
1.814674,1.442853,-0.734288
1.813505,1.447822,-0.734288
1.81292,1.441684,-0.73005
1.808243,1.445484,-0.737942
1.813213,1.442268,-0.724203
1.813797,1.440222,-0.736919
1.814966,1.439638,-0.729173
1.815843,1.44753,-0.729465
1.814966,1.440807,-0.731511
1.820228,1.440514,-0.726396
1.813213,1.440222,-0.723327
1.814089,1.441976,-0.72318
1.817013,1.443145,-0.721865
1.822567,1.445192,-0.720257
1.81672,1.447822,-0.73195
1.821105,1.445192,-0.736042
1.818766,1.441976,-0.727127
1.820813,1.446945,-0.727565
1.818766,1.441684,-0.724788
1.818766,1.444607,-0.739111
1.813213,1.443145,-0.72698
1.808828,1.439053,-0.734727
1.812043,1.445484,-0.73385
1.814089,1.445192,-0.729173
1.822859,1.441099,-0.732096
1.815551,1.444607,-0.732242
1.816428,1.453376,-0.736042
1.811459,1.441976,-0.738234
1.811459,1.445776,-0.736627
1.811751,1.438468,-0.722888
1.813797,1.440807,-0.742327
1.814382,1.444022,-0.735165
1.812043,1.447238,-0.727565
1.813505,1.449576,-0.737357
1.818766,1.445776,-0.735019
1.817597,1.441684,-0.73955
1.813213,1.443438,-0.73005
1.80912,1.443145,-0.746565
1.812336,1.445192,-0.726396
1.815551,1.438176,-0.734434
1.811459,1.444607,-0.730196
1.814966,1.440514,-0.738381
1.812628,1.442268,-0.722596
1.814089,1.443145,-0.725227
1.808243,1.436422,-0.740427
1.812043,1.442853,-0.732534
1.814382,1.439638,-0.727419
1.811751,1.450161,-0.736481
1.814089,1.445776,-0.72435
1.815551,1.444022,-0.718796
1.816136,1.444899,-0.739404
1.818182,1.445484,-0.730342
1.817013,1.43993,-0.731219
1.815551,1.438761,-0.709442
1.809412,1.43993,-0.722303
1.81292,1.440222,-0.735604
1.81672,1.439053,-0.721426
1.814382,1.441099,-0.73575
1.822567,1.446653,-0.734288
1.80912,1.44753,-0.729611
1.813213,1.441684,-0.736042
1.817305,1.448115,-0.72318
1.811166,1.441976,-0.732827
1.813797,1.441976,-0.731073
1.808535,1.437591,-0.723327
1.809997,1.446945,-0.724642
1.810874,1.449868,-0.726103
1.808828,1.444314,-0.726542
1.819351,1.445192,-0.727273
1.814674,1.449576,-0.72815
1.81292,1.439638,-0.727127
1.815843,1.447822,-0.739404
1.815551,1.442268,-0.728442
1.818766,1.442268,-0.734434
1.812336,1.439345,-0.72625
1.82549,1.445192,-0.732534
1.822567,1.439053,-0.733411
1.818182,1.442561,-0.728004
1.814674,1.440807,-0.732096
1.813797,1.434084,-0.730342
1.819351,1.440514,-0.722303
1.815843,1.444607,-0.73575
1.819936,1.446361,-0.721134
1.82052,1.446653,-0.731657
1.823151,1.445192,-0.723911
1.817013,1.441684,-0.740719
1.817305,1.454838,-0.736334
1.819059,1.441976,-0.732973
1.827828,1.445776,-0.739258
1.813505,1.449576,-0.734288
1.818766,1.440514,-0.739111
1.825782,1.444899,-0.733557
1.819351,1.441099,-0.725227
1.808828,1.45513,-0.751973
1.799182,1.4829,-0.781497
1.787781,1.500731,-0.804005
1.771704,1.511839,-0.844782
1.767027,1.516223,-0.870652
1.769366,1.502485,-0.887606
1.76995,1.473253,-0.89696
1.785443,1.44753,-0.887314
1.796843,1.411576,-0.897691
1.812043,1.38439,-0.87679
1.822567,1.352528,-0.855305
1.826951,1.321543,-0.848582
1.843905,1.309851,-0.845951
1.847413,1.29582,-0.835428
1.856475,1.285881,-0.82929
1.860275,1.261035,-0.815697
1.860859,1.259573,-0.806489
1.869921,1.249342,-0.807074
1.864952,1.238819,-0.799474
1.871967,1.235896,-0.788366
1.871967,1.238819,-0.794066
1.874013,1.236188,-0.786904
1.880444,1.224203,-0.791435
1.880444,1.225665,-0.78135
1.884829,1.22888,-0.786758
1.885121,1.220988,-0.777112
1.883075,1.220988,-0.780327
1.887752,1.223034,-0.770096
1.880737,1.22625,-0.777843
1.884244,1.220111,-0.772143
1.888337,1.212511,-0.764396
1.886291,1.218942,-0.762935
1.87986,1.213973,-0.760304
1.884244,1.219526,-0.761766
1.885414,1.205495,-0.758989
1.882491,1.215434,-0.762058
1.888337,1.210465,-0.772727
1.870798,1.210172,-0.77375
1.884537,1.207834,-0.767758
1.884829,1.212219,-0.766004
1.886875,1.21865,-0.781497
1.892721,1.214557,-0.77945
1.888044,1.208711,-0.77682
1.883075,1.216019,-0.759866
1.88746,1.211342,-0.771704
1.89126,1.21865,-0.77492
1.887167,1.213388,-0.774189
1.895352,1.214265,-0.769073
1.893014,1.218065,-0.765566
1.888044,1.209003,-0.764543
1.882491,1.210465,-0.765419
1.889798,1.209003,-0.761766
1.891552,1.205788,-0.767904
1.886583,1.207542,-0.765712
1.886291,1.204619,-0.764835
1.89506,1.214557,-0.764104
1.884829,1.214265,-0.76425
1.890091,1.207249,-0.780912
1.885998,1.210757,-0.762643
1.892429,1.215434,-0.776527
1.892429,1.209003,-0.767466
1.888921,1.206665,-0.775358
1.892429,1.207249,-0.770535
1.888337,1.203157,-0.767027
1.897398,1.212803,-0.772435
1.886291,1.215142,-0.77492
1.882491,1.220696,-0.783689
1.869921,1.251388,-0.805028
1.849459,1.291728,-0.83309
1.826367,1.349021,-0.861444
1.808535,1.394037,-0.880883
1.788366,1.443438,-0.894037
1.776966,1.47033,-0.886144
1.769366,1.48553,-0.875037
1.765858,1.507454,-0.878106
1.761473,1.521193,-0.845221
1.774043,1.518562,-0.834405
1.777843,1.500146,-0.81102
1.785151,1.503069,-0.803274
1.785443,1.502777,-0.805028
1.788074,1.500438,-0.792458
1.795381,1.483484,-0.785881
1.794505,1.4867,-0.780035
1.799182,1.474715,-0.773897
1.800351,1.472961,-0.766735
1.796258,1.461853,-0.754604
1.802689,1.460976,-0.758696
1.805028,1.464192,-0.755189
1.803859,1.459222,-0.756504
1.805028,1.453668,-0.735896
1.809412,1.453668,-0.748319
1.809997,1.453084,-0.749781
1.814089,1.443438,-0.745688
1.807659,1.439345,-0.740427
1.812628,1.448115,-0.741888
1.809705,1.446068,-0.742327
1.809997,1.446945,-0.744811
1.814966,1.43993,-0.730342
1.811166,1.442561,-0.73195
1.812336,1.446945,-0.740134
1.816428,1.446945,-0.740427
1.814674,1.439053,-0.742034
1.811166,1.437884,-0.73078
1.811459,1.440807,-0.748612
1.819643,1.445776,-0.736481
1.810874,1.444899,-0.733704
1.814089,1.448115,-0.73385
1.809705,1.441684,-0.735896
1.815843,1.43613,-0.737211
1.809997,1.439345,-0.727127
1.810874,1.43613,-0.72318
1.810874,1.445192,-0.735896
1.813797,1.438468,-0.728734
1.811166,1.435253,-0.724788
1.812336,1.442561,-0.733119
1.809997,1.446361,-0.727857
1.811166,1.444899,-0.738088
1.808828,1.444899,-0.741158
1.806197,1.441391,-0.733119
1.813213,1.442268,-0.731657
1.815259,1.439053,-0.727857
1.808828,1.435545,-0.732973
1.811751,1.440807,-0.736773
1.811459,1.445776,-0.72698
1.814382,1.446653,-0.73575
1.812628,1.435838,-0.741158
1.813505,1.439638,-0.726542
1.815259,1.436714,-0.726396
1.810289,1.438468,-0.72888
1.816428,1.444607,-0.740719
1.805905,1.44753,-0.72508
1.808828,1.446945,-0.730196
1.813505,1.441391,-0.731804
1.815551,1.441684,-0.728296
1.809997,1.441391,-0.729611
1.813213,1.440514,-0.729757
1.812043,1.449868,-0.733996
1.815843,1.442561,-0.737942
1.816428,1.442268,-0.734288
1.82052,1.447822,-0.731219
1.815843,1.448115,-0.729465
1.81292,1.437299,-0.720988
1.810289,1.445192,-0.748319
1.814966,1.436422,-0.730488
1.821982,1.442268,-0.739404
1.81292,1.436422,-0.723619
1.822567,1.444607,-0.724496
1.820228,1.435253,-0.72698
1.815551,1.441976,-0.738527
1.814674,1.440222,-0.728588
1.811751,1.440807,-0.730342
1.821397,1.441684,-0.726542
1.819936,1.444314,-0.727857
1.819059,1.450745,-0.733557
1.817013,1.438468,-0.732973
1.818766,1.43496,-0.728734
1.819643,1.440807,-0.732242
1.819936,1.441391,-0.731073
1.823443,1.441684,-0.738673
1.819643,1.434668,-0.73385
1.820813,1.447822,-0.742473
1.820813,1.444899,-0.724057
1.821397,1.439345,-0.720988
1.823443,1.437884,-0.731657
1.816428,1.440514,-0.725665
1.814966,1.440222,-0.738234
1.81672,1.444899,-0.742619
1.821397,1.441976,-0.741742
1.814382,1.444314,-0.731073
1.813505,1.440222,-0.730927
1.812043,1.438176,-0.733265
1.822859,1.441684,-0.738819
1.825197,1.438468,-0.736334
1.816136,1.435545,-0.742181
1.814966,1.445484,-0.739111
1.812043,1.444607,-0.745688
1.816136,1.442853,-0.749927
1.818182,1.438761,-0.740134
1.817305,1.442561,-0.743935
1.824028,1.444022,-0.746565
1.817013,1.441976,-0.740281
1.819936,1.441684,-0.748319
1.817305,1.438468,-0.736188
1.816136,1.44373,-0.739258
1.814674,1.443145,-0.747296
1.819936,1.439345,-0.744227
1.817597,1.446361,-0.736627
1.818182,1.439053,-0.733265
1.814382,1.43993,-0.729027
1.817889,1.447238,-0.735457
1.817597,1.439053,-0.739696
1.817889,1.443145,-0.733996
1.819059,1.44373,-0.745396
1.814674,1.444899,-0.733119
1.814966,1.439053,-0.731657
1.819936,1.446945,-0.734581
1.824028,1.440514,-0.738673
1.822859,1.443145,-0.735457
1.812336,1.432622,-0.732973
1.811166,1.438468,-0.734873
1.819351,1.43993,-0.729465
1.821105,1.442268,-0.738234
1.821105,1.444022,-0.741158
1.821397,1.440222,-0.737796
1.81672,1.443145,-0.739258
1.819059,1.43993,-0.742181
1.814382,1.441099,-0.734142
1.814674,1.440514,-0.736188
1.818182,1.43613,-0.729027
1.811751,1.442853,-0.734434
1.814966,1.43496,-0.738965
1.819351,1.444022,-0.741158
1.813213,1.440514,-0.747296
1.81672,1.439345,-0.738527
1.819643,1.439053,-0.725811
1.813505,1.43993,-0.73955
1.819936,1.437007,-0.730634
1.81292,1.440222,-0.729611
1.816136,1.436714,-0.734581
1.820813,1.438468,-0.741596
1.814089,1.443145,-0.738381
1.813505,1.44753,-0.729904
1.816428,1.442853,-0.731804
1.817013,1.44373,-0.741742
1.810582,1.444314,-0.73078
1.814966,1.438176,-0.742034
1.812336,1.446068,-0.737065
1.816428,1.438761,-0.733557
1.814382,1.444607,-0.727273
1.813505,1.446361,-0.729757
1.81292,1.445776,-0.729173
1.808535,1.443438,-0.738965
1.814966,1.444607,-0.737065
1.810582,1.439345,-0.734142
1.815551,1.446361,-0.736481
1.817013,1.446361,-0.74525
1.813797,1.444314,-0.733557
1.820813,1.449576,-0.738819
1.822567,1.443145,-0.739258
1.812628,1.449868,-0.727127
1.811751,1.442268,-0.733996
1.814089,1.446945,-0.744519
1.818474,1.439345,-0.744665
1.822274,1.447238,-0.739404
1.819643,1.43613,-0.738819
1.81672,1.444022,-0.740281
1.818182,1.441099,-0.733557
1.818474,1.441684,-0.747442
1.810289,1.443438,-0.744519
1.817889,1.43993,-0.739842
1.817889,1.442268,-0.740427
1.81292,1.441684,-0.729173
1.812628,1.444314,-0.733265
1.815843,1.445484,-0.727419
1.815843,1.433499,-0.740134
1.816428,1.438761,-0.732534
1.820228,1.444899,-0.739842
1.810289,1.440807,-0.732096
1.815843,1.441976,-0.738673
1.814966,1.446653,-0.736334
1.809705,1.440514,-0.739258
1.814382,1.441099,-0.755189
1.816136,1.43613,-0.743788
1.816428,1.435838,-0.730634
1.813505,1.444607,-0.729173
1.805612,1.441684,-0.735019
1.817889,1.450453,-0.752119
1.813505,1.445192,-0.743935
1.810289,1.442268,-0.751535
1.812628,1.439053,-0.738673
1.806782,1.446945,-0.730342
1.810582,1.440222,-0.742327
1.814089,1.439638,-0.742181
1.814966,1.442853,-0.738381
1.823151,1.440222,-0.731073
1.819351,1.445484,-0.747735
1.815551,1.443145,-0.738088
1.805905,1.442561,-0.73955
1.810874,1.438176,-0.733119
1.815259,1.439638,-0.736919
1.817013,1.440222,-0.727565
1.813505,1.442853,-0.732973
1.81292,1.437591,-0.729904
1.81672,1.442853,-0.744373
1.814966,1.44753,-0.730488
1.811751,1.434376,-0.729173
1.817013,1.439345,-0.743204
1.810874,1.441099,-0.741596
1.810289,1.43613,-0.73955
1.808828,1.437299,-0.735896
1.812043,1.439053,-0.738088
1.814382,1.445776,-0.729757
1.819351,1.438468,-0.736627
1.815843,1.43496,-0.745981
1.825197,1.440514,-0.729173
1.811166,1.439345,-0.737065
1.810289,1.442268,-0.736919
1.818766,1.439345,-0.745835
1.817597,1.434668,-0.727127
1.823736,1.437007,-0.737357
1.818474,1.446653,-0.744227
1.816136,1.445484,-0.746858
1.819643,1.438761,-0.731657
1.815551,1.442853,-0.723765
1.818766,1.441099,-0.73078
1.821105,1.440807,-0.737211
1.814674,1.43613,-0.72508
1.824028,1.439638,-0.730634
1.819351,1.439638,-0.722888
1.819643,1.440514,-0.732973
1.817889,1.443438,-0.739988
1.81672,1.446945,-0.72815
1.820228,1.437591,-0.723619
1.815259,1.44373,-0.742911
1.814966,1.444022,-0.734142
1.813213,1.440514,-0.736627
1.812628,1.441684,-0.736334
1.808828,1.440807,-0.736042
1.803859,1.444899,-0.741158
1.810289,1.443438,-0.740865
1.817597,1.439638,-0.741158
1.813213,1.443145,-0.742765
1.817013,1.439345,-0.740719
1.813213,1.439638,-0.741011
1.814089,1.441976,-0.726396
1.813797,1.43613,-0.73575
1.813213,1.442268,-0.731804
1.818766,1.449868,-0.731365
1.815551,1.439638,-0.733265
1.817013,1.443438,-0.736042
1.811459,1.439053,-0.73268
1.811459,1.435838,-0.738234
1.818474,1.440807,-0.741304
1.811751,1.443438,-0.734873
1.814089,1.444607,-0.736188
1.813797,1.440807,-0.747588
1.816136,1.440222,-0.732242
1.817305,1.43496,-0.745981
1.801812,1.440514,-0.73765
1.811751,1.43496,-0.744519
1.820228,1.44373,-0.738527
1.818182,1.437884,-0.739258
1.814674,1.446653,-0.742473
1.80912,1.442853,-0.73575
1.813797,1.439053,-0.750658
1.815259,1.439345,-0.727711
1.818182,1.443438,-0.740134
1.809412,1.434084,-0.744227
1.80532,1.43496,-0.742619
1.806489,1.441684,-0.73575
1.807659,1.445192,-0.733119
1.81292,1.441684,-0.738088
1.805905,1.440514,-0.740134
1.815259,1.439345,-0.742765
1.817597,1.440514,-0.74145
1.808535,1.441976,-0.743642
1.815551,1.441976,-0.746858
1.811166,1.443145,-0.74145
1.809997,1.444022,-0.734727
1.80912,1.438761,-0.733557
1.816136,1.438176,-0.730342
1.808243,1.444899,-0.736042
1.808828,1.439053,-0.739842
1.809997,1.439053,-0.74145
1.809705,1.439638,-0.720842
1.813505,1.445192,-0.739111
1.810874,1.438761,-0.731657
1.817305,1.43613,-0.726688
1.811166,1.439638,-0.728734
1.811459,1.444899,-0.731657
1.810874,1.446945,-0.735019
1.814089,1.447238,-0.738234
1.814966,1.448115,-0.74335
1.813505,1.446068,-0.746858
1.810582,1.43993,-0.738673
1.817305,1.43993,-0.737357
1.815551,1.440514,-0.71938
1.814966,1.441391,-0.731365
1.814089,1.449284,-0.728442
1.81292,1.443438,-0.73195
1.819351,1.435838,-0.737065
1.81672,1.448992,-0.73005
1.814674,1.439053,-0.721573
1.812336,1.441684,-0.728734
1.807659,1.44373,-0.742181
1.808828,1.45133,-0.742327
1.82169,1.446361,-0.731511
1.819059,1.44373,-0.751827
1.815551,1.445776,-0.74525
1.815843,1.442561,-0.730488
1.822274,1.446653,-0.739988
1.822567,1.442268,-0.732242
1.821982,1.444314,-0.738965
1.81292,1.442268,-0.738381
1.813213,1.446068,-0.743204
1.819936,1.446945,-0.734142
1.816136,1.444022,-0.742911
1.819059,1.446653,-0.730196
1.821105,1.446068,-0.738088
1.818474,1.450453,-0.735165
1.817889,1.447822,-0.744519
1.819643,1.446361,-0.732242
1.819643,1.444899,-0.724203
1.814382,1.441684,-0.734581
1.81672,1.444314,-0.738381
1.817013,1.437884,-0.73765
1.821397,1.441391,-0.744081
1.819936,1.452207,-0.735311
1.814382,1.442561,-0.73575
1.819059,1.437299,-0.738819
1.81672,1.441391,-0.737211
1.821397,1.439638,-0.730634
1.819059,1.450745,-0.736042
1.814089,1.446653,-0.737357
1.814674,1.440514,-0.738088
1.828997,1.441391,-0.732827
1.819059,1.45133,-0.734288
1.815259,1.44753,-0.741011
1.817013,1.441099,-0.742181
1.808535,1.44373,-0.739696
1.821105,1.442561,-0.73955
1.814674,1.439345,-0.738673
1.82549,1.446361,-0.739842
1.812336,1.44753,-0.734434
1.816136,1.43993,-0.744665
1.815843,1.446945,-0.72888
1.814966,1.448115,-0.734288
1.81292,1.439638,-0.734873
1.817889,1.444899,-0.741888
1.819936,1.437007,-0.734873
1.81292,1.444314,-0.734727
1.822859,1.441099,-0.72698
1.82432,1.446653,-0.730634
1.822567,1.439345,-0.733265
1.821397,1.443145,-0.728004
1.819643,1.441099,-0.745542
1.818766,1.443438,-0.732534
1.812043,1.441099,-0.737796
1.814966,1.44753,-0.726834
1.816136,1.445484,-0.734873
1.82169,1.444607,-0.738381
1.812336,1.446945,-0.737211
1.82052,1.444314,-0.736627
1.81672,1.446945,-0.73078
1.819059,1.441976,-0.732827
1.814089,1.442561,-0.729027
1.81292,1.443438,-0.729319
1.819059,1.443145,-0.746273
1.808243,1.445192,-0.748319
1.813505,1.446068,-0.736481
1.818474,1.444899,-0.737796
1.819059,1.444899,-0.740427
1.824613,1.444022,-0.737942
1.82169,1.44753,-0.731219
1.81292,1.444022,-0.737504
1.819643,1.445776,-0.733411
1.823736,1.444314,-0.735019
1.821982,1.442853,-0.738673
1.819059,1.444899,-0.736334
1.815259,1.436422,-0.73005
1.81292,1.44373,-0.730634
1.817013,1.446945,-0.731511
1.821397,1.440222,-0.73765
1.810289,1.444899,-0.733996
1.817597,1.450453,-0.739842
1.814966,1.441391,-0.739696
1.818766,1.448115,-0.739842
1.818474,1.445484,-0.744811
1.815259,1.44373,-0.732096
1.814966,1.441099,-0.722157
1.821397,1.437007,-0.728588
1.819351,1.439053,-0.73078
1.808828,1.438761,-0.722011
1.815843,1.440222,-0.736042
1.814674,1.442268,-0.731511
1.818766,1.444022,-0.733557
1.819059,1.440222,-0.738965
1.814382,1.441099,-0.733704
1.815843,1.445484,-0.737942
1.815843,1.451038,-0.738527
1.815843,1.452207,-0.734581
1.822859,1.437884,-0.729757
1.812336,1.440222,-0.731804
1.813505,1.443145,-0.735457
1.814089,1.443145,-0.731219
1.813797,1.454253,-0.733265
1.821397,1.441391,-0.734581
1.82052,1.438468,-0.733119
1.827243,1.444022,-0.72815
1.814674,1.439638,-0.748027
1.813213,1.441684,-0.737796
1.819643,1.442853,-0.739404
1.805905,1.439345,-0.745104
1.821105,1.432037,-0.734288
1.82052,1.439345,-0.730634
1.815259,1.440514,-0.737504
1.819351,1.437591,-0.727273
1.818182,1.438761,-0.738234
1.810582,1.437591,-0.726103
1.814089,1.444022,-0.736919
1.819059,1.444314,-0.73575
1.809412,1.446653,-0.74145
1.814089,1.444607,-0.739258
1.814089,1.441099,-0.747004
1.813797,1.441976,-0.735165
1.80532,1.437007,-0.743935
1.809705,1.43993,-0.743496
1.815843,1.442561,-0.742765
1.811166,1.443145,-0.737065
1.819059,1.438468,-0.740865
1.822859,1.443145,-0.73765
1.821105,1.442561,-0.744081
1.821982,1.441099,-0.741596
1.814382,1.444314,-0.743788
1.822274,1.441976,-0.74905
1.825197,1.44373,-0.738673
1.822567,1.443438,-0.73575
1.819643,1.443438,-0.743204
1.826367,1.446361,-0.744081
1.822567,1.441099,-0.738381
1.821982,1.439638,-0.736334
1.816136,1.444314,-0.746419
1.816136,1.441099,-0.741304
1.819936,1.448992,-0.742473
1.815843,1.439638,-0.738088
1.814089,1.441099,-0.744227
1.815259,1.454545,-0.742327
1.800935,1.474715,-0.77872
1.788366,1.496054,-0.796258
1.787781,1.503946,-0.834405
1.774627,1.510085,-0.855305
1.763812,1.495762,-0.875037
1.772873,1.476469,-0.890821
1.769366,1.456884,-0.896375
1.788658,1.429114,-0.880737
1.799766,1.387898,-0.884244
1.816428,1.353405,-0.874013
1.834551,1.329728,-0.867144
1.838059,1.308389,-0.843175
1.845659,1.296697,-0.843467
1.850628,1.277989,-0.834113
1.854429,1.275943,-0.81789
1.864952,1.257527,-0.81292
1.864952,1.24525,-0.809412
1.86729,1.243204,-0.788512
1.872844,1.234727,-0.794651
1.881029,1.231804,-0.790997
1.873137,1.230634,-0.78442
1.877229,1.228004,-0.793043
1.878983,1.22245,-0.783543
1.87986,1.219526,-0.779012
1.880152,1.216311,-0.777989
1.878983,1.226542,-0.771412
1.879567,1.221573,-0.782958
1.880152,1.218942,-0.778281
1.881906,1.211342,-0.781497
1.879275,1.214557,-0.769512
1.883075,1.207834,-0.77492
1.886291,1.216896,-0.767904
1.884537,1.202865,-0.772143
1.881906,1.212511,-0.774189
1.882198,1.207834,-0.759719
1.879275,1.208126,-0.769512
1.883075,1.208711,-0.774481
1.883367,1.203742,-0.765273
1.888921,1.20608,-0.762204
1.887752,1.20988,-0.755627
1.878398,1.205495,-0.761327
1.88366,1.213096,-0.764543
1.877813,1.210757,-0.765127
1.878398,1.207542,-0.763666
1.890675,1.213388,-0.770535
1.882198,1.20988,-0.764835
1.88746,1.20228,-0.764104
1.881906,1.217773,-0.768781
1.880152,1.203742,-0.76425
1.887752,1.209588,-0.77682
1.886583,1.212511,-0.76805
1.882783,1.210757,-0.767027
1.884244,1.207249,-0.76235
1.88746,1.207834,-0.768635
1.882783,1.211342,-0.763519
1.888629,1.204911,-0.761327
1.889214,1.201988,-0.76235
1.884829,1.20608,-0.763812
1.886583,1.200234,-0.763958
1.890383,1.206665,-0.776527
1.890675,1.208711,-0.767904
1.882783,1.206665,-0.773604
1.882783,1.20608,-0.773312
1.889506,1.207834,-0.765273
1.890675,1.206957,-0.773604
1.890383,1.20228,-0.765858
1.883075,1.211926,-0.769658
1.891552,1.204034,-0.774043
1.887752,1.211049,-0.760889
1.890968,1.204034,-0.761473
1.885121,1.208711,-0.755627
1.881029,1.203157,-0.758404
1.88366,1.20228,-0.765858
1.880152,1.211342,-0.772435
1.886875,1.202572,-0.770827
1.890091,1.201695,-0.772143
1.890383,1.208126,-0.766296
1.89126,1.208419,-0.771704
1.889506,1.204911,-0.773166
1.884537,1.208126,-0.769658
1.886875,1.208419,-0.77185
1.893598,1.213096,-0.76805
1.888044,1.201988,-0.76805
1.887752,1.212219,-0.764396
1.877813,1.209003,-0.766296
1.884537,1.206957,-0.764689
1.887167,1.212511,-0.766443
1.888629,1.206665,-0.758258
1.888629,1.206957,-0.767612
1.888921,1.212803,-0.76045
1.890091,1.214265,-0.762935
1.888629,1.206957,-0.770681
1.888629,1.208126,-0.772873
1.887752,1.205203,-0.768343
1.889506,1.209296,-0.770681
1.885121,1.209003,-0.770389
1.888921,1.214557,-0.762789
1.884829,1.211049,-0.764543
1.883367,1.212511,-0.771704
1.886291,1.210465,-0.768196
1.884537,1.207542,-0.76995
1.890968,1.211342,-0.770535
1.890383,1.211049,-0.76425
1.877521,1.214849,-0.765273
1.884244,1.213973,-0.77302
1.890091,1.208126,-0.76922
1.889214,1.207834,-0.768635
1.889214,1.209588,-0.761473
1.890091,1.217188,-0.761766
1.883367,1.210172,-0.771704
1.890675,1.207249,-0.768489
1.890675,1.208126,-0.766443
1.885121,1.216896,-0.764689
1.883075,1.210172,-0.76995
1.883952,1.204326,-0.766004
1.884244,1.206372,-0.767758
1.87986,1.207249,-0.762789
1.883075,1.204034,-0.772581
1.885121,1.207834,-0.768927
1.882491,1.212511,-0.776966
1.896229,1.206372,-0.762643
1.887167,1.206665,-0.761327
1.886291,1.208419,-0.766296
1.883367,1.206372,-0.769366
1.879275,1.209003,-0.767904
1.878398,1.212219,-0.768343
1.885121,1.213388,-0.773604
1.886291,1.20988,-0.764396
1.882491,1.209296,-0.766881
1.88746,1.203157,-0.753435
1.885998,1.212803,-0.77185
1.879567,1.24145,-0.780035
1.864659,1.254019,-0.801228
1.843905,1.297866,-0.855159
1.815843,1.346098,-0.857352
1.79392,1.401345,-0.885267
1.784274,1.444314,-0.896083
1.781643,1.468576,-0.883367
1.769658,1.495469,-0.890237
1.764689,1.514177,-0.870506
1.764104,1.519731,-0.859544
1.767904,1.513592,-0.835721
1.775504,1.5095,-0.824467
1.784274,1.502777,-0.808243
1.77755,1.4981,-0.801812
1.785735,1.492838,-0.802105
1.796551,1.483484,-0.791728
1.793043,1.484069,-0.79012
1.795381,1.471792,-0.771558
1.80152,1.464192,-0.765712
1.802689,1.460684,-0.769658
1.800058,1.46273,-0.754312
1.803274,1.463899,-0.753142
1.805028,1.456592,-0.75855
1.807366,1.493715,-0.751973
1.804443,1.447822,-0.747442
1.810289,1.449284,-0.754458
1.814674,1.444314,-0.747442
1.810874,1.444899,-0.749635
1.809412,1.445192,-0.744811
1.811751,1.435838,-0.740281
1.809997,1.446068,-0.747735
1.817305,1.437591,-0.742181
1.813213,1.438468,-0.747881
1.810582,1.441391,-0.736042
1.816136,1.437591,-0.744811
1.806782,1.441099,-0.743642
1.812336,1.43993,-0.731365
1.810289,1.435838,-0.748904
1.808828,1.443438,-0.736773
1.817013,1.437299,-0.74335
1.810582,1.429699,-0.744081
1.811751,1.438176,-0.741888
1.813213,1.441684,-0.737211
1.811166,1.438176,-0.738527
1.818474,1.439345,-0.736919
1.816428,1.438761,-0.736334
1.810289,1.443145,-0.74145
1.814966,1.442561,-0.740281
1.819643,1.438176,-0.737796
1.813797,1.446653,-0.737211
1.813797,1.43233,-0.739404
1.815259,1.439053,-0.741158
1.811459,1.437299,-0.733704
1.81292,1.446945,-0.73765
1.81292,1.444607,-0.73005
1.818182,1.441099,-0.729611
1.815843,1.436422,-0.736627
1.80912,1.440514,-0.722011
1.819059,1.442268,-0.724934
1.817013,1.441684,-0.748612
1.815551,1.442561,-0.728296
1.817305,1.435545,-0.731365
1.815259,1.441391,-0.735457
1.818182,1.442268,-0.733411
1.809412,1.450161,-0.73765
1.808535,1.437591,-0.734727
1.822859,1.443438,-0.736481
1.815843,1.437884,-0.739404
1.815551,1.435253,-0.732973
1.821105,1.440514,-0.742327
1.818766,1.44753,-0.73268
1.817597,1.442268,-0.733704
1.822274,1.438176,-0.729904
1.818182,1.440807,-0.732242
1.807951,1.437884,-0.736773
1.817305,1.444022,-0.739111
1.817305,1.443145,-0.741742
1.814674,1.440807,-0.724642
1.813213,1.441976,-0.731219
1.821982,1.444899,-0.738965
1.810874,1.441684,-0.742619
1.812628,1.442853,-0.733411
1.818474,1.444022,-0.742473
1.82052,1.435838,-0.733704
1.811459,1.43613,-0.743204
1.814089,1.438176,-0.735896
1.805905,1.437884,-0.737942
1.811459,1.448407,-0.732827
1.825197,1.448115,-0.738088
1.817013,1.452207,-0.739696
1.823443,1.441391,-0.735019
1.818182,1.441099,-0.728442
1.808535,1.445192,-0.743788
1.813505,1.437884,-0.735165
1.817597,1.438468,-0.741011
1.819059,1.440807,-0.737211
1.813505,1.448699,-0.733704
1.813505,1.44373,-0.739258
1.811459,1.443145,-0.73268
1.806489,1.443438,-0.738527
1.815843,1.439345,-0.746419
1.812628,1.43496,-0.738088
1.807659,1.437884,-0.739404
1.814966,1.440514,-0.729027
1.815551,1.445192,-0.728588
1.810289,1.442268,-0.736773
1.811166,1.444899,-0.744519
1.809705,1.440807,-0.731804
1.811751,1.438761,-0.735896
1.816428,1.442268,-0.735165
1.819059,1.444022,-0.731073
1.813797,1.441391,-0.732096
1.818766,1.445192,-0.72815
1.819643,1.445192,-0.738381
1.816136,1.44753,-0.733119
1.820228,1.444607,-0.73955
1.81292,1.434668,-0.743788
1.819936,1.446068,-0.736188
1.814089,1.448115,-0.740281
1.82052,1.436422,-0.735165
1.810874,1.43613,-0.735457
1.811751,1.444022,-0.741742
1.819936,1.437591,-0.734873
1.814089,1.442561,-0.730927
1.82052,1.44373,-0.739258
1.815843,1.434668,-0.739696
1.820813,1.439638,-0.744811
1.813505,1.444022,-0.73575
1.815259,1.44753,-0.741158
1.811459,1.446068,-0.740134
1.81672,1.444899,-0.751388
1.820228,1.443438,-0.740865
1.813797,1.438176,-0.731365
1.814089,1.436714,-0.741158
1.822567,1.440222,-0.734288
1.809412,1.441099,-0.741011
1.818474,1.435838,-0.743204
1.809705,1.441099,-0.740719
1.816136,1.446945,-0.732388
1.811166,1.443145,-0.737504
1.814674,1.442561,-0.730927
1.811751,1.436714,-0.738673
1.816428,1.440222,-0.719819
1.81292,1.437591,-0.727711
1.808243,1.437007,-0.737504
1.816136,1.434668,-0.735896
1.81292,1.444314,-0.733704
1.815259,1.438761,-0.747735
1.818474,1.444899,-0.73575
1.818182,1.440514,-0.732827
1.810874,1.437299,-0.731219
1.815259,1.448407,-0.736188
1.81292,1.441976,-0.734142
1.808535,1.439053,-0.733119
1.813213,1.44373,-0.734873
1.813505,1.439638,-0.732096
1.814089,1.451915,-0.736481
1.809997,1.44373,-0.740719
1.814966,1.445192,-0.734873
1.812043,1.449576,-0.735896
1.817889,1.439638,-0.732388
1.822859,1.444607,-0.732973
1.819351,1.444314,-0.736481
1.812628,1.444607,-0.735604
1.816428,1.442853,-0.734581
1.813797,1.446945,-0.730488
1.815843,1.43993,-0.730927
1.821397,1.44373,-0.738234
1.827828,1.440222,-0.742034
1.820228,1.445776,-0.741888
1.818474,1.438176,-0.732388
1.815843,1.444314,-0.731219
1.814089,1.442268,-0.728004
1.810874,1.433499,-0.739842
1.819351,1.437007,-0.73765
1.818474,1.438176,-0.738965
1.819059,1.438761,-0.726834
1.815259,1.448407,-0.741888
1.809412,1.432037,-0.736188
1.814674,1.435838,-0.740865
1.813797,1.441684,-0.738234
1.810874,1.438761,-0.741304
1.812628,1.444899,-0.729173
1.817013,1.44373,-0.741596
1.821982,1.441391,-0.727857
1.814674,1.444022,-0.738527
1.811166,1.442853,-0.745542
1.810874,1.43613,-0.74145
1.822859,1.442853,-0.731804
1.814966,1.443438,-0.732534
1.813797,1.439345,-0.735604
1.819059,1.442853,-0.738381
1.817013,1.43993,-0.73005
1.815843,1.440807,-0.746273
1.811751,1.442561,-0.730927
1.814674,1.439053,-0.726396
1.819351,1.437884,-0.73575
1.815259,1.435838,-0.733557
1.813505,1.442268,-0.740134
1.821105,1.44373,-0.738381
1.814674,1.439345,-0.73385
1.821397,1.439638,-0.740281
1.819351,1.439345,-0.740134
1.814674,1.442561,-0.729027
1.813505,1.440514,-0.732534
1.811751,1.442268,-0.736481
1.813505,1.43993,-0.738381
1.814089,1.444899,-0.721865
1.820228,1.439345,-0.732973
1.814089,1.440807,-0.728004
1.819059,1.445192,-0.740427
1.816428,1.438468,-0.733411
1.819643,1.444022,-0.734142
1.81292,1.445776,-0.733557
1.815551,1.443145,-0.731365
1.813213,1.44373,-0.737504
1.815843,1.446068,-0.727273
1.811166,1.435838,-0.737211
1.806197,1.440222,-0.729611
1.811751,1.437884,-0.73385
1.817013,1.446361,-0.733411
1.812043,1.441684,-0.72245
1.824613,1.444314,-0.744081
1.816136,1.437591,-0.72245
1.820813,1.442561,-0.736481
1.814674,1.438468,-0.732827
1.819936,1.441391,-0.733704
1.810582,1.442853,-0.733996
1.811459,1.436714,-0.737065
1.811751,1.445192,-0.726688
1.815259,1.449576,-0.733411
1.814674,1.445484,-0.730342
1.812043,1.444314,-0.723911
1.815259,1.448115,-0.726396
1.814089,1.448992,-0.729611
1.822859,1.438761,-0.744958
1.817597,1.440807,-0.724203
1.810874,1.442853,-0.718357
1.810874,1.451038,-0.736188
1.805612,1.442853,-0.731365
1.812336,1.444607,-0.726396
1.814382,1.442853,-0.738965
1.820228,1.441684,-0.74145
1.811166,1.442561,-0.728296
1.817305,1.438761,-0.735311
1.820228,1.446068,-0.731804
1.818474,1.442561,-0.744811
1.811166,1.44373,-0.739842
1.826659,1.446653,-0.741158
1.817889,1.446653,-0.742181
1.815843,1.43993,-0.733265
1.817305,1.44373,-0.737357
1.82052,1.439638,-0.736481
1.816136,1.441391,-0.738088
1.821982,1.441976,-0.733557
1.811459,1.444607,-0.738965
1.814382,1.444314,-0.740134
1.82432,1.441099,-0.73575
1.823443,1.450745,-0.732242
1.817889,1.450745,-0.731365
1.814966,1.439345,-0.736627
1.822859,1.446361,-0.728004
1.815843,1.435253,-0.736773
1.82052,1.441684,-0.745542
1.813505,1.446361,-0.738527
1.82052,1.444314,-0.734727
1.819059,1.441976,-0.738088
1.81672,1.434084,-0.734873
1.81292,1.444607,-0.723765
1.811459,1.448115,-0.736627
1.817013,1.434084,-0.733265
1.815551,1.43993,-0.733996
1.814089,1.435838,-0.722303
1.817013,1.436714,-0.72888
1.813505,1.444899,-0.734288
1.815259,1.440514,-0.728442
1.814674,1.439638,-0.724788
1.814382,1.432037,-0.73385
1.817597,1.444899,-0.736334
1.810874,1.439345,-0.73078
1.819059,1.438468,-0.730342
1.810582,1.436714,-0.728004
1.818474,1.444022,-0.744665
1.816428,1.434668,-0.731657
1.808243,1.443438,-0.735019
1.815843,1.436422,-0.732388
1.813213,1.440222,-0.734288
1.818182,1.439053,-0.740427
1.809412,1.433499,-0.744665
1.809412,1.441099,-0.736919
1.812336,1.445192,-0.734727
1.815551,1.442268,-0.736919
1.809412,1.442268,-0.73955
1.813797,1.432914,-0.73078
1.808535,1.431745,-0.731365
1.811751,1.438468,-0.730927
1.812043,1.434084,-0.730196
1.810582,1.433791,-0.74145
1.818766,1.438761,-0.731073
1.809997,1.441391,-0.743642
1.816136,1.431745,-0.734434
1.816136,1.436422,-0.736334
1.817597,1.433207,-0.749635
1.82052,1.435838,-0.730927
1.810874,1.42853,-0.728442
1.808535,1.43116,-0.731511
1.818474,1.429991,-0.747881
1.812043,1.437299,-0.738527
1.808828,1.431453,-0.733119
1.812336,1.439638,-0.724057
1.812043,1.433791,-0.725227
1.808535,1.43993,-0.735165
1.801228,1.438468,-0.735457
1.808535,1.440514,-0.737211
1.802689,1.439345,-0.739696
1.811751,1.434668,-0.733119
1.808828,1.435545,-0.734873
1.818766,1.439053,-0.730488
1.809412,1.433791,-0.730342
1.814966,1.438176,-0.731073
1.816136,1.437884,-0.741888
1.814966,1.435838,-0.73005
1.813505,1.437591,-0.73765
1.81292,1.444899,-0.724788
1.814089,1.439053,-0.738088
1.805612,1.440807,-0.725373
1.813213,1.43233,-0.734288
1.818182,1.440807,-0.729904
1.814966,1.441391,-0.737357
1.816428,1.438176,-0.739258
1.816428,1.437884,-0.73765
1.809997,1.439053,-0.730196
1.819936,1.44373,-0.736188
1.808828,1.441684,-0.739696
1.81292,1.437591,-0.741596
1.820228,1.441976,-0.725957
1.811166,1.438468,-0.730634
1.81292,1.437007,-0.724642
1.814966,1.435838,-0.733265
1.817013,1.433791,-0.732534
1.810289,1.437299,-0.737357
1.809412,1.437007,-0.733265
1.813213,1.440514,-0.736334
1.812043,1.433207,-0.72888
1.809412,1.437591,-0.724934
1.819351,1.44373,-0.738527
1.820813,1.438176,-0.738527
1.816136,1.435838,-0.73005
1.808243,1.432914,-0.738527
1.809997,1.433499,-0.737065
1.816136,1.43233,-0.734434
1.808243,1.433499,-0.737065
1.814966,1.438176,-0.730488
1.813797,1.439345,-0.733119
1.816136,1.436422,-0.723911
1.812336,1.433791,-0.731219
1.806197,1.434084,-0.740281
1.809705,1.43993,-0.73195
1.805028,1.435838,-0.735457
1.809997,1.438176,-0.750365
1.814674,1.437007,-0.729319
1.810874,1.439053,-0.73765
1.814674,1.444314,-0.746127
1.812336,1.438468,-0.739111
1.810874,1.437007,-0.737357
1.811459,1.42853,-0.740719
1.817013,1.442561,-0.731365
1.812628,1.441684,-0.73005
1.814674,1.439053,-0.741158
1.805612,1.432914,-0.738088
1.811751,1.434668,-0.733119
1.808243,1.435253,-0.740134
1.817597,1.441391,-0.723473
1.815551,1.440222,-0.742181
1.815551,1.431745,-0.737211
1.814382,1.43613,-0.743496
1.816136,1.433207,-0.745396
1.817305,1.435545,-0.73575
1.815551,1.435253,-0.743058
1.817889,1.442853,-0.735896
1.817013,1.43116,-0.738381
1.81292,1.436714,-0.738965
1.809997,1.43613,-0.728296
1.807951,1.438761,-0.722303
1.811166,1.438761,-0.732388
1.816136,1.438468,-0.737065
1.808828,1.432914,-0.736627
1.81292,1.438761,-0.733996
1.817889,1.439345,-0.730196
1.807074,1.441976,-0.73268
1.81292,1.436422,-0.733411
1.811459,1.437591,-0.728004
1.808535,1.442561,-0.727857
1.819351,1.441976,-0.731804
1.80912,1.445776,-0.750804
1.800643,1.460976,-0.763666
1.784566,1.487577,-0.790412
1.781935,1.505408,-0.814528
1.772873,1.503946,-0.85399
1.765858,1.501608,-0.878983
1.774043,1.486115,-0.87796
1.781643,1.458638,-0.898714
1.790704,1.429699,-0.890091
1.797135,1.399006,-0.878106
1.80912,1.362759,-0.865829
1.829582,1.338498,-0.859252
1.835428,1.320082,-0.852236
1.847121,1.299912,-0.838059
1.846536,1.281497,-0.831336
1.84829,1.277404,-0.819643
1.854429,1.258112,-0.813505
1.870798,1.247881,-0.80912
1.870213,1.254019,-0.799766
1.877521,1.240573,-0.791728
1.870506,1.234727,-0.791581
1.874598,1.235604,-0.78632
1.871383,1.222157,-0.787781
1.877813,1.229757,-0.784566
1.878398,1.224788,-0.767612
1.882491,1.222742,-0.774189
1.885414,1.216896,-0.791289
1.882491,1.224496,-0.76805
1.880737,1.221573,-0.772435
1.884537,1.222742,-0.770243
1.883952,1.215142,-0.777697
1.888629,1.211634,-0.782812
1.888337,1.214849,-0.771704
1.878983,1.210757,-0.77302
1.886291,1.207542,-0.777112
1.888044,1.207542,-0.763081
1.889506,1.211634,-0.772727
1.891552,1.216311,-0.776673
1.888337,1.210757,-0.770973
1.883367,1.203742,-0.763081
1.881906,1.20988,-0.77185
1.88746,1.214557,-0.767612
1.884537,1.210465,-0.761619
1.89126,1.207834,-0.760012
1.885706,1.209588,-0.773166
1.895937,1.20608,-0.767758
1.883367,1.209003,-0.768489
1.887752,1.204619,-0.758989
1.882783,1.213388,-0.761035
1.892429,1.204619,-0.763519
1.889214,1.200234,-0.748904
1.892137,1.210465,-0.767173
1.887167,1.206372,-0.76922
1.889798,1.209296,-0.763666
1.886583,1.213096,-0.767612
1.893598,1.211926,-0.759719
1.883367,1.214265,-0.770535
1.894768,1.20988,-0.770681
1.887167,1.210757,-0.749781
1.893891,1.212511,-0.76615
1.889506,1.203157,-0.764104
1.897983,1.20988,-0.761619
1.889214,1.209296,-0.766589
1.885121,1.209003,-0.774189
1.881321,1.208711,-0.770827
1.890383,1.212803,-0.760889
1.885414,1.209296,-0.757089
1.888337,1.210172,-0.76805
1.881614,1.208711,-0.770243
1.894183,1.207249,-0.753873
1.894183,1.210465,-0.758404
1.895352,1.210465,-0.767466
1.89126,1.209296,-0.76235
1.887752,1.206957,-0.762496
1.885121,1.210465,-0.767466
1.885121,1.212219,-0.763227
1.890675,1.211634,-0.766296
1.886583,1.211634,-0.768489
1.886583,1.20608,-0.769073
1.886291,1.210172,-0.768196
1.885414,1.209588,-0.765419
1.885706,1.210757,-0.770243
1.88366,1.21368,-0.767466
1.883367,1.206665,-0.764981
1.890091,1.20228,-0.767758
1.878106,1.212511,-0.772435
1.890383,1.206957,-0.769366
1.884537,1.20608,-0.763227
1.884829,1.206665,-0.761473
1.88366,1.205788,-0.76732
1.879275,1.210465,-0.762204
1.887752,1.21368,-0.773458
1.888629,1.207249,-0.785735
1.889506,1.212511,-0.768635
1.880444,1.211049,-0.768343
1.885998,1.206372,-0.765127
1.881906,1.206665,-0.766004
1.890091,1.209003,-0.771412
1.893891,1.212219,-0.764981
1.892721,1.211634,-0.765566
1.88366,1.213388,-0.771412
1.886875,1.204911,-0.771996
1.89126,1.208126,-0.769512
1.885121,1.204326,-0.766881
1.887752,1.213388,-0.772581
1.887752,1.209003,-0.773312
1.880444,1.211049,-0.76922
1.888629,1.216311,-0.770535
1.885121,1.21368,-0.765712
1.891552,1.213096,-0.770243
1.884829,1.207249,-0.77185
1.893598,1.211634,-0.774189
1.886875,1.204326,-0.775212
1.888044,1.209296,-0.772581
1.888044,1.207542,-0.778574
1.885998,1.204619,-0.766589
1.88366,1.209588,-0.768781
1.879567,1.212219,-0.768781
1.888044,1.204619,-0.778427
1.882783,1.208711,-0.769073
1.890675,1.204326,-0.765858
1.882198,1.210465,-0.770827
1.885706,1.203742,-0.768635
1.883952,1.205495,-0.75665
1.87986,1.216311,-0.764396
1.888629,1.209588,-0.76235
1.888337,1.213388,-0.756358
1.887752,1.208419,-0.766735
1.88746,1.204619,-0.760158
1.881906,1.205495,-0.762935
1.893891,1.211926,-0.76425
1.881614,1.206957,-0.776235
1.885706,1.208126,-0.771558
1.880737,1.208711,-0.764104
1.884244,1.206665,-0.765273
1.884537,1.212803,-0.764104
1.891845,1.20988,-0.769366
1.888921,1.212803,-0.773312
1.890968,1.208126,-0.760304
1.885414,1.211926,-0.765712
1.88366,1.21368,-0.764689
1.885706,1.206665,-0.776527
1.880737,1.209296,-0.770973
1.893306,1.206957,-0.756796
1.890383,1.208419,-0.764104
1.885998,1.205495,-0.76922
1.887752,1.209003,-0.763373
1.892137,1.212803,-0.767027
1.889214,1.211926,-0.765127
1.88746,1.20608,-0.762204
1.880444,1.211342,-0.766589
1.88366,1.204326,-0.764396
1.884829,1.210465,-0.771266
1.886583,1.219526,-0.770389
1.884537,1.202572,-0.76615
1.893891,1.206665,-0.772435
1.888044,1.207834,-0.768635
1.887167,1.203157,-0.769512
1.87986,1.203742,-0.763519
1.879275,1.200818,-0.763958
1.885998,1.209296,-0.771996
1.88746,1.206665,-0.774043
1.882491,1.196434,-0.765127
1.888337,1.206957,-0.766881
1.88366,1.20608,-0.778866
1.881321,1.200818,-0.770389
1.890091,1.209296,-0.772289
1.887752,1.201403,-0.766589
1.881321,1.205203,-0.77302
1.888337,1.215142,-0.761035
1.890383,1.213973,-0.767904
1.881029,1.214849,-0.766735
1.888921,1.207834,-0.762496
1.880152,1.203157,-0.765127
1.882198,1.20608,-0.76732
1.880737,1.209003,-0.762935
1.87986,1.208711,-0.76615
1.880737,1.206957,-0.761327
1.885706,1.203157,-0.770096
1.885414,1.204034,-0.757819
1.882783,1.19848,-0.766004
1.885706,1.200234,-0.763812
1.88746,1.198188,-0.766004
1.87869,1.211926,-0.761619
1.886291,1.20608,-0.764835
1.886875,1.205203,-0.772727
1.89126,1.212803,-0.766004
1.883367,1.209003,-0.760742
1.882783,1.213096,-0.767173
1.888921,1.212803,-0.764981
1.88746,1.210172,-0.76732
1.884244,1.208711,-0.760889
1.885706,1.214849,-0.761473
1.885414,1.208419,-0.767758
1.885414,1.210757,-0.768781
1.889506,1.212803,-0.771412
1.882783,1.200234,-0.770973
1.877229,1.209296,-0.774043
1.876352,1.227127,-0.789681
1.866998,1.244373,-0.800205
1.849167,1.280035,-0.830167
1.823736,1.333528,-0.871383
1.804735,1.388483,-0.882198
1.787489,1.42356,-0.90076
1.777258,1.467407,-0.89126
1.769073,1.491377,-0.891552
1.762643,1.503069,-0.871383
1.769073,1.5133,-0.854721
1.76995,1.511839,-0.846536
1.77872,1.502777,-0.820082
1.776089,1.5019,-0.81862
1.783104,1.495469,-0.808097
1.787489,1.498392,-0.787197
1.788658,1.483484,-0.780181
1.79392,1.484361,-0.782812
1.790997,1.475007,-0.764689
1.804151,1.468576,-0.775358
1.802982,1.461269,-0.75475
1.793335,1.460099,-0.761619
1.807366,1.461561,-0.751827
1.802397,1.459807,-0.747881
1.811166,1.450453,-0.734142
1.807659,1.450161,-0.747296
1.803859,1.448992,-0.743788
1.812043,1.448992,-0.737796
1.815259,1.441391,-0.740573
1.809412,1.447822,-0.743204
1.812336,1.445192,-0.744811
1.815843,1.444314,-0.730196
1.815551,1.440514,-0.740865
1.808243,1.438176,-0.72625
1.808828,1.44753,-0.735165
1.809997,1.439638,-0.727565
1.802105,1.438468,-0.730488
1.817597,1.441684,-0.731804
1.814089,1.444899,-0.729027
1.802105,1.438176,-0.726396
1.808243,1.437007,-0.729757
1.819059,1.443438,-0.728004
1.813213,1.445484,-0.73268
1.815843,1.439345,-0.72815
1.818182,1.440514,-0.733265
1.809412,1.442268,-0.743935
1.817305,1.438176,-0.742327
1.814089,1.439053,-0.729611
1.816136,1.444607,-0.738381
1.815259,1.43496,-0.733996
1.819059,1.437884,-0.726688
1.808535,1.437299,-0.742034
1.818474,1.437884,-0.744519
1.820228,1.437884,-0.736334
1.814089,1.441099,-0.728734
1.814674,1.438176,-0.736773
1.818474,1.440222,-0.731219
1.811459,1.441391,-0.73765
1.812336,1.438761,-0.731365
1.81672,1.435838,-0.725373
1.816136,1.439638,-0.729904
1.814382,1.441976,-0.734873
1.812043,1.442853,-0.725957
1.814089,1.437884,-0.733411
1.813797,1.43613,-0.731804
1.807951,1.443145,-0.73005
1.810289,1.438761,-0.72888
1.818182,1.433791,-0.721426
1.818182,1.432622,-0.735311
1.813505,1.431745,-0.735896
1.818474,1.433791,-0.740865
1.810582,1.437007,-0.74145
1.81292,1.437884,-0.741596
1.814089,1.432622,-0.727565
1.819936,1.435545,-0.724642
1.811751,1.442561,-0.730634
1.807366,1.434376,-0.738088
1.816428,1.436714,-0.72625
1.805612,1.434084,-0.734727
1.816136,1.435253,-0.736481
1.809412,1.43496,-0.716749
1.814674,1.432622,-0.730342
1.817305,1.437299,-0.729027
1.821982,1.438761,-0.728588
1.819351,1.440807,-0.727711
1.811459,1.430576,-0.732534
1.815843,1.437591,-0.724496
1.819643,1.441099,-0.725519
1.812628,1.43233,-0.721426
1.806197,1.43496,-0.728296
1.81292,1.44373,-0.726834
1.818474,1.436422,-0.723619
1.812628,1.444022,-0.72698
1.812043,1.434668,-0.72698
1.817013,1.441684,-0.72625
1.815551,1.441391,-0.734873
1.825782,1.434084,-0.738234
1.81292,1.43496,-0.723765
1.823736,1.432622,-0.73955
1.817305,1.430868,-0.727711
1.807659,1.43116,-0.730342
1.818182,1.435545,-0.732973
1.815843,1.43116,-0.721573
1.807074,1.434668,-0.739258
1.81292,1.436714,-0.738234
1.813505,1.438176,-0.727711
1.81672,1.437591,-0.725811
1.818766,1.435838,-0.736334
1.81292,1.442561,-0.732388
1.80912,1.438176,-0.726542
1.810874,1.434376,-0.734434
1.814966,1.430284,-0.735604
1.818182,1.433791,-0.732827
1.817597,1.438176,-0.728734
1.808535,1.436422,-0.731073
1.810289,1.434376,-0.732973
1.806782,1.439638,-0.728004
1.810582,1.437884,-0.731804
1.814089,1.445776,-0.733996
1.813505,1.43496,-0.734142
1.819351,1.432914,-0.743058
1.808243,1.439345,-0.746419
1.814089,1.440807,-0.733557
1.808828,1.441684,-0.729611
1.817305,1.434376,-0.73268
1.817013,1.43613,-0.72698
1.812336,1.435545,-0.717188
1.810874,1.434084,-0.739258
1.817305,1.432914,-0.730342
1.815259,1.437591,-0.72698
1.805905,1.435545,-0.724057
1.810289,1.433499,-0.729027
1.812043,1.436714,-0.72698
1.805612,1.43613,-0.734434
1.814089,1.437007,-0.735457
1.815259,1.438176,-0.728734
1.815843,1.438176,-0.738381
1.81292,1.438468,-0.741596
1.813213,1.437299,-0.73268
1.81672,1.438761,-0.730196
1.807951,1.439053,-0.733704
1.808243,1.439053,-0.735165
1.812043,1.438761,-0.742327
1.813213,1.43993,-0.737065
1.805612,1.440514,-0.724642
1.819059,1.436714,-0.73765
1.819351,1.438176,-0.733119
1.811751,1.438468,-0.729611
1.811459,1.437884,-0.73575
1.807074,1.439638,-0.729173
1.814674,1.433499,-0.744373
1.814674,1.439345,-0.732242
1.814966,1.434376,-0.73385
1.812336,1.43993,-0.742619
1.813505,1.43993,-0.730634
1.813505,1.438761,-0.731804
1.814382,1.438468,-0.744519
1.817013,1.438468,-0.739842
1.818766,1.437591,-0.740865
1.812043,1.432037,-0.739404
1.813505,1.442853,-0.743788
1.819643,1.441976,-0.739842
1.81292,1.434668,-0.742181
1.814089,1.440807,-0.742181
1.821105,1.439053,-0.741304
1.813505,1.444314,-0.741011
1.815259,1.440807,-0.745104
1.82169,1.435253,-0.731657
1.814382,1.433499,-0.730196
1.819643,1.444314,-0.725519
1.807366,1.444607,-0.747442
1.812043,1.439053,-0.744665
1.817013,1.443145,-0.731073
1.813505,1.441976,-0.73575
1.818766,1.438468,-0.747004
1.815259,1.439638,-0.733996
1.815551,1.442853,-0.733411
1.819936,1.446945,-0.729611
1.814382,1.437591,-0.739111
1.816428,1.440514,-0.729027
1.820813,1.438468,-0.71938
1.815551,1.43496,-0.73195
1.823151,1.43613,-0.735019
1.81672,1.437884,-0.72698
1.817305,1.436714,-0.732827
1.811459,1.439345,-0.739404
1.813797,1.446653,-0.736188
1.814966,1.444022,-0.72698
1.80912,1.443145,-0.737357
1.811166,1.442561,-0.73765
1.813213,1.436422,-0.738088
1.817597,1.435545,-0.736334
1.808828,1.429114,-0.72815
1.811166,1.434668,-0.736334
1.813797,1.444607,-0.722011
1.817013,1.439345,-0.737065
1.812043,1.435838,-0.734727
1.816428,1.444022,-0.730927
1.822274,1.446068,-0.728734
1.815551,1.443438,-0.727127
1.812043,1.438761,-0.727565
1.815259,1.446361,-0.725519
1.814966,1.439638,-0.718357
1.817597,1.440807,-0.734434
1.819059,1.444022,-0.739696
1.819936,1.442561,-0.736188
1.819059,1.43613,-0.725811
1.816428,1.442561,-0.732973
1.818766,1.435838,-0.725665
1.817013,1.43116,-0.734142
1.819643,1.434084,-0.735311
1.817597,1.439638,-0.734434
1.81292,1.435253,-0.732242
1.824028,1.44373,-0.737357
1.813797,1.431745,-0.72815
1.821105,1.437884,-0.724057
1.821105,1.442268,-0.73005
1.81672,1.434376,-0.731219
1.817305,1.444607,-0.72508
1.819351,1.436714,-0.726396
1.818474,1.43993,-0.725519
1.818474,1.442853,-0.727711
1.816428,1.438176,-0.734727
1.819643,1.43613,-0.727273
1.816428,1.439053,-0.727273
1.813505,1.440807,-0.728442
1.819059,1.440222,-0.731073
1.816428,1.444314,-0.728734
1.81672,1.444022,-0.72888
1.819059,1.44373,-0.730488
1.815843,1.438761,-0.73005
1.819643,1.44373,-0.73955
1.822859,1.444899,-0.735896
1.813505,1.440222,-0.728588
1.819351,1.448992,-0.733119
1.817889,1.442268,-0.73385
1.821982,1.441976,-0.734288
1.818766,1.441099,-0.736773
1.815259,1.444022,-0.739696
1.814966,1.442853,-0.738088
1.822859,1.448115,-0.737796
1.818766,1.441976,-0.738527
1.817597,1.441684,-0.730196
1.818474,1.447238,-0.734581
1.821105,1.443145,-0.735896
1.815259,1.443438,-0.732827
1.82169,1.437884,-0.738381
1.816428,1.440807,-0.724788
1.818182,1.440514,-0.738527
1.820228,1.442853,-0.730196
1.824028,1.436714,-0.731219
1.822859,1.437884,-0.734288
1.814966,1.444314,-0.727565
1.825197,1.443438,-0.723911
1.819936,1.439638,-0.728296
1.817889,1.439638,-0.737211
1.82169,1.441976,-0.733996
1.818766,1.431745,-0.72625
1.817889,1.443438,-0.73005
1.819351,1.438468,-0.736773
1.820813,1.441391,-0.720111
1.817305,1.434376,-0.73268
1.816136,1.442268,-0.731657
1.818182,1.439345,-0.741011
1.82169,1.447238,-0.74145
1.813797,1.441391,-0.723911
1.818182,1.444022,-0.72318
1.81672,1.433791,-0.736042
1.812336,1.446653,-0.741158
1.814674,1.439345,-0.726542
1.817013,1.441976,-0.726103
1.817597,1.43233,-0.735019
1.818182,1.435838,-0.73195
1.813213,1.441099,-0.734873
1.817597,1.431745,-0.735896
1.81672,1.440222,-0.734581
1.809705,1.440222,-0.73385
1.815843,1.447822,-0.734727
1.808828,1.439638,-0.734142
1.817013,1.439345,-0.73765
1.815843,1.439345,-0.731219
1.819936,1.440807,-0.728442
1.822274,1.435838,-0.724642
1.812043,1.440222,-0.734873
1.821397,1.440222,-0.74145
1.82169,1.438761,-0.738965
1.81672,1.434376,-0.731511
1.819643,1.445484,-0.73385
1.812628,1.43993,-0.734434
1.80912,1.441684,-0.738673
1.82052,1.442561,-0.728588
1.814966,1.438761,-0.737504
1.820813,1.438468,-0.743058
1.810582,1.443145,-0.736481
1.818766,1.444314,-0.744227
1.816136,1.435838,-0.743788
1.812336,1.446945,-0.740573
1.815551,1.43613,-0.737065
1.815843,1.446068,-0.733411
1.813213,1.436714,-0.725227
1.810874,1.432622,-0.729465
1.801812,1.43496,-0.739111
1.815259,1.435838,-0.728296
1.814674,1.438176,-0.738234
1.820813,1.437299,-0.733411
1.81292,1.43993,-0.735165
1.812336,1.443438,-0.730927
1.815843,1.443145,-0.732242
1.820228,1.442853,-0.734288
1.819059,1.441099,-0.745396
1.817013,1.439345,-0.743496
1.816428,1.437007,-0.727711
1.817305,1.441684,-0.731804
1.821397,1.449576,-0.744227
1.815551,1.446653,-0.733557
1.814966,1.434668,-0.731511
1.812628,1.449868,-0.740427
1.804151,1.447822,-0.72508
1.813213,1.446945,-0.735311
1.813505,1.436422,-0.736334
1.810874,1.437884,-0.740719
1.816136,1.436422,-0.732388
1.810582,1.43993,-0.747588
1.818474,1.437591,-0.739842
1.809412,1.442561,-0.736627
1.808243,1.445484,-0.730342
1.815551,1.435253,-0.733119
1.814674,1.43613,-0.736188
1.815843,1.446361,-0.731073
1.812336,1.44373,-0.749488
1.810582,1.460099,-0.756212
1.798305,1.485238,-0.772143
1.787197,1.501315,-0.815405
1.778135,1.513008,-0.845805
1.76995,1.512716,-0.864367
1.775797,1.495762,-0.889068
1.776089,1.472669,-0.881175
1.784274,1.448115,-0.894475
1.795674,1.406022,-0.886875
1.805028,1.38176,-0.880006
1.824905,1.342005,-0.86656
1.835428,1.317743,-0.848582
1.838059,1.296112,-0.839374
1.849752,1.28062,-0.833528
1.856182,1.280912,-0.815843
1.86729,1.258112,-0.821251
1.864952,1.258404,-0.807512
1.869044,1.248173,-0.801959
1.87226,1.239111,-0.803128
1.870798,1.231511,-0.80152
1.87869,1.23005,-0.793335
1.877813,1.227419,-0.787928
1.876937,1.224496,-0.788804
1.88366,1.22625,-0.782958
1.881614,1.219526,-0.783251
1.882491,1.22128,-0.784274
1.884537,1.223619,-0.782081
1.887167,1.225373,-0.789243
1.886291,1.219234,-0.784127
1.885706,1.216019,-0.775797
1.888629,1.213096,-0.762204
1.881029,1.217188,-0.766296
1.888629,1.216019,-0.774627
1.893598,1.212219,-0.776527
1.887167,1.214557,-0.770243
1.893598,1.211634,-0.771996
1.89126,1.216603,-0.766881
1.88746,1.209003,-0.763958
1.888629,1.206957,-0.777843
1.891552,1.215142,-0.764689
1.887167,1.208126,-0.765127
1.882491,1.210465,-0.770389
1.884244,1.209588,-0.777697
1.877229,1.203449,-0.771704
1.886583,1.209003,-0.764981
1.887752,1.208126,-0.76615
1.885414,1.208126,-0.775066
1.885121,1.200526,-0.75855
1.890675,1.20608,-0.765273
1.890383,1.210757,-0.761912
1.889214,1.207249,-0.767466
1.888044,1.216019,-0.764689
1.886583,1.212803,-0.772581
1.896814,1.205788,-0.752558
1.893598,1.209003,-0.761035
1.891552,1.216603,-0.770389
1.888044,1.206665,-0.762935
1.890968,1.207249,-0.76995
1.892721,1.204619,-0.77112
1.886583,1.209003,-0.763519
1.893891,1.206957,-0.764104
1.888629,1.211634,-0.776966
1.894183,1.20608,-0.764981
1.888044,1.208419,-0.767612
1.883075,1.210757,-0.766589
1.884244,1.204326,-0.764543
1.885121,1.208419,-0.768489
1.882198,1.204326,-0.766735
1.88366,1.210757,-0.772435
1.883952,1.207542,-0.769512
1.892137,1.204326,-0.769512
1.898275,1.212803,-0.765712
1.882198,1.20988,-0.772581
1.894475,1.204326,-0.76615
1.89126,1.205203,-0.766296
1.889214,1.208711,-0.772581
1.888921,1.210465,-0.767612
1.889214,1.214557,-0.767904
1.887167,1.208419,-0.775212
1.889506,1.203449,-0.770973
1.886875,1.206957,-0.770973
1.883075,1.213388,-0.764396
1.884537,1.208126,-0.761327
1.886875,1.206372,-0.751681
1.889506,1.21368,-0.773166
1.887167,1.207249,-0.761766
1.890675,1.208419,-0.757381
1.893891,1.209003,-0.770535
1.888337,1.207249,-0.779597
1.87986,1.211926,-0.773604
1.893014,1.215434,-0.769366
1.88746,1.214265,-0.777697
1.880444,1.204034,-0.773897
1.879567,1.210465,-0.763373
1.883075,1.205495,-0.77492
1.881614,1.207834,-0.770973
1.880737,1.209588,-0.769073
1.890675,1.199065,-0.774627
1.877813,1.210465,-0.770681
1.883367,1.207249,-0.768927
1.883952,1.209296,-0.757673
1.886875,1.217188,-0.758989
1.884537,1.206665,-0.77492
1.888629,1.208126,-0.758404
1.891845,1.213096,-0.76805
1.889214,1.212511,-0.769804
1.887167,1.211342,-0.770827
1.89126,1.207834,-0.762204
1.882491,1.206665,-0.762496
1.886291,1.216896,-0.773458
1.889214,1.215434,-0.765712
1.883367,1.203742,-0.768196
1.880444,1.208419,-0.772727
1.883075,1.204619,-0.769512
1.890383,1.211342,-0.768343
1.883075,1.204619,-0.767758
1.884829,1.214265,-0.770243
1.884829,1.212803,-0.766735
1.88366,1.199357,-0.78252
1.885998,1.209588,-0.774335
1.882491,1.207834,-0.758258
1.880737,1.210465,-0.75665
1.877521,1.207834,-0.773166
1.893306,1.212511,-0.776089
1.885998,1.208711,-0.769366
1.889506,1.207249,-0.781643
1.880444,1.205788,-0.767173
1.886583,1.198772,-0.766443
1.884537,1.202572,-0.765712
1.885121,1.20988,-0.763958
1.890091,1.210757,-0.763812
1.893014,1.20608,-0.779158
1.889506,1.206665,-0.772873
1.885414,1.209296,-0.767173
1.890383,1.210172,-0.76922
1.889506,1.210757,-0.767758
1.888921,1.214557,-0.762058
1.888921,1.206957,-0.759135
1.886583,1.204619,-0.763081
1.884244,1.210757,-0.766881
1.879275,1.213096,-0.776235
1.889798,1.21368,-0.768781
1.883952,1.206372,-0.778866
1.884829,1.204619,-0.773897
1.889798,1.204326,-0.768489
1.890383,1.206372,-0.770243
1.881029,1.209588,-0.76922
1.881029,1.21368,-0.772727
1.875475,1.206372,-0.780035
1.888629,1.20988,-0.775358
1.880444,1.210465,-0.775066
1.887752,1.205203,-0.775212
1.885706,1.208126,-0.768489
1.885998,1.207834,-0.767466
1.884829,1.209588,-0.76922
1.885998,1.211342,-0.775504
1.885998,1.204619,-0.77492
1.886583,1.211634,-0.775943
1.890383,1.210757,-0.776673
1.884537,1.203742,-0.760012
1.885706,1.204326,-0.760304
1.880737,1.204911,-0.772727
1.883952,1.20608,-0.768781
1.89126,1.212511,-0.761473
1.888921,1.207249,-0.769073
1.885121,1.210757,-0.770389
1.879567,1.205495,-0.764543
1.889214,1.210172,-0.773166
1.886291,1.211926,-0.777404
1.897106,1.216896,-0.767466
1.890383,1.212511,-0.770389
1.883075,1.205495,-0.77185
1.886875,1.213388,-0.763812
1.894768,1.212511,-0.764543
1.888629,1.207542,-0.768196
1.884829,1.209296,-0.781204
1.886583,1.213388,-0.761181
1.884244,1.210172,-0.769512
1.887167,1.204911,-0.771412
1.889798,1.20988,-0.767758
1.880737,1.21368,-0.776235
1.88366,1.206957,-0.774481
1.885121,1.210757,-0.777404
1.881614,1.209296,-0.767466
1.880737,1.208126,-0.77682
1.884244,1.207834,-0.774627
1.885706,1.212803,-0.773458
1.886291,1.212803,-0.76922
1.888921,1.205495,-0.76615
1.880152,1.20988,-0.768635
1.879275,1.203449,-0.778135
1.881029,1.204911,-0.756212
1.886875,1.206957,-0.768196
1.882783,1.208126,-0.768781
1.885121,1.211049,-0.770243
1.886583,1.212219,-0.761473
1.883952,1.208711,-0.762058
1.878398,1.216311,-0.776381
1.880737,1.211049,-0.769804
1.885121,1.211926,-0.771266
1.884537,1.208711,-0.77565
1.888044,1.212511,-0.75665
1.877521,1.208711,-0.770243
1.877229,1.212803,-0.778574
1.875183,1.206665,-0.759866
1.883367,1.200818,-0.770389
1.87606,1.204911,-0.760158
1.881906,1.207249,-0.775066
1.879275,1.210465,-0.772873
1.876352,1.207834,-0.762496
1.875475,1.211634,-0.767612
1.884829,1.204911,-0.772581
1.881614,1.207249,-0.768781
1.881029,1.213388,-0.763519
1.882491,1.205788,-0.766296
1.880444,1.213973,-0.768489
1.876937,1.209003,-0.766589
1.875183,1.210172,-0.770096
1.886875,1.211634,-0.777258
1.887167,1.211926,-0.764104
1.88746,1.207542,-0.76425
1.887752,1.213388,-0.767758
1.882491,1.203449,-0.771704
1.885121,1.209296,-0.768781
1.881321,1.204326,-0.772143
1.880444,1.208711,-0.771266
1.881906,1.207834,-0.768196
1.876352,1.199065,-0.77302
1.879567,1.21368,-0.776527
1.877813,1.209296,-0.762496
1.879567,1.210757,-0.765273
1.881614,1.209003,-0.776673
1.888044,1.206372,-0.772289
1.877813,1.210757,-0.775212
1.884829,1.205495,-0.775943
1.882198,1.201403,-0.767466
1.887167,1.205495,-0.764543
1.886583,1.206372,-0.771704
1.880737,1.210757,-0.767904
1.880737,1.21368,-0.770681
1.87489,1.20608,-0.764104
1.877229,1.204619,-0.76922
1.883075,1.211342,-0.77492
1.883367,1.212219,-0.769804
1.877813,1.213973,-0.772727
1.885414,1.213096,-0.769658
1.887167,1.218357,-0.77375
1.888044,1.217773,-0.769512
1.866706,1.209296,-0.779889
1.885706,1.212219,-0.772873
1.884244,1.201988,-0.776966
1.878106,1.211926,-0.776527
1.885706,1.210465,-0.772873
1.878983,1.209003,-0.771266
1.882491,1.204911,-0.776235
1.881029,1.207834,-0.763081
1.890383,1.210757,-0.776089
1.883952,1.204911,-0.770096
1.886583,1.205495,-0.779158
1.886291,1.208419,-0.780035
1.888337,1.215726,-0.773897
1.884829,1.210172,-0.779304
1.874013,1.209588,-0.777258
1.885998,1.206957,-0.771412
1.887167,1.210465,-0.77565
1.879275,1.197018,-0.779304
1.883952,1.209588,-0.772873
1.881321,1.209003,-0.771412
1.885706,1.205495,-0.76732
1.890968,1.209296,-0.76732
1.882198,1.209003,-0.770973
1.882783,1.211342,-0.765273
1.886291,1.20988,-0.770681
1.888044,1.205788,-0.765858
1.885998,1.209296,-0.779304
1.884244,1.210757,-0.764543
1.888044,1.209003,-0.761035
1.883952,1.204911,-0.771996
1.89126,1.207542,-0.774189
1.884244,1.210172,-0.776381
1.882491,1.204911,-0.761327
1.882491,1.209296,-0.773312
1.886291,1.203157,-0.760889
1.893014,1.211342,-0.784127
1.884537,1.210757,-0.764104
1.890968,1.206957,-0.764396
1.888337,1.202572,-0.767758
1.885414,1.207249,-0.77375
1.885706,1.203157,-0.770389
1.884829,1.211342,-0.770096
1.888629,1.203449,-0.774773
1.884244,1.202572,-0.770973
1.886291,1.205495,-0.765419
1.883367,1.204034,-0.771266
1.886583,1.204326,-0.76235
1.885414,1.201695,-0.767758
1.888044,1.196141,-0.76995
1.883367,1.20608,-0.763373
1.894183,1.207834,-0.767904
1.888337,1.203449,-0.769658
1.884537,1.206372,-0.767758
1.889798,1.211634,-0.77375
1.890383,1.207542,-0.753873
1.896521,1.20988,-0.770973
1.890968,1.22245,-0.770973
1.886875,1.20988,-0.770389
1.887167,1.212803,-0.765419
1.89126,1.210172,-0.772289
1.888044,1.211634,-0.763666
1.884537,1.215434,-0.772435
1.890675,1.213388,-0.778427
1.879275,1.205203,-0.770535
1.882491,1.20228,-0.775212
1.886875,1.205788,-0.772289
1.887752,1.21748,-0.772581
1.881321,1.203742,-0.76995
1.881906,1.206372,-0.772289
1.884829,1.204326,-0.770096
1.886291,1.201988,-0.765566
1.890091,1.208419,-0.769658
1.87986,1.211634,-0.763958
1.887752,1.206957,-0.767027
1.878106,1.204911,-0.77375
1.882198,1.204326,-0.772873
1.882783,1.207542,-0.76045
1.87986,1.208711,-0.777697
1.88366,1.204911,-0.768343
1.887752,1.205495,-0.758696
1.886583,1.206665,-0.761912
1.885998,1.206957,-0.762204
1.885998,1.20608,-0.773897
1.87606,1.206372,-0.762789
1.884244,1.203742,-0.757089
1.882491,1.208419,-0.773166
1.890675,1.209003,-0.765566
1.884829,1.211049,-0.766589
1.883075,1.207834,-0.770535
1.883367,1.203157,-0.773312
1.888629,1.213388,-0.760889
1.892721,1.216311,-0.763227
1.87986,1.20988,-0.766296
1.885121,1.211926,-0.773604
1.888337,1.209003,-0.770389
1.881906,1.204326,-0.76045
1.885121,1.212803,-0.765127
1.89126,1.207249,-0.770096
1.889214,1.207834,-0.763812
1.890383,1.211634,-0.778281
1.889798,1.216019,-0.766443
1.888921,1.211049,-0.76922
1.89126,1.207249,-0.766589
1.884244,1.208126,-0.761766
1.887752,1.199065,-0.766296
1.88366,1.202865,-0.778427
1.880737,1.210465,-0.770389
1.888921,1.209296,-0.778135
1.888337,1.210757,-0.763958
1.885121,1.216311,-0.766881
1.88366,1.21748,-0.760596
1.886875,1.212511,-0.772727
1.889506,1.218065,-0.771558
1.891845,1.214849,-0.764835
1.883075,1.205495,-0.772727
1.88746,1.206372,-0.760158
1.88366,1.211049,-0.768343
1.885121,1.213973,-0.770389
1.883075,1.208126,-0.764543
1.890091,1.206372,-0.779597
1.888337,1.204911,-0.775358
1.888921,1.204911,-0.768781
1.894768,1.211634,-0.774481
1.890675,1.20988,-0.763519
1.882783,1.207834,-0.770827
1.88746,1.20988,-0.763227
1.890091,1.205203,-0.76922
1.88746,1.211926,-0.766296
1.883367,1.207834,-0.772727
1.892429,1.19848,-0.761619
1.886291,1.204034,-0.76922
1.891845,1.209003,-0.765127
1.89126,1.210172,-0.764835
1.888044,1.206665,-0.761327
1.886875,1.206957,-0.760012
1.891552,1.206957,-0.767173
1.893598,1.210172,-0.766443
1.891552,1.208419,-0.762789
1.881614,1.206957,-0.76805
1.888337,1.216019,-0.765566
1.892429,1.211049,-0.757381
1.885706,1.213388,-0.770243
1.87869,1.212219,-0.766735
1.884537,1.207834,-0.76045
1.885998,1.205788,-0.762058
1.883075,1.20988,-0.773166
1.882491,1.21368,-0.769658
1.884829,1.20988,-0.773166
1.881321,1.212803,-0.763666
1.888337,1.211634,-0.77755
1.888337,1.212511,-0.770535
1.885706,1.207249,-0.763227
1.882198,1.211926,-0.774335
1.880737,1.212219,-0.767173
1.885414,1.217188,-0.770096
1.890091,1.218357,-0.765566
1.886583,1.216311,-0.776381
1.880737,1.221573,-0.770389
1.888337,1.210172,-0.772727
1.891552,1.212803,-0.785589
1.890091,1.206372,-0.770535
1.889506,1.208126,-0.770681
1.890383,1.206957,-0.774627
1.889798,1.209588,-0.765127
1.87869,1.208711,-0.771704
1.886291,1.203157,-0.772143
1.881614,1.204911,-0.775504
1.884829,1.206665,-0.772581
1.885121,1.208419,-0.772873
1.887752,1.206957,-0.778135
1.888044,1.20988,-0.778574
1.881321,1.20988,-0.766004
1.882198,1.212511,-0.773312
1.888044,1.209003,-0.770827
1.884537,1.203157,-0.770243
1.88746,1.213096,-0.767027
1.881029,1.203449,-0.763081
1.883075,1.206665,-0.781643
1.887167,1.200818,-0.770827
1.888629,1.204619,-0.763958
1.881321,1.207834,-0.759427
1.890675,1.210172,-0.777989
1.887167,1.210172,-0.774043
1.890383,1.216019,-0.771266
1.890968,1.207834,-0.765127
1.884829,1.206957,-0.767758
1.885121,1.210465,-0.775066
1.888629,1.212803,-0.785004
1.886291,1.211049,-0.768635
1.888921,1.209588,-0.76922
1.89126,1.211342,-0.766296
1.888629,1.213388,-0.774773
1.884244,1.208419,-0.772143
1.885706,1.212219,-0.772435
1.892429,1.204326,-0.769658
1.888337,1.210757,-0.76995
1.890091,1.209296,-0.774189
1.887752,1.202865,-0.770681
1.89126,1.201111,-0.772873
1.888044,1.214265,-0.776673
1.897398,1.207542,-0.77565
1.882198,1.209588,-0.774189
1.884829,1.213388,-0.760158
1.884244,1.207834,-0.764104
1.886875,1.210757,-0.769512
1.888044,1.209003,-0.759866
1.894183,1.20608,-0.769658
1.895352,1.203449,-0.770827
1.88746,1.208711,-0.768489
1.885414,1.204619,-0.762643
1.890383,1.213096,-0.759135
1.889214,1.205495,-0.757381
1.891845,1.208419,-0.751388
1.88746,1.208419,-0.768343
1.887167,1.207249,-0.764396
1.885706,1.205495,-0.772435
1.87986,1.210172,-0.764835
1.89126,1.207834,-0.765127
1.883952,1.20988,-0.765273
1.886583,1.204034,-0.777843
1.890383,1.212803,-0.771996
1.885998,1.202572,-0.774627
1.891552,1.201111,-0.773604
1.886291,1.204619,-0.779304
1.884829,1.209296,-0.771996
1.893598,1.209003,-0.759135
1.886583,1.205788,-0.76995
1.884537,1.213388,-0.770681
1.889214,1.214557,-0.76615
1.885706,1.208126,-0.77302
1.884537,1.206957,-0.771704
1.882783,1.213973,-0.766443
1.881906,1.213388,-0.775943
1.889214,1.209296,-0.757235
1.881321,1.203157,-0.766735
1.884244,1.212511,-0.770827
1.888629,1.214849,-0.758404
1.890091,1.205203,-0.76615
1.887167,1.210172,-0.768781
1.881906,1.203449,-0.779889
1.890091,1.205495,-0.773604
1.883367,1.205495,-0.776381
1.887752,1.217188,-0.775358
1.884537,1.208711,-0.77755
1.885414,1.208419,-0.777697
1.888921,1.212219,-0.765419
1.885121,1.201111,-0.782227
1.876352,1.203742,-0.766589
1.888629,1.208711,-0.770535
1.889506,1.203157,-0.768927
1.885414,1.208711,-0.782227
1.886875,1.208126,-0.777989
1.885998,1.202572,-0.764396
1.883952,1.203742,-0.773458
1.885998,1.204911,-0.772289
1.885414,1.201403,-0.772727
1.886875,1.204911,-0.766296
1.88746,1.202865,-0.769512
1.886875,1.204326,-0.765566
1.885998,1.211049,-0.770096
1.888629,1.210172,-0.771412
1.896229,1.207249,-0.766881
1.881906,1.204619,-0.765127
1.891845,1.214557,-0.771412
1.885706,1.216019,-0.76995
1.888044,1.213973,-0.767027
1.88746,1.21368,-0.777697
1.882198,1.213388,-0.773166
1.884829,1.211634,-0.765419
1.888337,1.208126,-0.770535
1.881906,1.209003,-0.765858
1.888337,1.207542,-0.771704
1.884537,1.212803,-0.778135
1.889506,1.211634,-0.773897
1.888044,1.206957,-0.769658
1.889506,1.214849,-0.766589
1.888629,1.214265,-0.754458
1.893306,1.215434,-0.760012
1.877521,1.228296,-0.772289
1.868459,1.236773,-0.78632
1.857059,1.278574,-0.82739
1.833382,1.313651,-0.852236
1.807366,1.36539,-0.877375
1.796258,1.422683,-0.883514
1.778427,1.456299,-0.884098
1.779304,1.477638,-0.894037
1.767319,1.500438,-0.88366
1.769658,1.506285,-0.861736
1.766735,1.515931,-0.849459
1.776089,1.511546,-0.827536
1.789243,1.499854,-0.785443
1.798305,1.465946,-0.749196
1.820813,1.43116,-0.727127
1.832797,1.394914,-0.702865
1.853259,1.357498,-0.66501
1.857644,1.333236,-0.652295
1.875183,1.308097,-0.635633
1.877813,1.306635,-0.637679
1.885998,1.283251,-0.628179
1.889506,1.274773,-0.625256
1.901199,1.257819,-0.622771
1.898568,1.247881,-0.629056
1.908506,1.239988,-0.619994
1.904706,1.244958,-0.62511
1.900614,1.232096,-0.62584
1.911722,1.228588,-0.626571
1.907629,1.227419,-0.61254
1.904999,1.223034,-0.625256
1.90646,1.223911,-0.630664
1.910845,1.219526,-0.621602
1.905875,1.218065,-0.62204
1.909091,1.214557,-0.619263
1.907045,1.220403,-0.62014
1.910553,1.217773,-0.635779
1.914937,1.218942,-0.617071
1.912599,1.216603,-0.620433
1.916983,1.212219,-0.630225
1.912014,1.213973,-0.632564
1.909968,1.209003,-0.620725
1.909675,1.210757,-0.620286
1.914937,1.217188,-0.623502
1.907045,1.211634,-0.632125
1.912306,1.217773,-0.628763
1.916691,1.217188,-0.624963
1.91026,1.213096,-0.620579
1.916691,1.214265,-0.615171
1.907045,1.206665,-0.613856
1.916691,1.208126,-0.615463
1.912891,1.208126,-0.624963
1.91786,1.212803,-0.630371
1.913768,1.210172,-0.624086
1.914353,1.209588,-0.623356
1.913183,1.212219,-0.623648
1.90646,1.20988,-0.613417
1.913768,1.211926,-0.624086
1.918153,1.209003,-0.624379
1.917276,1.211049,-0.617363
1.915229,1.207834,-0.627448
1.914645,1.216311,-0.615756
1.916399,1.216019,-0.629933
1.914937,1.211342,-0.613856
1.918445,1.207542,-0.625548
1.915522,1.214849,-0.631394
1.914353,1.202865,-0.62701
1.914353,1.20988,-0.624525
1.913768,1.209003,-0.622479
1.909091,1.218065,-0.623794
1.912891,1.210172,-0.626571
1.909968,1.21368,-0.622625
1.907337,1.210172,-0.62701
1.910845,1.210757,-0.629202
1.911429,1.204326,-0.62511
1.916691,1.21865,-0.635341
1.909968,1.21865,-0.620286
1.912891,1.212511,-0.634171
1.916691,1.220696,-0.628179
1.915229,1.221573,-0.62774
1.914645,1.222157,-0.623063
1.914353,1.20988,-0.617948
1.917568,1.214557,-0.630371
1.916691,1.214557,-0.630956
1.918737,1.206372,-0.620433
1.915814,1.214265,-0.620286
1.919906,1.215726,-0.615902
1.919322,1.21368,-0.626717
1.922537,1.219526,-0.624379
1.912891,1.215726,-0.625694
1.914645,1.211926,-0.624525
1.910845,1.208126,-0.62014
1.915814,1.217188,-0.622333
1.911722,1.206957,-0.628471
1.918737,1.21748,-0.625256
1.913768,1.209003,-0.627156
1.91026,1.207542,-0.620579
1.909383,1.209003,-0.628763
1.910553,1.212219,-0.620579
1.908799,1.206665,-0.624233
1.914937,1.208126,-0.607571
1.911429,1.207542,-0.626425
1.911429,1.208126,-0.622186
1.911722,1.212803,-0.624525
1.915229,1.210757,-0.620286
1.910553,1.210757,-0.626717
1.909091,1.211342,-0.624671
1.912014,1.211926,-0.622917
1.909091,1.214265,-0.620286
1.910845,1.212803,-0.631687
1.914353,1.213973,-0.627594
1.911429,1.218942,-0.632125
1.910553,1.21748,-0.62131
1.908799,1.214849,-0.62701
1.909383,1.214849,-0.63081
1.909968,1.213388,-0.613856
1.912891,1.214265,-0.615756
1.911722,1.20608,-0.628325
1.904414,1.203742,-0.624817
1.919029,1.207542,-0.62131
1.913768,1.217188,-0.618094
1.915229,1.211634,-0.621163
1.913768,1.203449,-0.618825
1.912599,1.20988,-0.626425
1.916691,1.20988,-0.624233
1.915522,1.216603,-0.630225
1.913476,1.215142,-0.613271
1.915522,1.205495,-0.617656
1.919322,1.211049,-0.618533
1.907922,1.209296,-0.630225
1.916106,1.212511,-0.616194
1.91026,1.208419,-0.612979
1.917568,1.210757,-0.622771
1.911722,1.212803,-0.625402
1.915814,1.214849,-0.624525
1.918153,1.217773,-0.616633
1.916691,1.211926,-0.626863
1.915522,1.206957,-0.615463
1.909091,1.214849,-0.617509
1.911722,1.212219,-0.634464
1.912014,1.211049,-0.62014
1.907629,1.211926,-0.628763
1.916399,1.210172,-0.626133
1.916106,1.217188,-0.623502
1.912891,1.213096,-0.63154
1.913183,1.211342,-0.625548
1.912891,1.210172,-0.627302
1.908506,1.214265,-0.619117
1.907045,1.220696,-0.623502
1.915522,1.216019,-0.621017
1.912891,1.20988,-0.621456
1.916399,1.20988,-0.623356
1.909091,1.214265,-0.614733
1.907337,1.216311,-0.624379
1.913768,1.211634,-0.628033
1.910553,1.206957,-0.618533
1.906752,1.212219,-0.617948
1.910553,1.212511,-0.622771
1.913476,1.212219,-0.613856
1.910845,1.210757,-0.619263
1.904999,1.213388,-0.615025
1.912306,1.215726,-0.624233
1.910845,1.20988,-0.612832
1.908214,1.210465,-0.615171
1.907629,1.212219,-0.624379
1.904999,1.211342,-0.621163
1.909383,1.215434,-0.623502
1.906168,1.216603,-0.621602
1.909383,1.216311,-0.624817
1.908799,1.211049,-0.627448
1.912014,1.219234,-0.62701
1.907922,1.210757,-0.624963
1.914353,1.211926,-0.612394
1.903829,1.212511,-0.620871
1.912891,1.211926,-0.630079
1.912891,1.211634,-0.610932
1.907629,1.21368,-0.626133
1.907337,1.206957,-0.631687
1.909968,1.207542,-0.63344
1.907629,1.211634,-0.625548
1.904706,1.216603,-0.622625
1.916983,1.214849,-0.626717
1.913183,1.217188,-0.623502
1.906752,1.215726,-0.635194
1.911429,1.214557,-0.62511
1.913476,1.209296,-0.62131
1.91026,1.20988,-0.630079
1.904414,1.211049,-0.618386
1.910553,1.216311,-0.627887
1.904999,1.219526,-0.618971
1.918737,1.209296,-0.616779
1.91406,1.210172,-0.617802
1.90646,1.211342,-0.618386
1.914645,1.21865,-0.619994
1.911429,1.209588,-0.622625
1.906752,1.220403,-0.626279
1.908506,1.219819,-0.603625
1.90646,1.212219,-0.618971
1.911137,1.21368,-0.630079
1.897106,1.216019,-0.624233
1.917276,1.211926,-0.620579
1.916983,1.215434,-0.614586
1.909968,1.22245,-0.623794
1.912014,1.219819,-0.617217
1.917276,1.223034,-0.61824
1.910845,1.215142,-0.630079
1.912891,1.220988,-0.618971
1.913183,1.21368,-0.621894
1.911429,1.213973,-0.61941
1.909383,1.21865,-0.618386
1.913768,1.216603,-0.626133
1.911722,1.218942,-0.635779
1.90646,1.211049,-0.62394
1.912306,1.213973,-0.623356
1.905583,1.209588,-0.62891
1.914937,1.206957,-0.629348
1.908799,1.216603,-0.625548
1.914645,1.214849,-0.631687
1.911137,1.216896,-0.621017
1.91406,1.22128,-0.626279
1.91026,1.221573,-0.630079
1.907629,1.212219,-0.63461
1.912891,1.212803,-0.62701
1.908214,1.208126,-0.626571
1.906752,1.210465,-0.623648
1.907337,1.216603,-0.624086
1.911429,1.213973,-0.630956
1.915229,1.209296,-0.617656
1.912014,1.213096,-0.627156
1.905291,1.210757,-0.624233
1.908214,1.216896,-0.62511
1.909675,1.211634,-0.628325
1.911722,1.21865,-0.625987
1.911137,1.206957,-0.626425
1.912891,1.212219,-0.626717
1.911722,1.211926,-0.629494
1.912306,1.210465,-0.624671
1.914353,1.209296,-0.626133
1.913476,1.214557,-0.619117
1.911429,1.205788,-0.622333
1.915814,1.210757,-0.63344
1.912891,1.206665,-0.633294
1.912891,1.201111,-0.629056
1.915814,1.208126,-0.623648
1.920199,1.213096,-0.636656
1.918445,1.211049,-0.627594
1.910553,1.216311,-0.630956
1.912014,1.211342,-0.629348
1.916983,1.217773,-0.632125
1.912891,1.216603,-0.629056
1.914645,1.219819,-0.628763
1.920783,1.215434,-0.617656
1.913476,1.214849,-0.626133
1.91786,1.211634,-0.623502
1.910553,1.210172,-0.62014
1.912891,1.214849,-0.629787
1.91786,1.214557,-0.626863
1.914937,1.211342,-0.62394
1.910845,1.221865,-0.630079
1.909383,1.212511,-0.62321
1.913476,1.212803,-0.628763
1.915229,1.211634,-0.629202
1.910845,1.20608,-0.624379
1.91406,1.210757,-0.621163
1.908799,1.211634,-0.620286
1.904706,1.212511,-0.622479
1.916399,1.207249,-0.627156
1.909675,1.211634,-0.623063
1.904122,1.209296,-0.617656
1.909383,1.211634,-0.621163
1.907629,1.20988,-0.621456
1.915814,1.210465,-0.611956
1.911722,1.216019,-0.620579
1.924583,1.203742,-0.612979
1.912891,1.210172,-0.621894
1.917568,1.212511,-0.630225
1.913768,1.207834,-0.621163
1.912599,1.203157,-0.635194
1.916399,1.213973,-0.628471
1.916691,1.210172,-0.627302
1.911137,1.211049,-0.624086
1.904999,1.211342,-0.621894
1.908506,1.212803,-0.63461
1.908799,1.218065,-0.627156
1.906752,1.211926,-0.626571
1.912014,1.208126,-0.616925
1.915814,1.209296,-0.631979
1.911137,1.209588,-0.628325
1.905875,1.204911,-0.621456
1.912014,1.209003,-0.621017
1.913183,1.20608,-0.614733
1.911429,1.207542,-0.629933
1.909968,1.210172,-0.612102
1.912599,1.213388,-0.607863
1.908799,1.207542,-0.610786
1.909383,1.209003,-0.62891
1.913476,1.206957,-0.613271
1.915522,1.211926,-0.624671
1.908506,1.210172,-0.625402
1.907922,1.206665,-0.61824
1.91406,1.216603,-0.624233
1.914937,1.206665,-0.623794
1.912891,1.208419,-0.623794
1.914353,1.204326,-0.628325
1.91406,1.205788,-0.63081
1.912306,1.215726,-0.624379
1.944753,1.20988,-0.625256
1.915814,1.211926,-0.628325
1.916399,1.207542,-0.618386
1.91026,1.204619,-0.633587
1.915522,1.213388,-0.622479
1.908506,1.207834,-0.621894
1.918445,1.213096,-0.622479
1.904999,1.215434,-0.615902
1.91406,1.214557,-0.625402
1.912599,1.213388,-0.630079
1.911429,1.210757,-0.61824
1.913768,1.218357,-0.617217
1.905875,1.217188,-0.616925
1.908506,1.216311,-0.61941
1.908506,1.213973,-0.612102
1.916399,1.216896,-0.617217
1.904706,1.215434,-0.617802
1.910553,1.20988,-0.613856
1.909383,1.210757,-0.617509
1.912014,1.215434,-0.619848
1.915229,1.206665,-0.627448
1.916983,1.214265,-0.625987
1.902952,1.218065,-0.62394
1.915814,1.212803,-0.618825
1.91406,1.212803,-0.61634
1.912891,1.210172,-0.628325
1.907337,1.218357,-0.61634
1.909383,1.208711,-0.619702
1.910553,1.213388,-0.621456
1.910845,1.204911,-0.620433
1.905291,1.20988,-0.619702
1.914645,1.210465,-0.616633
1.907337,1.210172,-0.617217
1.908214,1.211049,-0.619848
1.908799,1.213096,-0.61064
1.912306,1.215142,-0.613125
1.912599,1.214557,-0.613417
1.911137,1.212219,-0.626571
1.912014,1.220403,-0.626279
1.909675,1.207542,-0.631687
1.913183,1.209588,-0.624086
1.909968,1.210172,-0.625256
1.907045,1.208711,-0.613856
1.908214,1.207834,-0.620871
1.913768,1.210172,-0.621456
1.914353,1.206957,-0.616486
1.909968,1.216311,-0.619263
1.905583,1.216019,-0.615902
1.944461,1.212219,-0.621894
1.911429,1.212511,-0.623648
1.912014,1.212803,-0.626133
1.908799,1.218065,-0.620725
1.907337,1.218357,-0.61824
1.912599,1.209003,-0.628179
1.907629,1.214265,-0.62131
1.912891,1.216603,-0.623063
1.907629,1.21865,-0.620286
1.909091,1.21865,-0.614733
1.914645,1.215142,-0.632271
1.914353,1.214849,-0.628763
1.906168,1.208711,-0.628033
1.912891,1.210172,-0.628179
1.911429,1.208419,-0.625987
1.905875,1.206372,-0.625694
1.911429,1.212219,-0.624379
1.912891,1.206957,-0.623502
1.902075,1.20988,-0.624379
1.915814,1.20608,-0.617802
1.908506,1.214265,-0.63461
1.907337,1.21368,-0.624086
1.907629,1.211342,-0.628617
1.908214,1.209588,-0.630079
1.910845,1.212511,-0.633879
1.907922,1.207249,-0.635341
1.907922,1.213973,-0.630371
1.904999,1.204326,-0.622771
1.912306,1.21368,-0.618679
1.912014,1.206957,-0.630225
1.910845,1.211342,-0.628179
1.912891,1.206957,-0.622333
1.912599,1.212511,-0.624525
1.915229,1.20608,-0.625694
1.921076,1.204619,-0.629787
1.912306,1.207834,-0.61634
1.910553,1.210465,-0.631979
1.912014,1.210757,-0.620433
1.914937,1.202865,-0.629787
1.907045,1.211049,-0.625256
1.919322,1.207834,-0.623063
1.922245,1.205788,-0.628033
1.916106,1.215142,-0.620579
1.912599,1.208711,-0.624233
1.911722,1.212219,-0.620871
1.914645,1.210465,-0.619263
1.910553,1.209003,-0.62321
1.915814,1.212511,-0.624963
1.910553,1.212803,-0.61941
1.912599,1.211342,-0.624086
1.915522,1.209003,-0.626717
1.915229,1.215434,-0.624233
1.912599,1.209588,-0.623063
1.903537,1.211049,-0.629202
1.909675,1.207542,-0.62204
1.91406,1.208419,-0.631687
1.912891,1.209003,-0.626863
1.915814,1.215434,-0.630079
1.913476,1.211049,-0.620871
1.907629,1.209003,-0.620871
1.92166,1.214849,-0.626133
1.915229,1.205203,-0.62511
1.914353,1.209588,-0.624086
1.915229,1.213388,-0.618386
1.91026,1.211926,-0.621456
1.919614,1.212511,-0.626863
1.917568,1.210172,-0.62321
1.915814,1.208419,-0.619702
1.919322,1.214849,-0.623063
1.907337,1.211634,-0.63081
1.918737,1.208126,-0.624525
1.914645,1.212511,-0.632564
1.909675,1.209003,-0.632125
1.912599,1.209296,-0.621456
1.909968,1.207249,-0.622186
1.909675,1.216019,-0.627594
1.911429,1.210465,-0.625402
1.921368,1.210757,-0.630225
1.912306,1.218357,-0.630956
1.912599,1.215434,-0.628471
1.913183,1.217188,-0.621017
1.910845,1.213096,-0.634025
1.912891,1.212219,-0.623063
1.915814,1.213973,-0.62964
1.910553,1.204326,-0.626571
1.91786,1.214557,-0.617071
1.915229,1.208711,-0.623356
1.917276,1.214849,-0.634756
1.917568,1.216019,-0.620286
1.912014,1.21368,-0.624671
1.91406,1.212511,-0.623502
1.913476,1.211926,-0.625694
1.911429,1.207542,-0.627887
1.912891,1.201695,-0.634756
1.919322,1.204326,-0.628325
1.911137,1.215142,-0.631102
1.915229,1.216311,-0.622333
1.910845,1.208711,-0.628763
1.916691,1.206372,-0.621894
1.910845,1.210465,-0.621748
1.915522,1.213096,-0.612979
1.911722,1.218942,-0.62014
1.91786,1.211926,-0.616925
1.909091,1.21368,-0.622771
1.911137,1.216896,-0.623063
1.916691,1.212219,-0.625402
1.911429,1.214265,-0.629494
1.915814,1.217188,-0.629787
1.915522,1.214557,-0.623356
1.914353,1.220988,-0.622333
1.915814,1.216019,-0.619848
1.91406,1.213388,-0.626133
1.914645,1.212219,-0.623794
1.912891,1.210465,-0.621163
1.909383,1.214265,-0.631979
1.916399,1.211049,-0.621017
1.912599,1.214557,-0.62584
1.916106,1.210757,-0.627156
1.911137,1.211926,-0.621017
1.911137,1.20608,-0.620286
1.918737,1.20988,-0.622917
1.911429,1.206665,-0.616486
1.907629,1.218065,-0.618386
1.916106,1.213388,-0.62321
1.913183,1.209296,-0.627156
1.906168,1.208419,-0.633148
1.912599,1.209003,-0.634025
1.912014,1.211342,-0.619263
1.909091,1.207834,-0.620433
1.909091,1.210172,-0.616779
1.913476,1.210465,-0.611517
1.909968,1.215434,-0.626133
1.911137,1.214557,-0.62701
1.904999,1.208126,-0.612394
1.944753,1.206957,-0.61254
1.907337,1.20608,-0.623794
1.915522,1.206957,-0.620871
1.909675,1.212219,-0.616779
1.903537,1.21368,-0.627448
1.923414,1.216019,-0.621602
1.91406,1.200818,-0.616925
1.911137,1.210465,-0.628471
1.917568,1.213388,-0.610932
1.91406,1.211926,-0.614586
1.91786,1.211926,-0.629348
1.921953,1.205203,-0.624963
1.916106,1.216603,-0.627448
1.913768,1.217188,-0.622333
1.908799,1.219819,-0.629787
1.909675,1.213388,-0.631394
1.919906,1.212803,-0.633148
1.912599,1.207249,-0.636802
1.915814,1.215434,-0.630079
1.914645,1.211049,-0.626571
1.913183,1.217773,-0.623794
1.914353,1.208419,-0.629494
1.909091,1.219234,-0.628179
1.910845,1.210757,-0.621456
1.908214,1.208711,-0.613125
1.914353,1.213388,-0.621163
1.903537,1.211926,-0.633294
1.910553,1.20608,-0.622917
1.91406,1.204326,-0.626571
1.908799,1.209588,-0.62774
1.913768,1.209588,-0.622186
1.910845,1.213388,-0.616779
1.90266,1.214265,-0.627156
1.912014,1.210465,-0.622771
1.915229,1.212803,-0.631687
1.914645,1.214557,-0.624671
1.912599,1.207834,-0.619702
1.910845,1.213096,-0.624086
1.912014,1.216311,-0.615756
1.909675,1.210465,-0.614879
1.904122,1.227711,-0.61254
1.903829,1.259573,-0.620579
1.87869,1.300205,-0.640018
1.859982,1.318913,-0.683426
1.839813,1.412452,-0.702572
1.808828,1.452792,-0.746419
1.788951,1.47413,-0.779012
1.784858,1.503069,-0.791728
1.779304,1.510085,-0.829874
1.773166,1.516223,-0.845221
1.770827,1.503654,-0.86919
1.762935,1.497808,-0.87489
1.771412,1.471207,-0.893598
1.780181,1.439053,-0.896229
1.796843,1.405145,-0.891552
1.811751,1.367144,-0.876498
1.826951,1.340836,-0.862759
1.840105,1.30722,-0.842151
1.845075,1.292312,-0.835136
1.84449,1.283835,-0.82359
1.847998,1.284127,-0.827244
1.857936,1.264543,-0.822567
1.860859,1.254896,-0.807659
1.872844,1.24525,-0.793628
1.866998,1.238234,-0.789535
1.876352,1.230342,-0.795674
1.876937,1.233557,-0.777843
1.873137,1.224788,-0.780035
1.878398,1.232973,-0.777404
1.884244,1.230634,-0.788951
1.880737,1.221573,-0.780474
1.882783,1.220696,-0.776673
1.882198,1.219526,-0.772289
1.880737,1.218357,-0.776527
1.887752,1.211049,-0.771704
1.887752,1.213973,-0.778574
1.880152,1.210757,-0.768927
1.886291,1.209003,-0.776381
1.889506,1.211926,-0.771704
1.88746,1.208419,-0.772435
1.883075,1.206665,-0.770096
1.886583,1.208419,-0.778135
1.882491,1.205788,-0.77755
1.887167,1.210465,-0.769073
1.889506,1.207542,-0.778281
1.887167,1.212511,-0.770243
1.88746,1.203449,-0.76995
1.884244,1.202572,-0.770827
1.883952,1.20228,-0.764689
1.887167,1.200818,-0.77185
1.881614,1.201111,-0.763081
1.878983,1.210465,-0.768196
1.892429,1.202865,-0.759427
1.880737,1.200526,-0.770973
1.894183,1.212219,-0.779597
1.890091,1.206372,-0.774335
1.884244,1.200526,-0.766004
1.885998,1.201695,-0.770243
1.882491,1.195265,-0.764835
1.893014,1.206665,-0.774043
1.893014,1.209588,-0.764835
1.88746,1.203742,-0.760012
1.887167,1.208419,-0.763666
1.888629,1.211342,-0.770827
1.892429,1.206665,-0.76615
1.882783,1.216896,-0.779889
1.875767,1.230927,-0.791289
1.867583,1.25665,-0.805174
1.847998,1.298158,-0.838205
1.821105,1.345805,-0.867729
1.804151,1.403098,-0.882344
1.785735,1.43613,-0.894621
1.774043,1.468869,-0.885998
1.769366,1.497515,-0.878106
1.765273,1.510377,-0.869044
1.765273,1.51827,-0.857498
1.776673,1.516516,-0.839228
1.782227,1.499854,-0.793774
1.795089,1.482607,-0.774043
1.815843,1.453376,-0.747588
1.827828,1.413914,-0.706665
1.84829,1.370944,-0.681818
1.868167,1.344051,-0.669395
1.87489,1.315113,-0.645425
1.878106,1.295235,-0.645279
1.890383,1.290851,-0.644841
1.888337,1.278281,-0.642648
1.896229,1.270681,-0.630956
1.905291,1.247296,-0.631102
1.902368,1.245542,-0.635048
1.912891,1.24145,-0.626279
1.917276,1.24525,-0.629056
1.907337,1.229757,-0.637094
1.908214,1.232096,-0.630225
1.912306,1.22625,-0.63154
1.872552,1.220988,-0.624086
1.913183,1.223911,-0.625402
1.916983,1.221865,-0.633002
1.918153,1.224788,-0.625694
1.923999,1.216019,-0.633294
1.91406,1.225373,-0.618679
1.916983,1.221573,-0.623648
1.909091,1.214557,-0.619556
1.912306,1.217188,-0.634464
1.912306,1.216311,-0.622333
1.916691,1.218065,-0.622771
1.917568,1.215142,-0.630956
1.916399,1.212803,-0.632564
1.917276,1.220988,-0.620725
1.916983,1.214265,-0.621894
1.918153,1.213388,-0.62774
1.91406,1.218065,-0.624525
1.916691,1.215434,-0.629787
1.919614,1.218942,-0.621894
1.912891,1.215726,-0.626133
1.91026,1.214557,-0.629494
1.907045,1.212803,-0.614733
1.906168,1.216019,-0.625548
1.912014,1.215726,-0.631248
1.914353,1.209296,-0.636364
1.911429,1.219526,-0.625548
1.908506,1.207834,-0.62774
1.911722,1.212803,-0.63081
1.913183,1.21368,-0.623648
1.914937,1.214557,-0.623502
1.913768,1.214849,-0.642356
1.916399,1.212219,-0.622333
1.910845,1.211634,-0.612248
1.911722,1.207249,-0.621894
1.912306,1.206665,-0.628471
1.917276,1.215142,-0.628617
1.91406,1.209296,-0.621163
1.909675,1.214265,-0.624671
1.916983,1.209588,-0.62321
1.916399,1.205788,-0.634902
1.912891,1.208126,-0.631833
1.909383,1.208711,-0.612102
1.915814,1.208419,-0.626717
1.904122,1.213388,-0.633294
1.918153,1.205495,-0.619848
1.912891,1.213096,-0.624086
1.914937,1.207249,-0.62891
1.916691,1.20988,-0.633294
1.911722,1.216896,-0.629494
1.912599,1.211342,-0.631102
1.915229,1.219819,-0.616048
1.909675,1.213388,-0.62964
1.916691,1.21748,-0.620286
1.911429,1.216603,-0.629494
1.911429,1.214265,-0.62511
1.906752,1.216311,-0.630664
1.905583,1.213973,-0.622917
1.911137,1.216896,-0.627887
1.913183,1.216603,-0.62701
1.911722,1.215142,-0.622479
1.907337,1.210465,-0.625694
1.915814,1.211926,-0.623356
1.900614,1.213973,-0.630664
1.912014,1.21748,-0.626279
1.909675,1.213388,-0.620725
1.905583,1.212803,-0.625987
1.908506,1.211926,-0.621894
1.913183,1.207249,-0.62321
1.905875,1.213388,-0.632856
1.907922,1.212511,-0.621163
1.920783,1.210465,-0.62891
1.90646,1.217188,-0.624817
1.905583,1.219526,-0.629202
1.920491,1.216019,-0.621748
1.916399,1.218357,-0.619994
1.913183,1.208711,-0.62511
1.916399,1.217188,-0.635048
1.915522,1.216019,-0.630517
1.915229,1.215726,-0.634756
1.910553,1.216311,-0.631979
1.912014,1.214265,-0.625694
1.911429,1.207834,-0.618679
1.910845,1.216896,-0.62701
1.909091,1.218942,-0.624086
1.903537,1.214849,-0.614294
1.910553,1.212803,-0.617802
1.91026,1.216019,-0.615317
1.905291,1.209588,-0.610494
1.915522,1.22245,-0.624817
1.91406,1.214849,-0.62964
1.911137,1.210172,-0.625256
1.915814,1.210465,-0.627594
1.911429,1.215142,-0.62321
1.916691,1.216311,-0.628763
1.91786,1.217773,-0.62131
1.912014,1.21748,-0.634902
1.909968,1.21368,-0.622186
1.908214,1.213096,-0.621456
1.915522,1.207542,-0.623356
1.911722,1.21748,-0.642648
1.909968,1.20228,-0.623502
1.912599,1.215434,-0.62774
1.916106,1.214849,-0.615609
1.908506,1.208711,-0.632417
1.905583,1.208711,-0.627887
1.913768,1.211926,-0.628617
1.911137,1.207249,-0.634756
1.911722,1.216603,-0.628033
1.919029,1.213096,-0.630664
1.907337,1.217188,-0.629348
1.909675,1.213096,-0.62891
1.912891,1.215434,-0.629787
1.915814,1.211634,-0.626279
1.91026,1.217773,-0.625694
1.912306,1.20988,-0.626717
1.907337,1.220403,-0.633294
1.914937,1.217773,-0.624233
1.919614,1.215142,-0.629787
1.912306,1.207834,-0.626425
1.915522,1.210465,-0.629348
1.909383,1.213096,-0.624963
1.91026,1.215726,-0.62774
1.913476,1.208711,-0.629787
1.914353,1.203157,-0.622186
1.913183,1.207249,-0.628033
1.910553,1.215142,-0.620871
1.920199,1.219526,-0.62701
1.913768,1.207542,-0.631687
1.914937,1.21368,-0.624817
1.920491,1.211634,-0.62511
1.921953,1.219234,-0.621894
1.942707,1.211634,-0.629348
1.918153,1.20988,-0.617948
1.918737,1.21865,-0.618825
1.910553,1.209296,-0.625256
1.914645,1.215142,-0.619848
1.908506,1.218357,-0.625256
1.917568,1.223034,-0.628325
1.917276,1.211926,-0.625987
1.920783,1.215726,-0.621894
1.913183,1.213388,-0.623356
1.913768,1.207249,-0.62511
1.920199,1.210465,-0.634317
1.915229,1.218065,-0.625548
1.91786,1.218357,-0.624086
1.902952,1.211049,-0.62774
1.913476,1.21368,-0.627594
1.914937,1.216311,-0.630517
1.907337,1.209296,-0.629202
1.914645,1.210465,-0.62701
1.911429,1.217773,-0.62701
1.909091,1.217773,-0.625987
1.911137,1.223619,-0.63081
1.915229,1.220988,-0.623648
1.913476,1.217188,-0.612394
1.918153,1.21748,-0.62964
1.918445,1.214265,-0.618971
1.913768,1.215726,-0.624086
1.916691,1.212219,-0.620725
1.910845,1.213388,-0.619117
1.922245,1.217773,-0.627448
1.920491,1.216896,-0.633733
1.916399,1.219234,-0.623356
1.913476,1.212803,-0.626425
1.908506,1.207249,-0.624233
1.912891,1.212803,-0.623794
1.91786,1.212511,-0.617217
1.909968,1.212219,-0.627156
1.91406,1.216019,-0.615902
1.912891,1.220403,-0.624525
1.908799,1.216019,-0.611225
1.913768,1.214557,-0.620871
1.924583,1.216896,-0.631687
1.913476,1.212803,-0.631979
1.911722,1.215434,-0.618971
1.912306,1.212219,-0.619848
1.912014,1.212219,-0.636071
1.915229,1.213973,-0.618825
1.912014,1.220111,-0.620433
1.913183,1.215726,-0.631102
1.910553,1.220111,-0.614148
1.909383,1.218065,-0.61634
1.904122,1.223034,-0.621456
1.915229,1.22128,-0.61444
1.908799,1.220696,-0.619556
1.906752,1.214557,-0.630664
1.908799,1.212803,-0.63081
1.908506,1.214849,-0.627448
1.913476,1.220111,-0.623356
1.91406,1.209003,-0.633733
1.912014,1.21368,-0.628763
1.913183,1.20988,-0.616048
1.918737,1.213096,-0.619263
1.909383,1.210757,-0.621017
1.908214,1.214849,-0.62511
1.917276,1.213973,-0.622917
1.908799,1.213388,-0.628033
1.912014,1.211049,-0.622917
1.909675,1.214265,-0.638702
1.910845,1.219819,-0.628033
1.91406,1.214849,-0.628471
1.914937,1.217773,-0.63081
1.912306,1.220988,-0.637094
1.911137,1.216603,-0.62701
1.917276,1.215434,-0.632271
1.91786,1.211634,-0.63081
1.91786,1.215726,-0.618825
1.90646,1.217188,-0.617656
1.912599,1.217188,-0.632125
1.910845,1.224496,-0.619556
1.91026,1.21865,-0.629056
1.909968,1.214849,-0.622333
1.909968,1.212511,-0.626571
1.912306,1.211342,-0.621602
1.907922,1.211342,-0.631248
1.902368,1.217188,-0.618825
1.91406,1.209588,-0.62964
1.911722,1.20988,-0.625987
1.945338,1.215726,-0.625548
1.914353,1.21368,-0.615171
1.908799,1.212803,-0.623356
1.912306,1.214557,-0.621602
1.914645,1.21748,-0.63651
1.912306,1.216896,-0.625987
1.921368,1.209296,-0.632856
1.905583,1.21368,-0.631248
1.90646,1.208126,-0.638556
1.908214,1.217773,-0.630371
1.919029,1.218942,-0.628033
1.908799,1.215142,-0.62394
1.911137,1.220111,-0.621456
1.90646,1.216311,-0.620286
1.916106,1.211926,-0.621894
1.907045,1.210172,-0.62584
1.913476,1.213096,-0.627448
1.91406,1.211634,-0.614879
1.918737,1.216603,-0.626571
1.916106,1.210465,-0.619848
1.915229,1.211342,-0.619994
1.91026,1.21748,-0.629202
1.914937,1.211634,-0.623648
1.916106,1.213973,-0.616633
1.905875,1.216603,-0.626279
1.911137,1.217188,-0.623356
1.909383,1.213388,-0.629202
1.910845,1.218065,-0.621602
1.912599,1.207834,-0.626133
1.908799,1.219819,-0.621602
1.907045,1.213096,-0.615609
1.916983,1.218357,-0.632417
1.916691,1.216311,-0.627594
1.916983,1.212803,-0.634317
1.912599,1.214557,-0.61824
1.91026,1.210757,-0.629202
1.913183,1.219819,-0.619994
1.912014,1.212803,-0.621748
1.912306,1.214849,-0.630664
1.911429,1.212511,-0.624525
1.916399,1.214265,-0.62774
1.912014,1.210757,-0.626425
1.914937,1.218357,-0.622771
1.916691,1.220988,-0.622625
1.916399,1.22128,-0.631687
1.915229,1.212803,-0.61941
1.920199,1.216019,-0.627594
1.917276,1.215726,-0.625987
1.91786,1.218357,-0.641041
1.911722,1.209003,-0.633587
1.91406,1.216311,-0.630664
1.915229,1.21368,-0.624233
1.923414,1.21368,-0.622771
1.919906,1.216603,-0.639433
1.916106,1.217773,-0.635779
1.909675,1.220111,-0.635925
1.906752,1.215142,-0.628033
1.914353,1.219526,-0.632271
1.914645,1.214557,-0.633733
1.911722,1.210172,-0.627448
1.915522,1.215142,-0.635048
1.914353,1.211342,-0.621017
1.918445,1.210757,-0.62394
1.915522,1.213973,-0.621894
1.92166,1.218357,-0.63271
1.914937,1.211926,-0.635633
1.913183,1.21368,-0.633733
1.913768,1.212803,-0.63081
1.910553,1.218065,-0.636217
1.909383,1.208711,-0.635341
1.912891,1.209003,-0.636802
1.92166,1.215142,-0.630225
1.916983,1.216311,-0.636071
1.915229,1.223619,-0.641771
1.915522,1.212219,-0.631102
1.920491,1.212219,-0.63271
1.91026,1.212803,-0.637533
1.909383,1.211926,-0.638117
1.918445,1.211342,-0.640164
1.916983,1.211049,-0.638994
1.909675,1.215726,-0.631248
1.910553,1.21748,-0.626279
1.907045,1.209296,-0.632271
1.916106,1.216311,-0.631394
1.905875,1.219819,-0.632856
1.907337,1.211049,-0.626863
1.912014,1.216311,-0.625402
1.911429,1.209588,-0.628471
1.909968,1.212803,-0.631248
1.912306,1.214557,-0.637533
1.907045,1.207542,-0.634317
1.913768,1.21368,-0.636364
1.914645,1.207249,-0.628763
1.916983,1.205495,-0.630517
1.909383,1.210172,-0.634902
1.912891,1.212219,-0.64031
1.910553,1.20988,-0.63651
1.906168,1.210465,-0.62964
1.912014,1.211634,-0.629933
1.915814,1.21368,-0.625548
1.91406,1.209003,-0.625987
1.909383,1.209588,-0.629056
1.914353,1.216019,-0.624671
1.911429,1.215142,-0.624817
1.907045,1.201403,-0.634171
1.914937,1.215142,-0.621894
1.909675,1.209296,-0.63154
1.907337,1.20228,-0.636948
1.915814,1.215142,-0.632564
1.914353,1.209588,-0.632125
1.910845,1.210757,-0.636217
1.912599,1.207542,-0.629933
1.914353,1.210172,-0.631102
1.91406,1.209588,-0.630371
1.91406,1.216019,-0.635194
1.915522,1.211342,-0.617071
1.916106,1.207249,-0.635048
1.913768,1.202865,-0.627594
1.919029,1.207834,-0.639287
1.916691,1.200526,-0.619848
1.911722,1.214849,-0.632856
1.909675,1.207542,-0.635779
1.912306,1.205495,-0.624525
1.908799,1.216896,-0.638848
1.91026,1.218357,-0.628033
1.912306,1.208419,-0.628033
1.909968,1.204911,-0.633294
1.911137,1.210172,-0.630371
1.911722,1.211634,-0.628763
1.916399,1.212219,-0.624963
1.911722,1.213096,-0.633148
1.904122,1.213096,-0.632125
1.909091,1.210172,-0.63271
1.913183,1.206665,-0.629787
1.914645,1.216311,-0.63344
1.913768,1.208126,-0.62131
1.916691,1.215434,-0.631687
1.914937,1.210465,-0.629933
1.916983,1.21368,-0.626571
1.917568,1.213388,-0.630956
1.915522,1.206372,-0.639579
1.913476,1.21368,-0.632125
1.914645,1.212511,-0.626717
1.915814,1.214557,-0.628471
1.911429,1.212219,-0.640748
1.920491,1.206665,-0.631687
1.907922,1.21368,-0.624525
1.909968,1.211926,-0.631394
1.918737,1.204619,-0.623063
1.91026,1.215726,-0.624086
1.909968,1.210465,-0.628179
1.915229,1.219234,-0.631687
1.916399,1.207249,-0.631979
1.908799,1.213973,-0.619702
1.912306,1.211634,-0.627448
1.916399,1.216603,-0.633879
1.907629,1.212511,-0.631687
1.919322,1.218357,-0.635341
1.921076,1.214557,-0.624671
1.917276,1.211342,-0.634171
1.910553,1.222157,-0.624817
1.915522,1.211342,-0.612832
1.907337,1.218065,-0.635341
1.916106,1.212803,-0.627156
1.916106,1.208126,-0.632856
1.91026,1.215726,-0.62584
1.916399,1.209003,-0.634171
1.912014,1.211049,-0.63841
1.908799,1.216019,-0.631248
1.908214,1.217773,-0.638264
1.91026,1.216896,-0.632125
1.912599,1.215434,-0.63461
1.913476,1.216603,-0.636948
1.909675,1.212219,-0.640894
1.914645,1.216019,-0.63344
1.916983,1.207834,-0.635048
1.920783,1.216019,-0.627448
1.914937,1.211926,-0.629933
1.910845,1.204326,-0.635048
1.907629,1.215726,-0.638702
1.909675,1.214557,-0.641333
1.914353,1.218357,-0.633587
1.910553,1.207249,-0.624086
1.910553,1.214265,-0.630664
1.904999,1.215434,-0.626133
1.908799,1.213388,-0.636948
1.916983,1.211634,-0.619117
1.908799,1.208419,-0.621894
1.907629,1.212803,-0.62511
1.911137,1.217773,-0.617802
1.908214,1.218357,-0.616633
1.912891,1.215726,-0.626133
1.912014,1.214849,-0.623502
1.912306,1.211634,-0.641918
1.910553,1.208419,-0.632417
1.904122,1.206372,-0.634025
1.916691,1.208126,-0.62891
1.908214,1.206665,-0.63461
1.909091,1.214557,-0.630956
1.916106,1.207834,-0.618094
1.915814,1.20988,-0.617363
1.909968,1.213388,-0.635048
1.912306,1.209296,-0.633879
1.915522,1.215726,-0.629933
1.917276,1.21865,-0.631102
1.91786,1.211342,-0.63154
1.918445,1.212219,-0.62321
1.915814,1.206665,-0.630956
1.912306,1.206665,-0.631248
1.906752,1.214265,-0.626425
1.908799,1.213096,-0.625402
1.912891,1.216019,-0.633879
1.912599,1.216896,-0.637387
1.915522,1.22128,-0.635633
1.901199,1.245542,-0.62014
1.89126,1.279158,-0.640164
1.861152,1.338205,-0.663987
1.840982,1.383806,-0.696434
1.821397,1.429114,-0.725227
1.799474,1.471207,-0.746711
1.795089,1.493715,-0.803712
1.774043,1.501023,-0.813943
1.773458,1.514177,-0.839959
1.763227,1.514177,-0.87109
1.776089,1.505116,-0.879421
1.771412,1.478807,-0.889214
1.777258,1.456884,-0.89886
1.788366,1.420637,-0.882344
1.800351,1.385267,-0.876352
1.827536,1.348144,-0.861883
1.824613,1.318913,-0.849021
1.84069,1.298451,-0.853552
1.847705,1.286466,-0.833674
1.850628,1.277404,-0.834259
1.856767,1.274189,-0.824028
1.863198,1.254019,-0.816574
1.867583,1.256358,-0.809266
1.874598,1.241158,-0.803566
1.87226,1.236481,-0.791143
1.872552,1.228588,-0.790851
1.878106,1.230634,-0.786174
1.88366,1.221865,-0.78252
1.882491,1.231511,-0.792166
1.881029,1.224788,-0.776381
1.880152,1.212803,-0.775504
1.879275,1.22245,-0.780181
1.880737,1.212511,-0.773897
1.880737,1.209588,-0.775358
1.885121,1.218942,-0.770681
1.876352,1.212511,-0.772143
1.880737,1.215726,-0.769073
1.884244,1.217773,-0.764543
1.884244,1.218357,-0.76425
1.885121,1.215434,-0.777112
1.889506,1.22128,-0.767612
1.887752,1.217188,-0.77185
1.888337,1.214557,-0.771412
1.888337,1.211634,-0.763958
1.885414,1.212511,-0.775066
1.879275,1.208711,-0.772289
1.881029,1.216311,-0.772873
1.885998,1.213096,-0.77375
1.885998,1.214557,-0.768343
1.889214,1.209003,-0.765712
1.882783,1.203157,-0.77185
1.892721,1.207249,-0.766296
1.884244,1.209588,-0.765858
1.886291,1.219234,-0.76805
1.892429,1.216311,-0.778135
1.887752,1.213096,-0.776527
1.884244,1.211926,-0.762496
1.883367,1.211342,-0.761912
1.888629,1.209588,-0.764835
1.885414,1.211342,-0.762935
1.893306,1.211634,-0.761181
1.889798,1.204911,-0.770389
1.881029,1.20988,-0.768196
1.882491,1.209296,-0.763227
1.891552,1.204619,-0.764396
1.893891,1.207834,-0.77872
1.889214,1.205495,-0.765419
1.891845,1.212511,-0.772143
1.888044,1.209588,-0.764689
1.887752,1.207542,-0.761327
1.886583,1.205788,-0.760596
1.883952,1.21368,-0.76045
1.88746,1.209588,-0.761181
1.87986,1.208419,-0.762643
1.886583,1.218065,-0.768343
1.894475,1.20988,-0.768196
1.887752,1.216019,-0.773604
1.893891,1.210172,-0.774335
1.891845,1.205203,-0.77112
1.894768,1.212511,-0.768927
1.893891,1.21368,-0.766296
1.889214,1.205788,-0.770389
1.883952,1.206372,-0.785735
1.883952,1.202572,-0.782958
1.88366,1.211926,-0.779597
1.886583,1.208711,-0.777258
1.883367,1.205788,-0.769366
1.886583,1.204326,-0.762204
1.886291,1.208126,-0.772873
1.893306,1.210172,-0.766296
1.888629,1.211634,-0.769804
1.888921,1.206372,-0.770973
1.891552,1.212511,-0.773166
1.893891,1.208711,-0.764543
1.88366,1.208419,-0.767466
1.889798,1.201695,-0.766443
1.889506,1.208126,-0.762496
1.890091,1.214557,-0.770681
1.891845,1.209588,-0.769073
1.891552,1.211342,-0.76615
1.889798,1.216896,-0.774043
1.894768,1.206372,-0.777404
1.886291,1.213096,-0.781204
1.887752,1.209296,-0.777843
1.893891,1.214557,-0.773458
1.893306,1.208126,-0.771996
1.888044,1.215434,-0.763519
1.884244,1.206957,-0.772143
1.892137,1.209296,-0.771266
1.890675,1.209003,-0.770389
1.894475,1.203157,-0.771996
1.893306,1.208711,-0.772289
1.885414,1.20228,-0.775943
1.894768,1.206372,-0.777843
1.885414,1.206665,-0.779304
1.888921,1.204326,-0.772727
1.882491,1.204034,-0.774481
1.883075,1.206665,-0.772435
1.888337,1.212803,-0.770389
1.890091,1.209003,-0.776381
1.888044,1.210172,-0.770096
1.893306,1.211342,-0.771996
1.890675,1.208126,-0.782081
1.888921,1.207249,-0.774043
1.884829,1.211634,-0.777989
1.88746,1.206372,-0.77375
1.890968,1.204034,-0.777843
1.891845,1.208419,-0.775358
1.887167,1.20228,-0.775212
1.884829,1.20988,-0.76615
1.881029,1.216311,-0.765712
1.87986,1.223911,-0.749488
1.869921,1.247296,-0.808974
1.849459,1.289389,-0.847705
1.818766,1.344344,-0.865683
1.800058,1.395791,-0.890529
1.786027,1.440807,-0.897398
1.77112,1.469161,-0.893891
1.76615,1.497515,-0.880298
1.757089,1.505408,-0.873721
1.767904,1.510085,-0.862613
1.768489,1.511254,-0.837036
1.780181,1.510962,-0.819643
1.790412,1.484946,-0.779012
1.807951,1.457469,-0.738819
1.82812,1.423268,-0.727273
1.840982,1.391991,-0.703011
1.848582,1.379714,-0.690295
1.857352,1.381467,-0.683572
1.851505,1.370652,-0.684011
1.861444,1.354867,-0.67378
1.858813,1.340544,-0.681818
1.87226,1.336451,-0.669249
1.873721,1.328559,-0.661795
1.866706,1.320082,-0.661941
1.877229,1.317159,-0.659602
1.878106,1.310436,-0.651418
1.879567,1.310436,-0.647764
1.87489,1.303712,-0.646741
1.886875,1.304589,-0.64601
1.87489,1.302543,-0.65361
1.884537,1.300789,-0.645279
1.88746,1.296112,-0.646156
1.890968,1.299912,-0.645864
1.881029,1.289097,-0.649518
1.892137,1.287928,-0.648641
1.891552,1.290851,-0.648641
1.883367,1.287051,-0.64411
1.884537,1.290851,-0.641625
1.888044,1.28442,-0.651272
1.889506,1.28442,-0.651418
1.883952,1.289097,-0.643379
1.890091,1.284712,-0.643233
1.88746,1.287051,-0.644402
1.889798,1.286174,-0.653464
1.883075,1.285297,-0.644987
1.890383,1.290851,-0.639725
1.893891,1.286174,-0.649518
1.89126,1.289974,-0.641187
1.888044,1.280327,-0.640164
1.887167,1.285881,-0.640164
1.891845,1.286466,-0.640456
1.888921,1.284127,-0.637679
1.890091,1.284712,-0.640894
1.888629,1.285881,-0.645133
1.888337,1.278866,-0.635048
1.886291,1.289097,-0.637533
1.888044,1.283251,-0.634756
1.883367,1.278866,-0.648202
1.88746,1.291728,-0.638702
1.889798,1.290558,-0.640748
1.884537,1.289097,-0.648348
1.890675,1.287928,-0.640748
1.885414,1.285297,-0.650687
1.892429,1.288512,-0.648641
1.892721,1.289974,-0.643379
1.885121,1.288804,-0.633294
1.889798,1.296989,-0.62891
1.898275,1.289974,-0.644402
1.886583,1.28822,-0.641187
1.89126,1.289389,-0.637825
1.887752,1.290266,-0.640602
1.888337,1.28822,-0.636802
1.884829,1.290851,-0.632271
1.893306,1.280327,-0.645718
1.897106,1.292897,-0.626133
1.89506,1.287343,-0.642794
1.891552,1.287635,-0.650395
1.888044,1.284712,-0.637094
1.897691,1.287051,-0.644695
1.887752,1.291728,-0.640456
1.895645,1.293774,-0.636071
1.892721,1.291143,-0.643525
1.892137,1.281789,-0.634171
1.885706,1.289097,-0.637825
1.89506,1.280912,-0.642356
1.889798,1.28442,-0.643233
1.892429,1.280912,-0.643087
1.88746,1.293189,-0.634171
1.894475,1.289097,-0.634025
1.88746,1.281789,-0.644402
1.89126,1.285881,-0.641918
1.887167,1.286758,-0.644402
1.887752,1.285589,-0.635779
1.881906,1.277697,-0.638117
1.888921,1.282081,-0.649079
1.888629,1.285297,-0.653756
1.896229,1.290851,-0.641918
1.884537,1.285297,-0.634317
1.889214,1.28442,-0.633733
1.886291,1.284712,-0.624525
1.888629,1.283835,-0.635048
1.890091,1.297574,-0.642356
1.894475,1.28822,-0.640164
1.893306,1.284127,-0.639579
1.899737,1.285881,-0.641918
1.892429,1.288512,-0.641041
1.888337,1.286174,-0.629933
1.887167,1.280327,-0.637825
1.886583,1.284127,-0.640602
1.886875,1.287635,-0.636217
1.89126,1.282958,-0.642502
1.893891,1.287051,-0.638264
1.894475,1.289389,-0.638117
1.89126,1.29202,-0.646302
1.885998,1.290558,-0.639433
1.891845,1.285589,-0.641333
1.889798,1.29202,-0.631102
1.88746,1.283835,-0.634317
1.891552,1.294066,-0.644402
1.889798,1.291728,-0.635633
1.889798,1.288512,-0.635194
1.887167,1.289097,-0.634171
1.885998,1.284712,-0.633879
1.884537,1.286758,-0.632271
1.888921,1.294651,-0.643818
1.889214,1.282666,-0.636948
1.885706,1.286466,-0.633879
1.885998,1.290266,-0.63841
1.887167,1.290558,-0.640748
1.892137,1.28442,-0.644841
1.888044,1.286174,-0.638994
1.881029,1.286466,-0.634902
1.88746,1.29202,-0.639141
1.885414,1.282958,-0.639579
1.890675,1.290851,-0.639579
1.887167,1.293189,-0.64221
1.883075,1.289974,-0.629494
1.89126,1.288804,-0.637971
1.889214,1.28442,-0.638848
1.887167,1.285004,-0.638702
1.888044,1.288512,-0.638994
1.892137,1.297282,-0.64411
1.88366,1.291728,-0.641041
1.89126,1.289097,-0.645864
1.884829,1.277404,-0.645571
1.888044,1.283251,-0.641625
1.892137,1.285589,-0.637679
1.885998,1.290851,-0.644548
1.887752,1.285881,-0.652587
1.89126,1.293189,-0.647325
1.890968,1.286758,-0.642648
1.88366,1.285004,-0.643379
1.893306,1.288512,-0.634902
1.89126,1.289097,-0.642064
1.88366,1.284127,-0.639871
1.889506,1.283835,-0.636217
1.882783,1.277404,-0.654487
1.88366,1.287343,-0.640164
1.887167,1.28442,-0.64031
1.891552,1.286758,-0.645864
1.885706,1.285004,-0.643671
1.886583,1.286174,-0.636802
1.889506,1.282958,-0.644256
1.883952,1.284712,-0.638994
1.882783,1.289974,-0.639287
1.888337,1.289681,-0.638117
1.886875,1.290266,-0.645133
1.886875,1.287051,-0.642502
1.885706,1.289389,-0.645864
1.881614,1.289681,-0.637679
1.886291,1.290558,-0.64221
1.883367,1.296697,-0.639141
1.882783,1.289389,-0.634464
1.887167,1.287051,-0.636656
1.881614,1.289389,-0.626863
1.886291,1.283543,-0.638264
1.885706,1.295235,-0.64031
1.885998,1.289974,-0.639725
1.887752,1.283835,-0.637533
1.893014,1.288804,-0.623356
1.893306,1.286174,-0.643087
1.892721,1.287051,-0.636217
1.896229,1.289097,-0.645133
1.887167,1.288512,-0.64981
1.884537,1.28062,-0.639579
1.882783,1.287051,-0.64221
1.893598,1.289681,-0.639287
1.892137,1.289097,-0.637094
1.890968,1.290266,-0.637679
1.888337,1.286758,-0.646741
1.890383,1.285004,-0.641041
1.882198,1.293774,-0.634464
1.88746,1.287051,-0.642064
1.881029,1.288804,-0.644256
1.884829,1.287635,-0.631687
1.877813,1.283835,-0.637094
1.887752,1.286174,-0.641187
1.886291,1.294651,-0.638848
1.893891,1.293774,-0.643964
1.893306,1.287051,-0.643671
1.895937,1.292897,-0.642064
1.889798,1.288512,-0.634464
1.882783,1.282081,-0.646741
1.890675,1.287635,-0.64221
1.888337,1.283835,-0.640456
1.884829,1.289681,-0.640164
1.887752,1.28822,-0.637825
1.88746,1.283251,-0.638117
1.887752,1.285297,-0.640894
1.888044,1.289974,-0.644987
1.889506,1.287928,-0.63461
1.886875,1.281204,-0.62891
1.886291,1.285881,-0.649664
1.888337,1.289681,-0.641771
1.893891,1.282666,-0.64411
1.888044,1.282081,-0.647471
1.893014,1.280035,-0.648495
1.887167,1.289681,-0.637971
1.892137,1.288512,-0.635779
1.886583,1.280327,-0.631833
1.892429,1.28442,-0.635779
1.889214,1.289681,-0.641771
1.894475,1.289389,-0.645425
1.891845,1.279158,-0.634902
1.889506,1.295528,-0.639725
1.886875,1.287343,-0.637241
1.887752,1.289097,-0.653025
1.889798,1.286466,-0.641771
1.892429,1.285881,-0.646156
1.891845,1.289097,-0.64031
1.890675,1.293481,-0.654341
1.894183,1.284127,-0.649225
1.892721,1.283835,-0.643671
1.888044,1.284712,-0.646887
1.888337,1.282081,-0.641479
1.894475,1.289389,-0.648348
1.886875,1.282081,-0.641918
1.890675,1.282081,-0.644256
1.887167,1.282666,-0.64221
1.885414,1.284127,-0.643671
1.888629,1.284712,-0.634171
1.886291,1.285881,-0.635341
1.884244,1.281497,-0.63651
1.888629,1.280035,-0.648787
1.888921,1.285004,-0.641625
1.888629,1.281789,-0.639141
1.884244,1.287051,-0.630956
1.888044,1.282081,-0.638556
1.887752,1.280327,-0.652441
1.88746,1.284712,-0.648348
1.881614,1.285881,-0.641625
1.888044,1.286174,-0.64031
1.887752,1.279158,-0.643379
1.885121,1.283835,-0.639141
1.882783,1.27682,-0.636948
1.885414,1.290851,-0.645133
1.89506,1.286174,-0.648495
1.888921,1.295235,-0.646448
1.885414,1.288804,-0.636656
1.893014,1.285881,-0.641771
1.883075,1.285881,-0.652587
1.886875,1.288804,-0.649079
1.881614,1.28442,-0.647325
1.888921,1.286174,-0.63344
1.891845,1.283835,-0.637533
1.87986,1.291143,-0.629787
1.88366,1.285297,-0.635633
1.892137,1.286758,-0.641625
1.89126,1.289097,-0.635633
1.894768,1.291143,-0.650102
1.888337,1.285881,-0.638702
1.891552,1.282081,-0.643818
1.889214,1.282081,-0.642064
1.888044,1.290851,-0.641479
1.88366,1.285881,-0.639579
1.89126,1.281204,-0.638556
1.888921,1.290558,-0.639287
1.886875,1.289389,-0.645864
1.887167,1.284127,-0.641041
1.883367,1.287051,-0.636656
1.883367,1.293189,-0.637094
1.895937,1.285881,-0.647325
1.890968,1.281497,-0.642356
1.884244,1.285004,-0.641771
1.88366,1.287343,-0.640894
1.885414,1.289097,-0.639871
1.893306,1.283835,-0.642648
1.880444,1.278281,-0.643671
1.884829,1.280035,-0.634317
1.886583,1.283251,-0.630371
1.884244,1.286758,-0.630079
1.889214,1.285297,-0.63841
1.885998,1.284127,-0.638848
1.885706,1.287343,-0.634171
1.889214,1.285297,-0.641918
1.887167,1.287343,-0.638556
1.889506,1.277697,-0.638702
1.889506,1.288804,-0.636948
1.893598,1.286758,-0.635487
1.894768,1.284712,-0.635341
1.884829,1.283543,-0.641771
1.887167,1.293189,-0.643379
1.888629,1.283251,-0.629348
1.881321,1.287343,-0.634025
1.87869,1.283835,-0.665303
1.883075,1.290266,-0.640456
1.890383,1.294066,-0.636948
1.889214,1.292897,-0.631979
1.889506,1.282081,-0.632856
1.889798,1.285589,-0.622479
1.888044,1.289389,-0.646595
1.886291,1.285589,-0.629933
1.890968,1.289097,-0.631248
1.887167,1.293481,-0.633587
1.88366,1.289097,-0.636364
1.889214,1.287635,-0.641041
1.885121,1.287343,-0.64221
1.888044,1.287635,-0.64791
1.893306,1.29582,-0.643964
1.886291,1.286466,-0.639433
1.882198,1.291435,-0.63461
1.888921,1.281789,-0.63271
1.884537,1.287343,-0.633879
1.884244,1.282081,-0.634171
1.884537,1.290558,-0.637971
1.888629,1.287928,-0.639141
1.883367,1.280035,-0.636071
1.877521,1.283251,-0.642648
1.88746,1.291728,-0.640748
1.879275,1.287343,-0.62891
1.893014,1.294358,-0.630225
1.880152,1.286758,-0.638702
1.895352,1.286174,-0.636948
1.884537,1.287928,-0.642794
1.889798,1.287635,-0.637094
1.885706,1.280327,-0.631687
1.883075,1.286758,-0.632271
1.887167,1.290558,-0.650102
1.881906,1.278281,-0.644695
1.890675,1.287051,-0.628617
1.884829,1.283251,-0.636217
1.887752,1.28062,-0.628471
1.888044,1.283835,-0.640018
1.882783,1.285589,-0.632125
1.886583,1.280035,-0.639871
1.892721,1.282958,-0.648348
1.890091,1.280912,-0.636656
1.888921,1.287051,-0.633587
1.89126,1.286174,-0.63081
1.888629,1.286466,-0.632417
1.886583,1.283251,-0.643233
1.885998,1.285004,-0.635925
1.89126,1.287928,-0.639287
1.886583,1.282958,-0.64981
1.893014,1.285589,-0.641041
1.892429,1.285297,-0.639871
1.887167,1.290266,-0.643964
1.883367,1.289681,-0.634317
1.888337,1.286174,-0.63651
1.883952,1.285004,-0.637241
1.886875,1.292312,-0.62964
1.89126,1.290266,-0.644402
1.892429,1.286758,-0.64031
1.890675,1.286466,-0.634756
1.893014,1.285881,-0.644695
1.885998,1.289681,-0.638994
1.888921,1.287635,-0.643087
1.890675,1.280035,-0.63651
1.884537,1.286758,-0.633148
1.882783,1.282374,-0.638556
1.88366,1.288512,-0.63461
1.889798,1.288804,-0.641187
1.89126,1.283835,-0.633587
1.889214,1.294651,-0.643087
1.881614,1.282081,-0.647033
1.888044,1.283835,-0.635779
1.889506,1.281789,-0.639871
1.890383,1.28822,-0.599386
1.880152,1.280912,-0.635048
1.885706,1.289681,-0.644548
1.890675,1.282374,-0.645718
1.881029,1.283543,-0.638556
1.893014,1.285589,-0.645571
1.885998,1.290851,-0.643818
1.887752,1.282666,-0.641918
1.893306,1.281204,-0.644695
1.890383,1.285589,-0.643964
1.878398,1.283543,-0.639287
1.886583,1.28062,-0.63271
1.900322,1.285589,-0.63651
1.888629,1.283251,-0.635633
1.88746,1.283835,-0.631833
1.888044,1.286466,-0.644987
1.893306,1.280035,-0.635487
1.882198,1.296989,-0.655218
1.871383,1.327097,-0.660333
1.846536,1.360713,-0.692195
1.830459,1.399591,-0.714849
1.808243,1.442853,-0.747881
1.785443,1.477054,-0.784712
1.777258,1.500438,-0.819205
1.775504,1.510962,-0.843905
1.765273,1.520023,-0.868606
1.752996,1.506869,-0.874598
1.764689,1.486408,-0.904122
1.775504,1.467115,-0.894329
1.79012,1.432914,-0.897691
1.797135,1.389068,-0.880737
1.810874,1.363929,-0.870944
1.825782,1.332067,-0.852236
1.830167,1.310436,-0.851652
1.843613,1.292897,-0.831774
1.849752,1.28822,-0.835867
1.850628,1.277697,-0.82929
1.862613,1.255773,-0.819643
1.861152,1.253142,-0.812774
1.867583,1.240573,-0.79962
1.876937,1.23765,-0.80532
1.876644,1.231511,-0.79392
1.87226,1.225957,-0.791728
1.881614,1.224788,-0.788658
1.878106,1.228588,-0.776089
1.866998,1.229173,-0.780327
1.871383,1.223327,-0.789974
1.879567,1.222742,-0.777258
1.880444,1.215726,-0.784712
1.879275,1.223619,-0.776235
1.883075,1.215726,-0.779743
1.882198,1.215142,-0.78252
1.887167,1.210757,-0.777404
1.877521,1.204911,-0.779304
1.884244,1.214849,-0.77302
1.885121,1.210465,-0.775066
1.887167,1.211634,-0.770535
1.885121,1.216603,-0.771558
1.888337,1.213388,-0.774481
1.883075,1.213973,-0.771558
1.88366,1.210465,-0.773312
1.88366,1.203449,-0.769658
1.88746,1.207542,-0.775943
1.882783,1.21748,-0.769804
1.882491,1.207249,-0.766881
1.882198,1.213388,-0.769658
1.888337,1.208419,-0.776089
1.889798,1.205788,-0.777258
1.886583,1.201695,-0.775943
1.882491,1.213973,-0.774189
1.882783,1.209296,-0.775504
1.885414,1.211342,-0.770243
1.889506,1.208711,-0.766296
1.882491,1.203742,-0.770681
1.88366,1.218065,-0.762058
1.886875,1.210465,-0.776089
1.889798,1.217773,-0.770243
1.888629,1.216311,-0.778427
1.888337,1.213973,-0.784712
1.892429,1.218357,-0.786904
1.889214,1.209588,-0.776966
1.89126,1.20608,-0.78632
1.885998,1.211049,-0.763227
1.889506,1.199649,-0.783835
1.882783,1.211342,-0.775358
1.885414,1.21368,-0.769366
1.881906,1.211634,-0.777989
1.88366,1.21748,-0.77755
1.885998,1.212803,-0.768635
1.88366,1.206665,-0.76995
1.890968,1.216603,-0.771412
1.879567,1.213096,-0.769512
1.884244,1.209296,-0.767904
1.885706,1.209003,-0.774043
1.884829,1.203742,-0.78062
1.884537,1.209003,-0.769804
1.89506,1.209588,-0.771412
1.890383,1.213973,-0.76615
1.88746,1.214265,-0.772581
1.883075,1.206665,-0.774043
1.881029,1.209296,-0.770827
1.884829,1.210172,-0.78135
1.887167,1.213096,-0.774773
1.885121,1.213096,-0.770389
1.891845,1.204911,-0.771704
1.880152,1.20608,-0.77682
1.876352,1.205495,-0.775212
1.890675,1.203157,-0.778427
1.885121,1.210172,-0.775797
1.887752,1.196726,-0.767904
1.886583,1.208711,-0.772727
1.885414,1.200818,-0.772289
1.878398,1.201695,-0.77185
1.881614,1.211926,-0.772873
1.888337,1.201111,-0.778135
1.881321,1.205203,-0.78135
1.88366,1.216896,-0.776527
1.887167,1.204326,-0.780327
1.88746,1.212511,-0.762643
1.881614,1.209588,-0.767904
1.880737,1.210465,-0.77375
1.885414,1.208419,-0.773166
1.890091,1.211049,-0.772581
1.89506,1.212803,-0.776527
1.884244,1.204326,-0.774189
1.893306,1.215434,-0.775504
1.88366,1.205788,-0.77185
1.890383,1.210172,-0.772435
1.882198,1.205788,-0.775358
1.884244,1.213388,-0.770681
1.887167,1.212511,-0.767758
1.882491,1.210172,-0.761473
1.881614,1.214849,-0.770096
1.888044,1.209588,-0.771558
1.883952,1.208126,-0.766589
1.889214,1.223034,-0.776235
1.887167,1.215142,-0.776966
1.887752,1.216603,-0.765419
1.886291,1.208126,-0.776235
1.892429,1.203449,-0.761181
1.890383,1.215434,-0.776381
1.886583,1.206665,-0.771558
1.88366,1.211049,-0.768927
1.883952,1.214265,-0.767904
1.882491,1.211926,-0.767612
1.885414,1.216311,-0.77185
1.890383,1.218357,-0.769366
1.881614,1.212803,-0.770535
1.890383,1.211634,-0.775212
1.888044,1.211634,-0.773166
1.891552,1.219526,-0.778574
1.883952,1.210757,-0.77492
1.886875,1.214265,-0.776527
1.890968,1.207249,-0.768196
1.890091,1.213973,-0.773166
1.887167,1.209588,-0.780474
1.883952,1.215726,-0.770096
1.882491,1.20988,-0.781789
1.888629,1.211049,-0.774189
1.885998,1.209588,-0.77375
1.88366,1.213973,-0.772727
1.889214,1.210465,-0.764835
1.885998,1.211049,-0.76995
1.88746,1.214265,-0.765127
1.887752,1.210172,-0.772873
1.891845,1.206372,-0.774627
1.896814,1.205495,-0.776966
1.893891,1.207834,-0.766004
1.883075,1.207542,-0.757089
1.88746,1.210172,-0.769658
1.888337,1.212803,-0.78252
1.881614,1.213973,-0.775358
1.890968,1.213973,-0.770973
1.882198,1.216603,-0.779597
1.888337,1.213388,-0.782812
1.88746,1.214849,-0.772727
1.895645,1.214557,-0.781204
1.888337,1.215142,-0.775943
1.890383,1.214849,-0.77682
1.887167,1.211049,-0.777258
1.893598,1.211342,-0.787197
1.894475,1.21368,-0.79012
1.893598,1.211342,-0.780766
1.884829,1.20988,-0.775797
1.883367,1.213388,-0.778135
1.889506,1.216019,-0.78062
1.886875,1.211926,-0.774481
1.885706,1.211049,-0.76615
1.890383,1.206372,-0.770096
1.888629,1.206372,-0.776235
1.888044,1.212803,-0.77112
1.887752,1.211049,-0.769073
1.882198,1.211342,-0.767758
1.888629,1.210465,-0.765566
1.890091,1.208711,-0.770243
1.884829,1.208126,-0.78252
1.891845,1.215726,-0.780035
1.886583,1.209296,-0.762058
1.890968,1.216603,-0.767027
1.887167,1.211049,-0.764543
1.885998,1.215434,-0.76995
1.888921,1.212511,-0.776673
1.892429,1.212219,-0.775797
1.884244,1.213973,-0.774043
1.886875,1.217773,-0.763958
1.888921,1.215434,-0.76805
1.883075,1.209296,-0.770973
1.885121,1.210172,-0.778135
1.891845,1.210172,-0.786466
1.883367,1.214265,-0.772581
1.888337,1.212803,-0.779304
1.880737,1.214557,-0.767612
1.890383,1.207542,-0.772873
1.885414,1.211634,-0.776381
1.889214,1.220988,-0.780035
1.883952,1.22245,-0.779012
1.872844,1.248758,-0.810874
1.852675,1.283251,-0.83499
1.826659,1.335574,-0.863636
1.800643,1.390529,-0.888775
1.784566,1.438176,-0.890675
1.778427,1.463607,-0.906168
1.770243,1.487577,-0.884683
1.764689,1.508039,-0.879275
1.767612,1.51827,-0.824467
1.775212,1.520316,-0.833528
1.781935,1.508039,-0.792312
1.796258,1.479684,-0.76732
1.796258,1.494008,-0.753581
1.833382,1.41976,-0.716896
1.834551,1.394914,-0.701695
1.847705,1.379421,-0.687957
1.848582,1.377375,-0.689564
1.853844,1.363344,-0.671149
1.858521,1.345805,-0.667495
1.865244,1.339959,-0.660333
1.870506,1.326805,-0.659164
1.875767,1.32622,-0.653756
1.868459,1.318036,-0.643964
1.881029,1.315405,-0.643671
1.88366,1.311897,-0.647325
1.87869,1.308389,-0.642648
1.881906,1.307512,-0.644695
1.892137,1.294358,-0.657118
1.884829,1.300789,-0.641771
1.897106,1.301666,-0.648202
1.885998,1.300205,-0.638556
1.881321,1.291143,-0.642941
1.889214,1.290558,-0.645571
1.885414,1.291143,-0.633294
1.885414,1.292897,-0.648202
1.886875,1.294651,-0.645571
1.888337,1.294066,-0.638556
1.883952,1.293189,-0.643233
1.884244,1.295235,-0.644695
1.890968,1.295528,-0.648495
1.889214,1.28822,-0.638556
1.881906,1.288512,-0.642794
1.887167,1.291143,-0.642502
1.876352,1.285297,-0.646741
1.885706,1.282958,-0.640456
1.886583,1.287051,-0.645279
1.889506,1.291143,-0.635779
1.886583,1.286174,-0.638556
1.892429,1.295528,-0.613417
1.886291,1.286466,-0.637971
1.88746,1.285589,-0.640602
1.892721,1.290851,-0.637094
1.893014,1.280912,-0.643233
1.889214,1.277697,-0.643671
1.887167,1.283543,-0.635487
1.891552,1.284127,-0.638848
1.890383,1.28822,-0.643087
1.888044,1.291728,-0.642648
1.891552,1.287635,-0.638117
1.883367,1.283543,-0.638117
1.896229,1.286174,-0.643379
1.888629,1.285004,-0.645425
1.890091,1.280912,-0.640602
1.888337,1.284127,-0.644841
1.887752,1.290266,-0.63841
1.892137,1.290851,-0.638556
1.888921,1.281497,-0.638556
1.886583,1.291728,-0.639141
1.889798,1.290851,-0.632271
1.884537,1.286174,-0.635779
1.888629,1.286466,-0.642941
1.884829,1.283543,-0.634317
1.889214,1.285004,-0.635633
1.890091,1.283543,-0.643671
1.888337,1.285881,-0.635194
1.883075,1.284712,-0.638702
1.890675,1.289974,-0.645718
1.881321,1.27945,-0.645864
1.884244,1.289097,-0.644987
1.882783,1.279158,-0.635779
1.886583,1.282958,-0.645571
1.885706,1.286466,-0.642941
1.891845,1.280035,-0.645133
1.894475,1.28442,-0.636948
1.894183,1.286758,-0.637825
1.889798,1.283543,-0.63271
1.88366,1.289097,-0.664279
1.884537,1.286174,-0.641187
1.885998,1.282666,-0.60874
1.883367,1.295528,-0.645425
1.894768,1.289681,-0.644402
1.89126,1.293481,-0.635779
1.890383,1.291143,-0.629348
1.893891,1.287635,-0.64411
1.888044,1.289097,-0.64031
1.882783,1.292604,-0.637387
1.885998,1.28442,-0.642794
1.886583,1.291728,-0.648056
1.896521,1.291143,-0.640018
1.892429,1.285881,-0.633294
1.890968,1.283835,-0.634025
1.890968,1.285881,-0.640894
1.880444,1.287928,-0.642502
1.883367,1.291143,-0.640164
1.885706,1.290266,-0.649372
1.886291,1.290558,-0.650833
1.881906,1.288512,-0.650248
1.885121,1.294066,-0.646302
1.881906,1.290851,-0.643525
1.884244,1.287051,-0.642356
1.888337,1.294943,-0.639433
1.892429,1.287343,-0.646448
1.890091,1.290266,-0.639871
1.886583,1.290266,-0.64791
1.889214,1.293774,-0.643233
1.885121,1.285881,-0.640456
1.882783,1.286466,-0.637094
1.892137,1.289681,-0.641187
1.888629,1.291435,-0.653902
1.891552,1.290266,-0.637825
1.881321,1.290851,-0.641479
1.886583,1.288804,-0.649518
1.882491,1.28442,-0.636802
1.887167,1.291435,-0.638702
1.880737,1.289097,-0.621894
1.885998,1.283835,-0.634171
1.887752,1.292897,-0.624671
1.888629,1.286758,-0.646595
1.884244,1.28822,-0.638848
1.886583,1.296697,-0.636802
1.886291,1.285589,-0.639287
1.885414,1.287635,-0.641625
1.882198,1.284127,-0.638556
1.891552,1.289097,-0.620725
1.882783,1.289974,-0.648933
1.883367,1.296989,-0.63271
1.884244,1.285004,-0.625548
1.881614,1.290851,-0.629933
1.893014,1.286758,-0.636948
1.886583,1.282081,-0.638264
1.887752,1.287051,-0.636656
1.887167,1.291435,-0.644695
1.88746,1.287343,-0.649079
1.891845,1.286466,-0.642064
1.885414,1.286466,-0.635925
1.887752,1.287343,-0.639871
1.890091,1.28442,-0.635048
1.885706,1.289974,-0.643379
1.882783,1.285297,-0.632856
1.88746,1.282666,-0.635194
1.888044,1.286758,-0.639141
1.888629,1.278574,-0.645864
1.878398,1.288804,-0.638264
1.888044,1.281497,-0.640164
1.883952,1.28822,-0.641333
1.89126,1.28062,-0.635779
1.883075,1.277697,-0.644402
1.878983,1.280035,-0.635779
1.879275,1.279743,-0.645425
1.882491,1.288512,-0.638264
1.877229,1.282374,-0.641187
1.88746,1.287051,-0.651272
1.883367,1.288804,-0.645718
1.885121,1.289389,-0.652879
1.879567,1.286174,-0.645425
1.887167,1.288512,-0.632856
1.885414,1.291435,-0.648495
1.883367,1.289681,-0.641625
1.879275,1.293774,-0.635633
1.884244,1.287343,-0.645571
1.885998,1.292604,-0.641187
1.881614,1.285589,-0.637825
1.878398,1.292897,-0.644402
1.884244,1.290851,-0.63344
1.886583,1.297866,-0.64031
1.888337,1.300497,-0.649956
1.89126,1.295528,-0.653756
1.890091,1.288512,-0.647033
1.894768,1.293774,-0.649956
1.885706,1.289974,-0.647179
1.887167,1.297574,-0.639433
1.883075,1.288512,-0.640894
1.886583,1.291435,-0.640456
1.882783,1.293189,-0.655364
1.893891,1.288512,-0.643964
1.892137,1.289681,-0.639871
1.880444,1.29202,-0.627887
1.893306,1.293481,-0.640164
1.87869,1.295235,-0.647764
1.885414,1.29582,-0.651418
1.877229,1.293774,-0.63841
1.881906,1.284712,-0.646595
1.889798,1.295235,-0.653464
1.881906,1.290851,-0.636071
1.887752,1.287343,-0.644402
1.884537,1.289681,-0.64981
1.884244,1.288512,-0.643671
1.886583,1.292604,-0.639579
1.877229,1.299328,-0.643379
1.890675,1.297282,-0.640456
1.88746,1.287343,-0.649956
1.885998,1.284127,-0.647471
1.876937,1.286758,-0.636217
1.886875,1.282374,-0.644548
1.885706,1.286466,-0.634317
1.889214,1.291728,-0.634464
1.882198,1.285589,-0.633733
1.884244,1.286758,-0.637679
1.884537,1.28822,-0.63154
1.88746,1.290266,-0.641333
1.883075,1.289097,-0.645571
1.88746,1.291435,-0.642064
1.890968,1.283543,-0.622625
1.881906,1.293189,-0.644256
1.883367,1.293189,-0.637825
1.883952,1.298451,-0.639433
1.881321,1.288804,-0.637094
1.892429,1.285004,-0.64031
1.886583,1.290851,-0.648787
1.88366,1.289389,-0.636364
1.891552,1.288804,-0.641479
1.882783,1.285881,-0.648495
1.880152,1.290851,-0.636364
1.881321,1.293774,-0.639141
1.880152,1.288804,-0.640748
1.887752,1.290558,-0.645425
1.886583,1.285004,-0.632564
1.884244,1.287051,-0.631102
1.883952,1.288804,-0.643818
1.883952,1.291728,-0.651272
1.884244,1.291143,-0.647471
1.890968,1.288804,-0.633733
1.889506,1.291728,-0.640018
1.883075,1.29202,-0.63461
1.884244,1.286466,-0.649372
1.882198,1.295235,-0.635779
1.881614,1.287928,-0.637241
1.89126,1.291143,-0.643379
1.889506,1.290558,-0.637387
1.890968,1.290266,-0.607571
1.883075,1.28442,-0.636802
1.888044,1.289389,-0.643525
1.891845,1.287928,-0.647618
1.89506,1.286466,-0.632564
1.885121,1.293189,-0.637387
1.893598,1.287635,-0.642064
1.888337,1.290851,-0.645718
1.888337,1.281789,-0.629933
1.885414,1.290266,-0.635194
1.884244,1.292604,-0.631394
1.889506,1.292897,-0.637094
1.881614,1.279743,-0.642941
1.886291,1.289974,-0.636656
1.886875,1.277404,-0.646741
1.887752,1.287928,-0.641918
1.88366,1.282666,-0.639433
1.888629,1.284712,-0.637971
1.881906,1.277989,-0.635194
1.883075,1.283835,-0.636217
1.882783,1.285881,-0.646156
1.888337,1.28822,-0.638994
1.892721,1.285589,-0.64031
1.883367,1.290266,-0.653464
1.887167,1.290851,-0.636217
1.890091,1.289097,-0.637241
1.886291,1.285589,-0.632271
1.885998,1.278281,-0.639433
1.884537,1.287343,-0.626279
1.883952,1.28442,-0.626863
1.879275,1.288512,-0.634317
1.880737,1.287343,-0.64221
1.885998,1.284712,-0.633002
1.89126,1.289974,-0.637679
1.885414,1.294066,-0.64601
1.885414,1.288512,-0.638848
1.877813,1.281497,-0.637825
1.88366,1.283835,-0.63651
1.881906,1.28442,-0.638702
1.883952,1.285004,-0.644402
1.886291,1.285589,-0.630664
1.892721,1.291728,-0.644402
1.892137,1.287051,-0.647618
1.88366,1.289389,-0.642794
1.892137,1.290266,-0.64601
1.892721,1.281789,-0.639579
1.884537,1.286174,-0.635194
1.885706,1.293189,-0.64221
1.890675,1.287343,-0.64411
1.885998,1.286174,-0.642064
1.886583,1.282081,-0.647325
1.885121,1.284712,-0.643233
1.883075,1.282666,-0.641041
1.883952,1.285004,-0.647471
1.884829,1.286466,-0.641187
1.883367,1.290266,-0.637094
1.887752,1.28442,-0.642502
1.885121,1.287635,-0.633002
1.888337,1.282081,-0.641625
1.885121,1.293189,-0.640894
1.885998,1.281789,-0.637533
1.883367,1.287051,-0.63344
1.882783,1.287343,-0.637971
1.885998,1.290851,-0.639725
1.884244,1.28442,-0.637094
1.881029,1.293189,-0.633587
1.88366,1.290266,-0.646156
1.885414,1.291435,-0.646595
1.882491,1.290851,-0.639871
1.880737,1.285004,-0.647179
1.890675,1.291435,-0.641041
1.885998,1.294651,-0.641918
1.888921,1.286174,-0.642356
1.894475,1.293189,-0.637971
1.892429,1.281497,-0.64221
1.893014,1.289097,-0.647033
1.889214,1.286466,-0.643379
1.894475,1.290851,-0.638994
1.888044,1.290851,-0.614733
1.89506,1.29202,-0.638994
1.894475,1.289681,-0.640748
1.894475,1.283251,-0.638848
1.892137,1.286174,-0.636364
1.89126,1.287343,-0.630956
1.886875,1.285004,-0.637533
1.885706,1.288804,-0.642502
1.89126,1.27682,-0.643818
1.888337,1.286758,-0.644548
1.880152,1.293189,-0.644987
1.87226,1.320374,-0.656241
1.856767,1.355159,-0.672464
1.84069,1.398422,-0.709588
1.822859,1.441391,-0.739404
1.807659,1.47793,-0.780327
1.787197,1.499854,-0.806489
1.784858,1.513885,-0.832067
1.767904,1.504823,-0.857644
1.767904,1.505116,-0.869044
1.769658,1.4905,-0.884683
1.778427,1.473546,-0.898714
1.792166,1.433499,-0.894768
1.800351,1.405729,-0.886291
1.816136,1.357498,-0.872552
1.830459,1.332944,-0.85399
1.850921,1.315989,-0.852236
1.847413,1.285881,-0.832505
1.856767,1.280327,-0.830751
1.858521,1.268635,-0.833674
1.866706,1.254604,-0.814966
1.868752,1.250804,-0.815113
1.874598,1.24525,-0.808682
1.873429,1.233557,-0.799474
1.866121,1.227127,-0.79962
1.876352,1.230927,-0.791874
1.882491,1.225373,-0.78252
1.881321,1.222157,-0.785735
1.875767,1.229465,-0.784127
1.888337,1.218357,-0.788512
1.892429,1.228588,-0.781058
1.888921,1.219526,-0.780766
1.893014,1.216896,-0.77185
1.882783,1.215142,-0.770535
1.885998,1.219819,-0.780766
1.890675,1.212511,-0.76995
1.884244,1.213388,-0.772289
1.883075,1.216603,-0.76922
1.885414,1.210757,-0.782666
1.882491,1.206665,-0.792751
1.888921,1.209003,-0.781643
1.885706,1.205203,-0.780766
1.889798,1.206957,-0.781058
1.895937,1.213096,-0.772435
1.890675,1.213096,-0.779158
1.888337,1.212219,-0.779743
1.889214,1.213096,-0.774773
1.888629,1.209588,-0.77755
1.89126,1.211926,-0.76425
1.888337,1.208126,-0.779158
1.890675,1.213096,-0.781789
1.881614,1.201988,-0.77302
1.88366,1.205495,-0.781935
1.89126,1.210172,-0.777404
1.894183,1.204619,-0.774627
1.879567,1.207249,-0.765712
1.887752,1.207834,-0.772435
1.887752,1.210757,-0.777112
1.885121,1.211634,-0.774627
1.885414,1.211926,-0.783835
1.889506,1.206372,-0.778427
1.880444,1.210757,-0.771704
1.888921,1.206665,-0.781204
1.881321,1.211926,-0.76922
1.891845,1.208126,-0.775358
1.888044,1.203742,-0.769073
1.887752,1.203449,-0.781789
1.881321,1.205788,-0.767758
1.883952,1.214849,-0.769512
1.883952,1.205203,-0.779012
1.878983,1.211634,-0.774627
1.878398,1.203742,-0.776381
1.888044,1.207834,-0.775212
1.885998,1.209588,-0.76922
1.889506,1.207542,-0.771996
1.888921,1.205495,-0.776235
1.893891,1.208419,-0.772143
1.888629,1.205788,-0.764543
1.888337,1.204326,-0.777843
1.890091,1.207542,-0.777112
1.888044,1.205495,-0.776966
1.881029,1.208126,-0.769804
1.882783,1.205495,-0.77682
1.890675,1.210465,-0.790704
1.890383,1.214265,-0.779012
1.888921,1.213096,-0.776381
1.891845,1.208711,-0.77755
1.889506,1.207249,-0.770973
1.888629,1.209588,-0.761327
1.887167,1.205495,-0.770389
1.888337,1.201988,-0.76732
1.88746,1.202865,-0.778281
1.889798,1.206957,-0.759719
1.892429,1.206665,-0.775504
1.890968,1.205495,-0.776381
1.885998,1.207249,-0.77682
1.884537,1.209296,-0.770243
1.885414,1.207834,-0.785151
1.881906,1.212219,-0.772143
1.890383,1.208711,-0.76235
1.885998,1.214557,-0.761181
1.890383,1.206372,-0.785297
1.889506,1.205495,-0.775358
1.882491,1.209588,-0.776673
1.883952,1.210465,-0.766735
1.887167,1.209296,-0.776527
1.891552,1.218357,-0.771412
1.890968,1.202572,-0.768196
1.892721,1.216603,-0.774189
1.897691,1.212511,-0.770535
1.892137,1.209588,-0.774043
1.889506,1.212511,-0.774189
1.885414,1.208711,-0.77302
1.88366,1.213388,-0.77185
1.888629,1.207542,-0.772873
1.889798,1.207542,-0.764104
1.889798,1.209296,-0.768343
1.895352,1.203157,-0.763081
1.890968,1.213388,-0.775358
1.892137,1.215434,-0.773897
1.890968,1.204326,-0.771558
1.894475,1.218065,-0.767027
1.888337,1.215434,-0.775066
1.891552,1.207249,-0.770243
1.895645,1.209588,-0.774189
1.89126,1.203157,-0.770389
1.888044,1.212511,-0.779012
1.887752,1.202572,-0.773458
1.893598,1.205788,-0.766296
1.884829,1.203157,-0.77112
1.890091,1.213973,-0.766443
1.892429,1.214265,-0.774043
1.891845,1.209588,-0.774773
1.894768,1.210172,-0.77492
1.891552,1.20608,-0.769658
1.901783,1.206372,-0.774189
1.888629,1.202572,-0.767466
1.888629,1.203157,-0.759866
1.893598,1.204034,-0.765419
1.890091,1.206372,-0.768343
1.890383,1.203742,-0.765858
1.889506,1.211049,-0.76615
1.888629,1.210172,-0.772727
1.893306,1.205495,-0.779889
1.889506,1.202865,-0.763519
1.893306,1.206665,-0.777112
1.888337,1.206665,-0.770681
1.883952,1.203449,-0.765273
1.895645,1.210757,-0.776235
1.892137,1.214557,-0.77112
1.883075,1.20608,-0.774627
1.888337,1.209003,-0.766004
1.886583,1.204911,-0.772289
1.889214,1.206957,-0.76995
1.885414,1.199649,-0.766589
1.89126,1.211926,-0.762058
1.889506,1.210465,-0.763812
1.887752,1.212511,-0.769366
1.88366,1.202572,-0.765273
1.883952,1.205495,-0.772873
1.888629,1.206665,-0.753873
1.883075,1.209296,-0.762204
1.894475,1.208419,-0.77682
1.884829,1.202572,-0.760158
1.884537,1.206665,-0.759573
1.893306,1.205788,-0.767904
1.890675,1.207542,-0.760596
1.884829,1.196141,-0.76805
1.888337,1.206665,-0.76425
1.888921,1.204619,-0.769073
1.893306,1.210757,-0.777404
1.889506,1.207249,-0.762789
1.894475,1.202572,-0.763227
1.889798,1.210465,-0.767173
1.891552,1.207249,-0.769366
1.89126,1.210757,-0.767173
1.890091,1.207249,-0.763227
1.89506,1.208711,-0.77755
1.896814,1.204619,-0.765419
1.882783,1.207249,-0.764396
1.886291,1.210757,-0.766004
1.893306,1.210757,-0.761766
1.890968,1.207834,-0.757381
1.893891,1.204619,-0.765127
1.89126,1.208126,-0.767466
1.884829,1.206665,-0.76045
1.892429,1.215434,-0.777697
1.894768,1.211926,-0.772581
1.888629,1.209588,-0.766735
1.888044,1.203449,-0.771412
1.891845,1.205788,-0.771412
1.882491,1.203449,-0.773458
1.88366,1.211342,-0.783104
1.889506,1.204911,-0.764396
1.886291,1.199357,-0.781935
1.885706,1.213096,-0.77872
1.883952,1.209588,-0.766443
1.888629,1.209296,-0.773312
1.885998,1.212511,-0.778427
1.896229,1.20988,-0.775504
1.889214,1.206665,-0.769512
1.890383,1.206957,-0.774189
1.888629,1.205203,-0.770535
1.890968,1.206372,-0.764835
1.881321,1.204911,-0.77565
1.888921,1.20608,-0.774335
1.887752,1.206957,-0.76425
1.886583,1.203157,-0.783397
1.89126,1.208126,-0.769512
1.887167,1.209588,-0.77682
1.88366,1.211634,-0.762789
1.881614,1.204034,-0.770535
1.882783,1.208126,-0.78062
1.888044,1.208711,-0.770535
1.890091,1.204911,-0.767612
1.883367,1.204911,-0.76922
1.885998,1.200234,-0.772581
1.895352,1.201111,-0.77682
1.884829,1.203157,-0.774335
1.893598,1.211342,-0.771704
1.886583,1.204911,-0.777989
1.889506,1.202572,-0.766735
1.875767,1.208711,-0.769366
1.88746,1.207249,-0.779158
1.890091,1.20608,-0.770681
1.887752,1.206372,-0.779889
1.889506,1.20988,-0.775358
1.886875,1.197895,-0.768635
1.884537,1.204619,-0.771266
1.883075,1.205788,-0.76995
1.890091,1.205203,-0.77185
1.88366,1.206957,-0.76922
1.88746,1.205495,-0.76995
1.88746,1.209296,-0.768343
1.893598,1.209003,-0.763227
1.888044,1.206957,-0.764396
1.89126,1.208126,-0.772581
1.890675,1.210757,-0.764104
1.890091,1.208419,-0.775358
1.89126,1.213096,-0.767027
1.893598,1.205203,-0.766443
1.892721,1.208419,-0.770096
1.889506,1.210465,-0.76732
1.884537,1.21368,-0.76732
1.888044,1.204034,-0.777697
1.886291,1.200818,-0.769073
1.888921,1.204326,-0.777843
1.890091,1.208126,-0.757089
1.886583,1.200234,-0.769658
1.887752,1.201111,-0.778574
1.885414,1.212511,-0.773312
1.897691,1.210172,-0.768781
1.892429,1.204619,-0.76732
1.890968,1.21368,-0.77185
1.891845,1.200234,-0.770535
1.892721,1.204034,-0.776966
1.895352,1.207542,-0.779743
1.885121,1.202865,-0.775358
1.89126,1.206665,-0.769073
1.889506,1.207542,-0.774481
1.891845,1.204034,-0.762643
1.892429,1.204619,-0.765419
1.883952,1.210465,-0.758842
1.890091,1.213096,-0.767612
1.885998,1.204034,-0.76045
1.882783,1.207834,-0.765566
1.883075,1.200526,-0.777697
1.889506,1.207542,-0.771996
1.888337,1.210465,-0.765273
1.888629,1.203157,-0.758404
1.893014,1.206957,-0.763812
1.887752,1.204326,-0.760889
1.892429,1.211342,-0.776527
1.886291,1.204326,-0.768781
1.893306,1.211049,-0.773897
1.887752,1.212219,-0.773604
1.886875,1.205788,-0.763812
1.888629,1.206665,-0.765566
1.880444,1.212511,-0.764104
1.887167,1.204619,-0.765273
1.889214,1.201111,-0.774773
1.883952,1.208126,-0.76615
1.889214,1.210465,-0.770096
1.888921,1.218942,-0.77112
1.887752,1.206957,-0.762789
1.89126,1.20988,-0.770243
1.885414,1.20608,-0.772873
1.886583,1.210757,-0.770827
1.880737,1.208711,-0.776235
1.889798,1.208711,-0.77492
1.894768,1.207542,-0.767027
1.88746,1.208711,-0.77565
1.889798,1.207249,-0.766004
1.892429,1.199942,-0.767904
1.890091,1.200818,-0.773312
1.888044,1.205203,-0.773458
1.893014,1.211634,-0.773166
1.875767,1.207542,-0.776527
1.886291,1.208711,-0.768489
1.889214,1.212219,-0.773312
1.886875,1.212803,-0.760742
1.887752,1.206957,-0.76615
1.892721,1.210465,-0.767612
1.887167,1.214849,-0.770973
1.888629,1.207542,-0.775943
1.881614,1.210465,-0.764543
1.894183,1.212803,-0.766443
1.890383,1.205788,-0.776089
1.89506,1.215434,-0.761619
1.888921,1.208126,-0.768781
1.888044,1.217188,-0.780327
1.888044,1.206957,-0.770681
1.893891,1.203742,-0.766735
1.892137,1.212803,-0.76425
1.885706,1.207542,-0.763081
1.888921,1.206957,-0.774773
1.891845,1.211049,-0.77755
1.890675,1.211926,-0.758258
1.888337,1.20988,-0.769073
1.894183,1.206957,-0.765419
1.887167,1.204911,-0.761473
1.89506,1.197018,-0.761912
1.888337,1.201988,-0.771558
1.884537,1.212803,-0.760596
1.885706,1.209003,-0.763958
1.887752,1.212219,-0.759281
1.885998,1.20988,-0.777112
1.889214,1.215434,-0.767758
1.887752,1.215142,-0.770973
1.882198,1.202572,-0.76425
1.886583,1.208126,-0.76995
1.888337,1.205495,-0.776527
1.886875,1.209296,-0.765127
1.892429,1.208419,-0.761035
1.895937,1.204034,-0.766443
1.883367,1.207834,-0.753873
1.886583,1.20228,-0.777843
1.886583,1.208126,-0.771266
1.885121,1.20228,-0.757089
1.88746,1.206372,-0.768781
1.885998,1.210172,-0.771412
1.886583,1.200526,-0.760304
1.886583,1.205495,-0.776673
1.888044,1.207834,-0.768489
1.885706,1.212219,-0.772727
1.881029,1.200818,-0.772435
1.888921,1.21368,-0.762935
1.888044,1.205495,-0.764981
1.885414,1.205203,-0.762058
1.88746,1.218065,-0.758258
1.892137,1.205788,-0.765566
1.884537,1.213096,-0.764396
1.889798,1.209296,-0.767173
1.883952,1.20988,-0.756358
1.894475,1.204619,-0.772435
1.881614,1.214265,-0.776089
1.882198,1.211049,-0.766881
1.885998,1.208711,-0.770973
1.890675,1.208711,-0.762789
1.885706,1.214265,-0.757527
1.888337,1.209003,-0.762496
1.893014,1.210465,-0.759135
1.895352,1.210757,-0.77302
1.898275,1.211926,-0.769804
1.89126,1.214557,-0.77682
1.890091,1.209003,-0.767904
1.891552,1.203449,-0.773897
1.893306,1.208711,-0.77945
1.891845,1.201403,-0.761327
1.893014,1.203742,-0.764835
1.895645,1.211634,-0.765712
1.884829,1.20988,-0.767612
1.889798,1.210757,-0.771704
1.894183,1.209588,-0.76425
1.893306,1.212219,-0.776527
1.888337,1.215726,-0.767904
1.895352,1.217188,-0.766881
1.887752,1.214849,-0.770681
1.890968,1.213388,-0.769366
1.897983,1.210465,-0.775943
1.895937,1.211926,-0.76995
1.889798,1.215434,-0.764543
1.893598,1.211342,-0.769658
1.885414,1.218065,-0.770681
1.892137,1.211342,-0.771704
1.88746,1.214557,-0.780181
1.890675,1.206957,-0.767904
1.885706,1.209003,-0.782812
1.888044,1.215726,-0.774481
1.885414,1.21368,-0.76922
1.885121,1.20988,-0.767027
1.884537,1.217773,-0.76732
1.887752,1.213973,-0.780327
1.891845,1.219819,-0.76995
1.889214,1.212219,-0.764396
1.893306,1.207542,-0.771266
1.892429,1.211342,-0.772435
1.889214,1.21368,-0.775504
1.896521,1.210172,-0.779158
1.894768,1.214849,-0.777989
1.890675,1.213388,-0.772435
1.890968,1.206957,-0.77492
1.890091,1.211634,-0.764104
1.883075,1.214849,-0.767173
1.896814,1.213388,-0.77682
1.893014,1.207542,-0.769512
1.885414,1.203449,-0.777404
1.892137,1.207249,-0.768489
1.888629,1.204619,-0.763958
1.888044,1.212511,-0.769804
1.89126,1.209588,-0.767466
1.885414,1.210172,-0.764104
1.886291,1.204326,-0.77565
1.893598,1.20228,-0.774043
1.889214,1.214265,-0.776527
1.886291,1.207834,-0.766735
1.888337,1.208419,-0.772435
1.88746,1.204326,-0.768489
1.886291,1.205495,-0.770973
1.879567,1.19848,-0.760304
1.884537,1.206665,-0.777258
1.893598,1.200526,-0.774335
1.89126,1.205788,-0.77375
1.892429,1.202572,-0.77302
1.890968,1.199942,-0.770243
1.894183,1.211342,-0.767758
1.894768,1.209003,-0.764835
1.897398,1.207542,-0.767612
1.883952,1.200526,-0.774335
1.889506,1.207249,-0.773897
1.894475,1.209588,-0.764543
1.891845,1.20988,-0.771558
1.887167,1.204911,-0.766004
1.883075,1.210172,-0.763227
1.891845,1.206665,-0.767466
1.894183,1.218065,-0.764981
1.887752,1.209588,-0.772289
1.894475,1.209588,-0.774481
1.892429,1.205788,-0.754896
1.893891,1.197018,-0.765566
1.895937,1.20988,-0.768635
1.895352,1.213096,-0.770973
1.893891,1.218942,-0.759281
1.882198,1.201111,-0.763227
1.890091,1.20988,-0.764835
1.889214,1.206957,-0.770389
1.890968,1.20988,-0.767173
1.887752,1.209588,-0.764104
1.899445,1.206372,-0.761912
1.889506,1.209588,-0.77302
1.888629,1.208126,-0.760596
1.890383,1.204034,-0.765712
1.889506,1.205203,-0.772727
1.88366,1.208126,-0.763519
1.885414,1.201695,-0.772873
1.883952,1.211926,-0.768196
1.887752,1.206665,-0.770096
1.893891,1.205495,-0.761619
1.888629,1.210465,-0.76922
1.893598,1.206957,-0.765712
1.888337,1.209296,-0.766881
1.891552,1.201695,-0.774627
1.885706,1.204911,-0.763373
1.885998,1.209588,-0.775066
1.890091,1.218942,-0.77302
1.884244,1.212511,-0.765273
1.886291,1.204619,-0.763227
1.889798,1.210465,-0.77302
1.890383,1.210465,-0.768927
1.892721,1.210465,-0.770389
1.878398,1.206372,-0.772435
1.893014,1.209588,-0.76235
1.892137,1.209296,-0.772873
1.882198,1.211634,-0.757966
1.891845,1.205203,-0.772873
1.88746,1.218357,-0.770096
1.884829,1.202865,-0.768196
1.890968,1.218357,-0.765419
1.890383,1.214557,-0.762789
1.887752,1.211049,-0.76615
1.892429,1.209588,-0.760889
1.888044,1.213973,-0.759135
1.887167,1.213388,-0.766881
1.888044,1.217773,-0.765566
1.885414,1.208419,-0.768196
1.888921,1.210757,-0.762789
1.895352,1.216603,-0.764543
1.894475,1.214557,-0.764543
1.895352,1.206372,-0.768489
1.890968,1.208419,-0.756212
1.895937,1.21748,-0.763958
1.890383,1.213973,-0.763958
1.894768,1.213096,-0.768635
1.886291,1.208711,-0.761766
1.886291,1.203157,-0.760742
1.890968,1.201403,-0.761327
1.893014,1.204911,-0.764104
1.893014,1.208419,-0.769073
1.886291,1.204911,-0.770096
1.885414,1.209588,-0.766589
1.888921,1.210465,-0.766296
1.890675,1.203449,-0.765127
1.891845,1.208419,-0.767027
1.890091,1.21865,-0.772289
1.890968,1.206372,-0.771412
1.887752,1.205495,-0.759719
1.897983,1.213973,-0.76805
1.887167,1.206372,-0.751388
1.888629,1.214849,-0.769658
1.888044,1.209296,-0.784858
1.880152,1.208419,-0.772581
1.893306,1.211926,-0.768781
1.890091,1.20988,-0.771412
1.889506,1.210172,-0.764543
1.888921,1.208711,-0.783835
1.892429,1.210465,-0.757673
1.885998,1.215142,-0.762643
1.889214,1.207542,-0.765712
1.88366,1.211342,-0.764104
1.892137,1.210465,-0.762643
1.895352,1.211049,-0.768635
1.889798,1.21368,-0.768635
1.88746,1.208126,-0.766735
1.888337,1.210465,-0.770096
1.88746,1.213388,-0.769658
1.886291,1.216311,-0.769073
1.884829,1.215142,-0.769366
1.88746,1.229173,-0.77565
1.875475,1.24525,-0.797282
1.856767,1.284712,-0.823443
1.831336,1.333236,-0.87036
1.812336,1.387314,-0.867583
1.792166,1.432914,-0.893598
1.780474,1.468284,-0.884537
1.777258,1.486992,-0.878252
1.768196,1.504238,-0.866706
1.764689,1.520316,-0.841713
1.769073,1.516223,-0.845075
1.783689,1.505116,-0.809705
1.793335,1.48553,-0.768781
1.797135,1.467992,-0.748027
1.821982,1.436422,-0.716019
1.833967,1.403391,-0.692926
1.847413,1.387021,-0.689418
1.845075,1.379714,-0.684449
1.845951,1.372698,-0.677872
1.856475,1.359544,-0.665595
1.866121,1.344928,-0.664718
1.871383,1.335282,-0.658287
1.871967,1.326805,-0.652441
1.876352,1.320666,-0.654341
1.876644,1.314236,-0.648056
1.880444,1.314236,-0.640164
1.875767,1.302543,-0.637094
1.881906,1.301374,-0.649956
1.877813,1.305759,-0.637971
1.884829,1.304005,-0.627594
1.88366,1.294066,-0.641187
1.882783,1.299035,-0.655218
1.882783,1.295528,-0.631979
1.884829,1.297866,-0.640748
1.888921,1.300789,-0.640456
1.883367,1.294651,-0.639141
1.881321,1.292604,-0.629494
1.885998,1.289097,-0.634025
1.892429,1.294066,-0.638264
1.890968,1.292604,-0.63271
1.89126,1.289097,-0.633148
1.886875,1.291143,-0.640748
1.890091,1.292897,-0.641187
1.889506,1.289681,-0.635194
1.884244,1.287928,-0.64411
1.888629,1.294066,-0.646302
1.890968,1.289681,-0.633879
1.889798,1.289097,-0.633733
1.888629,1.286174,-0.631248
1.886875,1.282081,-0.641771
1.889798,1.286466,-0.638994
1.883952,1.285297,-0.634317
1.888044,1.285589,-0.636802
1.893306,1.286758,-0.632125
1.894475,1.283251,-0.631979
1.885121,1.282081,-0.643087
1.885121,1.290851,-0.633002
1.886875,1.283251,-0.62891
1.882491,1.285589,-0.636364
1.887167,1.286174,-0.639141
1.88366,1.289389,-0.632271
1.894475,1.291143,-0.637679
1.885414,1.288804,-0.638117
1.885998,1.280912,-0.635341
1.88746,1.285589,-0.633587
1.889214,1.292897,-0.644548
1.892429,1.288804,-0.643964
1.884244,1.288512,-0.649225
1.887167,1.289097,-0.650102
1.890675,1.291143,-0.640018
1.889798,1.290558,-0.632271
1.887167,1.287051,-0.648202
1.886291,1.288512,-0.649956
1.890091,1.286466,-0.636364
1.888921,1.293774,-0.639579
1.887752,1.280327,-0.636656
1.889506,1.285004,-0.637679
1.895645,1.294066,-0.637094
1.890968,1.29202,-0.644987
1.890091,1.290851,-0.637094
1.889214,1.282374,-0.635048
1.888337,1.286758,-0.632856
1.894183,1.290266,-0.640748
1.883075,1.293189,-0.639141
1.885706,1.292312,-0.640602
1.898568,1.294358,-0.638848
1.888044,1.285589,-0.641771
1.889506,1.291435,-0.642648
1.895937,1.287051,-0.642064
1.890968,1.288512,-0.637533
1.890968,1.292604,-0.635779
1.885998,1.285004,-0.625694
1.895645,1.287343,-0.647179
1.88746,1.287635,-0.636217
1.889506,1.289681,-0.640748
1.890675,1.283835,-0.638702
1.899445,1.286758,-0.644695
1.890383,1.283835,-0.64981
1.890383,1.281204,-0.636071
1.890968,1.289389,-0.64981
1.880152,1.283543,-0.634756
1.885998,1.281497,-0.640018
1.885414,1.283251,-0.642356
1.885706,1.282374,-0.641333
1.882491,1.286758,-0.634464
1.885706,1.285004,-0.644548
1.884537,1.279743,-0.643233
1.887752,1.28062,-0.64791
1.892429,1.283835,-0.639579
1.885706,1.290266,-0.637825
1.889506,1.278574,-0.653464
1.886875,1.280327,-0.652002
1.88366,1.288512,-0.643233
1.887167,1.287635,-0.644402
1.888629,1.289974,-0.649079
1.885998,1.288512,-0.645133
1.893598,1.286758,-0.640164
1.891552,1.287051,-0.649956
1.89126,1.28822,-0.636656
1.888921,1.287051,-0.648641
1.888921,1.286174,-0.648641
1.886875,1.282081,-0.646448
1.892721,1.28442,-0.643233
1.888629,1.289097,-0.638117
1.892137,1.285881,-0.638848
1.886583,1.286758,-0.641333
1.888921,1.289097,-0.652733
1.889214,1.293189,-0.644402
1.890383,1.288804,-0.644695
1.883075,1.289389,-0.644987
1.884537,1.28822,-0.641041
1.889506,1.282958,-0.638702
1.883952,1.282374,-0.647179
1.889214,1.290851,-0.642502
1.890091,1.28442,-0.650102
1.888921,1.286758,-0.633879
1.896229,1.289681,-0.643964
1.893891,1.286174,-0.647033
1.891845,1.287051,-0.64411
1.881029,1.283543,-0.63841
1.887167,1.279743,-0.638556
1.890383,1.286758,-0.645864
1.890968,1.289389,-0.633294
1.87986,1.285297,-0.641041
1.891845,1.294358,-0.635925
1.893014,1.284712,-0.643818
1.885706,1.289389,-0.641918
1.889798,1.289097,-0.635048
1.898275,1.289097,-0.650541
1.888337,1.290266,-0.646887
1.891845,1.277989,-0.647471
1.890968,1.27945,-0.643964
1.881906,1.289974,-0.642064
1.890675,1.290851,-0.64031
1.890968,1.286466,-0.631102
1.890968,1.297574,-0.648933
1.890675,1.288804,-0.643233
1.885414,1.291143,-0.63651
1.895937,1.293189,-0.631687
1.884537,1.284712,-0.647764
1.884244,1.293481,-0.638702
1.883367,1.291435,-0.643087
1.89126,1.295528,-0.635779
1.885121,1.285004,-0.64981
1.881906,1.292897,-0.644256
1.888044,1.288512,-0.63841
1.890091,1.291728,-0.639871
1.89126,1.28822,-0.646156
1.885121,1.284127,-0.635048
1.890383,1.283835,-0.64411
1.885706,1.283251,-0.642502
1.886875,1.291143,-0.64981
1.889798,1.282666,-0.643087
1.890091,1.290558,-0.639871
1.880152,1.287051,-0.63271
1.888337,1.291143,-0.650248
1.889214,1.278574,-0.638556
1.885414,1.285881,-0.632856
1.893598,1.291143,-0.636071
1.893306,1.286758,-0.636802
1.888629,1.28442,-0.638264
1.88746,1.281497,-0.638848
1.890675,1.284127,-0.638264
1.88746,1.285004,-0.642356
1.888337,1.282666,-0.639579
1.885706,1.289974,-0.639871
1.889214,1.282958,-0.63651
1.89126,1.283835,-0.63461
1.888921,1.292312,-0.634171
1.886875,1.282958,-0.642064
1.887752,1.286758,-0.635779
1.884829,1.279158,-0.641187
1.887752,1.283835,-0.636217
1.888629,1.28822,-0.640602
1.888337,1.288512,-0.638848
1.878983,1.283543,-0.635779
1.890675,1.289389,-0.634902
1.896521,1.283251,-0.645425
1.897691,1.294651,-0.625256
1.888044,1.284712,-0.634464
1.890091,1.287928,-0.641333
1.883367,1.288512,-0.631687
1.891845,1.28442,-0.635048
1.883075,1.289681,-0.636071
1.88746,1.286174,-0.62964
1.886583,1.28062,-0.635487
1.892721,1.284127,-0.624671
1.89126,1.285589,-0.635194
1.885998,1.290558,-0.633733
1.887752,1.290266,-0.624525
1.884244,1.289389,-0.626279
1.88746,1.283543,-0.632125
1.889214,1.288512,-0.642941
1.886583,1.293189,-0.634025
1.885706,1.286466,-0.630225
1.886291,1.299912,-0.635779
1.880737,1.287928,-0.633879
1.886583,1.293189,-0.637971
1.881906,1.298451,-0.636217
1.888337,1.288512,-0.628471
1.884244,1.282666,-0.64411
1.878398,1.289974,-0.630517
1.893306,1.289681,-0.645718
1.880152,1.288804,-0.637533
1.880444,1.294358,-0.63461
1.890091,1.291435,-0.642356
1.888629,1.289974,-0.642502
1.883367,1.287051,-0.641333
1.887167,1.292604,-0.641771
1.883952,1.290266,-0.643525
1.884537,1.287928,-0.644402
1.888337,1.287928,-0.635194
1.888921,1.298158,-0.647179
1.888921,1.289097,-0.645425
1.895645,1.287343,-0.626279
1.889506,1.291143,-0.641625
1.888921,1.290558,-0.67261
1.89506,1.291435,-0.636656
1.878398,1.286758,-0.633587
1.888921,1.291728,-0.644256
1.886583,1.282081,-0.643671
1.887167,1.286174,-0.630225
1.887752,1.288512,-0.647764
1.891845,1.282666,-0.637825
1.885998,1.287635,-0.635925
1.885121,1.285004,-0.642648
1.886583,1.293774,-0.64601
1.891552,1.284127,-0.64601
1.889798,1.288804,-0.636217
1.885706,1.282374,-0.639287
1.888044,1.290558,-0.623063
1.893598,1.281204,-0.640164
1.884829,1.289681,-0.645133
1.889506,1.288804,-0.638556
1.89506,1.285297,-0.638994
1.886291,1.288804,-0.641333
1.88746,1.294066,-0.625256
1.893598,1.29202,-0.635779
1.891552,1.291143,-0.640894
1.887167,1.284712,-0.633294
1.888921,1.289681,-0.641625
1.886583,1.292604,-0.644402
1.884829,1.290558,-0.638556
1.890675,1.287343,-0.639871
1.886291,1.291435,-0.648348
1.888044,1.286758,-0.635048
1.884829,1.290558,-0.646156
1.886291,1.289097,-0.637533
1.892429,1.282666,-0.640894
1.87869,1.293189,-0.635341
1.886583,1.287343,-0.635925
1.885121,1.286174,-0.639871
1.885706,1.28442,-0.643379
1.886291,1.285589,-0.64221
1.884537,1.287928,-0.639725
1.888044,1.285589,-0.640602
1.88366,1.287343,-0.636948
1.890383,1.287928,-0.638264
1.891845,1.290266,-0.641187
1.889798,1.287635,-0.639871
1.882491,1.285881,-0.633587
1.884244,1.289389,-0.644256
1.890675,1.283251,-0.654487
1.890968,1.285589,-0.635633
1.888629,1.29582,-0.638556
1.879275,1.283251,-0.632271
1.888044,1.286174,-0.645425
1.884829,1.289974,-0.63344
1.893891,1.286758,-0.639141
1.891552,1.277989,-0.643818
1.888921,1.29202,-0.645133
1.880737,1.291728,-0.642941
1.882783,1.287343,-0.636802
1.890091,1.287635,-0.641479
1.893014,1.280327,-0.628325
1.889506,1.286466,-0.650979
1.885121,1.277112,-0.636656
1.880737,1.282081,-0.642794
1.885706,1.283835,-0.643233
1.893014,1.286466,-0.653318
1.891552,1.291143,-0.650541
1.888044,1.286466,-0.638848
1.88746,1.291143,-0.641041
1.884537,1.292897,-0.649079
1.884537,1.286174,-0.637679
1.87986,1.281204,-0.645571
1.879567,1.288512,-0.641918
1.890383,1.276235,-0.637387
1.886291,1.290851,-0.635779
1.886583,1.289681,-0.637241
1.885706,1.286174,-0.649225
1.892429,1.285297,-0.637971
1.882783,1.293189,-0.62511
1.883952,1.284712,-0.635341
1.892137,1.286174,-0.636802
1.890968,1.285881,-0.64031
1.887167,1.283543,-0.635925
1.889214,1.289974,-0.639141
1.889214,1.288804,-0.606694
1.892429,1.286758,-0.629056
1.89126,1.286758,-0.628325
1.889214,1.285881,-0.640894
1.885998,1.28442,-0.644841
1.886875,1.278574,-0.645133
1.886875,1.279743,-0.634902
1.886583,1.282958,-0.637241
1.882198,1.287343,-0.642941
1.882198,1.281789,-0.659602
1.886875,1.286758,-0.641479
1.886291,1.286174,-0.646302
1.898275,1.290558,-0.640894
1.88746,1.287343,-0.643671
1.881906,1.285004,-0.643379
1.882491,1.289097,-0.641771
1.881614,1.28822,-0.648495
1.884537,1.286174,-0.636948
1.890675,1.291435,-0.630517
1.882783,1.29582,-0.643087
1.891552,1.291728,-0.64221
1.886875,1.289389,-0.640748
1.890968,1.285881,-0.645279
1.885414,1.286758,-0.643233
1.882783,1.293481,-0.652295
1.895352,1.293481,-0.641625
1.883367,1.289974,-0.649225
1.886875,1.285004,-0.642941
1.889798,1.290851,-0.654779
1.890675,1.276235,-0.63841
1.891552,1.290558,-0.64411
1.883952,1.294651,-0.641187
1.894768,1.289974,-0.635487
1.888044,1.294066,-0.640018
1.889214,1.287051,-0.63841
1.892429,1.287051,-0.639725
1.887167,1.288512,-0.641625
1.893598,1.282081,-0.631102
1.887167,1.28062,-0.643525
1.893891,1.286174,-0.648641
1.89506,1.285589,-0.640748
1.885998,1.287635,-0.640164
1.88366,1.28822,-0.647325
1.885414,1.283251,-0.656241
1.890091,1.289097,-0.603186
1.892137,1.290851,-0.641771
1.890968,1.283835,-0.649372
1.887167,1.289097,-0.638264
1.882783,1.295235,-0.637971
1.886583,1.286758,-0.647471
1.889798,1.286758,-0.643379
1.892429,1.292604,-0.648056
1.88746,1.287343,-0.647033
1.889798,1.286758,-0.64601
1.882198,1.289681,-0.648495
1.885998,1.285589,-0.63461
1.892429,1.287928,-0.646156
1.882491,1.290266,-0.650687
1.889798,1.294066,-0.643087
1.882783,1.287635,-0.641041
1.889214,1.288804,-0.644841
1.888629,1.287343,-0.646448
1.883075,1.288512,-0.645279
1.887752,1.291435,-0.644548
1.885121,1.29202,-0.641918
1.888921,1.285004,-0.643087
1.888629,1.285881,-0.657556
1.88746,1.285589,-0.631979
1.890091,1.282958,-0.634902
1.89126,1.285881,-0.640164
1.886875,1.288804,-0.631394
1.893891,1.280327,-0.643671
1.892429,1.287635,-0.641918
1.889798,1.287928,-0.654049
1.890675,1.290558,-0.634902
1.885121,1.289974,-0.641625
1.882491,1.289974,-0.639725
1.888044,1.28442,-0.639433
1.88746,1.286758,-0.649518
1.884829,1.283251,-0.634317
1.888921,1.289097,-0.640018
1.893014,1.287928,-0.641625
1.890383,1.285881,-0.647033
1.890091,1.285589,-0.646156
1.888337,1.29202,-0.643964
1.889798,1.283543,-0.642356
1.894183,1.285881,-0.645864
1.892429,1.289389,-0.634025
1.894183,1.28442,-0.642794
1.889214,1.282958,-0.634317
1.890383,1.288512,-0.645571
1.88746,1.282666,-0.646887
1.891552,1.292312,-0.651564
1.88746,1.283251,-0.637387
1.887167,1.286174,-0.62014
1.881614,1.285004,-0.635633
1.888337,1.289974,-0.637971
1.885998,1.28822,-0.646156
1.892137,1.280035,-0.638702
1.89126,1.283835,-0.632564
1.893014,1.283251,-0.642794
1.887167,1.285297,-0.635341
1.889506,1.283835,-0.640164
1.897398,1.286758,-0.64221
1.885706,1.287635,-0.640748
1.884829,1.283251,-0.639725
1.888337,1.287635,-0.633587
1.888044,1.29202,-0.637241
1.893306,1.283251,-0.641333
1.888044,1.287928,-0.631833
1.89126,1.289389,-0.635341
1.893014,1.289389,-0.650102
1.894768,1.286758,-0.637825
1.894475,1.28822,-0.648495
1.892137,1.284127,-0.638994
1.892721,1.281204,-0.647471
1.890091,1.28442,-0.645133
1.893598,1.277989,-0.643379
1.889214,1.283835,-0.645571
1.894768,1.27945,-0.655218
1.890383,1.290851,-0.636948
1.893598,1.283251,-0.634171
1.892721,1.283251,-0.642941
1.890675,1.290851,-0.637825
1.884537,1.293774,-0.644695
1.88366,1.28442,-0.633733
1.889798,1.285589,-0.667933
1.891845,1.294943,-0.639579
1.884537,1.285297,-0.636071
1.886583,1.28062,-0.641918
1.885706,1.281789,-0.641041
1.888921,1.284712,-0.643525
1.87869,1.288512,-0.637094
1.884829,1.286174,-0.639141
1.887167,1.28822,-0.641041
1.883952,1.286466,-0.640602
1.884829,1.285589,-0.641771
1.88746,1.285297,-0.644841
1.882783,1.284712,-0.637094
1.882491,1.287635,-0.642064
1.885998,1.285589,-0.646448
1.886583,1.288804,-0.643964
1.894768,1.289974,-0.64791
1.884829,1.283251,-0.645425
1.888921,1.286174,-0.642941
1.888629,1.289389,-0.647471
1.882783,1.286174,-0.653025
1.885121,1.282666,-0.639725
1.886583,1.290558,-0.643087
1.885414,1.287051,-0.633002
1.888921,1.288512,-0.639141
1.887752,1.287635,-0.642794
1.885998,1.290558,-0.641041
1.895937,1.287928,-0.640602
1.890383,1.287343,-0.635779
1.876937,1.283543,-0.642794
1.890091,1.285297,-0.65361
1.888921,1.281204,-0.634317
1.886583,1.290266,-0.638994
1.887167,1.286466,-0.635048
1.887167,1.287928,-0.641479
1.882491,1.286758,-0.643964
1.891845,1.286758,-0.629202
1.881906,1.282081,-0.647471
1.885414,1.284712,-0.643233
1.889506,1.27945,-0.644548
1.891845,1.287051,-0.639287
1.889798,1.283835,-0.631394
1.884537,1.282958,-0.66998
1.883952,1.283251,-0.641479
1.884829,1.284712,-0.643964
1.88366,1.287928,-0.635048
1.885121,1.288804,-0.646302
1.885414,1.282666,-0.637387
1.886291,1.292312,-0.635487
1.882491,1.287051,-0.641041
1.881906,1.287051,-0.638264
1.881321,1.282374,-0.640894
1.886291,1.283543,-0.64221
1.878106,1.284712,-0.641041
1.887167,1.282081,-0.634464
1.88366,1.283251,-0.647033
1.886583,1.284712,-0.639871
1.885414,1.281204,-0.637679
1.880737,1.283835,-0.639871
1.881906,1.283543,-0.643818
1.883367,1.288804,-0.647618
1.88366,1.28062,-0.646156
1.87986,1.289389,-0.640602
1.884829,1.287928,-0.639287
1.88366,1.291728,-0.64031
1.887167,1.284712,-0.640018
1.89126,1.286174,-0.639141
1.885414,1.28442,-0.641041
1.884244,1.290558,-0.630517
1.883075,1.282081,-0.63651
1.880737,1.289974,-0.637387
1.878983,1.284712,-0.639433
1.887167,1.282081,-0.636948
1.889214,1.281789,-0.63841
1.884829,1.285881,-0.641187
1.884829,1.287928,-0.638264
1.885414,1.289974,-0.640602
1.884537,1.287635,-0.641187
1.889506,1.282958,-0.64411
1.886875,1.283835,-0.646448
1.887167,1.286174,-0.639433
1.886583,1.282374,-0.63271
1.884244,1.301958,-0.637094
1.866998,1.324174,-0.660479
1.850044,1.365683,-0.673633
1.834844,1.400468,-0.708711
1.817889,1.438761,-0.74905
1.788074,1.491669,-0.781204
1.778427,1.5057,-0.826951
1.76995,1.514762,-0.846828
1.768489,1.510377,-0.870944
1.76615,1.503654,-0.876498
1.770243,1.4829,-0.895937
1.77492,1.457469,-0.898129
1.787781,1.425022,-0.894621
1.804443,1.387314,-0.879275
1.821397,1.348144,-0.859982
1.832505,1.322713,-0.846536
1.842444,1.310728,-0.843613
1.849167,1.296405,-0.82359
1.845075,1.282374,-0.830897
1.851505,1.272143,-0.808974
1.865536,1.262496,-0.806197
1.862613,1.253142,-0.815405
1.870506,1.245542,-0.792605
1.870213,1.226542,-0.803128
1.869921,1.237065,-0.788658
1.874013,1.233557,-0.785589
1.877521,1.229465,-0.783397
1.878106,1.228588,-0.786758
1.883075,1.227419,-0.774481
1.879275,1.219819,-0.779597
1.881614,1.218065,-0.77492
1.885121,1.22245,-0.772873
1.889506,1.224496,-0.771266
1.894768,1.220111,-0.777112
1.885121,1.21368,-0.782374
1.888921,1.20988,-0.774189
1.885706,1.210465,-0.769804
1.884829,1.209296,-0.776089
1.884829,1.207249,-0.778427
1.885998,1.217773,-0.765566
1.895937,1.206372,-0.760158
1.893306,1.210465,-0.769658
1.889798,1.215726,-0.776527
1.889506,1.206665,-0.775212
1.882491,1.212511,-0.778281
1.888629,1.210465,-0.767758
1.89126,1.213096,-0.776527
1.884537,1.205495,-0.777697
1.885414,1.211342,-0.764981
1.889798,1.212511,-0.776235
1.885706,1.203742,-0.783981
1.882491,1.208711,-0.769658
1.893014,1.204326,-0.770096
1.888044,1.210465,-0.767904
1.891552,1.214557,-0.776381
1.891552,1.212803,-0.774481
1.886291,1.203449,-0.763081
1.890675,1.207249,-0.775066
1.891552,1.206665,-0.770827
1.893891,1.212219,-0.772289
1.887752,1.21368,-0.775212
1.889798,1.214557,-0.77945
1.897983,1.215434,-0.77492
1.888629,1.206372,-0.768343
1.885414,1.205203,-0.776089
1.886291,1.208711,-0.781643
1.881614,1.223327,-0.783689
1.863783,1.239988,-0.815551
1.859105,1.277697,-0.83689
1.825782,1.328267,-0.866998
1.806489,1.381467,-0.87869
1.786612,1.43116,-0.888921
1.775797,1.463899,-0.900906
1.774335,1.487869,-0.883514
1.768196,1.508039,-0.878106
1.761766,1.507162,-0.855598
1.771412,1.515931,-0.850336
1.772289,1.514762,-0.808682
1.79392,1.489331,-0.787489
1.800058,1.462146,-0.75095
1.818766,1.431453,-0.722742
1.837474,1.397545,-0.703303
1.846244,1.384975,-0.700234
1.84449,1.376206,-0.685618
1.847705,1.371529,-0.686495
1.858521,1.364221,-0.677141
1.866121,1.348728,-0.662087
1.866706,1.337621,-0.668664
1.87226,1.330605,-0.662087
1.874306,1.324467,-0.656387
1.871967,1.316866,-0.649664
1.87226,1.308389,-0.661941
1.873429,1.308389,-0.649225
1.876937,1.30722,-0.652733
1.878983,1.304005,-0.651564
1.878398,1.297866,-0.64981
1.87606,1.299912,-0.644402
1.879567,1.299328,-0.641479
1.87606,1.299912,-0.647618
1.888337,1.29582,-0.646448
1.886875,1.293189,-0.638264
1.891845,1.301666,-0.642356
1.88746,1.294066,-0.650102
1.886875,1.291435,-0.637679
1.885414,1.29582,-0.643525
1.888921,1.290266,-0.643818
1.894183,1.297282,-0.64031
1.883367,1.285881,-0.653025
1.895352,1.287343,-0.637241
1.884244,1.286174,-0.642064
1.884244,1.287343,-0.641918
1.89126,1.285589,-0.645718
1.890968,1.281789,-0.640456
1.883075,1.289974,-0.63841
1.893598,1.290266,-0.645279
1.88746,1.290266,-0.636802
1.897691,1.27682,-0.636802
1.894183,1.286758,-0.64411
1.894768,1.288512,-0.630956
1.889506,1.282958,-0.642941
1.88746,1.284712,-0.641625
1.890968,1.28062,-0.635341
1.890383,1.289389,-0.637094
1.893306,1.290266,-0.631394
1.89126,1.27945,-0.638264
1.888044,1.282958,-0.639871
1.901783,1.288512,-0.636656
1.893014,1.284712,-0.642794
1.895645,1.289681,-0.645718
1.891845,1.285004,-0.637533
1.89126,1.289389,-0.642794
1.896229,1.294066,-0.646595
1.893014,1.285004,-0.649956
1.888921,1.284127,-0.652587
1.892137,1.286174,-0.641479
1.89126,1.287051,-0.638556
1.899445,1.283251,-0.648787
1.888044,1.286174,-0.641479
1.897691,1.282666,-0.647471
1.890675,1.279743,-0.643964
1.886875,1.281789,-0.638848
1.888921,1.278866,-0.640602
1.893598,1.282081,-0.641479
1.89506,1.289389,-0.63081
1.894183,1.287343,-0.64791
1.886291,1.28822,-0.641479
1.893598,1.284127,-0.645571
1.888337,1.286174,-0.637825
1.885121,1.282374,-0.643379
1.892721,1.285881,-0.643525
1.890383,1.286466,-0.637825
1.89126,1.283835,-0.640018
1.887167,1.288512,-0.643379
1.888044,1.280327,-0.643087
1.883075,1.282666,-0.645718
1.892721,1.286758,-0.644987
1.889506,1.282666,-0.652733
1.890968,1.284712,-0.647471
1.888044,1.289974,-0.629933
1.89126,1.282374,-0.639871
1.884537,1.28822,-0.636217
1.890675,1.283543,-0.638994
1.88366,1.283835,-0.648202
1.88746,1.289681,-0.643233
1.885998,1.292604,-0.638264
1.890675,1.279158,-0.635633
1.885706,1.294651,-0.645133
1.890383,1.289097,-0.642648
1.893891,1.287051,-0.634756
1.889214,1.287928,-0.62701
1.886583,1.279743,-0.642064
1.893891,1.287928,-0.653464
1.891552,1.287928,-0.642648
1.888044,1.289097,-0.642502
1.880152,1.295235,-0.645571
1.882783,1.289974,-0.63271
1.892721,1.287635,-0.645425
1.88746,1.289389,-0.645133
1.893598,1.286758,-0.638702
1.887752,1.285881,-0.645133
1.890968,1.289974,-0.655656
1.889506,1.282958,-0.640602
1.894475,1.285881,-0.643233
1.892429,1.282374,-0.637825
1.886875,1.29202,-0.648787
1.884829,1.28822,-0.64791
1.888921,1.285589,-0.648348
1.895645,1.282666,-0.636802
1.893891,1.28822,-0.645718
1.894183,1.292897,-0.653902
1.88746,1.281204,-0.638264
1.888337,1.286758,-0.631687
1.891845,1.288512,-0.643087
1.89126,1.286758,-0.643379
1.890675,1.287928,-0.639141
1.888629,1.292312,-0.652441
1.89506,1.28442,-0.648348
1.890968,1.290558,-0.65361
1.893598,1.284712,-0.651564
1.889506,1.291143,-0.643087
1.882783,1.286758,-0.656095
1.890383,1.288804,-0.64981
1.890675,1.282081,-0.641771
1.890091,1.286758,-0.652295
1.889214,1.281497,-0.645133
1.888044,1.284127,-0.645718
1.888337,1.286174,-0.647033
1.890968,1.292604,-0.631102
1.891552,1.288512,-0.64411
1.887752,1.288804,-0.650833
1.890383,1.289097,-0.641771
1.884244,1.284127,-0.642648
1.890091,1.285004,-0.641918
1.89506,1.282666,-0.635633
1.893891,1.282958,-0.650248
1.895352,1.289389,-0.655072
1.893014,1.284712,-0.653902
1.900029,1.288512,-0.635925
1.893891,1.280912,-0.635487
1.885414,1.28822,-0.637679
1.89126,1.291143,-0.634464
1.889214,1.27945,-0.630664
1.892137,1.285297,-0.629933
1.893014,1.282958,-0.652148
1.888337,1.28822,-0.643233
1.890091,1.288512,-0.636802
1.890675,1.28062,-0.62964
1.892429,1.285297,-0.60304
1.891845,1.285004,-0.640748
1.893598,1.285004,-0.647033
1.890675,1.284712,-0.636217
1.888044,1.290266,-0.640602
1.895352,1.287635,-0.635341
1.884537,1.289974,-0.655218
1.888337,1.288512,-0.643379
1.889214,1.28822,-0.647325
1.885998,1.28062,-0.64221
1.884829,1.289097,-0.64221
1.893014,1.285004,-0.64031
1.886875,1.290851,-0.649956
1.886875,1.286466,-0.642648
1.890383,1.285004,-0.653172
1.884829,1.290266,-0.646887
1.888337,1.285297,-0.643964
1.892429,1.286466,-0.636071
1.894183,1.289097,-0.640602
1.891845,1.286466,-0.648495
1.892137,1.289389,-0.646448
1.893306,1.293189,-0.644841
1.891845,1.280327,-0.649956
1.885414,1.280327,-0.649079
1.889506,1.284127,-0.650687
1.883952,1.28442,-0.644987
1.888337,1.28822,-0.646887
1.89506,1.287635,-0.639141
1.889214,1.285881,-0.643671
1.89126,1.290266,-0.646887
1.888337,1.285881,-0.65361
1.890675,1.291728,-0.637094
1.890091,1.290266,-0.644402
1.886291,1.287343,-0.646448
1.885121,1.289681,-0.638994
1.890091,1.288804,-0.636802
1.897398,1.29202,-0.646156
1.889214,1.28822,-0.639871
1.895937,1.285589,-0.644548
1.892721,1.280912,-0.640456
1.890383,1.293189,-0.636948
1.896814,1.287051,-0.640164
1.887752,1.289389,-0.641771
1.889798,1.293189,-0.644402
1.889506,1.283543,-0.62701
1.886583,1.287928,-0.645133
1.893306,1.285297,-0.639725
1.886291,1.281204,-0.64411
1.888629,1.285004,-0.634464
1.886875,1.282374,-0.636364
1.897106,1.285297,-0.63154
1.887167,1.280327,-0.63841
1.890675,1.284712,-0.628617
1.885414,1.283543,-0.64411
1.88746,1.287343,-0.640748
1.885414,1.280327,-0.640602
1.890675,1.282374,-0.640456
1.888921,1.280912,-0.645571
1.894183,1.278866,-0.63271
1.878398,1.281204,-0.644841
1.891552,1.28442,-0.643087
1.887167,1.291435,-0.651272
1.89126,1.286466,-0.625256
1.883367,1.288512,-0.644548
1.886875,1.288804,-0.638556
1.884829,1.283835,-0.642356
1.881614,1.283251,-0.647033
1.886291,1.289097,-0.643818
1.87606,1.287928,-0.643233
1.884829,1.28442,-0.640602
1.89126,1.290558,-0.629933
1.893306,1.285297,-0.639433
1.889506,1.289974,-0.640456
1.889506,1.287343,-0.642794
1.893306,1.282081,-0.637971
1.880152,1.290851,-0.638264
1.880152,1.285589,-0.646741
1.892137,1.281497,-0.639433
1.88366,1.276235,-0.644987
1.87986,1.282666,-0.648787
1.877521,1.284127,-0.641918
1.886875,1.287635,-0.648348
1.887167,1.277989,-0.642064
1.886875,1.278866,-0.639871
1.886291,1.291435,-0.654049
1.893891,1.292312,-0.654633
1.893014,1.287051,-0.647179
1.888044,1.282081,-0.638117
1.890383,1.282958,-0.644256
1.891845,1.278574,-0.63841
1.890675,1.287635,-0.641333
1.889798,1.27945,-0.635487
1.893014,1.285589,-0.644841
1.888044,1.282081,-0.641625
1.885414,1.283835,-0.646887
1.887752,1.285297,-0.640602
1.885414,1.28442,-0.64411
1.88746,1.286174,-0.636071
1.888629,1.282081,-0.63461
1.894768,1.285881,-0.637387
1.887167,1.28062,-0.637241
1.894768,1.287928,-0.627594
1.885706,1.291435,-0.633002
1.892429,1.291435,-0.644548
1.888921,1.284712,-0.640894
1.888044,1.279743,-0.630079
1.889506,1.280327,-0.645133
1.888629,1.287928,-0.644841
1.892721,1.286758,-0.637533
1.884829,1.285297,-0.641187
1.892429,1.28442,-0.648202
1.892429,1.278866,-0.64411
1.888629,1.286174,-0.646156
1.891552,1.281204,-0.647618
1.885121,1.27945,-0.639871
1.894183,1.280327,-0.643964
1.887167,1.283251,-0.637387
1.888629,1.28442,-0.640018
1.88746,1.286758,-0.639725
1.888921,1.283835,-0.646448
1.885121,1.283251,-0.644402
1.88746,1.287051,-0.671149
1.883367,1.282958,-0.639579
1.884244,1.284712,-0.640894
1.888337,1.284127,-0.636656
1.884244,1.29202,-0.640018
1.887167,1.288512,-0.631394
1.885414,1.284712,-0.650541
1.889798,1.283835,-0.644548
1.890675,1.283835,-0.657995
1.884537,1.286758,-0.637533
1.886291,1.292604,-0.639579
1.886875,1.287928,-0.625694
1.893598,1.292604,-0.637533
1.894475,1.294943,-0.643525
1.887752,1.291143,-0.651272
1.889506,1.290851,-0.647618
1.889798,1.279158,-0.643964
1.892429,1.293774,-0.639579
1.883075,1.287051,-0.63461
1.884829,1.275066,-0.64031
1.886291,1.281204,-0.64411
1.894768,1.285881,-0.641479
1.880737,1.282374,-0.645425
1.886583,1.28822,-0.650833
1.890091,1.281789,-0.651125
1.884537,1.27682,-0.640748
1.889214,1.284127,-0.645571
1.88746,1.289681,-0.643818
1.887167,1.283251,-0.640018
1.885121,1.278281,-0.64791
1.887752,1.279743,-0.642648
1.882491,1.283251,-0.652587
1.880737,1.286174,-0.635048
1.884244,1.283543,-0.640894
1.888044,1.284712,-0.645864
1.890383,1.282958,-0.646887
1.886583,1.284127,-0.637679
1.891845,1.287635,-0.635779
1.882783,1.283835,-0.642941
1.88746,1.289389,-0.638994
1.888044,1.285297,-0.638264
1.885998,1.283835,-0.647033
1.883075,1.282374,-0.636071
1.888629,1.286758,-0.631687
1.885706,1.283251,-0.636071
1.88746,1.288512,-0.636217
1.88366,1.288512,-0.635048
1.885121,1.282666,-0.63841
1.882491,1.287928,-0.64031
1.883367,1.286466,-0.649372
1.879275,1.284712,-0.655656
1.882198,1.282958,-0.637971
1.884244,1.28062,-0.64031
1.885121,1.285589,-0.645864
1.885121,1.28442,-0.641918
1.892137,1.291728,-0.635779
1.884829,1.285881,-0.633879
1.891845,1.283835,-0.649372
1.884829,1.283251,-0.65171
1.890383,1.28062,-0.640894
1.885414,1.284712,-0.626717
1.884829,1.27945,-0.632417
1.893014,1.286174,-0.633733
1.890968,1.284712,-0.63651
1.890675,1.284712,-0.635341
1.889506,1.287343,-0.636217
1.891552,1.288804,-0.657702
1.889506,1.290266,-0.638848
1.892429,1.28442,-0.637094
1.890675,1.291435,-0.648202
1.888629,1.292604,-0.643087
1.900614,1.288512,-0.647618
1.888921,1.283835,-0.606548
1.895352,1.289097,-0.633148
1.891845,1.282081,-0.63651
1.888044,1.28822,-0.636802
1.898568,1.29202,-0.64601
1.890383,1.285881,-0.638994
1.889214,1.285297,-0.643525
1.89506,1.291728,-0.649372
1.89506,1.285589,-0.645718
1.893891,1.287051,-0.632271
1.890091,1.283835,-0.643233
1.890968,1.287343,-0.643818
1.889506,1.286174,-0.640602
1.890675,1.278574,-0.644256
1.887752,1.287051,-0.637387
1.885121,1.286174,-0.640602
1.890968,1.287928,-0.641918
1.892721,1.280035,-0.643671
1.894183,1.287928,-0.639287
1.889798,1.283543,-0.638264
1.882491,1.283835,-0.646156
1.88366,1.286466,-0.657118
1.884537,1.28822,-0.641333
1.886291,1.293481,-0.645425
1.889798,1.290558,-0.64221
1.883367,1.286758,-0.634464
1.889506,1.282958,-0.650395
1.886291,1.287635,-0.635048
1.884829,1.288512,-0.646302
1.888629,1.292312,-0.637533
1.885414,1.293189,-0.635487
1.889506,1.287051,-0.641918
1.890383,1.287343,-0.641918
1.89506,1.283835,-0.63841
1.893891,1.286758,-0.643671
1.893014,1.288512,-0.633587
1.893306,1.291143,-0.641479
1.893598,1.28822,-0.64221
1.893306,1.28442,-0.629202
1.890675,1.284712,-0.637241
1.886291,1.287635,-0.640018
1.894768,1.288804,-0.651564
1.897398,1.289974,-0.636802
1.885414,1.291143,-0.640894
1.886875,1.283835,-0.642648
1.89126,1.285589,-0.672172
1.891845,1.289097,-0.644256
1.893891,1.282374,-0.635048
1.893598,1.287343,-0.637679
1.890968,1.283251,-0.630079
1.888044,1.286758,-0.643233
1.893598,1.290266,-0.628325
1.893014,1.279743,-0.638556
1.89126,1.282374,-0.648056
1.890968,1.286466,-0.641333
1.890383,1.28442,-0.636948
1.888337,1.284127,-0.632417
1.884829,1.285881,-0.629202
1.890091,1.285297,-0.646448
1.886291,1.287635,-0.640894
1.887752,1.285589,-0.636071
1.889506,1.290266,-0.634756
1.890091,1.283835,-0.62964
1.886291,1.287635,-0.635048
1.888629,1.289097,-0.630371
1.892429,1.283835,-0.62891
1.886583,1.287635,-0.63651
1.888337,1.287343,-0.643087
1.888337,1.285881,-0.643671
1.894183,1.283835,-0.640164
1.888337,1.284712,-0.639871
1.883952,1.28442,-0.643087
1.883075,1.286758,-0.639287
1.88746,1.288804,-0.647179
1.889214,1.286174,-0.64031
1.891845,1.289974,-0.635341
1.890968,1.283251,-0.632564
1.886291,1.278574,-0.630664
1.881906,1.282081,-0.638994
1.887752,1.287635,-0.644841
1.89126,1.284127,-0.634464
1.88746,1.28442,-0.640602
1.882783,1.284127,-0.644695
1.894768,1.286758,-0.636217
1.892721,1.286174,-0.64411
1.887752,1.27682,-0.634756
1.889214,1.285881,-0.640456
1.889506,1.280327,-0.645425
1.888337,1.283835,-0.63271
1.893598,1.287635,-0.640894
1.886291,1.289097,-0.64601
1.884829,1.286758,-0.641187
1.877813,1.285589,-0.641479
1.882491,1.282958,-0.633733
1.893598,1.278574,-0.640894
1.888921,1.285881,-0.642064
1.882783,1.290851,-0.629202
1.888921,1.284712,-0.638994
1.885414,1.273897,-0.640894
1.88366,1.27945,-0.627302
1.889214,1.285297,-0.637971
1.888629,1.280035,-0.636364
1.887752,1.28062,-0.642356
1.887752,1.280327,-0.646156
1.889506,1.281497,-0.641479
1.886583,1.275066,-0.639141
1.886291,1.291435,-0.636364
1.876352,1.308097,-0.652148
1.862321,1.354575,-0.660772
1.84069,1.390821,-0.702572
1.817889,1.436714,-0.729465
1.796258,1.470915,-0.771996
1.781935,1.498685,-0.804735
1.772581,1.515346,-0.832797
1.762935,1.508916,-0.856475
1.761181,1.508916,-0.877375
1.767319,1.489915,-0.873137
1.783104,1.469746,-0.888775
1.787197,1.437591,-0.899883
1.800351,1.401637,-0.885852
1.812628,1.361882,-0.870798
1.827828,1.330605,-0.858229
1.838644,1.311897,-0.851359
1.84449,1.296112,-0.832067
1.846244,1.272727,-0.836305
1.859105,1.280035,-0.854575
1.864367,1.258696,-0.822859
1.863783,1.25285,-0.820082
1.869921,1.240573,-0.801082
1.873721,1.27185,-0.801374
1.883367,1.23765,-0.801228
1.886875,1.227711,-0.784858
1.879567,1.225957,-0.792605
1.890383,1.227127,-0.776381
1.884244,1.21748,-0.781497
1.88366,1.22128,-0.777404
1.882491,1.216019,-0.781935
1.884244,1.220403,-0.78135
1.891845,1.211926,-0.778427
1.885706,1.213096,-0.777404
1.880152,1.22128,-0.76615
1.886875,1.213096,-0.771704
1.89506,1.212219,-0.773312
1.885998,1.209003,-0.76732
1.884244,1.211926,-0.765858
1.891845,1.215726,-0.769512
1.888337,1.212803,-0.779597
1.888337,1.210757,-0.767027
1.883075,1.20988,-0.769804
1.884537,1.212511,-0.763666
1.890383,1.209003,-0.765419
1.89506,1.207542,-0.766589
1.887167,1.204326,-0.775797
1.887752,1.213388,-0.762643
1.886291,1.211926,-0.764396
1.885121,1.21368,-0.77112
1.88746,1.21368,-0.778281
1.887752,1.206665,-0.764981
1.892137,1.208711,-0.765566
1.884829,1.218942,-0.766589
1.886875,1.220111,-0.772727
1.883367,1.214265,-0.769512
1.886583,1.204619,-0.77755
1.892429,1.210172,-0.765712
1.890383,1.217188,-0.78062
1.890091,1.211926,-0.77302
1.886583,1.210465,-0.763812
1.891845,1.209296,-0.768343
1.885998,1.208419,-0.773604
1.900322,1.208711,-0.753873
1.888921,1.209296,-0.762496
1.896521,1.202865,-0.773897
1.887752,1.209296,-0.770535
1.890968,1.210757,-0.767612
1.894475,1.210757,-0.775358
1.890968,1.211926,-0.761619
1.893598,1.211926,-0.772873
1.884537,1.207542,-0.774043
1.886583,1.208419,-0.783251
1.891552,1.202865,-0.765858
1.89506,1.201988,-0.776966
1.882491,1.205203,-0.757966
1.888044,1.209588,-0.763081
1.888044,1.216603,-0.771996
1.890091,1.200526,-0.771996
1.886583,1.208419,-0.777112
1.886875,1.207834,-0.767758
1.890383,1.212511,-0.769804
1.891845,1.211634,-0.761473
1.894475,1.20228,-0.767173
1.890383,1.208419,-0.76615
1.888921,1.204326,-0.767758
1.881614,1.212219,-0.770535
1.893598,1.207834,-0.770535
1.885121,1.212219,-0.775358
1.895352,1.21368,-0.771266
1.887752,1.211926,-0.760742
1.886583,1.20988,-0.76425
1.88366,1.206957,-0.77302
1.886583,1.206957,-0.774335
1.888629,1.207542,-0.766735
1.88366,1.211342,-0.77492
1.885414,1.209296,-0.773897
1.885706,1.210172,-0.770535
1.894768,1.210465,-0.77302
1.878106,1.204619,-0.774043
1.895352,1.200818,-0.776673
1.895937,1.205788,-0.782958
1.888044,1.210172,-0.775066
1.890091,1.210757,-0.776089
1.894475,1.206665,-0.775212
1.89126,1.207542,-0.776966
1.885706,1.207834,-0.774189
1.890091,1.208419,-0.775943
1.877229,1.201111,-0.772435
1.883075,1.205203,-0.774627
1.882491,1.208126,-0.760012
1.890675,1.207249,-0.763227
1.886291,1.206957,-0.769804
1.887167,1.211342,-0.777697
1.881906,1.209003,-0.781935
1.884537,1.208126,-0.769804
1.883367,1.204326,-0.777697
1.886583,1.213388,-0.779012
1.885414,1.204326,-0.773897
1.888044,1.207834,-0.780912
1.881321,1.216019,-0.784274
1.892721,1.210757,-0.783251
1.886875,1.213973,-0.76732
1.89126,1.210757,-0.766735
1.890091,1.210757,-0.76922
1.890091,1.210757,-0.770243
1.881906,1.216311,-0.766004
1.889214,1.217188,-0.777843
1.88366,1.208126,-0.781058
1.886583,1.207249,-0.766443
1.887752,1.210172,-0.763812
1.887167,1.218065,-0.772143
1.882783,1.223327,-0.778281
1.871967,1.243496,-0.792166
1.865244,1.27302,-0.820374
1.838644,1.317743,-0.842882
1.815843,1.36919,-0.873721
1.795381,1.414499,-0.886291
1.787197,1.46273,-0.888337
1.776089,1.483192,-0.882491
1.767904,1.503946,-0.875037
1.768196,1.507746,-0.867144
1.77492,1.515931,-0.840251
1.77375,1.516516,-0.819351
1.788951,1.486115,-0.785297
1.802105,1.473838,-0.764835
1.80912,1.456299,-0.758989
1.809705,1.450745,-0.736042
1.812628,1.442268,-0.721134
1.818766,1.430868,-0.734288
1.817889,1.41596,-0.726688
1.832213,1.407776,-0.711634
1.837767,1.40456,-0.697165
1.841274,1.401345,-0.706665
1.845075,1.391406,-0.686934
1.846536,1.386437,-0.685764
1.852675,1.380883,-0.700526
1.849752,1.382929,-0.675241
1.847998,1.381467,-0.681818
1.84829,1.381175,-0.689857
1.847998,1.379714,-0.68328
1.846244,1.365975,-0.679772
1.851798,1.364806,-0.677726
1.851505,1.370944,-0.684449
1.851798,1.364221,-0.688249
1.847998,1.36919,-0.681234
1.848875,1.370944,-0.676264
1.856475,1.371236,-0.683864
1.849459,1.368021,-0.67831
1.851213,1.364513,-0.674949
1.850921,1.37036,-0.686057
1.857352,1.367729,-0.673487
1.852675,1.364513,-0.671733
1.854136,1.364806,-0.681818
1.852382,1.364806,-0.68518
1.852967,1.364806,-0.671587
1.850628,1.365098,-0.684741
1.845951,1.363344,-0.676264
1.851798,1.364221,-0.67188
1.852382,1.360421,-0.669249
1.846828,1.368021,-0.669687
1.851798,1.366267,-0.673926
1.851213,1.354575,-0.688103
1.850628,1.363636,-0.676703
1.848875,1.362175,-0.684011
1.846244,1.365975,-0.672464
1.856767,1.365098,-0.678164
1.849752,1.369775,-0.693511
1.84829,1.365975,-0.67451
1.850921,1.361298,-0.677141
1.854136,1.365975,-0.688249
1.845951,1.360129,-0.684303
1.850336,1.36539,-0.679334
1.852675,1.362759,-0.670856
1.850336,1.367729,-0.666033
1.852967,1.368898,-0.643964
1.857936,1.360129,-0.67758
1.852382,1.368606,-0.676557
1.850336,1.358375,-0.675095
1.848582,1.36656,-0.676703
1.848582,1.359544,-0.680795
1.847121,1.358082,-0.676703
1.84829,1.359252,-0.678018
1.850921,1.356036,-0.671733
1.849752,1.356621,-0.671149
1.852967,1.360421,-0.67948
1.841859,1.357498,-0.672756
1.845951,1.356913,-0.66998
1.85209,1.361882,-0.67831
1.847121,1.364221,-0.682403
1.852382,1.36159,-0.670564
1.849752,1.366267,-0.675972
1.848582,1.363344,-0.68211
1.846536,1.365098,-0.673487
1.848875,1.362759,-0.668518
1.849459,1.363929,-0.674364
1.840982,1.363052,-0.680064
1.847998,1.355452,-0.678457
1.853259,1.355744,-0.68138
1.849459,1.364221,-0.690588
1.845075,1.36159,-0.677287
1.849459,1.36159,-0.672903
1.853259,1.365975,-0.679041
1.854721,1.363052,-0.682841
1.847121,1.36656,-0.671587
1.848582,1.361006,-0.684157
1.847705,1.36919,-0.674657
1.849167,1.365683,-0.670564
1.841859,1.358959,-0.657702
1.84829,1.359836,-0.681818
1.850921,1.358959,-0.676995
1.852675,1.365098,-0.675241
1.849752,1.363636,-0.686641
1.851213,1.359836,-0.678749
1.850044,1.363344,-0.681087
1.850044,1.362175,-0.679772
1.853552,1.359544,-0.687957
1.855598,1.366852,-0.680941
1.849167,1.365683,-0.683718
1.849167,1.355159,-0.682403
1.847998,1.36919,-0.678018
1.853552,1.362467,-0.677433
1.84449,1.360713,-0.670418
1.852967,1.356621,-0.682257
1.856767,1.356913,-0.675533
1.850336,1.358667,-0.685326
1.854721,1.360713,-0.682549
1.854429,1.355744,-0.684157
1.850628,1.363344,-0.682987
1.849167,1.361006,-0.680795
1.850628,1.363636,-0.67758
1.856767,1.362175,-0.685911
1.850044,1.359544,-0.687811
1.852675,1.363344,-0.676557
1.854429,1.367729,-0.686203
1.851798,1.367144,-0.671003
1.857352,1.366852,-0.685034
1.856767,1.359836,-0.679041
1.844782,1.357206,-0.67261
1.856767,1.365683,-0.683134
1.853259,1.362175,-0.673926
1.859982,1.367729,-0.677872
1.850044,1.364221,-0.67641
1.84829,1.358959,-0.680357
1.847121,1.358082,-0.678018
1.850921,1.357498,-0.683718
1.846536,1.360713,-0.672172
1.850628,1.359836,-0.691026
1.849167,1.358667,-0.678895
1.851798,1.361298,-0.688834
1.854429,1.360421,-0.677287
1.858229,1.364221,-0.679918
1.851798,1.359544,-0.685911
1.853259,1.357206,-0.680503
1.848875,1.366852,-0.687372
1.856767,1.35779,-0.678018
1.85209,1.360713,-0.677287
1.853844,1.36159,-0.673487
1.849459,1.359836,-0.683864
1.850628,1.361882,-0.669833
1.847121,1.357206,-0.679334
1.847705,1.356913,-0.675095
1.854721,1.358375,-0.678895
1.843905,1.359836,-0.671295
1.847413,1.362175,-0.684157
1.850921,1.365098,-0.674657
1.841859,1.371236,-0.676995
1.851798,1.358667,-0.677141
1.851798,1.357498,-0.689126
1.853259,1.359252,-0.676118
1.84829,1.358375,-0.680649
1.852967,1.363344,-0.67568
1.852675,1.359252,-0.680649
1.847413,1.359836,-0.677726
1.846536,1.363052,-0.674949
1.850336,1.361006,-0.678749
1.852675,1.358082,-0.690441
1.852967,1.362175,-0.671149
1.848875,1.364806,-0.671149
1.852967,1.36159,-0.688395
1.853552,1.360421,-0.685764
1.850336,1.357498,-0.677872
1.852967,1.354867,-0.684741
1.851213,1.352528,-0.68328
1.855305,1.362759,-0.688395
1.84449,1.360421,-0.683134
1.851213,1.356621,-0.67948
1.856475,1.359544,-0.682841
1.847413,1.365683,-0.670564
1.852382,1.365098,-0.679041
1.846244,1.360421,-0.674949
1.844782,1.361006,-0.674072
1.848875,1.365975,-0.674364
1.855013,1.358667,-0.678749
1.850044,1.361882,-0.685472
1.85209,1.367144,-0.665741
1.846536,1.364221,-0.709296
1.850336,1.35779,-0.672756
1.85969,1.365098,-0.673926
1.850628,1.357206,-0.679772
1.846536,1.360421,-0.685764
1.855013,1.356036,-0.67948
1.845367,1.354575,-0.681672
1.842444,1.356036,-0.685618
1.853552,1.357206,-0.674072
1.842151,1.358667,-0.685326
1.850921,1.361882,-0.673633
1.854429,1.35779,-0.682695
1.855305,1.36159,-0.676264
1.850336,1.363636,-0.681234
1.857936,1.366267,-0.67758
1.857644,1.370067,-0.674949
1.846828,1.358959,-0.676849
1.850628,1.360421,-0.675826
1.853844,1.359252,-0.674364
1.850336,1.356913,-0.678749
1.852675,1.35399,-0.666179
1.857644,1.361882,-0.67451
1.84449,1.361882,-0.665595
1.855305,1.364221,-0.682987
1.850921,1.360713,-0.672172
1.852675,1.361882,-0.684595
1.853552,1.367729,-0.684157
1.852675,1.361006,-0.678018
1.852382,1.363636,-0.674364
1.851505,1.360421,-0.68898
1.847998,1.362759,-0.684741
1.846536,1.352528,-0.678164
1.846828,1.363052,-0.678749
1.849167,1.36539,-0.67641
1.853259,1.358375,-0.683718
1.847705,1.35779,-0.675533
1.84829,1.356621,-0.676995
1.847705,1.351359,-0.68138
1.847413,1.357498,-0.673195
1.847705,1.358667,-0.673487
1.849459,1.355452,-0.683426
1.852382,1.355452,-0.677287
1.853552,1.352821,-0.67758
1.855598,1.362175,-0.677141
1.854721,1.358959,-0.678603
1.859105,1.359252,-0.67831
1.85589,1.352236,-0.675826
1.853259,1.354575,-0.672318
1.85589,1.359836,-0.677726
1.853259,1.361298,-0.680357
1.851505,1.362467,-0.684303
1.85589,1.368021,-0.681818
1.854429,1.362467,-0.67451
1.849752,1.36919,-0.682549
1.856767,1.358959,-0.67071
1.855598,1.359544,-0.686787
1.855598,1.355744,-0.675826
1.851213,1.356036,-0.676118
1.850044,1.361006,-0.678603
1.850628,1.364806,-0.672318
1.850044,1.368021,-0.670272
1.844782,1.360129,-0.68211
1.855598,1.362175,-0.671295
1.848875,1.361882,-0.686057
1.852967,1.365098,-0.678749
1.851505,1.361298,-0.685472
1.855013,1.366267,-0.679334
1.858229,1.356913,-0.684449
1.85589,1.367144,-0.679041
1.857644,1.364513,-0.689711
1.859398,1.358959,-0.68518
1.85589,1.359252,-0.680649
1.853259,1.361882,-0.684887
1.854721,1.358959,-0.683426
1.854721,1.361298,-0.675241
1.857936,1.358082,-0.67568
1.855013,1.361298,-0.684157
1.858229,1.360421,-0.682987
1.850044,1.364513,-0.66311
1.854136,1.363929,-0.673926
1.862613,1.358959,-0.710319
1.85969,1.362175,-0.67451
1.850336,1.357498,-0.662087
1.849459,1.361882,-0.669541
1.857352,1.357498,-0.679626
1.853844,1.365975,-0.67831
1.851798,1.366852,-0.670272
1.851798,1.37036,-0.677287
1.852382,1.363344,-0.669249
1.857644,1.359252,-0.682841
1.857644,1.359836,-0.676557
1.850921,1.359252,-0.672464
1.849459,1.362759,-0.674072
1.854136,1.363636,-0.680357
1.852382,1.360421,-0.671295
1.854429,1.363052,-0.678164
1.855013,1.360713,-0.685326
1.855013,1.369483,-0.680064
1.850921,1.361006,-0.677287
1.854136,1.358959,-0.669687
1.859105,1.364221,-0.673487
1.852675,1.359544,-0.674364
1.855305,1.358375,-0.671295
1.861444,1.359544,-0.673049
1.854721,1.362759,-0.67758
1.863198,1.367436,-0.673341
1.860275,1.368606,-0.660333
1.855305,1.368898,-0.684157
1.850336,1.363052,-0.679626
1.855013,1.364806,-0.679334
1.850336,1.355159,-0.671441
1.855013,1.360421,-0.672318
1.849167,1.362467,-0.673049
1.853844,1.358375,-0.684303
1.858813,1.355452,-0.66881
1.857644,1.361882,-0.671295
1.855305,1.366267,-0.678603
1.852967,1.363344,-0.667349
1.849167,1.355744,-0.685472
1.855598,1.360421,-0.685911
1.856182,1.362175,-0.67451
1.853844,1.360129,-0.678603
1.855598,1.371821,-0.678164
1.854429,1.363344,-0.686934
1.847705,1.361298,-0.663695
1.855598,1.36656,-0.66998
1.854721,1.365683,-0.66121
1.854136,1.369775,-0.677141
1.854429,1.364513,-0.675826
1.853259,1.35779,-0.674803
1.856767,1.361298,-0.676849
1.855013,1.367144,-0.668956
1.850921,1.368606,-0.67188
1.85969,1.365098,-0.667641
1.854429,1.363636,-0.667349
1.858521,1.363929,-0.682403
1.863783,1.365098,-0.678895
1.85589,1.367436,-0.679334
1.851798,1.362759,-0.664718
1.854136,1.367144,-0.677726
1.850921,1.364513,-0.67641
1.852382,1.363929,-0.679187
1.854429,1.359836,-0.669687
1.850628,1.365098,-0.669687
1.854429,1.36159,-0.673049
1.84829,1.359252,-0.672318
1.851213,1.362467,-0.672903
1.855598,1.362467,-0.666033
1.849752,1.362759,-0.673487
1.850921,1.363344,-0.67758
1.852967,1.361298,-0.677872
1.851213,1.369775,-0.682549
1.854721,1.364806,-0.688834
1.857644,1.363929,-0.682695
1.850336,1.368021,-0.685034
1.853259,1.359836,-0.67758
1.848582,1.357498,-0.677433
1.847705,1.354575,-0.681964
1.857059,1.365975,-0.681526
1.853259,1.352528,-0.684741
1.855598,1.363929,-0.680649
1.852675,1.359544,-0.671441
1.855013,1.366852,-0.682841
1.849752,1.364221,-0.682841
1.850336,1.362175,-0.687372
1.848875,1.362467,-0.676703
1.851213,1.361006,-0.676557
1.851505,1.359252,-0.693657
1.84449,1.36539,-0.673926
1.845951,1.362467,-0.673633
1.847998,1.359836,-0.676264
1.850628,1.367144,-0.671149
1.847413,1.360421,-0.670856
1.846536,1.367729,-0.678457
1.85209,1.360421,-0.669833
1.845367,1.359544,-0.673633
1.846828,1.363052,-0.675533
1.846828,1.358959,-0.675095
1.846244,1.351944,-0.677141
1.856182,1.35779,-0.674218
1.854721,1.360129,-0.66881
1.848582,1.366267,-0.676995
1.845075,1.356621,-0.67188
1.849459,1.352236,-0.676995
1.847121,1.349898,-0.681234
1.850628,1.360421,-0.67568
1.851213,1.363052,-0.682841
1.850044,1.363344,-0.678164
1.850628,1.361882,-0.676557
1.855598,1.36539,-0.684303
1.846244,1.357206,-0.68898
1.857936,1.361298,-0.687372
1.852675,1.36539,-0.669687
1.852967,1.356913,-0.676995
1.853844,1.362175,-0.693365
1.857644,1.365683,-0.691464
1.859398,1.361882,-0.678895
1.849752,1.361882,-0.667203
1.849752,1.358082,-0.685326
1.855598,1.360129,-0.674803
1.846828,1.365098,-0.680649
1.849752,1.363929,-0.684157
1.850628,1.354282,-0.677726
1.855305,1.355452,-0.683864
1.853259,1.359836,-0.686057
1.852675,1.355452,-0.676118
1.84449,1.360713,-0.686349
1.855598,1.357498,-0.686349
1.851798,1.359544,-0.682403
1.851798,1.358667,-0.684157
1.847705,1.367144,-0.679918
1.830751,1.385852,-0.705642
1.831628,1.413329,-0.724788
1.809997,1.441976,-0.747735
1.797428,1.481438,-0.788366
1.778135,1.505116,-0.82359
1.769658,1.516223,-0.853259
1.765566,1.501608,-0.87226
1.765858,1.489331,-0.897691
1.76615,1.476469,-0.899298
1.776966,1.450161,-0.898422
1.795674,1.413037,-0.90076
1.801228,1.380006,-0.898714
1.823736,1.336744,-0.865829
1.833382,1.313066,-0.842151
1.836305,1.289974,-0.843028
1.850921,1.278866,-0.84069
1.848582,1.27185,-0.826805
1.85589,1.266589,-0.819936
1.864075,1.252265,-0.810436
1.862613,1.24525,-0.806782
1.87606,1.238234,-0.799766
1.87869,1.231804,-0.792897
1.882198,1.237942,-0.778866
1.87109,1.230927,-0.760304
1.869629,1.230342,-0.81979
1.87869,1.224496,-0.775066
1.878398,1.221865,-0.77302
1.881614,1.225665,-0.769512
1.88366,1.220696,-0.785004
1.882198,1.217773,-0.780035
1.882783,1.216896,-0.785297
1.884244,1.216603,-0.770827
1.885121,1.216896,-0.76732
1.888044,1.21368,-0.777697
1.883367,1.210172,-0.777989
1.88746,1.211342,-0.763373
1.885121,1.211342,-0.76922
1.882783,1.216311,-0.779158
1.882491,1.213388,-0.774189
1.893891,1.212511,-0.779304
1.884244,1.215434,-0.772289
1.883367,1.214265,-0.771412
1.886875,1.205495,-0.779889
1.889506,1.215726,-0.772289
1.884829,1.212219,-0.781058
1.888044,1.211049,-0.775504
1.888629,1.206665,-0.771266
1.879275,1.205788,-0.777404
1.890383,1.20988,-0.772143
1.883952,1.200234,-0.774627
1.888921,1.208419,-0.76805
1.891845,1.213388,-0.757381
1.881321,1.206957,-0.764981
1.888337,1.208126,-0.765858
1.888044,1.206665,-0.764396
1.887167,1.209003,-0.76615
1.891845,1.210757,-0.76995
1.888629,1.213096,-0.766735
1.882491,1.201988,-0.768781
1.884537,1.203742,-0.766589
1.885998,1.208126,-0.761181
1.888337,1.211634,-0.770681
1.885706,1.204619,-0.765858
1.891845,1.201403,-0.774481
1.88366,1.208711,-0.766004
1.892137,1.206372,-0.769804
1.881906,1.213388,-0.77755
1.890091,1.214557,-0.773312
1.882491,1.211634,-0.775066
1.889214,1.214265,-0.765127
1.883952,1.214849,-0.776089
1.883367,1.208126,-0.768196
1.885121,1.208419,-0.767466
1.893014,1.211342,-0.783104
1.88746,1.207834,-0.777989
1.885998,1.206957,-0.776235
1.889214,1.213973,-0.777258
1.884829,1.216896,-0.773312
1.886583,1.210465,-0.774627
1.884537,1.207249,-0.773312
1.887752,1.206957,-0.772873
1.885706,1.209296,-0.769512
1.888629,1.21368,-0.776235
1.886583,1.206665,-0.780912
1.886583,1.207834,-0.763958
1.888629,1.211342,-0.772289
1.889506,1.214265,-0.776089
1.890383,1.208419,-0.768781
1.884244,1.215434,-0.765127
1.889214,1.213973,-0.764981
1.890675,1.213388,-0.772435
1.889506,1.207834,-0.76922
1.889506,1.208419,-0.77112
1.886291,1.209003,-0.772727
1.887752,1.211342,-0.769512
1.885414,1.207249,-0.770827
1.88366,1.211634,-0.763812
1.890383,1.208711,-0.767612
1.886291,1.204911,-0.759135
1.88746,1.209003,-0.775066
1.893891,1.206957,-0.758842
1.892721,1.207249,-0.761473
1.894183,1.211049,-0.756358
1.888044,1.211342,-0.755189
1.888337,1.209296,-0.771996
1.88746,1.206665,-0.755919
1.880444,1.219526,-0.760596
1.890675,1.208419,-0.765419
1.884244,1.204911,-0.758404
1.880737,1.205495,-0.772581
1.884829,1.216311,-0.759427
1.890675,1.215142,-0.770827
1.894183,1.216603,-0.76235
1.885998,1.212219,-0.770243
1.889214,1.209296,-0.762496
1.888337,1.210757,-0.763519
1.890383,1.206665,-0.767904
1.889798,1.210757,-0.76615
1.881906,1.211342,-0.76425
1.890383,1.210757,-0.770096
1.886291,1.211342,-0.767612
1.891552,1.215142,-0.77565
1.886291,1.205788,-0.767027
1.886875,1.211049,-0.771266
1.886291,1.215434,-0.77755
1.882198,1.214849,-0.768635
1.889506,1.215434,-0.775504
1.884829,1.218942,-0.757527
1.890383,1.216896,-0.763958
1.877813,1.201111,-0.770243
1.890675,1.213096,-0.76615
1.889506,1.210757,-0.77302
1.891552,1.209003,-0.771266
1.89886,1.214849,-0.764543
1.89126,1.216019,-0.776089
1.892721,1.212511,-0.77565
1.890091,1.211049,-0.770096
1.888629,1.212511,-0.777697
1.886291,1.215434,-0.786027
1.895352,1.211634,-0.772727
1.89506,1.20988,-0.766881
1.886875,1.213388,-0.762789
1.889506,1.20988,-0.774043
1.88746,1.204619,-0.778281
1.885414,1.208419,-0.77375
1.897983,1.215726,-0.772143
1.88366,1.211342,-0.778427
1.890383,1.210757,-0.763958
1.887752,1.21368,-0.76995
1.884829,1.20988,-0.763958
1.888044,1.20988,-0.773897
1.884537,1.212511,-0.769512
1.888044,1.203742,-0.769804
1.885121,1.208711,-0.76615
1.89126,1.213096,-0.768343
1.885121,1.216603,-0.764689
1.884829,1.208419,-0.765127
1.87869,1.211342,-0.772873
1.883952,1.214849,-0.764104
1.885998,1.210172,-0.767466
1.886875,1.215726,-0.78062
1.885706,1.219819,-0.767027
1.88366,1.205495,-0.769658
1.890383,1.204619,-0.773312
1.884244,1.208711,-0.775504
1.885706,1.209003,-0.771704
1.890675,1.219819,-0.76805
1.889798,1.209296,-0.776381
1.883075,1.211342,-0.774773
1.882783,1.208711,-0.774043
1.886875,1.21368,-0.782227
1.890968,1.211049,-0.784127
1.884537,1.201403,-0.786174
1.890675,1.213973,-0.776527
1.888337,1.21368,-0.782374
1.890383,1.216896,-0.77492
1.89126,1.208126,-0.778427
1.887752,1.211634,-0.779012
1.894768,1.209296,-0.772143
1.895645,1.214849,-0.767466
1.890383,1.214849,-0.771558
1.895645,1.214265,-0.776966
1.894475,1.211049,-0.772435
1.892137,1.208126,-0.773166
1.889506,1.208711,-0.777112
1.890675,1.202572,-0.770973
1.888044,1.207249,-0.779012
1.901491,1.213388,-0.76615
1.889214,1.20608,-0.774627
1.886583,1.216896,-0.770681
1.890383,1.209003,-0.764543
1.894768,1.214849,-0.781058
1.888044,1.209588,-0.767612
1.893306,1.211049,-0.77565
1.889506,1.211926,-0.775504
1.892429,1.213096,-0.766296
1.886875,1.20988,-0.783104
1.877229,1.220696,-0.780035
1.877813,1.240573,-0.812628
1.852382,1.276527,-0.828413
1.826659,1.329436,-0.859982
1.813213,1.38439,-0.884683
1.800058,1.424145,-0.888044
1.776381,1.465069,-0.901929
1.775504,1.491377,-0.887168
1.764396,1.508623,-0.882637
1.772581,1.51827,-0.870798
1.770535,1.520608,-0.845951
1.77375,1.507746,-0.827244
1.788658,1.490208,-0.78822
1.795089,1.478223,-0.775212
1.811751,1.458638,-0.750365
1.810582,1.446945,-0.742181
1.821105,1.439345,-0.725811
1.815843,1.43116,-0.724642
1.821982,1.423268,-0.721719
1.830751,1.411868,-0.709296
1.833674,1.401637,-0.689857
1.840398,1.398714,-0.694241
1.839521,1.392868,-0.697018
1.835136,1.379421,-0.698772
1.839521,1.379714,-0.692049
1.850336,1.382052,-0.694095
1.848875,1.37416,-0.700088
1.848875,1.373867,-0.689418
1.847998,1.379421,-0.68211
1.849459,1.374452,-0.696141
1.841274,1.37036,-0.686203
1.847998,1.368898,-0.678895
1.847705,1.375621,-0.679187
1.846828,1.375037,-0.680357
1.855305,1.372698,-0.678895
1.855305,1.370944,-0.684011
1.851505,1.366852,-0.687811
1.849752,1.358959,-0.693511
1.850336,1.372113,-0.690003
1.853844,1.366852,-0.679334
1.853844,1.364221,-0.675533
1.857352,1.364513,-0.678895
1.852675,1.364221,-0.686495
1.853259,1.370067,-0.681087
1.854136,1.364806,-0.676849
1.851505,1.362759,-0.684449
1.854429,1.352236,-0.680649
1.852967,1.366852,-0.668079
1.855305,1.364806,-0.677872
1.856767,1.362759,-0.676264
1.855598,1.363929,-0.679772
1.85589,1.360421,-0.67831
1.851213,1.37036,-0.671149
1.850336,1.366852,-0.678749
1.858813,1.362467,-0.688834
1.852675,1.368606,-0.682695
1.852382,1.361006,-0.676995
1.855598,1.355744,-0.688249
1.856475,1.363929,-0.673341
1.853259,1.362467,-0.67378
1.855013,1.364221,-0.671733
1.855305,1.364806,-0.671587
1.851213,1.363052,-0.674072
1.847121,1.363344,-0.67378
1.85589,1.358959,-0.672026
1.852675,1.362467,-0.66881
1.854721,1.356913,-0.67261
1.859982,1.363636,-0.682695
1.859105,1.363052,-0.685911
1.855598,1.362175,-0.678895
1.852967,1.369483,-0.680795
1.853552,1.363636,-0.681234
1.852967,1.362759,-0.67758
1.849167,1.361882,-0.68021
1.857059,1.363052,-0.676264
1.852675,1.361006,-0.684449
1.848582,1.355744,-0.679626
1.856767,1.361882,-0.682403
1.85209,1.358082,-0.67071
1.852675,1.35779,-0.667056
1.855598,1.363929,-0.673633
1.855598,1.369775,-0.675826
1.860859,1.366852,-0.681526
1.860567,1.362759,-0.676849
1.852967,1.360129,-0.680064
1.859982,1.372698,-0.685034
1.858521,1.36919,-0.677141
1.849167,1.355452,-0.668956
1.856182,1.363344,-0.670126
1.850336,1.371529,-0.67948
1.857936,1.370944,-0.678457
1.850628,1.363636,-0.680357
1.851505,1.364513,-0.688249
1.856475,1.367729,-0.675095
1.855598,1.36539,-0.672464
1.854721,1.368021,-0.679041
1.847121,1.362759,-0.678164
1.857352,1.364221,-0.68211
1.846536,1.365098,-0.681087
1.850628,1.360421,-0.676703
1.854429,1.359544,-0.674218
1.843028,1.360129,-0.667933
1.850336,1.36919,-0.68021
1.855013,1.365975,-0.692049
1.859982,1.366267,-0.686057
1.856767,1.356329,-0.66998
1.856767,1.367144,-0.678895
1.851213,1.363344,-0.675095
1.845659,1.362175,-0.673049
1.845951,1.361298,-0.678164
1.852967,1.358082,-0.67071
1.848875,1.361006,-0.674218
1.850921,1.364513,-0.680064
1.854721,1.363636,-0.67948
1.853259,1.363636,-0.67831
1.855013,1.360129,-0.67071
1.857644,1.36159,-0.67758
1.849459,1.365098,-0.678457
1.850044,1.361006,-0.66881
1.845659,1.358667,-0.682841
1.847413,1.355159,-0.667056
1.853552,1.361882,-0.681087
1.847121,1.358959,-0.681087
1.850336,1.358082,-0.68021
1.846244,1.357206,-0.673049
1.854721,1.355744,-0.678164
1.849752,1.367144,-0.679626
1.850921,1.365098,-0.674949
1.852967,1.367436,-0.678164
1.853259,1.361882,-0.671149
1.854136,1.359544,-0.67261
1.855305,1.360713,-0.66998
1.852382,1.35779,-0.66881
1.855305,1.362759,-0.680357
1.850044,1.362759,-0.675533
1.847121,1.363052,-0.681672
1.852382,1.361006,-0.677287
1.849752,1.369483,-0.682695
1.852382,1.364513,-0.677726
1.857059,1.363052,-0.674218
1.857352,1.364221,-0.689711
1.859398,1.362467,-0.685034
1.857936,1.357498,-0.668372
1.859982,1.359252,-0.680064
1.850921,1.358959,-0.670564
1.852967,1.363636,-0.672756
1.852382,1.361882,-0.689857
1.854721,1.360421,-0.678457
1.854721,1.361006,-0.68211
1.858521,1.370944,-0.683134
1.851505,1.361006,-0.687226
1.848875,1.361882,-0.671587
1.852675,1.363636,-0.676703
1.857936,1.361006,-0.685034
1.851213,1.362467,-0.679187
1.852675,1.356913,-0.684011
1.845659,1.364221,-0.67641
1.859105,1.367436,-0.682695
1.853259,1.363929,-0.685911
1.851505,1.362759,-0.671003
1.856182,1.362175,-0.691172
1.845951,1.358959,-0.68021
1.854429,1.365975,-0.674364
1.857644,1.368021,-0.67378
1.856767,1.360713,-0.684595
1.852382,1.363344,-0.671149
1.85589,1.360129,-0.677872
1.859398,1.367436,-0.666764
1.852675,1.36656,-0.679626
1.85589,1.363929,-0.684449
1.852675,1.361882,-0.681234
1.849459,1.361298,-0.673487
1.855598,1.36539,-0.67451
1.854429,1.359252,-0.673049
1.854136,1.362759,-0.674218
1.852675,1.366267,-0.678457
1.849459,1.365683,-0.68021
1.848875,1.366267,-0.67758
1.847998,1.363636,-0.680649
1.850628,1.356913,-0.688688
1.847121,1.362759,-0.677726
1.844782,1.367729,-0.687811
1.856182,1.368021,-0.677726
1.854721,1.359836,-0.67568
1.846828,1.367144,-0.684887
1.851213,1.364221,-0.688103
1.852967,1.371236,-0.666618
1.850921,1.362175,-0.696726
1.856182,1.361882,-0.687372
1.857352,1.363052,-0.687811
1.848875,1.363344,-0.687226
1.847413,1.367144,-0.67261
1.850628,1.362759,-0.675387
1.852382,1.368313,-0.66121
1.845075,1.363636,-0.67758
1.852675,1.366852,-0.667056
1.853844,1.371236,-0.675826
1.856475,1.364806,-0.678457
1.85589,1.360421,-0.674364
1.846536,1.354575,-0.678457
1.846828,1.361006,-0.68021
1.853844,1.364806,-0.665303
1.855305,1.364806,-0.671149
1.849459,1.363636,-0.68898
1.849459,1.362175,-0.680357
1.850336,1.363636,-0.672756
1.851505,1.366852,-0.681964
1.853259,1.363929,-0.664718
1.850336,1.364221,-0.678603
1.843321,1.363052,-0.675533
1.852675,1.365098,-0.67568
1.849752,1.363929,-0.687664
1.851505,1.359836,-0.68211
1.848582,1.359544,-0.673926
1.851505,1.360129,-0.67378
1.850044,1.364221,-0.680795
1.852967,1.363344,-0.684595
1.853552,1.357498,-0.679918
1.851505,1.363636,-0.685911
1.852675,1.362175,-0.69468
1.84829,1.365098,-0.690149
1.856767,1.362759,-0.679334
1.846244,1.358082,-0.683572
1.853259,1.362759,-0.674803
1.849167,1.367436,-0.692926
1.850044,1.362467,-0.680795
1.848582,1.363929,-0.68021
1.855598,1.356913,-0.672026
1.849167,1.36159,-0.676557
1.850921,1.363344,-0.682549
1.85209,1.356913,-0.677141
1.853844,1.36656,-0.668079
1.854136,1.358082,-0.67948
1.857352,1.355159,-0.679041
1.854429,1.360129,-0.664426
1.849167,1.364513,-0.674803
1.849167,1.358082,-0.709588
1.844198,1.361298,-0.672756
1.852967,1.359544,-0.674949
1.849167,1.356913,-0.686641
1.849752,1.361882,-0.674949
1.849167,1.365975,-0.670272
1.854429,1.362175,-0.672756
1.847998,1.358959,-0.671295
1.855013,1.360713,-0.676703
1.846536,1.362759,-0.68211
1.855013,1.360129,-0.682549
1.843613,1.358667,-0.677433
1.849459,1.353113,-0.672172
1.857059,1.364513,-0.669541
1.844782,1.357498,-0.679626
1.852967,1.355744,-0.670272
1.854136,1.360421,-0.684449
1.846828,1.364221,-0.665741
1.850628,1.361298,-0.674364
1.859398,1.356913,-0.679626
1.848875,1.358082,-0.678457
1.852382,1.362175,-0.682987
1.845951,1.360421,-0.685034
1.851505,1.36656,-0.672026
1.854429,1.355744,-0.681526
1.853259,1.358082,-0.67758
1.853259,1.364221,-0.691464
1.851213,1.364513,-0.676703
1.847121,1.361006,-0.68518
1.851798,1.364221,-0.678018
1.851505,1.36656,-0.680357
1.850044,1.364806,-0.677141
1.846828,1.355452,-0.681087
1.845075,1.363636,-0.684157
1.854721,1.356913,-0.669687
1.853552,1.356621,-0.666179
1.850336,1.363636,-0.680941
1.840982,1.35779,-0.682987
1.856767,1.362175,-0.673195
1.847705,1.363929,-0.672172
1.843321,1.359836,-0.673926
1.855013,1.362467,-0.682257
1.847413,1.363344,-0.679334
1.851798,1.368021,-0.682549
1.849167,1.363052,-0.688541
1.845951,1.364221,-0.67568
1.856182,1.35779,-0.675533
1.852967,1.359544,-0.677872
1.861152,1.36656,-0.687811
1.847998,1.362759,-0.691464
1.839521,1.361006,-0.689126
1.841274,1.365098,-0.677872
1.847413,1.361882,-0.688395
1.845367,1.36539,-0.677433
1.853844,1.360421,-0.67758
1.853259,1.361298,-0.678164
1.856182,1.364806,-0.68138
1.845367,1.348144,-0.684157
1.845659,1.35779,-0.685472
1.853259,1.357498,-0.683864
1.850921,1.358667,-0.697749
1.848875,1.36159,-0.684157
1.845951,1.360421,-0.681087
1.856767,1.359544,-0.683864
1.849752,1.361298,-0.684449
1.850336,1.359544,-0.669833
1.847998,1.359544,-0.676264
1.850336,1.35779,-0.675387
1.849167,1.363052,-0.680503
1.853259,1.356036,-0.679772
1.847121,1.360129,-0.688103
1.850921,1.355159,-0.672318
1.853259,1.36656,-0.683134
1.842444,1.362759,-0.681234
1.848582,1.362467,-0.698334
1.84829,1.362175,-0.681526
1.849752,1.357206,-0.68138
1.853844,1.363052,-0.678603
1.847998,1.359252,-0.684595
1.850628,1.368021,-0.680357
1.853259,1.360713,-0.681234
1.852382,1.362759,-0.678018
1.855305,1.355452,-0.683134
1.858813,1.36159,-0.676264
1.850628,1.36159,-0.680649
1.850044,1.363052,-0.683572
1.850628,1.363929,-0.679041
1.853844,1.365683,-0.68898
1.845659,1.357498,-0.678164
1.847413,1.362759,-0.695411
1.847705,1.360129,-0.682695
1.850044,1.360713,-0.676849
1.845367,1.372406,-0.676849
1.850628,1.379421,-0.700672
1.834259,1.400175,-0.711342
1.810289,1.430868,-0.735165
1.794797,1.47033,-0.78135
1.789535,1.494008,-0.816282
1.771412,1.517393,-0.853698
1.764104,1.5057,-0.861883
1.765273,1.501608,-0.881906
1.758842,1.481146,-0.897983
1.776966,1.465069,-0.898422
1.788658,1.426191,-0.888629
1.800058,1.391114,-0.882783
1.818182,1.351067,-0.864806
1.830751,1.321836,-0.858959
1.831044,1.299912,-0.842882
1.843028,1.28822,-0.828997
1.850044,1.280912,-0.838059
1.855598,1.273897,-0.82812
1.860859,1.251973,-0.826513
1.861152,1.250512,-0.811166
1.866706,1.244081,-0.801666
1.875183,1.238527,-0.793335
1.877521,1.224496,-0.804151
1.876644,1.221573,-0.804443
1.878983,1.227419,-0.789535
1.880152,1.225957,-0.79582
1.878983,1.220403,-0.794066
1.87986,1.219526,-0.79012
1.881906,1.218942,-0.782227
1.880152,1.224496,-0.782666
1.885706,1.222742,-0.774481
1.885121,1.212511,-0.788074
1.889506,1.209296,-0.781497
1.894183,1.210172,-0.770535
1.886583,1.216896,-0.779743
1.886583,1.211926,-0.771412
1.888921,1.204326,-0.768635
1.889506,1.210465,-0.783689
1.889214,1.208419,-0.779743
1.89506,1.218065,-0.780766
1.886875,1.22508,-0.792897
1.89126,1.213096,-0.771266
1.89126,1.209588,-0.77682
1.897983,1.213096,-0.774481
1.89506,1.21748,-0.777404
1.888337,1.209296,-0.785297
1.892429,1.212511,-0.776673
1.893891,1.20988,-0.780912
1.894475,1.207249,-0.765712
1.892137,1.20608,-0.772581
1.888044,1.208126,-0.777404
1.891552,1.210757,-0.774335
1.889506,1.204911,-0.783543
1.889214,1.212803,-0.765419
1.890675,1.209296,-0.776381
1.890968,1.209296,-0.767758
1.885121,1.214557,-0.773312
1.887167,1.216603,-0.778866
1.888337,1.210465,-0.783104
1.886583,1.208419,-0.78062
1.89506,1.20608,-0.775358
1.886291,1.209003,-0.776527
1.895352,1.208711,-0.763373
1.887167,1.212511,-0.767612
1.883075,1.204326,-0.773604
1.890091,1.208126,-0.770389
1.891552,1.216311,-0.773604
1.898568,1.207249,-0.774627
1.89126,1.207249,-0.768635
1.892137,1.20988,-0.769073
1.891552,1.212219,-0.776381
1.895937,1.208711,-0.761619
1.890091,1.212511,-0.770681
1.892429,1.212803,-0.77945
1.886583,1.214265,-0.775504
1.885706,1.212219,-0.777404
1.885998,1.210172,-0.780766
1.885414,1.205495,-0.76995
1.888921,1.212803,-0.771412
1.888629,1.217773,-0.767758
1.892721,1.213388,-0.774773
1.893014,1.214849,-0.769366
1.892721,1.210757,-0.764981
1.885121,1.211342,-0.765419
1.888921,1.204326,-0.76805
1.887167,1.209296,-0.77302
1.888337,1.20228,-0.774627
1.880737,1.213973,-0.774043
1.882783,1.211049,-0.767466
1.887752,1.206957,-0.772581
1.881029,1.210465,-0.779012
1.881906,1.208419,-0.764689
1.890091,1.214265,-0.763666
1.886291,1.211926,-0.763958
1.886291,1.212511,-0.776527
1.886583,1.205788,-0.76425
1.886583,1.214557,-0.774773
1.890383,1.208419,-0.768196
1.893891,1.208419,-0.774773
1.888629,1.211049,-0.768781
1.892137,1.212803,-0.777697
1.889214,1.208126,-0.763373
1.894475,1.210172,-0.763666
1.890675,1.21368,-0.762058
1.893014,1.209588,-0.772873
1.894768,1.215142,-0.772289
1.89126,1.213388,-0.770827
1.888337,1.208126,-0.768196
1.891845,1.214265,-0.77375
1.883367,1.211342,-0.764689
1.889798,1.211926,-0.767904
1.887167,1.207834,-0.772289
1.886875,1.214849,-0.774335
1.884829,1.212803,-0.774189
1.891552,1.214557,-0.777843
1.885414,1.216896,-0.775066
1.889798,1.216311,-0.769366
1.884829,1.217188,-0.758989
1.883952,1.215434,-0.76922
1.889214,1.212219,-0.759573
1.889798,1.219234,-0.766443
1.892721,1.208711,-0.776673
1.889506,1.211342,-0.770096
1.889798,1.211926,-0.77302
1.889798,1.211926,-0.775358
1.885706,1.212803,-0.772435
1.891845,1.209296,-0.773897
1.888629,1.21368,-0.773604
1.888337,1.211634,-0.767612
1.886583,1.205203,-0.772581
1.887752,1.209588,-0.766296
1.887752,1.20988,-0.774481
1.887167,1.210465,-0.77872
1.890968,1.211926,-0.775066
1.885998,1.217188,-0.759281
1.88746,1.205495,-0.782958
1.888921,1.207834,-0.766589
1.89126,1.213096,-0.783543
1.893014,1.205788,-0.768927
1.895937,1.201988,-0.76922
1.900029,1.214849,-0.776089
1.886583,1.201111,-0.770973
1.890383,1.203742,-0.76995
1.897398,1.210465,-0.775066
1.894475,1.210757,-0.776966
1.893891,1.209588,-0.772435
1.890675,1.201695,-0.775066
1.884829,1.213388,-0.769512
1.88746,1.205495,-0.774335
1.885998,1.210757,-0.767612
1.891845,1.217188,-0.775504
1.883075,1.212803,-0.773458
1.885998,1.213096,-0.764543
1.888921,1.211342,-0.770243
1.884829,1.208711,-0.77112
1.879275,1.205788,-0.767612
1.889798,1.211049,-0.77112
1.887167,1.209003,-0.775504
1.885414,1.213096,-0.777989
1.886583,1.205495,-0.779158
1.884829,1.205203,-0.77185
1.890968,1.212803,-0.771558
1.897106,1.210172,-0.772581
1.891845,1.209296,-0.779304
1.892137,1.214557,-0.758258
1.885706,1.208419,-0.766296
1.891845,1.211342,-0.774043
1.893306,1.208711,-0.774189
1.89126,1.210757,-0.771558
1.890675,1.207249,-0.764689
1.890968,1.211049,-0.769366
1.89126,1.213973,-0.767466
1.897106,1.216896,-0.766589
1.893014,1.212511,-0.776235
1.896521,1.211342,-0.77872
1.888629,1.219526,-0.774335
1.892721,1.20988,-0.777258
1.888921,1.211926,-0.766004
1.890091,1.205788,-0.77302
1.885414,1.212219,-0.77112
1.883367,1.210757,-0.778427
1.883367,1.208126,-0.777112
1.886875,1.213388,-0.778281
1.893014,1.216603,-0.77302
1.88746,1.209003,-0.763081
1.888337,1.209588,-0.767758
1.885414,1.206665,-0.77185
1.885706,1.210757,-0.769073
1.890968,1.205495,-0.771704
1.894768,1.211634,-0.76922
1.88366,1.210465,-0.770389
1.888629,1.208419,-0.769658
1.890675,1.204034,-0.783104
1.883367,1.205495,-0.766735
1.892721,1.200526,-0.768343
1.893014,1.209003,-0.770096
1.888337,1.207249,-0.766296
1.895352,1.208126,-0.776235
1.896814,1.205788,-0.766443
1.890383,1.212511,-0.767904
1.892429,1.209588,-0.773312
1.888337,1.210172,-0.763081
1.883952,1.207542,-0.760742
1.885998,1.211342,-0.769366
1.885414,1.20988,-0.770681
1.888629,1.208419,-0.76425
1.888337,1.208419,-0.773166
1.891845,1.212511,-0.76922
1.883075,1.210465,-0.76425
1.893014,1.206957,-0.776089
1.895645,1.212511,-0.773166
1.888921,1.212803,-0.764396
1.891552,1.212511,-0.759866
1.890968,1.21368,-0.773166
1.896521,1.214849,-0.764835
1.896814,1.213096,-0.778281
1.897691,1.215142,-0.763519
1.894475,1.211049,-0.770535
1.895937,1.209296,-0.765273
1.89126,1.206957,-0.762204
1.897106,1.206372,-0.768196
1.898275,1.213973,-0.770535
1.888044,1.214557,-0.761619
1.889798,1.214849,-0.76732
1.891552,1.215142,-0.763227
1.891845,1.202572,-0.766004
1.894183,1.213388,-0.762789
1.888044,1.212511,-0.766443
1.887167,1.211049,-0.777112
1.889506,1.209588,-0.768635
1.89126,1.218942,-0.773166
1.889798,1.211926,-0.767904
1.893891,1.211926,-0.758696
1.89126,1.209296,-0.776089
1.892137,1.210757,-0.773604
1.890968,1.211926,-0.774335
1.892721,1.203449,-0.77185
1.89506,1.206372,-0.774335
1.897691,1.209588,-0.77492
1.89506,1.204619,-0.77682
1.895352,1.20608,-0.772581
1.896521,1.207542,-0.765127
1.894475,1.205788,-0.768343
1.891552,1.20608,-0.77682
1.889798,1.208419,-0.764689
1.894475,1.20608,-0.767027
1.890968,1.205788,-0.763812
1.894768,1.207834,-0.770096
1.893891,1.204326,-0.763666
1.897983,1.207249,-0.763812
1.891845,1.213388,-0.764835
1.891552,1.201403,-0.773166
1.88746,1.207834,-0.769658
1.890675,1.211926,-0.768196
1.890968,1.209296,-0.776381
1.892137,1.210172,-0.771266
1.896229,1.20228,-0.770096
1.890091,1.210757,-0.77302
1.888337,1.210465,-0.768196
1.894475,1.204034,-0.763666
1.892429,1.20608,-0.775797
1.890675,1.211342,-0.770535
1.89506,1.20988,-0.771996
1.893306,1.212219,-0.773604
1.892429,1.21368,-0.773166
1.897398,1.20988,-0.75855
1.890091,1.214265,-0.770243
1.890675,1.208126,-0.77492
1.890675,1.207542,-0.770535
1.889506,1.207542,-0.773312
1.892137,1.212511,-0.773166
1.892137,1.211049,-0.771558
1.890091,1.215434,-0.763227
1.892429,1.209296,-0.76045
1.895937,1.207834,-0.77302
1.895937,1.214265,-0.76425
1.894183,1.213096,-0.760596
1.890383,1.211926,-0.77492
1.886583,1.209003,-0.763812
1.888921,1.207834,-0.774189
1.888921,1.210172,-0.770096
1.886583,1.211049,-0.763958
1.891845,1.215142,-0.769512
1.88746,1.213388,-0.771558
1.893891,1.207249,-0.776235
1.897691,1.210757,-0.774773
1.893891,1.212803,-0.766589
1.895645,1.217188,-0.772435
1.893598,1.211342,-0.767612
1.894475,1.207834,-0.776089
1.898568,1.20608,-0.757381
1.889506,1.210465,-0.763373
1.893891,1.209003,-0.772581
1.893598,1.208419,-0.765273
1.893598,1.215434,-0.774189
1.889798,1.210465,-0.759866
1.894768,1.214557,-0.761327
1.888921,1.211049,-0.769658
1.893014,1.210172,-0.764835
1.894183,1.209003,-0.769366
1.887752,1.214849,-0.770681
1.889506,1.208126,-0.757819
1.894768,1.208126,-0.77492
1.89886,1.214265,-0.771704
1.892137,1.209588,-0.764835
1.894183,1.211049,-0.76235
1.893014,1.206957,-0.772289
1.889798,1.211342,-0.766735
1.895645,1.216019,-0.770389
1.899152,1.213096,-0.772581
1.901783,1.216896,-0.760304
1.897691,1.210172,-0.761473
1.894183,1.212803,-0.769512
1.895937,1.214557,-0.764689
1.895937,1.210465,-0.77185
1.891845,1.211634,-0.768489
1.890675,1.210465,-0.763227
1.890383,1.213096,-0.767612
1.884829,1.205788,-0.766443
1.892137,1.203742,-0.75665
1.892721,1.204911,-0.763812
1.88746,1.210757,-0.773604
1.890091,1.203449,-0.776966
1.88366,1.20988,-0.770973
1.887167,1.204911,-0.774481
1.888337,1.211926,-0.763373
1.889214,1.207249,-0.753289
1.888629,1.208419,-0.76732
1.889798,1.211342,-0.764543
1.894475,1.207834,-0.761473
1.892721,1.205495,-0.756504
1.896229,1.210465,-0.760158
1.890383,1.206665,-0.764689
1.897106,1.199942,-0.761181
1.885998,1.201988,-0.77302
1.89126,1.206372,-0.772873
1.89126,1.209003,-0.770681
1.892721,1.207834,-0.771266
1.894183,1.209003,-0.770973
1.890968,1.205203,-0.761035
1.88746,1.207834,-0.764835
1.887167,1.212803,-0.763666
1.886291,1.212219,-0.77185
1.890968,1.209296,-0.770827
1.889506,1.212803,-0.769804
1.894475,1.204326,-0.765858
1.889506,1.209296,-0.762789
1.890383,1.211926,-0.762789
1.888629,1.216603,-0.760304
1.890968,1.212803,-0.756942
1.897983,1.213388,-0.763227
1.889506,1.211342,-0.757673
1.890091,1.207834,-0.759427
1.891845,1.211049,-0.759573
1.890968,1.208419,-0.766443
1.890383,1.210465,-0.767466
1.88746,1.219234,-0.773604
1.881614,1.206665,-0.767904
1.887752,1.220111,-0.761327
1.888337,1.206957,-0.756942
1.892429,1.21865,-0.762789
1.888337,1.210465,-0.772143
1.892137,1.208711,-0.762643
1.893306,1.205203,-0.775066
1.889214,1.205203,-0.762643
1.883367,1.211926,-0.764689
1.890091,1.214265,-0.759135
1.889214,1.209003,-0.759281
1.885414,1.216603,-0.756796
1.886583,1.210172,-0.762058
1.88746,1.213973,-0.772435
1.887752,1.205203,-0.765127
1.885121,1.214265,-0.772581
1.88746,1.211926,-0.762643
1.885414,1.210172,-0.765419
1.888629,1.212803,-0.777258
1.888921,1.204911,-0.772873
1.889798,1.207249,-0.775797
1.891845,1.204326,-0.763958
1.895352,1.206957,-0.76805
1.891845,1.206957,-0.777697
1.887752,1.201695,-0.763666
1.886875,1.206372,-0.770681
1.885706,1.198188,-0.760304
1.888044,1.206957,-0.76425
1.889798,1.214265,-0.767904
1.887752,1.208711,-0.765273
1.88746,1.201988,-0.772727
1.884829,1.20988,-0.762789
1.889798,1.210465,-0.777404
1.885998,1.206957,-0.763958
1.894768,1.208126,-0.761327
1.89126,1.212803,-0.775943
1.885121,1.210465,-0.775358
1.892137,1.209296,-0.76732
1.89126,1.205788,-0.765858
1.884537,1.213096,-0.76995
1.884829,1.211634,-0.766296
1.88746,1.213388,-0.771412
1.890091,1.211926,-0.773897
1.890968,1.207834,-0.765858
1.889798,1.210757,-0.766004
1.893598,1.208126,-0.772143
1.880737,1.206957,-0.757966
1.88746,1.211634,-0.757235
1.890675,1.212511,-0.756942
1.895937,1.209296,-0.767173
1.897106,1.208126,-0.76615
1.889214,1.20228,-0.763081
1.89886,1.210757,-0.767758
1.893014,1.205203,-0.774189
1.892721,1.211342,-0.768196
1.893891,1.21748,-0.77565
1.887752,1.210465,-0.763958
1.890675,1.210465,-0.772581
1.885998,1.204326,-0.762789
1.891845,1.213096,-0.764396
1.889214,1.216603,-0.769512
1.889214,1.212803,-0.766443
1.893306,1.212511,-0.764689
1.885414,1.211634,-0.768781
1.887167,1.210172,-0.76425
1.886583,1.218357,-0.769658
1.888921,1.209296,-0.765566
1.893306,1.202865,-0.767758
1.890091,1.211926,-0.766004
1.900614,1.207542,-0.774043
1.889214,1.214849,-0.773897
1.890675,1.205788,-0.752558
1.888921,1.209003,-0.77185
1.893891,1.212511,-0.771266
1.891845,1.208126,-0.762496
1.884829,1.206957,-0.767466
1.889798,1.206665,-0.771996
1.886875,1.210172,-0.763519
1.888337,1.209588,-0.772727
1.885121,1.205203,-0.759866
1.882491,1.213388,-0.76235
1.882491,1.213096,-0.762935
1.887752,1.211342,-0.774043
1.887167,1.20608,-0.761327
1.890383,1.212219,-0.763958
1.894475,1.210172,-0.771412
1.88746,1.205203,-0.754312
1.888044,1.208126,-0.765566
1.890675,1.207249,-0.76805
1.890675,1.207249,-0.764981
1.887167,1.214557,-0.767027
1.883367,1.211049,-0.778427
1.888337,1.215726,-0.768196
1.893598,1.207249,-0.766589
1.894183,1.202865,-0.768489
1.892429,1.204326,-0.763227
1.884829,1.198772,-0.774773
1.888044,1.209296,-0.756504
1.894768,1.214265,-0.769658
1.888921,1.206372,-0.772581
1.88746,1.20608,-0.769658
1.896521,1.205203,-0.766589
1.890968,1.21368,-0.766881
1.889506,1.206372,-0.77302
1.883367,1.204326,-0.772727
1.889506,1.207834,-0.77682
1.882783,1.212803,-0.759866
1.887752,1.209296,-0.760889
1.892137,1.210465,-0.768781
1.890675,1.206665,-0.760889
1.890091,1.204326,-0.775212
1.897106,1.208419,-0.767173
1.893306,1.21368,-0.767904
1.895352,1.205203,-0.76922
1.888044,1.205495,-0.763812
1.890675,1.208126,-0.761181
1.886583,1.211049,-0.766735
1.89126,1.20608,-0.765858
1.886583,1.207834,-0.763373
1.881321,1.207542,-0.76235
1.889798,1.203157,-0.76732
1.88746,1.205788,-0.756796
1.883952,1.207834,-0.762496
1.884537,1.207249,-0.760596
1.892721,1.210757,-0.767612
1.889506,1.202572,-0.762496
1.889798,1.212803,-0.768635
1.884829,1.211634,-0.77375
1.880444,1.216019,-0.769366
1.892721,1.206665,-0.768196
1.880737,1.208419,-0.763081
1.885706,1.205495,-0.769073
1.885998,1.212219,-0.76615
1.891845,1.209588,-0.761181
1.888921,1.211049,-0.771704
1.889798,1.206665,-0.766004
1.895937,1.206957,-0.766589
1.886583,1.207542,-0.762789
1.893014,1.204619,-0.763666
1.893891,1.213973,-0.767027
1.888044,1.206665,-0.769073
1.882783,1.212219,-0.760596
1.881906,1.200234,-0.769073
1.889506,1.214557,-0.767758
1.892137,1.207834,-0.765858
1.885414,1.206665,-0.761912
1.888921,1.205495,-0.766004
1.889214,1.209588,-0.765712
1.890091,1.209003,-0.763958
1.888337,1.212511,-0.761035
1.889214,1.211049,-0.761912
1.889506,1.210465,-0.752558
1.889214,1.208419,-0.759573
1.890675,1.210757,-0.765712
1.894183,1.201403,-0.745688
1.888337,1.204911,-0.771558
1.890383,1.203742,-0.767466
1.888921,1.207834,-0.768781
1.887167,1.212803,-0.755189
1.89126,1.208419,-0.76235
1.880444,1.201695,-0.765419
1.888337,1.20988,-0.757673
1.887167,1.201695,-0.758989
1.88746,1.209296,-0.759573
1.885706,1.204034,-0.767027
1.884244,1.205495,-0.763373
1.886291,1.206957,-0.761766
1.883952,1.206372,-0.768635
1.882783,1.207249,-0.761473
1.880737,1.214849,-0.769512
1.881029,1.233557,-0.779597
1.86729,1.245542,-0.805612
1.839228,1.296405,-0.846244
1.820228,1.344051,-0.85969
1.80152,1.406022,-0.884244
1.789535,1.439345,-0.88746
1.773166,1.476761,-0.884829
1.766443,1.5019,-0.87606
1.762935,1.513885,-0.853405
1.765273,1.515931,-0.887898
1.772289,1.513592,-0.819059
1.777843,1.499269,-0.793189
1.830167,1.482023,-0.76425
1.79772,1.460684,-0.74145
1.803859,1.445484,-0.727565
1.815843,1.443145,-0.739111
1.815843,1.429114,-0.726396
1.828413,1.423853,-0.708272
1.839521,1.413622,-0.703888
1.838644,1.410114,-0.687372
1.841274,1.399298,-0.705642
1.838059,1.386437,-0.689272
1.840398,1.388483,-0.684741
1.843905,1.383221,-0.682549
1.851505,1.376206,-0.679041
1.85209,1.378544,-0.686934
1.848875,1.383806,-0.676557
1.851505,1.367729,-0.676995
1.847705,1.368021,-0.679187
1.851505,1.379714,-0.665156
1.849459,1.37299,-0.67948
1.862906,1.373283,-0.683718
1.853259,1.371529,-0.673633
1.858813,1.373283,-0.68211
1.855305,1.36539,-0.682987
1.850336,1.364221,-0.672318
1.856475,1.361006,-0.681964
1.865536,1.363929,-0.678457
1.866706,1.367436,-0.671587
1.857059,1.364221,-0.664426
1.855598,1.362467,-0.671003
1.85589,1.360713,-0.660479
1.867583,1.363636,-0.665741
1.856767,1.357498,-0.67948
1.856182,1.362467,-0.674218
1.856767,1.36539,-0.66998
1.850628,1.362175,-0.675826
1.850628,1.358667,-0.673195
1.854721,1.35399,-0.681964
1.852675,1.364513,-0.674657
1.856475,1.363636,-0.669103
1.851505,1.366267,-0.641041
1.855305,1.366267,-0.708272
1.859398,1.356036,-0.668664
1.851505,1.358082,-0.669541
1.853844,1.36159,-0.679626
1.853844,1.362175,-0.681087
1.857352,1.353698,-0.680941
1.852967,1.361882,-0.676703
1.855305,1.360421,-0.681672
1.850336,1.367729,-0.680649
1.852382,1.368606,-0.663549
1.854429,1.363052,-0.669687
1.851213,1.360713,-0.674657
1.853259,1.365098,-0.665595
1.853552,1.359252,-0.677872
1.856182,1.363052,-0.675972
1.85589,1.364806,-0.676849
1.857059,1.368021,-0.684449
1.858813,1.363929,-0.670856
1.851798,1.362759,-0.677872
1.855013,1.362759,-0.687518
1.847121,1.358667,-0.672318
1.851213,1.357498,-0.672756
1.855013,1.368313,-0.675972
1.855305,1.356621,-0.666179
1.850044,1.366852,-0.667349
1.854429,1.367729,-0.66881
1.853844,1.36159,-0.67948
1.852382,1.360421,-0.67641
1.857644,1.35779,-0.671441
1.850336,1.36159,-0.673487
1.849752,1.368606,-0.670418
1.850044,1.362759,-0.67261
1.857059,1.360713,-0.667056
1.850628,1.357498,-0.676995
1.856767,1.367729,-0.676849
1.858229,1.35779,-0.670856
1.860567,1.358375,-0.677433
1.859105,1.356036,-0.681087
1.855013,1.368313,-0.67451
1.852675,1.361882,-0.674657
1.847998,1.364513,-0.669833
1.850044,1.363636,-0.677726
1.851505,1.358667,-0.669395
1.852382,1.363052,-0.667349
1.852967,1.35779,-0.672172
1.856182,1.363344,-0.67188
1.847998,1.360713,-0.672756
1.856182,1.362175,-0.667203
1.855598,1.35779,-0.67071
1.859105,1.36539,-0.672318
1.859105,1.358082,-0.677872
1.847413,1.368898,-0.670272
1.848582,1.362759,-0.671733
1.852675,1.363929,-0.673633
1.851505,1.361882,-0.673487
1.857936,1.363052,-0.678457
1.849752,1.368313,-0.666326
1.852675,1.364806,-0.680649
1.851213,1.366267,-0.670126
1.855305,1.359544,-0.68138
1.850336,1.361882,-0.673341
1.843321,1.354575,-0.675533
1.84829,1.361006,-0.669833
1.853844,1.364513,-0.677287
1.847998,1.365098,-0.678018
1.854136,1.367436,-0.675241
1.851213,1.356913,-0.678895
1.847413,1.36159,-0.675533
1.849459,1.364221,-0.673487
1.85209,1.363929,-0.671003
1.851213,1.363344,-0.680941
1.852675,1.366852,-0.672903
1.857644,1.364221,-0.67758
1.849459,1.355159,-0.669249
1.845951,1.354867,-0.676118
1.848582,1.36159,-0.67758
1.847121,1.358959,-0.676849
1.852675,1.361006,-0.683134
1.849752,1.35399,-0.67378
1.846244,1.358082,-0.682987
1.853552,1.354282,-0.682403
1.846536,1.363636,-0.686495
1.848582,1.358667,-0.67948
1.848582,1.359836,-0.66998
1.845367,1.358667,-0.672026
1.857059,1.361006,-0.677141
1.850336,1.359544,-0.680064
1.855598,1.362467,-0.669541
1.843321,1.365683,-0.67378
1.851505,1.365683,-0.674072
1.850628,1.361006,-0.680064
1.852967,1.366267,-0.67831
1.851505,1.355452,-0.684741
1.858813,1.364806,-0.681818
1.857059,1.362467,-0.674072
1.855598,1.361882,-0.678164
1.848582,1.361882,-0.672464
1.849752,1.363052,-0.675533
1.848582,1.360421,-0.690441
1.851213,1.361882,-0.680503
1.848582,1.360713,-0.664279
1.856475,1.365975,-0.667933
1.849459,1.363344,-0.678164
1.848875,1.364513,-0.674949
1.858521,1.363636,-0.67641
1.862906,1.367729,-0.678457
1.852675,1.362759,-0.680357
1.853552,1.358667,-0.685326
1.852967,1.359252,-0.679187
1.85209,1.358667,-0.665156
1.846244,1.364221,-0.68898
1.850921,1.358082,-0.683718
1.844782,1.362467,-0.685326
1.857059,1.353113,-0.680795
1.854136,1.363344,-0.683134
1.854721,1.364221,-0.687664
1.851505,1.361882,-0.679772
1.849752,1.365975,-0.678018
1.848875,1.36656,-0.688103
1.859105,1.356329,-0.681526
1.848582,1.361298,-0.676118
1.851798,1.355744,-0.673926
1.852382,1.361006,-0.68021
1.844782,1.359252,-0.67188
1.845659,1.364806,-0.682257
1.856475,1.358082,-0.681672
1.854429,1.358959,-0.686495
1.847705,1.355452,-0.666033
1.853552,1.362175,-0.683864
1.85969,1.36539,-0.682403
1.852675,1.362759,-0.679626
1.851798,1.360713,-0.678749
1.842736,1.358959,-0.677287
1.851213,1.355452,-0.680064
1.855013,1.360421,-0.673049
1.855013,1.36656,-0.67378
1.851213,1.360713,-0.687226
1.84829,1.361006,-0.67948
1.852675,1.360713,-0.682257
1.861152,1.359544,-0.680064
1.853844,1.362759,-0.68898
1.851798,1.367144,-0.675826
1.854136,1.363636,-0.674803
1.856182,1.359252,-0.67758
1.848875,1.360713,-0.68328
1.854136,1.361882,-0.680357
1.847413,1.364221,-0.67948
1.851213,1.354867,-0.691318
1.853844,1.360129,-0.689126
1.853552,1.359836,-0.686934
1.85969,1.361298,-0.68708
1.85969,1.356621,-0.676995
1.853844,1.360129,-0.673926
1.854429,1.359836,-0.686934
1.851213,1.36159,-0.682987
1.857059,1.357206,-0.672318
1.853844,1.360713,-0.673049
1.855013,1.357206,-0.674218
1.84829,1.363052,-0.673049
1.857936,1.356621,-0.67451
1.84829,1.355452,-0.680649
1.854136,1.362175,-0.679334
1.842736,1.356621,-0.687226
1.850336,1.365098,-0.67831
1.853844,1.361298,-0.679918
1.84829,1.357498,-0.680649
1.849752,1.362175,-0.674949
1.851505,1.362759,-0.697895
1.850921,1.36159,-0.68211
1.854429,1.361298,-0.67568
1.85209,1.358667,-0.673341
1.858521,1.361298,-0.68138
1.853844,1.358959,-0.678603
1.850628,1.356329,-0.67641
1.852382,1.357206,-0.682841
1.854721,1.354575,-0.68708
1.848582,1.357498,-0.682549
1.857936,1.364221,-0.679918
1.857936,1.354282,-0.675241
1.856475,1.357206,-0.672756
1.857352,1.353698,-0.676703
1.854136,1.34639,-0.674949
1.849167,1.358375,-0.67758
1.844198,1.355452,-0.684303
1.84449,1.351652,-0.67831
1.850044,1.362759,-0.682987
1.851505,1.358082,-0.678895
1.854721,1.363052,-0.680503
1.852967,1.361882,-0.684595
1.849459,1.359252,-0.703011
1.853844,1.363929,-0.685618
1.846828,1.361006,-0.681818
1.856767,1.355452,-0.674218
1.848582,1.365683,-0.68211
1.855598,1.361298,-0.680503
1.853259,1.364806,-0.668664
1.850336,1.362175,-0.67378
1.855598,1.360421,-0.667641
1.855598,1.356329,-0.684741
1.854721,1.36656,-0.672464
1.854429,1.359544,-0.674218
1.858813,1.359252,-0.679187
1.852382,1.363052,-0.674364
1.853259,1.364221,-0.68021
1.848582,1.366267,-0.679918
1.84829,1.358082,-0.676118
1.84449,1.35779,-0.666764
1.854429,1.358375,-0.676703
1.850044,1.356329,-0.68898
1.850336,1.361006,-0.673633
1.852382,1.360421,-0.684303
1.849459,1.356621,-0.682695
1.857059,1.363344,-0.675387
1.852675,1.365098,-0.670856
1.85209,1.363052,-0.679334
1.847413,1.36656,-0.666764
1.854429,1.358375,-0.674803
1.856182,1.359836,-0.679772
1.851213,1.362759,-0.667495
1.857352,1.362759,-0.683426
1.857936,1.357498,-0.677287
1.849752,1.360713,-0.686057
1.849752,1.35779,-0.682549
1.857059,1.358667,-0.681234
1.848875,1.359544,-0.686787
1.843613,1.358959,-0.670856
1.84829,1.358667,-0.684011
1.853844,1.356913,-0.691026
1.853844,1.354575,-0.674364
1.844782,1.355744,-0.681234
1.852967,1.357206,-0.667056
1.85209,1.353113,-0.679041
1.849459,1.358667,-0.682403
1.852382,1.360129,-0.677726
1.848875,1.354575,-0.679626
1.856767,1.355452,-0.670272
1.85589,1.357498,-0.684157
1.853552,1.358082,-0.672026
1.852382,1.354867,-0.671003
1.849752,1.359544,-0.682257
1.855305,1.357206,-0.670418
1.849752,1.363929,-0.67831
1.846828,1.366267,-0.674803
1.854721,1.360129,-0.670272
1.861736,1.365683,-0.668079
1.856767,1.364221,-0.677141
1.857644,1.36159,-0.67071
1.852967,1.36656,-0.67188
1.854721,1.359544,-0.678457
1.851798,1.35399,-0.670126
1.853259,1.359252,-0.674072
1.855013,1.362175,-0.671003
1.849752,1.356621,-0.679918
1.856767,1.362175,-0.677433
1.851213,1.365683,-0.685911
1.85209,1.359836,-0.67378
1.850921,1.358375,-0.682403
1.849752,1.356913,-0.683864
1.854429,1.373283,-0.685618
1.857352,1.365975,-0.675241
1.852382,1.363636,-0.664133
1.852967,1.37299,-0.678895
1.853259,1.360421,-0.67948
1.851798,1.363929,-0.667203
1.852675,1.361298,-0.674218
1.850044,1.364221,-0.668518
1.852967,1.366267,-0.678018
1.856182,1.368898,-0.682695
1.849752,1.363344,-0.671587
1.853552,1.365098,-0.675533
1.86349,1.36539,-0.674364
1.858521,1.364806,-0.669541
1.857352,1.365683,-0.68518
1.853844,1.362467,-0.675972
1.859982,1.360421,-0.684303
1.854721,1.36656,-0.673926
1.855305,1.362175,-0.672464
1.860859,1.372113,-0.676703
1.853259,1.365683,-0.679626
1.852675,1.366267,-0.664279
1.851505,1.35779,-0.680941
1.855305,1.356913,-0.68518
1.85209,1.361298,-0.679918
1.851505,1.367144,-0.683426
1.85209,1.364513,-0.678895
1.856767,1.356913,-0.67641
1.85209,1.373575,-0.673049
1.847705,1.364513,-0.677141
1.847413,1.35779,-0.676849
1.852967,1.365683,-0.665449
1.854136,1.362759,-0.678164
1.852382,1.359836,-0.673341
1.853844,1.363344,-0.678895
1.85209,1.36919,-0.674803
1.853259,1.364806,-0.675533
1.85969,1.366852,-0.675387
1.856182,1.364513,-0.674657
1.848582,1.361298,-0.672172
1.849752,1.361298,-0.675387
1.852675,1.371529,-0.673341
1.854429,1.361006,-0.670856
1.85589,1.360421,-0.672318
1.853844,1.361298,-0.671003
1.85209,1.357206,-0.688103
1.852967,1.362467,-0.678018
1.853259,1.365098,-0.674657
1.84829,1.360713,-0.672756
1.853259,1.365098,-0.673195
1.854721,1.358959,-0.67451
1.85589,1.367729,-0.677141
1.857352,1.366267,-0.683572
1.864367,1.36539,-0.680649
1.861444,1.363344,-0.674218
1.860275,1.364513,-0.678164
1.854429,1.362467,-0.685326
1.855598,1.356913,-0.679918
1.855598,1.360129,-0.671003
1.85969,1.354575,-0.669249
1.854721,1.360713,-0.67188
1.851798,1.363344,-0.674657
1.856182,1.357498,-0.687226
1.856182,1.361006,-0.67758
1.857352,1.362175,-0.677287
1.857644,1.363929,-0.672464
1.850921,1.364806,-0.675387
1.852675,1.367729,-0.679041
1.864075,1.359252,-0.670856
1.857644,1.367144,-0.67261
1.850628,1.365683,-0.66881
1.857059,1.364806,-0.677141
1.855305,1.365975,-0.667495
1.856767,1.366852,-0.672903
1.855598,1.361882,-0.673633
1.857352,1.362759,-0.680064
1.851505,1.360713,-0.672464
1.858813,1.36656,-0.684157
1.85969,1.363052,-0.669687
1.857352,1.360713,-0.667641
1.85969,1.356621,-0.681672
1.85589,1.358667,-0.674072
1.865244,1.362759,-0.676849
1.85969,1.358959,-0.668664
1.858229,1.357206,-0.665303
1.857936,1.36539,-0.67378
1.850921,1.361298,-0.662233
1.855305,1.360713,-0.679918
1.857352,1.359836,-0.674072
1.852675,1.361006,-0.68138
1.851213,1.360713,-0.673487
1.854721,1.361882,-0.676995
1.853552,1.36539,-0.66881
1.855305,1.365098,-0.679041
1.853844,1.363344,-0.676557
1.849167,1.363929,-0.677726
1.843905,1.363052,-0.674072
1.850921,1.359544,-0.678457
1.852675,1.363052,-0.679918
1.856182,1.362759,-0.672172
1.854721,1.365683,-0.667787
1.852382,1.35399,-0.664864
1.860275,1.362175,-0.675241
1.852382,1.362759,-0.67641
1.848875,1.359252,-0.68021
1.856182,1.367729,-0.678603
1.856475,1.363929,-0.672756
1.856475,1.367436,-0.674364
1.861736,1.369775,-0.685472
1.855598,1.361298,-0.672903
1.855305,1.370944,-0.678018
1.860567,1.363344,-0.673341
1.859105,1.36656,-0.675826
1.85589,1.372113,-0.673195
1.853552,1.365683,-0.683426
1.853552,1.360421,-0.668079
1.850044,1.367729,-0.686349
1.858521,1.361006,-0.672756
1.854721,1.363636,-0.676703
1.854429,1.364806,-0.677141
1.85969,1.36539,-0.675533
1.860275,1.367436,-0.680941
1.84829,1.361006,-0.67948
1.853552,1.363929,-0.681818
1.843905,1.349898,-0.672756
1.847998,1.372406,-0.68021
1.850336,1.36159,-0.67758
1.849167,1.364513,-0.679041
1.851505,1.359544,-0.673633
1.850921,1.363929,-0.673195
1.849167,1.358082,-0.67641
1.851505,1.356329,-0.676849
1.845075,1.356329,-0.670272
1.853259,1.361882,-0.668518
1.847121,1.360713,-0.680795
1.849459,1.362467,-0.682549
1.852967,1.359836,-0.676703
1.846828,1.36539,-0.677872
1.857059,1.360129,-0.677433
1.84829,1.361006,-0.684011
1.852675,1.358959,-0.66691
1.847705,1.360421,-0.660479
1.852675,1.362175,-0.678018
1.850336,1.356036,-0.677433
1.850336,1.36159,-0.667495
1.847413,1.363344,-0.662379
1.847998,1.364221,-0.665449
1.853259,1.358082,-0.669103
1.84829,1.365975,-0.67831
1.849459,1.359836,-0.670564
1.856182,1.364806,-0.673195
1.846828,1.356913,-0.680357
1.854136,1.363929,-0.682549
1.849459,1.364806,-0.638702
1.848875,1.372698,-0.669249
1.855598,1.369483,-0.672318
1.852967,1.363344,-0.672464
1.853259,1.364513,-0.669103
1.853844,1.361882,-0.670856
1.853552,1.359836,-0.665887
1.847121,1.36539,-0.672756
1.849459,1.365975,-0.67641
1.85209,1.36159,-0.673487
1.853259,1.363344,-0.675533
1.851213,1.36656,-0.664426
1.853844,1.364221,-0.662087
1.850044,1.362759,-0.667056
1.857059,1.357498,-0.662818
1.853259,1.356913,-0.668518
1.858813,1.361882,-0.671295
1.854721,1.364806,-0.669395
1.855013,1.37299,-0.682403
1.858521,1.363052,-0.670272
1.849167,1.366852,-0.668956
1.855305,1.354575,-0.665887
1.859982,1.359252,-0.668226
1.849459,1.357206,-0.673633
1.860567,1.365683,-0.673633
1.851798,1.35779,-0.666618
1.85589,1.361006,-0.666764
1.857059,1.363929,-0.676849
1.848875,1.361882,-0.671587
1.858521,1.358375,-0.67188
1.848582,1.356621,-0.667349
1.856182,1.362467,-0.677287
1.858813,1.358667,-0.662964
1.857352,1.359544,-0.681087
1.858813,1.361006,-0.664572
1.854136,1.358667,-0.677287
1.854136,1.358959,-0.671003
1.847705,1.365975,-0.707542
1.852967,1.360129,-0.669541
1.84449,1.366267,-0.676118
1.852675,1.362175,-0.669541
1.858229,1.354282,-0.67831
1.852382,1.360421,-0.673341
1.85589,1.363929,-0.686203
1.854429,1.35779,-0.673487
1.851798,1.361882,-0.674657
1.850921,1.365098,-0.676703
1.854136,1.363929,-0.669541
1.851505,1.356913,-0.675241
1.849752,1.361298,-0.674218
1.857936,1.360421,-0.685472
1.85589,1.356913,-0.67758
1.853259,1.36159,-0.680941
1.850336,1.358667,-0.679772
1.860275,1.362467,-0.685472
1.852967,1.362467,-0.682987
1.865829,1.37416,-0.677872
1.860275,1.364806,-0.680941
1.861152,1.368606,-0.68138
1.853552,1.359252,-0.690149
1.853844,1.363344,-0.674218
1.855598,1.367436,-0.669541
1.858813,1.360129,-0.683864
1.845659,1.386437,-0.693072
1.831044,1.414499,-0.709296
1.814089,1.446653,-0.741011
1.795381,1.475592,-0.782374
1.786904,1.504823,-0.827097
1.77492,1.512423,-0.840982
1.765273,1.509792,-0.871967
1.770243,1.498685,-0.88746
1.773458,1.484069,-0.890968
1.783104,1.450745,-0.889068
1.795381,1.411576,-0.887898
1.801812,1.377375,-0.883075
1.823443,1.342298,-0.849898
1.82929,1.320374,-0.843467
1.841859,1.290558,-0.837036
1.853552,1.282666,-0.816866
1.847998,1.27682,-0.810728
1.856182,1.258112,-0.813066
1.864367,1.251096,-0.80532
1.869044,1.247296,-0.79962
1.874013,1.238234,-0.799766
1.870213,1.229757,-0.788658
1.875183,1.226834,-0.789097
1.883075,1.229173,-0.792166
1.87869,1.221573,-0.781058
1.886291,1.220111,-0.781204
1.885121,1.227127,-0.778574
1.885121,1.216311,-0.769804
1.883075,1.220111,-0.776966
1.890091,1.217773,-0.758696
1.889506,1.219526,-0.766296
1.892721,1.215142,-0.761181
1.893891,1.213973,-0.770973
1.896521,1.209003,-0.773604
1.887752,1.211049,-0.766443
1.886583,1.206957,-0.77302
1.889214,1.216019,-0.773166
1.893306,1.216019,-0.771266
1.890675,1.211926,-0.766735
1.886291,1.205788,-0.778866
1.881906,1.205495,-0.771704
1.889506,1.205203,-0.780766
1.894768,1.208711,-0.764104
1.892721,1.207249,-0.771704
1.889798,1.207834,-0.769804
1.886583,1.209588,-0.764543
1.885414,1.204911,-0.781643
1.885706,1.212219,-0.77302
1.891552,1.205788,-0.775358
1.894475,1.210172,-0.767466
1.894475,1.206957,-0.763373
1.891552,1.209003,-0.769073
1.887167,1.199065,-0.772289
1.894183,1.204911,-0.775212
1.884537,1.20228,-0.774189
1.891845,1.205788,-0.771704
1.881029,1.201695,-0.776673
1.89126,1.206665,-0.767904
1.894475,1.200818,-0.757966
1.885998,1.197311,-0.769804
1.883367,1.208711,-0.762496
1.890091,1.198772,-0.765273
1.887752,1.201988,-0.767904
1.893306,1.203449,-0.77185
1.884829,1.215142,-0.764396
1.886875,1.218357,-0.770681
1.876352,1.232681,-0.787197
1.861444,1.262496,-0.821543
1.840105,1.299912,-0.852967
1.819351,1.35399,-0.86919
1.800351,1.406314,-0.874744
1.779304,1.442268,-0.890821
1.767027,1.479392,-0.884537
1.767027,1.5019,-0.876206
1.764104,1.511546,-0.873575
1.770243,1.5133,-0.851359
1.77872,1.515346,-0.82169
1.787781,1.502485,-0.795381
1.792166,1.482607,-0.766881
1.808828,1.462438,-0.751827
1.813213,1.449284,-0.737357
1.819059,1.444314,-0.733557
1.814966,1.435838,-0.727127
1.819351,1.425022,-0.71178
1.832213,1.408945,-0.697895
1.82812,1.407776,-0.70418
1.833382,1.401637,-0.698188
1.840105,1.389944,-0.70038
1.843613,1.390821,-0.694388
1.847998,1.383806,-0.674218
1.842736,1.369483,-0.677726
1.847998,1.375329,-0.676557
1.847998,1.378252,-0.684011
1.847705,1.375914,-0.682987
1.856475,1.374452,-0.677433
1.848875,1.370944,-0.688541
1.852675,1.36159,-0.674803
1.845075,1.368606,-0.682841
1.852675,1.368313,-0.668372
1.845367,1.357206,-0.671587
1.849459,1.366267,-0.676849
1.84829,1.358082,-0.704472
1.852967,1.358375,-0.679187
1.849752,1.363344,-0.666472
1.849459,1.362175,-0.664426
1.850044,1.360421,-0.682257
1.853259,1.36656,-0.666472
1.855013,1.361298,-0.671003
1.850628,1.363344,-0.678895
1.851505,1.360129,-0.682549
1.846828,1.360129,-0.666618
1.846244,1.360421,-0.68138
1.845659,1.355744,-0.680649
1.851798,1.358667,-0.675241
1.854136,1.356621,-0.679187
1.851213,1.357498,-0.671295
1.852382,1.360129,-0.676557
1.851505,1.361882,-0.679187
1.851505,1.364513,-0.679626
1.85209,1.358959,-0.68211
1.861444,1.353698,-0.682695
1.856475,1.359544,-0.67188
1.850628,1.363052,-0.684449
1.85969,1.359252,-0.683426
1.846536,1.358375,-0.672756
1.852382,1.363636,-0.684011
1.85209,1.358082,-0.67948
1.842736,1.361298,-0.683864
1.848875,1.355452,-0.680649
1.84829,1.359544,-0.682841
1.847998,1.352528,-0.683426
1.855013,1.35399,-0.669395
1.853844,1.361006,-0.674949
1.851505,1.364221,-0.673633
1.85209,1.366267,-0.679334
1.856182,1.356036,-0.685034
1.852382,1.363636,-0.67758
1.850921,1.363052,-0.685618
1.850044,1.356329,-0.684011
1.856182,1.352236,-0.687518
1.854721,1.361006,-0.68021
1.854721,1.360421,-0.683864
1.850336,1.353698,-0.679334
1.85209,1.356329,-0.680503
1.857352,1.363344,-0.679041
1.853259,1.354575,-0.673633
1.853552,1.363636,-0.676849
1.850628,1.361006,-0.678018
1.855598,1.364221,-0.681964
1.853259,1.36159,-0.705203
1.854136,1.356913,-0.674657
1.84829,1.360713,-0.684449
1.855013,1.36159,-0.689126
1.857936,1.36159,-0.683134
1.851798,1.359544,-0.67071
1.851505,1.360421,-0.677141
1.84449,1.358375,-0.680649
1.85209,1.355452,-0.674949
1.849752,1.352821,-0.673487
1.850921,1.358959,-0.672756
1.848875,1.361298,-0.673487
1.852675,1.357498,-0.683572
1.849167,1.356036,-0.67641
1.850628,1.360421,-0.678164
1.851798,1.365975,-0.686787
1.845951,1.365975,-0.679334
1.85209,1.361882,-0.67831
1.847705,1.362467,-0.678749
1.858521,1.364221,-0.673926
1.850921,1.360129,-0.682695
1.850336,1.367144,-0.679626
1.845367,1.360129,-0.690003
1.850628,1.358375,-0.675972
1.855305,1.359836,-0.673926
1.852967,1.359252,-0.67641
1.859398,1.365098,-0.672903
1.85589,1.361298,-0.67451
1.855013,1.356621,-0.674803
1.857644,1.358959,-0.690441
1.849167,1.362759,-0.668664
1.854721,1.358667,-0.676557
1.853259,1.361006,-0.678749
1.853259,1.352528,-0.685034
1.851505,1.363052,-0.676849
1.851505,1.364221,-0.679918
1.855598,1.366267,-0.68708
1.845075,1.359544,-0.680795
1.849752,1.361882,-0.681234
1.850336,1.364806,-0.68211
1.851798,1.361298,-0.673049
1.845659,1.364221,-0.699795
1.857352,1.355452,-0.68328
1.85209,1.362175,-0.674364
1.850921,1.361006,-0.688249
1.851798,1.361882,-0.675241
1.854721,1.364806,-0.688541
1.859105,1.366852,-0.676557
1.856182,1.358667,-0.685764
1.850336,1.358082,-0.680795
1.849459,1.354867,-0.678164
1.847413,1.353698,-0.678164
1.851505,1.365098,-0.684887
1.851798,1.356913,-0.682987
1.853552,1.363344,-0.673195
1.85589,1.360421,-0.678018
1.857352,1.364806,-0.677433
1.856767,1.361882,-0.666618
1.854136,1.360713,-0.683572
1.855013,1.356329,-0.676118
1.850044,1.361882,-0.686349
1.850336,1.358375,-0.680503
1.855013,1.362467,-0.67568
1.85209,1.363052,-0.684449
1.851505,1.362467,-0.674803
1.851505,1.361882,-0.678749
1.852967,1.362467,-0.672464
1.848875,1.361882,-0.676264
1.851798,1.356329,-0.669103
1.845367,1.368021,-0.680941
1.854429,1.363344,-0.675095
1.851505,1.359836,-0.675826
1.851213,1.364806,-0.675533
1.857936,1.370652,-0.679918
1.854429,1.363636,-0.679187
1.845659,1.360421,-0.67451
1.847413,1.36159,-0.673195
1.851798,1.366852,-0.684887
1.84829,1.368313,-0.685034
1.847121,1.362175,-0.689564
1.855013,1.358375,-0.681526
1.857352,1.360713,-0.677726
1.850628,1.356329,-0.673341
1.855598,1.362175,-0.686934
1.853259,1.360713,-0.68021
1.856475,1.36159,-0.679041
1.862613,1.360421,-0.668079
1.85209,1.363344,-0.679626
1.855598,1.363636,-0.678457
1.854136,1.359252,-0.67378
1.85969,1.358667,-0.678457
1.857936,1.347559,-0.677872
1.851505,1.360713,-0.681818
1.851505,1.361298,-0.678457
1.850628,1.36539,-0.680649
1.855305,1.370652,-0.681526
1.852675,1.354575,-0.693218
1.849167,1.364513,-0.681964
1.857936,1.362759,-0.680649
1.848875,1.363929,-0.684449
1.854429,1.362467,-0.684157
1.852675,1.365683,-0.679918
1.853844,1.365098,-0.675826
1.846536,1.366267,-0.681818
1.854136,1.363636,-0.684595
1.847121,1.362467,-0.683864
1.852967,1.358375,-0.683718
1.85589,1.365683,-0.679772
1.862321,1.367436,-0.67758
1.858521,1.367144,-0.67188
1.843028,1.362175,-0.670418
1.85209,1.367144,-0.673341
1.850044,1.355159,-0.672464
1.855305,1.363052,-0.680503
1.851798,1.370652,-0.680649
1.843905,1.361006,-0.68138
1.851505,1.361006,-0.67378
1.850921,1.364221,-0.66881
1.855013,1.364221,-0.675826
1.852675,1.361882,-0.678749
1.85589,1.366267,-0.684449
1.857059,1.363344,-0.681087
1.860859,1.365975,-0.675387
1.863783,1.368606,-0.670856
1.860859,1.367729,-0.679626
1.857352,1.362467,-0.679626
1.845659,1.364513,-0.686349
1.855013,1.364513,-0.683134
1.848875,1.363929,-0.67568
1.849459,1.365683,-0.674803
1.852675,1.364221,-0.676995
1.849752,1.358667,-0.669395
1.850044,1.368606,-0.67568
1.853844,1.364806,-0.675826
1.854429,1.363929,-0.679334
1.856182,1.360421,-0.67378
1.85209,1.371821,-0.673633
1.863198,1.361882,-0.682695
1.857059,1.364221,-0.686934
1.858813,1.361882,-0.676849
1.861444,1.365098,-0.678457
1.858229,1.363052,-0.678018
1.852675,1.365975,-0.688249
1.861444,1.369775,-0.672026
1.848582,1.36656,-0.689418
1.858521,1.365098,-0.685911
1.861736,1.370652,-0.67568
1.854429,1.367436,-0.682403
1.849752,1.361882,-0.669687
1.850336,1.365098,-0.66881
1.851798,1.362467,-0.679334
1.855598,1.363052,-0.67451
1.85589,1.36159,-0.67641
1.845659,1.361298,-0.684157
1.855305,1.360129,-0.674218
1.849167,1.361006,-0.678603
1.864075,1.363052,-0.663987
1.864075,1.37679,-0.674803
1.858229,1.367144,-0.673633
1.858229,1.366852,-0.675533
1.850628,1.363344,-0.66998
1.855598,1.363636,-0.687372
1.851213,1.358667,-0.673926
1.853844,1.365975,-0.675387
1.850044,1.366267,-0.684887
1.851213,1.359836,-0.678895
1.853552,1.360421,-0.673341
1.855305,1.359836,-0.680064
1.853844,1.366267,-0.674803
1.855598,1.362759,-0.67261
1.850921,1.361298,-0.677726
1.854136,1.362467,-0.669395
1.854721,1.361882,-0.682257
1.861152,1.36656,-0.672464
1.849167,1.356913,-0.674949
1.860859,1.364806,-0.67831
1.860275,1.36919,-0.674218
1.853844,1.366852,-0.676703
1.852967,1.362467,-0.674218
1.852675,1.362175,-0.67831
1.851213,1.360421,-0.678164
1.85969,1.360421,-0.68518
1.85969,1.363636,-0.684157
1.842736,1.360713,-0.675387
1.849459,1.361298,-0.682257
1.848582,1.358959,-0.68328
1.847413,1.369775,-0.686641
1.852382,1.358667,-0.67568
1.851505,1.363636,-0.682695
1.855598,1.36919,-0.676703
1.85969,1.364513,-0.670418
1.849459,1.365098,-0.680503
1.847413,1.372698,-0.679918
1.855598,1.363052,-0.677726
1.85589,1.364513,-0.67451
1.852382,1.365683,-0.67831
1.849752,1.370652,-0.667787
1.851798,1.367436,-0.676118
1.846536,1.362175,-0.675826
1.850044,1.363052,-0.679626
1.85209,1.363929,-0.675241
1.851213,1.361006,-0.670564
1.849167,1.365098,-0.667641
1.857644,1.359544,-0.674949
1.85969,1.363636,-0.671295
1.861152,1.365683,-0.67071
1.852382,1.362467,-0.673049
1.853552,1.364513,-0.663402
1.855598,1.358667,-0.675387
1.852675,1.363929,-0.669833
1.856767,1.363636,-0.67261
1.857059,1.370944,-0.667056
1.854136,1.360421,-0.683718
1.848582,1.363636,-0.675826
1.845659,1.352821,-0.67948
1.855598,1.353113,-0.677287
1.852675,1.357498,-0.676557
1.851213,1.355744,-0.677872
1.850628,1.363929,-0.682987
1.85589,1.361298,-0.683864
1.85589,1.358959,-0.677141
1.849167,1.359252,-0.672903
1.847121,1.361882,-0.675826
1.858521,1.361882,-0.678749
1.854721,1.356913,-0.67261
1.847705,1.361298,-0.668664
1.849459,1.363344,-0.671149
1.859105,1.358667,-0.674949
1.850921,1.359252,-0.680357
1.855013,1.358082,-0.669395
1.854136,1.363052,-0.679772
1.848875,1.352528,-0.671441
1.845075,1.361298,-0.676118
1.854429,1.362467,-0.686203
1.857059,1.361882,-0.667641
1.850628,1.363052,-0.680941
1.864075,1.364513,-0.676118
1.849459,1.359544,-0.670126
1.851505,1.368313,-0.685618
1.85589,1.358375,-0.670126
1.851798,1.362467,-0.666472
1.846244,1.358082,-0.672318
1.858229,1.365683,-0.673487
1.855305,1.362175,-0.681234
1.857352,1.362759,-0.679187
1.854721,1.360129,-0.670856
1.859105,1.362467,-0.684887
1.850628,1.368898,-0.686057
1.853259,1.358959,-0.681234
1.853552,1.363636,-0.681526
1.856767,1.367436,-0.679187
1.859982,1.370652,-0.679918
1.862613,1.365098,-0.679626
1.849459,1.366852,-0.67261
1.864367,1.365683,-0.666326
1.857644,1.364221,-0.675972
1.847413,1.361882,-0.674657
1.860275,1.360421,-0.676557
1.856767,1.365098,-0.674218
1.849752,1.365098,-0.679918
1.853259,1.363344,-0.686057
1.853552,1.358375,-0.67378
1.854721,1.368021,-0.674949
1.864659,1.361298,-0.676995
1.858521,1.362175,-0.674949
1.854136,1.357498,-0.671587
1.860859,1.349898,-0.684303
1.853259,1.365975,-0.676849
1.856182,1.359252,-0.67831
1.860859,1.360713,-0.675972
1.85209,1.358082,-0.678895
1.852967,1.363344,-0.673341
1.852675,1.363052,-0.685472
1.854136,1.368606,-0.684157
1.854429,1.36159,-0.68021
1.85969,1.358667,-0.679772
1.852382,1.361298,-0.66501
1.859982,1.365683,-0.677872
1.856475,1.367729,-0.681672
1.85969,1.369483,-0.675387
1.859398,1.362759,-0.684449
1.856182,1.36919,-0.681234
1.854136,1.370652,-0.675533
1.856767,1.364806,-0.667641
1.86349,1.368606,-0.666326
1.857644,1.358082,-0.669833
1.855598,1.366267,-0.678749
1.852382,1.361006,-0.677726
1.859982,1.366267,-0.671587
1.860859,1.362759,-0.678603
1.856767,1.367436,-0.682987
1.854136,1.362175,-0.672756
1.851213,1.36539,-0.67378
1.85209,1.360421,-0.674072
1.850921,1.364806,-0.667787
1.856475,1.358959,-0.66881
1.850921,1.358375,-0.678749
1.857352,1.363344,-0.681672
1.851213,1.365975,-0.669687
1.845659,1.359252,-0.666764
1.848875,1.363636,-0.679041
1.849752,1.361882,-0.677287
1.84829,1.357498,-0.665303
1.852675,1.361298,-0.670126
1.846828,1.356329,-0.674072
1.855305,1.359836,-0.670856
1.852967,1.360421,-0.670564
1.85209,1.359252,-0.67568
1.843613,1.363636,-0.669833
1.843613,1.353698,-0.673633
1.851505,1.361298,-0.678457
1.853844,1.367729,-0.677287
1.854429,1.369775,-0.67831
1.85589,1.369483,-0.67378
1.851505,1.368021,-0.683718
1.850336,1.363636,-0.643525
1.850921,1.367144,-0.676703
1.858229,1.359252,-0.674072
1.853552,1.365975,-0.680795
1.850921,1.361882,-0.68138
1.854429,1.363636,-0.67948
1.849167,1.361882,-0.676995
1.860567,1.368898,-0.667495
1.85969,1.365975,-0.680941
1.854429,1.36159,-0.680795
1.854721,1.364513,-0.681526
1.847413,1.370067,-0.666764
1.852675,1.362175,-0.67641
1.848875,1.365975,-0.678749
1.850044,1.368021,-0.676557
1.850044,1.364806,-0.68138
1.856475,1.363636,-0.686934
1.843613,1.363929,-0.684157
1.85209,1.368606,-0.68138
1.85589,1.357498,-0.678164
1.846536,1.362759,-0.675241
1.851213,1.358082,-0.679918
1.847705,1.360421,-0.673195
1.851213,1.359544,-0.67831
1.849167,1.361006,-0.674218
1.851505,1.365975,-0.681234
1.853552,1.360129,-0.66311
1.85209,1.357206,-0.679626
1.853552,1.359836,-0.680941
1.858813,1.356913,-0.676557
1.849167,1.36159,-0.679626
1.853844,1.352236,-0.681087
1.848582,1.359252,-0.679187
1.850921,1.360129,-0.680503
1.852967,1.358959,-0.678895
1.850628,1.353405,-0.674949
1.845659,1.357498,-0.677433
1.850044,1.361006,-0.672903
1.850628,1.354867,-0.679041
1.851213,1.356913,-0.68138
1.847998,1.356329,-0.687811
1.847705,1.359836,-0.679041
1.846536,1.365098,-0.689564
1.847121,1.358667,-0.672756
1.847998,1.355452,-0.690295
1.85209,1.355159,-0.688249
1.850336,1.361298,-0.675387
1.843613,1.361006,-0.676703
1.845659,1.356036,-0.672026
1.852382,1.360713,-0.676118
1.852967,1.358667,-0.677287
1.848582,1.357498,-0.68138
1.857644,1.349898,-0.672172
1.854721,1.356036,-0.678749
1.848582,1.356036,-0.676118
1.850336,1.351652,-0.675533
1.845367,1.357498,-0.682549
1.849167,1.358959,-0.676557
1.84829,1.360129,-0.679918
1.865536,1.364513,-0.675241
1.857644,1.359836,-0.679626
1.851213,1.369483,-0.675095
1.838059,1.383514,-0.688541
1.828997,1.402514,-0.716019
1.811751,1.441684,-0.75475
1.791581,1.483777,-0.791289
1.781058,1.507162,-0.813359
1.772581,1.510085,-0.85589
1.76235,1.494884,-0.870798
1.761473,1.496054,-0.895937
1.764689,1.475592,-0.888337
1.77755,1.445484,-0.894329
1.792458,1.418883,-0.890968
1.805028,1.376498,-0.886729
1.820813,1.34259,-0.873429
1.830751,1.306928,-0.845367
1.842444,1.296697,-0.840544
1.843028,1.283835,-0.837182
1.855013,1.282081,-0.828997
1.854429,1.267466,-0.819936
1.86349,1.251388,-0.802397
1.859398,1.246711,-0.808828
1.86349,1.235604,-0.785443
1.866121,1.239111,-0.786466
1.871383,1.227419,-0.786758
1.873429,1.225957,-0.786758
1.874013,1.229757,-0.786612
1.87226,1.22128,-0.786027
1.88746,1.223034,-0.778574
1.88366,1.213973,-0.789681
1.881321,1.215726,-0.772143
1.88746,1.222157,-0.765419
1.878106,1.215726,-0.770681
1.885121,1.220111,-0.765419
1.886291,1.212219,-0.772435
1.886291,1.211049,-0.764835
1.887752,1.213973,-0.769804
1.882783,1.219234,-0.774189
1.88366,1.218065,-0.763519
1.885998,1.213973,-0.766004
1.889214,1.201403,-0.76922
1.887167,1.213096,-0.761473
1.887167,1.212803,-0.767173
1.888629,1.216896,-0.762204
1.890091,1.20988,-0.775797
1.880444,1.208126,-0.758404
1.883952,1.212511,-0.773604
1.882198,1.207542,-0.766881
1.881614,1.206957,-0.768196
1.886291,1.209003,-0.760304
1.884537,1.211926,-0.752704
1.888629,1.216896,-0.764835
1.887167,1.216019,-0.773312
1.890383,1.211342,-0.773458
1.882491,1.205495,-0.768927
1.891845,1.219526,-0.761912
1.886291,1.209003,-0.767758
1.876937,1.200818,-0.767758
1.888337,1.204326,-0.76615
1.888629,1.209296,-0.76425
1.895937,1.210465,-0.773312
1.884537,1.203157,-0.770243
1.891552,1.207249,-0.77185
1.895352,1.208419,-0.763958
1.886291,1.209588,-0.778135
1.88746,1.208419,-0.776673
1.885121,1.206665,-0.770973
1.890383,1.208419,-0.782374
1.885414,1.208711,-0.782374
1.880444,1.207834,-0.781497
1.884244,1.210757,-0.775358
1.885998,1.207542,-0.768489
1.88746,1.206957,-0.775066
1.890675,1.204326,-0.764981
1.890968,1.209296,-0.77492
1.889506,1.207542,-0.77755
1.881321,1.209588,-0.771266
1.888921,1.20988,-0.76995
1.884244,1.209296,-0.770681
1.885121,1.21368,-0.768635
1.886583,1.207249,-0.764981
1.893891,1.20228,-0.764835
1.895937,1.204619,-0.778427
1.893014,1.208419,-0.775943
1.888337,1.204326,-0.769658
1.894475,1.211634,-0.779012
1.888044,1.208419,-0.766296
1.888337,1.209003,-0.774189
1.890968,1.216311,-0.778135
1.889798,1.20988,-0.770827
1.888044,1.209003,-0.77112
1.885121,1.209003,-0.777843
1.89506,1.206665,-0.76732
1.891552,1.210172,-0.778427
1.888629,1.205495,-0.770389
1.894475,1.212803,-0.763958
1.886291,1.207542,-0.765858
1.883952,1.204326,-0.77112
1.886875,1.206957,-0.768343
1.887167,1.211342,-0.774189
1.884829,1.204911,-0.763227
1.890675,1.209003,-0.768489
1.890675,1.205495,-0.76805
1.888337,1.214265,-0.770973
1.884244,1.209003,-0.765419
1.896521,1.212511,-0.767027
1.888044,1.203742,-0.772727
1.878983,1.206372,-0.763519
1.888044,1.211342,-0.767612
1.885706,1.212803,-0.766735
1.892137,1.211049,-0.76922
1.896521,1.214265,-0.761473
1.890675,1.209296,-0.763081
1.881614,1.203742,-0.77492
1.888044,1.20988,-0.77682
1.883952,1.205495,-0.774773
1.888337,1.203742,-0.77755
1.889506,1.201695,-0.770827
1.891845,1.215142,-0.77682
1.888337,1.205495,-0.77565
1.887167,1.205495,-0.760596
1.885998,1.207542,-0.780035
1.888337,1.208711,-0.765273
1.887167,1.213388,-0.766589
1.890968,1.210172,-0.769512
1.888629,1.211926,-0.774481
1.890675,1.219526,-0.764689
1.889214,1.209003,-0.767612
1.890968,1.211049,-0.77375
1.892721,1.215142,-0.771704
1.890675,1.215726,-0.773897
1.885706,1.207542,-0.782666
1.889506,1.213973,-0.76995
1.885998,1.220403,-0.782081
1.874306,1.237065,-0.805612
1.862029,1.264543,-0.823443
1.840398,1.309851,-0.847267
1.818766,1.360713,-0.870798
1.796258,1.41216,-0.894183
1.783981,1.456592,-0.892137
1.77112,1.479392,-0.893745
1.769658,1.5019,-0.885852
1.767319,1.513008,-0.873721
1.764396,1.513885,-0.852675
1.776966,1.506285,-0.835428
1.780766,1.5095,-0.819497
1.785151,1.505116,-0.805612
1.788658,1.4905,-0.803274
1.792166,1.494884,-0.787051
1.789243,1.486992,-0.791289
1.795089,1.482315,-0.785735
1.79772,1.478223,-0.76922
1.807951,1.463899,-0.763812
1.804151,1.473253,-0.765566
1.800058,1.459807,-0.758842
1.802105,1.461561,-0.755042
1.804443,1.495177,-0.749488
1.809997,1.455422,-0.755773
1.807366,1.45513,-0.736773
1.81672,1.444899,-0.749781
1.807366,1.452207,-0.754312
1.817013,1.448115,-0.744081
1.819351,1.448407,-0.741304
1.808535,1.448992,-0.734434
1.80912,1.446068,-0.742181
1.814966,1.445484,-0.73575
1.816428,1.441976,-0.739696
1.82052,1.450453,-0.742619
1.813797,1.444899,-0.735896
1.817305,1.441684,-0.744519
1.815843,1.446945,-0.73955
1.815259,1.44373,-0.731657
1.813797,1.446361,-0.738234
1.805905,1.44373,-0.745688
1.814966,1.441099,-0.733119
1.815551,1.444022,-0.719673
1.812628,1.442561,-0.737504
1.821105,1.43993,-0.73575
1.809997,1.443438,-0.742034
1.814966,1.438468,-0.738088
1.820813,1.446068,-0.742034
1.818474,1.445192,-0.754896
1.810874,1.44753,-0.742765
1.817013,1.443145,-0.736042
1.816136,1.446068,-0.729904
1.812628,1.442853,-0.734288
1.810582,1.438176,-0.741304
1.814382,1.44753,-0.73765
1.802982,1.444607,-0.735604
1.812336,1.439638,-0.732534
1.810289,1.440807,-0.73268
1.809997,1.439345,-0.744373
1.814089,1.444022,-0.730342
1.816136,1.440807,-0.725373
1.81292,1.440222,-0.73268
1.812628,1.440222,-0.736188
1.818766,1.439638,-0.730342
1.810874,1.44373,-0.74145
1.807659,1.441391,-0.73575
1.815843,1.441976,-0.737504
1.812043,1.444899,-0.734142
1.817597,1.440807,-0.737357
1.813505,1.434668,-0.733411
1.810582,1.441391,-0.740719
1.809997,1.446945,-0.736042
1.805028,1.443438,-0.734288
1.817597,1.444607,-0.73195
1.813505,1.442268,-0.733411
1.818182,1.43993,-0.737357
1.811751,1.442853,-0.73005
1.818182,1.442268,-0.736042
1.81672,1.442561,-0.735311
1.821105,1.440514,-0.729904
1.811751,1.445192,-0.73575
1.821982,1.439345,-0.723911
1.818766,1.443438,-0.738965
1.811459,1.44373,-0.731073
1.812043,1.446653,-0.736481
1.809705,1.441099,-0.738088
1.82052,1.444899,-0.72888
1.817013,1.443145,-0.729757
1.814674,1.446361,-0.73268
1.807366,1.440514,-0.73575
1.809412,1.444899,-0.724203
1.819059,1.439345,-0.734288
1.810289,1.447822,-0.734288
1.812043,1.437591,-0.730196
1.816136,1.434668,-0.734581
1.810289,1.43993,-0.744227
1.814382,1.441391,-0.735165
1.812336,1.439638,-0.735457
1.814089,1.448115,-0.721426
1.814966,1.442268,-0.736773
1.819936,1.444314,-0.735896
1.820228,1.44373,-0.729611
1.812043,1.441684,-0.741011
1.814089,1.444314,-0.738819
1.822274,1.442561,-0.733119
1.813213,1.436422,-0.737357
1.813505,1.442268,-0.736773
1.814674,1.43993,-0.745104
1.81292,1.443145,-0.735896
1.816136,1.444607,-0.726103
1.819643,1.440222,-0.724057
1.815551,1.446361,-0.737211
1.816428,1.445192,-0.724057
1.811166,1.444899,-0.735604
1.81672,1.437299,-0.735604
1.819643,1.440807,-0.726396
1.820813,1.439345,-0.724496
1.821105,1.444022,-0.734142
1.810289,1.444314,-0.724934
1.820813,1.443438,-0.735019
1.823736,1.442268,-0.731073
1.82052,1.448699,-0.736042
1.822274,1.447822,-0.728004
1.815843,1.442268,-0.733411
1.818182,1.444899,-0.728588
1.82549,1.448992,-0.733704
1.813505,1.441684,-0.725957
1.81292,1.44753,-0.723765
1.813213,1.440807,-0.736773
1.815843,1.444314,-0.72815
1.818474,1.441684,-0.737504
1.816136,1.445192,-0.738088
1.818766,1.440807,-0.731365
1.810582,1.441391,-0.735165
1.813505,1.443145,-0.743496
1.817305,1.448407,-0.727419
1.817013,1.441976,-0.718357
1.814966,1.437299,-0.73078
1.819643,1.441976,-0.733119
1.82169,1.449868,-0.73078
1.820813,1.438176,-0.734288
1.815551,1.437299,-0.733557
1.810874,1.447822,-0.730342
1.809997,1.444899,-0.728442
1.81292,1.446653,-0.739258
1.812043,1.442853,-0.722011
1.818182,1.444314,-0.731657
1.814382,1.436422,-0.72625
1.815551,1.442561,-0.732242
1.814966,1.445776,-0.726542
1.815843,1.441391,-0.726834
1.810289,1.441684,-0.731657
1.814966,1.438176,-0.740427
1.813213,1.449868,-0.728734
1.815259,1.445484,-0.734288
1.821982,1.451038,-0.737065
1.814089,1.434376,-0.729611
1.814089,1.448992,-0.73955
1.817013,1.442268,-0.741158
1.817013,1.449868,-0.735311
1.812628,1.445484,-0.721134
1.818182,1.442853,-0.733119
1.820813,1.441684,-0.736627
1.814382,1.446945,-0.731804
1.814674,1.444314,-0.742911
1.80532,1.445484,-0.735604
1.816428,1.448992,-0.728004
1.811751,1.446361,-0.735165
1.816136,1.44753,-0.740281
1.811166,1.445192,-0.742034
1.818182,1.452499,-0.731073
1.817889,1.446653,-0.737211
1.817889,1.444899,-0.737504
1.813213,1.448699,-0.732388
1.810289,1.448115,-0.735311
1.814674,1.443438,-0.72698
1.811751,1.45133,-0.731511
1.814674,1.450453,-0.726834
1.817597,1.447238,-0.72888
1.814674,1.449576,-0.725227
1.812043,1.447238,-0.727273
1.810874,1.441391,-0.731804
1.810289,1.444022,-0.732242
1.810874,1.446361,-0.723619
1.813797,1.448992,-0.72625
1.813213,1.446945,-0.72888
1.817013,1.446653,-0.744373
1.821105,1.445776,-0.728442
1.81292,1.446068,-0.727857
1.815843,1.447822,-0.733996
1.811751,1.446361,-0.736919
1.815843,1.440514,-0.727127
1.817013,1.445776,-0.728442
1.813213,1.443145,-0.723765
1.814674,1.444314,-0.730634
1.813213,1.451038,-0.731511
1.818182,1.447822,-0.735457
1.810874,1.44753,-0.728296
1.815843,1.440807,-0.72698
1.814089,1.448699,-0.729465
1.813797,1.441099,-0.732973
1.82169,1.448992,-0.72815
1.818766,1.441684,-0.73078
1.814382,1.452207,-0.733557
1.815259,1.447822,-0.735896
1.807951,1.445192,-0.727857
1.80912,1.451622,-0.724057
1.814674,1.448407,-0.734873
1.812336,1.446068,-0.727711
1.816428,1.441976,-0.729027
1.811459,1.444022,-0.731073
1.822274,1.448992,-0.73268
1.817597,1.450745,-0.727565
1.815259,1.449868,-0.729904
1.814966,1.455422,-0.732827
1.82052,1.438761,-0.725957
1.816428,1.445776,-0.729904
1.804443,1.448992,-0.729465
1.814089,1.440807,-0.731219
1.813213,1.451038,-0.728588
1.812628,1.442853,-0.734142
1.817889,1.446361,-0.737942
1.810582,1.441391,-0.721865
1.811751,1.440514,-0.722157
1.808828,1.440222,-0.72625
1.813505,1.444899,-0.731073
1.807951,1.443145,-0.730927
1.814966,1.446068,-0.730196
1.814382,1.443145,-0.730342
1.823151,1.448407,-0.727711
1.812043,1.452792,-0.735604
1.818766,1.438176,-0.73385
1.812043,1.442268,-0.725373
1.812628,1.449284,-0.731511
1.823443,1.450453,-0.736627
1.811166,1.449576,-0.732973
1.818182,1.438761,-0.731804
1.819059,1.451038,-0.733411
1.81292,1.445776,-0.73765
1.810874,1.450745,-0.723034
1.813505,1.446653,-0.730196
1.824905,1.448407,-0.737504
1.819643,1.449868,-0.726688
1.814674,1.447822,-0.731657
1.818766,1.446653,-0.737504
1.814089,1.446653,-0.742181
1.811166,1.449868,-0.724934
1.809997,1.442268,-0.732388
1.815843,1.441099,-0.736919
1.812336,1.449868,-0.733411
1.81672,1.444022,-0.732096
1.813213,1.444607,-0.731073
1.816428,1.450453,-0.727419
1.823443,1.441976,-0.72888
1.813505,1.445192,-0.738381
1.811751,1.442561,-0.728588
1.810289,1.441976,-0.735896
1.815259,1.447238,-0.738381
1.808828,1.440807,-0.730634
1.819059,1.442561,-0.732534
1.808828,1.446653,-0.73005
1.82052,1.440222,-0.732827
1.815259,1.441684,-0.73195
1.818766,1.445192,-0.729173
1.817597,1.446361,-0.717626
1.817889,1.442268,-0.729757
1.821982,1.44753,-0.733996
1.821105,1.448115,-0.720257
1.821397,1.440514,-0.731511
1.811459,1.448699,-0.739988
1.819059,1.448407,-0.72128
1.809705,1.447238,-0.724788
1.815843,1.44373,-0.731804
1.813505,1.442268,-0.720842
1.812336,1.443145,-0.728588
1.813505,1.437884,-0.73005
1.810874,1.437591,-0.732388
1.812336,1.444314,-0.729465
1.812628,1.445776,-0.732096
1.817305,1.446945,-0.734288
1.809705,1.439053,-0.730634
1.809412,1.445192,-0.728004
1.813505,1.440807,-0.724642
1.812628,1.438468,-0.723327
1.803566,1.451038,-0.727711
1.809997,1.439638,-0.738965
1.810289,1.445776,-0.732973
1.818766,1.447822,-0.739258
1.805612,1.444022,-0.738673
1.815843,1.446653,-0.736773
1.812628,1.445776,-0.736188
1.810874,1.441099,-0.731073
1.811751,1.446068,-0.731073
1.811166,1.448407,-0.737504
1.810289,1.445776,-0.722011
1.806197,1.443438,-0.743496
1.810582,1.444314,-0.744081
1.811166,1.446653,-0.727127
1.809412,1.444899,-0.738234
1.814966,1.446945,-0.734434
1.821105,1.447822,-0.737211
1.815551,1.446945,-0.739842
1.821105,1.459515,-0.729904
1.817013,1.448699,-0.735165
1.815843,1.445484,-0.743642
1.807366,1.444314,-0.73955
1.812628,1.445776,-0.734434
1.818182,1.448407,-0.731365
1.809705,1.446653,-0.733557
1.819351,1.446361,-0.735311
1.82812,1.447822,-0.729757
1.817013,1.446653,-0.734873
1.810582,1.452499,-0.734142
1.812043,1.444022,-0.739404
1.815843,1.444314,-0.742034
1.816428,1.446945,-0.741596
1.809997,1.446945,-0.732973
1.813505,1.446653,-0.747004
1.808535,1.444314,-0.731511
1.818766,1.444022,-0.72888
1.810582,1.444607,-0.735311
1.812628,1.441684,-0.733411
1.807074,1.442561,-0.73078
1.80912,1.444314,-0.72625
1.813213,1.443145,-0.728588
1.81292,1.443438,-0.732096
1.811166,1.445776,-0.734581
1.808828,1.448992,-0.725665
1.812336,1.439638,-0.736334
1.815259,1.442268,-0.734873
1.805905,1.446945,-0.739842
1.814382,1.447822,-0.736481
1.815259,1.447238,-0.724203
1.80532,1.439053,-0.741596
1.806782,1.444607,-0.734873
1.813213,1.446653,-0.729319
1.810874,1.443438,-0.731804
1.814089,1.43993,-0.737796
1.81292,1.438176,-0.74145
1.809705,1.442268,-0.740134
1.813797,1.441391,-0.724934
1.810289,1.43993,-0.72128
1.81292,1.434668,-0.729757
1.807659,1.446068,-0.727711
1.810289,1.444022,-0.736188
1.809412,1.434084,-0.741888
1.809997,1.441391,-0.735896
1.806489,1.433791,-0.728442
1.809997,1.438761,-0.736627
1.806489,1.44373,-0.731511
1.810874,1.439345,-0.735019
1.817013,1.438761,-0.727565
1.813797,1.433499,-0.736042
1.807366,1.438176,-0.733557
1.814089,1.436714,-0.739111
1.803566,1.433499,-0.728588
1.812628,1.435545,-0.727565
1.813797,1.442561,-0.737942
1.817597,1.435545,-0.730342
1.817013,1.438176,-0.735165
1.807074,1.43613,-0.73765
1.812336,1.438761,-0.729027
1.809705,1.438468,-0.742181
1.810874,1.435838,-0.735311
1.81292,1.442853,-0.743642
1.82052,1.436714,-0.733411
1.807074,1.439638,-0.717773
1.818182,1.443145,-0.732534
1.828705,1.440514,-0.735165
1.822274,1.442561,-0.729757
1.817597,1.437591,-0.740281
1.818474,1.445776,-0.742473
1.817597,1.444022,-0.730927
1.813505,1.43993,-0.740427
1.812043,1.452792,-0.726396
1.811166,1.444314,-0.738088
1.806197,1.44373,-0.736481
1.808828,1.443145,-0.73385
1.816428,1.440807,-0.737796
1.817597,1.447822,-0.724203
1.811459,1.445192,-0.742034
1.811751,1.442561,-0.731219
1.810582,1.446361,-0.730342
1.815843,1.439345,-0.735165
1.821397,1.442853,-0.740865
1.813213,1.449576,-0.737504
1.809705,1.444022,-0.732973
1.811166,1.444607,-0.733119
1.817889,1.440222,-0.731804
1.807659,1.441976,-0.736042
1.806782,1.439638,-0.737504
1.80912,1.443438,-0.743496
1.807951,1.437884,-0.73765
1.81672,1.447822,-0.73955
1.807951,1.445484,-0.738965
1.796843,1.460684,-0.750512
1.796551,1.482023,-0.774189
1.774627,1.493131,-0.802982
1.769073,1.511546,-0.828851
1.761766,1.512423,-0.857059
1.764396,1.496931,-0.869921
1.771412,1.476469,-0.890529
1.784274,1.449868,-0.894914
1.790412,1.413914,-0.896375
1.799182,1.378544,-0.874744
1.820813,1.339667,-0.86919
1.829874,1.315405,-0.854282
1.839813,1.300497,-0.843028
1.837474,1.293481,-0.832651
1.846828,1.277989,-0.824467
1.848875,1.264543,-0.816282
1.864075,1.258696,-0.806489
1.866706,1.247004,-0.798743
1.87109,1.244373,-0.792312
1.874598,1.242327,-0.799474
1.871967,1.227711,-0.78632
1.866706,1.228588,-0.777404
1.877229,1.22625,-0.786758
1.877229,1.228004,-0.78252
1.87986,1.226834,-0.777404
1.87986,1.228588,-0.774335
1.880152,1.228296,-0.762935
1.880152,1.216603,-0.766004
1.888044,1.221573,-0.77375
1.886583,1.22128,-0.763666
1.886583,1.215726,-0.783397
1.891552,1.214849,-0.770096
1.880152,1.214849,-0.769073
1.88746,1.215142,-0.766589
1.885414,1.210465,-0.767758
1.87986,1.212511,-0.761619
1.876352,1.213388,-0.76805
1.890091,1.218357,-0.764543
1.883952,1.207542,-0.770243
1.885121,1.205495,-0.762643
1.885706,1.219234,-0.76922
1.890968,1.214265,-0.770973
1.888921,1.213096,-0.778574
1.881614,1.210757,-0.761473
1.887167,1.211342,-0.765273
1.88366,1.208419,-0.77112
1.882491,1.211634,-0.771412
1.883367,1.211342,-0.759281
1.885706,1.211049,-0.767612
1.881029,1.212511,-0.759573
1.886875,1.214557,-0.761181
1.884244,1.215726,-0.775797
1.88746,1.210172,-0.766735
1.88746,1.215142,-0.761619
1.886291,1.209588,-0.761327
1.880152,1.210172,-0.768635
1.885414,1.208419,-0.757819
1.88366,1.21368,-0.752412
1.87489,1.210757,-0.752996
1.878398,1.21368,-0.76235
1.881321,1.210172,-0.763666
1.886875,1.209296,-0.755189
1.881614,1.205788,-0.766004
1.890968,1.214265,-0.769658
1.882198,1.211342,-0.765273
1.888629,1.211049,-0.760742
1.885998,1.211634,-0.755919
1.883075,1.209588,-0.771996
1.888337,1.216896,-0.770535
1.886583,1.210757,-0.767612
1.885121,1.212511,-0.763227
1.888337,1.209003,-0.759719
1.885414,1.206957,-0.766735
1.88746,1.208419,-0.776673
1.889798,1.205203,-0.763519
1.883075,1.203157,-0.77302
1.890383,1.207542,-0.765858
1.891552,1.204911,-0.77185
1.883367,1.204619,-0.766735
1.883075,1.206665,-0.781058
1.888337,1.208126,-0.767612
1.888044,1.206372,-0.766004
1.880444,1.204619,-0.769804
1.887167,1.211926,-0.765127
1.884244,1.208711,-0.772289
1.889798,1.20988,-0.766881
1.890091,1.21368,-0.766735
1.881614,1.210172,-0.761766
1.888337,1.211926,-0.768489
1.879567,1.209588,-0.771266
1.888337,1.216311,-0.768489
1.896229,1.212219,-0.763519
1.886875,1.211342,-0.769073
1.883952,1.207249,-0.761912
1.887752,1.212219,-0.766735
1.884829,1.206372,-0.761327
1.883367,1.208419,-0.758404
1.884829,1.207542,-0.773604
1.878398,1.213973,-0.770243
1.880444,1.213096,-0.764689
1.885998,1.212511,-0.764835
1.887752,1.21748,-0.752119
1.888629,1.210757,-0.759281
1.883367,1.207834,-0.757819
1.885414,1.213388,-0.766296
1.878983,1.216311,-0.767466
1.881906,1.204034,-0.760304
1.891845,1.212219,-0.769658
1.882198,1.20988,-0.765566
1.888921,1.211049,-0.767758
1.889214,1.204911,-0.765419
1.887167,1.209003,-0.762789
1.894768,1.209003,-0.771558
1.884244,1.210465,-0.761912
1.874598,1.207834,-0.759427
1.878106,1.215434,-0.760596
1.877229,1.212803,-0.762643
1.885414,1.207834,-0.766735
1.884244,1.209003,-0.756942
1.889506,1.207249,-0.768343
1.88746,1.207834,-0.771266
1.883075,1.214557,-0.765712
1.883075,1.206665,-0.75855
1.88366,1.204619,-0.766443
1.882491,1.215142,-0.758404
1.879275,1.213096,-0.762789
1.880737,1.207542,-0.759427
1.880737,1.211634,-0.761766
1.880152,1.204034,-0.756065
1.870798,1.205788,-0.769658
1.880737,1.210757,-0.761035
1.888629,1.208419,-0.770973
1.890091,1.215434,-0.76805
1.878983,1.211342,-0.754165
1.879567,1.206372,-0.77302
1.894183,1.207249,-0.760304
1.877229,1.207542,-0.762204
1.886875,1.217773,-0.766589
1.88746,1.213096,-0.756065
1.89126,1.208419,-0.760304
1.886875,1.213388,-0.76732
1.88366,1.206372,-0.76732
1.884244,1.206372,-0.75665
1.888629,1.21368,-0.762496
1.886291,1.206957,-0.763958
1.886291,1.207834,-0.763373
1.883952,1.204911,-0.765712
1.883952,1.203742,-0.763666
1.883367,1.210465,-0.769804
1.880737,1.214265,-0.769658
1.87986,1.211634,-0.771558
1.878106,1.205788,-0.765566
1.889798,1.204911,-0.76995
1.882491,1.212511,-0.764396
1.88746,1.206957,-0.764689
1.876937,1.21368,-0.757673
1.882783,1.207542,-0.76995
1.882783,1.208711,-0.772873
1.883075,1.215142,-0.770681
1.88366,1.216896,-0.767027
1.874306,1.217188,-0.762789
1.893014,1.22508,-0.770827
1.882491,1.215434,-0.765712
1.889506,1.214265,-0.765419
1.883367,1.215726,-0.761473
1.885706,1.210757,-0.76995
1.882491,1.210172,-0.766589
1.882783,1.21748,-0.767904
1.886291,1.218357,-0.76805
1.890091,1.213096,-0.76995
1.896229,1.213973,-0.761327
1.883367,1.211049,-0.766004
1.889214,1.220111,-0.77375
1.892137,1.214849,-0.766004
1.887752,1.21368,-0.765712
1.89126,1.212803,-0.757235
1.889798,1.216603,-0.756504
1.885998,1.210757,-0.75665
1.89126,1.208419,-0.751827
1.885706,1.213973,-0.761619
1.886583,1.212511,-0.764396
1.884244,1.220403,-0.764543
1.887167,1.214557,-0.758989
1.892429,1.214849,-0.758112
1.890091,1.211634,-0.770535
1.893891,1.220988,-0.780181
1.886583,1.211634,-0.766589
1.88746,1.219526,-0.779597
1.888337,1.21748,-0.771412
1.884537,1.213096,-0.763081
1.895937,1.216896,-0.763519
1.892429,1.21748,-0.758258
1.886875,1.212219,-0.76425
1.885414,1.219526,-0.759135
1.890675,1.216603,-0.755189
1.886875,1.21368,-0.763666
1.882491,1.218065,-0.763958
1.877813,1.225957,-0.767173
1.874013,1.237065,-0.793335
1.85969,1.274773,-0.812189
1.841274,1.309559,-0.853259
1.817597,1.364806,-0.870652
1.795966,1.421222,-0.877229
1.786027,1.46273,-0.887314
1.778135,1.486115,-0.878837
1.765858,1.5057,-0.874598
1.759135,1.519439,-0.862467
1.763519,1.522362,-0.842882
1.776381,1.517977,-0.827682
1.784274,1.514177,-0.809266
1.780474,1.503654,-0.792751
1.781643,1.506577,-0.790704
1.785151,1.490792,-0.783104
1.759135,1.480561,-0.772873
1.759135,1.479684,-0.772435
1.790997,1.475592,-0.766443
1.793628,1.469161,-0.763958
1.800058,1.470038,-0.756358
1.799474,1.459222,-0.745542
1.800935,1.465069,-0.747296
1.805905,1.461269,-0.750804
1.809997,1.463022,-0.754165
1.810289,1.458638,-0.732827
1.805612,1.44753,-0.73385
1.809997,1.454838,-0.744519
1.808535,1.448407,-0.741158
1.81292,1.448407,-0.732096
1.810874,1.441099,-0.731657
1.810289,1.448992,-0.741304
1.816136,1.447822,-0.738965
1.815259,1.450745,-0.741742
1.813213,1.450161,-0.729611
1.813213,1.450161,-0.733119
1.808535,1.449576,-0.740573
1.817013,1.446361,-0.73575
1.808828,1.450161,-0.729173
1.815551,1.444607,-0.736481
1.815259,1.454545,-0.737796
1.818182,1.441391,-0.738819
1.815259,1.445192,-0.73268
1.817597,1.448115,-0.730196
1.81672,1.44753,-0.731219
1.821397,1.449576,-0.739404
1.821397,1.448699,-0.733265
1.813213,1.443438,-0.734727
1.814966,1.452499,-0.732242
1.81672,1.446361,-0.740134
1.813797,1.438468,-0.737065
1.817013,1.440222,-0.729027
1.817889,1.439053,-0.735311
1.815843,1.441684,-0.73575
1.815259,1.441976,-0.737942
1.819059,1.447822,-0.720696
1.814966,1.448992,-0.728296
1.818474,1.44753,-0.739258
1.81292,1.437299,-0.72625
1.815843,1.443145,-0.720842
1.812336,1.440222,-0.726834
1.814674,1.447822,-0.721134
1.818766,1.441976,-0.742473
1.819351,1.444022,-0.726834
1.815551,1.449868,-0.728588
1.81292,1.446361,-0.731219
1.811459,1.442853,-0.735896
1.817013,1.445192,-0.73955
1.819936,1.446068,-0.731511
1.807659,1.441684,-0.74145
1.80912,1.449284,-0.729319
1.80912,1.448115,-0.745688
1.824028,1.448992,-0.741596
1.810289,1.449284,-0.724642
1.819936,1.443438,-0.728296
1.817889,1.446945,-0.738965
1.810289,1.450745,-0.734873
1.81672,1.446068,-0.738234
1.811751,1.438761,-0.729173
1.820813,1.447822,-0.724203
1.817889,1.442853,-0.731219
1.813797,1.442561,-0.724203
1.813797,1.446361,-0.736919
1.817013,1.448699,-0.733265
1.819936,1.439053,-0.745688
1.819936,1.448115,-0.727127
1.818766,1.446068,-0.73005
1.813797,1.444314,-0.725519
1.817597,1.43993,-0.722742
1.817305,1.446653,-0.729611
1.81292,1.447238,-0.730927
1.81672,1.446653,-0.728734
1.809412,1.443145,-0.733119
1.814674,1.444314,-0.72698
1.814674,1.444607,-0.727273
1.814966,1.446653,-0.727711
1.80532,1.44373,-0.731365
1.81292,1.435838,-0.733411
1.811459,1.446361,-0.739696
1.814674,1.456299,-0.732827
1.814089,1.453961,-0.743204
1.814966,1.446361,-0.735311
1.815551,1.442853,-0.727857
1.816136,1.446653,-0.734434
1.814089,1.440807,-0.725665
1.813797,1.445192,-0.725227
1.817013,1.446361,-0.728734
1.815843,1.437007,-0.727711
1.810582,1.440222,-0.731657
1.818766,1.446361,-0.728296
1.814089,1.448699,-0.734288
1.818766,1.447238,-0.72625
1.811459,1.446068,-0.73385
1.816428,1.446653,-0.733265
1.808828,1.442268,-0.734873
1.811459,1.446361,-0.73765
1.817889,1.446361,-0.726688
1.812043,1.445192,-0.72888
1.819351,1.452499,-0.732973
1.818766,1.442268,-0.729465
1.81672,1.45133,-0.721426
1.815843,1.451038,-0.73005
1.818182,1.452499,-0.734581
1.811751,1.449868,-0.725519
1.811166,1.452499,-0.737796
1.820228,1.44753,-0.735311
1.814089,1.448699,-0.743788
1.817889,1.451622,-0.729027
1.818182,1.444899,-0.728442
1.811751,1.442268,-0.72508
1.81672,1.449576,-0.731657
1.81672,1.437591,-0.735311
1.817013,1.444607,-0.736334
1.810289,1.446653,-0.745104
1.812336,1.445484,-0.737211
1.806489,1.451622,-0.734873
1.813213,1.440222,-0.72508
1.816136,1.450745,-0.727711
1.816136,1.450161,-0.725519
1.82052,1.444022,-0.72625
1.817597,1.446653,-0.730488
1.816428,1.451915,-0.724203
1.816428,1.444899,-0.729027
1.81292,1.446945,-0.727711
1.819059,1.449868,-0.732242
1.810289,1.444607,-0.726103
1.812628,1.453376,-0.724203
1.816428,1.451622,-0.72815
1.816428,1.448115,-0.72888
1.819936,1.446068,-0.732096
1.817597,1.445776,-0.73005
1.815843,1.451038,-0.730342
1.814674,1.44753,-0.723034
1.816428,1.444607,-0.741742
1.814089,1.447238,-0.732242
1.816136,1.445776,-0.725373
1.817889,1.44373,-0.733265
1.812628,1.446361,-0.732827
1.811751,1.436714,-0.720842
1.809412,1.450453,-0.724496
1.815259,1.444022,-0.731511
1.819059,1.444607,-0.728734
1.823151,1.447238,-0.729757
1.815551,1.451915,-0.728588
1.814382,1.446361,-0.732242
1.812043,1.45133,-0.735604
1.813505,1.457469,-0.733411
1.815843,1.455422,-0.73268
1.819936,1.448115,-0.73078
1.817889,1.446653,-0.723911
1.815843,1.446653,-0.728296
1.806489,1.447238,-0.730634
1.813797,1.44753,-0.727273
1.819351,1.446068,-0.730342
1.816136,1.446361,-0.738673
1.811459,1.450453,-0.732388
1.825197,1.451915,-0.732242
1.812043,1.448407,-0.734434
1.817013,1.450453,-0.730927
1.818766,1.444899,-0.732534
1.813505,1.450745,-0.723911
1.819059,1.444899,-0.73078
1.811751,1.439345,-0.738527
1.818474,1.450453,-0.732242
1.820813,1.448699,-0.729611
1.814382,1.444314,-0.741888
1.812628,1.442853,-0.720696
1.818182,1.441099,-0.731511
1.821105,1.452499,-0.739988
1.812043,1.446361,-0.731511
1.822274,1.446653,-0.727127
1.819643,1.447822,-0.733265
1.814089,1.446361,-0.727419
1.810582,1.451038,-0.725811
1.821982,1.434376,-0.744081
1.823443,1.448699,-0.732973
1.819936,1.441684,-0.746273
1.815551,1.442561,-0.732973
1.818182,1.441976,-0.729465
1.822859,1.448699,-0.723034
1.822274,1.444314,-0.734727
1.814089,1.44753,-0.724057
1.817889,1.442268,-0.729173
1.817597,1.456007,-0.729611
1.821982,1.445484,-0.731804
1.818474,1.448699,-0.742181
1.817013,1.441684,-0.727127
1.812043,1.443145,-0.73005
1.813505,1.446653,-0.739258
1.817305,1.44753,-0.74335
1.815259,1.444607,-0.737942
1.807951,1.443438,-0.734142
1.813797,1.446945,-0.734434
1.812336,1.448407,-0.73078
1.812336,1.445776,-0.740134
1.818474,1.44753,-0.73005
1.818182,1.444899,-0.744081
1.821982,1.453084,-0.725519
1.816136,1.454253,-0.738965
1.817889,1.450745,-0.735311
1.817889,1.455422,-0.734434
1.822859,1.448115,-0.727273
1.817889,1.449868,-0.72508
1.818182,1.453961,-0.729027
1.813213,1.453084,-0.736919
1.82432,1.451622,-0.744373
1.815551,1.446653,-0.736773
1.817597,1.449868,-0.736481
1.817597,1.448699,-0.73955
1.822274,1.453961,-0.733265
1.817597,1.443145,-0.729904
1.818182,1.438761,-0.73385
1.807659,1.44373,-0.733557
1.822274,1.446068,-0.726688
1.817013,1.444899,-0.730927
1.808828,1.438176,-0.730488
1.819059,1.443145,-0.737211
1.808535,1.441391,-0.722596
1.811751,1.443438,-0.720111
1.816428,1.448115,-0.736773
1.814382,1.446361,-0.726834
1.817597,1.445776,-0.728004
1.824613,1.452207,-0.738527
1.815843,1.440514,-0.731804
1.820813,1.438468,-0.738234
1.819936,1.446361,-0.73195
1.816428,1.438176,-0.734142
1.815259,1.440514,-0.722157
1.818766,1.448115,-0.730488
1.815259,1.447822,-0.733265
1.81672,1.444899,-0.741158
1.820228,1.441099,-0.740281
1.821105,1.443145,-0.724642
1.819059,1.441391,-0.724934
1.816136,1.445484,-0.739258
1.817013,1.443145,-0.743496
1.821397,1.441976,-0.735019
1.81672,1.444607,-0.729757
1.810582,1.442268,-0.734434
1.813797,1.444607,-0.730342
1.820228,1.450453,-0.736042
1.812336,1.44753,-0.744519
1.818766,1.446068,-0.740573
1.816136,1.445484,-0.742327
1.819059,1.449868,-0.737211
1.818182,1.443145,-0.732534
1.821105,1.447822,-0.738381
1.820813,1.442561,-0.740865
1.82169,1.440807,-0.732242
1.808828,1.445776,-0.742327
1.817013,1.448407,-0.735165
1.821397,1.445484,-0.738965
1.809997,1.444314,-0.734288
1.804443,1.437884,-0.743496
1.817597,1.451622,-0.732973
1.814089,1.447822,-0.729027
1.819643,1.452207,-0.731365
1.817013,1.444607,-0.741742
1.82169,1.441099,-0.738673
1.806489,1.444022,-0.747296
1.821982,1.453376,-0.735165
1.815843,1.441391,-0.735165
1.809997,1.445192,-0.733996
1.814966,1.450453,-0.741888
1.813505,1.449576,-0.734434
1.805612,1.449868,-0.743788
1.817597,1.444899,-0.735165
1.809412,1.444314,-0.732534
1.812043,1.44753,-0.736919
1.816136,1.445192,-0.736919
1.81292,1.442268,-0.735457
1.815259,1.442853,-0.734581
1.810582,1.452207,-0.732388
1.813505,1.441391,-0.739404
1.810582,1.441099,-0.736334
1.814674,1.437884,-0.729319
1.807659,1.439638,-0.743935
1.813213,1.448115,-0.740134
1.809705,1.442268,-0.731073
1.809705,1.443145,-0.738673
1.810582,1.445484,-0.740573
1.808243,1.444607,-0.739988
1.814382,1.440222,-0.736627
1.811459,1.445192,-0.736334
1.814966,1.445192,-0.73385
1.814966,1.434376,-0.740427
1.81292,1.440222,-0.721134
1.818474,1.443438,-0.738234
1.818182,1.443438,-0.745396
1.815843,1.448407,-0.739111
1.812336,1.446361,-0.73268
1.819351,1.448992,-0.729904
1.821397,1.448115,-0.736481
1.824028,1.441976,-0.732096
1.813797,1.439345,-0.738234
1.814674,1.444022,-0.738819
1.822274,1.448115,-0.744227
1.820813,1.43993,-0.735019
1.817305,1.449576,-0.735165
1.812336,1.442853,-0.739696
1.813797,1.445192,-0.734873
1.82052,1.446361,-0.729611
1.813505,1.449868,-0.73268
1.813213,1.447238,-0.731657
1.819351,1.448699,-0.739842
1.803274,1.452792,-0.732096
1.808535,1.440514,-0.733996
1.806197,1.449868,-0.733411
1.810582,1.44753,-0.737211
1.80532,1.46273,-0.747881
1.798305,1.4829,-0.777697
1.784858,1.512423,-0.807951
1.771996,1.516516,-0.840836
1.769658,1.516808,-0.854721
1.770827,1.4943,-0.878837
1.772581,1.473546,-0.889214
1.779304,1.454253,-0.896083
1.791874,1.415668,-0.884391
1.799766,1.386729,-0.879129
1.818182,1.346682,-0.855598
1.833674,1.32359,-0.852529
1.833382,1.306343,-0.840836
1.842736,1.290558,-0.831482
1.849752,1.28822,-0.834551
1.848582,1.273897,-0.82242
1.856767,1.261912,-0.808974
1.869921,1.256065,-0.806635
1.871675,1.241742,-0.796697
1.86729,1.23765,-0.800935
1.870213,1.240573,-0.791435
1.873721,1.23385,-0.794358
1.880152,1.23005,-0.791435
1.881906,1.231804,-0.791143
1.88366,1.228588,-0.789535
1.880444,1.223619,-0.787051
1.887752,1.222742,-0.770243
1.881029,1.220696,-0.791728
1.883952,1.22508,-0.791728
1.884244,1.220988,-0.789828
1.889214,1.216311,-0.766296
1.886875,1.218357,-0.780766
1.886875,1.20988,-0.77945
1.877813,1.216603,-0.764104
1.883367,1.219819,-0.764104
1.888629,1.206957,-0.773166
1.878106,1.213096,-0.774043
1.883367,1.213973,-0.776673
1.885998,1.216603,-0.776673
1.882783,1.217188,-0.772143
1.881321,1.210465,-0.765273
1.892137,1.216603,-0.774189
1.882491,1.21865,-0.774043
1.879567,1.209296,-0.770096
1.888921,1.20988,-0.774335
1.881906,1.209296,-0.759866
1.887167,1.209588,-0.758258
1.887167,1.21368,-0.766296
1.883367,1.212511,-0.765566
1.885414,1.212803,-0.768343
1.880152,1.211049,-0.76615
1.887167,1.206957,-0.77112
1.88366,1.211926,-0.766004
1.888629,1.209296,-0.763227
1.881321,1.212511,-0.778281
1.885706,1.209003,-0.77565
1.887167,1.211634,-0.76425
1.882491,1.213096,-0.759135
1.882491,1.213096,-0.769512
1.88746,1.213973,-0.777112
1.886291,1.211926,-0.76995
1.884537,1.214265,-0.762643
1.888044,1.212219,-0.775066
1.888337,1.210757,-0.760158
1.888337,1.210757,-0.772435
1.890675,1.216019,-0.766589
1.876352,1.218065,-0.760158
1.87489,1.212219,-0.769073
1.876644,1.219234,-0.772289
1.883367,1.214557,-0.764835
1.880152,1.211342,-0.766004
1.888921,1.216603,-0.765419
1.880152,1.210465,-0.76922
1.885706,1.208711,-0.756942
1.887167,1.208126,-0.770096
1.882783,1.213388,-0.770681
1.882491,1.211926,-0.764396
1.881614,1.214265,-0.761035
1.87986,1.208711,-0.764396
1.890091,1.212511,-0.768343
1.888044,1.205203,-0.757673
1.881321,1.201988,-0.763812
1.878398,1.211049,-0.767466
1.890383,1.205788,-0.76995
1.887167,1.208126,-0.759866
1.882783,1.21748,-0.763081
1.886291,1.205203,-0.76615
1.885998,1.212219,-0.774627
1.888044,1.208419,-0.770681
1.887752,1.207834,-0.76922
1.885998,1.208419,-0.781497
1.878983,1.213973,-0.774773
1.884829,1.213388,-0.763958
1.888921,1.208419,-0.765858
1.893306,1.207249,-0.769073
1.893014,1.216896,-0.76732
1.881906,1.216896,-0.766589
1.894768,1.215142,-0.771412
1.896814,1.211926,-0.775504
1.882491,1.217188,-0.764981
1.885414,1.213388,-0.768927
1.885414,1.21748,-0.771704
1.892721,1.21865,-0.769073
1.889798,1.212511,-0.76732
1.889214,1.214849,-0.767027
1.880152,1.214849,-0.788804
1.888629,1.209003,-0.776381
1.889214,1.212803,-0.769073
1.886583,1.213388,-0.768196
1.884537,1.213096,-0.784127
1.886875,1.211342,-0.775943
1.884829,1.211049,-0.765273
1.882491,1.210757,-0.784127
1.884244,1.206665,-0.77375
1.885998,1.208419,-0.778574
1.885998,1.209296,-0.77682
1.890383,1.209003,-0.770681
1.882198,1.19848,-0.779743
1.885998,1.211634,-0.779743
1.885414,1.20608,-0.77492
1.885706,1.213388,-0.76805
1.885414,1.212511,-0.770681
1.888044,1.212511,-0.769804
1.881029,1.210757,-0.769804
1.885121,1.210172,-0.771412
1.889214,1.214849,-0.771412
1.883952,1.210172,-0.766881
1.893014,1.210465,-0.770096
1.888044,1.216603,-0.769658
1.889214,1.210757,-0.775797
1.887752,1.207834,-0.78822
1.881029,1.213388,-0.772289
1.887752,1.209296,-0.772727
1.87869,1.209296,-0.76615
1.886583,1.211342,-0.761619
1.884537,1.217773,-0.760304
1.883367,1.211342,-0.775066
1.884829,1.210465,-0.771996
1.889506,1.209003,-0.771266
1.884829,1.212219,-0.768781
1.885121,1.214557,-0.76235
1.888921,1.211049,-0.775358
1.882198,1.206665,-0.775358
1.88366,1.212219,-0.763081
1.882491,1.216019,-0.767758
1.891552,1.211634,-0.772435
1.890968,1.214557,-0.766589
1.887752,1.216896,-0.761181
1.883367,1.212511,-0.76732
1.883075,1.208711,-0.775943
1.883075,1.21748,-0.778135
1.883367,1.212803,-0.772435
1.885706,1.209003,-0.774335
1.880737,1.207249,-0.76615
1.880737,1.208419,-0.770827
1.880444,1.20608,-0.773312
1.879567,1.20988,-0.772435
1.881321,1.208126,-0.775943
1.877813,1.205788,-0.77565
1.886583,1.213388,-0.767904
1.885998,1.215726,-0.767758
1.883367,1.211342,-0.767466
1.882783,1.202865,-0.767173
1.878398,1.20608,-0.762643
1.878398,1.206665,-0.76805
1.882198,1.20608,-0.768196
1.884829,1.213973,-0.771266
1.888629,1.208711,-0.766735
1.881321,1.208419,-0.769804
1.883952,1.213973,-0.770535
1.885706,1.211634,-0.761912
1.892721,1.212511,-0.774773
1.881614,1.219234,-0.758112
1.889214,1.212219,-0.768781
1.889798,1.211049,-0.771704
1.889798,1.222157,-0.76805
1.88366,1.217773,-0.758842
1.889798,1.219234,-0.776673
1.893598,1.210172,-0.774335
1.886291,1.20988,-0.759281
1.889798,1.218942,-0.769073
1.884244,1.212219,-0.760158
1.879275,1.212511,-0.77565
1.885121,1.214557,-0.770681
1.888337,1.219526,-0.76995
1.883952,1.209588,-0.767612
1.887752,1.214557,-0.785881
1.887167,1.216311,-0.772581
1.888921,1.213973,-0.771996
1.888337,1.218357,-0.77492
1.888921,1.218065,-0.764981
1.882198,1.213096,-0.770096
1.888044,1.216311,-0.775212
1.893306,1.21368,-0.769658
1.890675,1.220696,-0.768635
1.892429,1.211926,-0.76805
1.887167,1.212511,-0.765273
1.890968,1.22128,-0.771558
1.885121,1.212511,-0.770535
1.891552,1.212511,-0.768343
1.889506,1.211049,-0.76805
1.881321,1.216896,-0.767466
1.886583,1.216019,-0.770827
1.889798,1.209296,-0.758258
1.889506,1.216019,-0.772727
1.885998,1.210172,-0.772581
1.882783,1.220403,-0.780912
1.893306,1.221573,-0.772289
1.885706,1.218942,-0.770681
1.89126,1.212803,-0.775797
1.885706,1.216896,-0.763666
1.890675,1.210757,-0.765127
1.888044,1.220403,-0.767173
1.885998,1.215726,-0.764981
1.884244,1.211634,-0.774335
1.886583,1.220403,-0.775943
1.897106,1.224788,-0.774773
1.893306,1.21368,-0.766296
1.888337,1.221865,-0.767612
1.890383,1.215434,-0.76615
1.889798,1.218065,-0.766004
1.881906,1.218357,-0.776527
1.893891,1.220111,-0.759573
1.896521,1.213973,-0.774773
1.890383,1.216603,-0.76995
1.885414,1.220403,-0.756358
1.886875,1.216019,-0.763812
1.891552,1.220403,-0.770389
1.884829,1.219526,-0.768927
1.894768,1.213973,-0.765127
1.885414,1.211342,-0.766735
1.888921,1.211926,-0.775212
1.889506,1.212511,-0.770389
1.890968,1.216311,-0.767758
1.885414,1.220988,-0.77112
1.883952,1.212803,-0.770681
1.89506,1.219819,-0.765858
1.880152,1.213388,-0.76805
1.889214,1.21368,-0.764396
1.885414,1.210172,-0.76425
1.886875,1.211634,-0.768635
1.883952,1.214557,-0.757089
1.883075,1.223034,-0.767027
1.880444,1.205495,-0.762643
1.886583,1.207542,-0.764981
1.883075,1.212219,-0.775066
1.895352,1.212511,-0.763666
1.887167,1.213973,-0.769804
1.884537,1.211342,-0.764835
1.887752,1.214265,-0.771558
1.885121,1.214849,-0.756065
1.881614,1.209588,-0.76805
1.878106,1.211926,-0.765127
1.886291,1.209003,-0.765566
1.890968,1.205788,-0.763373
1.88366,1.213388,-0.772727
1.884244,1.21748,-0.763666
1.889506,1.214849,-0.768489
1.885121,1.210172,-0.778427
1.882198,1.204619,-0.767612
1.883075,1.211049,-0.769366
1.883952,1.211342,-0.771266
1.884829,1.210465,-0.762789
1.888044,1.211049,-0.764981
1.881906,1.222157,-0.77112
1.88366,1.216603,-0.767612
1.884537,1.212803,-0.771996
1.883367,1.208711,-0.761619
1.885998,1.210757,-0.762058
1.883075,1.215142,-0.757819
1.880444,1.216896,-0.759281
1.886583,1.208711,-0.764104
1.884537,1.213096,-0.766735
1.886291,1.210172,-0.760596
1.884244,1.209003,-0.770243
1.882198,1.207834,-0.777843
1.883075,1.216896,-0.764981
1.888044,1.207834,-0.76922
1.882198,1.211634,-0.767173
1.886875,1.208419,-0.768927
1.885414,1.213388,-0.755481
1.884244,1.212219,-0.764835
1.883952,1.211342,-0.77302
1.87986,1.209588,-0.771412
1.880737,1.207542,-0.767904
1.881906,1.213388,-0.77375
1.888337,1.210465,-0.774043
1.879275,1.212803,-0.775212
1.879567,1.211342,-0.768489
1.888921,1.210172,-0.768927
1.87986,1.204911,-0.762496
1.879275,1.208711,-0.764396
1.885414,1.219234,-0.759866
1.881321,1.215434,-0.765566
1.885414,1.209296,-0.764689
1.87986,1.207834,-0.766735
1.884537,1.207249,-0.764981
1.884244,1.207249,-0.760889
1.882783,1.208419,-0.76615
1.884244,1.205203,-0.759866
1.881614,1.205788,-0.761473
1.884829,1.213096,-0.75665
1.886583,1.21368,-0.766443
1.889798,1.212219,-0.76995
1.880444,1.208711,-0.770535
1.888921,1.214265,-0.758989
1.88366,1.209296,-0.774773
1.882783,1.211342,-0.769658
1.884829,1.21368,-0.765273
1.886291,1.213096,-0.770681
1.885998,1.211926,-0.764835
1.877229,1.20988,-0.761473
1.880737,1.204619,-0.766004
1.886291,1.215726,-0.759135
1.880444,1.211342,-0.770096
1.878398,1.211926,-0.756358
1.884829,1.212219,-0.766296
1.883075,1.208419,-0.767173
1.885706,1.203742,-0.763812
1.87869,1.207249,-0.762643
1.883075,1.210465,-0.767027
1.884829,1.211049,-0.780327
1.886291,1.212803,-0.76995
1.886291,1.211342,-0.770681
1.888921,1.212511,-0.757673
1.883367,1.210757,-0.771412
1.896229,1.212511,-0.766296
1.88366,1.211926,-0.765127
1.882491,1.213388,-0.763666
1.891845,1.213096,-0.751242
1.883952,1.214849,-0.767904
1.885706,1.211342,-0.772873
1.88366,1.215434,-0.758258
1.879567,1.20988,-0.761619
1.888921,1.217188,-0.768196
1.884829,1.206957,-0.770389
1.881321,1.213388,-0.763812
1.887752,1.213388,-0.769512
1.887752,1.211926,-0.756942
1.887752,1.215434,-0.757235
1.886291,1.216603,-0.767758
1.875767,1.210757,-0.762058
1.880152,1.208419,-0.766735
1.88366,1.208711,-0.767173
1.88366,1.211926,-0.770096
1.888629,1.21748,-0.764981
1.876937,1.214557,-0.759866
1.877229,1.204034,-0.768927
1.884829,1.204619,-0.76805
1.880152,1.206665,-0.767904
1.890675,1.211049,-0.773897
1.889798,1.204034,-0.765419
1.884244,1.211634,-0.768781
1.884829,1.211342,-0.764396
1.881614,1.206372,-0.765712
1.881906,1.211342,-0.775943
1.882783,1.205495,-0.773166
1.885998,1.211049,-0.779889
1.885706,1.209296,-0.77945
1.885998,1.217773,-0.775212
1.884829,1.220111,-0.773897
1.885121,1.209003,-0.775504
1.882198,1.221865,-0.767173
1.885414,1.211342,-0.773458
1.882783,1.208711,-0.779158
1.890968,1.212803,-0.777697
1.885414,1.211926,-0.772143
1.890675,1.211342,-0.774189
1.885998,1.209003,-0.77682
1.882491,1.204619,-0.768343
1.890968,1.212803,-0.769366
1.883075,1.214557,-0.779889
1.889798,1.207834,-0.772873
1.885121,1.20608,-0.776381
1.887167,1.205495,-0.77492
1.891845,1.207834,-0.778281
1.885998,1.211049,-0.781935
1.885414,1.207542,-0.769658
1.890383,1.208126,-0.777258
1.888629,1.213096,-0.77185
1.887752,1.201111,-0.779158
1.882783,1.212511,-0.765127
1.884829,1.210465,-0.765273
1.890383,1.208126,-0.761327
1.877813,1.206372,-0.774481
1.883952,1.209296,-0.778574
1.886291,1.214265,-0.758696
1.886583,1.212219,-0.752265
1.885706,1.204619,-0.767612
1.887752,1.218065,-0.767758
1.880152,1.205495,-0.768343
1.884244,1.208711,-0.762935
1.883075,1.205788,-0.774627
1.89126,1.211049,-0.773166
1.88746,1.205203,-0.762789
1.886875,1.206665,-0.766004
1.887752,1.204326,-0.761912
1.886875,1.211342,-0.764835
1.887167,1.208126,-0.768196
1.888629,1.209296,-0.764543
1.890091,1.207834,-0.769073
1.881906,1.203742,-0.772727
1.88746,1.200526,-0.766004
1.885998,1.210465,-0.777258
1.885121,1.202572,-0.771704
1.88746,1.206372,-0.76732
1.890091,1.207542,-0.779304
1.887752,1.202572,-0.765566
1.883952,1.208126,-0.772435
1.890383,1.205203,-0.759281
1.890675,1.211926,-0.76805
1.888921,1.209588,-0.766443
1.885121,1.211049,-0.772581
1.880444,1.210465,-0.764689
1.893014,1.208711,-0.779304
1.896521,1.204326,-0.766296
1.896814,1.216896,-0.774481
1.884537,1.211634,-0.772873
1.88366,1.216896,-0.767466
1.891845,1.209588,-0.775797
1.893014,1.214849,-0.767904
1.890383,1.214557,-0.764543
1.888044,1.207834,-0.765419
1.889506,1.206372,-0.775797
1.889506,1.204326,-0.767466
1.888921,1.213388,-0.766443
1.888921,1.20988,-0.770096
1.886583,1.210172,-0.770535
1.885121,1.205203,-0.757819
1.882491,1.215434,-0.765566
1.882491,1.210465,-0.776235
1.883952,1.207542,-0.771996
1.890091,1.216019,-0.773458
1.882198,1.215142,-0.778135
1.887167,1.210757,-0.767173
1.891845,1.212803,-0.778135
1.882198,1.215142,-0.771266
1.883075,1.213973,-0.780327
1.881321,1.213096,-0.770243
1.889798,1.213388,-0.765712
1.890675,1.211049,-0.770535
1.883952,1.211342,-0.766735
1.89126,1.214557,-0.76805
1.888044,1.213973,-0.778866
1.885998,1.214265,-0.768781
1.880152,1.216311,-0.762643
1.883075,1.213388,-0.778427
1.884244,1.214849,-0.769658
1.877229,1.209003,-0.770243
1.876352,1.213973,-0.772727
1.883367,1.20988,-0.773166
1.885706,1.204619,-0.774773
1.881906,1.205203,-0.773897
1.88746,1.211342,-0.766443
1.88746,1.210172,-0.772289
1.881614,1.208419,-0.76805
1.884829,1.204619,-0.775504
1.877813,1.20608,-0.775797
1.885414,1.211634,-0.768489
1.884537,1.207542,-0.762204
1.879275,1.212219,-0.773458
1.886583,1.207834,-0.775943
1.883075,1.204619,-0.770681
1.882491,1.21748,-0.771558
1.88366,1.210172,-0.770827
1.890383,1.209003,-0.766589
1.887167,1.204326,-0.776089
1.884537,1.213096,-0.763081
1.885121,1.211634,-0.77492
1.883952,1.207834,-0.769804
1.884829,1.209588,-0.771704
1.877813,1.207249,-0.782374
1.88746,1.211342,-0.768196
1.891552,1.209588,-0.77302
1.883075,1.215142,-0.778135
1.881614,1.20608,-0.779158
1.88746,1.214557,-0.768343
1.881029,1.199357,-0.775943
1.881614,1.203742,-0.772727
1.883952,1.206957,-0.770535
1.887167,1.207834,-0.769366
1.884244,1.206665,-0.766735
1.884537,1.211926,-0.754458
1.88366,1.208419,-0.775797
1.890383,1.207542,-0.774627
1.882491,1.206957,-0.760742
1.889214,1.207834,-0.771266
1.888921,1.211049,-0.768781
1.892137,1.213096,-0.769073
1.88366,1.210465,-0.766881
1.887752,1.205203,-0.767173
1.890675,1.211926,-0.764689
1.884244,1.210172,-0.766881
1.884244,1.214265,-0.772143
1.89506,1.210465,-0.768196
1.888337,1.209588,-0.771412
1.892429,1.208711,-0.769804
1.890383,1.206665,-0.77302
1.88746,1.20608,-0.766443
1.888337,1.206957,-0.775212
1.890383,1.209588,-0.766881
1.889214,1.206665,-0.772143
1.888337,1.211049,-0.766589
1.89126,1.213096,-0.770389
1.891845,1.20988,-0.765127
1.888044,1.210757,-0.762204
1.883952,1.207542,-0.764835
1.890383,1.212219,-0.77302
1.885998,1.207834,-0.763519
1.885706,1.210757,-0.765127
1.881029,1.213388,-0.768343
1.888044,1.20608,-0.763373
1.889798,1.213096,-0.761327
1.880152,1.211049,-0.75855
1.883075,1.203449,-0.773166
1.881614,1.206372,-0.768927
1.889798,1.204619,-0.765419
1.881906,1.211342,-0.767612
1.886291,1.208126,-0.774627
1.881906,1.204619,-0.771266
1.884537,1.212511,-0.77492
1.876644,1.204911,-0.771266
1.882491,1.212219,-0.76805
1.885121,1.214849,-0.779743
1.879567,1.210172,-0.773458
1.876644,1.209588,-0.774773
1.87986,1.220403,-0.786758
1.865536,1.242327,-0.796989
1.850921,1.263081,-0.81862
1.837182,1.313943,-0.847121
1.81292,1.363344,-0.874013
1.798012,1.412452,-0.878544
1.779012,1.466823,-0.889798
1.772289,1.481438,-0.880298
1.763519,1.503069,-0.882198
1.752704,1.515346,-0.872113
1.761181,1.519439,-0.856182
1.769073,1.504238,-0.833382
1.779012,1.515054,-0.818182
1.782812,1.496931,-0.802543
1.783689,1.496638,-0.805466
1.78135,1.490208,-0.782374
1.79012,1.484654,-0.77492
1.791581,1.486408,-0.767904
1.79392,1.476177,-0.764543
1.797428,1.474423,-0.759135
1.786904,1.46273,-0.760158
1.799474,1.453376,-0.751096
1.803566,1.461269,-0.751388
1.801228,1.457761,-0.756358
1.809412,1.454838,-0.752412
1.80912,1.456299,-0.757966
1.802397,1.451038,-0.745688
1.805028,1.449868,-0.754312
1.803274,1.448699,-0.743496
1.810582,1.44753,-0.741158
1.812628,1.443438,-0.743496
1.811751,1.445484,-0.733557
1.806782,1.445776,-0.74335
1.807366,1.438761,-0.731073
1.811459,1.443145,-0.737942
1.801812,1.44753,-0.723473
1.814382,1.446068,-0.739842
1.809997,1.446361,-0.738965
1.803859,1.440514,-0.73575
1.816428,1.440222,-0.735019
1.802397,1.443438,-0.742619
1.812628,1.440222,-0.729611
1.807659,1.434376,-0.733557
1.814089,1.442561,-0.73575
1.810582,1.432914,-0.736919
1.814966,1.437884,-0.740865
1.815259,1.437007,-0.740865
1.815551,1.436714,-0.736481
1.814674,1.43993,-0.745396
1.814089,1.44373,-0.744665
1.814966,1.442853,-0.741888
1.809997,1.439638,-0.739404
1.811166,1.446945,-0.734873
1.812336,1.429407,-0.739988
1.811166,1.441391,-0.73078
1.810874,1.443438,-0.733996
1.815843,1.439345,-0.736627
1.817013,1.434376,-0.732534
1.80912,1.438468,-0.737942
1.813505,1.445192,-0.742327
1.811459,1.447238,-0.734873
1.804151,1.444899,-0.736188
1.803859,1.441391,-0.738673
1.806782,1.453668,-0.733704
1.810874,1.446361,-0.731511
1.809997,1.446361,-0.74145
1.807366,1.43993,-0.736481
1.807951,1.443438,-0.73765
1.806197,1.440514,-0.734142
1.80912,1.446361,-0.730196
1.80152,1.450453,-0.737942
1.807951,1.447822,-0.726688
1.812043,1.445776,-0.731073
1.811459,1.446068,-0.744811
1.810582,1.444607,-0.732388
1.809997,1.445484,-0.732534
1.813505,1.443438,-0.734288
1.808243,1.442268,-0.733411
1.811751,1.43993,-0.732973
1.813505,1.446945,-0.729904
1.809997,1.438176,-0.737211
1.814089,1.446068,-0.731657
1.81672,1.447822,-0.740427
1.813505,1.444314,-0.734142
1.810582,1.448115,-0.729319
1.810874,1.436714,-0.723327
1.808243,1.436422,-0.728734
1.821982,1.445776,-0.736334
1.813213,1.441976,-0.735457
1.815843,1.441099,-0.73385
1.813505,1.437299,-0.734288
1.811751,1.441976,-0.727711
1.814966,1.448407,-0.723619
1.807951,1.43496,-0.725811
1.817305,1.444022,-0.736627
1.812336,1.44753,-0.739258
1.810874,1.442561,-0.731804
1.813797,1.44373,-0.734581
1.807074,1.448992,-0.730342
1.815259,1.447822,-0.741596
1.814966,1.44753,-0.728734
1.810874,1.445192,-0.73575
1.813213,1.447238,-0.729611
1.80912,1.443438,-0.731365
1.814089,1.448699,-0.73575
1.809997,1.451038,-0.733411
1.808243,1.437591,-0.744519
1.80912,1.441099,-0.738819
1.813213,1.43496,-0.738088
1.818766,1.441976,-0.73575
1.815843,1.444899,-0.735165
1.815843,1.447238,-0.728734
1.813213,1.444022,-0.734288
1.814089,1.442853,-0.739111
1.811166,1.43993,-0.73005
1.815259,1.445484,-0.733557
1.814966,1.441684,-0.729319
1.810582,1.440807,-0.737796
1.809997,1.444899,-0.733704
1.811751,1.440807,-0.739842
1.811751,1.443438,-0.729027
1.807074,1.442561,-0.726688
1.815259,1.440222,-0.73195
1.813213,1.443438,-0.729027
1.808243,1.445192,-0.736188
1.812628,1.448407,-0.732973
1.805028,1.443438,-0.727565
1.812628,1.438468,-0.73955
1.815551,1.446945,-0.735457
1.808243,1.441684,-0.738527
1.812336,1.445192,-0.725957
1.80912,1.443438,-0.736627
1.810874,1.446945,-0.72888
1.810582,1.445192,-0.738088
1.812043,1.44753,-0.73955
1.811166,1.444022,-0.747588
1.811751,1.44373,-0.737942
1.811166,1.446653,-0.736188
1.803859,1.442268,-0.742765
1.809412,1.449284,-0.740573
1.806782,1.446361,-0.745835
1.809705,1.448407,-0.735019
1.805612,1.438176,-0.733411
1.817305,1.446653,-0.731219
1.804735,1.444314,-0.732534
1.808243,1.443438,-0.738673
1.802982,1.442853,-0.74715
1.810874,1.442561,-0.73078
1.809705,1.43993,-0.734288
1.809412,1.441976,-0.742765
1.808828,1.43613,-0.747735
1.819936,1.440222,-0.742911
1.815259,1.442561,-0.739988
1.811751,1.446653,-0.733411
1.813797,1.439638,-0.738381
1.811166,1.441099,-0.750073
1.811751,1.43993,-0.748904
1.813213,1.442268,-0.732534
1.811751,1.446068,-0.744373
1.805612,1.446945,-0.736188
1.807074,1.445192,-0.731511
1.811459,1.442853,-0.736334
1.803859,1.434376,-0.743204
1.813213,1.440807,-0.737065
1.812628,1.445776,-0.741011
1.815259,1.445192,-0.74335
1.813213,1.440514,-0.736042
1.807659,1.442853,-0.744373
1.817013,1.441391,-0.743935
1.811459,1.445192,-0.745981
1.809412,1.440807,-0.746565
1.814674,1.440514,-0.733704
1.805028,1.442853,-0.740719
1.811459,1.438468,-0.733119
1.810874,1.437884,-0.736188
1.804151,1.444899,-0.729319
1.803859,1.446653,-0.736919
1.814089,1.445484,-0.739111
1.814382,1.439053,-0.737796
1.811751,1.444607,-0.732388
1.813797,1.444022,-0.739842
1.812336,1.439345,-0.736188
1.808243,1.435253,-0.738088
1.806782,1.440222,-0.74145
1.810874,1.441391,-0.748465
1.804735,1.440222,-0.743496
1.812628,1.444022,-0.739696
1.811459,1.437591,-0.736481
1.812336,1.444607,-0.732973
1.805612,1.443145,-0.732388
1.814382,1.443438,-0.743935
1.809997,1.437884,-0.741742
1.808828,1.445192,-0.734142
1.812336,1.441684,-0.737504
1.80912,1.438468,-0.733704
1.809997,1.43993,-0.736773
1.805612,1.442853,-0.733557
1.807659,1.441976,-0.738234
1.811166,1.440514,-0.741888
1.810874,1.441391,-0.731073
1.814674,1.435545,-0.739404
1.816428,1.437007,-0.74145
1.812043,1.446361,-0.74145
1.810874,1.446068,-0.742911
1.814966,1.436422,-0.745542
1.817013,1.439638,-0.741742
1.81672,1.442561,-0.732827
1.80912,1.436422,-0.739258
1.812043,1.442853,-0.742034
1.814089,1.444022,-0.734873
1.807659,1.442853,-0.732388
1.811166,1.446361,-0.736773
1.818182,1.445484,-0.734727
1.813797,1.445776,-0.737504
1.812043,1.444607,-0.739404
1.808535,1.442561,-0.750365
1.816136,1.440807,-0.743788
1.811459,1.441391,-0.736627
1.811751,1.438761,-0.745104
1.811751,1.434376,-0.734873
1.809705,1.436714,-0.740865
1.813505,1.443438,-0.741304
1.814674,1.44373,-0.733119
1.812336,1.443145,-0.732242
1.817305,1.43993,-0.739404
1.814382,1.439053,-0.739842
1.814382,1.442853,-0.73385
1.815259,1.443145,-0.736627
1.817013,1.441684,-0.738819
1.816136,1.444314,-0.747004
1.818182,1.445192,-0.728442
1.815551,1.446068,-0.731804
1.813213,1.440514,-0.738819
1.808243,1.445192,-0.743642
1.813797,1.443438,-0.734873
1.812336,1.449576,-0.736773
1.813797,1.441976,-0.748027
1.824028,1.441391,-0.741888
1.82169,1.446945,-0.737357
1.820228,1.442268,-0.736773
1.813505,1.442268,-0.742911
1.816136,1.440807,-0.736627
1.818766,1.441684,-0.748319
1.807951,1.437299,-0.741596
1.813797,1.443145,-0.738965
1.813505,1.439345,-0.734142
1.814966,1.438468,-0.736773
1.81292,1.437591,-0.734142
1.819059,1.444899,-0.742181
1.812628,1.444899,-0.736188
1.813797,1.448699,-0.738527
1.81292,1.440807,-0.732096
1.807366,1.440222,-0.734581
1.81672,1.44373,-0.733704
1.809412,1.43993,-0.743935
1.80532,1.437299,-0.739696
1.812336,1.439638,-0.723911
1.810874,1.437884,-0.740719
1.821982,1.442268,-0.728442
1.812628,1.447238,-0.734727
1.812336,1.441976,-0.736773
1.816136,1.441099,-0.736919
1.819059,1.442561,-0.732096
1.812628,1.438761,-0.733265
1.807951,1.433791,-0.735604
1.809412,1.430576,-0.734581
1.807074,1.428237,-0.731073
1.815259,1.438468,-0.737942
1.80912,1.437591,-0.729757
1.808828,1.436422,-0.742765
1.807366,1.435838,-0.733996
1.813505,1.436422,-0.732973
1.807074,1.434668,-0.738527
1.810582,1.437007,-0.733265
1.814674,1.435838,-0.734873
1.813505,1.434376,-0.731365
1.814089,1.435253,-0.729904
1.808243,1.440807,-0.734873
1.799766,1.43993,-0.744665
1.806489,1.437591,-0.736919
1.811166,1.446945,-0.732534
1.810289,1.43993,-0.729465
1.810289,1.446361,-0.73078
1.807074,1.439053,-0.734581
1.814674,1.447822,-0.722742
1.812043,1.445484,-0.731219
1.81672,1.438761,-0.743204
1.80912,1.443145,-0.736042
1.811459,1.43993,-0.730196
1.806489,1.440514,-0.742473
1.810582,1.441099,-0.742619
1.81672,1.440514,-0.746711
1.817305,1.441976,-0.733119
1.811751,1.434084,-0.739842
1.806197,1.445776,-0.737065
1.811751,1.43496,-0.739988
1.806489,1.443145,-0.734873
1.810289,1.440514,-0.742911
1.806782,1.443145,-0.740573
1.814089,1.440222,-0.740281
1.802397,1.438176,-0.735604
1.811751,1.437884,-0.732096
1.809997,1.434668,-0.735604
1.805612,1.437299,-0.740573
1.804735,1.43613,-0.740719
1.809705,1.436422,-0.740427
1.811751,1.440807,-0.740719
1.810289,1.43993,-0.733704
1.815551,1.443438,-0.736334
1.807951,1.438761,-0.73575
1.808828,1.437591,-0.72625
1.816428,1.437884,-0.733704
1.81292,1.437884,-0.724203
1.811166,1.435545,-0.742181
1.818182,1.435253,-0.731219
1.818474,1.438468,-0.741888
1.808243,1.439345,-0.729027
1.810874,1.437884,-0.733557
1.811751,1.441099,-0.736188
1.816428,1.441391,-0.727711
1.809997,1.437299,-0.738527
1.811751,1.436714,-0.74335
1.80912,1.443145,-0.740427
1.813505,1.43993,-0.731073
1.808535,1.442561,-0.730196
1.807074,1.435253,-0.732242
1.814966,1.447238,-0.732388
1.810874,1.437884,-0.744373
1.809412,1.435545,-0.738527
1.811166,1.434668,-0.725519
1.810582,1.441099,-0.738381
1.804735,1.434668,-0.733704
1.817305,1.440514,-0.733411
1.80912,1.44373,-0.740865
1.814674,1.437884,-0.732388
1.815551,1.43993,-0.725227
1.80912,1.446945,-0.738527
1.808243,1.441099,-0.744665
1.808243,1.442268,-0.730634
1.815551,1.440514,-0.735165
1.805612,1.440807,-0.733119
1.811166,1.441391,-0.735457
1.814089,1.441976,-0.734434
1.802982,1.444022,-0.734288
1.806489,1.434668,-0.737942
1.812043,1.43993,-0.729319
1.814089,1.438176,-0.733704
1.816136,1.44373,-0.736627
1.813213,1.44753,-0.729319
1.808535,1.451038,-0.73078
1.815259,1.43993,-0.730488
1.810289,1.440222,-0.729757
1.808828,1.442561,-0.721865
1.811751,1.441099,-0.736042
1.808243,1.443438,-0.733557
1.80912,1.444607,-0.733996
1.81292,1.443438,-0.735604
1.812336,1.437007,-0.729319
1.814089,1.443438,-0.727857
1.806489,1.442853,-0.736042
1.811459,1.438761,-0.738965
1.811459,1.435253,-0.734727
1.816136,1.437591,-0.725373
1.807659,1.438468,-0.731073
1.809705,1.436714,-0.73765
1.811166,1.438176,-0.737357
1.80532,1.43613,-0.731804
1.811459,1.440222,-0.723619
1.812628,1.434668,-0.734873
1.807951,1.436714,-0.716896
1.811459,1.437884,-0.732827
1.811459,1.434668,-0.733704
1.819059,1.444899,-0.736334
1.818182,1.435838,-0.72625
1.802105,1.437591,-0.728296
1.805905,1.438761,-0.740427
1.813797,1.43233,-0.735165
1.815259,1.442853,-0.736334
1.808243,1.439053,-0.736042
1.808828,1.435545,-0.73385
1.812336,1.433207,-0.729027
1.808243,1.443438,-0.733704
1.815843,1.438761,-0.731511
1.812628,1.437884,-0.736919
1.811751,1.444314,-0.733265
1.805905,1.441976,-0.729465
1.807951,1.440514,-0.730927
1.815551,1.441976,-0.723034
1.813797,1.437591,-0.717773
1.813505,1.436714,-0.73765
1.815259,1.43613,-0.730927
1.815259,1.438468,-0.737942
1.808535,1.434376,-0.729173
1.818182,1.437591,-0.735019
1.814089,1.446068,-0.726396
1.811459,1.43613,-0.737796
1.813797,1.44373,-0.728734
1.814674,1.43496,-0.732388
1.811751,1.438761,-0.738527
1.814382,1.434376,-0.736188
1.817597,1.444022,-0.73195
1.810874,1.437007,-0.744665
1.817889,1.436714,-0.744519
1.817889,1.44373,-0.736919
1.818182,1.439638,-0.736188
1.813213,1.437299,-0.736188
1.812628,1.43993,-0.739404
1.812043,1.434668,-0.741158
1.813213,1.438468,-0.740134
1.814382,1.439053,-0.740573
1.815843,1.436422,-0.742473
1.807074,1.440807,-0.737211
1.815551,1.443438,-0.738527
1.81292,1.441391,-0.735165
1.809412,1.44373,-0.735311
1.817305,1.439053,-0.738673
1.817597,1.438176,-0.734142
1.815259,1.441099,-0.732388
1.813797,1.443438,-0.747881
1.81292,1.43993,-0.744227
1.810582,1.440807,-0.746858
1.81292,1.441684,-0.737357
1.811751,1.441684,-0.736773
1.814674,1.437299,-0.741596
1.812628,1.436714,-0.744519
1.820228,1.439345,-0.73765
1.808828,1.43993,-0.737942
1.812336,1.440222,-0.740865
1.807074,1.437299,-0.74145
1.804735,1.440807,-0.730634
1.811751,1.441391,-0.743496
1.807659,1.436714,-0.737065
1.807074,1.435838,-0.735604
1.80532,1.434668,-0.735457
1.810874,1.441099,-0.732534
1.815259,1.43613,-0.735896
1.808243,1.440222,-0.747296
1.807366,1.441684,-0.736627
1.812043,1.447238,-0.737211
1.809412,1.435838,-0.73078
1.811751,1.440514,-0.72245
1.818766,1.438176,-0.727857
1.817597,1.434376,-0.736627
1.810582,1.440222,-0.725373
1.810289,1.440222,-0.73195
1.811166,1.435838,-0.741158
1.813213,1.433499,-0.738819
1.811459,1.437007,-0.732096
1.811166,1.436422,-0.73195
1.803859,1.444314,-0.736188
1.809705,1.441976,-0.729173
1.81292,1.433791,-0.746565
1.814382,1.435838,-0.735604
1.805905,1.434668,-0.740573
1.806489,1.444314,-0.749927
1.813505,1.433207,-0.734873
1.811166,1.438468,-0.742034
1.805028,1.437007,-0.732973
1.806489,1.43233,-0.735457
1.813797,1.433791,-0.739696
1.810582,1.437299,-0.742473
1.807951,1.438176,-0.735896
1.814966,1.438761,-0.731073
1.804443,1.439638,-0.743935
1.82052,1.440807,-0.738234
1.810582,1.435253,-0.73765
1.811751,1.438468,-0.731657
1.815259,1.443145,-0.739258
1.824905,1.438761,-0.738088
1.817013,1.440807,-0.736481
1.816136,1.440514,-0.736481
1.818182,1.434668,-0.746858
1.812628,1.43613,-0.743642
1.811459,1.444899,-0.730342
1.815551,1.44753,-0.739842
1.806489,1.442853,-0.739988
1.805905,1.44373,-0.734581
1.808828,1.440807,-0.738673
1.807659,1.437007,-0.745981
1.807074,1.436422,-0.731073
1.81292,1.444607,-0.742327
1.811166,1.442561,-0.724057
1.80532,1.439638,-0.738673
1.813505,1.440807,-0.738527
1.804735,1.436422,-0.732242
1.810289,1.446361,-0.735896
1.810289,1.43993,-0.740134
1.811166,1.438761,-0.742765
1.813797,1.437007,-0.735165
1.815551,1.440222,-0.735604
1.819936,1.439345,-0.733265
1.815843,1.439638,-0.73955
1.818474,1.439638,-0.736627
1.814089,1.442853,-0.740427
1.81672,1.442268,-0.731219
1.81292,1.442268,-0.732973
1.807366,1.439638,-0.734581
1.818766,1.437884,-0.739842
1.812043,1.445192,-0.751096
1.815259,1.438468,-0.731073
1.81292,1.43993,-0.734434
1.809412,1.436422,-0.733265
1.806489,1.442561,-0.726834
1.816136,1.438176,-0.731657
1.815551,1.439638,-0.740719
1.811751,1.432622,-0.73575
1.814382,1.447238,-0.734434
1.81292,1.447238,-0.735019
1.815551,1.441099,-0.737504
1.809997,1.439638,-0.72888
1.812336,1.434668,-0.729027
1.815551,1.441684,-0.741742
1.807659,1.440222,-0.744811
1.817013,1.446945,-0.735311
1.813213,1.442853,-0.736773
1.817013,1.439638,-0.737942
1.80532,1.442268,-0.736042
1.809412,1.441099,-0.74145
1.809705,1.440514,-0.740281
1.812043,1.434668,-0.735896
1.80912,1.439638,-0.727127
1.813213,1.436714,-0.729465
1.81292,1.437884,-0.738673
1.813505,1.432622,-0.742911
1.810582,1.442561,-0.730634
1.810582,1.436714,-0.740865
1.806489,1.449576,-0.737504
1.798305,1.457469,-0.756358
1.789535,1.476469,-0.791728
1.780181,1.510377,-0.818182
1.770243,1.514762,-0.834405
1.760012,1.512131,-0.87036
1.763519,1.490792,-0.87299
1.772581,1.472669,-0.891845
1.784858,1.442268,-0.888044
1.794797,1.408945,-0.87986
1.802105,1.379129,-0.883514
1.818474,1.344051,-0.863636
1.826074,1.310728,-0.849021
1.837474,1.296697,-0.837767
1.854721,1.283835,-0.822713
1.850336,1.27945,-0.821105
1.861444,1.26922,-0.826951
1.871383,1.26045,-0.816136
1.858521,1.243788,-0.803566
1.865829,1.243204,-0.805466
1.875767,1.238234,-0.799766
1.87606,1.23385,-0.792605
1.879567,1.224788,-0.79392
1.881321,1.230634,-0.789974
1.879567,1.230634,-0.786466
1.889506,1.220988,-0.822128
1.882491,1.221573,-0.777843
1.883952,1.223034,-0.776089
1.880444,1.21748,-0.785735
1.884244,1.216019,-0.777989
1.882491,1.216896,-0.781935
1.88366,1.215726,-0.772727
1.88746,1.211049,-0.770243
1.890383,1.215726,-0.767904
1.884244,1.21865,-0.770535
1.885414,1.216896,-0.76995
1.884244,1.218357,-0.787051
1.889506,1.213096,-0.778135
1.888337,1.213388,-0.774773
1.877229,1.211342,-0.767027
1.895645,1.210757,-0.770535
1.888337,1.213096,-0.771558
1.888044,1.21368,-0.764981
1.880152,1.210757,-0.78252
1.885998,1.20988,-0.765566
1.880737,1.20608,-0.769512
1.890675,1.211342,-0.771996
1.884537,1.215726,-0.768781
1.889214,1.211049,-0.779012
1.885998,1.206665,-0.775066
1.894183,1.207249,-0.770243
1.888921,1.210465,-0.763519
1.894183,1.210172,-0.759719
1.890383,1.207542,-0.769658
1.892137,1.211634,-0.780474
1.889214,1.211634,-0.758404
1.886291,1.20608,-0.76805
1.885414,1.211049,-0.76732
1.890383,1.207249,-0.770535
1.885706,1.220696,-0.764543
1.889214,1.206665,-0.765712
1.889798,1.204034,-0.768927
1.886583,1.204911,-0.763812
1.88366,1.211342,-0.76615
1.881029,1.208126,-0.776381
1.883075,1.210757,-0.761181
1.877813,1.220696,-0.790558
1.877229,1.233557,-0.786758
1.866121,1.257527,-0.817451
1.84069,1.309266,-0.841713
1.823151,1.351944,-0.879567
1.794797,1.410406,-0.891845
1.779012,1.444899,-0.903391
1.774627,1.473253,-0.901637
1.762643,1.505992,-0.884975
1.761766,1.51447,-0.879275
1.764981,1.521485,-0.855159
1.758842,1.517977,-0.825197
1.764689,1.511546,-0.821251
1.768196,1.508039,-0.818766
1.782227,1.502192,-0.802982
1.782812,1.502485,-0.800205
1.781058,1.493715,-0.788074
1.788951,1.489038,-0.785881
1.788366,1.47793,-0.770827
1.796258,1.469161,-0.770096
1.798305,1.471792,-0.765566
1.800351,1.468576,-0.760304
1.791874,1.467407,-0.76615
1.805612,1.460976,-0.761912
1.802689,1.458638,-0.759719
1.806489,1.461269,-0.759719
1.808243,1.455715,-0.752704
1.804151,1.451622,-0.757235
1.808828,1.448115,-0.745688
1.805612,1.455422,-0.755042
1.80152,1.44373,-0.757673
1.806782,1.448115,-0.737211
1.805612,1.442561,-0.750219
1.811166,1.450453,-0.742473
1.809705,1.443438,-0.746273
1.80912,1.448115,-0.74715
1.812628,1.448992,-0.742765
1.807366,1.443145,-0.746711
1.814966,1.447238,-0.748612
1.81292,1.446361,-0.734434
1.813213,1.44753,-0.74525
1.811751,1.444022,-0.752412
1.814674,1.443145,-0.748319
1.81292,1.444022,-0.734288
1.811166,1.440222,-0.744958
1.811751,1.445192,-0.73575
1.808535,1.445484,-0.747881
1.810582,1.441684,-0.735896
1.812336,1.435545,-0.742619
1.802105,1.444314,-0.741742
1.816428,1.448115,-0.748173
1.810874,1.445484,-0.750365
1.81292,1.444607,-0.736481
1.812336,1.448407,-0.736334
1.814966,1.448407,-0.733119
1.817305,1.445776,-0.744958
1.816428,1.445776,-0.734434
1.817305,1.444022,-0.744227
1.808535,1.447822,-0.741742
1.809705,1.443145,-0.745981
1.819059,1.447822,-0.745104
1.814966,1.444314,-0.744081
1.813797,1.445776,-0.738819
1.814089,1.458346,-0.736042
1.813213,1.457469,-0.735165
1.808243,1.438468,-0.745688
1.819059,1.445776,-0.735165
1.809997,1.445192,-0.746273
1.812336,1.441099,-0.738527
1.807659,1.448992,-0.737796
1.807366,1.436422,-0.750073
1.82052,1.446945,-0.737065
1.80912,1.446945,-0.739842
1.812043,1.439053,-0.741304
1.814382,1.439638,-0.726834
1.815551,1.443438,-0.737357
1.809705,1.437007,-0.734873
1.810874,1.43993,-0.73268
1.814382,1.443145,-0.746273
1.814089,1.444899,-0.746127
1.806197,1.44373,-0.734727
1.811751,1.448699,-0.737357
1.811166,1.435253,-0.743058
1.816428,1.439638,-0.734581
1.816136,1.441684,-0.735896
1.813213,1.446361,-0.740427
1.817305,1.445192,-0.740281
1.814674,1.449868,-0.737942
1.811751,1.443145,-0.737211
1.814089,1.438176,-0.748465
1.808535,1.446361,-0.740573
1.809412,1.446068,-0.744081
1.803859,1.445192,-0.738088
1.810582,1.450453,-0.746858
1.809997,1.448115,-0.737796
1.813797,1.446945,-0.73575
1.815551,1.450161,-0.735165
1.814382,1.447822,-0.74525
1.811166,1.442561,-0.733119
1.808828,1.442853,-0.739988
1.812336,1.444607,-0.743496
1.804735,1.443145,-0.738965
1.808535,1.445484,-0.740281
1.807074,1.444899,-0.74525
1.814089,1.442853,-0.741158
1.816136,1.444022,-0.746858
1.813213,1.444314,-0.747881
1.807951,1.44373,-0.735896
1.810582,1.444022,-0.737357
1.808828,1.443145,-0.731365
1.807659,1.448115,-0.738381
1.813505,1.448407,-0.742473
1.809705,1.448407,-0.754458
1.814089,1.440222,-0.736188
1.812336,1.441391,-0.746419
1.807366,1.440807,-0.746127
1.815551,1.449284,-0.744958
1.817305,1.450453,-0.743935
1.813797,1.448699,-0.746419
1.815843,1.442268,-0.738965
1.810874,1.448115,-0.736481
1.80912,1.443438,-0.741596
1.813797,1.446945,-0.738673
1.815551,1.450161,-0.744958
1.802982,1.443438,-0.735019
1.815259,1.440514,-0.742181
1.804735,1.448407,-0.736773
1.807366,1.444022,-0.725811
1.80912,1.436714,-0.744227
1.810289,1.438468,-0.742034
1.814089,1.439638,-0.741304
1.815259,1.443438,-0.748173
1.814089,1.438468,-0.739258
1.819936,1.442561,-0.734581
1.812336,1.441391,-0.739258
1.814382,1.43993,-0.736481
1.812043,1.445776,-0.737504
1.807074,1.437007,-0.729465
1.807659,1.438761,-0.734581
1.812336,1.448115,-0.736334
1.809412,1.439345,-0.740281
1.813505,1.440514,-0.737942
1.812043,1.43993,-0.735604
1.812336,1.442561,-0.746273
1.815843,1.437007,-0.742619
1.811166,1.441684,-0.746565
1.804735,1.437591,-0.74145
1.813213,1.444899,-0.745981
1.810582,1.448407,-0.738088
1.813213,1.438468,-0.733265
1.809705,1.439345,-0.731219
1.812043,1.446068,-0.74525
1.813505,1.446945,-0.738088
1.814089,1.43993,-0.736042
1.812628,1.439053,-0.73575
1.818182,1.446653,-0.73765
1.810582,1.442561,-0.741742
1.809412,1.441976,-0.751242
1.799766,1.442561,-0.738527
1.807659,1.437884,-0.740281
1.812336,1.433791,-0.749342
1.809412,1.437299,-0.743496
1.802397,1.440807,-0.730488
1.809997,1.443145,-0.73765
1.809705,1.440807,-0.738527
1.806489,1.435545,-0.745981
1.805905,1.438468,-0.73955
1.814382,1.440514,-0.74145
1.805028,1.443438,-0.745542
1.817597,1.451038,-0.746419
1.800351,1.447822,-0.736481
1.808535,1.444607,-0.730927
1.815259,1.438176,-0.742181
1.818766,1.444022,-0.726396
1.807659,1.443438,-0.746127
1.816428,1.442853,-0.743058
1.815259,1.439638,-0.743058
1.810289,1.444607,-0.741742
1.815259,1.440222,-0.736334
1.80532,1.438761,-0.730342
1.817305,1.439638,-0.735311
1.812336,1.446945,-0.743935
1.817305,1.444022,-0.743204
1.804735,1.438176,-0.741304
1.811751,1.443438,-0.731804
1.811751,1.441976,-0.729173
1.817013,1.447238,-0.738819
1.80912,1.442561,-0.740427
1.814089,1.449868,-0.73575
1.814674,1.444314,-0.746565
1.816136,1.444022,-0.744811
1.813213,1.441099,-0.738673
1.814382,1.443145,-0.744373
1.80532,1.441391,-0.728442
1.810874,1.44373,-0.730488
1.811166,1.443145,-0.737357
1.814966,1.448115,-0.72698
1.81292,1.437299,-0.743204
1.81672,1.448115,-0.737504
1.818182,1.443438,-0.739111
1.814966,1.441391,-0.738234
1.813505,1.437591,-0.739988
1.818182,1.437591,-0.737796
1.820813,1.439345,-0.739404
1.814674,1.444022,-0.739404
1.822274,1.43993,-0.744958
1.823443,1.442268,-0.745104
1.815843,1.446361,-0.732242
1.814966,1.443145,-0.731073
1.816428,1.437299,-0.738673
1.815551,1.444899,-0.738673
1.81672,1.443145,-0.734873
1.823151,1.441976,-0.734142
1.821397,1.449284,-0.737211
1.819936,1.445192,-0.730927
1.808828,1.441684,-0.720988
1.821105,1.441391,-0.735019
1.819643,1.442561,-0.736042
1.823151,1.445192,-0.733119
1.814966,1.446945,-0.729904
1.82169,1.446361,-0.745981
1.826659,1.442561,-0.742181
1.818182,1.446653,-0.736042
1.821105,1.438468,-0.741304
1.819643,1.446361,-0.736627
1.819936,1.437007,-0.727127
1.82052,1.441976,-0.75095
1.819059,1.441099,-0.731511
1.820813,1.441099,-0.731219
1.812336,1.445776,-0.73955
1.821105,1.44753,-0.742765
1.806782,1.442561,-0.72815
1.813797,1.437007,-0.741304
1.816428,1.440222,-0.723619
1.815843,1.446361,-0.737357
1.819351,1.445192,-0.742619
1.814382,1.440807,-0.733265
1.82432,1.441099,-0.71938
1.811751,1.439053,-0.72318
1.821982,1.443145,-0.73385
1.815259,1.444022,-0.731657
1.818182,1.438761,-0.73268
1.818182,1.448407,-0.735457
1.813505,1.444314,-0.737357
1.819643,1.440807,-0.735165
1.812336,1.439638,-0.742765
1.815843,1.441099,-0.744227
1.812336,1.446945,-0.72698
1.813797,1.442561,-0.736773
1.819643,1.442853,-0.72318
1.806489,1.448115,-0.738088
1.81292,1.444022,-0.735019
1.817889,1.44753,-0.720257
1.80532,1.437884,-0.729173
1.814089,1.442561,-0.718211
1.821397,1.442561,-0.738381
1.816136,1.433499,-0.738527
1.813505,1.438761,-0.728442
1.81292,1.445192,-0.736334
1.818474,1.442561,-0.72888
1.816136,1.442853,-0.738527
1.80532,1.445776,-0.725373
1.810289,1.447822,-0.727857
1.811459,1.445192,-0.735896
1.820813,1.439638,-0.729757
1.817597,1.448699,-0.727273
1.819936,1.449868,-0.73575
1.815259,1.453668,-0.725519
1.817597,1.448992,-0.729904
1.815551,1.448115,-0.730196
1.817889,1.442268,-0.73195
1.812336,1.447822,-0.727565
1.815843,1.45133,-0.735457
1.811751,1.441391,-0.735019
1.81672,1.447822,-0.733704
1.815843,1.442561,-0.738819
1.813797,1.440807,-0.738673
1.817597,1.442853,-0.741304
1.805905,1.444899,-0.732827
1.813213,1.443438,-0.741158
1.814382,1.436422,-0.732534
1.813505,1.44373,-0.736919
1.826367,1.447822,-0.73575
1.810582,1.444022,-0.746711
1.816136,1.45133,-0.729173
1.81292,1.447822,-0.737357
1.809705,1.441391,-0.743788
1.819351,1.448115,-0.743058
1.814966,1.449284,-0.739696
1.811751,1.444314,-0.74145
1.814089,1.445192,-0.734142
1.815259,1.443145,-0.734142
1.812628,1.443438,-0.738673
1.809705,1.436714,-0.734873
1.813213,1.442853,-0.737504
1.810289,1.448115,-0.72625
1.819351,1.444022,-0.744519
1.815843,1.444022,-0.734873
1.815259,1.450161,-0.735165
1.814089,1.448407,-0.741596
1.807951,1.444314,-0.736481
1.810874,1.448992,-0.736481
1.810874,1.441099,-0.744665
1.811166,1.444314,-0.736188
1.805905,1.444899,-0.735019
1.814674,1.446068,-0.728734
1.820813,1.440222,-0.735019
1.82169,1.443438,-0.728296
1.806782,1.440514,-0.730342
1.815259,1.447822,-0.731511
1.818474,1.444022,-0.745981
1.807951,1.441099,-0.739404
1.810582,1.442561,-0.742619
1.811166,1.44373,-0.734142
1.814382,1.43993,-0.747004
1.812336,1.441099,-0.732242
1.817305,1.439638,-0.737065
1.816136,1.441099,-0.77112
1.815259,1.441976,-0.740281
1.814674,1.451038,-0.734434
1.819936,1.446068,-0.725957
1.811751,1.444607,-0.733265
1.821982,1.443145,-0.735019
1.810874,1.444022,-0.733411
1.814382,1.44373,-0.734434
1.814966,1.444607,-0.742619
1.816428,1.444607,-0.734434
1.817305,1.43993,-0.739404
1.815551,1.441391,-0.741304
1.814089,1.444022,-0.742034
1.809705,1.445192,-0.737796
1.815259,1.446945,-0.726542
1.815843,1.45133,-0.739258
1.813797,1.449576,-0.727565
1.807074,1.453668,-0.732096
1.813505,1.45133,-0.736042
1.82052,1.443145,-0.733119
1.808243,1.443438,-0.728004
1.811166,1.438761,-0.734727
1.815551,1.450453,-0.72888
1.811751,1.440222,-0.732242
1.80912,1.444899,-0.732242
1.815843,1.443145,-0.73195
1.805612,1.444607,-0.729611
1.813213,1.448699,-0.732534
1.813213,1.445776,-0.734288
1.819059,1.441684,-0.736481
1.809412,1.440807,-0.735311
1.814966,1.442268,-0.732827
1.804443,1.439345,-0.730342
1.811166,1.43613,-0.736334
1.815259,1.435545,-0.738819
1.813505,1.446068,-0.728004
1.816136,1.439638,-0.725519
1.80912,1.440222,-0.719965
1.812628,1.43993,-0.722596
1.818474,1.436714,-0.728296
1.807366,1.443438,-0.740573
1.815551,1.442561,-0.729319
1.817013,1.442268,-0.727419
1.813213,1.448115,-0.744811
1.824905,1.441099,-0.737211
1.815259,1.444899,-0.734288
1.810289,1.444607,-0.734434
1.817013,1.446945,-0.730927
1.81292,1.438468,-0.731073
1.813505,1.448699,-0.730196
1.812628,1.443438,-0.72245
1.809997,1.440222,-0.731219
1.814674,1.443438,-0.733996
1.808828,1.445192,-0.732827
1.80532,1.448407,-0.721865
1.817597,1.434376,-0.735311
1.803274,1.441684,-0.740281
1.81292,1.451915,-0.735311
1.813797,1.440514,-0.733411
1.815259,1.440514,-0.729319
1.81292,1.445776,-0.725519
1.810874,1.439053,-0.736334
1.806782,1.450745,-0.730927
1.808243,1.450745,-0.730927
1.814674,1.44753,-0.724934
1.81672,1.439345,-0.72888
1.808828,1.448407,-0.729611
1.815551,1.44373,-0.727711
1.816428,1.441099,-0.735896
1.809705,1.441684,-0.73005
1.822274,1.442561,-0.743058
1.812628,1.446068,-0.738965
1.810289,1.448115,-0.729611
1.815259,1.448115,-0.721573
1.812628,1.435838,-0.723765
1.811166,1.438176,-0.727711
1.812628,1.444022,-0.749196
1.808828,1.448115,-0.734288
1.813505,1.443145,-0.73195
1.817597,1.443438,-0.722303
1.812628,1.43496,-0.723619
1.812628,1.440514,-0.73005
1.808828,1.435838,-0.732388
1.811166,1.438176,-0.72625
1.811751,1.446068,-0.733557
1.813505,1.441391,-0.733411
1.815259,1.450161,-0.73385
1.815551,1.44753,-0.731657
1.809997,1.438761,-0.735457
1.808243,1.448115,-0.731804
1.814674,1.441391,-0.723034
1.811751,1.441976,-0.736919
1.816136,1.442853,-0.738819
1.81292,1.442561,-0.734873
1.810874,1.442853,-0.732096
1.811751,1.444607,-0.728004
1.807074,1.445484,-0.742181
1.812628,1.442561,-0.734288
1.816428,1.441391,-0.73195
1.814089,1.447238,-0.731804
1.817013,1.44373,-0.729904
1.813505,1.444022,-0.737796
1.817305,1.43993,-0.73078
1.809997,1.438761,-0.733557
1.81292,1.446068,-0.722157
1.817889,1.446361,-0.736334
1.816136,1.439053,-0.728442
1.817013,1.44373,-0.727857
1.816136,1.442561,-0.736919
1.812336,1.435253,-0.735311
1.813797,1.440807,-0.747442
1.806197,1.438761,-0.731219
1.814966,1.434376,-0.72698
1.817597,1.440807,-0.72815
1.818474,1.434668,-0.735311
1.821982,1.449576,-0.730488
1.807074,1.445192,-0.739111
1.811459,1.440222,-0.738088
1.815843,1.429407,-0.729465
1.81292,1.442268,-0.744958
1.807074,1.439053,-0.734873
1.81292,1.437591,-0.737504
1.808243,1.441391,-0.733996
1.805905,1.438761,-0.73955
1.804151,1.437591,-0.729027
1.81292,1.440222,-0.738819
1.81672,1.442561,-0.741011
1.811459,1.440222,-0.73765
1.817305,1.43613,-0.736773
1.81672,1.441976,-0.73765
1.813505,1.442268,-0.730927
1.818182,1.441391,-0.73955
1.815259,1.443145,-0.734434
1.814382,1.444899,-0.730927
1.807366,1.442268,-0.743935
1.814674,1.438468,-0.739842
1.811166,1.441391,-0.741011
1.806489,1.440807,-0.729611
1.816136,1.437007,-0.733704
1.811166,1.44373,-0.747004
1.811751,1.437591,-0.742473
1.817305,1.441099,-0.736481
1.820813,1.448115,-0.741596
1.815551,1.438176,-0.730342
1.807074,1.450745,-0.749927
1.797135,1.473546,-0.770389
1.781643,1.501023,-0.804151
1.779304,1.494884,-0.836451
1.764981,1.506869,-0.862906
1.770535,1.496054,-0.886583
1.764981,1.4791,-0.893598
1.778427,1.456007,-0.888483
1.789828,1.421806,-0.885414
1.805612,1.392283,-0.880444
1.811751,1.362175,-0.863198
1.819936,1.324467,-0.855744
1.829874,1.311605,-0.84639
1.838644,1.285881,-0.836305
1.850921,1.282666,-0.832067
1.863198,1.272727,-0.814382
1.859982,1.262789,-0.82359
1.865244,1.247004,-0.807951
1.867875,1.243204,-0.798889
1.873721,1.242327,-0.797428
1.868752,1.237942,-0.794212
1.872844,1.237065,-0.789389
1.873429,1.242327,-0.789535
1.87606,1.229757,-0.782666
1.872552,1.221865,-0.786612
1.874598,1.228296,-0.784566
1.881321,1.222742,-0.782081
1.886875,1.22128,-0.779743
1.878106,1.222742,-0.780181
1.879567,1.218942,-0.781789
1.887752,1.220696,-0.772581
1.886291,1.220403,-0.76922
1.885998,1.211049,-0.778866
1.880444,1.215726,-0.77872
1.878398,1.208419,-0.76425
1.877813,1.211926,-0.765858
1.881321,1.214557,-0.783689
1.881321,1.212219,-0.773458
1.877521,1.208711,-0.755335
1.88366,1.211342,-0.772581
1.882491,1.211049,-0.775797
1.876644,1.205788,-0.768781
1.87986,1.211049,-0.771412
1.886291,1.216019,-0.76615
1.887167,1.208419,-0.772289
1.882783,1.205495,-0.77375
1.885414,1.213388,-0.77302
1.888921,1.216603,-0.766004
1.883075,1.208419,-0.763666
1.886291,1.208711,-0.770096
1.885998,1.206957,-0.765273
1.884244,1.207542,-0.763519
1.878398,1.216311,-0.76805
1.89126,1.212511,-0.762643
1.879567,1.20988,-0.750219
1.883075,1.208126,-0.763081
1.882491,1.213388,-0.76235
1.88366,1.203742,-0.764981
1.881029,1.210172,-0.762058
1.881029,1.210465,-0.767904
1.879275,1.210465,-0.771996
1.878983,1.209588,-0.777697
1.880444,1.205203,-0.771704
1.881321,1.203157,-0.780766
1.881614,1.198772,-0.76425
1.876352,1.211634,-0.76732
1.882783,1.203157,-0.769658
1.878398,1.208419,-0.768343
1.879275,1.209003,-0.771558
1.883075,1.213388,-0.768196
1.884537,1.209296,-0.76805
1.881321,1.207834,-0.764835
1.891552,1.208419,-0.762496
1.882783,1.205203,-0.768927
1.879567,1.201403,-0.766004
1.885998,1.204911,-0.771996
1.88366,1.204326,-0.766004
1.884829,1.208711,-0.778574
1.886583,1.205495,-0.764689
1.892429,1.204034,-0.768781
1.882198,1.207249,-0.764543
1.886875,1.201403,-0.774335
1.888044,1.197311,-0.769073
1.884537,1.202865,-0.777697
1.883075,1.204911,-0.764835
1.87869,1.205788,-0.775504
1.885121,1.199649,-0.777843
1.888629,1.20608,-0.775066
1.883367,1.203157,-0.780766
1.87869,1.206957,-0.770681
1.881614,1.201695,-0.772435
1.87986,1.201403,-0.781058
1.884244,1.205495,-0.775066
1.884829,1.209296,-0.777843
1.878106,1.203449,-0.775797
1.883367,1.208419,-0.773166
1.882491,1.197311,-0.768781
1.885414,1.204619,-0.768781
1.888629,1.197018,-0.769512
1.878983,1.204911,-0.772873
1.888921,1.206665,-0.76235
1.886875,1.20988,-0.769366
1.881906,1.199942,-0.763519
1.880444,1.209003,-0.780035
1.885706,1.207249,-0.783689
1.880737,1.211049,-0.774773
1.879275,1.205495,-0.776381
1.890091,1.202572,-0.768781
1.883952,1.216311,-0.775943
1.886583,1.206372,-0.766589
1.888629,1.207834,-0.773312
1.886875,1.202572,-0.774627
1.885414,1.201403,-0.778866
1.885121,1.203742,-0.780474
1.885121,1.211342,-0.770243
1.882198,1.206957,-0.77945
1.888337,1.205495,-0.77185
1.887752,1.207249,-0.771266
1.883367,1.213388,-0.776235
1.875767,1.209003,-0.770827
1.88746,1.20988,-0.771704
1.885706,1.206957,-0.765273
1.885998,1.205495,-0.776673
1.888337,1.213096,-0.771704
1.881029,1.209296,-0.780181
1.886291,1.206957,-0.771704
1.888044,1.214557,-0.769512
1.884244,1.210172,-0.772727
1.884244,1.210757,-0.781935
1.883952,1.212803,-0.771704
1.892429,1.207542,-0.76922
1.874306,1.212219,-0.771558
1.871675,1.232096,-0.78822
1.863198,1.249635,-0.811605
1.840398,1.290851,-0.836013
1.81672,1.339082,-0.867144
1.794505,1.385852,-0.886583
1.780474,1.444022,-0.892721
1.77375,1.474715,-0.888921
1.767904,1.497515,-0.887021
1.760012,1.510962,-0.881614
1.76615,1.520608,-0.863783
1.766735,1.516516,-0.839813
1.772289,1.506577,-0.821982
1.784858,1.504531,-0.815843
1.787489,1.500438,-0.795089
1.778135,1.497808,-0.802251
1.790704,1.479392,-0.792751
1.782227,1.48173,-0.778866
1.789828,1.47793,-0.776966
1.791874,1.464484,-0.761473
1.793043,1.459807,-0.760304
1.805028,1.4677,-0.76045
1.805905,1.46273,-0.755481
1.804735,1.459515,-0.747442
1.804735,1.456299,-0.757527
1.808535,1.453668,-0.748904
1.802689,1.450161,-0.747296
1.811166,1.45513,-0.74715
1.81292,1.446068,-0.755042
1.819936,1.449284,-0.756212
1.810582,1.441684,-0.749342
1.811459,1.442853,-0.751242
1.816428,1.445776,-0.746273
1.813505,1.435253,-0.742034
1.816136,1.445776,-0.745104
1.810874,1.442853,-0.73765
1.807951,1.440514,-0.748465
1.809997,1.443145,-0.742473
1.813505,1.435838,-0.741888
1.811459,1.438176,-0.739258
1.808535,1.445192,-0.742181
1.812628,1.441976,-0.731657
1.809705,1.442853,-0.740134
1.806782,1.43613,-0.742181
1.814674,1.441099,-0.746858
1.808828,1.448699,-0.737211
1.807074,1.437299,-0.742619
1.809705,1.439638,-0.741742
1.807074,1.435838,-0.735457
1.809997,1.442268,-0.743204
1.809705,1.437007,-0.742911
1.810874,1.439345,-0.740719
1.802397,1.445776,-0.735311
1.806782,1.433791,-0.73575
1.813213,1.435545,-0.742327
1.80152,1.439053,-0.740719
1.804443,1.43993,-0.742181
1.811166,1.444314,-0.744811
1.80532,1.444899,-0.73765
1.817013,1.437007,-0.734873
1.807951,1.43233,-0.74335
1.810289,1.445192,-0.739404
1.806489,1.441684,-0.748465
1.812336,1.43496,-0.742327
1.817305,1.439638,-0.742911
1.814382,1.441099,-0.73955
1.807366,1.444314,-0.738234
1.809997,1.444314,-0.732534
1.811751,1.44373,-0.73955
1.811751,1.441684,-0.744081
1.80532,1.441391,-0.739111
1.814382,1.433499,-0.731804
1.813797,1.441684,-0.737357
1.812628,1.436714,-0.748758
1.805028,1.441976,-0.741011
1.814966,1.451038,-0.738234
1.815259,1.43993,-0.735604
1.815551,1.445484,-0.743204
1.810874,1.436714,-0.742619
1.810289,1.442268,-0.73575
1.810289,1.435253,-0.740719
1.817013,1.441099,-0.739696
1.819936,1.445192,-0.748612
1.818474,1.446653,-0.749488
1.818766,1.447238,-0.73955
1.816428,1.448115,-0.73765
1.816136,1.441391,-0.745104
1.807659,1.438468,-0.740427
1.819059,1.438176,-0.733996
1.813213,1.440514,-0.748904
1.821105,1.444314,-0.734727
1.81672,1.448115,-0.735896
1.819643,1.441099,-0.735896
1.812336,1.44373,-0.73385
1.814674,1.444314,-0.736042
1.815259,1.441099,-0.751535
1.81672,1.438468,-0.741158
1.814966,1.435838,-0.738381
1.804735,1.441684,-0.740427
1.808243,1.436422,-0.733996
1.809412,1.442561,-0.738965
1.819351,1.444899,-0.750219
1.814089,1.44753,-0.738381
1.818182,1.444022,-0.753289
1.808243,1.436422,-0.745981
1.811751,1.431745,-0.738381
1.811166,1.444899,-0.741158
1.808243,1.440514,-0.743642
1.812336,1.441976,-0.741011
1.811166,1.444022,-0.749927
1.812336,1.441391,-0.738819
1.812628,1.439345,-0.736919
1.802689,1.437299,-0.738234
1.809412,1.43993,-0.746127
1.805612,1.446653,-0.737211
1.802105,1.43613,-0.741158
1.809412,1.437299,-0.748465
1.809705,1.439638,-0.742327
1.80912,1.439053,-0.738527
1.811459,1.435253,-0.73765
1.807659,1.443438,-0.738527
1.811166,1.437884,-0.740573
1.810874,1.438176,-0.746127
1.81292,1.443438,-0.746127
1.814089,1.440222,-0.740719
1.809705,1.441391,-0.753142
1.807659,1.436714,-0.739111
1.810874,1.435545,-0.741888
1.807074,1.439345,-0.73575
1.807074,1.443438,-0.740427
1.809705,1.436422,-0.731657
1.814089,1.443438,-0.735457
1.80532,1.441976,-0.737065
1.811751,1.441976,-0.737504
1.815259,1.437007,-0.748758
1.808828,1.43993,-0.751681
1.815551,1.441391,-0.741304
1.812043,1.44373,-0.751388
1.810289,1.438176,-0.734581
1.814674,1.446068,-0.741742
1.814966,1.437884,-0.73385
1.808243,1.437884,-0.737796
1.812628,1.439638,-0.733996
1.806197,1.438468,-0.745396
1.808535,1.445192,-0.741158
1.810289,1.438468,-0.739842
1.814966,1.438176,-0.74525
1.818182,1.437007,-0.741304
1.816136,1.432914,-0.745835
1.819643,1.443145,-0.747881
1.813797,1.446361,-0.724788
1.808828,1.440807,-0.738673
1.817013,1.442853,-0.74145
1.81672,1.441099,-0.739258
1.81292,1.448407,-0.737504
1.81292,1.440807,-0.738673
1.816428,1.43993,-0.73575
1.819643,1.446945,-0.740865
1.808828,1.444022,-0.739258
1.81292,1.449868,-0.742911
1.815259,1.436714,-0.750365
1.814966,1.442561,-0.738381
1.809412,1.440514,-0.748612
1.802397,1.446945,-0.736481
1.815259,1.440222,-0.74335
1.809705,1.441684,-0.735457
1.802397,1.441099,-0.747588
1.808828,1.436422,-0.736042
1.813797,1.439053,-0.739988
1.810874,1.448699,-0.742765
1.814382,1.435838,-0.746858
1.806197,1.438761,-0.74335
1.814089,1.438468,-0.737796
1.815843,1.434084,-0.740719
1.817305,1.437007,-0.736188
1.809412,1.437007,-0.74905
1.810582,1.44373,-0.741742
1.806782,1.440807,-0.745396
1.809997,1.443438,-0.74905
1.807659,1.439053,-0.741888
1.809997,1.43993,-0.743496
1.809997,1.445484,-0.739988
1.812336,1.435838,-0.741011
1.810874,1.439053,-0.736627
1.809705,1.442268,-0.748319
1.813213,1.433791,-0.739842
1.801812,1.443438,-0.738527
1.81292,1.435253,-0.738819
1.809997,1.437299,-0.740865
1.817597,1.437007,-0.736919
1.813213,1.437007,-0.742473
1.819936,1.444607,-0.73078
1.818182,1.442561,-0.749488
1.821105,1.445776,-0.743642
1.817889,1.436714,-0.744811
1.816136,1.441099,-0.746419
1.815259,1.445192,-0.74525
1.816136,1.444899,-0.737504
1.817597,1.437007,-0.737065
1.82169,1.442853,-0.736481
1.808535,1.432914,-0.737504
1.806197,1.437591,-0.737504
1.812628,1.431453,-0.72888
1.804735,1.437007,-0.743058
1.811751,1.436714,-0.74715
1.808535,1.434668,-0.73955
1.813797,1.438468,-0.735896
1.813213,1.439345,-0.739988
1.80532,1.439053,-0.746711
1.809412,1.43496,-0.74145
1.808243,1.437591,-0.743058
1.817013,1.437884,-0.739696
1.814089,1.440222,-0.750804
1.810582,1.441099,-0.737211
1.811166,1.441684,-0.742034
1.816428,1.439053,-0.734434
1.809997,1.439345,-0.748758
1.80912,1.43993,-0.743788
1.804443,1.441391,-0.742327
1.810289,1.439345,-0.73765
1.814674,1.443438,-0.733119
1.816428,1.438761,-0.741596
1.810289,1.439053,-0.75095
1.806197,1.444899,-0.738234
1.808828,1.439053,-0.748758
1.815551,1.437591,-0.747004
1.812043,1.435545,-0.729173
1.806197,1.435253,-0.737065
1.820813,1.436714,-0.752704
1.801228,1.437299,-0.732096
1.814382,1.446068,-0.735165
1.813213,1.445192,-0.736334
1.81292,1.438176,-0.736481
1.814382,1.441684,-0.732534
1.813505,1.437299,-0.733704
1.801812,1.442853,-0.730927
1.809412,1.439638,-0.741596
1.811459,1.435545,-0.737357
1.807951,1.441684,-0.737942
1.810582,1.442268,-0.735311
1.818182,1.442268,-0.730196
1.812336,1.436422,-0.735896
1.822274,1.43993,-0.736627
1.812336,1.431453,-0.739111
1.815551,1.436422,-0.731804
1.815843,1.440807,-0.744373
1.814089,1.438468,-0.73765
1.807366,1.437884,-0.738527
1.815551,1.433207,-0.732242
1.814382,1.434376,-0.73575
1.813797,1.437299,-0.73385
1.82052,1.436714,-0.73955
1.81672,1.445776,-0.735311
1.817889,1.443145,-0.733411
1.809997,1.440807,-0.747588
1.814089,1.439053,-0.73385
1.812336,1.438468,-0.737796
1.810874,1.437299,-0.739842
1.81292,1.444022,-0.735311
1.821982,1.443145,-0.741158
1.814674,1.440514,-0.74335
1.810582,1.435545,-0.732973
1.812043,1.439638,-0.733265
1.80912,1.443145,-0.739988
1.813505,1.441976,-0.742619
1.812628,1.443145,-0.733265
1.813797,1.44373,-0.741011
1.814089,1.444022,-0.738965
1.811459,1.44373,-0.742765
1.804735,1.444022,-0.731073
1.811751,1.442853,-0.742034
1.807074,1.449868,-0.733704
1.806782,1.449576,-0.736188
1.815259,1.440514,-0.734581
1.812628,1.439638,-0.737504
1.807366,1.437007,-0.73195
1.806489,1.437007,-0.734434
1.812336,1.43613,-0.738381
1.80912,1.430576,-0.731073
1.811751,1.442853,-0.739258
1.814382,1.439345,-0.72435
1.807659,1.43496,-0.740573
1.808243,1.444314,-0.731219
1.824028,1.441391,-0.736919
1.811751,1.444607,-0.735457
1.808828,1.442268,-0.726542
1.813797,1.441684,-0.731365
1.809412,1.437299,-0.736188
1.814674,1.438761,-0.740281
1.814674,1.439345,-0.731511
1.815259,1.442853,-0.739696
1.80532,1.442268,-0.73385
1.807074,1.437884,-0.740134
1.811459,1.437007,-0.729757
1.81292,1.438468,-0.734873
1.808535,1.439638,-0.73765
1.811166,1.441684,-0.73765
1.807366,1.441099,-0.731657
1.811166,1.439638,-0.735019
1.804735,1.442853,-0.737504
1.810289,1.440222,-0.734142
1.804443,1.437007,-0.736919
1.816136,1.449868,-0.734581
1.817305,1.439638,-0.727127
1.814966,1.443438,-0.747735
1.812336,1.444899,-0.738965
1.815551,1.449576,-0.741158
1.805612,1.449868,-0.741011
1.811166,1.449284,-0.734727
1.812336,1.446653,-0.735604
1.814674,1.450453,-0.732096
1.811459,1.446653,-0.745396
1.816428,1.441976,-0.74525
1.806197,1.440514,-0.73955
1.806197,1.446361,-0.740865
1.808535,1.440222,-0.738673
1.815843,1.436714,-0.743058
1.80912,1.44373,-0.72815
1.808243,1.444314,-0.733557
1.808828,1.442853,-0.732973
1.817013,1.445776,-0.732827
1.814089,1.436714,-0.748904
1.811751,1.438761,-0.730342
1.813505,1.442561,-0.730196
1.808535,1.440222,-0.736042
1.811459,1.43993,-0.732096
1.813797,1.44373,-0.72888
1.812336,1.445776,-0.740865
1.82052,1.439638,-0.742619
1.811166,1.441391,-0.734581
1.809412,1.449576,-0.741158
1.807659,1.443438,-0.73268
1.813213,1.439053,-0.731219
1.815551,1.441684,-0.732096
1.811751,1.448992,-0.724788
1.813505,1.44753,-0.73955
1.813505,1.442853,-0.736188
1.814674,1.450453,-0.730488
1.808535,1.443145,-0.735457
1.817889,1.439638,-0.746419
1.814382,1.445192,-0.731804
1.814966,1.442268,-0.743935
1.815551,1.443438,-0.732242
1.814674,1.441684,-0.743788
1.812336,1.441976,-0.732388
1.808243,1.441976,-0.730634
1.81292,1.445776,-0.740427
1.814382,1.442561,-0.743058
1.813213,1.440514,-0.742034
1.817597,1.444314,-0.733119
1.82052,1.43993,-0.736773
1.82432,1.440514,-0.73195
1.814674,1.442268,-0.741304
1.809997,1.440514,-0.73268
1.818182,1.442561,-0.731219
1.814089,1.445484,-0.733265
1.822567,1.443438,-0.734142
1.813797,1.442561,-0.733411
1.817889,1.439345,-0.73385
1.812628,1.448992,-0.741888
1.811751,1.445192,-0.741888
1.811166,1.444314,-0.737357
1.818182,1.446068,-0.741158
1.814674,1.446361,-0.749635
1.814674,1.445484,-0.736773
1.812336,1.446068,-0.731365
1.821982,1.437884,-0.738381
1.812043,1.440514,-0.744519
1.811166,1.441684,-0.728296
1.81292,1.443145,-0.736773
1.812336,1.441684,-0.751096
1.815551,1.44753,-0.741596
1.813213,1.442268,-0.741596
1.816428,1.445776,-0.729611
1.810874,1.439638,-0.732534
1.811751,1.440222,-0.72888
1.814382,1.438176,-0.738381
1.809412,1.444314,-0.745835
1.812336,1.441976,-0.743496
1.81672,1.441976,-0.737796
1.810289,1.444899,-0.736042
1.81672,1.444022,-0.736042
1.819059,1.437591,-0.732827
1.815259,1.445484,-0.735311
1.821397,1.440514,-0.753727
1.817597,1.438761,-0.745688
1.818182,1.443145,-0.735604
1.813213,1.437299,-0.755919
1.811751,1.438176,-0.73195
1.812628,1.437591,-0.743058
1.817305,1.438468,-0.747442
1.809997,1.43993,-0.736919
1.813213,1.438761,-0.711488
1.818182,1.441099,-0.73078
1.813213,1.439053,-0.73078
1.809997,1.450453,-0.745835
1.803274,1.4715,-0.765127
1.784858,1.487869,-0.795235
1.775504,1.512131,-0.82052
1.762643,1.508623,-0.851505
1.770827,1.498977,-0.881175
1.770243,1.483777,-0.886729
1.778135,1.458346,-0.893014
1.786027,1.425606,-0.885852
1.795381,1.401052,-0.886291
1.821105,1.356036,-0.875183
1.826659,1.328559,-0.841421
1.831044,1.307805,-0.847852
1.841567,1.292312,-0.843905
1.841859,1.282666,-0.837182
1.85209,1.26805,-0.82549
1.857059,1.258696,-0.830167
1.864952,1.251681,-0.819936
1.870213,1.245835,-0.800351
1.865829,1.239988,-0.795528
1.874598,1.232388,-0.799035
1.873137,1.233265,-0.792605
1.874013,1.235896,-0.793774
1.871383,1.234727,-0.789828
1.87489,1.231219,-0.788074
1.877521,1.225665,-0.78252
1.881321,1.220988,-0.77682
1.881906,1.213096,-0.783835
1.882491,1.221865,-0.785589
1.887752,1.218357,-0.774627
1.885706,1.215726,-0.783251
1.882491,1.205788,-0.780766
1.88366,1.207542,-0.768196
1.884244,1.210465,-0.779597
1.890675,1.214557,-0.776235
1.879567,1.213388,-0.778574
1.885998,1.216603,-0.786758
1.885998,1.218942,-0.77492
1.882491,1.208711,-0.785881
1.888921,1.211342,-0.787197
1.88746,1.20608,-0.775504
1.89126,1.204326,-0.76805
1.884537,1.213973,-0.766296
1.891845,1.214557,-0.77755
1.887167,1.209003,-0.773604
1.894475,1.206957,-0.77375
1.89126,1.211634,-0.781935
1.893306,1.209296,-0.774481
1.895645,1.208419,-0.773166
1.890675,1.206665,-0.77185
1.886583,1.209296,-0.78135
1.889506,1.209003,-0.787343
1.891845,1.209003,-0.788658
1.886583,1.212511,-0.78252
1.888629,1.207834,-0.772727
1.883367,1.213096,-0.783397
1.890968,1.205203,-0.779012
1.888337,1.202572,-0.777989
1.892429,1.206665,-0.785297
1.887752,1.205788,-0.785297
1.893306,1.208711,-0.774043
1.890675,1.209296,-0.778427
1.886875,1.211926,-0.775066
1.893306,1.21368,-0.773312
1.889214,1.216896,-0.774627
1.889506,1.206372,-0.779304
1.88746,1.209296,-0.781204
1.889506,1.210172,-0.787343
1.88746,1.220403,-0.779304
1.886583,1.216019,-0.782958
1.888337,1.214265,-0.787051
1.883367,1.211342,-0.781204
1.885998,1.206957,-0.785297
1.89126,1.212511,-0.773312
1.890675,1.214265,-0.763373
1.890675,1.212219,-0.776235
1.883075,1.211634,-0.769512
1.888921,1.207249,-0.768343
1.89126,1.211926,-0.774335
1.889798,1.203449,-0.778574
1.886583,1.20988,-0.768781
1.888337,1.203742,-0.768489
1.885706,1.206665,-0.773166
1.892429,1.209003,-0.771704
1.895645,1.203449,-0.77302
1.885414,1.209003,-0.782812
1.88366,1.213388,-0.777843
1.88746,1.211342,-0.774627
1.886875,1.204034,-0.767612
1.884244,1.20228,-0.779304
1.883075,1.20608,-0.769658
1.885706,1.212803,-0.771412
1.877813,1.211634,-0.774043
1.885121,1.217188,-0.777404
1.88746,1.21368,-0.76995
1.887752,1.21748,-0.778866
1.889798,1.205788,-0.778574
1.890091,1.200234,-0.769658
1.884244,1.211634,-0.775797
1.887167,1.21368,-0.766296
1.889214,1.208126,-0.772435
1.880444,1.206372,-0.769073
1.884829,1.20608,-0.771558
1.885998,1.205203,-0.77112
1.883075,1.206957,-0.785881
1.881614,1.212511,-0.782666
1.886291,1.206372,-0.772143
1.883075,1.200818,-0.775943
1.889214,1.206372,-0.777843
1.88746,1.208419,-0.773897
1.887752,1.208126,-0.773166
1.881906,1.203157,-0.771266
1.881321,1.194095,-0.771266
1.878983,1.205495,-0.788366
1.884829,1.212511,-0.774335
1.886291,1.20988,-0.779012
1.888044,1.208711,-0.786466
1.889506,1.207542,-0.785881
1.886583,1.208711,-0.773312
1.884537,1.204619,-0.774627
1.881029,1.207249,-0.773458
1.888921,1.206957,-0.766004
1.881321,1.208126,-0.776527
1.888044,1.207249,-0.77872
1.881321,1.204034,-0.783543
1.887752,1.204326,-0.76235
1.890968,1.210172,-0.77872
1.890091,1.206665,-0.764396
1.885998,1.208711,-0.777404
1.885414,1.204326,-0.771704
1.886291,1.212219,-0.77565
1.884829,1.204326,-0.768343
1.881906,1.206665,-0.772435
1.883367,1.206665,-0.777258
1.88366,1.20988,-0.769512
1.893306,1.20608,-0.771704
1.88746,1.214557,-0.775066
1.886875,1.211926,-0.772435
1.886291,1.213388,-0.776673
1.887752,1.212803,-0.778281
1.886583,1.210757,-0.784127
1.88746,1.205495,-0.77872
1.884537,1.211342,-0.770827
1.893014,1.211342,-0.777989
1.888337,1.209003,-0.775212
1.88746,1.206957,-0.779889
1.885121,1.211049,-0.764689
1.88746,1.215434,-0.767466
1.892721,1.204619,-0.766004
1.882198,1.210465,-0.759135
1.891552,1.211049,-0.772873
1.887752,1.205495,-0.764396
1.887167,1.212511,-0.776381
1.887752,1.210465,-0.766735
1.890675,1.206665,-0.773897
1.888337,1.211926,-0.772581
1.886875,1.211049,-0.778135
1.875183,1.208126,-0.77565
1.877813,1.209003,-0.76805
1.884829,1.206372,-0.765419
1.87986,1.209296,-0.76922
1.888629,1.208711,-0.761181
1.88746,1.204326,-0.759719
1.889506,1.203449,-0.769366
1.88366,1.203742,-0.774773
1.877229,1.200818,-0.774627
1.881906,1.207542,-0.76425
1.898568,1.207834,-0.77302
1.889798,1.205788,-0.776235
1.88746,1.205495,-0.769804
1.888921,1.207542,-0.763958
1.890383,1.200818,-0.771266
1.888629,1.214557,-0.770389
1.891552,1.205788,-0.776673
1.887167,1.204619,-0.783397
1.884244,1.205788,-0.771412
1.886291,1.201695,-0.774773
1.884829,1.204326,-0.768635
1.880737,1.206372,-0.775066
1.887752,1.206665,-0.773312
1.885121,1.211049,-0.777258
1.881321,1.214265,-0.77492
1.882783,1.211342,-0.765273
1.882491,1.205495,-0.774189
1.875475,1.207542,-0.769073
1.881614,1.213096,-0.772143
1.880444,1.206372,-0.764981
1.879567,1.210172,-0.776089
1.882491,1.21368,-0.779304
1.87986,1.199065,-0.775358
1.879567,1.206665,-0.781204
1.883952,1.211634,-0.778866
1.885414,1.208711,-0.77492
1.881321,1.209003,-0.779304
1.885998,1.203742,-0.773897
1.885706,1.211634,-0.768635
1.881614,1.202572,-0.766443
1.883075,1.208711,-0.77565
1.875767,1.21748,-0.775504
1.872552,1.23765,-0.807074
1.852967,1.268927,-0.82052
1.828705,1.32622,-0.865683
1.810874,1.379129,-0.877667
1.789243,1.422683,-0.863198
1.771412,1.46273,-0.893306
1.76615,1.488161,-0.891991
1.763519,1.513008,-0.878398
1.770535,1.524408,-0.850482
1.77112,1.520023,-0.846536
1.781058,1.507454,-0.823151
1.779012,1.499854,-0.814236
1.783689,1.491377,-0.799328
1.789828,1.490208,-0.79962
1.786904,1.483484,-0.789828
1.797135,1.477346,-0.77565
1.789243,1.484654,-0.770681
1.79392,1.469161,-0.773458
1.798889,1.467115,-0.764396
1.803566,1.454838,-0.759135
1.803566,1.454838,-0.756212
1.809997,1.453376,-0.754312
1.813505,1.447822,-0.756504
1.805612,1.456884,-0.753581
1.81292,1.449868,-0.743204
1.812628,1.448407,-0.742473
1.814966,1.448699,-0.744811
1.81292,1.437591,-0.750804
1.818474,1.441099,-0.745396
1.81672,1.433791,-0.744958
1.813213,1.444022,-0.732827
1.810582,1.442853,-0.74145
1.811751,1.446361,-0.741304
1.813213,1.439638,-0.733704
1.814674,1.437299,-0.735604
1.815843,1.442853,-0.752558
1.818474,1.441684,-0.739111
1.817889,1.440222,-0.741742
1.809412,1.439053,-0.743642
1.813213,1.437299,-0.740865
1.816136,1.437007,-0.745396
1.814674,1.437884,-0.745104
1.813797,1.445484,-0.744227
1.822274,1.444022,-0.741011
1.818182,1.439638,-0.737211
1.818766,1.439638,-0.74525
1.812043,1.438761,-0.735457
1.815259,1.440514,-0.735311
1.817305,1.44373,-0.740281
1.815259,1.441391,-0.733704
1.813797,1.445484,-0.748027
1.818474,1.440222,-0.740719
1.816136,1.438761,-0.725227
1.819351,1.446068,-0.737504
1.819351,1.447238,-0.741888
1.818766,1.448407,-0.743058
1.817305,1.442561,-0.745688
1.818182,1.444314,-0.734288
1.808535,1.445776,-0.746127
1.813213,1.439345,-0.735165
1.813797,1.43613,-0.744227
1.816428,1.43613,-0.73955
1.813505,1.440514,-0.746565
1.822274,1.43993,-0.742327
1.817597,1.440222,-0.746858
1.812336,1.439345,-0.743058
1.814089,1.440807,-0.738965
1.819643,1.43496,-0.737796
1.813797,1.440807,-0.744665
1.818766,1.431453,-0.733996
1.819059,1.442561,-0.746711
1.810874,1.446945,-0.741158
1.812628,1.438468,-0.75095
1.822567,1.436422,-0.749635
1.821105,1.440807,-0.738381
1.821982,1.440514,-0.741888
1.817889,1.441976,-0.737357
1.818766,1.439345,-0.739111
1.808535,1.446068,-0.743788
1.823736,1.43496,-0.742619
1.82432,1.444607,-0.739988
1.822567,1.443145,-0.738673
1.822274,1.444899,-0.740573
1.815259,1.440514,-0.747881
1.818766,1.439345,-0.751535
1.81672,1.435838,-0.738234
1.820228,1.442853,-0.751973
1.814089,1.438761,-0.743788
1.819351,1.450161,-0.748465
1.818766,1.441684,-0.750804
1.815843,1.442561,-0.741158
1.810874,1.439053,-0.745542
1.817305,1.442853,-0.746273
1.809997,1.441099,-0.749781
1.824613,1.43496,-0.744081
1.823736,1.44753,-0.745981
1.816428,1.444022,-0.742181
1.817889,1.435253,-0.750219
1.810582,1.44373,-0.732242
1.819351,1.435545,-0.737211
1.819936,1.441684,-0.738381
1.813797,1.440514,-0.747442
1.819643,1.440222,-0.748027
1.819059,1.442561,-0.740573
1.815551,1.441391,-0.72815
1.819936,1.438761,-0.746273
1.819351,1.43993,-0.738234
1.816428,1.437007,-0.73955
1.817597,1.439638,-0.748173
1.813213,1.446653,-0.739258
1.816428,1.446068,-0.735311
1.816136,1.441684,-0.744958
1.81672,1.441684,-0.739258
1.817013,1.43993,-0.745688
1.811166,1.445192,-0.745542
1.817597,1.450745,-0.735896
1.819351,1.442853,-0.739988
1.818474,1.440807,-0.735604
1.818182,1.441976,-0.735457
1.807074,1.440514,-0.740573
1.819643,1.438468,-0.730634
1.811166,1.447238,-0.742034
1.817013,1.43993,-0.736334
1.815843,1.444607,-0.743496
1.814674,1.444899,-0.746127
1.809997,1.446361,-0.744665
1.809705,1.449284,-0.734434
1.818182,1.438761,-0.739258
1.81672,1.441391,-0.740573
1.818474,1.439053,-0.742619
1.819936,1.435838,-0.73385
1.818766,1.435838,-0.742034
1.812043,1.446361,-0.731511
1.811166,1.449868,-0.742619
1.810582,1.44373,-0.733996
1.812336,1.439053,-0.732827
1.817013,1.447822,-0.74525
1.810874,1.443438,-0.742619
1.811459,1.441684,-0.749342
1.815259,1.440514,-0.748173
1.820813,1.438761,-0.738965
1.821397,1.438761,-0.753142
1.815259,1.444899,-0.736773
1.818474,1.440807,-0.733411
1.82052,1.447822,-0.735457
1.817597,1.446945,-0.737796
1.81292,1.444022,-0.743935
1.814089,1.439638,-0.728442
1.814674,1.436422,-0.741596
1.817013,1.444022,-0.736481
1.814674,1.440222,-0.735311
1.809412,1.444314,-0.73005
1.809997,1.438761,-0.733411
1.813797,1.43993,-0.734873
1.809412,1.444899,-0.733557
1.813505,1.439638,-0.74715
1.814089,1.439345,-0.735896
1.809997,1.435545,-0.740427
1.814382,1.440514,-0.741742
1.814674,1.442853,-0.736627
1.818182,1.442561,-0.739988
1.823736,1.451038,-0.739842
1.817013,1.440222,-0.740719
1.816428,1.448699,-0.741888
1.818474,1.444899,-0.74145
1.813797,1.442268,-0.741158
1.814382,1.439053,-0.744811
1.821105,1.438176,-0.784566
1.814089,1.440222,-0.750658
1.811166,1.447238,-0.736334
1.819936,1.441099,-0.740719
1.813797,1.441391,-0.731219
1.814089,1.441391,-0.734142
1.815843,1.445776,-0.73955
1.815843,1.44753,-0.744519
1.808535,1.448992,-0.748904
1.808243,1.441976,-0.730927
1.812336,1.438176,-0.735604
1.815843,1.440807,-0.738965
1.817597,1.445192,-0.739111
1.821982,1.448699,-0.737357
1.815551,1.443438,-0.745396
1.818766,1.439345,-0.73195
1.818474,1.439638,-0.743788
1.81292,1.438468,-0.739696
1.819936,1.440807,-0.734873
1.817597,1.441976,-0.737357
1.813213,1.441099,-0.736481
1.820228,1.440807,-0.746565
1.81292,1.440514,-0.73765
1.812628,1.442268,-0.738088
1.817889,1.440222,-0.739404
1.819643,1.432622,-0.736042
1.814674,1.435545,-0.742473
1.812628,1.434084,-0.747004
1.811459,1.43233,-0.737357
1.822859,1.435838,-0.738381
1.816136,1.438468,-0.742765
1.820228,1.431453,-0.735896
1.822859,1.434084,-0.749196
1.819643,1.445484,-0.73765
1.815843,1.431745,-0.736773
1.807951,1.440222,-0.740719
1.807951,1.439345,-0.739696
1.816136,1.440514,-0.750658
1.821105,1.442268,-0.738381
1.81292,1.440807,-0.743642
1.810582,1.435545,-0.776673
1.81672,1.442561,-0.743788
1.82052,1.440807,-0.740134
1.822567,1.439345,-0.742911
1.816136,1.440222,-0.730634
1.817597,1.444314,-0.728004
1.814674,1.442268,-0.73195
1.82169,1.436714,-0.735311
1.818766,1.437884,-0.734434
1.82052,1.442561,-0.747588
1.820813,1.443145,-0.746273
1.815843,1.445484,-0.746858
1.819936,1.441684,-0.736481
1.813505,1.44373,-0.746711
1.812628,1.444899,-0.733996
1.820813,1.441976,-0.73385
1.820228,1.448115,-0.747735
1.813213,1.440222,-0.737942
1.810289,1.439345,-0.729173
1.811166,1.441976,-0.737796
1.81292,1.438761,-0.733704
1.812628,1.438761,-0.746273
1.817305,1.441684,-0.737357
1.82169,1.444899,-0.732242
1.813797,1.43993,-0.736481
1.809412,1.441976,-0.745688
1.821397,1.447822,-0.725811
1.824905,1.445484,-0.729465
1.811751,1.439345,-0.740573
1.817013,1.449868,-0.740134
1.817889,1.439345,-0.729611
1.817889,1.437299,-0.733557
1.818474,1.438176,-0.743788
1.822859,1.440514,-0.729319
1.80912,1.447822,-0.739988
1.814674,1.442853,-0.733265
1.815843,1.447822,-0.737211
1.812043,1.439345,-0.73078
1.813505,1.433791,-0.73005
1.810289,1.438761,-0.729904
1.817305,1.437299,-0.729465
1.818474,1.441684,-0.738965
1.815551,1.444022,-0.736773
1.819351,1.444022,-0.727273
1.82432,1.445484,-0.747881
1.817597,1.444314,-0.738088
1.821982,1.444022,-0.72888
1.810874,1.441976,-0.730634
1.814966,1.444899,-0.741888
1.810874,1.445192,-0.740134
1.818474,1.439345,-0.73005
1.809705,1.434376,-0.73268
1.815259,1.436714,-0.742473
1.818766,1.442268,-0.745396
1.816136,1.447238,-0.731219
1.813213,1.436422,-0.733996
1.815259,1.437884,-0.734873
1.821982,1.438468,-0.736773
1.814382,1.442268,-0.741304
1.816136,1.443438,-0.734727
1.815259,1.44373,-0.73385
1.815259,1.446068,-0.728442
1.815259,1.441976,-0.73005
1.812336,1.440807,-0.743935
1.814674,1.45133,-0.732973
1.820228,1.446653,-0.738819
1.819351,1.444899,-0.736481
1.820813,1.442561,-0.726396
1.821105,1.436422,-0.745835
1.819643,1.443145,-0.726396
1.82432,1.444899,-0.727127
1.815259,1.443438,-0.743204
1.818766,1.442561,-0.734288
1.810582,1.441099,-0.735019
1.812628,1.441684,-0.734434
1.818474,1.438761,-0.738965
1.819059,1.443438,-0.741158
1.821982,1.442561,-0.742327
1.816428,1.444607,-0.73385
1.814382,1.442268,-0.743058
1.820813,1.441099,-0.739111
1.815843,1.442561,-0.741011
1.817889,1.437299,-0.744665
1.814089,1.445192,-0.737211
1.814089,1.438468,-0.73955
1.815843,1.441976,-0.73385
1.819936,1.43613,-0.740573
1.817597,1.439053,-0.745835
1.819059,1.437591,-0.729319
1.819059,1.437007,-0.737357
1.824905,1.43613,-0.729904
1.810874,1.440222,-0.740427
1.821105,1.441099,-0.737357
1.815259,1.435545,-0.741011
1.813505,1.438468,-0.73765
1.809412,1.437884,-0.74525
1.81292,1.440514,-0.736188
1.820228,1.439053,-0.72888
1.82169,1.440514,-0.748465
1.810582,1.438761,-0.739111
1.815843,1.439345,-0.743204
1.819936,1.438176,-0.729904
1.813213,1.43993,-0.72698
1.817013,1.438468,-0.744958
1.82169,1.435545,-0.733265
1.819059,1.432037,-0.740573
1.817013,1.444022,-0.742765
1.814674,1.43496,-0.743058
1.81292,1.439345,-0.743496
1.814966,1.431453,-0.733996
1.813797,1.437591,-0.747004
1.81672,1.43993,-0.743788
1.821397,1.438761,-0.745104
1.818182,1.43496,-0.737796
1.80912,1.437299,-0.730634
1.82052,1.43993,-0.749342
1.815551,1.436422,-0.740573
1.822567,1.440807,-0.747296
1.819643,1.437007,-0.741888
1.808828,1.446361,-0.736042
1.81672,1.446653,-0.737942
1.809705,1.456007,-0.751388
1.795966,1.477638,-0.78062
1.787197,1.498977,-0.810436
1.779597,1.505116,-0.846244
1.769658,1.509208,-0.871383
1.773166,1.495469,-0.885267
1.776089,1.476761,-0.866998
1.783104,1.435545,-0.899591
1.796258,1.416253,-0.89126
1.808535,1.364513,-0.882344
1.832505,1.375914,-0.862321
1.831336,1.312774,-0.856036
1.838059,1.293774,-0.833382
1.849459,1.281789,-0.82929
1.852675,1.280327,-0.82622
1.859982,1.266589,-0.823297
1.870213,1.258989,-0.811897
1.868459,1.251681,-0.802251
1.877229,1.239696,-0.800497
1.867875,1.237942,-0.798305
1.881906,1.23385,-0.798158
1.87869,1.237357,-0.784127
1.871383,1.229465,-0.792312
1.884829,1.229173,-0.782227
1.879567,1.22508,-0.784566
1.884829,1.215434,-0.788658
1.887167,1.22128,-0.78442
1.885706,1.217773,-0.778866
1.887167,1.211049,-0.782958
1.87986,1.212511,-0.777258
1.890675,1.205495,-0.772435
1.890383,1.211634,-0.769366
1.888921,1.207542,-0.769804
1.884537,1.207249,-0.765712
1.888044,1.20988,-0.766589
1.881029,1.201403,-0.773166
1.882198,1.207249,-0.771996
1.881321,1.209588,-0.766443
1.891845,1.215142,-0.769073
1.881906,1.206665,-0.770243
1.885706,1.209588,-0.772873
1.886583,1.211049,-0.774189
1.881614,1.211926,-0.769658
1.889506,1.215726,-0.773897
1.888629,1.207249,-0.781058
1.889214,1.205495,-0.781643
1.88366,1.209003,-0.771996
1.88746,1.213388,-0.771704
1.884829,1.201695,-0.779743
1.89126,1.207834,-0.773458
1.885998,1.214849,-0.774773
1.88746,1.213096,-0.771996
1.885414,1.207834,-0.777843
1.884829,1.207834,-0.780035
1.881614,1.203157,-0.775358
1.885121,1.205203,-0.769804
1.882783,1.204619,-0.78252
1.882491,1.211049,-0.764543
1.885706,1.210757,-0.769512
1.890383,1.211049,-0.766443
1.89126,1.204911,-0.772727
1.889214,1.215726,-0.765419
1.893598,1.210757,-0.764835
1.897398,1.20988,-0.767612
1.897106,1.205788,-0.765127
1.891845,1.215434,-0.770243
1.883952,1.206665,-0.76732
1.891552,1.207542,-0.773897
1.892721,1.209588,-0.77492
1.89126,1.205495,-0.779597
1.880152,1.204326,-0.775358
1.886291,1.211926,-0.769658
1.883075,1.20988,-0.776966
1.885121,1.206665,-0.771558
1.880737,1.206957,-0.782812
1.892721,1.210757,-0.772873
1.891845,1.20608,-0.772143
1.883075,1.205495,-0.767904
1.890968,1.210172,-0.775358
1.89126,1.204911,-0.768343
1.884244,1.204034,-0.772289
1.884244,1.210172,-0.759281
1.886291,1.209003,-0.766004
1.888337,1.211634,-0.76732
1.890091,1.204326,-0.770973
1.890091,1.205203,-0.76732
1.888337,1.20608,-0.777258
1.882783,1.204619,-0.779012
1.886875,1.209296,-0.767904
1.892137,1.211342,-0.764396
1.88746,1.213096,-0.777112
1.88746,1.212219,-0.777404
1.886583,1.209003,-0.765127
1.882783,1.21368,-0.76995
1.885998,1.209588,-0.770681
1.885706,1.208419,-0.807074
1.891845,1.207542,-0.782812
1.887167,1.204619,-0.770535
1.883367,1.203742,-0.77302
1.888044,1.205203,-0.771558
1.880737,1.20608,-0.76995
1.882491,1.204911,-0.769366
1.886583,1.21368,-0.769366
1.887167,1.206665,-0.769512
1.888629,1.20608,-0.772727
1.884244,1.203742,-0.767466
1.881029,1.205495,-0.774189
1.878983,1.20608,-0.772143
1.888337,1.213388,-0.770535
1.885414,1.210465,-0.771558
1.884244,1.201403,-0.770973
1.880737,1.205788,-0.768489
1.891845,1.201111,-0.774773
1.893014,1.208711,-0.773312
1.888629,1.203157,-0.771558
1.884244,1.199065,-0.771412
1.895645,1.208419,-0.777112
1.885998,1.205495,-0.767758
1.886291,1.199942,-0.776673
1.884829,1.210465,-0.771996
1.885998,1.208711,-0.776235
1.883075,1.206957,-0.770535
1.892137,1.210465,-0.772727
1.888337,1.206372,-0.772289
1.886583,1.208126,-0.77945
1.89126,1.203742,-0.779158
1.886583,1.205495,-0.771412
1.877229,1.200526,-0.778427
1.886875,1.208126,-0.777697
1.886583,1.209003,-0.772435
1.890675,1.208711,-0.774481
1.879275,1.195265,-0.765127
1.882198,1.209588,-0.784858
1.888337,1.208419,-0.775943
1.884244,1.20228,-0.779012
1.886583,1.201403,-0.773312
1.890675,1.194972,-0.781643
1.889506,1.202572,-0.76045
1.889214,1.211342,-0.772289
1.894475,1.209003,-0.770243
1.891845,1.206665,-0.774773
1.893598,1.203742,-0.771704
1.889506,1.201403,-0.773458
1.887167,1.209588,-0.776381
1.888337,1.201111,-0.765419
1.890968,1.20608,-0.784274
1.888921,1.209003,-0.76922
1.889506,1.208711,-0.770681
1.889214,1.210172,-0.765712
1.88366,1.202865,-0.764981
1.890968,1.208126,-0.77375
1.891552,1.205788,-0.777258
1.883075,1.210172,-0.774335
1.883075,1.215142,-0.775358
1.883075,1.208419,-0.774335
1.894768,1.206665,-0.762496
1.892429,1.206957,-0.763812
1.881906,1.20608,-0.776966
1.888921,1.210465,-0.772727
1.893306,1.210465,-0.763812
1.888921,1.20988,-0.770681
1.886583,1.212511,-0.777404
1.888337,1.212219,-0.775504
1.884829,1.212511,-0.777404
1.889214,1.216019,-0.765273
1.888629,1.209003,-0.769073
1.894768,1.206665,-0.770681
1.882198,1.212511,-0.778866
1.888337,1.208126,-0.774773
1.88366,1.205495,-0.776235
1.885998,1.207542,-0.772435
1.885706,1.202865,-0.778427
1.888629,1.205203,-0.770243
1.884829,1.206665,-0.769658
1.885414,1.208126,-0.779012
1.885998,1.201403,-0.764981
1.887752,1.206957,-0.775797
1.886583,1.209003,-0.776381
1.88366,1.207249,-0.77492
1.887167,1.20228,-0.772581
1.889798,1.207542,-0.76995
1.884829,1.204911,-0.771266
1.881321,1.209003,-0.764835
1.882198,1.201695,-0.76425
1.881321,1.206957,-0.76235
1.883075,1.207834,-0.770681
1.888337,1.203742,-0.772727
1.881321,1.205788,-0.760012
1.89126,1.206665,-0.769804
1.881906,1.204326,-0.773458
1.886583,1.202865,-0.782227
1.884829,1.209296,-0.776089
1.889506,1.203742,-0.775066
1.887167,1.207249,-0.778281
1.88366,1.204034,-0.772727
1.885121,1.207249,-0.76805
1.893014,1.208126,-0.76732
1.885998,1.20988,-0.77302
1.888044,1.201111,-0.775943
1.890091,1.210757,-0.772581
1.890675,1.204911,-0.781058
1.890675,1.204326,-0.771704
1.886583,1.210172,-0.771704
1.889214,1.208126,-0.77492
1.888629,1.206372,-0.772289
1.887752,1.204034,-0.778281
1.889798,1.214849,-0.767173
1.891845,1.208419,-0.775797
1.890091,1.214849,-0.77492
1.888044,1.211926,-0.76425
1.88746,1.215142,-0.76922
1.890675,1.210172,-0.772727
1.880152,1.209296,-0.787051
1.89126,1.202865,-0.782227
1.888921,1.206957,-0.77302
1.885121,1.20608,-0.774627
1.889798,1.209003,-0.775066
1.888337,1.206957,-0.779158
1.885998,1.212219,-0.776527
1.892721,1.205495,-0.776966
1.888921,1.209296,-0.776089
1.885998,1.204911,-0.76805
1.889506,1.199942,-0.770973
1.88746,1.200526,-0.772727
1.890383,1.202572,-0.782666
1.88746,1.203157,-0.775943
1.885414,1.205203,-0.781643
1.876352,1.202572,-0.776089
1.885998,1.201988,-0.775943
1.881321,1.201988,-0.77185
1.88366,1.208711,-0.767027
1.88746,1.206665,-0.787928
1.885998,1.205495,-0.785004
1.885414,1.204619,-0.781058
1.885998,1.203449,-0.77492
1.88366,1.190588,-0.764981
1.893891,1.209588,-0.767466
1.888337,1.205203,-0.76995
1.882198,1.203742,-0.77755
1.887752,1.203449,-0.767466
1.889798,1.197018,-0.771996
1.888337,1.196141,-0.766735
1.885998,1.194388,-0.772143
1.884829,1.201988,-0.774335
1.888044,1.200234,-0.774043
1.885998,1.207249,-0.774773
1.880444,1.199649,-0.770096
1.882198,1.209588,-0.774335
1.885706,1.206372,-0.772727
1.882491,1.201988,-0.767904
1.888337,1.20988,-0.771266
1.885998,1.204619,-0.772143
1.886291,1.201988,-0.769512
1.87869,1.20228,-0.765712
1.880444,1.202865,-0.771412
1.883075,1.203157,-0.768635
1.889506,1.202865,-0.771412
1.883952,1.201988,-0.77755
1.880152,1.205203,-0.78062
1.883367,1.204911,-0.763081
1.881614,1.199065,-0.775943
1.887167,1.198188,-0.777404
1.881614,1.211342,-0.755919
1.883075,1.207542,-0.761327
1.884537,1.201695,-0.767758
1.883367,1.207834,-0.766004
1.888044,1.211049,-0.772727
1.878398,1.20988,-0.761766
1.882491,1.213973,-0.76235
1.890091,1.197895,-0.773897
1.890091,1.209003,-0.771704
1.889798,1.204619,-0.767466
1.883952,1.210757,-0.766881
1.886291,1.208126,-0.769366
1.885121,1.211634,-0.774773
1.882783,1.20228,-0.768781
1.888044,1.205203,-0.766296
1.893014,1.209003,-0.775358
1.886875,1.204619,-0.77302
1.888921,1.206372,-0.772873
1.880152,1.20608,-0.770243
1.885414,1.206372,-0.759719
1.885414,1.205495,-0.765273
1.884829,1.213096,-0.768489
1.884244,1.202572,-0.769073
1.889798,1.214557,-0.767173
1.88366,1.206957,-0.763081
1.885121,1.213388,-0.765127
1.887167,1.20608,-0.77565
1.883952,1.210465,-0.777989
1.892429,1.208419,-0.775066
1.885998,1.20608,-0.763958
1.890675,1.207542,-0.771704
1.888337,1.216603,-0.765858
1.885998,1.207249,-0.768196
1.885414,1.20608,-0.771558
1.887752,1.201403,-0.772143
1.878983,1.210757,-0.769366
1.886583,1.210757,-0.767612
1.886291,1.205788,-0.780912
1.885121,1.210757,-0.772727
1.881906,1.209003,-0.770096
1.893891,1.213096,-0.781058
1.885706,1.204034,-0.779889
1.885998,1.205788,-0.774189
1.885414,1.201111,-0.781789
1.887167,1.207542,-0.783543
1.885414,1.200526,-0.770096
1.884244,1.209588,-0.776966
1.885121,1.199942,-0.777989
1.887167,1.206665,-0.771996
1.881321,1.207249,-0.779743
1.884829,1.204911,-0.780181
1.886583,1.209296,-0.77872
1.885121,1.206372,-0.771558
1.869629,1.209003,-0.777112
1.883952,1.212511,-0.774481
1.877813,1.206957,-0.774335
1.881321,1.203742,-0.776235
1.890091,1.206665,-0.771996
1.886875,1.211634,-0.781204
1.881614,1.203742,-0.765127
1.885121,1.20988,-0.77185
1.888629,1.20608,-0.775797
1.885414,1.207249,-0.766881
1.889506,1.218357,-0.779597
1.882198,1.20988,-0.768196
1.876644,1.207834,-0.780327
1.886291,1.209003,-0.781643
1.885706,1.210465,-0.767027
1.888629,1.213388,-0.764396
1.887167,1.209296,-0.768927
1.884244,1.210465,-0.777112
1.885998,1.207834,-0.778574
1.880444,1.205788,-0.776527
1.88746,1.20988,-0.771558
1.883367,1.203742,-0.777112
1.882783,1.202865,-0.770096
1.880444,1.201695,-0.770681
1.887752,1.207249,-0.774043
1.879275,1.204326,-0.777404
1.88366,1.20988,-0.77945
1.882491,1.213973,-0.776235
1.890968,1.210757,-0.775504
1.889798,1.208419,-0.780035
1.881906,1.204034,-0.772873
1.886583,1.20608,-0.757527
1.890968,1.20228,-0.766443
1.88366,1.213096,-0.777258
1.885121,1.211342,-0.776235
1.883367,1.205495,-0.780181
1.889798,1.204034,-0.769512
1.885414,1.20988,-0.765127
1.890968,1.209296,-0.76995
1.883075,1.205495,-0.775066
1.890091,1.20988,-0.778574
1.882783,1.209003,-0.772873
1.879567,1.210172,-0.783981
1.885414,1.205203,-0.773312
1.885121,1.212511,-0.771996
1.888337,1.216019,-0.781058
1.886291,1.207542,-0.776527
1.884829,1.210172,-0.771996
1.878983,1.206372,-0.761327
1.885414,1.204619,-0.785881
1.882491,1.205495,-0.783835
1.89126,1.216603,-0.774335
1.881614,1.212511,-0.773458
1.882783,1.207249,-0.77755
1.883367,1.211049,-0.77565
1.88366,1.20988,-0.770681
1.883075,1.205203,-0.784127
1.888337,1.209003,-0.777258
1.887752,1.204911,-0.770681
1.889798,1.214265,-0.777258
1.885998,1.202572,-0.771266
1.881906,1.205203,-0.765858
1.885706,1.213096,-0.764835
1.885121,1.213096,-0.769073
1.881906,1.211926,-0.768343
1.884244,1.20608,-0.75665
1.885998,1.209296,-0.776235
1.888629,1.209003,-0.770827
1.889798,1.202865,-0.764689
1.87489,1.219526,-0.777404
1.878983,1.210465,-0.772143
1.88366,1.206957,-0.780912
1.884829,1.206372,-0.766589
1.885998,1.207834,-0.77302
1.886583,1.211926,-0.762789
1.88366,1.210757,-0.772581
1.881029,1.208711,-0.766735
1.881906,1.209003,-0.767904
1.876352,1.200234,-0.776527
1.883075,1.203157,-0.777258
1.890091,1.202572,-0.770389
1.888629,1.20608,-0.765858
1.888629,1.208711,-0.767466
1.889214,1.21368,-0.780327
1.880152,1.208711,-0.780181
1.889214,1.209296,-0.773458
1.881614,1.20228,-0.762789
1.885706,1.209003,-0.768781
1.887167,1.210465,-0.767466
1.885414,1.215142,-0.768927
1.893306,1.213388,-0.772289
1.883952,1.209003,-0.764396
1.885121,1.20988,-0.766881
1.889214,1.216019,-0.769073
1.881321,1.211342,-0.774189
1.885998,1.211926,-0.776381
1.882491,1.207249,-0.766004
1.889214,1.213096,-0.774335
1.888337,1.216019,-0.763373
1.88746,1.209588,-0.76805
1.893306,1.214265,-0.777112
1.887167,1.216896,-0.769658
1.889506,1.206957,-0.772143
1.891845,1.211926,-0.767173
1.893306,1.213096,-0.77302
1.885998,1.19848,-0.769073
1.890968,1.205203,-0.766589
1.887167,1.211342,-0.767904
1.882198,1.208126,-0.765712
1.88366,1.212803,-0.765127
1.883367,1.207834,-0.771558
1.887752,1.206372,-0.76922
1.889214,1.206957,-0.770096
1.892429,1.208419,-0.779304
1.89126,1.207542,-0.778281
1.886583,1.207249,-0.769366
1.884537,1.198772,-0.76805
1.887752,1.206372,-0.765127
1.888921,1.217773,-0.764689
1.886875,1.215434,-0.768489
1.894183,1.213973,-0.768781
1.889214,1.205203,-0.767466
1.881614,1.214265,-0.769658
1.884244,1.201695,-0.765712
1.88366,1.207834,-0.76235
1.88746,1.201403,-0.774627
1.888337,1.207542,-0.770096
1.883075,1.211926,-0.760158
1.892721,1.210465,-0.768781
1.890383,1.206665,-0.770681
1.883367,1.207249,-0.775504
1.89126,1.207249,-0.774627
1.894183,1.203157,-0.767612
1.893598,1.209588,-0.783543
1.886291,1.205203,-0.776235
1.891845,1.207834,-0.774335
1.896814,1.20608,-0.77682
1.87986,1.208419,-0.766589
1.883952,1.204034,-0.775797
1.885414,1.202572,-0.77185
1.886875,1.201988,-0.779743
1.888044,1.204911,-0.774627
1.887167,1.203157,-0.776527
1.888921,1.206372,-0.781789
1.884829,1.202865,-0.759866
1.880444,1.204034,-0.76425
1.884829,1.21368,-0.769366
1.886583,1.202865,-0.770973
1.888629,1.206372,-0.767758
1.89126,1.210757,-0.770096
1.892137,1.205203,-0.774189
1.892721,1.203157,-0.761619
1.889506,1.208711,-0.770681
1.886291,1.207542,-0.774335
1.883075,1.197018,-0.760304
1.888629,1.215726,-0.763812
1.885998,1.211049,-0.771996
1.883367,1.212219,-0.771558
1.890968,1.212803,-0.771558
1.886583,1.209003,-0.761473
1.885998,1.209588,-0.770535
1.889798,1.212803,-0.765712
1.883075,1.208126,-0.763812
1.889798,1.208126,-0.765712
1.882491,1.209588,-0.776381
1.882491,1.210757,-0.765419
1.884829,1.201988,-0.77302
1.879567,1.210757,-0.76235
1.882491,1.205788,-0.768343
1.89126,1.207249,-0.76425
1.888337,1.203742,-0.762789
1.888629,1.216896,-0.763666
1.883075,1.204619,-0.768489
1.888044,1.204034,-0.768343
1.88366,1.207249,-0.760596
1.891552,1.203157,-0.763958
1.890675,1.212219,-0.771558
1.886583,1.210757,-0.767027
1.883075,1.205495,-0.775066
1.890383,1.206665,-0.768781
1.886875,1.200234,-0.768196
1.883075,1.207542,-0.759573
1.891552,1.208711,-0.764835
1.888337,1.207834,-0.778427
1.882198,1.208419,-0.773897
1.894475,1.210465,-0.770096
1.891845,1.202572,-0.768781
1.885998,1.201111,-0.762935
1.886291,1.201403,-0.777404
1.881906,1.204911,-0.764104
1.887752,1.212511,-0.779158
1.893598,1.203449,-0.766881
1.889214,1.206957,-0.77185
1.885121,1.199942,-0.771558
1.885414,1.207834,-0.770096
1.883367,1.197603,-0.773458
1.885414,1.203449,-0.765712
1.89126,1.201695,-0.778574
1.892721,1.205203,-0.77945
1.888921,1.204911,-0.782958
1.883952,1.214849,-0.775066
1.879567,1.20608,-0.76732
1.890675,1.217773,-0.782374
1.889798,1.207542,-0.77375
1.878983,1.211049,-0.778281
1.887752,1.204911,-0.770096
1.897983,1.200818,-0.770389
1.884244,1.209296,-0.77112
1.894183,1.205203,-0.772727
1.884244,1.206372,-0.774335
1.882198,1.206665,-0.76805
1.881614,1.215726,-0.786904
1.867875,1.235311,-0.807366
1.85969,1.266296,-0.825782
1.847705,1.314528,-0.859106
1.814382,1.366267,-0.880737
1.79392,1.421514,-0.890237
1.781643,1.45513,-0.905583
1.772873,1.492254,-0.894914
1.770243,1.503946,-0.882929
1.770243,1.508331,-0.863783
1.771704,1.516223,-0.847267
1.770827,1.507746,-0.823297
1.783981,1.495762,-0.785881
1.794505,1.462146,-0.766589
1.815259,1.43116,-0.72888
1.841567,1.392283,-0.699503
1.860275,1.356913,-0.687518
1.874598,1.327974,-0.660187
1.878983,1.307805,-0.644402
1.887752,1.28822,-0.646887
1.888337,1.281789,-0.648202
1.891552,1.271558,-0.639433
1.898568,1.250804,-0.63271
1.899737,1.247004,-0.629494
1.899737,1.250219,-0.62891
1.907922,1.233557,-0.635925
1.896229,1.236481,-0.634464
1.910553,1.224788,-0.62511
1.907629,1.22625,-0.633002
1.912014,1.22888,-0.626425
1.912599,1.221573,-0.630079
1.912014,1.22245,-0.62774
1.913183,1.228004,-0.632125
1.914645,1.218357,-0.632417
1.918737,1.216019,-0.632125
1.911137,1.217188,-0.627448
1.909968,1.208711,-0.630225
1.907922,1.215434,-0.628033
1.911429,1.214557,-0.638117
1.914937,1.211049,-0.635487
1.914645,1.207249,-0.630079
1.909383,1.210757,-0.62774
1.913183,1.205495,-0.635194
1.912599,1.211342,-0.621748
1.914645,1.206372,-0.628763
1.912306,1.218942,-0.620433
1.904706,1.208711,-0.622186
1.907045,1.208419,-0.643087
1.909675,1.212219,-0.630225
1.912891,1.209003,-0.62511
1.914937,1.21368,-0.616779
1.919906,1.212219,-0.628325
1.909091,1.211634,-0.635925
1.910845,1.21748,-0.633002
1.913183,1.216311,-0.623648
1.909675,1.215726,-0.630956
1.908506,1.211342,-0.635341
1.911137,1.218065,-0.624233
1.915229,1.209296,-0.62394
1.915522,1.205203,-0.628763
1.916691,1.209296,-0.628179
1.915522,1.206372,-0.632271
1.915814,1.209296,-0.633294
1.91406,1.207542,-0.62891
1.913183,1.211634,-0.62964
1.913183,1.210172,-0.628325
1.908214,1.207542,-0.624233
1.919029,1.210172,-0.629348
1.915229,1.208711,-0.624671
1.913768,1.210172,-0.625548
1.915522,1.206957,-0.628617
1.913476,1.20608,-0.62014
1.911722,1.208711,-0.627594
1.913476,1.209003,-0.624525
1.907629,1.211926,-0.634317
1.91406,1.205495,-0.627156
1.911429,1.209296,-0.626133
1.912014,1.210172,-0.623648
1.907045,1.207249,-0.637825
1.917568,1.21368,-0.62014
1.91026,1.210757,-0.632417
1.909968,1.210757,-0.626571
1.910553,1.209296,-0.625402
1.913768,1.211342,-0.629202
1.915814,1.20988,-0.623356
1.920199,1.207834,-0.622625
1.916399,1.211049,-0.627887
1.909675,1.208711,-0.631394
1.91026,1.205788,-0.62394
1.911429,1.206957,-0.621017
1.912014,1.206665,-0.634317
1.912599,1.209003,-0.622479
1.915229,1.209588,-0.666033
1.91026,1.209588,-0.626133
1.916691,1.215142,-0.627887
1.909383,1.20988,-0.619848
1.912306,1.211634,-0.629933
1.91786,1.21368,-0.630225
1.912306,1.219819,-0.634317
1.915522,1.212219,-0.637387
1.876937,1.212511,-0.622186
1.909968,1.211342,-0.631979
1.913768,1.209296,-0.628179
1.915814,1.207249,-0.629933
1.916106,1.214265,-0.630225
1.915522,1.20988,-0.634902
1.911137,1.206665,-0.632125
1.917276,1.208126,-0.624963
1.907045,1.212219,-0.629787
1.912599,1.209588,-0.62774
1.909383,1.212511,-0.62204
1.911429,1.20988,-0.628471
1.912306,1.206372,-0.62964
1.902368,1.205203,-0.630371
1.908799,1.217773,-0.63461
1.917568,1.208419,-0.631248
1.913183,1.210172,-0.61941
1.91026,1.20988,-0.631394
1.909383,1.204326,-0.62204
1.91406,1.204911,-0.62774
1.910553,1.204619,-0.632564
1.906168,1.212803,-0.635779
1.912599,1.209588,-0.633294
1.907337,1.216603,-0.635048
1.91026,1.206957,-0.627302
1.912891,1.216311,-0.628033
1.909383,1.210172,-0.619117
1.91786,1.212511,-0.630517
1.909383,1.208711,-0.636071
1.903829,1.205203,-0.631979
1.908799,1.206665,-0.63344
1.908799,1.211049,-0.636948
1.90646,1.204619,-0.629933
1.904999,1.209003,-0.627302
1.919614,1.204911,-0.62701
1.908506,1.206372,-0.628763
1.904122,1.208711,-0.640456
1.916399,1.210757,-0.630225
1.915229,1.208711,-0.631248
1.908799,1.211049,-0.624379
1.911429,1.20608,-0.631687
1.913476,1.205203,-0.628325
1.909968,1.20988,-0.633002
1.916106,1.211634,-0.629787
1.912891,1.212219,-0.632564
1.908506,1.209588,-0.626863
1.911137,1.207249,-0.638117
1.913476,1.208419,-0.634317
1.912891,1.208126,-0.635341
1.912306,1.210757,-0.628325
1.916399,1.211634,-0.643087
1.909091,1.211634,-0.630225
1.91026,1.204911,-0.645279
1.90646,1.213388,-0.640018
1.909383,1.21368,-0.634756
1.904999,1.209588,-0.635925
1.912306,1.216019,-0.640018
1.90646,1.209003,-0.634171
1.911722,1.211634,-0.629787
1.910553,1.211342,-0.62774
1.914353,1.206957,-0.630079
1.915522,1.209588,-0.631248
1.908799,1.209588,-0.634025
1.908506,1.221573,-0.639433
1.912599,1.21368,-0.641918
1.911429,1.215434,-0.637533
1.909383,1.207834,-0.637387
1.908799,1.211634,-0.646741
1.914353,1.212511,-0.63271
1.919906,1.214265,-0.624233
1.921368,1.207834,-0.624233
1.919614,1.211634,-0.628763
1.921076,1.211342,-0.638117
1.913476,1.204034,-0.629348
1.916691,1.217188,-0.624233
1.914937,1.213388,-0.632125
1.917568,1.20228,-0.630371
1.915229,1.205203,-0.630664
1.915229,1.209588,-0.63081
1.912599,1.211926,-0.638994
1.920783,1.217773,-0.629787
1.914353,1.210757,-0.631833
1.912014,1.205788,-0.630225
1.915522,1.214849,-0.627156
1.912891,1.20988,-0.631102
1.91406,1.220403,-0.632856
1.918445,1.213096,-0.634171
1.914937,1.211634,-0.616779
1.922537,1.213388,-0.640456
1.913768,1.210757,-0.637094
1.920783,1.216019,-0.621163
1.91786,1.210465,-0.634464
1.911722,1.207542,-0.635779
1.919906,1.216603,-0.635633
1.915522,1.215726,-0.63651
1.912891,1.216019,-0.638702
1.911722,1.208419,-0.626571
1.914353,1.207834,-0.629056
1.908799,1.209003,-0.631102
1.91786,1.211342,-0.62774
1.911429,1.211926,-0.63461
1.911722,1.212219,-0.62701
1.918737,1.20228,-0.637094
1.922245,1.210465,-0.635633
1.916691,1.212803,-0.640018
1.918737,1.209588,-0.634171
1.909091,1.20988,-0.638117
1.908506,1.207834,-0.631394
1.912306,1.212803,-0.632856
1.910845,1.215726,-0.633294
1.914353,1.213388,-0.624963
1.909675,1.211926,-0.625548
1.913476,1.21748,-0.647471
1.911429,1.215434,-0.644402
1.915229,1.207542,-0.639433
1.908799,1.211342,-0.633879
1.906752,1.211926,-0.629787
1.910553,1.212511,-0.637971
1.909968,1.206665,-0.645279
1.913183,1.21368,-0.630079
1.915229,1.206665,-0.63651
1.914937,1.212219,-0.630517
1.911429,1.21368,-0.630517
1.914645,1.208711,-0.630664
1.919029,1.207542,-0.633733
1.913183,1.215726,-0.635487
1.910553,1.209588,-0.628763
1.904999,1.212803,-0.630371
1.913476,1.206957,-0.635341
1.908506,1.208126,-0.631394
1.911722,1.213973,-0.632856
1.907337,1.204911,-0.624963
1.906752,1.218357,-0.63344
1.907045,1.218065,-0.629787
1.897691,1.207834,-0.642941
1.916399,1.213388,-0.637971
1.921076,1.208419,-0.632564
1.912306,1.217188,-0.630956
1.905291,1.212511,-0.645718
1.911429,1.21865,-0.636948
1.922537,1.211634,-0.635779
1.91026,1.214557,-0.637971
1.917276,1.214849,-0.637533
1.912014,1.216311,-0.63344
1.905875,1.213388,-0.636802
1.912599,1.209588,-0.640748
1.914353,1.217773,-0.643818
1.91406,1.216311,-0.642356
1.911429,1.214557,-0.640018
1.910553,1.213973,-0.643379
1.912014,1.216896,-0.638264
1.907337,1.210465,-0.630956
1.909091,1.211049,-0.632564
1.908506,1.213096,-0.638702
1.903537,1.211342,-0.639579
1.911722,1.210757,-0.645864
1.907045,1.216311,-0.645571
1.909383,1.213096,-0.64791
1.907629,1.21748,-0.636948
1.912891,1.213096,-0.639579
1.915522,1.206957,-0.640894
1.91406,1.212511,-0.637679
1.910553,1.218942,-0.639141
1.911137,1.21748,-0.647033
1.914937,1.209588,-0.633587
1.912306,1.213973,-0.638994
1.905291,1.208419,-0.648348
1.906168,1.214265,-0.639579
1.909383,1.208711,-0.635925
1.913183,1.210465,-0.627887
1.907045,1.210172,-0.624379
1.908799,1.211926,-0.631394
1.909675,1.211049,-0.63461
1.907629,1.207542,-0.640748
1.908799,1.20608,-0.632564
1.907629,1.207249,-0.629202
1.917276,1.210465,-0.633148
1.922245,1.20228,-0.635633
1.91786,1.211342,-0.644256
1.907629,1.207834,-0.635487
1.916983,1.214849,-0.629202
1.911429,1.209588,-0.634317
1.913768,1.210757,-0.63651
1.912599,1.212219,-0.62511
1.91406,1.204034,-0.625548
1.915229,1.207834,-0.62774
1.91026,1.215726,-0.636948
1.91026,1.213388,-0.63461
1.909383,1.206957,-0.642502
1.91406,1.209003,-0.637971
1.919029,1.208419,-0.629494
1.903245,1.207834,-0.631979
1.938322,1.208419,-0.630664
1.908214,1.216019,-0.626279
1.912599,1.212511,-0.635925
1.907337,1.217188,-0.635194
1.911429,1.211342,-0.62964
1.911137,1.211634,-0.626863
1.911722,1.211049,-0.634025
1.909383,1.20988,-0.624379
1.910845,1.210465,-0.628471
1.908506,1.21368,-0.626279
1.913768,1.210172,-0.622186
1.909091,1.20988,-0.618971
1.912599,1.205203,-0.629933
1.913476,1.210172,-0.628179
1.907045,1.212511,-0.635341
1.909091,1.210465,-0.62394
1.913476,1.201403,-0.630225
1.906168,1.210465,-0.621163
1.912306,1.209003,-0.62701
1.910845,1.211342,-0.622625
1.906752,1.212511,-0.640894
1.901199,1.210757,-0.62014
1.906752,1.211634,-0.624233
1.906752,1.207834,-0.630956
1.91786,1.20988,-0.621894
1.908799,1.214265,-0.625694
1.911722,1.214849,-0.616194
1.90646,1.207542,-0.623794
1.912599,1.213096,-0.62014
1.91406,1.207834,-0.619263
1.909383,1.218942,-0.630956
1.906168,1.211342,-0.634756
1.901491,1.214265,-0.630664
1.901491,1.215434,-0.628617
1.907045,1.211342,-0.629056
1.909091,1.220988,-0.636364
1.91026,1.216603,-0.635633
1.91026,1.211342,-0.629494
1.916399,1.212219,-0.621456
1.913183,1.221865,-0.621456
1.912599,1.214849,-0.632125
1.916399,1.215726,-0.630079
1.910845,1.213388,-0.624233
1.910553,1.210757,-0.630371
1.912306,1.214557,-0.623648
1.912306,1.208419,-0.629494
1.912014,1.218942,-0.630956
1.915522,1.218357,-0.628325
1.914645,1.207542,-0.62131
1.906168,1.211634,-0.620286
1.906168,1.218357,-0.636071
1.920491,1.21368,-0.635925
1.914937,1.210465,-0.63154
1.914937,1.213388,-0.632125
1.915814,1.214557,-0.625987
1.91786,1.216603,-0.646887
1.914645,1.211342,-0.634025
1.914645,1.212511,-0.643087
1.914645,1.210172,-0.623502
1.915229,1.214849,-0.630664
1.911137,1.215726,-0.63651
1.915522,1.211049,-0.634464
1.912891,1.206665,-0.632564
1.913183,1.211342,-0.63461
1.915814,1.198188,-0.627594
1.913183,1.210757,-0.626863
1.917276,1.218357,-0.628179
1.91026,1.211342,-0.63154
1.916399,1.209588,-0.622771
1.910845,1.203742,-0.633002
1.919614,1.212803,-0.628617
1.919614,1.215434,-0.634756
1.915229,1.210465,-0.630956
1.912306,1.210757,-0.624379
1.910845,1.211049,-0.63461
1.914353,1.211926,-0.631979
1.92166,1.212219,-0.637825
1.913476,1.20988,-0.637825
1.91026,1.20988,-0.635048
1.916691,1.204619,-0.636364
1.916691,1.205203,-0.630664
1.913476,1.210757,-0.629202
1.915229,1.21748,-0.631687
1.915229,1.213096,-0.633148
1.916399,1.215434,-0.628325
1.917568,1.215142,-0.639871
1.914353,1.213388,-0.624233
1.90646,1.220696,-0.63081
1.91406,1.212803,-0.631979
1.918445,1.20988,-0.62891
1.909091,1.214265,-0.63651
1.919322,1.216603,-0.637094
1.916399,1.210465,-0.636071
1.917276,1.207834,-0.62701
1.913183,1.210172,-0.631687
1.911429,1.214557,-0.616194
1.917276,1.20988,-0.628033
1.913183,1.212219,-0.622479
1.91406,1.212803,-0.62511
1.913476,1.213973,-0.628179
1.916106,1.214849,-0.628325
1.911137,1.216896,-0.634902
1.913183,1.214557,-0.629056
1.916983,1.220111,-0.624963
1.915814,1.214849,-0.629056
1.919029,1.213096,-0.633002
1.91786,1.212511,-0.638702
1.911722,1.21865,-0.638994
1.918737,1.213096,-0.63271
1.918737,1.210172,-0.633733
1.918737,1.213096,-0.62321
1.91786,1.213096,-0.62774
1.913768,1.218065,-0.624233
1.915814,1.214849,-0.626717
1.917568,1.210757,-0.633879
1.91406,1.223619,-0.630079
1.916399,1.21368,-0.627156
1.91786,1.220403,-0.626863
1.92166,1.215726,-0.623648
1.922245,1.208419,-0.640748
1.913476,1.207249,-0.627156
1.916691,1.211634,-0.626863
1.920491,1.211926,-0.637241
1.912306,1.206957,-0.63344
1.915522,1.208711,-0.622186
1.909383,1.21368,-0.622917
1.921368,1.211049,-0.629933
1.91406,1.215726,-0.628763
1.910553,1.214849,-0.63081
1.911429,1.206957,-0.631979
1.908506,1.205203,-0.629933
1.912599,1.214849,-0.629494
1.918153,1.213096,-0.631248
1.913476,1.209588,-0.633587
1.919322,1.207834,-0.63344
1.911137,1.213973,-0.628471
1.912306,1.209003,-0.629348
1.916983,1.204326,-0.634756
1.910553,1.210172,-0.624086
1.914645,1.21368,-0.62964
1.910553,1.212219,-0.619994
1.908506,1.199942,-0.635194
1.916106,1.212219,-0.624086
1.91406,1.21368,-0.612979
1.91786,1.216896,-0.629933
1.920783,1.210465,-0.631833
1.919614,1.209588,-0.63841
1.912306,1.204326,-0.641333
1.913768,1.215434,-0.630517
1.92283,1.216019,-0.629494
1.91786,1.216311,-0.628617
1.908506,1.212219,-0.624963
1.909091,1.215142,-0.621602
1.919614,1.215142,-0.624379
1.918445,1.216603,-0.614879
1.92166,1.215434,-0.63081
1.915229,1.21865,-0.625987
1.914353,1.212803,-0.617802
1.918737,1.210757,-0.631979
1.921368,1.218065,-0.632564
1.918153,1.213973,-0.630664
1.916691,1.212511,-0.628617
1.924876,1.218065,-0.62394
1.921076,1.205495,-0.621017
1.917568,1.212803,-0.625256
1.919029,1.218065,-0.629787
1.922537,1.211634,-0.617656
1.924291,1.210757,-0.611517
1.916691,1.217188,-0.62131
1.916983,1.217188,-0.621894
1.912891,1.216896,-0.627448
1.919029,1.208419,-0.625256
1.921076,1.208711,-0.623063
1.916691,1.210757,-0.634756
1.920491,1.216896,-0.624379
1.917568,1.214849,-0.628033
1.909675,1.209003,-0.630517
1.914937,1.216019,-0.622917
1.916983,1.217773,-0.624963
1.917568,1.221573,-0.62511
1.911722,1.212219,-0.62511
1.909675,1.215142,-0.626133
1.911722,1.209003,-0.629494
1.912891,1.211634,-0.625694
1.917276,1.214265,-0.625548
1.911137,1.21368,-0.628325
1.913183,1.210757,-0.629056
1.91406,1.216311,-0.629933
1.914353,1.218357,-0.632125
1.915814,1.225957,-0.634464
1.916691,1.211634,-0.627448
1.91406,1.216603,-0.625402
1.916983,1.218357,-0.621894
1.916106,1.212803,-0.620871
1.907045,1.218065,-0.619263
1.913183,1.218065,-0.631248
1.914937,1.220696,-0.623794
1.913183,1.211342,-0.623648
1.911137,1.218942,-0.620286
1.915814,1.218942,-0.622333
1.908799,1.219819,-0.62774
1.918153,1.217188,-0.627156
1.916106,1.215434,-0.632271
1.911429,1.219819,-0.627448
1.915522,1.215434,-0.63461
1.915522,1.213973,-0.624963
1.920783,1.216896,-0.633148
1.918737,1.216019,-0.63461
1.915814,1.215726,-0.620579
1.920199,1.213388,-0.622917
1.919906,1.212219,-0.634317
1.913476,1.210465,-0.632417
1.916106,1.209003,-0.62014
1.912891,1.217188,-0.62511
1.909675,1.213096,-0.62394
1.911722,1.214849,-0.62891
1.910553,1.215142,-0.622771
1.915814,1.20988,-0.633879
1.912014,1.215142,-0.628179
1.91406,1.213388,-0.62511
1.911429,1.211634,-0.632856
1.907337,1.211926,-0.626425
1.914645,1.210757,-0.63344
1.912891,1.209588,-0.643087
1.918153,1.212511,-0.63154
1.913183,1.214265,-0.634025
1.919322,1.208711,-0.631248
1.918737,1.216603,-0.62584
1.909675,1.21368,-0.633002
1.917568,1.218065,-0.634464
1.913768,1.219234,-0.62701
1.913183,1.218065,-0.617071
1.913476,1.210757,-0.629494
1.913183,1.212511,-0.628325
1.917568,1.216311,-0.62774
1.91026,1.234727,-0.632271
1.900322,1.250512,-0.634756
1.872844,1.285589,-0.646595
1.864952,1.35019,-0.674364
1.845075,1.401637,-0.702426
1.817889,1.442268,-0.74145
1.798889,1.469746,-0.774773
1.783397,1.489623,-0.799035
1.78252,1.502485,-0.825197
1.772289,1.503362,-0.841421
1.764396,1.500146,-0.864806
1.761181,1.4905,-0.878983
1.77112,1.477054,-0.899006
1.792166,1.445776,-0.898275
1.795674,1.406606,-0.885706
1.816136,1.367729,-0.88556
1.821397,1.345221,-0.856182
1.835428,1.313066,-0.841128
1.843321,1.298158,-0.833236
1.845075,1.286174,-0.836159
1.85209,1.279158,-0.834113
1.861152,1.269804,-0.822859
1.872552,1.257819,-0.818474
1.870506,1.248173,-0.804151
1.866998,1.236773,-0.815989
1.877229,1.234142,-0.786027
1.880444,1.229757,-0.789243
1.883367,1.22508,-0.783835
1.889506,1.224788,-0.788951
1.883952,1.224496,-0.789243
1.880444,1.216896,-0.779743
1.888044,1.22128,-0.769804
1.882491,1.221865,-0.78062
1.89126,1.21748,-0.76922
1.884829,1.213973,-0.775943
1.890968,1.205788,-0.775943
1.886583,1.211926,-0.767758
1.887167,1.211049,-0.776527
1.886583,1.214557,-0.778427
1.887167,1.20228,-0.762643
1.887167,1.212511,-0.781058
1.886291,1.215142,-0.768196
1.883075,1.220403,-0.773312
1.891552,1.213973,-0.772727
1.889798,1.215142,-0.761327
1.894183,1.216311,-0.768489
1.894768,1.214265,-0.770096
1.885706,1.216019,-0.76995
1.886875,1.202865,-0.767758
1.890968,1.204911,-0.75475
1.899445,1.21368,-0.761619
1.895352,1.205203,-0.766004
1.889798,1.210172,-0.770535
1.894475,1.212511,-0.756358
1.891552,1.197018,-0.770681
1.893891,1.20608,-0.761619
1.890091,1.207834,-0.77375
1.888629,1.20608,-0.765127
1.891552,1.213973,-0.770389
1.887752,1.204911,-0.764104
1.895937,1.212803,-0.76425
1.89126,1.211342,-0.758112
1.88746,1.216311,-0.759573
1.885998,1.204619,-0.757527
1.890968,1.214265,-0.756796
1.881906,1.220403,-0.775212
1.877813,1.232388,-0.776527
1.864952,1.259281,-0.82359
1.837767,1.312189,-0.84449
1.818182,1.351944,-0.871675
1.800935,1.407776,-0.882344
1.778135,1.446653,-0.898129
1.772873,1.476761,-0.884244
1.769658,1.502485,-0.885706
1.767612,1.509792,-0.87489
1.773458,1.506577,-0.853113
1.775212,1.508916,-0.828705
1.793628,1.499269,-0.798451
1.808243,1.4753,-0.763519
1.821105,1.448992,-0.730634
1.834844,1.403683,-0.700965
1.859982,1.368606,-0.680795
1.870506,1.338205,-0.665303
1.87869,1.317159,-0.650541
1.881906,1.299035,-0.641625
1.889506,1.287928,-0.646302
1.894768,1.276235,-0.641187
1.893014,1.266296,-0.634171
1.897398,1.249635,-0.633294
1.897398,1.243788,-0.643233
1.90266,1.24145,-0.624233
1.903829,1.239696,-0.629494
1.917276,1.240281,-0.620725
1.919322,1.230634,-0.625694
1.917568,1.226834,-0.621017
1.911722,1.229173,-0.622771
1.916691,1.221573,-0.62891
1.919322,1.221865,-0.631979
1.912014,1.223327,-0.62014
1.922245,1.220696,-0.625548
1.918737,1.216019,-0.620725
1.912599,1.216603,-0.628617
1.914937,1.218357,-0.624963
1.91786,1.214265,-0.640748
1.921368,1.21368,-0.624086
1.91786,1.20608,-0.630079
1.918153,1.211634,-0.624379
1.912891,1.212219,-0.624086
1.916399,1.207542,-0.631979
1.914937,1.211634,-0.623063
1.916983,1.206957,-0.621894
1.911429,1.209296,-0.62774
1.913183,1.214849,-0.629933
1.920783,1.212511,-0.631979
1.921076,1.206957,-0.628617
1.915814,1.210172,-0.631102
1.923707,1.212803,-0.635779
1.915814,1.208711,-0.632125
1.916399,1.211049,-0.637387
1.919322,1.204034,-0.619263
1.909968,1.201111,-0.632417
1.916399,1.205788,-0.617948
1.912014,1.208419,-0.632856
1.904999,1.211926,-0.621602
1.911722,1.204911,-0.622479
1.912891,1.209003,-0.630517
1.913183,1.210172,-0.624086
1.911137,1.211049,-0.629494
1.916106,1.208711,-0.622917
1.912014,1.213973,-0.629787
1.916691,1.206665,-0.628325
1.915522,1.210172,-0.621163
1.913476,1.214849,-0.62891
1.916106,1.207249,-0.633294
1.913768,1.211926,-0.622771
1.916691,1.207834,-0.628033
1.908506,1.211342,-0.626279
1.915814,1.210757,-0.631687
1.922537,1.219526,-0.626279
1.921953,1.209588,-0.634902
1.912891,1.206372,-0.632417
1.915522,1.207834,-0.62774
1.917276,1.213096,-0.631394
1.915522,1.215142,-0.631979
1.912306,1.216019,-0.621602
1.912891,1.20988,-0.611517
1.919322,1.212511,-0.627594
1.911429,1.210172,-0.623648
1.912599,1.213388,-0.624963
1.915522,1.20988,-0.624671
1.912306,1.207542,-0.626425
1.917568,1.207542,-0.623794
1.916399,1.208419,-0.625548
1.92283,1.209588,-0.621602
1.920783,1.20608,-0.63081
1.91786,1.216311,-0.621748
1.921953,1.210757,-0.624963
1.916983,1.213096,-0.632125
1.916983,1.216603,-0.63461
1.916691,1.209003,-0.634171
1.919029,1.213388,-0.628471
1.918737,1.211342,-0.627302
1.919906,1.208711,-0.631394
1.927507,1.211926,-0.637241
1.919906,1.204911,-0.634902
1.919614,1.211049,-0.620286
1.918153,1.215726,-0.619994
1.912014,1.217773,-0.626863
1.919029,1.208126,-0.631833
1.915814,1.208711,-0.623356
1.916399,1.208126,-0.629056
1.915229,1.216603,-0.630664
1.918445,1.214265,-0.63841
1.920491,1.224203,-0.63461
1.922245,1.216603,-0.626279
1.915522,1.211049,-0.635341
1.918153,1.216311,-0.629494
1.915522,1.212511,-0.63154
1.91786,1.208419,-0.634756
1.918445,1.217188,-0.62131
1.914645,1.20988,-0.628033
1.916106,1.213388,-0.631248
1.916691,1.219526,-0.617948
1.91406,1.213388,-0.627302
1.920783,1.212803,-0.631248
1.910553,1.214849,-0.626133
1.916691,1.213973,-0.62394
1.923999,1.20608,-0.630517
1.911429,1.209588,-0.624817
1.913183,1.207249,-0.636802
1.908506,1.208711,-0.627594
1.908214,1.211926,-0.629056
1.907045,1.203742,-0.612394
1.913768,1.211342,-0.623502
1.912306,1.209003,-0.623063
1.912014,1.203449,-0.629202
1.911429,1.21368,-0.630225
1.911429,1.205203,-0.614879
1.912599,1.20608,-0.628617
1.913476,1.209296,-0.630079
1.903829,1.207834,-0.622333
1.916399,1.208711,-0.618094
1.915522,1.204911,-0.624525
1.913768,1.212511,-0.630517
1.913183,1.213388,-0.630225
1.918153,1.21368,-0.631687
1.915229,1.214265,-0.626571
1.919029,1.205788,-0.625987
1.917568,1.20608,-0.633148
1.907045,1.212219,-0.631833
1.906752,1.211926,-0.625402
1.915522,1.204911,-0.620433
1.915229,1.214849,-0.616779
1.909091,1.211634,-0.632271
1.914937,1.203742,-0.61941
1.911137,1.21748,-0.62774
1.909091,1.210465,-0.631394
1.912306,1.215142,-0.626571
1.912891,1.214557,-0.630517
1.915229,1.210757,-0.621748
1.910553,1.215434,-0.628179
1.918445,1.210172,-0.631394
1.916691,1.210172,-0.624817
1.91786,1.211634,-0.624817
1.91786,1.209003,-0.62394
1.913476,1.21865,-0.635048
1.913476,1.209588,-0.62394
1.919029,1.208126,-0.626717
1.91786,1.208126,-0.633879
1.917276,1.209296,-0.624525
1.911429,1.206665,-0.640748
1.923122,1.205495,-0.629933
1.916691,1.215726,-0.623648
1.916983,1.211634,-0.633733
1.91406,1.20608,-0.624086
1.920199,1.213096,-0.635341
1.923414,1.217188,-0.622479
1.916399,1.211049,-0.629056
1.926045,1.207249,-0.624963
1.914353,1.206665,-0.629787
1.910845,1.211049,-0.62394
1.916106,1.206372,-0.627887
1.919029,1.208419,-0.622186
1.918737,1.202865,-0.62511
1.909091,1.203157,-0.622479
1.919029,1.208419,-0.632856
1.913183,1.213096,-0.624233
1.915229,1.210172,-0.626863
1.91786,1.20988,-0.62774
1.915814,1.208419,-0.630079
1.912306,1.20608,-0.632125
1.907922,1.204911,-0.622917
1.911722,1.207249,-0.630079
1.906168,1.198772,-0.627887
1.909091,1.211049,-0.621602
1.914353,1.211342,-0.61824
1.911137,1.212511,-0.625694
1.912306,1.214557,-0.634902
1.912599,1.204619,-0.617071
1.912306,1.208711,-0.629202
1.910845,1.214557,-0.628033
1.913476,1.213096,-0.63081
1.915522,1.205203,-0.62511
1.909968,1.208419,-0.629202
1.912599,1.211926,-0.626133
1.912599,1.212219,-0.620433
1.915814,1.202572,-0.615756
1.913183,1.213388,-0.62891
1.914353,1.211049,-0.628763
1.913476,1.209003,-0.630225
1.910845,1.211342,-0.624963
1.916983,1.211342,-0.628179
1.92546,1.209296,-0.624086
1.915814,1.215726,-0.630664
1.916399,1.20988,-0.627302
1.920199,1.214265,-0.629348
1.907922,1.216311,-0.628471
1.912599,1.211926,-0.664572
1.907629,1.210757,-0.630079
1.914353,1.216603,-0.626133
1.916691,1.21865,-0.636071
1.910553,1.214557,-0.62774
1.917276,1.204911,-0.62511
1.908799,1.208419,-0.628471
1.908214,1.20608,-0.620286
1.919906,1.203742,-0.627156
1.915229,1.214849,-0.630664
1.911137,1.216311,-0.625694
1.911722,1.222742,-0.626425
1.918153,1.206957,-0.628617
1.916983,1.211049,-0.628033
1.916399,1.217773,-0.618679
1.916106,1.216019,-0.632564
1.912891,1.218065,-0.640456
1.92166,1.213388,-0.62511
1.913476,1.218357,-0.627156
1.914937,1.215726,-0.624525
1.912891,1.217188,-0.62321
1.915522,1.212219,-0.625987
1.907922,1.20988,-0.623063
1.914353,1.218942,-0.627887
1.915814,1.214557,-0.623356
1.915229,1.210172,-0.627156
1.919614,1.212511,-0.629494
1.923414,1.210465,-0.627156
1.911722,1.206957,-0.616925
1.919322,1.210172,-0.623794
1.916106,1.209588,-0.629202
1.909091,1.212219,-0.624817
1.91406,1.21368,-0.633879
1.91406,1.216019,-0.62774
1.918153,1.216311,-0.630956
1.915814,1.216603,-0.62774
1.916983,1.214265,-0.618533
1.912599,1.213096,-0.611225
1.913476,1.210172,-0.623502
1.915229,1.20608,-0.623063
1.912306,1.210465,-0.624086
1.913476,1.210757,-0.63271
1.92283,1.215434,-0.623502
1.912306,1.21748,-0.62131
1.909968,1.21368,-0.630956
1.909675,1.209003,-0.623063
1.92166,1.218065,-0.62131
1.91786,1.209003,-0.624525
1.910845,1.202572,-0.628179
1.912014,1.211342,-0.631687
1.912306,1.223619,-0.626863
1.915229,1.204326,-0.626425
1.918445,1.206957,-0.634464
1.913476,1.210465,-0.624233
1.912014,1.207542,-0.62891
1.920491,1.213096,-0.622917
1.907922,1.205788,-0.624379
1.91406,1.206372,-0.625548
1.881029,1.210757,-0.634025
1.91786,1.208126,-0.62584
1.919614,1.203742,-0.624233
1.919906,1.207542,-0.634902
1.914353,1.207542,-0.631394
1.909091,1.198772,-0.621017
1.912306,1.205788,-0.632417
1.914353,1.209003,-0.63461
1.915522,1.212803,-0.62774
1.916983,1.205203,-0.639725
1.912014,1.211049,-0.625694
1.915229,1.209003,-0.625548
1.912306,1.208126,-0.629348
1.915814,1.205203,-0.623794
1.909968,1.205495,-0.634171
1.917568,1.209588,-0.63461
1.90646,1.208126,-0.622771
1.91406,1.210465,-0.624086
1.916691,1.215726,-0.636071
1.907922,1.213096,-0.62394
1.914645,1.209588,-0.626133
1.917568,1.210757,-0.626279
1.916399,1.21748,-0.618971
1.919029,1.21748,-0.629933
1.911137,1.215726,-0.640894
1.926045,1.216896,-0.623356
1.917568,1.218065,-0.625256
1.912599,1.212511,-0.627448
1.921368,1.212219,-0.623648
1.915814,1.208419,-0.617948
1.915814,1.215434,-0.624963
1.911722,1.210465,-0.621456
1.918737,1.213388,-0.621602
1.913768,1.206957,-0.618533
1.912014,1.206665,-0.614294
1.912306,1.208711,-0.627302
1.918153,1.209003,-0.626717
1.912306,1.215434,-0.625694
1.915814,1.207834,-0.624963
1.907629,1.208711,-0.634317
1.915229,1.203157,-0.625987
1.908506,1.207834,-0.622917
1.915814,1.216019,-0.626863
1.905875,1.212219,-0.619556
1.913768,1.212803,-0.63344
1.908506,1.206372,-0.627448
1.908799,1.212803,-0.626571
1.905291,1.21748,-0.636071
1.914645,1.217188,-0.622771
1.913476,1.210757,-0.632856
1.912306,1.210465,-0.62511
1.910845,1.219819,-0.631833
1.908214,1.216019,-0.627887
1.909091,1.210757,-0.617071
1.912014,1.216603,-0.626425
1.912891,1.209003,-0.627594
1.905583,1.211049,-0.627302
1.900906,1.208711,-0.62131
1.912014,1.214557,-0.630371
1.906752,1.21368,-0.61824
1.912306,1.218357,-0.627302
1.909968,1.215726,-0.622333
1.920199,1.216896,-0.635194
1.909091,1.216603,-0.63081
1.908506,1.220403,-0.615463
1.908214,1.21865,-0.625694
1.916691,1.218357,-0.631248
1.919029,1.21368,-0.619117
1.913768,1.220111,-0.620433
1.907045,1.212803,-0.61824
1.91026,1.212511,-0.60684
1.915522,1.210172,-0.62891
1.907337,1.215142,-0.624233
1.906752,1.208126,-0.628763
1.909968,1.211049,-0.617802
1.915229,1.203157,-0.620286
1.915229,1.206665,-0.622333
1.913476,1.215726,-0.61941
1.913183,1.213388,-0.618679
1.911429,1.207542,-0.620433
1.914645,1.212803,-0.633002
1.915522,1.209588,-0.624379
1.911429,1.215142,-0.624525
1.91406,1.211049,-0.620871
1.916691,1.203157,-0.61444
1.91406,1.214265,-0.615025
1.911137,1.211049,-0.615756
1.913183,1.211926,-0.614002
1.915229,1.216019,-0.623794
1.91786,1.205788,-0.621017
1.912891,1.212803,-0.631979
1.919906,1.220988,-0.629056
1.923122,1.213973,-0.627156
1.915229,1.212803,-0.620286
1.919322,1.206957,-0.618825
1.910845,1.212511,-0.621894
1.913183,1.208126,-0.619117
1.919614,1.216896,-0.621894
1.917276,1.215142,-0.622479
1.912891,1.21368,-0.619556
1.915814,1.207542,-0.629933
1.91406,1.208419,-0.625548
1.913183,1.216311,-0.617509
1.913183,1.208711,-0.619702
1.916106,1.210172,-0.626717
1.925753,1.212511,-0.629494
1.922537,1.209588,-0.615609
1.91786,1.21368,-0.628617
1.913768,1.214265,-0.614148
1.910845,1.215142,-0.62584
1.91786,1.215434,-0.612979
1.916691,1.204911,-0.626571
1.916106,1.211342,-0.62014
1.919614,1.212219,-0.628617
1.911722,1.214265,-0.624379
1.918737,1.216019,-0.620286
1.918737,1.215434,-0.629348
1.921368,1.210757,-0.628617
1.914645,1.208126,-0.620579
1.915814,1.210465,-0.624233
1.92283,1.209003,-0.638848
1.914645,1.204911,-0.643233
1.915229,1.204619,-0.623502
1.916983,1.211049,-0.648933
1.904414,1.208419,-0.632125
1.916399,1.205788,-0.62701
1.918445,1.211049,-0.631394
1.919029,1.206372,-0.62584
1.909383,1.206665,-0.626279
1.914353,1.209588,-0.617509
1.915229,1.211634,-0.630371
1.920199,1.215434,-0.623794
1.911429,1.212219,-0.619994
1.910553,1.206372,-0.62774
1.917568,1.213973,-0.635048
1.918445,1.212511,-0.627302
1.912891,1.216896,-0.617363
1.915522,1.205203,-0.630664
1.915229,1.213096,-0.642064
1.915229,1.208711,-0.628033
1.913476,1.209588,-0.623794
1.915229,1.206957,-0.635048
1.917276,1.216019,-0.61824
1.912306,1.216603,-0.624963
1.911137,1.215142,-0.617802
1.913476,1.220111,-0.626425
1.907922,1.209588,-0.627156
1.91786,1.216311,-0.641041
1.912599,1.213973,-0.632564
1.91786,1.21368,-0.62964
1.916106,1.218065,-0.627448
1.916983,1.21748,-0.628033
1.921368,1.219819,-0.627594
1.919906,1.213973,-0.630225
1.916983,1.209296,-0.63154
1.919029,1.215726,-0.625987
1.911137,1.211342,-0.618971
1.912599,1.210172,-0.627156
1.91786,1.210172,-0.629933
1.915814,1.212219,-0.629056
1.911429,1.210465,-0.62891
1.92166,1.214265,-0.62321
1.913183,1.20988,-0.633294
1.914353,1.207249,-0.626571
1.910845,1.209296,-0.630079
1.915522,1.213096,-0.626279
1.915814,1.213973,-0.62774
1.92283,1.212511,-0.62394
1.915522,1.216311,-0.628763
1.921076,1.213096,-0.617656
1.919029,1.211049,-0.626863
1.917568,1.211926,-0.636364
1.920783,1.214849,-0.639287
1.918153,1.216896,-0.630517
1.911429,1.217188,-0.626571
1.918153,1.211634,-0.635341
1.917276,1.213096,-0.63154
1.918153,1.211634,-0.62394
1.91406,1.209588,-0.633148
1.914353,1.206372,-0.622479
1.922245,1.210172,-0.610932
1.913768,1.208419,-0.628179
1.920491,1.211049,-0.63081
1.919906,1.214265,-0.639433
1.911722,1.218357,-0.623502
1.920491,1.212219,-0.629933
1.915229,1.210757,-0.623502
1.918153,1.216311,-0.621456
1.915522,1.212219,-0.619848
1.916983,1.21865,-0.615025
1.913768,1.216019,-0.635925
1.907922,1.22245,-0.62964
1.907337,1.245542,-0.630079
1.892429,1.268635,-0.634317
1.872844,1.320959,-0.658433
1.85209,1.369483,-0.690588
1.828705,1.418591,-0.712657
1.810582,1.45513,-0.758696
1.788951,1.477346,-0.778427
1.787489,1.499269,-0.805466
1.770535,1.5019,-0.825782
1.774335,1.508331,-0.850336
1.764104,1.503069,-0.878544
1.772581,1.486992,-0.878983
1.782812,1.455715,-0.884975
1.784566,1.433791,-0.891698
1.800643,1.395206,-0.887314
1.81292,1.344051,-0.866413
1.826074,1.326513,-0.847705
1.842151,1.30722,-0.84259
1.843613,1.290558,-0.830313
1.845367,1.282666,-0.82622
1.856475,1.273897,-0.825782
1.86349,1.260158,-0.807366
1.870213,1.243496,-0.804735
1.877521,1.239404,-0.794943
1.881614,1.23005,-0.788804
1.882198,1.231219,-0.79392
1.88366,1.229757,-0.783835
1.879567,1.220696,-0.794066
1.885414,1.227711,-0.789828
1.871967,1.220696,-0.782227
1.886583,1.216603,-0.77302
1.884829,1.212511,-0.769804
1.883952,1.214265,-0.770827
1.888629,1.217773,-0.776235
1.884244,1.215726,-0.770535
1.89126,1.210172,-0.76922
1.88746,1.207249,-0.764396
1.884244,1.204326,-0.77492
1.888337,1.212219,-0.76995
1.885121,1.201988,-0.766735
1.893014,1.209003,-0.768635
1.886875,1.211634,-0.767612
1.896814,1.214557,-0.765419
1.888921,1.200234,-0.772873
1.885706,1.208711,-0.767027
1.890675,1.213388,-0.770973
1.888044,1.208126,-0.771266
1.890675,1.207249,-0.760304
1.885998,1.204911,-0.765566
1.883952,1.203157,-0.762935
1.887752,1.213973,-0.77565
1.891845,1.208419,-0.761181
1.894183,1.207542,-0.76045
1.893014,1.208126,-0.761035
1.890968,1.204326,-0.768781
1.882783,1.205788,-0.768927
1.894183,1.204326,-0.768781
1.890968,1.213096,-0.766735
1.888044,1.203449,-0.751535
1.896814,1.213096,-0.757966
1.887167,1.211634,-0.761473
1.890383,1.214557,-0.761912
1.89126,1.213388,-0.76732
1.888337,1.213388,-0.759427
1.891845,1.208711,-0.774773
1.896521,1.204034,-0.769366
1.890091,1.207542,-0.762789
1.889798,1.207834,-0.765712
1.888629,1.20988,-0.756065
1.885706,1.21368,-0.760742
1.884537,1.20988,-0.766589
1.894183,1.207542,-0.757527
1.890675,1.212511,-0.758404
1.889214,1.207249,-0.768343
1.889798,1.214849,-0.752412
1.88746,1.209296,-0.765858
1.883367,1.209296,-0.759866
1.889506,1.207834,-0.766004
1.890675,1.207542,-0.764104
1.887167,1.207249,-0.765419
1.892137,1.206665,-0.769804
1.889506,1.208126,-0.763373
1.892721,1.213388,-0.769512
1.885414,1.211926,-0.76235
1.892137,1.208419,-0.773312
1.890091,1.209588,-0.775358
1.891845,1.216603,-0.759719
1.884537,1.209003,-0.766881
1.884829,1.203449,-0.764981
1.888629,1.203449,-0.771996
1.885121,1.213388,-0.772873
1.881614,1.214557,-0.766735
1.884829,1.204911,-0.762496
1.884829,1.216603,-0.774627
1.87986,1.210465,-0.776089
1.886583,1.205788,-0.767758
1.888629,1.203449,-0.763227
1.890675,1.203449,-0.764396
1.886583,1.207249,-0.762204
1.882198,1.205203,-0.772435
1.884829,1.204619,-0.766589
1.886875,1.209003,-0.761035
1.888337,1.211926,-0.757673
1.877521,1.203157,-0.773458
1.886583,1.208711,-0.764104
1.884244,1.203157,-0.771412
1.887167,1.204911,-0.766589
1.884829,1.20608,-0.766735
1.890091,1.201988,-0.755481
1.887167,1.203742,-0.763666
1.883367,1.207834,-0.773458
1.880444,1.210172,-0.761181
1.884829,1.208711,-0.755481
1.884537,1.203449,-0.756942
1.884829,1.201695,-0.759573
1.889506,1.207542,-0.76805
1.885706,1.212511,-0.760596
1.888629,1.210465,-0.767173
1.89126,1.204326,-0.76995
1.896814,1.209296,-0.772143
1.89126,1.210172,-0.763958
1.893014,1.208711,-0.765273
1.891552,1.206957,-0.775943
1.897983,1.20608,-0.771704
1.896814,1.211049,-0.763227
1.895937,1.209296,-0.761327
1.888921,1.209296,-0.771558
1.890383,1.205788,-0.750365
1.891845,1.204326,-0.759866
1.887167,1.207249,-0.768635
1.885706,1.213388,-0.771412
1.879275,1.225665,-0.786174
1.874598,1.247881,-0.801374
1.853259,1.285297,-0.833528
1.827536,1.339374,-0.872844
1.810582,1.387021,-0.87489
1.790997,1.43116,-0.896814
1.776673,1.463315,-0.88176
1.774627,1.489331,-0.888921
1.770827,1.513592,-0.880006
1.760012,1.513885,-0.853113
1.77112,1.515054,-0.830459
1.778427,1.499562,-0.801082
1.794505,1.481146,-0.771704
1.809997,1.453668,-0.746127
1.817305,1.427653,-0.713973
1.841274,1.391991,-0.690149
1.84069,1.379129,-0.683718
1.848875,1.369775,-0.670126
1.848582,1.360713,-0.668664
1.861444,1.345221,-0.667933
1.860859,1.33002,-0.670126
1.866413,1.325636,-0.661502
1.875183,1.323882,-0.640456
1.872844,1.320374,-0.647179
1.87226,1.313651,-0.646302
1.877521,1.304589,-0.640748
1.87489,1.312482,-0.64601
1.885998,1.300205,-0.640018
1.883075,1.296989,-0.642064
1.877813,1.299912,-0.638117
1.888921,1.29582,-0.643671
1.886291,1.29202,-0.634464
1.884537,1.29202,-0.645864
1.88366,1.283543,-0.639579
1.884829,1.284712,-0.641918
1.880737,1.283543,-0.639141
1.888921,1.287343,-0.64791
1.890968,1.287635,-0.602894
1.885414,1.292312,-0.643233
1.889798,1.287343,-0.635194
1.890383,1.282958,-0.637971
1.894768,1.282081,-0.638117
1.890091,1.281497,-0.641187
1.894183,1.283835,-0.64221
1.898275,1.286466,-0.643233
1.890968,1.28822,-0.63651
1.880152,1.287928,-0.648348
1.885706,1.290266,-0.649518
1.881321,1.282081,-0.635341
1.885706,1.285589,-0.638994
1.896229,1.291435,-0.649225
1.884829,1.288512,-0.634756
1.888629,1.278281,-0.631979
1.893891,1.283835,-0.637094
1.886875,1.277404,-0.631102
1.891845,1.280035,-0.647179
1.885121,1.28062,-0.629348
1.886875,1.279158,-0.633587
1.893306,1.285004,-0.629348
1.889214,1.286758,-0.630371
1.884829,1.285297,-0.629933
1.891552,1.285004,-0.634756
1.890968,1.281789,-0.62774
1.887752,1.27682,-0.636948
1.89126,1.281497,-0.638848
1.887167,1.283251,-0.638556
1.888337,1.284712,-0.633294
1.880737,1.281789,-0.636364
1.885414,1.28442,-0.629202
1.88746,1.281204,-0.638994
1.889506,1.285004,-0.635779
1.884829,1.282666,-0.63271
1.885998,1.275358,-0.630517
1.896229,1.281497,-0.628617
1.890383,1.283835,-0.636364
1.888044,1.280912,-0.599678
1.885706,1.286466,-0.638556
1.88366,1.27945,-0.641625
1.889506,1.282374,-0.633002
1.881614,1.284712,-0.641479
1.890091,1.287051,-0.631979
1.893598,1.285297,-0.634902
1.897983,1.278281,-0.637241
1.889798,1.278574,-0.62204
1.893014,1.282666,-0.63651
1.895352,1.282958,-0.645571
1.888337,1.28822,-0.628033
1.893014,1.287051,-0.639287
1.887752,1.28062,-0.624963
1.89126,1.283543,-0.632564
1.888629,1.280327,-0.636071
1.88366,1.292897,-0.62131
1.890383,1.282666,-0.632417
1.891552,1.289974,-0.638556
1.89506,1.277989,-0.630956
1.888629,1.283543,-0.630956
1.89506,1.284712,-0.627594
1.890383,1.281497,-0.63344
1.894183,1.285004,-0.631687
1.890383,1.287928,-0.634317
1.893306,1.282374,-0.639287
1.89126,1.283543,-0.638556
1.888629,1.285589,-0.633879
1.891845,1.283251,-0.633148
1.884829,1.280912,-0.632564
1.887752,1.289681,-0.639287
1.884829,1.281204,-0.633148
1.890091,1.281204,-0.642356
1.891552,1.286758,-0.640018
1.892721,1.282374,-0.645425
1.892429,1.280912,-0.633879
1.883952,1.28442,-0.631248
1.883075,1.283543,-0.63271
1.881029,1.287343,-0.627594
1.888337,1.281204,-0.637094
1.888044,1.284127,-0.636656
1.88746,1.287928,-0.633148
1.889506,1.28442,-0.624963
1.884829,1.288512,-0.633002
1.88366,1.287343,-0.633733
1.889798,1.282666,-0.643964
1.895937,1.284127,-0.643964
1.891845,1.285589,-0.637387
1.892721,1.287928,-0.622479
1.890091,1.284712,-0.645279
1.882198,1.288512,-0.63841
1.887167,1.283543,-0.649956
1.883952,1.289389,-0.637094
1.887167,1.286466,-0.623648
1.887167,1.287343,-0.639871
1.892721,1.283251,-0.639579
1.886583,1.287051,-0.642064
1.89126,1.283835,-0.637971
1.890675,1.282081,-0.645425
1.891845,1.289681,-0.639579
1.890383,1.287343,-0.636948
1.894475,1.289974,-0.637094
1.891845,1.286466,-0.631248
1.897106,1.286174,-0.638848
1.883952,1.291728,-0.638264
1.892721,1.290266,-0.634756
1.888337,1.294943,-0.638848
1.884829,1.287343,-0.640602
1.894475,1.287928,-0.639141
1.888337,1.287928,-0.639433
1.887167,1.279158,-0.630371
1.892137,1.290558,-0.631687
1.888044,1.287343,-0.635633
1.89126,1.278866,-0.640894
1.882198,1.284127,-0.631248
1.881906,1.280912,-0.637971
1.892721,1.282666,-0.63344
1.887167,1.282666,-0.62204
1.890675,1.285589,-0.627156
1.894768,1.279743,-0.639433
1.886583,1.286174,-0.636217
1.890675,1.285004,-0.640602
1.892721,1.286758,-0.638848
1.885998,1.280035,-0.637971
1.895937,1.282666,-0.631833
1.893598,1.282081,-0.638994
1.886583,1.279158,-0.638848
1.890383,1.285297,-0.630517
1.890675,1.283835,-0.642064
1.881614,1.281789,-0.635925
1.886875,1.278574,-0.63271
1.88746,1.28062,-0.629348
1.881321,1.282081,-0.636802
1.893306,1.285589,-0.635048
1.892721,1.27945,-0.637533
1.894183,1.28442,-0.626717
1.886583,1.289389,-0.637679
1.889506,1.273897,-0.632856
1.894475,1.285297,-0.644548
1.890383,1.283835,-0.634464
1.888044,1.282958,-0.629787
1.893598,1.278281,-0.62511
1.88746,1.283251,-0.636656
1.892137,1.278866,-0.62964
1.893014,1.280035,-0.624086
1.885414,1.275943,-0.630079
1.893891,1.279158,-0.637387
1.895352,1.27682,-0.626425
1.890968,1.284127,-0.624817
1.883952,1.280912,-0.63154
1.890091,1.281789,-0.630517
1.885706,1.281497,-0.632125
1.889506,1.274773,-0.628179
1.887752,1.283543,-0.639579
1.893598,1.286174,-0.634902
1.889506,1.277112,-0.634025
1.894183,1.279743,-0.635925
1.888044,1.278574,-0.629348
1.890968,1.285004,-0.635925
1.889798,1.283251,-0.627448
1.896814,1.282666,-0.625256
1.888044,1.285881,-0.629056
1.894768,1.281204,-0.627887
1.893014,1.281789,-0.63651
1.891552,1.28442,-0.629933
1.892137,1.275066,-0.627448
1.889798,1.284712,-0.625694
1.888629,1.277989,-0.621456
1.87986,1.286758,-0.631394
1.885706,1.285881,-0.617071
1.885414,1.278281,-0.628471
1.897106,1.288512,-0.620579
1.890675,1.28822,-0.625987
1.885414,1.290266,-0.62774
1.894183,1.28822,-0.631248
1.888921,1.281789,-0.631833
1.890968,1.280035,-0.622625
1.895645,1.28442,-0.62964
1.890383,1.284127,-0.635925
1.892429,1.292312,-0.627156
1.892721,1.290851,-0.631833
1.893891,1.286466,-0.642648
1.892137,1.283251,-0.629933
1.893306,1.287343,-0.637387
1.891845,1.286466,-0.629202
1.894183,1.277404,-0.629202
1.880444,1.284712,-0.630371
1.896229,1.285297,-0.631394
1.89126,1.284712,-0.626279
1.887752,1.284712,-0.634464
1.893306,1.280327,-0.62891
1.894475,1.285881,-0.628033
1.889506,1.285881,-0.623063
1.890091,1.286466,-0.627448
1.892721,1.294066,-0.635341
1.887752,1.285004,-0.624233
1.885998,1.287928,-0.628617
1.893891,1.28062,-0.631687
1.888044,1.276527,-0.626571
1.881906,1.283835,-0.624963
1.889798,1.286758,-0.62891
1.890675,1.282081,-0.630956
1.887167,1.278574,-0.631687
1.892721,1.285589,-0.636802
1.888921,1.286758,-0.636364
1.890968,1.280327,-0.643379
1.88366,1.275943,-0.635633
1.887752,1.275066,-0.629202
1.881029,1.28062,-0.641333
1.886583,1.284712,-0.637533
1.88366,1.282666,-0.635487
1.886875,1.281204,-0.631833
1.892721,1.275943,-0.62584
1.895352,1.285297,-0.635633
1.893891,1.283251,-0.63344
1.893014,1.287635,-0.648495
1.893891,1.285004,-0.649372
1.893598,1.281497,-0.630225
1.894183,1.28442,-0.63344
1.887167,1.282958,-0.634464
1.884537,1.284712,-0.635194
1.88746,1.277404,-0.62511
1.891845,1.281497,-0.64221
1.886875,1.285589,-0.636364
1.88366,1.284712,-0.63461
1.884829,1.282666,-0.638848
1.88746,1.287635,-0.641041
1.884244,1.289389,-0.637094
1.89126,1.283835,-0.625987
1.888044,1.284712,-0.636802
1.884537,1.290266,-0.632125
1.887752,1.285004,-0.626425
1.892137,1.283251,-0.628325
1.894768,1.286466,-0.63841
1.889214,1.279158,-0.632417
1.88366,1.288804,-0.638994
1.886583,1.280035,-0.63081
1.892429,1.279743,-0.62584
1.89506,1.288804,-0.633733
1.893598,1.28062,-0.631833
1.884829,1.285297,-0.636071
1.895352,1.288804,-0.635487
1.893891,1.285881,-0.639287
1.894768,1.286174,-0.643964
1.89506,1.277112,-0.63344
1.890675,1.292604,-0.636364
1.892137,1.283251,-0.635194
1.890091,1.280035,-0.631979
1.888044,1.289681,-0.636948
1.881029,1.282081,-0.631394
1.887167,1.28442,-0.639725
1.889798,1.285589,-0.638994
1.881321,1.290851,-0.630079
1.887167,1.280327,-0.635194
1.881614,1.283543,-0.640018
1.884829,1.289097,-0.631394
1.884829,1.280327,-0.62774
1.88746,1.276235,-0.641041
1.883075,1.285589,-0.649225
1.890091,1.288512,-0.638556
1.890383,1.281789,-0.630371
1.88746,1.283251,-0.63461
1.892721,1.281204,-0.643671
1.886875,1.284712,-0.640894
1.88746,1.277989,-0.645279
1.886583,1.284127,-0.626279
1.887752,1.293481,-0.630079
1.879567,1.280912,-0.638994
1.894475,1.288512,-0.638702
1.888337,1.289097,-0.635633
1.895645,1.285297,-0.636217
1.888629,1.284127,-0.624233
1.885121,1.282374,-0.637387
1.890968,1.287343,-0.632271
1.892429,1.286758,-0.633587
1.888921,1.293481,-0.635633
1.886875,1.289681,-0.633294
1.891552,1.294358,-0.632271
1.893891,1.284127,-0.635341
1.892429,1.28062,-0.63271
1.892721,1.287635,-0.62774
1.886291,1.287928,-0.632417
1.885706,1.278574,-0.639725
1.889214,1.291728,-0.640894
1.887752,1.292897,-0.638264
1.885998,1.281497,-0.648202
1.881614,1.286758,-0.637679
1.88366,1.282958,-0.636802
1.887167,1.281204,-0.640456
1.885121,1.284712,-0.634025
1.882491,1.290558,-0.643671
1.890383,1.279158,-0.638117
1.888044,1.280912,-0.635633
1.880737,1.281789,-0.633733
1.885414,1.283251,-0.636948
1.888629,1.279158,-0.637679
1.889798,1.284712,-0.642356
1.883075,1.286466,-0.630664
1.883367,1.282081,-0.636948
1.885998,1.281789,-0.634756
1.889798,1.285004,-0.637533
1.889798,1.281789,-0.633879
1.886583,1.287635,-0.644695
1.889506,1.283543,-0.642648
1.893598,1.282958,-0.63461
1.890675,1.279743,-0.648056
1.888044,1.285297,-0.632856
1.887752,1.286174,-0.634464
1.890675,1.282958,-0.639141
1.888044,1.293189,-0.633587
1.881614,1.286466,-0.639433
1.889798,1.282081,-0.599678
1.884244,1.286466,-0.636656
1.884537,1.282666,-0.643379
1.889798,1.273897,-0.636948
1.881029,1.278574,-0.642502
1.885414,1.282374,-0.636802
1.889506,1.278866,-0.636217
1.890675,1.286174,-0.640748
1.884537,1.283543,-0.638994
1.88366,1.287928,-0.648933
1.884829,1.283835,-0.64031
1.888044,1.28062,-0.644695
1.878983,1.282081,-0.628325
1.89126,1.279158,-0.634171
1.888629,1.286174,-0.629933
1.892429,1.285589,-0.642502
1.889798,1.290266,-0.646156
1.880152,1.275358,-0.635341
1.881321,1.290266,-0.63651
1.883367,1.285004,-0.635779
1.89126,1.285297,-0.629202
1.886583,1.289389,-0.630517
1.884244,1.285881,-0.634756
1.87986,1.28822,-0.632271
1.888921,1.288512,-0.627302
1.890383,1.28822,-0.628763
1.890383,1.277989,-0.634025
1.882198,1.294943,-0.633733
1.889506,1.279743,-0.628763
1.880737,1.282374,-0.635925
1.893891,1.284127,-0.630225
1.893891,1.284127,-0.635341
1.891552,1.289681,-0.641041
1.888629,1.27945,-0.643818
1.887752,1.282958,-0.627302
1.89126,1.28062,-0.644841
1.887752,1.285297,-0.637971
1.890091,1.281789,-0.643233
1.883367,1.282374,-0.639725
1.890675,1.280035,-0.634464
1.890383,1.285297,-0.638117
1.889214,1.283251,-0.639579
1.891845,1.286174,-0.639287
1.895645,1.282374,-0.643525
1.888337,1.278281,-0.640748
1.88366,1.289389,-0.648933
1.886291,1.284712,-0.630371
1.889798,1.282374,-0.641333
1.883075,1.298451,-0.650102
1.874013,1.320959,-0.656387
1.846828,1.364806,-0.678603
1.831336,1.401345,-0.690588
1.819351,1.441099,-0.739842
1.79392,1.477346,-0.769658
1.785443,1.491377,-0.80722
1.770827,1.501608,-0.835428
1.76235,1.510377,-0.858959
1.757966,1.504823,-0.882783
1.769658,1.491084,-0.894621
1.775504,1.456884,-0.908945
1.77872,1.433499,-0.899883
1.799766,1.394914,-0.878252
1.808243,1.354867,-0.857059
1.830751,1.328851,-0.84639
1.836305,1.303712,-0.844636
1.845659,1.300205,-0.828413
1.845075,1.283543,-0.83119
1.849752,1.267466,-0.821982
1.866706,1.256358,-0.809266
1.864952,1.255773,-0.804882
1.869336,1.243496,-0.795528
1.875183,1.238527,-0.785589
1.873721,1.232681,-0.784712
1.873429,1.226542,-0.784858
1.873137,1.228296,-0.788804
1.880152,1.226834,-0.783835
1.885414,1.228004,-0.781789
1.87986,1.228004,-0.781204
1.881614,1.215434,-0.779597
1.88746,1.223619,-0.790266
1.878398,1.220696,-0.769366
1.878983,1.212803,-0.779597
1.881321,1.219234,-0.772289
1.886291,1.211342,-0.771266
1.890675,1.220403,-0.772873
1.890675,1.211049,-0.762204
1.891552,1.21865,-0.777258
1.882198,1.209296,-0.767173
1.892137,1.214557,-0.77302
1.886583,1.208711,-0.774043
1.887752,1.20608,-0.766589
1.890091,1.214557,-0.776673
1.894475,1.20608,-0.772873
1.890091,1.212219,-0.771266
1.889798,1.209296,-0.769804
1.893598,1.210757,-0.77112
1.898275,1.211634,-0.777697
1.88746,1.21368,-0.773604
1.890383,1.21368,-0.774773
1.88746,1.21368,-0.768343
1.885414,1.210757,-0.779743
1.887167,1.216896,-0.781497
1.88366,1.211049,-0.766589
1.885414,1.204619,-0.764835
1.884537,1.199942,-0.764396
1.888337,1.207834,-0.77112
1.885121,1.211049,-0.771996
1.884829,1.209003,-0.768196
1.87986,1.209588,-0.763519
1.889214,1.212511,-0.772873
1.885414,1.210465,-0.773458
1.875767,1.207249,-0.767173
1.884537,1.204911,-0.770681
1.884244,1.20228,-0.761619
1.884537,1.202865,-0.760742
1.89126,1.206372,-0.764543
1.881614,1.212219,-0.762058
1.885414,1.204326,-0.767904
1.894183,1.196726,-0.759573
1.881321,1.208419,-0.768343
1.885414,1.207834,-0.772143
1.890091,1.201988,-0.755481
1.892721,1.205495,-0.762204
1.892721,1.20608,-0.764543
1.890091,1.204911,-0.779012
1.890091,1.21748,-0.751827
1.889214,1.211634,-0.766589
1.885998,1.207542,-0.770973
1.883367,1.210757,-0.765273
1.888337,1.205788,-0.771996
1.890675,1.206372,-0.761912
1.890968,1.207834,-0.774481
1.897983,1.21368,-0.77112
1.881906,1.211634,-0.780474
1.892137,1.205788,-0.760742
1.883952,1.203449,-0.772873
1.886583,1.206665,-0.768343
1.890675,1.20608,-0.771996
1.898275,1.212511,-0.759427
1.877521,1.20228,-0.766589
1.889506,1.209003,-0.770973
1.888921,1.211049,-0.774773
1.880152,1.207542,-0.759135
1.888044,1.206372,-0.776966
1.890091,1.214265,-0.77302
1.89126,1.20988,-0.772289
1.887167,1.211342,-0.778866
1.887167,1.207542,-0.77112
1.884829,1.208419,-0.77375
1.89126,1.207834,-0.772727
1.895937,1.212511,-0.776235
1.888337,1.211342,-0.777258
1.891845,1.207834,-0.766443
1.891845,1.204619,-0.76732
1.886583,1.209296,-0.774043
1.882491,1.213388,-0.767173
1.889506,1.209588,-0.767027
1.888044,1.204619,-0.765419
1.887167,1.208419,-0.762789
1.890091,1.209588,-0.764981
1.889214,1.209003,-0.762496
1.883075,1.210465,-0.77755
1.891845,1.214849,-0.77375
1.887167,1.214557,-0.770535
1.888629,1.206665,-0.763812
1.886291,1.213096,-0.761766
1.892429,1.209003,-0.763666
1.885414,1.208711,-0.76615
1.891552,1.208419,-0.763958
1.893891,1.212803,-0.764981
1.889506,1.205495,-0.768489
1.888044,1.204034,-0.770096
1.889214,1.207542,-0.770243
1.883367,1.208419,-0.76235
1.888921,1.205788,-0.765566
1.896229,1.208711,-0.760889
1.886583,1.212511,-0.765273
1.892429,1.210465,-0.764104
1.886291,1.204619,-0.76615
1.888629,1.211634,-0.762789
1.893014,1.207834,-0.763958
1.89506,1.20608,-0.777404
1.888921,1.205788,-0.764835
1.885998,1.211634,-0.772143
1.88746,1.20988,-0.773166
1.885121,1.21368,-0.768781
1.893306,1.209003,-0.761035
1.897691,1.207542,-0.769804
1.881029,1.201988,-0.766589
1.891552,1.215434,-0.778574
1.895352,1.207834,-0.75665
1.889798,1.201695,-0.766004
1.888629,1.208419,-0.768927
1.892137,1.211342,-0.764689
1.892137,1.203742,-0.762643
1.894768,1.209588,-0.772727
1.898275,1.204326,-0.770096
1.890675,1.206957,-0.765419
1.892137,1.206665,-0.765566
1.888044,1.209588,-0.767173
1.895937,1.211926,-0.777989
1.893014,1.203157,-0.758112
1.895352,1.211926,-0.767173
1.894475,1.210465,-0.765566
1.893306,1.213388,-0.770827
1.893306,1.21368,-0.772289
1.892429,1.21368,-0.760742
1.891552,1.215726,-0.76805
1.894183,1.20988,-0.775943
1.890383,1.216019,-0.759427
1.882783,1.211049,-0.772581
1.888629,1.210757,-0.770535
1.881029,1.208419,-0.770096
1.882198,1.208711,-0.762204
1.892137,1.203449,-0.768635
1.892721,1.210465,-0.774627
1.890968,1.211049,-0.777258
1.897398,1.20988,-0.773312
1.888629,1.207834,-0.777112
1.887752,1.209003,-0.766004
1.893014,1.204911,-0.76425
1.890968,1.211049,-0.77185
1.892429,1.209296,-0.781789
1.893014,1.209588,-0.768927
1.893598,1.205495,-0.770535
1.888337,1.21368,-0.772727
1.888629,1.209588,-0.770681
1.889798,1.210172,-0.763373
1.889214,1.20608,-0.767904
1.890383,1.207834,-0.76615
1.885998,1.20988,-0.76615
1.889214,1.203157,-0.76995
1.888044,1.213388,-0.77302
1.886291,1.209003,-0.772873
1.895352,1.214265,-0.774627
1.88746,1.208711,-0.768196
1.886875,1.206957,-0.776089
1.886583,1.207542,-0.770389
1.890968,1.211926,-0.772873
1.89126,1.206665,-0.764396
1.885706,1.204911,-0.770389
1.888629,1.204034,-0.777697
1.888921,1.204326,-0.763373
1.889214,1.204034,-0.774335
1.888629,1.203157,-0.770535
1.88746,1.211926,-0.764543
1.882491,1.217188,-0.782958
1.865536,1.248173,-0.798743
1.853259,1.283835,-0.835867
1.822859,1.336159,-0.854721
1.808535,1.383221,-0.873137
1.785443,1.432037,-0.890968
1.768196,1.470038,-0.889214
1.769366,1.498685,-0.881467
1.765566,1.510085,-0.86539
1.767904,1.515639,-0.854721
1.767319,1.507454,-0.82549
1.780766,1.501023,-0.791435
1.787197,1.478807,-0.761766
1.807366,1.443145,-0.733996
1.82549,1.422683,-0.720988
1.845367,1.399591,-0.695557
1.847121,1.377667,-0.685618
1.849752,1.372113,-0.681672
1.857644,1.360129,-0.664279
1.859982,1.346975,-0.669541
1.860275,1.345513,-0.667056
1.871675,1.33499,-0.654633
1.869044,1.324759,-0.649079
1.875767,1.320082,-0.643964
1.874306,1.321836,-0.652441
1.87869,1.314528,-0.642356
1.87986,1.31482,-0.655656
1.886291,1.306051,-0.648056
1.885998,1.302251,-0.645864
1.881321,1.302251,-0.642648
1.886583,1.296989,-0.651564
1.890091,1.302251,-0.63651
1.883952,1.294651,-0.637825
1.881906,1.287928,-0.638117
1.890383,1.289097,-0.635925
1.885414,1.287051,-0.628179
1.892429,1.289974,-0.639725
1.884537,1.291435,-0.637679
1.890091,1.284127,-0.64601
1.885121,1.288512,-0.637094
1.885121,1.288804,-0.624525
1.890091,1.291728,-0.633294
1.889214,1.288512,-0.633294
1.887752,1.290558,-0.62701
1.885998,1.293189,-0.63344
1.893014,1.290266,-0.641918
1.889506,1.288512,-0.632564
1.890968,1.282958,-0.630079
1.889506,1.292604,-0.634464
1.89506,1.285297,-0.636656
1.892429,1.285004,-0.635779
1.894475,1.286174,-0.636364
1.884829,1.292604,-0.635487
1.894768,1.287928,-0.631979
1.886875,1.281789,-0.634464
1.892429,1.287635,-0.635925
1.893306,1.282666,-0.626279
1.893306,1.285881,-0.632564
1.888337,1.285004,-0.625402
1.888337,1.280327,-0.633148
1.885706,1.285297,-0.634902
1.885414,1.285589,-0.637241
1.894183,1.286466,-0.62964
1.886875,1.283835,-0.640164
1.890091,1.282958,-0.633002
1.886291,1.284127,-0.625987
1.896229,1.285004,-0.636071
1.892429,1.284127,-0.640018
1.886583,1.281204,-0.643525
1.890091,1.288512,-0.643233
1.881614,1.283835,-0.628617
1.883367,1.285004,-0.643087
1.88746,1.286174,-0.640456
1.887752,1.289974,-0.638556
1.891552,1.282374,-0.645279
1.891552,1.290851,-0.636364
1.893598,1.286174,-0.632271
1.889798,1.290851,-0.63461
1.890675,1.291728,-0.644695
1.890091,1.292312,-0.640602
1.888921,1.285297,-0.639579
1.895352,1.288512,-0.644695
1.885414,1.292604,-0.641625
1.89126,1.278574,-0.636802
1.888921,1.286466,-0.630956
1.889798,1.290266,-0.640894
1.887167,1.284712,-0.647325
1.887752,1.288512,-0.64221
1.883952,1.290266,-0.637241
1.890091,1.286466,-0.63154
1.888337,1.28822,-0.636656
1.888921,1.289974,-0.639141
1.895352,1.282958,-0.641333
1.87986,1.283543,-0.636948
1.884244,1.285589,-0.636071
1.882783,1.287051,-0.634464
1.892137,1.294358,-0.637825
1.890675,1.285881,-0.631833
1.892429,1.28442,-0.631102
1.890675,1.290851,-0.639871
1.883075,1.281497,-0.628179
1.885706,1.287928,-0.641187
1.886291,1.285004,-0.635487
1.88746,1.281497,-0.641771
1.887752,1.282374,-0.645133
1.891845,1.282958,-0.635194
1.886583,1.289974,-0.627156
1.889506,1.289097,-0.63081
1.893014,1.284127,-0.635779
1.892137,1.283543,-0.642648
1.892721,1.278574,-0.637971
1.891552,1.281789,-0.640894
1.897398,1.289097,-0.637094
1.894768,1.287635,-0.638264
1.890383,1.289097,-0.63081
1.89506,1.285297,-0.643964
1.893891,1.283543,-0.637679
1.892721,1.289389,-0.630517
1.890675,1.285589,-0.627594
1.890091,1.29202,-0.640748
1.893306,1.285881,-0.639141
1.887752,1.289389,-0.642794
1.892137,1.294651,-0.642502
1.894768,1.284127,-0.634902
1.890968,1.281204,-0.640894
1.893014,1.285589,-0.631833
1.890968,1.290266,-0.637679
1.891552,1.293189,-0.63841
1.890383,1.29962,-0.640894
1.893891,1.292897,-0.630664
1.888921,1.289681,-0.642941
1.891845,1.288512,-0.639725
1.896229,1.286758,-0.644402
1.890091,1.289974,-0.633148
1.884537,1.287051,-0.638556
1.888629,1.28822,-0.63461
1.892137,1.289389,-0.641041
1.890968,1.289389,-0.643818
1.893891,1.285881,-0.633294
1.890091,1.290851,-0.63081
1.896521,1.292604,-0.628325
1.890091,1.292604,-0.622625
1.889798,1.287051,-0.633002
1.892721,1.290558,-0.63081
1.89126,1.285004,-0.632856
1.894768,1.282374,-0.634464
1.894183,1.281789,-0.631394
1.893891,1.285589,-0.642941
1.897398,1.287343,-0.603186
1.88746,1.287928,-0.642502
1.888337,1.289097,-0.650833
1.896521,1.280912,-0.634902
1.888337,1.282081,-0.63154
1.88746,1.280035,-0.626133
1.889798,1.282666,-0.642648
1.88366,1.28442,-0.643379
1.89126,1.27945,-0.634317
1.885998,1.286466,-0.643379
1.879567,1.288512,-0.644402
1.886291,1.283543,-0.645718
1.890968,1.289681,-0.64031
1.887167,1.283543,-0.63344
1.88746,1.288512,-0.644402
1.891845,1.281497,-0.648056
1.890383,1.282958,-0.640894
1.89126,1.289097,-0.654779
1.892137,1.290851,-0.646448
1.884829,1.285589,-0.638702
1.897106,1.283251,-0.645864
1.884829,1.279158,-0.640894
1.887752,1.28442,-0.637387
1.888629,1.287343,-0.650248
1.890675,1.282666,-0.646595
1.885414,1.275943,-0.640456
1.886291,1.280327,-0.644987
1.882783,1.283835,-0.642356
1.885998,1.283543,-0.645571
1.891845,1.282666,-0.643379
1.891552,1.286758,-0.638556
1.888044,1.283835,-0.630371
1.884244,1.287051,-0.647764
1.886583,1.286466,-0.641041
1.890968,1.285004,-0.652441
1.886291,1.284712,-0.630517
1.89126,1.283543,-0.645279
1.883075,1.283835,-0.635633
1.890675,1.292312,-0.631687
1.892429,1.288512,-0.636071
1.890968,1.281789,-0.642794
1.894183,1.283835,-0.641187
1.887167,1.292604,-0.63081
1.885121,1.288512,-0.639725
1.882783,1.287635,-0.634464
1.881321,1.285297,-0.630225
1.890675,1.284712,-0.640018
1.892721,1.294358,-0.639579
1.888629,1.293774,-0.640748
1.886875,1.287343,-0.640164
1.890091,1.281497,-0.633294
1.883952,1.284712,-0.641333
1.881029,1.287051,-0.640164
1.890091,1.287051,-0.648933
1.890091,1.282958,-0.640602
1.889506,1.282374,-0.636656
1.889506,1.292897,-0.644402
1.886583,1.289681,-0.651125
1.888044,1.280035,-0.641187
1.88366,1.289097,-0.63651
1.883952,1.292604,-0.642064
1.892137,1.277989,-0.632417
1.887752,1.283543,-0.638848
1.890091,1.28442,-0.623356
1.88366,1.283543,-0.641625
1.892429,1.277697,-0.639579
1.888921,1.282374,-0.630225
1.886583,1.283543,-0.629202
1.891845,1.280912,-0.633733
1.890968,1.286758,-0.631979
1.893598,1.288512,-0.631102
1.893891,1.287928,-0.641625
1.895937,1.285589,-0.629056
1.893014,1.28062,-0.63271
1.887752,1.285297,-0.63651
1.892429,1.281789,-0.629202
1.888337,1.285589,-0.631102
1.892137,1.286758,-0.640602
1.895352,1.287343,-0.635487
1.890091,1.282666,-0.638117
1.895645,1.292897,-0.638556
1.889798,1.290851,-0.635341
1.882783,1.285589,-0.624671
1.89126,1.290266,-0.637825
1.891845,1.283543,-0.640456
1.88366,1.277697,-0.634756
1.883075,1.28442,-0.637533
1.88746,1.286174,-0.629348
1.889506,1.287343,-0.636656
1.888921,1.285881,-0.640602
1.884537,1.286758,-0.634756
1.887167,1.27945,-0.629202
1.885414,1.276235,-0.633002
1.894768,1.285589,-0.623502
1.896229,1.286466,-0.64221
1.889506,1.286758,-0.631833
1.88746,1.281789,-0.649664
1.892137,1.288804,-0.630956
1.883367,1.288512,-0.631979
1.883952,1.283543,-0.639871
1.884829,1.27945,-0.624963
1.888921,1.287343,-0.632856
1.88366,1.283543,-0.629787
1.883367,1.285589,-0.625548
1.878398,1.277989,-0.634756
1.884537,1.284127,-0.631102
1.888044,1.284127,-0.635194
1.895645,1.280912,-0.633294
1.892429,1.287343,-0.636656
1.890675,1.289097,-0.628617
1.888044,1.288804,-0.633879
1.885706,1.289389,-0.632125
1.885414,1.280912,-0.636802
1.889798,1.28442,-0.627302
1.883367,1.291728,-0.632564
1.891845,1.28442,-0.626133
1.89126,1.282958,-0.639579
1.888629,1.283543,-0.62891
1.881906,1.28822,-0.629202
1.885414,1.287928,-0.637825
1.890091,1.287928,-0.626425
1.881906,1.287928,-0.638702
1.882783,1.287051,-0.654487
1.890675,1.281789,-0.632564
1.889506,1.287343,-0.638556
1.883075,1.280912,-0.64221
1.885414,1.282081,-0.641187
1.894768,1.290266,-0.644841
1.889506,1.283251,-0.643671
1.886291,1.287635,-0.641771
1.883075,1.287635,-0.637971
1.880444,1.279743,-0.637679
1.879567,1.28062,-0.628179
1.889506,1.285004,-0.637679
1.88746,1.28442,-0.638556
1.893014,1.285004,-0.629933
1.890968,1.285004,-0.632271
1.890091,1.285589,-0.62964
1.88746,1.282958,-0.633879
1.888629,1.287051,-0.634171
1.89126,1.283835,-0.642356
1.884537,1.284712,-0.643379
1.888629,1.279158,-0.650248
1.88366,1.286174,-0.64411
1.885121,1.28442,-0.653464
1.88746,1.286466,-0.641479
1.88366,1.281204,-0.637533
1.883075,1.293189,-0.635925
1.890091,1.285589,-0.630079
1.885414,1.288512,-0.637533
1.888337,1.287051,-0.635341
1.886583,1.282958,-0.641041
1.88746,1.283543,-0.636656
1.882491,1.282081,-0.633294
1.888044,1.286758,-0.639579
1.889506,1.28442,-0.640602
1.879567,1.282666,-0.638702
1.889798,1.285881,-0.631833
1.886291,1.283543,-0.633002
1.892429,1.286174,-0.639433
1.890968,1.282081,-0.629348
1.886291,1.287051,-0.635194
1.88746,1.289097,-0.63461
1.888337,1.289974,-0.632564
1.879567,1.281497,-0.631394
1.888044,1.290558,-0.637825
1.88746,1.280912,-0.644987
1.881906,1.289097,-0.636071
1.887752,1.285004,-0.630079
1.883367,1.289974,-0.634756
1.892137,1.285004,-0.62964
1.884829,1.281789,-0.633879
1.888629,1.287635,-0.640018
1.888629,1.285881,-0.631102
1.881029,1.289974,-0.63154
1.879275,1.285589,-0.638556
1.883075,1.28822,-0.64221
1.889506,1.285881,-0.633294
1.884829,1.28442,-0.639141
1.881906,1.290558,-0.627594
1.885706,1.289974,-0.644987
1.875183,1.303712,-0.637825
1.868752,1.339667,-0.65931
1.839228,1.381467,-0.689857
1.82052,1.420053,-0.723619
1.802982,1.463899,-0.745104
1.77872,1.486992,-0.799912
1.778135,1.509208,-0.827244
1.772581,1.504531,-0.845951
1.765858,1.5019,-0.870067
1.766735,1.488746,-0.87489
1.772873,1.4715,-0.87869
1.784274,1.446945,-0.888191
1.791874,1.40836,-0.876937
1.807951,1.364806,-0.868313
1.823151,1.341128,-0.852382
1.834844,1.312774,-0.844928
1.840105,1.288512,-0.829728
1.846244,1.284712,-0.837182
1.843321,1.27565,-0.821105
1.855598,1.263081,-0.821105
1.864075,1.262204,-0.809412
1.866121,1.253435,-0.795528
1.869336,1.238819,-0.789389
1.875767,1.236188,-0.793481
1.876937,1.230927,-0.788658
1.868752,1.228588,-0.785589
1.87226,1.229465,-0.769804
1.876644,1.22625,-0.783835
1.881614,1.22508,-0.780181
1.876352,1.223619,-0.780766
1.878398,1.217188,-0.776089
1.888629,1.219526,-0.777989
1.884244,1.227711,-0.775504
1.885706,1.217188,-0.76425
1.890091,1.213096,-0.766296
1.889214,1.220988,-0.768196
1.889506,1.214265,-0.765273
1.882783,1.214849,-0.764835
1.886291,1.209588,-0.758404
1.880737,1.214557,-0.770827
1.884829,1.211049,-0.766443
1.890968,1.207834,-0.77112
1.890675,1.218065,-0.759281
1.885998,1.215726,-0.772581
1.892137,1.21748,-0.765858
1.886583,1.213096,-0.768635
1.884829,1.211049,-0.769804
1.888337,1.208419,-0.770243
1.887167,1.209003,-0.769366
1.893306,1.214557,-0.770096
1.890968,1.205203,-0.764689
1.889506,1.210757,-0.774335
1.888921,1.21368,-0.765858
1.883952,1.215434,-0.763373
1.884537,1.204911,-0.773312
1.89126,1.214265,-0.764104
1.885706,1.20988,-0.770681
1.888921,1.206665,-0.770681
1.886583,1.211049,-0.766443
1.887752,1.20988,-0.765127
1.889798,1.210757,-0.761181
1.879275,1.212803,-0.763958
1.884537,1.209296,-0.768781
1.881614,1.201988,-0.769658
1.878983,1.211634,-0.75855
1.887167,1.210757,-0.753435
1.888337,1.211926,-0.762496
1.888337,1.210172,-0.754896
1.882198,1.211342,-0.774481
1.883075,1.208711,-0.76425
1.892429,1.215726,-0.762058
1.888921,1.212219,-0.761327
1.890675,1.216019,-0.777697
1.896814,1.213096,-0.760012
1.887752,1.212219,-0.763519
1.888629,1.210172,-0.771266
1.885998,1.214265,-0.761766
1.889506,1.208711,-0.759573
1.885706,1.215142,-0.771412
1.888629,1.209003,-0.770243
1.887167,1.210172,-0.760012
1.889506,1.208126,-0.762935
1.889798,1.213973,-0.778135
1.889214,1.207834,-0.766443
1.888337,1.208711,-0.76922
1.899737,1.208126,-0.76805
1.898275,1.211634,-0.773604
1.890091,1.20988,-0.774773
1.891552,1.207834,-0.776673
1.881321,1.210172,-0.762643
1.889798,1.206372,-0.770827
1.89126,1.212803,-0.771704
1.886875,1.207834,-0.760012
1.88746,1.208126,-0.767612
1.891845,1.211049,-0.76922
1.887167,1.205203,-0.771558
1.882783,1.209296,-0.764396
1.883952,1.204034,-0.765127
1.890675,1.214265,-0.777258
1.889506,1.207542,-0.774773
1.880444,1.204619,-0.768781
1.89126,1.207542,-0.778574
1.886875,1.20988,-0.772435
1.890091,1.208419,-0.769366
1.884537,1.208711,-0.776527
1.886583,1.208419,-0.770096
1.890091,1.210757,-0.763081
1.890383,1.210757,-0.76922
1.888629,1.214557,-0.76425
1.896229,1.20608,-0.765419
1.889506,1.20608,-0.769804
1.887167,1.206372,-0.765419
1.893306,1.207834,-0.772727
1.885414,1.210465,-0.772143
1.887752,1.204911,-0.77565
1.887752,1.202865,-0.760012
1.893014,1.205203,-0.767466
1.885706,1.203742,-0.781204
1.889506,1.20988,-0.773897
1.888337,1.204326,-0.761327
1.891552,1.204911,-0.780912
1.890383,1.206665,-0.770535
1.889506,1.204326,-0.776089
1.892721,1.20608,-0.766296
1.893014,1.20228,-0.770973
1.889214,1.202572,-0.773897
1.879275,1.208126,-0.765127
1.895645,1.206372,-0.770096
1.890968,1.204326,-0.75665
1.889214,1.202572,-0.766004
1.885998,1.203157,-0.771704
1.898275,1.211049,-0.771996
1.887752,1.210757,-0.768343
1.894183,1.205788,-0.770681
1.894768,1.207249,-0.771704
1.894768,1.21368,-0.77185
1.891845,1.203742,-0.763812
1.896229,1.202865,-0.771996
1.895645,1.202572,-0.768196
1.889798,1.207249,-0.769658
1.88746,1.208126,-0.772143
1.888337,1.203449,-0.778574
1.885998,1.209588,-0.760889
1.886291,1.206372,-0.768635
1.890675,1.201403,-0.767758
1.888044,1.206665,-0.767466
1.892721,1.20608,-0.766881
1.884244,1.206665,-0.761327
1.890091,1.205495,-0.773166
1.901199,1.197603,-0.776089
1.892137,1.208711,-0.767904
1.886291,1.206665,-0.774773
1.891845,1.208419,-0.762935
1.893891,1.20988,-0.77302
1.892721,1.212511,-0.77492
1.889506,1.211634,-0.765273
1.887752,1.204326,-0.768927
1.891845,1.205788,-0.759427
1.884537,1.209296,-0.76995
1.886583,1.212803,-0.773897
1.883952,1.209588,-0.77682
1.885414,1.206957,-0.76805
1.888337,1.211049,-0.767612
1.888921,1.207249,-0.771558
1.886291,1.208711,-0.768635
1.883075,1.207834,-0.76805
1.882198,1.214849,-0.763373
1.888921,1.204034,-0.762643
1.883367,1.203157,-0.766589
1.890091,1.215434,-0.772435
1.888337,1.208419,-0.765273
1.895645,1.20608,-0.77945
1.895645,1.211634,-0.770681
1.887167,1.201988,-0.773604
1.890091,1.209003,-0.77492
1.886875,1.200818,-0.761327
1.892429,1.206665,-0.769658
1.889214,1.202572,-0.773897
1.883367,1.206665,-0.767904
1.886583,1.209296,-0.77185
1.896229,1.203157,-0.761473
1.889506,1.204911,-0.771996
1.893014,1.201988,-0.766296
1.886291,1.204326,-0.76922
1.89126,1.20608,-0.774189
1.890675,1.209296,-0.774773
1.888044,1.20608,-0.770389
1.901199,1.212511,-0.770389
1.897398,1.206372,-0.773166
1.891552,1.20988,-0.774189
1.889798,1.210172,-0.770681
1.891845,1.204911,-0.774335
1.896521,1.215434,-0.780327
1.888629,1.211634,-0.775212
1.893306,1.20608,-0.779012
1.891552,1.204034,-0.780766
1.883367,1.212803,-0.767173
1.890091,1.211926,-0.770827
1.895352,1.207834,-0.774627
1.889506,1.209003,-0.772143
1.888921,1.202865,-0.780035
1.886875,1.205203,-0.778427
1.89126,1.203449,-0.772143
1.894183,1.209003,-0.774043
1.88746,1.209003,-0.780327
1.890968,1.205495,-0.781497
1.893891,1.207249,-0.776381
1.886875,1.206957,-0.779304
1.897398,1.209588,-0.77302
1.895937,1.20608,-0.764396
1.899445,1.213973,-0.776381
1.890091,1.203742,-0.782081
1.885121,1.213096,-0.778281
1.889798,1.215434,-0.769658
1.88746,1.213096,-0.773604
1.888044,1.212219,-0.776381
1.886291,1.212803,-0.76922
1.887752,1.212803,-0.764104
1.889214,1.206957,-0.762643
1.893306,1.203742,-0.768927
1.888629,1.202865,-0.762496
1.89126,1.210172,-0.776381
1.888337,1.20228,-0.772289
1.884829,1.210465,-0.776381
1.888337,1.203157,-0.771266
1.891552,1.203742,-0.769804
1.886583,1.206372,-0.762789
1.889798,1.204034,-0.770681
1.893014,1.203157,-0.764689
1.894768,1.203742,-0.769366
1.890383,1.206665,-0.776966
1.893598,1.204619,-0.777404
1.892721,1.208419,-0.76922
1.886291,1.203157,-0.779304
1.886875,1.204619,-0.777258
1.893014,1.213973,-0.770973
1.893891,1.204326,-0.769658
1.892137,1.205495,-0.776089
1.881906,1.210757,-0.77375
1.889506,1.208126,-0.774481
1.884244,1.215726,-0.772435
1.877813,1.208126,-0.77375
1.887752,1.208711,-0.77185
1.892429,1.208711,-0.772581
1.885998,1.207249,-0.773166
1.882491,1.207542,-0.76805
1.884829,1.201403,-0.76805
1.886291,1.203742,-0.772435
1.888337,1.209003,-0.78135
1.886583,1.204034,-0.770243
1.885998,1.208419,-0.776235
1.882491,1.208711,-0.774189
1.888044,1.205788,-0.764104
1.890091,1.205495,-0.773166
1.893306,1.204911,-0.767904
1.888629,1.203742,-0.773458
1.889214,1.202865,-0.780327
1.890091,1.199649,-0.77185
1.889214,1.204911,-0.771266
1.89126,1.204911,-0.77112
1.885998,1.206372,-0.759427
1.88366,1.200234,-0.766296
1.896521,1.203742,-0.761181
1.888921,1.209588,-0.761035
1.886583,1.201695,-0.76732
1.883367,1.210172,-0.775066
1.884244,1.213973,-0.768781
1.89126,1.205495,-0.766443
1.88746,1.204034,-0.768781
1.885414,1.204911,-0.766296
1.88746,1.208126,-0.766004
1.886875,1.202865,-0.770535
1.885414,1.214849,-0.769366
1.886583,1.20988,-0.771996
1.896521,1.205495,-0.763666
1.887752,1.20228,-0.773604
1.888337,1.204911,-0.766296
1.889506,1.211049,-0.767612
1.885706,1.208419,-0.777112
1.888337,1.201403,-0.762496
1.892721,1.204911,-0.77185
1.89126,1.213096,-0.760304
1.890383,1.211049,-0.771996
1.897106,1.206372,-0.764396
1.89126,1.209588,-0.772435
1.880737,1.212803,-0.76805
1.895352,1.20988,-0.767758
1.892429,1.205203,-0.759135
1.890091,1.207249,-0.763519
1.889214,1.208419,-0.761619
1.895645,1.208711,-0.774189
1.892137,1.212803,-0.758989
1.887167,1.206372,-0.758112
1.899445,1.203742,-0.76922
1.892137,1.209003,-0.766881
1.900322,1.216019,-0.768489
1.890675,1.212511,-0.765566
1.893014,1.210465,-0.770389
1.892429,1.210465,-0.768196
1.895352,1.209588,-0.769658
1.898568,1.210757,-0.764104
1.892721,1.203449,-0.77682
1.894183,1.20608,-0.776527
1.891845,1.218942,-0.76922
1.891552,1.200818,-0.768927
1.894475,1.209296,-0.766443
1.892721,1.199065,-0.768781
1.887167,1.217188,-0.773312
1.890968,1.215434,-0.776235
1.897398,1.211926,-0.76922
1.889506,1.208419,-0.770535
1.891845,1.206372,-0.779743
1.898275,1.214265,-0.770389
1.894768,1.214849,-0.76045
1.896521,1.206957,-0.76732
1.890675,1.210465,-0.777989
1.896814,1.211342,-0.765712
1.894475,1.216019,-0.763227
1.889506,1.214557,-0.770973
1.891845,1.205495,-0.774043
1.888044,1.207834,-0.76615
1.891552,1.214265,-0.765566
1.896521,1.211049,-0.774773
1.895352,1.212511,-0.762204
1.887167,1.204911,-0.777258
1.887167,1.21865,-0.772435
1.886291,1.213388,-0.76995
1.888044,1.208126,-0.763081
1.887752,1.204034,-0.77565
1.889798,1.207542,-0.768781
1.894475,1.207542,-0.770096
1.889798,1.204326,-0.756212
1.887752,1.198772,-0.769658
1.897691,1.206372,-0.76615
1.890383,1.205788,-0.775066
1.890675,1.210465,-0.772581
1.885706,1.203742,-0.759281
1.888629,1.211342,-0.774043
1.893306,1.208419,-0.775358
1.889506,1.210757,-0.769512
1.890675,1.204619,-0.766881
1.890675,1.207249,-0.776089
1.885998,1.207542,-0.769804
1.893306,1.210172,-0.769366
1.889214,1.210757,-0.769658
1.887167,1.203157,-0.761912
1.888044,1.211342,-0.762935
1.89126,1.202865,-0.764543
1.897106,1.211634,-0.773897
1.896521,1.210757,-0.76995
1.888337,1.211634,-0.773458
1.885706,1.203449,-0.772581
1.888921,1.212219,-0.770243
1.888044,1.216603,-0.764689
1.883952,1.210465,-0.768196
1.88746,1.207542,-0.765712
1.883952,1.207249,-0.772289
1.887167,1.204911,-0.775797
1.883367,1.211049,-0.757966
1.889214,1.206957,-0.772143
1.886583,1.214849,-0.766004
1.890091,1.211342,-0.764835
1.896521,1.20608,-0.769804
1.886875,1.215726,-0.763812
1.896229,1.204911,-0.774773
1.89126,1.212511,-0.77302
1.885998,1.210172,-0.772873
1.888629,1.214265,-0.77492
1.893014,1.211634,-0.758258
1.88746,1.205788,-0.769512
1.887167,1.213973,-0.767612
1.886583,1.207834,-0.765127
1.88746,1.211634,-0.770389
1.886875,1.215142,-0.761766
1.885414,1.219819,-0.763227
1.888044,1.212219,-0.771558
1.893306,1.208126,-0.76235
1.882783,1.210172,-0.775797
1.892429,1.212511,-0.774773
1.885706,1.208126,-0.763958
1.890383,1.208126,-0.761035
1.878983,1.206665,-0.767904
1.890091,1.208126,-0.763519
1.881614,1.208711,-0.759427
1.88746,1.213973,-0.758112
1.883952,1.209296,-0.758112
1.886291,1.210465,-0.759573
1.890091,1.208711,-0.769366
1.884244,1.205495,-0.769073
1.889798,1.206372,-0.768781
1.882491,1.203449,-0.769658
1.887752,1.210172,-0.766589
1.88746,1.211634,-0.766004
1.882783,1.206665,-0.763081
1.885414,1.211049,-0.755919
1.882491,1.20988,-0.760158
1.884829,1.211342,-0.765419
1.882783,1.210172,-0.758989
1.89126,1.21368,-0.770243
1.888921,1.208126,-0.764689
1.892137,1.208419,-0.770096
1.888044,1.214265,-0.769804
1.885998,1.20608,-0.770681
1.890968,1.210465,-0.767612
1.889214,1.203157,-0.768781
1.894768,1.20988,-0.764835
1.888629,1.214265,-0.77185
1.894183,1.205788,-0.769073
1.896229,1.205495,-0.776673
1.895352,1.209588,-0.771558
1.883952,1.208419,-0.755919
1.890968,1.209296,-0.77185
1.893598,1.20988,-0.765127
1.886583,1.201988,-0.76045
1.891552,1.210465,-0.766296
1.894475,1.211634,-0.772581
1.890091,1.216311,-0.777404
1.890091,1.208711,-0.770535
1.890383,1.209003,-0.771996
1.88746,1.21368,-0.762204
1.888921,1.211049,-0.769366
1.888044,1.210172,-0.775358
1.890383,1.20608,-0.767758
1.888044,1.211049,-0.766735
1.885414,1.210757,-0.766443
1.886583,1.207834,-0.768489
1.88746,1.211926,-0.766296
1.885121,1.204034,-0.774481
1.890968,1.212511,-0.769804
1.888044,1.204911,-0.780035
1.882491,1.198772,-0.768927
1.887752,1.205203,-0.770389
1.889506,1.211342,-0.765419
1.890968,1.202572,-0.772727
1.886875,1.199942,-0.770243
1.885121,1.213096,-0.776527
1.892721,1.206665,-0.76922
1.886291,1.209003,-0.771412
1.884829,1.206372,-0.783689
1.890091,1.206372,-0.769073
1.886291,1.203449,-0.777258
1.884537,1.202865,-0.776235
1.895352,1.208126,-0.764689
1.886291,1.206957,-0.780327
1.890675,1.207542,-0.765858
1.890675,1.202572,-0.773312
1.892429,1.210172,-0.783689
1.890383,1.205495,-0.76805
1.886583,1.202572,-0.771558
1.893598,1.201988,-0.770973
1.889214,1.206957,-0.763227
1.884244,1.20988,-0.775212
1.895352,1.214265,-0.764543
1.887167,1.203742,-0.768343
1.891552,1.215142,-0.780035
1.894183,1.205788,-0.775943
1.888044,1.212511,-0.773166
1.888337,1.198772,-0.768781
1.888044,1.206665,-0.761912
1.88366,1.208126,-0.773897
1.893598,1.204911,-0.764543
1.897691,1.207249,-0.769658
1.890675,1.210465,-0.776527
1.890383,1.206957,-0.774335
1.892721,1.209003,-0.764396
1.900906,1.209296,-0.772435
1.893014,1.206372,-0.773458
1.893306,1.212219,-0.782374
1.895937,1.216603,-0.768781
1.891845,1.210757,-0.765712
1.894768,1.214849,-0.76922
1.891845,1.211926,-0.772143
1.891845,1.20608,-0.779012
1.894183,1.20228,-0.787343
1.89506,1.213096,-0.776381
1.893598,1.210172,-0.777404
1.897691,1.214557,-0.770243
1.892137,1.211342,-0.762935
1.893014,1.205788,-0.769658
1.890091,1.204034,-0.766735
1.888921,1.212511,-0.770535
1.893014,1.206372,-0.774773
1.890968,1.203742,-0.776089
1.891552,1.207249,-0.77302
1.895937,1.211634,-0.769804
1.894768,1.20608,-0.771996
1.88746,1.209003,-0.767612
1.893306,1.206665,-0.77302
1.891552,1.206665,-0.774043
1.890383,1.21368,-0.76922
1.896229,1.208711,-0.758696
1.889506,1.206665,-0.775797
1.89126,1.208419,-0.769804
1.890383,1.205203,-0.775066
1.897983,1.210757,-0.771412
1.885414,1.206372,-0.772435
1.892137,1.204326,-0.770827
1.887167,1.211634,-0.761035
1.888044,1.211049,-0.770973
1.885121,1.20228,-0.777843
1.885121,1.20608,-0.771266
1.890968,1.210757,-0.780181
1.893306,1.207249,-0.76615
1.888044,1.204911,-0.766735
1.893014,1.208126,-0.768781
1.891552,1.209296,-0.764396
1.889798,1.204034,-0.776527
1.889506,1.206665,-0.767466
1.887752,1.213973,-0.762643
1.890675,1.207542,-0.770681
1.894768,1.204619,-0.764835
1.892429,1.208126,-0.763812
1.889506,1.205788,-0.767758
1.891845,1.209003,-0.767904
1.892429,1.207542,-0.769512
1.894183,1.208126,-0.767027
1.893306,1.207249,-0.767027
1.885998,1.205788,-0.77185
1.894475,1.207834,-0.771704
1.894475,1.204034,-0.762496
1.894768,1.203742,-0.767758
1.893598,1.207249,-0.768927
1.88746,1.209588,-0.773897
1.892721,1.209003,-0.766589
1.890675,1.200234,-0.764543
1.888337,1.214557,-0.767612
1.891845,1.21865,-0.781058
1.869044,1.239988,-0.799766
1.864367,1.277112,-0.82549
1.841567,1.321543,-0.864513
1.817889,1.375329,-0.880152
1.799182,1.423268,-0.892137
1.788951,1.456592,-0.897252
1.77375,1.48553,-0.886875
1.766443,1.498977,-0.880737
1.77492,1.511839,-0.858959
1.768781,1.514177,-0.842444
1.779597,1.5133,-0.816282
1.79392,1.494592,-0.801228
1.811166,1.464776,-0.768927
1.821397,1.434668,-0.733411
1.839813,1.415083,-0.714119
1.840982,1.388191,-0.699503
1.850628,1.380298,-0.684011
1.849752,1.371821,-0.686495
1.859398,1.359544,-0.676118
1.864659,1.352821,-0.663987
1.860859,1.338498,-0.666033
1.871967,1.33382,-0.653172
1.873721,1.319497,-0.656095
1.87489,1.312482,-0.647618
1.877813,1.307805,-0.650541
1.881906,1.305759,-0.645425
1.879567,1.305174,-0.647179
1.887167,1.300205,-0.642794
1.882783,1.294358,-0.650248
1.881321,1.293189,-0.644256
1.881614,1.292312,-0.636802
1.887752,1.282374,-0.642356
1.887752,1.275358,-0.637241
1.889214,1.28442,-0.638264
1.894475,1.289097,-0.639141
1.890091,1.287635,-0.636802
1.893306,1.286466,-0.638848
1.892429,1.287051,-0.643671
1.887167,1.280035,-0.647618
1.893306,1.282958,-0.633002
1.888921,1.277697,-0.64791
1.88746,1.27302,-0.638702
1.882491,1.281204,-0.643818
1.887752,1.289097,-0.649225
1.886875,1.283543,-0.634171
1.886583,1.282666,-0.637094
1.889214,1.285297,-0.641625
1.885998,1.278866,-0.64601
1.884829,1.28442,-0.647033
1.904706,1.288512,-0.640456
1.889798,1.282958,-0.646887
1.891845,1.281497,-0.63841
1.891845,1.277989,-0.635487
1.886875,1.282374,-0.631248
1.888044,1.282374,-0.634025
1.896229,1.285297,-0.637094
1.888044,1.282666,-0.635194
1.895937,1.275066,-0.637971
1.892429,1.280035,-0.636656
1.890383,1.28442,-0.640456
1.894475,1.292604,-0.630079
1.894475,1.283543,-0.640456
1.894768,1.287343,-0.63841
1.894768,1.283251,-0.635633
1.895645,1.290558,-0.639287
1.897106,1.289974,-0.602017
1.886291,1.27682,-0.637387
1.899445,1.28822,-0.644841
1.89126,1.277989,-0.641771
1.896814,1.282958,-0.643525
1.890091,1.280327,-0.642794
1.889798,1.283835,-0.635633
1.884537,1.282958,-0.636802
1.892721,1.277112,-0.64031
1.891845,1.283251,-0.642356
1.896521,1.281497,-0.643087
1.886583,1.280912,-0.639433
1.888337,1.289974,-0.648202
1.892721,1.282081,-0.639725
1.894183,1.287051,-0.632271
1.889798,1.283543,-0.642502
1.896229,1.288512,-0.643525
1.885121,1.287635,-0.634902
1.889506,1.287051,-0.628325
1.889506,1.286174,-0.624671
1.889798,1.282666,-0.636071
1.887752,1.285297,-0.633148
1.89506,1.289974,-0.643525
1.894475,1.287635,-0.638264
1.894183,1.285004,-0.640748
1.89126,1.27945,-0.633002
1.885706,1.282374,-0.63344
1.886875,1.283543,-0.635048
1.895645,1.283251,-0.645133
1.893306,1.282374,-0.640602
1.900029,1.284712,-0.633002
1.891845,1.27945,-0.637241
1.890091,1.281789,-0.652295
1.893891,1.275066,-0.633879
1.894768,1.280035,-0.63651
1.894183,1.285881,-0.641187
1.889506,1.286758,-0.633587
1.895937,1.287635,-0.637387
1.899445,1.286466,-0.634171
1.896814,1.287343,-0.644841
1.895352,1.287051,-0.636071
1.89506,1.278574,-0.63651
1.892137,1.278574,-0.640894
1.884829,1.282081,-0.636802
1.894183,1.285297,-0.630225
1.893891,1.283543,-0.634756
1.888921,1.280912,-0.638994
1.889798,1.285881,-0.64411
1.896229,1.287928,-0.632856
1.890091,1.288512,-0.643379
1.895352,1.287343,-0.63344
1.885121,1.283835,-0.645864
1.890091,1.282958,-0.647033
1.892429,1.27682,-0.643525
1.893891,1.285297,-0.640164
1.894768,1.286758,-0.64031
1.886291,1.290558,-0.644841
1.885121,1.278866,-0.636948
1.88746,1.283835,-0.643233
1.891845,1.284127,-0.640602
1.891552,1.289389,-0.644256
1.893598,1.283835,-0.641187
1.885998,1.28822,-0.639141
1.885121,1.296112,-0.647471
1.884537,1.282374,-0.640164
1.896814,1.286758,-0.648933
1.884829,1.285881,-0.637679
1.888629,1.290266,-0.648202
1.89126,1.287635,-0.638994
1.895352,1.289389,-0.637387
1.896229,1.289974,-0.639141
1.88366,1.278866,-0.636217
1.89506,1.28442,-0.637971
1.889214,1.277112,-0.633733
1.893891,1.288512,-0.646741
1.893306,1.286466,-0.607279
1.884829,1.282666,-0.64601
1.894475,1.285004,-0.64221
1.889214,1.289681,-0.640018
1.893014,1.287343,-0.637241
1.881029,1.280912,-0.63154
1.888337,1.287343,-0.647618
1.883367,1.278574,-0.641187
1.888629,1.283835,-0.643233
1.893014,1.279158,-0.633294
1.888337,1.281497,-0.632417
1.882491,1.28442,-0.638702
1.89126,1.282666,-0.637387
1.890968,1.289389,-0.65361
1.882198,1.289389,-0.637094
1.894183,1.278574,-0.650248
1.88746,1.283251,-0.636656
1.885414,1.283251,-0.64221
1.885706,1.287051,-0.637094
1.891845,1.278866,-0.631394
1.890383,1.284712,-0.642794
1.892721,1.289974,-0.632125
1.882198,1.287928,-0.643233
1.885121,1.286174,-0.638994
1.885998,1.282958,-0.639287
1.88746,1.285004,-0.639141
1.899152,1.281204,-0.641625
1.88746,1.286466,-0.648641
1.889798,1.282666,-0.648495
1.890383,1.286758,-0.645133
1.895352,1.277404,-0.639579
1.885414,1.279743,-0.641187
1.883367,1.282958,-0.640602
1.890091,1.281497,-0.639287
1.888337,1.279743,-0.647033
1.888921,1.281497,-0.641041
1.885121,1.283835,-0.633879
1.88746,1.280035,-0.631102
1.888629,1.278574,-0.642941
1.892137,1.283251,-0.644841
1.88366,1.285004,-0.636948
1.887167,1.286758,-0.64411
1.885998,1.287928,-0.644256
1.884537,1.283835,-0.638117
1.884829,1.27945,-0.643087
1.889506,1.28442,-0.645425
1.893014,1.289389,-0.63461
1.884537,1.287343,-0.638556
1.887167,1.286466,-0.641918
1.896814,1.281789,-0.637241
1.888629,1.286466,-0.639141
1.896521,1.287051,-0.637679
1.890091,1.28062,-0.644256
1.891552,1.276235,-0.646302
1.888044,1.284127,-0.634902
1.886583,1.279158,-0.635633
1.895937,1.287928,-0.638702
1.890675,1.283835,-0.63651
1.889214,1.282666,-0.644548
1.892429,1.284127,-0.646887
1.891845,1.279158,-0.638994
1.889214,1.282958,-0.654049
1.890383,1.289389,-0.646595
1.894183,1.283835,-0.641333
1.892429,1.287635,-0.648348
1.890968,1.287051,-0.641771
1.888629,1.28822,-0.632564
1.883367,1.282666,-0.63271
1.888044,1.281204,-0.644841
1.888337,1.284712,-0.636364
1.890383,1.282374,-0.635633
1.892137,1.285881,-0.633733
1.884829,1.281789,-0.634171
1.889214,1.27682,-0.640748
1.892721,1.283835,-0.646156
1.886583,1.282666,-0.633148
1.88746,1.279158,-0.639725
1.885998,1.287051,-0.633733
1.892137,1.278574,-0.629787
1.889798,1.281204,-0.639141
1.884829,1.285004,-0.636364
1.893891,1.281497,-0.630079
1.888044,1.28442,-0.641479
1.886291,1.280912,-0.632125
1.89126,1.28442,-0.644256
1.893598,1.281204,-0.642648
1.892429,1.281204,-0.637825
1.889506,1.284712,-0.637241
1.88746,1.285589,-0.648787
1.886583,1.281789,-0.646741
1.887167,1.289389,-0.644256
1.89126,1.278866,-0.645279
1.891552,1.282666,-0.642064
1.890968,1.279743,-0.647764
1.892137,1.286758,-0.643087
1.895352,1.280327,-0.632271
1.889798,1.282666,-0.63271
1.88746,1.286466,-0.642356
1.886875,1.282374,-0.629494
1.885998,1.27945,-0.642064
1.887752,1.282958,-0.63081
1.890091,1.283251,-0.630956
1.891845,1.28062,-0.63271
1.893014,1.282666,-0.632856
1.896521,1.293481,-0.638117
1.893891,1.289974,-0.628617
1.889214,1.281789,-0.637094
1.886875,1.287343,-0.640894
1.893306,1.289681,-0.649079
1.895937,1.282374,-0.625548
1.885998,1.291728,-0.632564
1.895645,1.284127,-0.630371
1.890675,1.283835,-0.639725
1.891845,1.281789,-0.647033
1.893306,1.288804,-0.642648
1.895937,1.286174,-0.634902
1.897106,1.281204,-0.637533
1.895352,1.284127,-0.642356
1.896521,1.293481,-0.62584
1.890383,1.283251,-0.636656
1.896229,1.285589,-0.634171
1.890968,1.29202,-0.645571
1.892137,1.282374,-0.644841
1.899445,1.281497,-0.633002
1.897106,1.283251,-0.635779
1.894183,1.283251,-0.640018
1.896521,1.282374,-0.642356
1.893598,1.289097,-0.647179
1.894183,1.284127,-0.648056
1.889214,1.285297,-0.640602
1.893598,1.282958,-0.662964
1.891552,1.27945,-0.635633
1.897398,1.283543,-0.64411
1.895352,1.282958,-0.643525
1.899152,1.280327,-0.633148
1.895645,1.283543,-0.636071
1.893891,1.280912,-0.633294
1.894768,1.283835,-0.632271
1.900906,1.278866,-0.64031
1.890091,1.285004,-0.63154
1.886583,1.285589,-0.637825
1.886583,1.27945,-0.638264
1.891845,1.283835,-0.643525
1.896521,1.290851,-0.641918
1.895645,1.282374,-0.629202
1.890675,1.285004,-0.628763
1.888921,1.281204,-0.640748
1.888629,1.285004,-0.635633
1.894475,1.28062,-0.643525
1.893891,1.277697,-0.63344
1.890968,1.285297,-0.63154
1.894768,1.285881,-0.631833
1.897983,1.274481,-0.630664
1.892137,1.283543,-0.624817
1.891845,1.285589,-0.63344
1.89886,1.286466,-0.636802
1.887752,1.283543,-0.639433
1.900322,1.28062,-0.631248
1.898568,1.274481,-0.630664
1.895937,1.275943,-0.62891
1.890675,1.283251,-0.634464
1.893598,1.282374,-0.621602
1.896229,1.280912,-0.634171
1.889506,1.288804,-0.63461
1.889798,1.281497,-0.625694
1.893014,1.278574,-0.631394
1.89126,1.282666,-0.633148
1.89126,1.282666,-0.632417
1.899737,1.287343,-0.640894
1.89126,1.282081,-0.634025
1.892429,1.285004,-0.637387
1.893891,1.282374,-0.641333
1.891552,1.28442,-0.640456
1.887167,1.290558,-0.635487
1.890675,1.287051,-0.642064
1.890091,1.293189,-0.606986
1.890091,1.287343,-0.642064
1.886291,1.285004,-0.638556
1.893306,1.285004,-0.64411
1.897398,1.289681,-0.643818
1.899737,1.284127,-0.633148
1.890383,1.285589,-0.641333
1.889214,1.292604,-0.634464
1.889506,1.284127,-0.636802
1.889506,1.283251,-0.635194
1.895937,1.285004,-0.634756
1.888921,1.286466,-0.628617
1.892721,1.283251,-0.63081
1.886291,1.283835,-0.632417
1.885121,1.285004,-0.642941
1.885706,1.281789,-0.637971
1.892137,1.286174,-0.635341
1.897691,1.278574,-0.634902
1.888921,1.287928,-0.63461
1.893598,1.282081,-0.636656
1.893891,1.282081,-0.635487
1.900029,1.277989,-0.642941
1.889506,1.283251,-0.632125
1.892429,1.285881,-0.641918
1.897398,1.28062,-0.639141
1.896814,1.283543,-0.633879
1.889506,1.281204,-0.637241
1.892721,1.286466,-0.649664
1.893014,1.287343,-0.634171
1.884244,1.278574,-0.637094
1.894183,1.27945,-0.629933
1.895937,1.287051,-0.64031
1.889506,1.282666,-0.635779
1.894183,1.27682,-0.64031
1.89126,1.277989,-0.645133
1.888921,1.283251,-0.645571
1.890383,1.288512,-0.641918
1.889798,1.282374,-0.633733
1.893598,1.282666,-0.648202
1.887167,1.282958,-0.647471
1.894475,1.283543,-0.643379
1.892429,1.27945,-0.638994
1.884244,1.279743,-0.63271
1.886291,1.290558,-0.636656
1.885414,1.289389,-0.636364
1.892429,1.289097,-0.639579
1.886583,1.285297,-0.63461
1.889506,1.281789,-0.632856
1.888629,1.286758,-0.631687
1.890091,1.282374,-0.63081
1.890675,1.287635,-0.627302
1.882198,1.282958,-0.641918
1.885998,1.283835,-0.645571
1.883367,1.286174,-0.634171
1.888921,1.282666,-0.633733
1.888337,1.282666,-0.629787
1.887752,1.293189,-0.640456
1.891552,1.289097,-0.645718
1.888921,1.286758,-0.636071
1.885998,1.284127,-0.64031
1.89126,1.286174,-0.639433
1.88746,1.282666,-0.643671
1.894183,1.28062,-0.63651
1.89126,1.282958,-0.63271
1.892137,1.283251,-0.640602
1.886583,1.281204,-0.633733
1.883952,1.275943,-0.647618
1.893598,1.284712,-0.638848
1.888044,1.281204,-0.636217
1.891845,1.283835,-0.641918
1.890675,1.278574,-0.635048
1.89506,1.285004,-0.642064
1.890091,1.280327,-0.637825
1.889506,1.282666,-0.63651
1.886583,1.282081,-0.647033
1.892137,1.284712,-0.645864
1.889506,1.277989,-0.646887
1.891845,1.286758,-0.644987
1.891845,1.287928,-0.641479
1.887752,1.280327,-0.63461
1.890383,1.281204,-0.632125
1.897106,1.286466,-0.627887
1.898275,1.281789,-0.63081
1.89506,1.288512,-0.643087
1.894768,1.289681,-0.647033
1.894475,1.28822,-0.636071
1.890675,1.285004,-0.633148
1.892429,1.289681,-0.636071
1.889214,1.289389,-0.643671
1.886875,1.282666,-0.633002
1.887167,1.282666,-0.630371
1.890675,1.280912,-0.637825
1.886875,1.286758,-0.638556
1.89506,1.285004,-0.639433
1.887752,1.291728,-0.634902
1.892137,1.284127,-0.628325
1.885414,1.280327,-0.645425
1.882491,1.287051,-0.636364
1.888044,1.286758,-0.631979
1.891845,1.286174,-0.637533
1.89126,1.289097,-0.643671
1.885998,1.291728,-0.636948
1.888337,1.281497,-0.631979
1.895352,1.286174,-0.627302
1.891845,1.286174,-0.639287
1.899445,1.28822,-0.644841
1.891845,1.283251,-0.647033
1.890091,1.286174,-0.637679
1.892429,1.279743,-0.631248
1.88746,1.283543,-0.639287
1.88746,1.280912,-0.635487
1.882783,1.284712,-0.634171
1.889214,1.286466,-0.63344
1.889214,1.280035,-0.636948
1.891552,1.287635,-0.640018
1.893598,1.282958,-0.630371
1.890675,1.285297,-0.634025
1.883952,1.284712,-0.64601
1.890091,1.280912,-0.640018
1.885998,1.279743,-0.638117
1.889214,1.286466,-0.634171
1.889798,1.278574,-0.646156
1.896814,1.277404,-0.63461
1.891552,1.283543,-0.630956
1.89126,1.277112,-0.636364
1.892137,1.280327,-0.634025
1.890968,1.285881,-0.62891
1.892137,1.281497,-0.637387
1.890675,1.285004,-0.63651
1.892429,1.285004,-0.632271
1.892137,1.28442,-0.639579
1.89126,1.285881,-0.637241
1.886291,1.283251,-0.631394
1.896814,1.278281,-0.641479
1.893598,1.281789,-0.641625
1.882198,1.286758,-0.637387
1.892429,1.287051,-0.631979
1.882198,1.282666,-0.627887
1.892137,1.284127,-0.638994
1.890675,1.27945,-0.63154
1.886583,1.284712,-0.633587
1.887752,1.281497,-0.636364
1.886875,1.285881,-0.641041
1.884244,1.296405,-0.622771
1.886583,1.287051,-0.632125
1.88746,1.286758,-0.641479
1.893306,1.286466,-0.623356
1.892137,1.289681,-0.635779
1.888921,1.282081,-0.63651
1.881906,1.284127,-0.636802
1.889798,1.292897,-0.634902
1.885414,1.283251,-0.628617
1.890968,1.287928,-0.624233
1.894768,1.288804,-0.62321
1.890968,1.288804,-0.641918
1.883075,1.289974,-0.633294
1.88746,1.287051,-0.641041
1.890968,1.28442,-0.638848
1.883952,1.28062,-0.643233
1.884244,1.287343,-0.640894
1.888337,1.294358,-0.643379
1.889798,1.295528,-0.638848
1.89126,1.286758,-0.627887
1.884244,1.282958,-0.632271
1.890383,1.289681,-0.630664
1.888337,1.281789,-0.643379
1.891845,1.288804,-0.632856
1.888337,1.291143,-0.63154
1.883952,1.281204,-0.636071
1.889506,1.283835,-0.641187
1.89126,1.287343,-0.639433
1.887167,1.287635,-0.635487
1.889506,1.288512,-0.600848
1.887167,1.289681,-0.63154
1.890091,1.285004,-0.643671
1.891552,1.286466,-0.634902
1.892429,1.289681,-0.625694
1.892429,1.284127,-0.63461
1.893014,1.285004,-0.629494
1.892137,1.292604,-0.628325
1.889798,1.284712,-0.637094
1.889506,1.282081,-0.631979
1.887752,1.280327,-0.644548
1.894768,1.283251,-0.641918
1.894768,1.28822,-0.644695
1.893598,1.289974,-0.633587
1.889214,1.285297,-0.642502
1.890968,1.286466,-0.635341
1.89886,1.289389,-0.638848
1.890968,1.286174,-0.639579
1.890675,1.290266,-0.645133
1.89886,1.291435,-0.641333
1.901199,1.286174,-0.640748
1.891552,1.282958,-0.635779
1.894768,1.285589,-0.631394
1.897398,1.283543,-0.646887
1.88746,1.288804,-0.652002
1.889798,1.285297,-0.648641
1.892721,1.294943,-0.649664
1.893306,1.288512,-0.643671
1.892429,1.288804,-0.627302
1.885706,1.280035,-0.647033
1.894768,1.293189,-0.634025
1.89126,1.289097,-0.635779
1.89126,1.284127,-0.638264
1.889214,1.290266,-0.632856
1.887752,1.285297,-0.640018
1.894475,1.291143,-0.634756
1.889214,1.283251,-0.63461
1.887752,1.286758,-0.644256
1.886875,1.31102,-0.642502
1.880444,1.325051,-0.653756
1.866121,1.362467,-0.676264
1.843028,1.398714,-0.709734
1.819351,1.449868,-0.761473
1.79772,1.484361,-0.780327
1.777258,1.503069,-0.823151
1.77755,1.514177,-0.845513
1.774043,1.512131,-0.854575
1.768781,1.510085,-0.87869
1.775212,1.477054,-0.887314
1.775504,1.459807,-0.89886
1.787197,1.43613,-0.893452
1.80532,1.395498,-0.875767
1.824028,1.350775,-0.86846
1.837767,1.328851,-0.852382
1.84069,1.312189,-0.842736
1.849459,1.28442,-0.837474
1.854429,1.285297,-0.821982
1.857644,1.270096,-0.814382
1.862906,1.255189,-0.811605
1.871967,1.253142,-0.810436
1.87109,1.24525,-0.791581
1.882198,1.239404,-0.793774
1.883367,1.232388,-0.780474
1.884244,1.227127,-0.794358
1.87869,1.234142,-0.791728
1.885998,1.234434,-0.799328
1.883367,1.224203,-0.784274
1.883952,1.218357,-0.783397
1.881906,1.220696,-0.791289
1.88746,1.222157,-0.779304
1.887752,1.219234,-0.782958
1.89126,1.220988,-0.782227
1.886583,1.218357,-0.781058
1.896814,1.21748,-0.778427
1.890091,1.216603,-0.777112
1.896229,1.219234,-0.777258
1.894475,1.211342,-0.774773
1.88746,1.212511,-0.775358
1.893014,1.21748,-0.778135
1.894475,1.211634,-0.771412
1.891845,1.211634,-0.779304
1.895645,1.210757,-0.759427
1.886875,1.21368,-0.77112
1.890968,1.207542,-0.76805
1.894475,1.206372,-0.775943
1.892137,1.212219,-0.773166
1.892137,1.209296,-0.774773
1.898275,1.20228,-0.778574
1.896229,1.208126,-0.77185
1.893014,1.208711,-0.783104
1.887167,1.217773,-0.768489
1.888629,1.210757,-0.763373
1.894768,1.213388,-0.767904
1.887752,1.216896,-0.77185
1.892429,1.209003,-0.771412
1.895352,1.207249,-0.784274
1.89506,1.207834,-0.775358
1.894183,1.212219,-0.764689
1.893598,1.214849,-0.771558
1.892137,1.206665,-0.767758
1.899737,1.215726,-0.766443
1.896521,1.208711,-0.767466
1.895937,1.215142,-0.76615
1.890675,1.216311,-0.774773
1.893306,1.220403,-0.776966
1.878983,1.243496,-0.800058
1.858229,1.278574,-0.819643
1.839813,1.325636,-0.863198
1.819351,1.376206,-0.882344
1.796551,1.428237,-0.895498
1.779012,1.460099,-0.883806
1.778135,1.487869,-0.891698
1.777258,1.499562,-0.87796
1.774627,1.513592,-0.865536
1.779597,1.518854,-0.847559
1.783689,1.5095,-0.817305
1.800935,1.487577,-0.783543
1.810582,1.467992,-0.76045
1.827243,1.434376,-0.727857
1.847705,1.409822,-0.694388
1.845075,1.387606,-0.691464
1.862029,1.377667,-0.686203
1.851505,1.371821,-0.682841
1.852382,1.355159,-0.664426
1.864075,1.376498,-0.659018
1.869336,1.334405,-0.65931
1.881906,1.325051,-0.658872
1.886583,1.315697,-0.655656
1.877229,1.312482,-0.647618
1.885121,1.310728,-0.647325
1.886583,1.311605,-0.656679
1.884829,1.305174,-0.645571
1.891552,1.304882,-0.649372
1.891552,1.301374,-0.650833
1.886583,1.300205,-0.642941
1.887752,1.296697,-0.644548
1.897106,1.292897,-0.643525
1.896521,1.298158,-0.646448
1.894768,1.291435,-0.65361
1.893891,1.292897,-0.646302
1.888337,1.289097,-0.638848
1.893891,1.294066,-0.638848
1.894768,1.290851,-0.652441
1.888044,1.28822,-0.64601
1.890091,1.28822,-0.643964
1.88746,1.294358,-0.638556
1.899445,1.287051,-0.648202
1.890968,1.281204,-0.643671
1.899737,1.290558,-0.650541
1.892429,1.290851,-0.643525
1.89126,1.295528,-0.645864
1.88746,1.285589,-0.656241
1.889506,1.286466,-0.640602
1.89886,1.287343,-0.63841
1.889214,1.28822,-0.633002
1.893891,1.286466,-0.637971
1.889798,1.292312,-0.634025
1.89886,1.295528,-0.634317
1.893598,1.28822,-0.643087
1.894768,1.29582,-0.641771
1.892721,1.292604,-0.644987
1.892721,1.289974,-0.647618
1.892137,1.290266,-0.636656
1.893014,1.289681,-0.64411
1.899445,1.289974,-0.643087
1.894768,1.290851,-0.640748
1.894183,1.286466,-0.635194
1.886875,1.290851,-0.634317
1.890675,1.291728,-0.643671
1.890675,1.290266,-0.670564
1.898275,1.281789,-0.638117
1.897398,1.287343,-0.632125
1.886875,1.280327,-0.64031
1.889798,1.287051,-0.637533
1.888921,1.282081,-0.629787
1.894768,1.286466,-0.64031
1.893598,1.286758,-0.637533
1.891552,1.295235,-0.638702
1.889506,1.282081,-0.644695
1.887752,1.293774,-0.646741
1.885414,1.27945,-0.647764
1.888921,1.291435,-0.628763
1.885998,1.297282,-0.649518
1.88746,1.282081,-0.647618
1.89126,1.283835,-0.649664
1.893891,1.286466,-0.648495
1.888629,1.285004,-0.643671
1.888629,1.283251,-0.647179
1.889798,1.285881,-0.634902
1.892429,1.285004,-0.645571
1.895352,1.285881,-0.644402
1.890968,1.287343,-0.639287
1.893014,1.285589,-0.639433
1.898275,1.290558,-0.641771
1.892429,1.281497,-0.636802
1.888337,1.289097,-0.631979
1.889506,1.276527,-0.646302
1.889214,1.291728,-0.650248
1.900029,1.278866,-0.628179
1.89126,1.283835,-0.636217
1.88746,1.289097,-0.632271
1.887752,1.293481,-0.642794
1.893598,1.287635,-0.655949
1.890091,1.287928,-0.640018
1.900029,1.292312,-0.637387
1.895645,1.286758,-0.642356
1.897398,1.291143,-0.642941
1.892137,1.287635,-0.631102
1.890968,1.287928,-0.636071
1.892137,1.286466,-0.602748
1.889214,1.287635,-0.641333
1.890383,1.288512,-0.636802
1.888044,1.295235,-0.63461
1.890675,1.289974,-0.643525
1.887752,1.289389,-0.629056
1.885998,1.292604,-0.637679
1.890091,1.281497,-0.640018
1.887167,1.285589,-0.637533
1.897106,1.288804,-0.637971
1.889798,1.286758,-0.638264
1.892429,1.289681,-0.646741
1.891845,1.285589,-0.645571
1.889798,1.291435,-0.639433
1.892429,1.287928,-0.63841
1.884244,1.293189,-0.644841
1.893891,1.282958,-0.651125
1.885121,1.281789,-0.643379
1.896229,1.279158,-0.630517
1.890383,1.28442,-0.645279
1.887752,1.282374,-0.63271
1.890968,1.27945,-0.630371
1.888337,1.283835,-0.639433
1.890968,1.292897,-0.642356
1.892429,1.291435,-0.631102
1.892721,1.289974,-0.636217
1.892137,1.280035,-0.638264
1.885998,1.290558,-0.638848
1.884537,1.297282,-0.644695
1.885121,1.285297,-0.637387
1.893598,1.28822,-0.634464
1.897106,1.285297,-0.638117
1.89886,1.289097,-0.650541
1.889214,1.282374,-0.636948
1.889506,1.28442,-0.648933
1.884537,1.275358,-0.647033
1.885998,1.287343,-0.649372
1.892721,1.294066,-0.63841
1.894475,1.287343,-0.641333
1.886875,1.286174,-0.635194
1.896521,1.282374,-0.62964
1.89506,1.285881,-0.630079
1.892429,1.287051,-0.629056
1.900029,1.289681,-0.635925
1.890675,1.292604,-0.634025
1.895937,1.286466,-0.62891
1.892429,1.285881,-0.640602
1.901491,1.28062,-0.633879
1.889506,1.283543,-0.641918
1.89126,1.283251,-0.647764
1.890383,1.285297,-0.635779
1.889798,1.293189,-0.64031
1.893306,1.287051,-0.645425
1.893598,1.291143,-0.639579
1.885706,1.286466,-0.636948
1.889214,1.286174,-0.63271
1.889506,1.282958,-0.634756
1.889506,1.289974,-0.641041
1.88366,1.289389,-0.643233
1.887752,1.280912,-0.638994
1.888921,1.285297,-0.63461
1.893891,1.289389,-0.648056
1.88746,1.28822,-0.63841
1.895937,1.282081,-0.633294
1.891845,1.281497,-0.635341
1.885998,1.286466,-0.637387
1.888044,1.286174,-0.630956
1.886291,1.285297,-0.639433
1.883367,1.283543,-0.641041
1.882783,1.287928,-0.631687
1.890675,1.276527,-0.634317
1.890091,1.280912,-0.634902
1.894768,1.281789,-0.62964
1.890091,1.285004,-0.644402
1.888044,1.285589,-0.631248
1.888044,1.282666,-0.643087
1.887167,1.283835,-0.639871
1.888337,1.286466,-0.634317
1.885121,1.282081,-0.637971
1.89126,1.284127,-0.640602
1.890675,1.285589,-0.643818
1.885121,1.282081,-0.642648
1.887167,1.282958,-0.63651
1.895645,1.288512,-0.641918
1.899152,1.288512,-0.64981
1.887752,1.287635,-0.647471
1.892429,1.289681,-0.647325
1.885706,1.285004,-0.649225
1.890383,1.284712,-0.651125
1.893598,1.290851,-0.642064
1.890091,1.286174,-0.643671
1.888337,1.295235,-0.647033
1.893306,1.288804,-0.647764
1.895645,1.285881,-0.642648
1.887167,1.284712,-0.635341
1.891845,1.278574,-0.631979
1.894183,1.285881,-0.636071
1.890383,1.283835,-0.635194
1.891552,1.289389,-0.645133
1.894475,1.28062,-0.636217
1.89126,1.286758,-0.637971
1.893306,1.283543,-0.645864
1.888629,1.287343,-0.642941
1.897106,1.291143,-0.639141
1.890091,1.28442,-0.648202
1.891845,1.281789,-0.639141
1.885706,1.292604,-0.649518
1.888629,1.282374,-0.641771
1.893891,1.289681,-0.648056
1.889506,1.282666,-0.641479
1.894475,1.287635,-0.63461
1.899152,1.281789,-0.64221
1.894183,1.290851,-0.643233
1.890091,1.285589,-0.644548
1.890968,1.287928,-0.646156
1.895645,1.290266,-0.643818
1.893306,1.286174,-0.640018
1.893598,1.285297,-0.636656
1.895937,1.289974,-0.639725
1.893598,1.284712,-0.631687
1.897106,1.292604,-0.629348
1.899152,1.294066,-0.642064
1.894475,1.281789,-0.626863
1.897106,1.283543,-0.640018
1.890091,1.286758,-0.628033
1.894768,1.287051,-0.630225
1.896521,1.283251,-0.633294
1.890968,1.284127,-0.635341
1.895645,1.286174,-0.635194
1.890091,1.285589,-0.636364
1.892137,1.279158,-0.640164
1.891552,1.284712,-0.640894
1.897398,1.282081,-0.637679
1.895937,1.294066,-0.647325
1.89506,1.289681,-0.635925
1.897983,1.277404,-0.637241
1.897106,1.281497,-0.629202
1.888629,1.281204,-0.632417
1.894183,1.277404,-0.636656
1.890675,1.288512,-0.641771
1.893891,1.285589,-0.636217
1.894768,1.286466,-0.630225
1.887167,1.283835,-0.631102
1.892721,1.286174,-0.626571
1.897691,1.289974,-0.637533
1.892137,1.277404,-0.638264
1.896229,1.282666,-0.639287
1.890968,1.278574,-0.637241
1.895352,1.27945,-0.630225
1.893014,1.280327,-0.635194
1.88746,1.282081,-0.626571
1.892137,1.284712,-0.64411
1.892721,1.285589,-0.639579
1.898568,1.285297,-0.639141
1.893306,1.284712,-0.638994
1.899152,1.285004,-0.634025
1.891845,1.280035,-0.638702
1.895352,1.282081,-0.602894
1.886875,1.282374,-0.639433
1.893891,1.281789,-0.637971
1.894475,1.283543,-0.64031
1.895645,1.27945,-0.633002
1.886291,1.282374,-0.637094
1.897691,1.285589,-0.634464
1.893014,1.283251,-0.644548
1.896814,1.280912,-0.640748
1.890968,1.285004,-0.646302
1.891845,1.287928,-0.639433
1.895937,1.284127,-0.634317
1.888921,1.285004,-0.638848
1.891552,1.284712,-0.636217
1.894183,1.280035,-0.647325
1.897398,1.283543,-0.638556
1.890091,1.287635,-0.640894
1.893598,1.285004,-0.652879
1.895352,1.284127,-0.641918
1.894475,1.283251,-0.63461
1.897106,1.289097,-0.642064
1.887167,1.286758,-0.633294
1.887167,1.293481,-0.645133
1.894183,1.285589,-0.638702
1.893598,1.279158,-0.641771
1.893014,1.282958,-0.641187
1.896229,1.280327,-0.646887
1.888629,1.282081,-0.640164
1.893598,1.283543,-0.638556
1.89126,1.282374,-0.634317
1.885414,1.285004,-0.632271
1.889506,1.277697,-0.639579
1.889798,1.283543,-0.644841
1.891845,1.282958,-0.638994
1.893014,1.286174,-0.639141
1.890675,1.283251,-0.642502
1.89886,1.287928,-0.63461
1.891845,1.287928,-0.643964
1.891845,1.287635,-0.635487
1.892137,1.285881,-0.643964
1.890675,1.293189,-0.632417
1.890091,1.292604,-0.639725
1.896229,1.282374,-0.599532
1.890091,1.288804,-0.639725
1.890675,1.292604,-0.638848
1.893306,1.286758,-0.639579
1.888044,1.29202,-0.63841
1.889506,1.289681,-0.633294
1.89126,1.292604,-0.640602
1.886875,1.290851,-0.639141
1.882491,1.282666,-0.642648
1.886291,1.291143,-0.641187
1.885121,1.282374,-0.640018
1.891552,1.292604,-0.635633
1.885998,1.286758,-0.647179
1.895352,1.289974,-0.63651
1.890091,1.289681,-0.633879
1.884537,1.285297,-0.636071
1.890383,1.286174,-0.63651
1.890675,1.287343,-0.642502
1.887752,1.291728,-0.637094
1.890383,1.291435,-0.640894
1.891845,1.282666,-0.638117
1.889506,1.282374,-0.636948
1.893891,1.291435,-0.639871
1.887752,1.288512,-0.641918
1.88366,1.29202,-0.637387
1.893014,1.290851,-0.63081
1.885121,1.29202,-0.641918
1.885998,1.288804,-0.63651
1.889798,1.28442,-0.635779
1.889214,1.291728,-0.629056
1.887752,1.290266,-0.62584
1.885414,1.28822,-0.637241
1.890968,1.281497,-0.637679
1.889506,1.285881,-0.628179
1.889506,1.286174,-0.639725
1.880152,1.292604,-0.633002
1.899737,1.290851,-0.638264
1.889798,1.283251,-0.632125
1.892137,1.282958,-0.636656
1.893598,1.286174,-0.635341
1.889506,1.285297,-0.636071
1.890675,1.293481,-0.63154
1.887167,1.291143,-0.622917
1.885998,1.287635,-0.627302
1.888044,1.284712,-0.616048
1.888921,1.286174,-0.63081
1.892429,1.28442,-0.633733
1.889506,1.278574,-0.600409
1.890091,1.288804,-0.627156
1.894768,1.283543,-0.635048
1.89126,1.284127,-0.62964
1.895352,1.278866,-0.634464
1.890968,1.285589,-0.633002
1.886291,1.283543,-0.630664
1.893014,1.284712,-0.637241
1.890091,1.287928,-0.626863
1.888921,1.288512,-0.624086
1.881906,1.291435,-0.631248
1.89126,1.283835,-0.630517
1.892137,1.287928,-0.632125
1.890675,1.284127,-0.643525
1.893014,1.285004,-0.636802
1.890383,1.283251,-0.643818
1.888044,1.29202,-0.630517
1.893014,1.295528,-0.633002
1.88366,1.292604,-0.639871
1.89506,1.287928,-0.629056
1.894768,1.291143,-0.640164
1.882783,1.284127,-0.635925
1.883952,1.28442,-0.635048
1.893306,1.283543,-0.640894
1.89126,1.28822,-0.635487
1.890675,1.287051,-0.632564
1.886291,1.289681,-0.636802
1.893598,1.283543,-0.637971
1.893014,1.287928,-0.631979
1.894475,1.281497,-0.627594
1.885121,1.282958,-0.632564
1.886583,1.283835,-0.639725
1.884829,1.279743,-0.639141
1.893014,1.285004,-0.633879
1.891845,1.277697,-0.630371
1.890091,1.284127,-0.642502
1.889798,1.279743,-0.630956
1.892721,1.279158,-0.625548
1.899445,1.28062,-0.642502
1.897398,1.285589,-0.641187
1.896814,1.285004,-0.628471
1.888337,1.278866,-0.636071
1.889506,1.277697,-0.643964
1.888629,1.277112,-0.631979
1.893598,1.283835,-0.644841
1.890091,1.276235,-0.635925
1.891845,1.277112,-0.635048
1.890968,1.283251,-0.636071
1.890675,1.283835,-0.63154
1.900322,1.282958,-0.623794
1.890968,1.280912,-0.631102
1.897691,1.281789,-0.640894
1.889214,1.280912,-0.638264
1.888921,1.279158,-0.630371
1.895937,1.289097,-0.62511
1.892429,1.283251,-0.636948
1.888921,1.278866,-0.635194
1.888629,1.277989,-0.632564
1.883075,1.284712,-0.640018
1.89126,1.287051,-0.634756
1.884244,1.281789,-0.627594
1.888921,1.281204,-0.640018
1.896229,1.28822,-0.620579
1.88366,1.278281,-0.629348
1.889506,1.278866,-0.635633
1.887752,1.287343,-0.648495
1.888921,1.287635,-0.648056
1.885998,1.282374,-0.626863
1.886583,1.284712,-0.641041
1.880444,1.289974,-0.637094
1.890675,1.283835,-0.639579
1.880737,1.28822,-0.637679
1.890968,1.287635,-0.64221
1.885706,1.285589,-0.634464
1.881906,1.278866,-0.64221
1.891552,1.284712,-0.639433
1.884829,1.281789,-0.64791
1.88746,1.285589,-0.633733
1.886875,1.280327,-0.64221
1.887167,1.281497,-0.642502
1.888921,1.279743,-0.643087
1.888337,1.285004,-0.639287
1.893306,1.277697,-0.647179
1.892429,1.28442,-0.646595
1.893014,1.275358,-0.639725
1.886291,1.282374,-0.641187
1.887167,1.286758,-0.635341
1.887167,1.286174,-0.635048
1.883952,1.281204,-0.630664
1.897398,1.283543,-0.62701
1.887167,1.285004,-0.640018
1.890383,1.290558,-0.638702
1.888629,1.285297,-0.64411
1.890383,1.287928,-0.640894
1.89506,1.282958,-0.634025
1.885121,1.288804,-0.636071
1.888044,1.288512,-0.636071
1.884537,1.287635,-0.639433
1.887167,1.283543,-0.644987
1.890675,1.28822,-0.641041
1.889798,1.278574,-0.637387
1.887752,1.287051,-0.63154
1.892429,1.289974,-0.629494
1.892137,1.283835,-0.639433
1.888921,1.284712,-0.632271
1.890968,1.281789,-0.646302
1.88746,1.283251,-0.635633
1.889798,1.282374,-0.63344
1.883075,1.279743,-0.636217
1.890675,1.292312,-0.645571
1.874306,1.311605,-0.651125
1.866121,1.345221,-0.665741
1.843321,1.395206,-0.690003
1.831044,1.42853,-0.709734
1.798012,1.473253,-0.772435
1.789243,1.500731,-0.798597
1.780474,1.510377,-0.833967
1.775797,1.514762,-0.843467
1.76995,1.504238,-0.862906
1.768489,1.486408,-0.877229
1.775797,1.465653,-0.885121
1.786027,1.440807,-0.888921
1.800351,1.407483,-0.880883
1.82169,1.364806,-0.866706
1.830459,1.333236,-0.861298
1.837182,1.310436,-0.848582
1.838351,1.284712,-0.842444
1.858521,1.28442,-0.815989
1.857644,1.277989,-0.818766
1.869044,1.258112,-0.810289
1.874306,1.251096,-0.79392
1.871383,1.24525,-0.796989
1.87606,1.236773,-0.800497
1.868459,1.235311,-0.798305
1.881614,1.228004,-0.796112
1.877813,1.223034,-0.786904
1.885414,1.226542,-0.790558
1.877813,1.223034,-0.78632
1.884537,1.22625,-0.780035
1.888629,1.216603,-0.790704
1.885998,1.21865,-0.780766
1.88746,1.219234,-0.776673
1.891845,1.213973,-0.768781
1.884829,1.213973,-0.773458
1.885706,1.211342,-0.762058
1.888921,1.207542,-0.767612
1.893891,1.206372,-0.762789
1.893891,1.209003,-0.770973
1.893891,1.20608,-0.758112
1.886291,1.211049,-0.76235
1.889506,1.207249,-0.76995
1.890968,1.202865,-0.764104
1.898275,1.207542,-0.768196
1.89126,1.20608,-0.764104
1.889506,1.208711,-0.764835
1.891552,1.209003,-0.760158
1.883367,1.204911,-0.765273
1.885998,1.210757,-0.76805
1.886875,1.207542,-0.766589
1.884537,1.205788,-0.77375
1.884829,1.212219,-0.772727
1.888921,1.205788,-0.770973
1.890383,1.212511,-0.777989
1.887167,1.206665,-0.763666
1.884829,1.205788,-0.771704
1.888629,1.203742,-0.784274
1.895645,1.196434,-0.768635
1.888921,1.200818,-0.765127
1.89506,1.203157,-0.774773
1.898275,1.204326,-0.777697
1.888921,1.205203,-0.772435
1.890383,1.207249,-0.768781
1.893014,1.201111,-0.772873
1.897983,1.202572,-0.768781
1.892137,1.203449,-0.767173
1.892429,1.19468,-0.77492
1.888337,1.205788,-0.772435
1.897106,1.201111,-0.762496
1.893014,1.203157,-0.774335
1.894475,1.204619,-0.763666
1.895937,1.203157,-0.774481
1.896229,1.204911,-0.772873
1.888921,1.199357,-0.775797
1.890675,1.209296,-0.767612
1.896814,1.20608,-0.761473
1.896229,1.203157,-0.760304
1.883367,1.202865,-0.769512
1.890383,1.204034,-0.771996
1.893598,1.206957,-0.773312
1.892721,1.201695,-0.767027
1.890968,1.207249,-0.779743
1.89886,1.208419,-0.773897
1.890675,1.203449,-0.757673
1.886583,1.211634,-0.766443
1.897106,1.207542,-0.772435
1.894475,1.20608,-0.763373
1.894183,1.203157,-0.776089
1.891845,1.20988,-0.766443
1.889214,1.207834,-0.759281
1.896521,1.214849,-0.768781
1.893891,1.208419,-0.765858
1.889214,1.206665,-0.768781
1.884829,1.195849,-0.760596
1.888337,1.205203,-0.76732
1.894768,1.210172,-0.767173
1.892721,1.209296,-0.766735
1.885121,1.206372,-0.766004
1.891845,1.208126,-0.762935
1.892137,1.203449,-0.770389
1.896521,1.201403,-0.762643
1.893598,1.201695,-0.761766
1.897983,1.206372,-0.764104
1.888337,1.204619,-0.764104
1.883952,1.214265,-0.770096
1.892721,1.209296,-0.766004
1.893891,1.208419,-0.774335
1.896814,1.209003,-0.767612
1.885998,1.20988,-0.76615
1.894768,1.207249,-0.766735
1.890675,1.20608,-0.76732
1.89506,1.209003,-0.76615
1.888337,1.20988,-0.772143
1.894768,1.212511,-0.77682
1.889798,1.205495,-0.772289
1.888629,1.204326,-0.780474
1.89126,1.208126,-0.772435
1.886583,1.203157,-0.782812
1.889506,1.200818,-0.768196
1.888337,1.209296,-0.772435
1.888044,1.208126,-0.770243
1.893306,1.20608,-0.770389
1.890675,1.207542,-0.780327
1.883367,1.208711,-0.777404
1.886291,1.199649,-0.771412
1.894183,1.201988,-0.771996
1.887752,1.204034,-0.761766
1.890091,1.204326,-0.76805
1.888337,1.203449,-0.773312
1.886583,1.209003,-0.768196
1.888044,1.203742,-0.778574
1.882198,1.213388,-0.77565
1.889214,1.218065,-0.783397
1.877229,1.234727,-0.793481
1.857936,1.266589,-0.83119
1.844198,1.319205,-0.853844
1.804151,1.366852,-0.877083
1.831044,1.422391,-0.886583
1.783981,1.459222,-0.900468
1.772289,1.476761,-0.886144
1.765566,1.504823,-0.87299
1.767319,1.511254,-0.862321
1.773166,1.509208,-0.844928
1.779889,1.505116,-0.821836
1.794797,1.484361,-0.788074
1.795966,1.472084,-0.771558
1.808828,1.451915,-0.74905
1.819936,1.438468,-0.737504
1.811166,1.431453,-0.725957
1.819643,1.42853,-0.718796
1.833967,1.413329,-0.716165
1.836597,1.405437,-0.698188
1.840105,1.392283,-0.702134
1.844782,1.389944,-0.696434
1.843613,1.391406,-0.694241
1.84829,1.374452,-0.687811
1.849459,1.378544,-0.689272
1.847998,1.376498,-0.682257
1.855013,1.372698,-0.691026
1.851505,1.37416,-0.685034
1.850044,1.376498,-0.678603
1.854136,1.366852,-0.674072
1.852967,1.367729,-0.67831
1.856182,1.370652,-0.676118
1.853844,1.361882,-0.679772
1.853844,1.360129,-0.678457
1.857059,1.362759,-0.689272
1.852675,1.363929,-0.693072
1.856182,1.35779,-0.68138
1.847413,1.37036,-0.678457
1.855598,1.364221,-0.674803
1.855013,1.352236,-0.685618
1.858229,1.359252,-0.684011
1.853844,1.363052,-0.678018
1.859105,1.354282,-0.674218
1.855598,1.356036,-0.673633
1.854136,1.355159,-0.670564
1.853259,1.358082,-0.680064
1.856182,1.359836,-0.673341
1.848582,1.363636,-0.668079
1.854721,1.358082,-0.671587
1.855305,1.355159,-0.672026
1.852675,1.361882,-0.670856
1.857352,1.359252,-0.681672
1.858521,1.352821,-0.684887
1.851505,1.359544,-0.668956
1.855305,1.356913,-0.67451
1.855305,1.358375,-0.673341
1.857059,1.36159,-0.675095
1.855598,1.36159,-0.682549
1.853844,1.352528,-0.667787
1.856475,1.358959,-0.675972
1.855013,1.359252,-0.67641
1.855013,1.357206,-0.676849
1.857644,1.363344,-0.680941
1.858229,1.36539,-0.676849
1.851213,1.353698,-0.68138
1.853844,1.356913,-0.675387
1.849752,1.362175,-0.680064
1.846536,1.36159,-0.670564
1.85209,1.363052,-0.672318
1.854429,1.356621,-0.66881
1.848582,1.362759,-0.67261
1.855598,1.359252,-0.677433
1.853844,1.352236,-0.67831
1.851213,1.360421,-0.688834
1.859398,1.366852,-0.683426
1.855598,1.360421,-0.67071
1.856767,1.363929,-0.67641
1.852382,1.364806,-0.676995
1.853552,1.362175,-0.679041
1.852382,1.361006,-0.677141
1.865536,1.363636,-0.677726
1.858521,1.363929,-0.710172
1.863783,1.364806,-0.680064
1.859105,1.363929,-0.674072
1.857352,1.36539,-0.686203
1.846536,1.363344,-0.68138
1.85589,1.363929,-0.676264
1.85969,1.358959,-0.680649
1.862613,1.363344,-0.671733
1.856475,1.367144,-0.678603
1.85589,1.365098,-0.67071
1.856182,1.354867,-0.67948
1.854136,1.363052,-0.686349
1.853552,1.360421,-0.683426
1.857352,1.353405,-0.681087
1.857644,1.357206,-0.681526
1.855305,1.361298,-0.679626
1.865829,1.359836,-0.674364
1.848875,1.360713,-0.666472
1.856475,1.35779,-0.669395
1.853844,1.357498,-0.678749
1.866998,1.358667,-0.678603
1.854429,1.359836,-0.679918
1.857936,1.356621,-0.680941
1.862029,1.357498,-0.687664
1.852382,1.358082,-0.676118
1.862613,1.353698,-0.684741
1.865829,1.362175,-0.675972
1.850628,1.352821,-0.668372
1.852675,1.355159,-0.689272
1.857352,1.349605,-0.683864
1.856767,1.362467,-0.675826
1.852382,1.360713,-0.688103
1.85589,1.358082,-0.682257
1.852675,1.363052,-0.680503
1.852967,1.364221,-0.677872
1.864952,1.354575,-0.68138
1.860567,1.364513,-0.679918
1.850044,1.360713,-0.680649
1.848582,1.365683,-0.679041
1.858521,1.363052,-0.680357
1.85589,1.364513,-0.668079
1.86729,1.360713,-0.67758
1.856182,1.368898,-0.682549
1.860275,1.363344,-0.684011
1.860859,1.36539,-0.672903
1.864659,1.359544,-0.682841
1.858229,1.361882,-0.680357
1.850628,1.364806,-0.670126
1.855305,1.368021,-0.672172
1.848582,1.363636,-0.687664
1.86349,1.369775,-0.680649
1.856475,1.359544,-0.679041
1.856182,1.361882,-0.685326
1.853259,1.362175,-0.675533
1.855598,1.356621,-0.686641
1.850628,1.365098,-0.68021
1.857352,1.365098,-0.682549
1.855305,1.365683,-0.677726
1.856767,1.358082,-0.68211
1.857059,1.361882,-0.680503
1.855598,1.362175,-0.682549
1.850044,1.366267,-0.674072
1.853259,1.359836,-0.676557
1.853552,1.358959,-0.678603
1.859105,1.357206,-0.677726
1.85969,1.365098,-0.686349
1.855013,1.360421,-0.685472
1.855305,1.364806,-0.674949
1.861444,1.364806,-0.674072
1.85969,1.362759,-0.669833
1.855013,1.360421,-0.687372
1.856182,1.363929,-0.684741
1.858229,1.370652,-0.681087
1.859982,1.365098,-0.66998
1.852382,1.357206,-0.679334
1.853844,1.365098,-0.675533
1.85969,1.36539,-0.680064
1.854136,1.365098,-0.677726
1.859105,1.364221,-0.687372
1.855013,1.362759,-0.663987
1.852675,1.367436,-0.67758
1.859398,1.360129,-0.67451
1.853844,1.360713,-0.666326
1.854429,1.363052,-0.682841
1.853259,1.358667,-0.683134
1.856475,1.36159,-0.67758
1.851798,1.35779,-0.678164
1.859398,1.362175,-0.671295
1.860567,1.362467,-0.672903
1.855305,1.35779,-0.680795
1.857936,1.363636,-0.678749
1.854721,1.367144,-0.674949
1.856475,1.36159,-0.677872
1.862029,1.353113,-0.672464
1.861736,1.359544,-0.670126
1.860567,1.36159,-0.66881
1.858229,1.36539,-0.659895
1.862613,1.36159,-0.675095
1.859105,1.355744,-0.672756
1.860275,1.365683,-0.67451
1.859398,1.36539,-0.670418
1.852382,1.361006,-0.67071
1.859982,1.359544,-0.678018
1.858521,1.361882,-0.689857
1.859105,1.364513,-0.673633
1.858229,1.363929,-0.676849
1.858229,1.363052,-0.672464
1.855013,1.355452,-0.677433
1.859982,1.354575,-0.679334
1.856475,1.357206,-0.66998
1.85969,1.362467,-0.67451
1.863198,1.361298,-0.679918
1.853552,1.355452,-0.666033
1.858521,1.36539,-0.682549
1.862613,1.364221,-0.67261
1.857352,1.365975,-0.679187
1.866998,1.362175,-0.678018
1.855305,1.361882,-0.671295
1.851798,1.356036,-0.673633
1.855598,1.361882,-0.680357
1.862906,1.361006,-0.681818
1.856767,1.36656,-0.67378
1.856767,1.358375,-0.677141
1.854429,1.356913,-0.677872
1.862613,1.363052,-0.678749
1.854136,1.355744,-0.682549
1.854429,1.358375,-0.680064
1.861152,1.362175,-0.68328
1.858521,1.361882,-0.678457
1.859398,1.361006,-0.674364
1.856767,1.35779,-0.680357
1.857352,1.361298,-0.664864
1.859105,1.359252,-0.676849
1.869921,1.36656,-0.670418
1.862906,1.362759,-0.671003
1.856767,1.35779,-0.673926
1.857936,1.357498,-0.675972
1.857059,1.358375,-0.678603
1.860859,1.355159,-0.668079
1.861444,1.360713,-0.674657
1.858813,1.358375,-0.680795
1.860859,1.358375,-0.675241
1.861152,1.358082,-0.681818
1.85969,1.360129,-0.680649
1.850628,1.361298,-0.674072
1.866121,1.357498,-0.675533
1.861736,1.359836,-0.66881
1.860567,1.361298,-0.682841
1.859105,1.359544,-0.673195
1.862029,1.364806,-0.68708
1.861444,1.363929,-0.673487
1.856182,1.359544,-0.673341
1.857352,1.354575,-0.668664
1.854429,1.360713,-0.678895
1.868459,1.362175,-0.676849
1.855598,1.35779,-0.680795
1.85969,1.36539,-0.666326
1.855305,1.361882,-0.670564
1.859982,1.357206,-0.67261
1.861444,1.360129,-0.674657
1.857936,1.353698,-0.710757
1.866121,1.362175,-0.671441
1.857644,1.356329,-0.680357
1.857352,1.36656,-0.672172
1.858813,1.355452,-0.677433
1.857644,1.360713,-0.669833
1.861152,1.355744,-0.674072
1.855305,1.364221,-0.669395
1.861152,1.362467,-0.668956
1.857644,1.36159,-0.67071
1.855305,1.362467,-0.67641
1.85589,1.366852,-0.667641
1.855598,1.353698,-0.675826
1.864075,1.359252,-0.674657
1.863198,1.36159,-0.671295
1.858229,1.35779,-0.669103
1.854136,1.358667,-0.669687
1.857352,1.356621,-0.676557
1.859105,1.356329,-0.660918
1.858229,1.362175,-0.675972
1.856767,1.360421,-0.669249
1.855305,1.354282,-0.674803
1.861152,1.352528,-0.676849
1.860275,1.350775,-0.670564
1.862906,1.360713,-0.677433
1.853552,1.355744,-0.675533
1.853259,1.361006,-0.680357
1.859398,1.367144,-0.676264
1.86349,1.354867,-0.683864
1.860859,1.361298,-0.689857
1.862321,1.360421,-0.680795
1.864659,1.364221,-0.683426
1.861152,1.363344,-0.680649
1.862321,1.358667,-0.679918
1.860275,1.358667,-0.676118
1.857059,1.362759,-0.666764
1.863198,1.363929,-0.674364
1.858813,1.361298,-0.680941
1.859105,1.354575,-0.681087
1.854429,1.358959,-0.680795
1.858521,1.359836,-0.67948
1.858521,1.354575,-0.676118
1.865536,1.362759,-0.673633
1.859398,1.363052,-0.677872
1.858813,1.361298,-0.674949
1.861736,1.358375,-0.675972
1.860567,1.361298,-0.677726
1.860275,1.363636,-0.670856
1.852675,1.363344,-0.67831
1.862029,1.360129,-0.676849
1.858521,1.35019,-0.66881
1.858229,1.362175,-0.671587
1.862906,1.362175,-0.676557
1.854721,1.35779,-0.672903
1.860275,1.366852,-0.67948
1.851798,1.356621,-0.669833
1.855598,1.361006,-0.667641
1.855598,1.362467,-0.669249
1.858229,1.363636,-0.668079
1.864952,1.369483,-0.668664
1.853552,1.371529,-0.656387
1.860275,1.367144,-0.671295
1.862029,1.365098,-0.666618
1.858521,1.36159,-0.669687
1.852382,1.361006,-0.676118
1.859398,1.361298,-0.671587
1.853552,1.368313,-0.662672
1.854429,1.36159,-0.660041
1.858813,1.363052,-0.663695
1.848582,1.355744,-0.668518
1.857352,1.367436,-0.671441
1.857352,1.365098,-0.660772
1.859982,1.361298,-0.666326
1.848582,1.358959,-0.668664
1.85589,1.361298,-0.683134
1.855598,1.357206,-0.672464
1.857059,1.360421,-0.662818
1.85589,1.363344,-0.672026
1.852967,1.37036,-0.669103
1.860275,1.361882,-0.66501
1.860275,1.371821,-0.666618
1.863198,1.361006,-0.671441
1.860567,1.355159,-0.664279
1.861736,1.360713,-0.672464
1.856182,1.366267,-0.677287
1.85589,1.362759,-0.68021
1.855305,1.359544,-0.66998
1.854721,1.358959,-0.664426
1.858813,1.362759,-0.667349
1.856475,1.365683,-0.682987
1.858813,1.364513,-0.661649
1.857059,1.364513,-0.661795
1.859398,1.356036,-0.679041
1.855305,1.361006,-0.665887
1.864075,1.360421,-0.671295
1.856767,1.36656,-0.672026
1.856182,1.359544,-0.67071
1.864367,1.358375,-0.67831
1.855598,1.362175,-0.676557
1.853844,1.355744,-0.672172
1.857352,1.363052,-0.679041
1.849167,1.362175,-0.67568
1.859398,1.363344,-0.666764
1.860567,1.360713,-0.677726
1.859398,1.367436,-0.665741
1.861444,1.363929,-0.681234
1.861736,1.371529,-0.677872
1.855305,1.367729,-0.67641
1.862029,1.368898,-0.675241
1.856182,1.365683,-0.67451
1.859105,1.368021,-0.674072
1.856182,1.361298,-0.668664
1.856767,1.353113,-0.682403
1.859982,1.358959,-0.672464
1.857059,1.358959,-0.671149
1.85969,1.365975,-0.672172
1.859105,1.362467,-0.664133
1.853259,1.363344,-0.669395
1.860567,1.362467,-0.667641
1.853552,1.36159,-0.677287
1.853259,1.363344,-0.673195
1.857059,1.364513,-0.677141
1.849752,1.358959,-0.675241
1.85589,1.356329,-0.67378
1.853844,1.356913,-0.666764
1.854429,1.365098,-0.674218
1.861444,1.368021,-0.663549
1.857059,1.361298,-0.674949
1.855598,1.361882,-0.666618
1.850921,1.361882,-0.677726
1.858813,1.362759,-0.669833
1.850336,1.361298,-0.659456
1.856475,1.369775,-0.678018
1.862321,1.365683,-0.669103
1.863783,1.363636,-0.671149
1.855305,1.359836,-0.667641
1.853259,1.364513,-0.667787
1.861444,1.363344,-0.670272
1.852675,1.364806,-0.669103
1.851505,1.369483,-0.657849
1.858229,1.359544,-0.676557
1.861736,1.363344,-0.670272
1.858229,1.372113,-0.675826
1.855598,1.362759,-0.673195
1.843905,1.367729,-0.675387
1.855598,1.367729,-0.672464
1.860859,1.369483,-0.673926
1.855013,1.364221,-0.684741
1.859398,1.36159,-0.685911
1.859105,1.360713,-0.676557
1.859398,1.362759,-0.679918
1.861444,1.351652,-0.673926
1.858229,1.359544,-0.675972
1.857644,1.363344,-0.675241
1.847998,1.382637,-0.688395
1.838351,1.405729,-0.70608
1.817305,1.436422,-0.736334
1.790997,1.480269,-0.773458
1.786904,1.493715,-0.800497
1.76615,1.5095,-0.850921
1.776089,1.509208,-0.86846
1.771412,1.491377,-0.887314
1.771996,1.479684,-0.888921
1.778427,1.463022,-0.892721
1.794212,1.430284,-0.889944
1.798305,1.395791,-0.872552
1.823151,1.348728,-0.869775
1.833674,1.32359,-0.84639
1.837182,1.306343,-0.834551
1.848875,1.278574,-0.822128
1.857644,1.277989,-0.825636
1.855598,1.26425,-0.810582
1.866998,1.255481,-0.805466
1.836013,1.244081,-0.795235
1.839521,1.244081,-0.787343
1.884829,1.23765,-0.784566
1.881614,1.234727,-0.778574
1.88366,1.231804,-0.787635
1.884244,1.22625,-0.785004
1.883952,1.22508,-0.787781
1.886583,1.222157,-0.776966
1.889798,1.224788,-0.780035
1.898275,1.224203,-0.770096
1.893598,1.227711,-0.773458
1.888337,1.223034,-0.771412
1.897106,1.216603,-0.772289
1.89506,1.213973,-0.772289
1.897106,1.214557,-0.775504
1.897398,1.216019,-0.764104
1.896229,1.221573,-0.770681
1.89126,1.217188,-0.765566
1.899445,1.207834,-0.773312
1.890383,1.212219,-0.769073
1.890675,1.213973,-0.768781
1.897398,1.216311,-0.768927
1.890383,1.215726,-0.766443
1.893891,1.210172,-0.77375
1.893891,1.21368,-0.769804
1.896229,1.221573,-0.761912
1.899445,1.214557,-0.769804
1.890675,1.216603,-0.755919
1.896229,1.214849,-0.757381
1.902952,1.219526,-0.761619
1.899152,1.212803,-0.761181
1.897983,1.215726,-0.768635
1.888629,1.210172,-0.769804
1.905583,1.212219,-0.764396
1.893598,1.211926,-0.771704
1.894768,1.215142,-0.773166
1.897398,1.20608,-0.775943
1.900614,1.215434,-0.769658
1.889798,1.214849,-0.770096
1.888921,1.212511,-0.765712
1.895645,1.211049,-0.771996
1.897983,1.215726,-0.756065
1.89126,1.207542,-0.763373
1.890383,1.210465,-0.765419
1.894183,1.204619,-0.781497
1.894183,1.206372,-0.761181
1.894183,1.20608,-0.759866
1.892137,1.205788,-0.776966
1.891552,1.206665,-0.770243
1.895937,1.206372,-0.765273
1.896521,1.211342,-0.764104
1.891552,1.212219,-0.770681
1.895352,1.215726,-0.764835
1.891552,1.212511,-0.753727
1.897691,1.217188,-0.770973
1.893306,1.216019,-0.768489
1.890675,1.214265,-0.771996
1.891845,1.219526,-0.763958
1.897983,1.210757,-0.763373
1.895645,1.206665,-0.769512
1.892429,1.213973,-0.769366
1.890675,1.211342,-0.773604
1.892137,1.210172,-0.779012
1.891845,1.215434,-0.767612
1.890383,1.212219,-0.77565
1.897398,1.212511,-0.76922
1.888044,1.208711,-0.766735
1.883367,1.211926,-0.77112
1.891552,1.213973,-0.773312
1.890383,1.205203,-0.763081
1.887167,1.208711,-0.771266
1.893891,1.210757,-0.765419
1.890383,1.210465,-0.780474
1.885414,1.205203,-0.776527
1.897106,1.20608,-0.767612
1.895937,1.206957,-0.77302
1.890968,1.204911,-0.769804
1.89126,1.202865,-0.782666
1.89506,1.209003,-0.771996
1.886583,1.207542,-0.766881
1.897106,1.203157,-0.776527
1.892429,1.214849,-0.776235
1.895937,1.205203,-0.768635
1.893306,1.207249,-0.76995
1.895352,1.205203,-0.764104
1.895645,1.213388,-0.765419
1.892721,1.207834,-0.769512
1.89126,1.20988,-0.769658
1.88746,1.210465,-0.764689
1.897691,1.204326,-0.766443
1.887752,1.205788,-0.776235
1.890091,1.205495,-0.768196
1.895352,1.203157,-0.77945
1.890675,1.207834,-0.772727
1.889798,1.209588,-0.772581
1.893306,1.20988,-0.771266
1.896229,1.205495,-0.781058
1.892721,1.201988,-0.771266
1.898568,1.211342,-0.76995
1.88746,1.211049,-0.775504
1.889214,1.211926,-0.777989
1.896521,1.207542,-0.766004
1.891552,1.217188,-0.767173
1.891552,1.208711,-0.761619
1.897983,1.206665,-0.771996
1.893306,1.205203,-0.769658
1.895937,1.211049,-0.760012
1.901783,1.205788,-0.773458
1.895937,1.209003,-0.771558
1.889506,1.210172,-0.770243
1.890968,1.211049,-0.770827
1.897983,1.207249,-0.776966
1.897691,1.212219,-0.757819
1.893891,1.214265,-0.77112
1.89886,1.208126,-0.775358
1.895937,1.213096,-0.765127
1.889798,1.204034,-0.77565
1.894768,1.209296,-0.763666
1.891845,1.213388,-0.766004
1.889506,1.208126,-0.775212
1.893598,1.211342,-0.758258
1.894768,1.213973,-0.767612
1.888921,1.215142,-0.763812
1.893598,1.212219,-0.765419
1.894183,1.209588,-0.767758
1.899737,1.205495,-0.762789
1.903537,1.211634,-0.779889
1.894183,1.209296,-0.764543
1.896814,1.20608,-0.772873
1.900906,1.210465,-0.765273
1.893598,1.205203,-0.752119
1.892137,1.216896,-0.764396
1.894183,1.20988,-0.764104
1.897983,1.206665,-0.764104
1.895645,1.214265,-0.776966
1.895352,1.214265,-0.772289
1.898568,1.215726,-0.757527
1.889798,1.216019,-0.766443
1.895645,1.211342,-0.759719
1.897691,1.216896,-0.76732
1.89886,1.215726,-0.768489
1.890968,1.211049,-0.763519
1.890383,1.215434,-0.767758
1.892721,1.213973,-0.769658
1.89126,1.213096,-0.75285
1.891552,1.21368,-0.762058
1.897691,1.21368,-0.755481
1.891552,1.210465,-0.773604
1.892429,1.216311,-0.770973
1.899737,1.218357,-0.763519
1.89886,1.210757,-0.768927
1.894183,1.213096,-0.763958
1.890383,1.211342,-0.765419
1.897398,1.213096,-0.767027
1.894183,1.208419,-0.760742
1.898275,1.218942,-0.75285
1.899152,1.220403,-0.767612
1.892429,1.216311,-0.768343
1.891845,1.214557,-0.762935
1.89886,1.20988,-0.764689
1.891845,1.220111,-0.765273
1.888629,1.20988,-0.76995
1.895352,1.215142,-0.770096
1.892721,1.216896,-0.772873
1.890675,1.209296,-0.75285
1.886583,1.212219,-0.769512
1.885998,1.215726,-0.771996
1.891552,1.210172,-0.766589
1.883367,1.211342,-0.759281
1.889506,1.215726,-0.75855
1.890091,1.218357,-0.785151
1.885706,1.213973,-0.751535
1.890383,1.212219,-0.767027
1.889214,1.208711,-0.777112
1.896521,1.213388,-0.763958
1.890968,1.211926,-0.773166
1.893014,1.216019,-0.761619
1.896521,1.21368,-0.762204
1.888629,1.229757,-0.760304
1.876644,1.239404,-0.801959
1.859105,1.270973,-0.820959
1.838936,1.313359,-0.84829
1.813797,1.372406,-0.869044
1.80152,1.425022,-0.892721
1.779597,1.456007,-0.897983
1.770827,1.487577,-0.881029
1.774335,1.509792,-0.88366
1.777843,1.514762,-0.858375
1.780474,1.51447,-0.838059
1.782812,1.515346,-0.810728
1.791874,1.498977,-0.796551
1.798597,1.477638,-0.777843
1.811751,1.458638,-0.749635
1.814089,1.447822,-0.748027
1.817597,1.444607,-0.732534
1.823736,1.437299,-0.726834
1.829582,1.42473,-0.717334
1.833674,1.41216,-0.720842
1.838936,1.405145,-0.695411
1.842151,1.40456,-0.703303
1.844198,1.389652,-0.688688
1.849459,1.392868,-0.692926
1.852967,1.38556,-0.679918
1.847705,1.383806,-0.687226
1.850044,1.38439,-0.681964
1.852675,1.379421,-0.686934
1.857644,1.372113,-0.684887
1.853259,1.38059,-0.677726
1.849167,1.368313,-0.672756
1.852675,1.367144,-0.683426
1.853552,1.366852,-0.667933
1.854136,1.371821,-0.669249
1.851798,1.36919,-0.671295
1.846244,1.371529,-0.678018
1.856475,1.368606,-0.675533
1.860275,1.366267,-0.673926
1.857936,1.361006,-0.682257
1.857644,1.363929,-0.672318
1.851798,1.362467,-0.678749
1.858813,1.36159,-0.669687
1.857644,1.361882,-0.681818
1.857352,1.365975,-0.665449
1.84449,1.358959,-0.679041
1.854429,1.359252,-0.675533
1.855013,1.361882,-0.677141
1.854429,1.358082,-0.670126
1.862321,1.358667,-0.67261
1.85589,1.363929,-0.678018
1.855598,1.356621,-0.672318
1.850921,1.356621,-0.67948
1.862029,1.360129,-0.667495
1.849167,1.358082,-0.680649
1.855598,1.357498,-0.682841
1.858813,1.358375,-0.669249
1.855598,1.357498,-0.676849
1.852967,1.361006,-0.670272
1.856767,1.364513,-0.673341
1.85589,1.363052,-0.675241
1.858229,1.363052,-0.671149
1.854721,1.368021,-0.664426
1.862321,1.362467,-0.675095
1.862029,1.367144,-0.670564
1.852967,1.361006,-0.682257
1.859982,1.370652,-0.671587
1.860567,1.358375,-0.671733
1.862613,1.367144,-0.675241
1.856767,1.363052,-0.68138
1.864952,1.369775,-0.674072
1.854721,1.37299,-0.670272
1.861152,1.359544,-0.671733
1.863198,1.36919,-0.668079
1.858229,1.371236,-0.673049
1.854136,1.364513,-0.66998
1.858813,1.357206,-0.662818
1.860859,1.362467,-0.668226
1.860859,1.360713,-0.673487
1.859398,1.358959,-0.67568
1.861444,1.363052,-0.667641
1.861444,1.360129,-0.674364
1.860275,1.365683,-0.661356
1.865536,1.364221,-0.674657
1.863783,1.361298,-0.667203
1.85969,1.358959,-0.662087
1.85209,1.362175,-0.663695
1.85969,1.361006,-0.673926
1.860275,1.358959,-0.662526
1.859105,1.358959,-0.666326
1.861736,1.357206,-0.667349
1.860275,1.352528,-0.672756
1.853259,1.355159,-0.661064
1.858229,1.365975,-0.664426
1.863783,1.366267,-0.663695
1.863198,1.358959,-0.674072
1.859982,1.363929,-0.675241
1.862029,1.360421,-0.674803
1.870798,1.364513,-0.671441
1.860567,1.354575,-0.684887
1.854721,1.359544,-0.661795
1.85589,1.358667,-0.66881
1.856182,1.358375,-0.670272
1.856475,1.363052,-0.676118
1.857936,1.364513,-0.671587
1.855013,1.356913,-0.661649
1.86349,1.358082,-0.669395
1.85209,1.35779,-0.675972
1.857059,1.356621,-0.680649
1.858521,1.352528,-0.671733
1.862613,1.366852,-0.67831
1.860275,1.364806,-0.668518
1.864075,1.359544,-0.680503
1.86349,1.363052,-0.67378
1.858813,1.363636,-0.670126
1.857059,1.35779,-0.660772
1.85969,1.358375,-0.66881
1.858521,1.363344,-0.658141
1.856182,1.362175,-0.671003
1.850921,1.352528,-0.679918
1.85589,1.358375,-0.681818
1.853259,1.362759,-0.669395
1.862906,1.364806,-0.641041
1.858229,1.356621,-0.67831
1.860567,1.358667,-0.668372
1.862029,1.358959,-0.676118
1.858521,1.361006,-0.673926
1.856182,1.363344,-0.667203
1.860275,1.359836,-0.670272
1.863783,1.365683,-0.668956
1.852382,1.370944,-0.665595
1.854429,1.360713,-0.67451
1.853844,1.363344,-0.67378
1.855598,1.368606,-0.673195
1.856182,1.363636,-0.669249
1.857059,1.365975,-0.673341
1.860859,1.363636,-0.673195
1.856767,1.36656,-0.661795
1.854136,1.364221,-0.679772
1.857644,1.365098,-0.668956
1.862613,1.358375,-0.672903
1.859105,1.362175,-0.678749
1.858813,1.365683,-0.664572
1.850628,1.364806,-0.67641
1.855598,1.363929,-0.658287
1.855013,1.361006,-0.662964
1.856475,1.365683,-0.66311
1.856767,1.355452,-0.674218
1.865829,1.363344,-0.677433
1.864952,1.362759,-0.680503
1.865536,1.363929,-0.682257
1.862321,1.368021,-0.666618
1.858813,1.359836,-0.671149
1.857936,1.365683,-0.667787
1.855013,1.367144,-0.669541
1.856767,1.371529,-0.681526
1.85589,1.358959,-0.674657
1.856475,1.37036,-0.644695
1.852967,1.367436,-0.679187
1.860567,1.367436,-0.674803
1.85209,1.363929,-0.671149
1.851798,1.363344,-0.670126
1.857352,1.368606,-0.662087
1.854136,1.371821,-0.66881
1.855013,1.359836,-0.679772
1.857936,1.36159,-0.677872
1.859105,1.365683,-0.67071
1.850921,1.36919,-0.67831
1.856182,1.360713,-0.677141
1.866413,1.359544,-0.673195
1.863198,1.363929,-0.672026
1.856475,1.36539,-0.68211
1.855013,1.364513,-0.67948
1.859982,1.363344,-0.684449
1.860859,1.372113,-0.681087
1.864075,1.369775,-0.674364
1.860859,1.368313,-0.675533
1.858229,1.364513,-0.668956
1.864952,1.373575,-0.678164
1.864952,1.375914,-0.671733
1.857352,1.368021,-0.677287
1.854429,1.372113,-0.673926
1.859398,1.365975,-0.674072
1.857352,1.364806,-0.674803
1.862613,1.367436,-0.67831
1.857644,1.371236,-0.683864
1.855305,1.358667,-0.682549
1.861444,1.364221,-0.682695
1.864075,1.367729,-0.680941
1.871675,1.372698,-0.679772
1.854429,1.365975,-0.679918
1.853844,1.370944,-0.678895
1.860859,1.366267,-0.675241
1.85969,1.369483,-0.672464
1.863198,1.360421,-0.681087
1.853844,1.363929,-0.67568
1.853844,1.366852,-0.686934
1.854136,1.366267,-0.682403
1.864952,1.369483,-0.68898
1.855013,1.370652,-0.67568
1.857936,1.364806,-0.685472
1.85969,1.362467,-0.681234
1.856182,1.363052,-0.687372
1.855013,1.363052,-0.683572
1.866121,1.365975,-0.686934
1.865244,1.357498,-0.678603
1.863198,1.368606,-0.681526
1.854429,1.369775,-0.668226
1.858521,1.361298,-0.666326
1.859982,1.363929,-0.673926
1.859105,1.36919,-0.673049
1.857936,1.372698,-0.674218
1.864367,1.37036,-0.672903
1.857936,1.368313,-0.671587
1.863783,1.368606,-0.673926
1.854721,1.362467,-0.667933
1.854721,1.363929,-0.678164
1.853552,1.365098,-0.677872
1.854721,1.370652,-0.677872
1.859982,1.365975,-0.680795
1.849752,1.360129,-0.684449
1.853552,1.36539,-0.673195
1.850628,1.358959,-0.677872
1.854429,1.365098,-0.676118
1.859105,1.36159,-0.671587
1.856182,1.362759,-0.672756
1.857059,1.358375,-0.676264
1.862029,1.365098,-0.669541
1.860275,1.371236,-0.681672
1.854721,1.362759,-0.674657
1.858521,1.369483,-0.675241
1.856182,1.360129,-0.673926
1.860567,1.36159,-0.67948
1.855013,1.360129,-0.679626
1.857936,1.367144,-0.667056
1.856767,1.36539,-0.677872
1.85209,1.368021,-0.676703
1.854721,1.372113,-0.669687
1.863783,1.366267,-0.682257
1.859982,1.370067,-0.675533
1.861444,1.364806,-0.683572
1.860567,1.365098,-0.682403
1.855598,1.369775,-0.68021
1.85589,1.367729,-0.678603
1.85969,1.364806,-0.675387
1.855013,1.362467,-0.686495
1.850921,1.372698,-0.676557
1.855305,1.364806,-0.67378
1.858813,1.371529,-0.680649
1.858229,1.36539,-0.678457
1.856182,1.368313,-0.667641
1.857644,1.362175,-0.681087
1.856182,1.36656,-0.680357
1.857059,1.364806,-0.662526
1.861736,1.366267,-0.685618
1.861736,1.363929,-0.675241
1.853552,1.361882,-0.682257
1.851798,1.365098,-0.678895
1.850044,1.365683,-0.684011
1.858813,1.370067,-0.678164
1.85969,1.360713,-0.676849
1.859398,1.362175,-0.672756
1.857644,1.361006,-0.680503
1.862029,1.357498,-0.673341
1.854429,1.361298,-0.673195
1.862029,1.359836,-0.675387
1.862029,1.363929,-0.678018
1.859398,1.36159,-0.677726
1.857644,1.36539,-0.680503
1.853259,1.360713,-0.685326
1.857936,1.360713,-0.67451
1.857352,1.363929,-0.675533
1.850044,1.362467,-0.684449
1.857644,1.364221,-0.662672
1.864659,1.363052,-0.680503
1.850044,1.365975,-0.674949
1.854721,1.365975,-0.673926
1.857059,1.363052,-0.685326
1.861444,1.36656,-0.681526
1.862029,1.36159,-0.681672
1.860275,1.36656,-0.679041
1.861152,1.362175,-0.681818
1.85969,1.365683,-0.675972
1.861444,1.359836,-0.678895
1.85589,1.363052,-0.674072
1.860275,1.364221,-0.674803
1.855305,1.358959,-0.673049
1.850628,1.36539,-0.670418
1.855013,1.357498,-0.675972
1.859982,1.361298,-0.675826
1.853259,1.353405,-0.677287
1.856767,1.359836,-0.666472
1.858521,1.362175,-0.671003
1.85969,1.361298,-0.66311
1.857644,1.364513,-0.682403
1.869921,1.361882,-0.684449
1.858521,1.366267,-0.678018
1.856182,1.363929,-0.67568
1.847998,1.359252,-0.672172
1.857936,1.362759,-0.663402
1.857352,1.358082,-0.676703
1.869044,1.36159,-0.674218
1.857936,1.361882,-0.674803
1.859982,1.360129,-0.682403
1.862321,1.353405,-0.678018
1.853552,1.363929,-0.679334
1.85209,1.355452,-0.671441
1.861736,1.368606,-0.678749
1.852675,1.355159,-0.683864
1.857936,1.357498,-0.677433
1.855305,1.357498,-0.678749
1.853844,1.35779,-0.66998
1.860275,1.357206,-0.676264
1.857936,1.360421,-0.67261
1.855305,1.362175,-0.682403
1.859982,1.355452,-0.677287
1.857352,1.358959,-0.679626
1.859105,1.362467,-0.678749
1.857644,1.361882,-0.678457
1.864952,1.361006,-0.679772
1.865536,1.364513,-0.679334
1.860275,1.356913,-0.680064
1.85969,1.359252,-0.675387
1.857644,1.359252,-0.681087
1.864367,1.36539,-0.669833
1.861444,1.363636,-0.685034
1.857936,1.36159,-0.685764
1.856767,1.362175,-0.66998
1.862613,1.358082,-0.686349
1.854136,1.37036,-0.68518
1.848875,1.37299,-0.682695
1.841859,1.389068,-0.695265
1.82052,1.429407,-0.715873
1.809997,1.463607,-0.762935
1.788074,1.492546,-0.798451
1.775212,1.507162,-0.827974
1.769073,1.516223,-0.861444
1.770535,1.5019,-0.870944
1.766735,1.486115,-0.883075
1.778427,1.46273,-0.889944
1.795089,1.43496,-0.893452
1.802105,1.396083,-0.887021
1.813213,1.355452,-0.871237
1.834551,1.321836,-0.857352
1.84449,1.305759,-0.839374
1.855013,1.292312,-0.833967
1.856182,1.278574,-0.82929
1.856182,1.275358,-0.813651
1.869629,1.261327,-0.815843
1.872552,1.254896,-0.80532
1.875183,1.242034,-0.802543
1.877229,1.231804,-0.789828
1.881321,1.23385,-0.794797
1.878983,1.225665,-0.791143
1.878398,1.225373,-0.791435
1.88366,1.220988,-0.792605
1.882491,1.214557,-0.786174
1.885998,1.222157,-0.785589
1.893014,1.215142,-0.784858
1.890968,1.214265,-0.782958
1.894768,1.205788,-0.768343
1.884244,1.206957,-0.775797
1.885121,1.213096,-0.767612
1.885414,1.210172,-0.770096
1.888044,1.207249,-0.76805
1.892429,1.217773,-0.767758
1.890383,1.204619,-0.783251
1.886583,1.212803,-0.767027
1.889506,1.212511,-0.762204
1.89126,1.20988,-0.76732
1.888044,1.208419,-0.764689
1.888629,1.209296,-0.768781
1.893306,1.207834,-0.766589
1.892137,1.21368,-0.770973
1.895352,1.211634,-0.77375
1.893014,1.210172,-0.775797
1.890675,1.213096,-0.774335
1.893891,1.211926,-0.773458
1.890675,1.209003,-0.765858
1.884537,1.209296,-0.76995
1.89126,1.213973,-0.776381
1.889798,1.207542,-0.767466
1.892137,1.209296,-0.777989
1.893598,1.209296,-0.768635
1.894183,1.215142,-0.766004
1.894768,1.210757,-0.774043
1.891552,1.205495,-0.768781
1.893014,1.212511,-0.769658
1.88746,1.211926,-0.769658
1.894475,1.213096,-0.760158
1.897106,1.217773,-0.760012
1.899445,1.209588,-0.772727
1.892429,1.206665,-0.781789
1.897691,1.211634,-0.771704
1.898568,1.211926,-0.766004
1.892721,1.206372,-0.773604
1.892137,1.208711,-0.776966
1.886291,1.209296,-0.779158
1.889214,1.204911,-0.774189
1.893598,1.217188,-0.782227
1.895937,1.211049,-0.756942
1.885998,1.210757,-0.776673
1.893891,1.203157,-0.769366
1.890383,1.204619,-0.766881
1.885414,1.207249,-0.767612
1.887752,1.207249,-0.763666
1.892429,1.211634,-0.761473
1.886875,1.212219,-0.764396
1.893014,1.207834,-0.769366
1.89126,1.204619,-0.771704
1.895352,1.20988,-0.754312
1.893014,1.207249,-0.757527
1.89126,1.205203,-0.77375
1.894183,1.204619,-0.77375
1.892429,1.212511,-0.76805
1.883075,1.210172,-0.771558
1.892721,1.207542,-0.759719
1.893306,1.209003,-0.764835
1.887752,1.19848,-0.765127
1.888337,1.207249,-0.769366
1.891552,1.206665,-0.777697
1.89506,1.200526,-0.762058
1.890091,1.211342,-0.767758
1.889506,1.209588,-0.768635
1.890091,1.209003,-0.761181
1.880444,1.212511,-0.778281
1.888629,1.208126,-0.78252
1.886875,1.193511,-0.766735
1.885121,1.20608,-0.780327
1.884537,1.200818,-0.772873
1.890091,1.208126,-0.770389
1.888921,1.198188,-0.767173
1.887167,1.201403,-0.78252
1.889506,1.211049,-0.776966
1.891845,1.210465,-0.771412
1.886291,1.210172,-0.772727
1.890675,1.205495,-0.772581
1.892429,1.206957,-0.771266
1.888629,1.211926,-0.781789
1.890968,1.20988,-0.793189
1.889506,1.205495,-0.77375
1.894768,1.206665,-0.769658
1.89126,1.215142,-0.77375
1.890091,1.207834,-0.771704
1.890675,1.204326,-0.77682
1.889798,1.215434,-0.773312
1.892429,1.209588,-0.778427
1.897983,1.207542,-0.773312
1.890091,1.209588,-0.76615
1.888629,1.209003,-0.77565
1.883075,1.209588,-0.773458
1.888044,1.216019,-0.770681
1.888921,1.216019,-0.77682
1.894768,1.212511,-0.765127
1.888337,1.204326,-0.77682
1.890383,1.207834,-0.773166
1.897106,1.206957,-0.785443
1.894475,1.216896,-0.767904
1.888629,1.210465,-0.777404
1.893014,1.209588,-0.767466
1.897691,1.209003,-0.77755
1.88746,1.204326,-0.783543
1.889214,1.207834,-0.762204
1.890091,1.20228,-0.776527
1.889506,1.203157,-0.776673
1.900322,1.206372,-0.77492
1.896814,1.214265,-0.78632
1.89886,1.203449,-0.773166
1.897106,1.209296,-0.774773
1.888337,1.212803,-0.776089
1.897983,1.204619,-0.775504
1.889214,1.208711,-0.776527
1.893891,1.198772,-0.777843
1.882783,1.20988,-0.773897
1.887167,1.205788,-0.781935
1.892429,1.200526,-0.777697
1.885414,1.215142,-0.785735
1.883075,1.216896,-0.781204
1.894768,1.204619,-0.774481
1.889798,1.211926,-0.772581
1.899445,1.210172,-0.778866
1.89506,1.215434,-0.777258
1.888337,1.216019,-0.779597
1.89126,1.215142,-0.780327
1.887167,1.208711,-0.763227
1.886583,1.204326,-0.777989
1.889798,1.207542,-0.776235
1.89126,1.209003,-0.776235
1.89126,1.214265,-0.77682
1.885706,1.211926,-0.769073
1.889798,1.210172,-0.774481
1.892721,1.208126,-0.760158
1.894183,1.210172,-0.779889
1.888921,1.212803,-0.768489
1.893014,1.209588,-0.775943
1.894183,1.20988,-0.763812
1.895937,1.21865,-0.762496
1.886291,1.214265,-0.772143
1.886291,1.205788,-0.784274
1.890675,1.219234,-0.762496
1.893014,1.205495,-0.771996
1.885414,1.211926,-0.777404
1.887167,1.20988,-0.773166
1.889506,1.211342,-0.770096
1.890091,1.209588,-0.773458
1.895645,1.209588,-0.772435
1.886875,1.204326,-0.771412
1.893014,1.205788,-0.767758
1.888921,1.209588,-0.768343
1.892721,1.207249,-0.768489
1.889506,1.209003,-0.761766
1.887752,1.212511,-0.768927
1.895937,1.212803,-0.76922
1.893598,1.215726,-0.765273
1.888337,1.215142,-0.772581
1.900322,1.208419,-0.765273
1.890968,1.213096,-0.769366
1.897691,1.209588,-0.772435
1.892721,1.209296,-0.767466
1.888921,1.212511,-0.763812
1.890091,1.213096,-0.770535
1.895645,1.214557,-0.782812
1.897398,1.207249,-0.781204
1.889506,1.210757,-0.76805
1.897691,1.208126,-0.772143
1.892721,1.207542,-0.775943
1.893891,1.210757,-0.770243
1.893014,1.214849,-0.758842
1.892137,1.209003,-0.771266
1.89126,1.213973,-0.77682
1.899445,1.222742,-0.770535
1.897398,1.211926,-0.781497
1.889506,1.207542,-0.771412
1.894768,1.214265,-0.769658
1.893306,1.215726,-0.770535
1.897106,1.214265,-0.78442
1.891552,1.208711,-0.769658
1.89126,1.209588,-0.763519
1.892721,1.20988,-0.770535
1.899445,1.207834,-0.774773
1.888337,1.200234,-0.763081
1.89126,1.211342,-0.769512
1.895352,1.205203,-0.773897
1.893598,1.211342,-0.776235
1.892137,1.204034,-0.77565
1.892721,1.205495,-0.781497
1.891552,1.204911,-0.778281
1.893014,1.216019,-0.776089
1.891552,1.207542,-0.771266
1.890968,1.212511,-0.76922
1.896521,1.212803,-0.77185
1.887752,1.200526,-0.775797
1.890675,1.20608,-0.771266
1.888337,1.207249,-0.768635
1.889214,1.209003,-0.773897
1.904122,1.20988,-0.778427
1.89126,1.206665,-0.77565
1.884829,1.219526,-0.77565
1.890968,1.211926,-0.773897
1.887167,1.210465,-0.770827
1.883952,1.209588,-0.772581
1.885414,1.207542,-0.77945
1.889798,1.201988,-0.76805
1.889506,1.201988,-0.775797
1.890675,1.211342,-0.776966
1.889506,1.207834,-0.769658
1.886583,1.202572,-0.778281
1.889798,1.208711,-0.777989
1.894183,1.204911,-0.779743
1.884829,1.213973,-0.777258
1.891845,1.20608,-0.78135
1.892721,1.211049,-0.776381
1.890383,1.209588,-0.771266
1.891845,1.20608,-0.769512
1.893306,1.211342,-0.77872
1.891845,1.211634,-0.765273
1.894475,1.208711,-0.77492
1.901199,1.209588,-0.784274
1.891552,1.209003,-0.77302
1.890675,1.206665,-0.771558
1.886875,1.205788,-0.77945
1.890675,1.20988,-0.775358
1.893014,1.205788,-0.780912
1.890383,1.211342,-0.768927
1.900906,1.21368,-0.772289
1.899152,1.210172,-0.770827
1.897691,1.203449,-0.765419
1.885121,1.210172,-0.768489
1.89126,1.209003,-0.772581
1.892721,1.207834,-0.775358
1.890091,1.207834,-0.77872
1.895645,1.211926,-0.783689
1.890091,1.204034,-0.782227
1.892137,1.212219,-0.769366
1.89506,1.217188,-0.778866
1.895645,1.208419,-0.77945
1.897691,1.208711,-0.777258
1.892137,1.215142,-0.777404
1.900906,1.211049,-0.772581
1.893891,1.213096,-0.77682
1.89506,1.206665,-0.768635
1.897691,1.210465,-0.775066
1.893306,1.205788,-0.785004
1.894768,1.204911,-0.776381
1.89126,1.210465,-0.77112
1.893891,1.211049,-0.775358
1.893891,1.210172,-0.772435
1.892721,1.209588,-0.780766
1.895937,1.206957,-0.777697
1.892137,1.208126,-0.782374
1.894768,1.211342,-0.775504
1.893891,1.215726,-0.781058
1.89506,1.204034,-0.783543
1.887752,1.207834,-0.77492
1.887167,1.20988,-0.778866
1.885706,1.211342,-0.775066
1.889506,1.211926,-0.773897
1.896229,1.214849,-0.765127
1.891552,1.211634,-0.770389
1.887752,1.211634,-0.777843
1.890383,1.206957,-0.770827
1.885121,1.208711,-0.760012
1.888337,1.214265,-0.780912
1.893891,1.211049,-0.779597
1.88366,1.213388,-0.781204
1.890968,1.205203,-0.77872
1.88366,1.207834,-0.766589
1.892429,1.211926,-0.775504
1.884829,1.216019,-0.78252
1.892137,1.213096,-0.782227
1.888921,1.205495,-0.775066
1.895352,1.211049,-0.76425
1.892429,1.216603,-0.777989
1.892721,1.21368,-0.779012
1.89126,1.210172,-0.773166
1.89126,1.222157,-0.786758
1.888044,1.213096,-0.770973
1.891845,1.214265,-0.77565
1.889798,1.22128,-0.77112
1.896814,1.220696,-0.769366
1.892429,1.217773,-0.780181
1.88746,1.210465,-0.775504
1.887167,1.217188,-0.767904
1.887752,1.213973,-0.778427
1.889506,1.216311,-0.770389
1.896229,1.20988,-0.773604
1.885414,1.210465,-0.77565
1.888629,1.214849,-0.774043
1.893598,1.219819,-0.770096
1.89506,1.211926,-0.772143
1.891552,1.217773,-0.772289
1.890968,1.211049,-0.767904
1.890383,1.212219,-0.772289
1.890675,1.211634,-0.766589
1.891552,1.208419,-0.770535
1.889214,1.208711,-0.775066
1.894183,1.206957,-0.773604
1.893598,1.212803,-0.766881
1.892429,1.208126,-0.766589
1.889506,1.211926,-0.771412
1.884537,1.200526,-0.771704
1.890968,1.211926,-0.769073
1.885414,1.211342,-0.769073
1.896521,1.213096,-0.785443
1.883075,1.206665,-0.787343
1.893598,1.215726,-0.774189
1.890968,1.208419,-0.77302
1.890383,1.214849,-0.764835
1.891845,1.213096,-0.771704
1.886875,1.215434,-0.773166
1.889506,1.211926,-0.774189
1.888629,1.210172,-0.775212
1.889214,1.207249,-0.774043
1.886875,1.214557,-0.769512
1.885998,1.21368,-0.771266
1.889798,1.214265,-0.777697
1.89126,1.213096,-0.778281
1.886875,1.203449,-0.767758
1.893598,1.215726,-0.771704
1.887752,1.205788,-0.773166
1.893891,1.212803,-0.765127
1.888629,1.212219,-0.773166
1.886583,1.203742,-0.768781
1.891845,1.212511,-0.772289
1.893014,1.215434,-0.769804
1.893014,1.212219,-0.773897
1.895352,1.205495,-0.775358
1.893306,1.211634,-0.77565
1.895937,1.207834,-0.773312
1.893598,1.208711,-0.772873
1.893014,1.216019,-0.777258
1.897983,1.211926,-0.766443
1.900029,1.205203,-0.772143
1.889798,1.211049,-0.770389
1.885706,1.207542,-0.768781
1.891845,1.209003,-0.782227
1.891845,1.205495,-0.775066
1.899737,1.209588,-0.778281
1.888044,1.210757,-0.770681
1.890675,1.215434,-0.768927
1.889506,1.211342,-0.771266
1.888629,1.209588,-0.760889
1.890675,1.203742,-0.775504
1.884829,1.210172,-0.769366
1.89506,1.20608,-0.770243
1.893014,1.208711,-0.77375
1.895352,1.209588,-0.768781
1.886875,1.20988,-0.770681
1.892721,1.21748,-0.769073
1.887167,1.211342,-0.777258
1.894768,1.212219,-0.782812
1.887752,1.221573,-0.763812
1.885121,1.219526,-0.775504
1.89506,1.218357,-0.77375
1.881906,1.214849,-0.773897
1.890091,1.209296,-0.786904
1.890675,1.210465,-0.777258
1.89126,1.210172,-0.787343
1.893014,1.213096,-0.76732
1.890383,1.212511,-0.776527
1.888921,1.205788,-0.772289
1.893306,1.209003,-0.776673
1.894475,1.212803,-0.772727
1.889214,1.211049,-0.780912
1.890383,1.215142,-0.780474
1.884244,1.207249,-0.78252
1.890968,1.210757,-0.780766
1.895352,1.211926,-0.774189
1.895352,1.211049,-0.77112
1.887167,1.219526,-0.770243
1.885998,1.207542,-0.772289
1.889506,1.212511,-0.775066
1.893598,1.209296,-0.773458
1.89126,1.217188,-0.771996
1.891845,1.215726,-0.770535
1.887752,1.213388,-0.775797
1.888629,1.210465,-0.77682
1.889506,1.210172,-0.778281
1.889506,1.213096,-0.769073
1.888629,1.211926,-0.770096
1.883075,1.20988,-0.767466
1.895352,1.213388,-0.768927
1.889214,1.21368,-0.770243
1.884829,1.216603,-0.774627
1.890383,1.213388,-0.771266
1.891552,1.216019,-0.76922
1.901783,1.202572,-0.774627
1.896229,1.206957,-0.77945
1.89506,1.213388,-0.763666
1.897106,1.212511,-0.767173
1.895352,1.210172,-0.758842
1.896229,1.210172,-0.76045
1.904122,1.210757,-0.77565
1.905291,1.212511,-0.781204
1.898275,1.211342,-0.778427
1.893598,1.215142,-0.770681
1.900906,1.209296,-0.770973
1.890968,1.205495,-0.775797
1.896814,1.221573,-0.780327
1.896521,1.215726,-0.773458
1.892721,1.207542,-0.770973
1.885706,1.20608,-0.764689
1.897398,1.218357,-0.777404
1.898568,1.212511,-0.777258
1.892429,1.213096,-0.771704
1.889506,1.210172,-0.770973
1.897691,1.210757,-0.78135
1.888337,1.212219,-0.77492
1.885121,1.208711,-0.77682
1.893598,1.211634,-0.766881
1.899445,1.206665,-0.777258
1.892721,1.207834,-0.769658
1.894475,1.214265,-0.76995
1.891552,1.20988,-0.769512
1.893014,1.211049,-0.780912
1.882198,1.209003,-0.767758
1.888337,1.211342,-0.77872
1.892137,1.210465,-0.771704
1.892721,1.211634,-0.776089
1.895352,1.211049,-0.777258
1.887752,1.204911,-0.780181
1.88366,1.208126,-0.77112
1.888921,1.209003,-0.775066
1.898568,1.206372,-0.787781
1.893014,1.215434,-0.779743
1.890675,1.205495,-0.779012
1.895645,1.21368,-0.778574
1.891845,1.208711,-0.779889
1.888044,1.20988,-0.783689
1.889798,1.212219,-0.772435
1.894768,1.212219,-0.785151
1.892137,1.202572,-0.778281
1.897106,1.212219,-0.770243
1.889506,1.208419,-0.762789
1.893891,1.207249,-0.777112
1.885998,1.204326,-0.775358
1.89126,1.208711,-0.777697
1.891845,1.209296,-0.784858
1.884244,1.206957,-0.787781
1.890675,1.210465,-0.770681
1.893891,1.208711,-0.77565
1.89126,1.207834,-0.775504
1.893014,1.211926,-0.769073
1.89886,1.206957,-0.774773
1.888337,1.210465,-0.772143
1.880737,1.204911,-0.77565
1.887167,1.207834,-0.78632
1.887167,1.207249,-0.773604
1.888921,1.206957,-0.771996
1.886583,1.203157,-0.781789
1.890383,1.214265,-0.772435
1.884244,1.204911,-0.783689
1.892137,1.208126,-0.762643
1.890383,1.213388,-0.776089
1.895937,1.212219,-0.774043
1.890383,1.215726,-0.775358
1.889214,1.208711,-0.781643
1.890675,1.204619,-0.77185
1.890968,1.203449,-0.772143
1.891845,1.204911,-0.76732
1.882198,1.211049,-0.769366
1.884829,1.212803,-0.767173
1.892137,1.20608,-0.776381
1.881029,1.206372,-0.77565
1.888337,1.213096,-0.778135
1.893014,1.201988,-0.77302
1.884829,1.212803,-0.775066
1.885414,1.206957,-0.768635
1.888921,1.204619,-0.770681
1.887167,1.206372,-0.77302
1.894768,1.20608,-0.765419
1.889214,1.212803,-0.776673
1.886583,1.214849,-0.760596
1.890968,1.211342,-0.773897
1.880444,1.210172,-0.777258
1.888337,1.20608,-0.777112
1.891552,1.20228,-0.770243
1.888921,1.212511,-0.779158
1.892429,1.209296,-0.760889
1.891552,1.208711,-0.774189
1.893306,1.207249,-0.780035
1.897106,1.216603,-0.77112
1.892721,1.205495,-0.764104
1.890383,1.209296,-0.766881
1.891845,1.204911,-0.773312
1.897983,1.207834,-0.772435
1.897983,1.210172,-0.775943
1.892429,1.210757,-0.768781
1.89126,1.205495,-0.770535
1.89886,1.203742,-0.786612
1.889798,1.203742,-0.772143
1.896814,1.206957,-0.766881
1.894183,1.206372,-0.759427
1.897106,1.205788,-0.757673
1.895645,1.207542,-0.764104
1.892721,1.210172,-0.771996
1.884537,1.213388,-0.775066
1.886875,1.218065,-0.790851
1.878983,1.239404,-0.806489
1.847121,1.290266,-0.834259
1.822274,1.343759,-0.878106
1.806489,1.37679,-0.87986
1.788951,1.441976,-0.899298
1.777843,1.466238,-0.888921
1.776673,1.493131,-0.885998
1.764981,1.512716,-0.882198
1.765273,1.516516,-0.864806
1.767319,1.519146,-0.839521
1.77755,1.507162,-0.823882
1.790412,1.48553,-0.785881
1.799182,1.466823,-0.76732
1.813797,1.456884,-0.748758
1.818766,1.437299,-0.746419
1.821105,1.43233,-0.728296
1.819936,1.426776,-0.727857
1.831336,1.416837,-0.709296
1.804443,1.406606,-0.703157
1.841859,1.398129,-0.698188
1.847121,1.394621,-0.699503
1.847413,1.391406,-0.689418
1.852382,1.387021,-0.691464
1.847998,1.38176,-0.688249
1.847705,1.384098,-0.681087
1.852675,1.387021,-0.692195
1.846536,1.376206,-0.679918
1.853259,1.376498,-0.691026
1.855013,1.370944,-0.682549
1.849459,1.372698,-0.680941
1.84829,1.372406,-0.662964
1.858229,1.374452,-0.684741
1.858813,1.369775,-0.68518
1.859105,1.372406,-0.680649
1.853552,1.364221,-0.683572
1.856767,1.367144,-0.677726
1.853844,1.360129,-0.679187
1.861736,1.363052,-0.686495
1.857059,1.36656,-0.684303
1.857644,1.363344,-0.679334
1.85969,1.364806,-0.688395
1.852675,1.36656,-0.687518
1.858229,1.360713,-0.675387
1.858521,1.360713,-0.668079
1.850628,1.364221,-0.671149
1.858229,1.365098,-0.680941
1.85589,1.361882,-0.675972
1.853552,1.359544,-0.672318
1.857059,1.364221,-0.674657
1.854136,1.36656,-0.662526
1.858229,1.364806,-0.679334
1.858813,1.370067,-0.709296
1.853844,1.366852,-0.672172
1.85969,1.366852,-0.66998
1.85589,1.36656,-0.674072
1.860567,1.367144,-0.670564
1.860567,1.365975,-0.661795
1.860275,1.360421,-0.667495
1.862613,1.363052,-0.674803
1.857059,1.364221,-0.67758
1.858521,1.361298,-0.667641
1.851798,1.359836,-0.671295
1.860567,1.365098,-0.676264
1.860275,1.356621,-0.67378
1.857936,1.36159,-0.67451
1.849752,1.365975,-0.677141
1.862613,1.367144,-0.676557
1.857644,1.363052,-0.672464
1.861736,1.361006,-0.676995
1.851505,1.362175,-0.679334
1.85209,1.36919,-0.679772
1.858813,1.365098,-0.675387
1.859105,1.368021,-0.673049
1.856475,1.365683,-0.680941
1.862613,1.363929,-0.671149
1.852967,1.368021,-0.664864
1.859398,1.363929,-0.67758
1.854429,1.368606,-0.678457
1.854721,1.363052,-0.677287
1.852967,1.364221,-0.677141
1.859982,1.365683,-0.675241
1.85589,1.364221,-0.68021
1.865829,1.364513,-0.674949
1.855598,1.36539,-0.667203
1.856767,1.367436,-0.679041
1.850921,1.365098,-0.681526
1.863198,1.37036,-0.689126
1.855013,1.363636,-0.673487
1.852382,1.363052,-0.691903
1.851505,1.365098,-0.67758
1.855598,1.369483,-0.686203
1.855013,1.368313,-0.677433
1.853844,1.362175,-0.669833
1.856475,1.362175,-0.677141
1.85969,1.36539,-0.676264
1.861152,1.36539,-0.673633
1.860275,1.365683,-0.675387
1.861152,1.364513,-0.673633
1.858813,1.36656,-0.678749
1.859982,1.35779,-0.676118
1.861736,1.36159,-0.680357
1.850336,1.368313,-0.679918
1.848875,1.365975,-0.683864
1.851505,1.362759,-0.676557
1.855598,1.364806,-0.671441
1.858521,1.361006,-0.675972
1.85589,1.368313,-0.67831
1.855013,1.371821,-0.684157
1.856182,1.370067,-0.683718
1.856182,1.357498,-0.685764
1.85969,1.367729,-0.682403
1.845075,1.362467,-0.676995
1.857059,1.365098,-0.679918
1.854429,1.363344,-0.687518
1.852382,1.366267,-0.681234
1.854721,1.36656,-0.685034
1.851505,1.356621,-0.675241
1.848875,1.365683,-0.680941
1.851213,1.356036,-0.682841
1.858521,1.363929,-0.689126
1.861444,1.36539,-0.681526
1.860859,1.364806,-0.680064
1.858521,1.366267,-0.67948
1.864659,1.368021,-0.676557
1.85969,1.365098,-0.685034
1.854721,1.362759,-0.678018
1.853259,1.36539,-0.66691
1.857644,1.363636,-0.680941
1.861152,1.370067,-0.681964
1.859982,1.357498,-0.67188
1.862029,1.363929,-0.684011
1.85969,1.369483,-0.68138
1.852967,1.371236,-0.677433
1.851505,1.362175,-0.675826
1.858229,1.363929,-0.684595
1.859398,1.365975,-0.681818
1.857936,1.361882,-0.689272
1.855013,1.369483,-0.674803
1.852675,1.368021,-0.678895
1.856767,1.364806,-0.684011
1.859105,1.36539,-0.675826
1.858521,1.372113,-0.682841
1.856475,1.368606,-0.68138
1.856182,1.370652,-0.675826
1.862613,1.36656,-0.68211
1.857352,1.370944,-0.673633
1.862906,1.371236,-0.678164
1.862321,1.378837,-0.683572
1.855305,1.371236,-0.677872
1.856767,1.368021,-0.669687
1.85969,1.368021,-0.692488
1.859105,1.368898,-0.681818
1.860275,1.367729,-0.683572
1.865536,1.365975,-0.682695
1.862321,1.365098,-0.682549
1.862321,1.366267,-0.685326
1.861152,1.365098,-0.67568
1.859105,1.364513,-0.682257
1.856182,1.370944,-0.692049
1.854429,1.376206,-0.685326
1.862906,1.37036,-0.67641
1.858813,1.365098,-0.680795
1.85589,1.371529,-0.685034
1.854136,1.363929,-0.681818
1.852675,1.371821,-0.687226
1.855013,1.366852,-0.683572
1.85209,1.366852,-0.688103
1.857059,1.361298,-0.681234
1.856182,1.362467,-0.688688
1.863198,1.363052,-0.684303
1.862906,1.37299,-0.692926
1.861152,1.367144,-0.69278
1.858521,1.361298,-0.682403
1.860567,1.361006,-0.67451
1.862321,1.35779,-0.674657
1.862321,1.36656,-0.684157
1.859105,1.36919,-0.684887
1.857644,1.362759,-0.678749
1.860859,1.37036,-0.682841
1.862029,1.368898,-0.686349
1.85209,1.364221,-0.67758
1.852967,1.368313,-0.674657
1.856767,1.363344,-0.680941
1.861152,1.36539,-0.685911
1.860275,1.365098,-0.67568
1.854721,1.361006,-0.687226
1.860275,1.360421,-0.682695
1.856767,1.363636,-0.674364
1.85969,1.359252,-0.682403
1.859398,1.35779,-0.688103
1.864075,1.361882,-0.66691
1.861736,1.362759,-0.672903
1.862321,1.36159,-0.670272
1.854721,1.365683,-0.671003
1.859105,1.357206,-0.674949
1.858521,1.364513,-0.672464
1.855305,1.365975,-0.681234
1.854721,1.367144,-0.682695
1.856182,1.360713,-0.681672
1.859982,1.37036,-0.685326
1.851213,1.364513,-0.674364
1.859398,1.372113,-0.674803
1.858229,1.365683,-0.675095
1.857352,1.36539,-0.678018
1.85209,1.363344,-0.676703
1.863198,1.367144,-0.686495
1.865829,1.368898,-0.68518
1.865536,1.367436,-0.677287
1.858229,1.36539,-0.676264
1.859398,1.369483,-0.682403
1.862906,1.366267,-0.689564
1.860567,1.365098,-0.684157
1.864075,1.368313,-0.680357
1.853844,1.354867,-0.67568
1.861736,1.358667,-0.677872
1.859398,1.362467,-0.679626
1.862029,1.363344,-0.681818
1.859105,1.364806,-0.678018
1.860275,1.363344,-0.67948
1.852675,1.364806,-0.678018
1.857059,1.370652,-0.681087
1.860859,1.364806,-0.672464
1.864075,1.368606,-0.675387
1.857936,1.359836,-0.67758
1.865536,1.364221,-0.685472
1.860275,1.361298,-0.682695
1.85589,1.36159,-0.679041
1.860275,1.361006,-0.681087
1.862321,1.357498,-0.678164
1.857936,1.361298,-0.67378
1.853844,1.360421,-0.679918
1.855013,1.35779,-0.681672
1.864952,1.364806,-0.683864
1.854136,1.362759,-0.679041
1.860859,1.367436,-0.687957
1.859982,1.365975,-0.680795
1.857644,1.36539,-0.679918
1.855305,1.368898,-0.675826
1.855305,1.360421,-0.682257
1.854429,1.360129,-0.677287
1.854136,1.366267,-0.678603
1.85589,1.363636,-0.675387
1.854721,1.363344,-0.670272
1.854136,1.360129,-0.668372
1.858813,1.364806,-0.666764
1.855305,1.358375,-0.67261
1.859105,1.361882,-0.679187
1.851798,1.362759,-0.687518
1.857644,1.36656,-0.674072
1.853259,1.362467,-0.672026
1.85969,1.367144,-0.679041
1.849167,1.361006,-0.67641
1.860567,1.370067,-0.67948
1.860859,1.364221,-0.685618
1.85589,1.363929,-0.675826
1.862906,1.36159,-0.679187
1.856182,1.362759,-0.674803
1.846244,1.361298,-0.67831
1.852967,1.364806,-0.708711
1.857352,1.368313,-0.670856
1.85589,1.372698,-0.693218
1.861736,1.360129,-0.686349
1.85589,1.35779,-0.668079
1.858521,1.359836,-0.678749
1.849752,1.364806,-0.678895
1.856767,1.36919,-0.679187
1.859105,1.35779,-0.678018
1.856767,1.363344,-0.676118
1.854429,1.365975,-0.672318
1.85209,1.360129,-0.682257
1.854136,1.359544,-0.678018
1.865829,1.361006,-0.67451
1.856767,1.365683,-0.678457
1.863783,1.361298,-0.679918
1.865829,1.366267,-0.682987
1.862906,1.36159,-0.683864
1.857936,1.368313,-0.688249
1.852382,1.368313,-0.686787
1.862321,1.359252,-0.670856
1.864952,1.359252,-0.677287
1.857644,1.369483,-0.666179
1.848875,1.370652,-0.662087
1.859105,1.361298,-0.683572
1.855598,1.360713,-0.672903
1.858229,1.360129,-0.677141
1.858229,1.368021,-0.679626
1.859105,1.364513,-0.672756
1.857936,1.368898,-0.679041
1.85589,1.361882,-0.672756
1.849167,1.36539,-0.679041
1.856767,1.356621,-0.67831
1.859398,1.360421,-0.672318
1.858229,1.365975,-0.67831
1.857059,1.359544,-0.67831
1.85589,1.368898,-0.689418
1.855305,1.357206,-0.678164
1.851798,1.365975,-0.670272
1.859105,1.35779,-0.68138
1.858521,1.358082,-0.671149
1.856767,1.355452,-0.674803
1.857059,1.362467,-0.684157
1.857352,1.364806,-0.677141
1.853844,1.360129,-0.691172
1.859982,1.363929,-0.680649
1.849752,1.359836,-0.675241
1.850628,1.361006,-0.687518
1.855305,1.354867,-0.684449
1.85969,1.361882,-0.679626
1.859982,1.36656,-0.673487
1.85589,1.368898,-0.676995
1.856475,1.366852,-0.677287
1.859398,1.365975,-0.678749
1.858813,1.365975,-0.668956
1.858813,1.36159,-0.674072
1.856182,1.366852,-0.680941
1.856767,1.362175,-0.684303
1.857059,1.368606,-0.68138
1.861736,1.36539,-0.678457
1.860275,1.363929,-0.68138
1.860275,1.363344,-0.679918
1.854429,1.362759,-0.67188
1.858229,1.354867,-0.682549
1.857936,1.358375,-0.676995
1.861736,1.359544,-0.689857
1.859398,1.365975,-0.684157
1.860275,1.362759,-0.693511
1.858813,1.365098,-0.694388
1.862613,1.363052,-0.679334
1.858813,1.364806,-0.671441
1.862321,1.362467,-0.669103
1.858813,1.367436,-0.67758
1.855305,1.365975,-0.679626
1.853844,1.363636,-0.681964
1.85589,1.364806,-0.689711
1.856182,1.371236,-0.679187
1.857059,1.368021,-0.691026
1.857059,1.368021,-0.667495
1.858521,1.363636,-0.673487
1.851213,1.361298,-0.683864
1.855013,1.365683,-0.675972
1.85969,1.365683,-0.68021
1.858813,1.372113,-0.683718
1.855305,1.363636,-0.679918
1.858521,1.363344,-0.683426
1.853259,1.358959,-0.67071
1.856767,1.356329,-0.683864
1.856182,1.358375,-0.680649
1.850336,1.358375,-0.678603
1.854429,1.368898,-0.675095
1.856475,1.359836,-0.675387
1.859398,1.358959,-0.68518
1.852675,1.367729,-0.676849
1.853552,1.362175,-0.680503
1.85589,1.368898,-0.686203
1.860275,1.364513,-0.668372
1.857644,1.363344,-0.670856
1.857936,1.362175,-0.680357
1.860275,1.370652,-0.685472
1.858813,1.364513,-0.68328
1.850336,1.361006,-0.665156
1.855305,1.362759,-0.679334
1.854721,1.359252,-0.679918
1.855013,1.361882,-0.680795
1.863783,1.36159,-0.680941
1.859398,1.364806,-0.684011
1.853844,1.360129,-0.687372
1.852675,1.360713,-0.679918
1.857352,1.364513,-0.674218
1.854429,1.359836,-0.686787
1.857352,1.355452,-0.671149
1.857352,1.358959,-0.674364
1.852675,1.362175,-0.683864
1.856767,1.359836,-0.684741
1.855305,1.358667,-0.689272
1.855305,1.365975,-0.680649
1.85589,1.363636,-0.68138
1.857059,1.366852,-0.67758
1.855598,1.367144,-0.678164
1.858521,1.367729,-0.694095
1.854429,1.36539,-0.689126
1.857352,1.358375,-0.68328
1.861152,1.363929,-0.684595
1.858813,1.362175,-0.676995
1.86349,1.361882,-0.678018
1.852382,1.36919,-0.679187
1.849752,1.366852,-0.672903
1.858229,1.362759,-0.674072
1.857059,1.366852,-0.678895
1.861152,1.364513,-0.67568
1.858813,1.364221,-0.679918
1.855013,1.364513,-0.685911
1.855013,1.368021,-0.683134
1.857644,1.363052,-0.689418
1.857059,1.367144,-0.672026
1.860567,1.363344,-0.677287
1.856475,1.36919,-0.67568
1.864367,1.363636,-0.67451
1.859982,1.363929,-0.67758
1.85209,1.361882,-0.677287
1.85589,1.359252,-0.674657
1.862613,1.365975,-0.674657
1.859982,1.358667,-0.674803
1.859105,1.356621,-0.67568
1.859398,1.365098,-0.674072
1.857059,1.35399,-0.666326
1.858521,1.362467,-0.672903
1.857059,1.371529,-0.679187
1.859398,1.359836,-0.67451
1.861444,1.357206,-0.674218
1.851505,1.363636,-0.666033
1.858521,1.363636,-0.682549
1.854429,1.362467,-0.681526
1.849752,1.36159,-0.674949
1.861444,1.367436,-0.678164
1.860275,1.363052,-0.682403
1.864075,1.36159,-0.684887
1.857352,1.363344,-0.679334
1.853259,1.360421,-0.685472
1.868167,1.359836,-0.684887
1.864952,1.358959,-0.679626
1.860275,1.369775,-0.686787
1.861736,1.36919,-0.679626
1.864659,1.363052,-0.68138
1.855013,1.376206,-0.680649
1.862029,1.365098,-0.685911
1.857352,1.36539,-0.68328
1.862029,1.369775,-0.68328
1.867875,1.36539,-0.69088
1.859105,1.365098,-0.68328
1.862906,1.368898,-0.686495
1.862029,1.372406,-0.666764
1.862029,1.368313,-0.678603
1.862029,1.368606,-0.681964
1.859398,1.36539,-0.67568
1.850921,1.368021,-0.686203
1.855598,1.365098,-0.673926
1.862029,1.357498,-0.685034
1.859398,1.362175,-0.68138
1.854721,1.363929,-0.68518
1.862029,1.362759,-0.678018
1.859398,1.359544,-0.680795
1.854136,1.368898,-0.685326
1.855013,1.361298,-0.674364
1.860567,1.368313,-0.682403
1.86349,1.359836,-0.675972
1.869336,1.36656,-0.681234
1.861736,1.362175,-0.666472
1.857644,1.363929,-0.671149
1.862906,1.363929,-0.674803
1.861444,1.367729,-0.671149
1.853259,1.364221,-0.684449
1.862321,1.360421,-0.679918
1.855013,1.360129,-0.680795
1.857936,1.363052,-0.681818
1.861444,1.368313,-0.67188
1.861736,1.361298,-0.676118
1.859105,1.36539,-0.674364
1.847413,1.361006,-0.681672
1.851213,1.371236,-0.676264
1.855013,1.363636,-0.672464
1.852675,1.360129,-0.678603
1.859105,1.360421,-0.679187
1.853552,1.358959,-0.690149
1.844198,1.364513,-0.686495
1.857352,1.362467,-0.676849
1.857059,1.359836,-0.686057
1.862906,1.369483,-0.680503
1.858229,1.364806,-0.680649
1.856475,1.363052,-0.685472
1.847998,1.359544,-0.683426
1.855598,1.364513,-0.685911
1.858813,1.367144,-0.678018
1.861444,1.36539,-0.673487
1.852967,1.361298,-0.668956
1.858229,1.356913,-0.675095
1.85589,1.367436,-0.685326
1.859398,1.363636,-0.67378
1.856767,1.364221,-0.682841
1.85969,1.365975,-0.669395
1.850628,1.366267,-0.678018
1.858229,1.366852,-0.675972
1.85589,1.361882,-0.68518
1.860859,1.363636,-0.681672
1.861152,1.364221,-0.673487
1.857936,1.366267,-0.662964
1.858813,1.367144,-0.678749
1.861152,1.372113,-0.686203
1.858813,1.368313,-0.673049
1.855598,1.360129,-0.677433
1.85589,1.368313,-0.674072
1.856767,1.365683,-0.677433
1.860275,1.371236,-0.678457
1.861152,1.368606,-0.680503
1.865829,1.355452,-0.68138
1.857059,1.364513,-0.680503
1.856182,1.365098,-0.672903
1.857059,1.361298,-0.673633
1.855598,1.364221,-0.678895
1.854136,1.36656,-0.673341
1.854429,1.359544,-0.672172
1.858229,1.361882,-0.682257
1.859982,1.359252,-0.703449
1.854721,1.363636,-0.68138
1.853844,1.361882,-0.638264
1.849752,1.362175,-0.671587
1.855598,1.358082,-0.67261
1.850336,1.36539,-0.679772
1.856475,1.363344,-0.676849
1.855305,1.356036,-0.672318
1.85589,1.367436,-0.681964
1.857059,1.358082,-0.675826
1.853259,1.362759,-0.677433
1.853259,1.364806,-0.676995
1.854429,1.365683,-0.68138
1.857644,1.357498,-0.672026
1.858521,1.358667,-0.67641
1.853844,1.363344,-0.675387
1.848582,1.363052,-0.667056
1.862321,1.364221,-0.669833
1.856475,1.374452,-0.671149
1.853552,1.363052,-0.679187
1.854721,1.36159,-0.671733
1.853552,1.356036,-0.673633
1.859105,1.367436,-0.675533
1.855013,1.375621,-0.675095
1.850044,1.384098,-0.690295
1.839521,1.406022,-0.717773
1.82169,1.438761,-0.736627
1.79772,1.474423,-0.770973
1.789535,1.499854,-0.817743
1.774335,1.517977,-0.840982
1.767319,1.513592,-0.870798
1.767319,1.497223,-0.867583
1.773166,1.486115,-0.897837
1.781935,1.457761,-0.893745
1.785151,1.422391,-0.888483
1.796551,1.399591,-0.887314
1.82169,1.352528,-0.871529
1.830459,1.317451,-0.846244
1.845659,1.303712,-0.838644
1.858229,1.290266,-0.830897
1.853259,1.282958,-0.833821
1.857936,1.270389,-0.821251
1.860859,1.259281,-0.817451
1.864367,1.255481,-0.800205
1.866706,1.247588,-0.800205
1.87489,1.234142,-0.793774
1.873137,1.227127,-0.795674
1.873721,1.223911,-0.784566
1.875475,1.227419,-0.781643
1.87869,1.232388,-0.816866
1.879275,1.219819,-0.781058
1.885998,1.220403,-0.778427
1.888337,1.223034,-0.781058
1.87869,1.216603,-0.774627
1.886291,1.223327,-0.775943
1.88366,1.223034,-0.771558
1.888044,1.216019,-0.78252
1.889798,1.212803,-0.769512
1.888337,1.216019,-0.769366
1.889214,1.215434,-0.77755
1.890383,1.206665,-0.769073
1.894475,1.211634,-0.78062
1.897398,1.214849,-0.776527
1.892721,1.214557,-0.767173
1.888337,1.212219,-0.768489
1.894768,1.215434,-0.764543
1.89126,1.213973,-0.76995
1.89126,1.215726,-0.767612
1.889214,1.214849,-0.765712
1.888921,1.216311,-0.766004
1.887167,1.215142,-0.767173
1.881614,1.215726,-0.759866
1.885414,1.208126,-0.76045
1.887167,1.211926,-0.782081
1.888629,1.207834,-0.764689
1.888629,1.206372,-0.75665
1.889506,1.209003,-0.77112
1.891552,1.20988,-0.773166
1.893598,1.214849,-0.766735
1.886583,1.204911,-0.76045
1.896814,1.213388,-0.774627
1.888629,1.20608,-0.76922
1.892137,1.205788,-0.772435
1.888337,1.208419,-0.770243
1.884829,1.20228,-0.774189
1.892137,1.211049,-0.763519
1.894183,1.210465,-0.76922
1.893598,1.203157,-0.764689
1.895352,1.212511,-0.765566
1.888337,1.216603,-0.777404
1.875767,1.22625,-0.786758
1.869044,1.255773,-0.807366
1.840105,1.307805,-0.839082
1.817305,1.353113,-0.864659
1.805028,1.405145,-0.880444
1.783397,1.44753,-0.882929
1.780766,1.472669,-0.889506
1.766735,1.497223,-0.887752
1.765566,1.512423,-0.868752
1.762643,1.517977,-0.845805
1.779889,1.5133,-0.832944
1.781058,1.505408,-0.810436
1.789243,1.483777,-0.776527
1.795381,1.468576,-0.752412
1.810289,1.457761,-0.748465
1.81672,1.444607,-0.737504
1.821105,1.435253,-0.728734
1.818474,1.42853,-0.722742
1.826367,1.416545,-0.712803
1.830459,1.405437,-0.695118
1.833674,1.397545,-0.699795
1.841859,1.398422,-0.693365
1.846536,1.388191,-0.696141
1.835428,1.387314,-0.682403
1.839228,1.379714,-0.682403
1.842151,1.379421,-0.68898
1.850044,1.387021,-0.675095
1.845075,1.380006,-0.679041
1.844198,1.375914,-0.677872
1.85589,1.378544,-0.67758
1.850336,1.373575,-0.670564
1.85589,1.368898,-0.676557
1.853552,1.37036,-0.68138
1.853844,1.375037,-0.67188
1.850628,1.375914,-0.681526
1.854721,1.367436,-0.67831
1.859105,1.36919,-0.683864
1.854429,1.36539,-0.681087
1.852675,1.37299,-0.680941
1.856767,1.363636,-0.673926
1.852382,1.362467,-0.642941
1.854136,1.361882,-0.672318
1.856182,1.367144,-0.679334
1.853552,1.362759,-0.67641
1.857352,1.363929,-0.676264
1.855305,1.362759,-0.669395
1.854721,1.357498,-0.671441
1.855598,1.361882,-0.670564
1.856475,1.363636,-0.67378
1.855598,1.362175,-0.67261
1.849459,1.358667,-0.678018
1.847705,1.367729,-0.67758
1.863198,1.365683,-0.67261
1.854721,1.360421,-0.673633
1.853844,1.361882,-0.666033
1.856182,1.368606,-0.674364
1.853259,1.367729,-0.668226
1.851798,1.368606,-0.674364
1.857644,1.363929,-0.67831
1.865244,1.364221,-0.678895
1.851505,1.365683,-0.672318
1.861736,1.367729,-0.680503
1.857059,1.365683,-0.669541
1.855013,1.37036,-0.672026
1.855598,1.373575,-0.672172
1.857352,1.365098,-0.668372
1.854721,1.367729,-0.675972
1.859398,1.364806,-0.680941
1.851505,1.369775,-0.666033
1.850044,1.362467,-0.671003
1.851505,1.360713,-0.683426
1.856475,1.363344,-0.679334
1.855598,1.363052,-0.668956
1.847121,1.364806,-0.674949
1.852675,1.36919,-0.662087
1.850628,1.366267,-0.672318
1.854136,1.368606,-0.677141
1.854429,1.367144,-0.679334
1.853844,1.362467,-0.670856
1.856182,1.360713,-0.674364
1.851213,1.361882,-0.672026
1.848582,1.369775,-0.680795
1.856182,1.362175,-0.684595
1.855598,1.362759,-0.672903
1.856767,1.368313,-0.684887
1.850044,1.361882,-0.682257
1.860275,1.366267,-0.684449
1.859398,1.359836,-0.679772
1.853552,1.369775,-0.679041
1.854721,1.366267,-0.680941
1.857059,1.372113,-0.69088
1.857352,1.368898,-0.674949
1.855013,1.363636,-0.680941
1.851505,1.359836,-0.678603
1.856182,1.365975,-0.681234
1.848582,1.367729,-0.678018
1.856182,1.365098,-0.682403
1.854721,1.358375,-0.684449
1.848582,1.363929,-0.688395
1.859105,1.359544,-0.684011
1.851798,1.360129,-0.679041
1.855598,1.361006,-0.672464
1.855013,1.36656,-0.682403
1.860859,1.368313,-0.678164
1.85589,1.365098,-0.67378
1.859982,1.360421,-0.679626
1.856767,1.363052,-0.676995
1.851798,1.363929,-0.671003
1.85589,1.365098,-0.675972
1.853552,1.364806,-0.679626
1.857644,1.366852,-0.674949
1.854136,1.366267,-0.67378
1.852675,1.363052,-0.673926
1.847413,1.363052,-0.70798
1.847121,1.36159,-0.645279
1.851798,1.36656,-0.679918
1.855598,1.358082,-0.672172
1.852675,1.365683,-0.665741
1.852382,1.36656,-0.67641
1.854136,1.36539,-0.680357
1.856767,1.365975,-0.673633
1.85969,1.364806,-0.671149
1.857644,1.37036,-0.674657
1.854429,1.372698,-0.67071
1.853844,1.364806,-0.678603
1.858229,1.367729,-0.683426
1.856767,1.36656,-0.68211
1.859105,1.367729,-0.670418
1.856182,1.365683,-0.666618
1.855305,1.367436,-0.669687
1.848875,1.359252,-0.682987
1.851505,1.360421,-0.677872
1.851798,1.363344,-0.685034
1.852382,1.365683,-0.671003
1.849167,1.363636,-0.682841
1.856767,1.363929,-0.668664
1.855598,1.362175,-0.661064
1.855305,1.363052,-0.669687
1.857644,1.368606,-0.668956
1.859982,1.360421,-0.665449
1.853552,1.362467,-0.673633
1.856182,1.367436,-0.667056
1.853259,1.362175,-0.677141
1.853259,1.362175,-0.683134
1.853259,1.362467,-0.666326
1.847413,1.362467,-0.666618
1.863783,1.356329,-0.667933
1.852967,1.363052,-0.677872
1.848875,1.366267,-0.671003
1.853552,1.361006,-0.670272
1.849167,1.36159,-0.682403
1.854429,1.359252,-0.678457
1.851798,1.369483,-0.678164
1.850921,1.362759,-0.678018
1.850921,1.365098,-0.683134
1.85969,1.360713,-0.670272
1.852382,1.36539,-0.669687
1.856767,1.365975,-0.674803
1.849167,1.361298,-0.674949
1.852967,1.363052,-0.667056
1.853552,1.36919,-0.674949
1.855598,1.370067,-0.671295
1.857936,1.366852,-0.707249
1.856767,1.362175,-0.677872
1.856182,1.361882,-0.680649
1.856767,1.36159,-0.678164
1.857644,1.365683,-0.684157
1.853844,1.363929,-0.672903
1.853259,1.366267,-0.67758
1.854136,1.363052,-0.676557
1.854429,1.361882,-0.671149
1.857644,1.356913,-0.68708
1.851505,1.357498,-0.672318
1.855013,1.366852,-0.676703
1.855013,1.367729,-0.674072
1.855305,1.366267,-0.678603
1.85209,1.361298,-0.669103
1.853259,1.361882,-0.677433
1.843905,1.359252,-0.680795
1.850336,1.366267,-0.679041
1.847121,1.368606,-0.677287
1.844782,1.362175,-0.686934
1.852967,1.36919,-0.685618
1.85209,1.367144,-0.673633
1.845367,1.367729,-0.676703
1.854136,1.370067,-0.679918
1.854136,1.367144,-0.687811
1.86349,1.367729,-0.675095
1.855305,1.364806,-0.672172
1.855598,1.355744,-0.681818
1.847413,1.363929,-0.672903
1.850921,1.362759,-0.676557
1.851213,1.368021,-0.683718
1.852382,1.365683,-0.686057
1.852675,1.364513,-0.676118
1.849459,1.369483,-0.677726
1.856182,1.364806,-0.681818
1.857936,1.369775,-0.669687
1.849752,1.370067,-0.683718
1.850044,1.363929,-0.679334
1.852382,1.361882,-0.66881
1.854136,1.370067,-0.682841
1.852967,1.362467,-0.676703
1.856182,1.367436,-0.685618
1.847121,1.368898,-0.680503
1.853552,1.363344,-0.680941
1.854721,1.361882,-0.684741
1.855305,1.365683,-0.675095
1.856475,1.363636,-0.679918
1.845951,1.364513,-0.681818
1.85589,1.364806,-0.682695
1.847705,1.371236,-0.685326
1.857644,1.370067,-0.673341
1.856475,1.369483,-0.676849
1.852675,1.369483,-0.679041
1.849752,1.36656,-0.67188
1.851798,1.367144,-0.671587
1.851505,1.366267,-0.67641
1.84829,1.358082,-0.688688
1.85589,1.364513,-0.68328
1.853844,1.363344,-0.690149
1.851798,1.364221,-0.677726
1.848582,1.366267,-0.678895
1.855013,1.363052,-0.680064
1.863783,1.367144,-0.680064
1.854721,1.363929,-0.669103
1.852675,1.364221,-0.685472
1.848582,1.36539,-0.672756
1.85589,1.361006,-0.671003
1.858229,1.36159,-0.67451
1.852675,1.363636,-0.681672
1.854136,1.358667,-0.677287
1.857936,1.370067,-0.670126
1.849167,1.365098,-0.668956
1.849752,1.365098,-0.674803
1.852382,1.366852,-0.670564
1.857352,1.369775,-0.679041
1.853844,1.361298,-0.668079
1.856475,1.359252,-0.678164
1.858229,1.367144,-0.670126
1.854721,1.364221,-0.684449
1.844198,1.358082,-0.681818
1.85589,1.361882,-0.669541
1.849459,1.35779,-0.676557
1.85589,1.368898,-0.677726
1.857352,1.372698,-0.680503
1.854136,1.36159,-0.676703
1.85209,1.361006,-0.667203
1.849459,1.362467,-0.678895
1.855598,1.368021,-0.671149
1.852675,1.365098,-0.677141
1.851798,1.36656,-0.682987
1.858521,1.365098,-0.678018
1.854429,1.364806,-0.679041
1.857936,1.365683,-0.672756
1.856182,1.360713,-0.679334
1.845075,1.363344,-0.670418
1.851798,1.356329,-0.674218
1.848582,1.362467,-0.67071
1.851505,1.366852,-0.685911
1.852382,1.363636,-0.680503
1.851505,1.356621,-0.690588
1.850921,1.36539,-0.679041
1.852967,1.360713,-0.68518
1.846244,1.359252,-0.674803
1.855305,1.358375,-0.679334
1.851505,1.361006,-0.676557
1.850628,1.36539,-0.680064
1.84829,1.364513,-0.679041
1.853844,1.364806,-0.681087
1.856182,1.36159,-0.674657
1.852675,1.365098,-0.676995
1.852675,1.364806,-0.679772
1.850921,1.361882,-0.678603
1.850921,1.364513,-0.679918
1.85589,1.363344,-0.680941
1.852382,1.360713,-0.673487
1.851213,1.36656,-0.68021
1.848582,1.360713,-0.680503
1.851505,1.361882,-0.675826
1.86349,1.364221,-0.67831
1.854721,1.368606,-0.679626
1.859105,1.369483,-0.681672
1.852675,1.362759,-0.671733
1.849752,1.360713,-0.675095
1.853844,1.358959,-0.675095
1.850921,1.368606,-0.682403
1.85589,1.35399,-0.689272
1.853552,1.363052,-0.676118
1.856182,1.365975,-0.681672
1.847998,1.358375,-0.704911
1.854721,1.36656,-0.704911
1.856182,1.365683,-0.705057
1.856475,1.36159,-0.679334
1.853259,1.363052,-0.68021
1.854136,1.362467,-0.676703
1.860275,1.363344,-0.681234
1.857352,1.358959,-0.676118
1.860859,1.364806,-0.674072
1.859982,1.358375,-0.670418
1.860859,1.363636,-0.67948
1.858521,1.364513,-0.654487
1.856767,1.370067,-0.674218
1.860275,1.361298,-0.679334
1.853552,1.363636,-0.676995
1.859105,1.364221,-0.668664
1.853552,1.359544,-0.675241
1.852675,1.36656,-0.675533
1.856475,1.364513,-0.668079
1.857059,1.366267,-0.68138
1.855305,1.36539,-0.674072
1.854429,1.363929,-0.685034
1.850336,1.36159,-0.666618
1.849167,1.36919,-0.67261
1.859105,1.36919,-0.669833
1.851798,1.364221,-0.675387
1.859982,1.363344,-0.67641
1.854136,1.364221,-0.666764
1.854721,1.374452,-0.679187
1.857352,1.365683,-0.679334
1.860567,1.368898,-0.675095
1.851798,1.37036,-0.67641
1.854136,1.366267,-0.67261
1.856182,1.365683,-0.675387
1.853552,1.367436,-0.681234
1.856475,1.362759,-0.682987
1.853259,1.367436,-0.684741
1.853844,1.369483,-0.679334
1.84449,1.362175,-0.671149
1.845659,1.357498,-0.679187
1.852967,1.366852,-0.677141
1.847413,1.361882,-0.678603
1.84829,1.358667,-0.666472
1.850628,1.368021,-0.682695
1.854721,1.362759,-0.671587
1.852967,1.373283,-0.676703
1.847413,1.36919,-0.675533
1.851798,1.366852,-0.665887
1.856475,1.368898,-0.668956
1.858813,1.368606,-0.67641
1.854721,1.369483,-0.669687
1.855305,1.370944,-0.684449
1.854429,1.372698,-0.680795
1.851505,1.374744,-0.694388
1.858521,1.37416,-0.685618
1.856182,1.366852,-0.686349
1.852967,1.36656,-0.687664
1.85969,1.368313,-0.674657
1.855598,1.367144,-0.680795
1.851798,1.367729,-0.680064
1.855013,1.363929,-0.68328
1.857352,1.36656,-0.682987
1.849167,1.355744,-0.667056
1.860859,1.368606,-0.676849
1.856767,1.364513,-0.677287
1.853259,1.367436,-0.670856
1.863198,1.363929,-0.668518
1.857352,1.362175,-0.672026
1.856767,1.362175,-0.691611
1.857059,1.363929,-0.686349
1.857644,1.364221,-0.687226
1.860567,1.365098,-0.68138
1.847121,1.365975,-0.67568
1.858521,1.363929,-0.679772
1.85589,1.369775,-0.678018
1.859982,1.371236,-0.640456
1.858521,1.368606,-0.689711
1.85589,1.368606,-0.672756
1.851213,1.364513,-0.681087
1.852382,1.368313,-0.675826
1.862029,1.371821,-0.687226
1.852675,1.367729,-0.674072
1.856475,1.369775,-0.675387
1.853844,1.374744,-0.685472
1.861444,1.359544,-0.670856
1.849459,1.366852,-0.680795
1.850336,1.364513,-0.681526
1.853259,1.370067,-0.680064
1.858229,1.366267,-0.69468
1.860567,1.367729,-0.67831
1.863198,1.371236,-0.680064
1.855598,1.367436,-0.676849
1.846536,1.369775,-0.677287
1.866121,1.36919,-0.675387
1.853552,1.361006,-0.68138
1.856475,1.364221,-0.684741
1.857936,1.360129,-0.682257
1.85969,1.364513,-0.681234
1.85209,1.367436,-0.67641
1.857352,1.365683,-0.671733
1.854721,1.362175,-0.680064
1.854721,1.361298,-0.678749
1.854136,1.362467,-0.67261
1.857644,1.368021,-0.676703
1.853844,1.359544,-0.67378
1.85209,1.365683,-0.673487
1.850336,1.367144,-0.684887
1.851213,1.369775,-0.675533
1.850044,1.36159,-0.675095
1.853552,1.371529,-0.684887
1.847998,1.375037,-0.679334
1.847998,1.36159,-0.678895
1.851798,1.36539,-0.683134
1.855305,1.368606,-0.669103
1.849459,1.370652,-0.682987
1.851798,1.36539,-0.668226
1.85209,1.370652,-0.70798
1.856767,1.362759,-0.680064
1.853552,1.36919,-0.680795
1.852675,1.366852,-0.680795
1.855013,1.367144,-0.677726
1.847413,1.36919,-0.684303
1.850921,1.364806,-0.671733
1.858229,1.365975,-0.676264
1.85209,1.360421,-0.67451
1.851213,1.363929,-0.674364
1.853844,1.363929,-0.67071
1.85969,1.36919,-0.673633
1.854136,1.367729,-0.672318
1.849752,1.371529,-0.680795
1.857059,1.370652,-0.676995
1.849752,1.36919,-0.681526
1.855598,1.36656,-0.682403
1.853552,1.362759,-0.669249
1.848582,1.368606,-0.679334
1.846244,1.358375,-0.680795
1.85209,1.36159,-0.679772
1.860275,1.369775,-0.664279
1.855013,1.36539,-0.680503
1.854136,1.364806,-0.680795
1.84449,1.367144,-0.669395
1.846536,1.366852,-0.678749
1.853259,1.364513,-0.680795
1.850044,1.360421,-0.687957
1.855305,1.370944,-0.67641
1.846828,1.364513,-0.678895
1.852967,1.367436,-0.679772
1.849752,1.368313,-0.673633
1.859105,1.368606,-0.673633
1.851213,1.365098,-0.669541
1.850336,1.369775,-0.68138
1.855013,1.363344,-0.674364
1.849459,1.374452,-0.678018
1.850628,1.368021,-0.680357
1.857059,1.370067,-0.669687
1.85209,1.366852,-0.683426
1.84829,1.366852,-0.67378
1.852967,1.365683,-0.682549
1.850921,1.361006,-0.680503
1.851798,1.368021,-0.678749
1.850336,1.367436,-0.677433
1.860859,1.368606,-0.68328
1.855013,1.372406,-0.671003
1.859105,1.365975,-0.675533
1.858813,1.369775,-0.67451
1.856182,1.371529,-0.685472
1.860567,1.362175,-0.687372
1.855013,1.371821,-0.683864
1.858229,1.362175,-0.67758
1.854429,1.369483,-0.679626
1.845075,1.379421,-0.689418
1.844198,1.40456,-0.705788
1.827536,1.441684,-0.729465
1.793043,1.4829,-0.757819
1.793628,1.500438,-0.800058
1.77375,1.515639,-0.840251
1.766735,1.519439,-0.875329
1.770243,1.509208,-0.873575
1.775212,1.486992,-0.875329
1.774335,1.459222,-0.902514
1.792166,1.439638,-0.891991
1.807074,1.399298,-0.885121
1.826367,1.353405,-0.868167
1.83309,1.32739,-0.847121
1.841859,1.307805,-0.834844
1.849459,1.285589,-0.825636
1.854429,1.283543,-0.827828
1.851505,1.270973,-0.81862
1.864367,1.26425,-0.811166
1.870506,1.254604,-0.805466
1.870798,1.248758,-0.788951
1.880444,1.239696,-0.789243
1.875475,1.239696,-0.790704
1.876352,1.231511,-0.78632
1.880152,1.230634,-0.779597
1.879567,1.232681,-0.775066
1.880444,1.233265,-0.783251
1.88746,1.230342,-0.77755
1.883952,1.220111,-0.777843
1.888921,1.219819,-0.765273
1.884244,1.222742,-0.767466
1.890383,1.216019,-0.769073
1.889214,1.218942,-0.77112
1.885414,1.220111,-0.764835
1.888629,1.213096,-0.76235
1.895937,1.216311,-0.763958
1.894475,1.212511,-0.773458
1.885121,1.208711,-0.768781
1.888337,1.211926,-0.76615
1.891552,1.217188,-0.762789
1.898275,1.213973,-0.764543
1.885998,1.215142,-0.765419
1.890968,1.212511,-0.754896
1.891552,1.210172,-0.767612
1.890968,1.214265,-0.766735
1.890968,1.215726,-0.77185
1.888629,1.210172,-0.77682
1.892721,1.206665,-0.767758
1.89126,1.220696,-0.76805
1.891552,1.213388,-0.764104
1.888044,1.21368,-0.762935
1.890091,1.219819,-0.772435
1.891845,1.216019,-0.772289
1.892721,1.210757,-0.762204
1.886583,1.220696,-0.774189
1.890968,1.219234,-0.772727
1.887167,1.211634,-0.773312
1.892429,1.214557,-0.77112
1.887167,1.218065,-0.766881
1.882491,1.219234,-0.776089
1.889214,1.218942,-0.776673
1.888044,1.210172,-0.764396
1.889214,1.210757,-0.765127
1.89506,1.219819,-0.766589
1.896521,1.215434,-0.764689
1.893014,1.215434,-0.768196
1.899152,1.217188,-0.767173
1.890675,1.213973,-0.768489
1.886291,1.208711,-0.77945
1.892137,1.208419,-0.77375
1.877521,1.215142,-0.777989
1.888337,1.207542,-0.76995
1.893306,1.211342,-0.765566
1.889506,1.211926,-0.774189
1.888337,1.213096,-0.766004
1.887167,1.212219,-0.766735
1.891845,1.216896,-0.76922
1.890383,1.214849,-0.764689
1.889214,1.216311,-0.763666
1.88746,1.215142,-0.770973
1.881906,1.21368,-0.762204
1.890675,1.212511,-0.76425
1.890968,1.214557,-0.759573
1.888337,1.211049,-0.76805
1.889506,1.215434,-0.760158
1.882783,1.214265,-0.767612
1.885998,1.206372,-0.76235
1.887752,1.213388,-0.760012
1.893306,1.211926,-0.766296
1.885998,1.213973,-0.758842
1.886875,1.213973,-0.763519
1.887752,1.215726,-0.767466
1.889214,1.215726,-0.759866
1.892721,1.214265,-0.766443
1.884537,1.213096,-0.764981
1.890675,1.211342,-0.768343
1.889798,1.217188,-0.759427
1.890968,1.212803,-0.754604
1.888044,1.217188,-0.764689
1.881906,1.209003,-0.760889
1.892429,1.210172,-0.760596
1.888044,1.208711,-0.758842
1.886875,1.210465,-0.766296
1.877813,1.208711,-0.770096
1.886291,1.221865,-0.761619
1.886291,1.217773,-0.765419
1.890968,1.211926,-0.766881
1.886875,1.213973,-0.761327
1.888629,1.209296,-0.771558
1.888337,1.207834,-0.772289
1.892429,1.215434,-0.762935
1.887167,1.212511,-0.777258
1.893014,1.21865,-0.768343
1.890675,1.216019,-0.784566
1.893014,1.213388,-0.768196
1.896814,1.210757,-0.775504
1.882491,1.21368,-0.770973
1.889214,1.209296,-0.770535
1.893014,1.216896,-0.771558
1.892721,1.217773,-0.765419
1.890383,1.212219,-0.770827
1.890968,1.209296,-0.772435
1.895352,1.210465,-0.771558
1.885998,1.208419,-0.76235
1.892137,1.210172,-0.758258
1.891845,1.212511,-0.76922
1.888629,1.216019,-0.755919
1.887167,1.214849,-0.767758
1.889798,1.213388,-0.764543
1.888337,1.213388,-0.766443
1.891845,1.220696,-0.765273
1.88746,1.220403,-0.766296
1.878983,1.23385,-0.783397
1.865244,1.250804,-0.799328
1.854136,1.291728,-0.834844
1.827536,1.338205,-0.862613
1.805612,1.389652,-0.881614
1.784274,1.438761,-0.880444
1.779597,1.472961,-0.886729
1.764396,1.494008,-0.887314
1.760889,1.512716,-0.864952
1.762643,1.512716,-0.852675
1.769073,1.518854,-0.843905
1.776089,1.508916,-0.817451
1.781935,1.498977,-0.802251
1.781935,1.503362,-0.795089
1.791581,1.494884,-0.790851
1.791581,1.492546,-0.77872
1.789535,1.486115,-0.773312
1.795966,1.484946,-0.76615
1.792751,1.4715,-0.765566
1.801228,1.466238,-0.766443
1.800935,1.46273,-0.757527
1.803274,1.468284,-0.749342
1.802689,1.462146,-0.748758
1.800935,1.458053,-0.755042
1.805028,1.450453,-0.748758
1.811751,1.452207,-0.748904
1.817889,1.443145,-0.746273
1.813213,1.446653,-0.74145
1.808243,1.445192,-0.744227
1.812043,1.44753,-0.743058
1.813797,1.446361,-0.731073
1.815843,1.448992,-0.738381
1.819936,1.448992,-0.730488
1.813505,1.443438,-0.725519
1.810289,1.440514,-0.732388
1.816428,1.448992,-0.738381
1.821982,1.451915,-0.741304
1.817889,1.454838,-0.731511
1.823736,1.445192,-0.725811
1.818766,1.441684,-0.73078
1.821105,1.446361,-0.735896
1.820813,1.450453,-0.737357
1.817889,1.446361,-0.722888
1.814966,1.442853,-0.735311
1.818766,1.442268,-0.716457
1.821397,1.440514,-0.742765
1.818766,1.441391,-0.729757
1.815259,1.445484,-0.740281
1.814089,1.448115,-0.734581
1.815551,1.44753,-0.740865
1.814674,1.449284,-0.741742
1.823443,1.444607,-0.72888
1.823151,1.448992,-0.737211
1.82549,1.453961,-0.729465
1.822567,1.454253,-0.736919
1.814089,1.446361,-0.729027
1.830459,1.445776,-0.736188
1.821397,1.445484,-0.740865
1.821105,1.446361,-0.727273
1.818766,1.445192,-0.727565
1.817597,1.446361,-0.733119
1.811459,1.445192,-0.733411
1.814382,1.445484,-0.730342
1.814966,1.446068,-0.736188
1.811166,1.445484,-0.731804
1.81292,1.444607,-0.728296
1.814089,1.440222,-0.734873
1.822859,1.44373,-0.724642
1.82052,1.446068,-0.73385
1.820813,1.446945,-0.735019
1.816428,1.442561,-0.736773
1.814674,1.441684,-0.735165
1.816136,1.433207,-0.731511
1.814382,1.442268,-0.730342
1.815551,1.445192,-0.73005
1.817889,1.438468,-0.725227
1.815259,1.442853,-0.735896
1.815259,1.43993,-0.72698
1.823443,1.446361,-0.726103
1.82052,1.441976,-0.740573
1.810289,1.446361,-0.735019
1.814382,1.448115,-0.724934
1.814089,1.446653,-0.735457
1.817597,1.441976,-0.733119
1.819643,1.438761,-0.730927
1.821105,1.441099,-0.729319
1.810874,1.441976,-0.733704
1.814089,1.435253,-0.735165
1.817597,1.443438,-0.728588
1.809412,1.442561,-0.735604
1.812336,1.443438,-0.729757
1.80912,1.445776,-0.724788
1.814382,1.441976,-0.735165
1.814966,1.445484,-0.736481
1.816136,1.448992,-0.738088
1.808243,1.444022,-0.730196
1.808243,1.444607,-0.725665
1.812336,1.440222,-0.73078
1.814966,1.440514,-0.739988
1.81292,1.448115,-0.732973
1.814382,1.439638,-0.740865
1.814089,1.443438,-0.728588
1.814674,1.442561,-0.736188
1.804151,1.441976,-0.738088
1.807951,1.448407,-0.737065
1.823443,1.452499,-0.737065
1.812336,1.445776,-0.73955
1.817013,1.445484,-0.727857
1.807659,1.441391,-0.727273
1.815551,1.442853,-0.721865
1.813797,1.440514,-0.729465
1.809997,1.450161,-0.729173
1.817889,1.442268,-0.737796
1.81672,1.442853,-0.737065
1.812043,1.449284,-0.730634
1.807659,1.441684,-0.737065
1.809705,1.445192,-0.732096
1.810582,1.447822,-0.733557
1.819643,1.441976,-0.741304
1.807659,1.443145,-0.745981
1.81672,1.438761,-0.727565
1.814966,1.450161,-0.73765
1.809412,1.445776,-0.740719
1.805612,1.434084,-0.740427
1.813213,1.447238,-0.734142
1.814382,1.446945,-0.72128
1.814674,1.444899,-0.723911
1.809997,1.444607,-0.723327
1.806489,1.436422,-0.727273
1.811166,1.448699,-0.722742
1.813213,1.444022,-0.73078
1.815551,1.439638,-0.734142
1.808828,1.445192,-0.73268
1.818182,1.443438,-0.737942
1.81292,1.440514,-0.739842
1.818182,1.439638,-0.738819
1.815259,1.444607,-0.735165
1.814382,1.444314,-0.74525
1.815259,1.444314,-0.743935
1.819643,1.442853,-0.742034
1.814966,1.444899,-0.737942
1.815843,1.451915,-0.735311
1.814089,1.439345,-0.729904
1.819351,1.443438,-0.734727
1.817889,1.442561,-0.730927
1.814674,1.445192,-0.73955
1.812628,1.438761,-0.72888
1.807659,1.444022,-0.737065
1.812336,1.450161,-0.73005
1.817597,1.450161,-0.737357
1.82052,1.446068,-0.732096
1.812336,1.442561,-0.72888
1.807074,1.443145,-0.738088
1.82052,1.446361,-0.730342
1.818474,1.446653,-0.73575
1.814966,1.443145,-0.736919
1.817889,1.446945,-0.733119
1.816136,1.44373,-0.734873
1.814089,1.456007,-0.738234
1.811166,1.454838,-0.737211
1.812043,1.446653,-0.734581
1.818182,1.444022,-0.743788
1.81292,1.446361,-0.737065
1.811751,1.440222,-0.730927
1.811459,1.452207,-0.735896
1.819351,1.445776,-0.735019
1.819936,1.44373,-0.742473
1.815551,1.44753,-0.737504
1.810582,1.444607,-0.74145
1.817013,1.444607,-0.742765
1.820228,1.441391,-0.735896
1.814382,1.446945,-0.733411
1.819351,1.451038,-0.736334
1.80532,1.443145,-0.725957
1.819643,1.441976,-0.736334
1.814089,1.446068,-0.733704
1.814382,1.444607,-0.736334
1.812043,1.446361,-0.734142
1.808243,1.451915,-0.738673
1.821105,1.452499,-0.731073
1.822567,1.445192,-0.741011
1.813797,1.45133,-0.736481
1.815843,1.446945,-0.723911
1.814674,1.45133,-0.73385
1.819351,1.449284,-0.744373
1.82052,1.443145,-0.745104
1.817889,1.444314,-0.733411
1.814089,1.437884,-0.738527
1.81672,1.436714,-0.733119
1.814089,1.447238,-0.740865
1.812336,1.437591,-0.728734
1.814674,1.444022,-0.741888
1.813797,1.444607,-0.733411
1.817305,1.445192,-0.735604
1.820228,1.441099,-0.739696
1.817305,1.446068,-0.735896
1.816136,1.444899,-0.739988
1.82052,1.436422,-0.734727
1.817013,1.446945,-0.742327
1.818766,1.444607,-0.739258
1.816136,1.444022,-0.741888
1.815843,1.441976,-0.732242
1.82169,1.442853,-0.740573
1.820813,1.447822,-0.743204
1.823151,1.438761,-0.73765
1.821105,1.444314,-0.743204
1.817889,1.439345,-0.733557
1.817889,1.439638,-0.726688
1.821105,1.449868,-0.734288
1.825782,1.444899,-0.730488
1.814966,1.44373,-0.740719
1.817889,1.438761,-0.742765
1.81672,1.437299,-0.736188
1.815551,1.444022,-0.735165
1.814089,1.444607,-0.738088
1.82169,1.440514,-0.726103
1.818474,1.441976,-0.743642
1.819936,1.442853,-0.733704
1.817013,1.438761,-0.743935
1.822567,1.437884,-0.741596
1.815843,1.435253,-0.746565
1.817597,1.439345,-0.730927
1.817597,1.449576,-0.745688
1.815259,1.44373,-0.750512
1.815551,1.441684,-0.742619
1.809997,1.433791,-0.736481
1.815843,1.432622,-0.74335
1.817889,1.436422,-0.741742
1.814674,1.438176,-0.741304
1.812336,1.432914,-0.736773
1.816428,1.442268,-0.727565
1.822859,1.440514,-0.734873
1.816136,1.443438,-0.736773
1.811751,1.437007,-0.734727
1.813797,1.440807,-0.748465
1.812336,1.444314,-0.741888
1.814674,1.438176,-0.734727
1.811459,1.44753,-0.732388
1.818474,1.445484,-0.738088
1.817305,1.444899,-0.741742
1.818474,1.437884,-0.732388
1.818474,1.43993,-0.742619
1.819936,1.443145,-0.737065
1.813797,1.443438,-0.737796
1.812628,1.450453,-0.73195
1.823151,1.444899,-0.735457
1.814674,1.441391,-0.742473
1.816428,1.446945,-0.746419
1.814382,1.439638,-0.729757
1.810289,1.44373,-0.729757
1.815551,1.445484,-0.736919
1.815551,1.442268,-0.739258
1.817013,1.452792,-0.736042
1.818182,1.440514,-0.738527
1.820813,1.445484,-0.74335
1.813505,1.44373,-0.736188
1.807074,1.445776,-0.734727
1.818766,1.441391,-0.727711
1.818766,1.439345,-0.724642
1.812628,1.448992,-0.742911
1.807074,1.444314,-0.733119
1.817889,1.444314,-0.729319
1.809997,1.442853,-0.73268
1.808243,1.438761,-0.731511
1.80912,1.444022,-0.736627
1.811459,1.437007,-0.739111
1.813505,1.446653,-0.73385
1.813797,1.44373,-0.732242
1.816428,1.441391,-0.734873
1.816428,1.440222,-0.734581
1.822274,1.441391,-0.733996
1.816428,1.444607,-0.720403
1.817597,1.441391,-0.728734
1.814382,1.43993,-0.731511
1.817597,1.441684,-0.732827
1.813213,1.447822,-0.730488
1.807951,1.441684,-0.737065
1.817889,1.439345,-0.740134
1.81672,1.441976,-0.743496
1.810874,1.443438,-0.732096
1.811751,1.450453,-0.723327
1.812336,1.441391,-0.737796
1.82169,1.448992,-0.731219
1.813213,1.437007,-0.734434
1.817889,1.447822,-0.735019
1.817597,1.44373,-0.731657
1.818766,1.442268,-0.737796
1.817013,1.435253,-0.72815
1.815843,1.446945,-0.726542
1.819059,1.437884,-0.737504
1.819351,1.439053,-0.73385
1.821982,1.440222,-0.733119
1.817305,1.441976,-0.72698
1.817597,1.444314,-0.73268
1.811751,1.446361,-0.737504
1.81292,1.443145,-0.731365
1.817305,1.440514,-0.725373
1.820228,1.445484,-0.72698
1.819936,1.444022,-0.734434
1.824613,1.442268,-0.728296
1.824905,1.443145,-0.733704
1.815843,1.43993,-0.728442
1.815843,1.440514,-0.729173
1.817305,1.441391,-0.727857
1.807951,1.43993,-0.74335
1.810874,1.446361,-0.732388
1.807951,1.440807,-0.734434
1.818766,1.439345,-0.743935
1.814966,1.441684,-0.739258
1.814674,1.437884,-0.736481
1.819351,1.441099,-0.741304
1.81672,1.441099,-0.732827
1.812336,1.442853,-0.725811
1.814966,1.441684,-0.730342
1.819936,1.435545,-0.73385
1.818474,1.449576,-0.727419
1.820228,1.444022,-0.731657
1.813505,1.43613,-0.734581
1.818766,1.437884,-0.735311
1.813505,1.439053,-0.740427
1.820228,1.436422,-0.735896
1.813505,1.433499,-0.72245
1.821982,1.44373,-0.724934
1.816136,1.444899,-0.729173
1.821397,1.442268,-0.729319
1.813505,1.441099,-0.736334
1.820228,1.441976,-0.732827
1.818766,1.44373,-0.734142
1.820813,1.438468,-0.739988
1.817597,1.436714,-0.733119
1.819936,1.441099,-0.727711
1.818474,1.441684,-0.732827
1.825197,1.43496,-0.736481
1.82052,1.440807,-0.733996
1.827243,1.446361,-0.734142
1.824028,1.443145,-0.733265
1.817889,1.441099,-0.736773
1.808243,1.446653,-0.738234
1.822859,1.437591,-0.740134
1.820228,1.440222,-0.740134
1.819059,1.445776,-0.731219
1.811459,1.446361,-0.736334
1.812628,1.442561,-0.741011
1.816428,1.450745,-0.739696
1.815551,1.447238,-0.737065
1.813505,1.442268,-0.743642
1.817305,1.444314,-0.736334
1.821982,1.448407,-0.735019
1.80912,1.449284,-0.73955
1.81672,1.445484,-0.741011
1.80912,1.439638,-0.742619
1.814089,1.449284,-0.731804
1.810289,1.449284,-0.734142
1.814674,1.452499,-0.737796
1.810582,1.442561,-0.72888
1.814966,1.442853,-0.72815
1.808828,1.446653,-0.734288
1.81292,1.444899,-0.72815
1.816428,1.44373,-0.732827
1.818766,1.448407,-0.731073
1.815551,1.436714,-0.744227
1.813213,1.451915,-0.743058
1.810874,1.444022,-0.73575
1.819351,1.444314,-0.741011
1.813797,1.446361,-0.734142
1.812336,1.450745,-0.736334
1.808828,1.446653,-0.734727
1.817305,1.448115,-0.735457
1.818474,1.444022,-0.732534
1.813213,1.448992,-0.726396
1.810289,1.445776,-0.722888
1.814674,1.442853,-0.727565
1.815551,1.445192,-0.730196
1.815843,1.43993,-0.724057
1.81292,1.445776,-0.730634
1.817889,1.439345,-0.73765
1.814966,1.449284,-0.740134
1.815551,1.445484,-0.734873
1.814382,1.441976,-0.734142
1.81292,1.444899,-0.740865
1.814966,1.43613,-0.729027
1.813505,1.452499,-0.746419
1.809412,1.449284,-0.731365
1.808828,1.449284,-0.73765
1.812628,1.445776,-0.73268
1.81292,1.438176,-0.734142
1.813505,1.444314,-0.735311
1.819059,1.442561,-0.736627
1.815551,1.44753,-0.733704
1.806197,1.451622,-0.740281
1.814674,1.444022,-0.738381
1.810874,1.440807,-0.73575
1.815551,1.437299,-0.741304
1.81292,1.437007,-0.741888
1.802982,1.442853,-0.755627
1.799766,1.471792,-0.77302
1.781643,1.496931,-0.784127
1.78135,1.508331,-0.827682
1.76995,1.514762,-0.855305
1.767612,1.508039,-0.875475
1.76995,1.484361,-0.89506
1.77755,1.460099,-0.896083
1.789243,1.430284,-0.890383
1.799766,1.404268,-0.884829
1.808535,1.362467,-0.870213
1.82812,1.338205,-0.853113
1.838059,1.312482,-0.851944
1.838059,1.291435,-0.836451
1.84449,1.287051,-0.825343
1.852382,1.277697,-0.811312
1.858813,1.26045,-0.806635
1.862613,1.250219,-0.814089
1.871675,1.251681,-0.800497
1.870506,1.239111,-0.787343
1.868459,1.241158,-0.796258
1.869629,1.237357,-0.779597
1.875475,1.239404,-0.791728
1.873137,1.235311,-0.779743
1.874013,1.232681,-0.775066
1.885414,1.228296,-0.773312
1.875183,1.22625,-0.772873
1.88746,1.231511,-0.772289
1.881029,1.22245,-0.765566
1.889214,1.218357,-0.774335
1.888337,1.221865,-0.775066
1.881029,1.218357,-0.75855
1.885998,1.215434,-0.767173
1.890968,1.218942,-0.774335
1.895352,1.213388,-0.776235
1.890091,1.213973,-0.759427
1.887167,1.212511,-0.761473
1.886291,1.213096,-0.773312
1.886583,1.211634,-0.764981
1.89126,1.208711,-0.766004
1.893014,1.213388,-0.763227
1.891552,1.212511,-0.766296
1.886875,1.21748,-0.766881
1.885121,1.211926,-0.769658
1.888337,1.215434,-0.780327
1.890968,1.211342,-0.772143
1.888921,1.207834,-0.775066
1.890383,1.215434,-0.763373
1.892137,1.212803,-0.764543
1.890968,1.212803,-0.770681
1.888044,1.214557,-0.769512
1.88366,1.207249,-0.770973
1.89126,1.215434,-0.768781
1.892137,1.214265,-0.77492
1.890383,1.204619,-0.78252
1.893598,1.216603,-0.773312
1.886875,1.218065,-0.765419
1.888044,1.213096,-0.758404
1.890383,1.205495,-0.759427
1.890675,1.209588,-0.772727
1.885414,1.211634,-0.772873
1.881906,1.211926,-0.765566
1.889798,1.20988,-0.768927
1.892137,1.210172,-0.765127
1.886875,1.209296,-0.768781
1.897106,1.211342,-0.766443
1.89506,1.215142,-0.763812
1.889798,1.204619,-0.765566
1.884829,1.210757,-0.768781
1.894183,1.207249,-0.775504
1.886875,1.211926,-0.757235
1.881029,1.212803,-0.768927
1.881906,1.216896,-0.762496
1.882198,1.215434,-0.770243
1.888629,1.208711,-0.768781
1.895352,1.213388,-0.765419
1.894475,1.215142,-0.771704
1.893306,1.216311,-0.768781
1.88746,1.212219,-0.765127
1.89126,1.203449,-0.766296
1.882783,1.208126,-0.770535
1.890675,1.211634,-0.765419
1.887752,1.215434,-0.772873
1.888044,1.215434,-0.759135
1.883367,1.20608,-0.770243
1.886291,1.212511,-0.77755
1.888921,1.217773,-0.772435
1.888921,1.222157,-0.764689
1.883952,1.211926,-0.768635
1.885121,1.208419,-0.76615
1.894183,1.210465,-0.77375
1.884537,1.211049,-0.778135
1.882491,1.219526,-0.767612
1.885121,1.211926,-0.781643
1.892429,1.211926,-0.780766
1.882198,1.210465,-0.770389
1.882783,1.212219,-0.776527
1.890675,1.209296,-0.773312
1.891552,1.214557,-0.773166
1.886291,1.208419,-0.776235
1.888921,1.213388,-0.771412
1.884537,1.215434,-0.768196
1.884829,1.210757,-0.761912
1.888044,1.208419,-0.762496
1.893306,1.207542,-0.768635
1.881321,1.207834,-0.770243
1.892137,1.208711,-0.778866
1.889506,1.211926,-0.76615
1.885998,1.210757,-0.780035
1.888629,1.216311,-0.757966
1.888921,1.20988,-0.759427
1.888629,1.207542,-0.767466
1.890383,1.208419,-0.767173
1.893598,1.215142,-0.771704
1.883075,1.210172,-0.762789
1.884244,1.208126,-0.758842
1.888921,1.21748,-0.768927
1.890968,1.208711,-0.765273
1.875475,1.20988,-0.75285
1.887752,1.214849,-0.769804
1.890675,1.213388,-0.758696
1.886291,1.205788,-0.769512
1.887167,1.208126,-0.772143
1.890968,1.216019,-0.772143
1.886875,1.216019,-0.765712
1.88746,1.215434,-0.765566
1.888629,1.215726,-0.775212
1.888337,1.207249,-0.774043
1.883075,1.212511,-0.771266
1.893891,1.206665,-0.763081
1.887167,1.209296,-0.770827
1.885998,1.20988,-0.774773
1.892429,1.208126,-0.775797
1.885414,1.211634,-0.767904
1.888921,1.20608,-0.769658
1.885414,1.212511,-0.775504
1.888921,1.209003,-0.776089
1.893598,1.211049,-0.769366
1.888629,1.20228,-0.771996
1.896814,1.210172,-0.775504
1.889506,1.210172,-0.773312
1.889214,1.211634,-0.775358
1.884537,1.212803,-0.777697
1.885706,1.215142,-0.772873
1.876644,1.204619,-0.776235
1.890383,1.202865,-0.780766
1.891552,1.204911,-0.77872
1.886875,1.204911,-0.774773
1.895937,1.195849,-0.766296
1.890675,1.211049,-0.770681
1.889798,1.20228,-0.767466
1.886875,1.208711,-0.768196
1.890091,1.211926,-0.766589
1.89506,1.204326,-0.778427
1.890383,1.214849,-0.77112
1.891552,1.212803,-0.775797
1.883952,1.211049,-0.778135
1.889506,1.211634,-0.769804
1.89126,1.207542,-0.765419
1.884244,1.210465,-0.771996
1.880737,1.210465,-0.768927
1.887167,1.210465,-0.762643
1.889214,1.21368,-0.776527
1.894768,1.206372,-0.782812
1.892429,1.209588,-0.776527
1.893306,1.21368,-0.770096
1.885706,1.206665,-0.76805
1.892721,1.206372,-0.772143
1.886875,1.206957,-0.770096
1.885998,1.209296,-0.77755
1.878106,1.208711,-0.760596
1.885121,1.211634,-0.768489
1.890383,1.218942,-0.765566
1.884829,1.211926,-0.763373
1.888629,1.211342,-0.765419
1.888629,1.213973,-0.755481
1.881029,1.20608,-0.766296
1.890675,1.210172,-0.773604
1.888044,1.206957,-0.772873
1.88366,1.210172,-0.772435
1.89506,1.211049,-0.779012
1.888629,1.215434,-0.76995
1.885706,1.214849,-0.777989
1.882491,1.215434,-0.775212
1.890968,1.215726,-0.771558
1.890968,1.215142,-0.775943
1.896521,1.216603,-0.77565
1.895937,1.211049,-0.779889
1.887167,1.207249,-0.767904
1.887752,1.215726,-0.766881
1.886583,1.22128,-0.776235
1.888337,1.209588,-0.772581
1.882491,1.207834,-0.763666
1.885414,1.216603,-0.772289
1.890091,1.220988,-0.769073
1.887752,1.213388,-0.770973
1.897106,1.20608,-0.765566
1.883952,1.219234,-0.774043
1.887167,1.233557,-0.786027
1.865244,1.258112,-0.809705
1.853552,1.295528,-0.850336
1.823443,1.348144,-0.869775
1.802982,1.400175,-0.889944
1.781935,1.447238,-0.890383
1.776089,1.47413,-0.892429
1.769073,1.500438,-0.887752
1.76615,1.517393,-0.880006
1.771412,1.520608,-0.851798
1.77375,1.515639,-0.830459
1.779304,1.507454,-0.829728
1.782227,1.505116,-0.808974
1.785151,1.500731,-0.796405
1.78632,1.4981,-0.790997
1.789535,1.491377,-0.78822
1.795674,1.488454,-0.787489
1.79012,1.477054,-0.766881
1.803566,1.468869,-0.770681
1.795966,1.464776,-0.766296
1.802689,1.465361,-0.757527
1.80912,1.45893,-0.763373
1.806782,1.460392,-0.756504
1.816428,1.464484,-0.761035
1.813797,1.454545,-0.738965
1.81672,1.453668,-0.740573
1.814966,1.450453,-0.742619
1.815843,1.45133,-0.747296
1.814089,1.446653,-0.741158
1.811751,1.444899,-0.741011
1.826951,1.448699,-0.736042
1.815551,1.453668,-0.737065
1.817305,1.447238,-0.732827
1.812628,1.446945,-0.739988
1.814382,1.444899,-0.747735
1.821105,1.444899,-0.732242
1.811751,1.444022,-0.730342
1.803274,1.446361,-0.734873
1.808243,1.445776,-0.731219
1.814674,1.442853,-0.736334
1.808535,1.440807,-0.743204
1.814089,1.441391,-0.735019
1.817305,1.446945,-0.734288
1.812628,1.440514,-0.732388
1.819643,1.43613,-0.734727
1.813797,1.441976,-0.736334
1.814089,1.441976,-0.740865
1.815551,1.444899,-0.745835
1.822859,1.43993,-0.740865
1.813505,1.444607,-0.748465
1.809997,1.443145,-0.740865
1.816428,1.440514,-0.74525
1.826074,1.439053,-0.731073
1.821105,1.437884,-0.739111
1.815551,1.440222,-0.740719
1.819351,1.440222,-0.730927
1.821105,1.442853,-0.736334
1.818474,1.441684,-0.732827
1.816136,1.434668,-0.748027
1.809705,1.440514,-0.734873
1.814674,1.437884,-0.746273
1.816136,1.43116,-0.734727
1.816136,1.444607,-0.743788
1.813505,1.441684,-0.742034
1.806489,1.436714,-0.747735
1.814674,1.434668,-0.738673
1.811751,1.432914,-0.724642
1.808243,1.437007,-0.738234
1.812336,1.433791,-0.747735
1.813505,1.434668,-0.747004
1.814382,1.432622,-0.738381
1.806489,1.433207,-0.741011
1.807951,1.434084,-0.737942
1.810582,1.43496,-0.736334
1.820813,1.446068,-0.742473
1.821105,1.439638,-0.740427
1.815843,1.437591,-0.74335
1.816136,1.443145,-0.748758
1.807366,1.440514,-0.730634
1.814382,1.437007,-0.732827
1.813505,1.43613,-0.735457
1.811751,1.438761,-0.735019
1.818182,1.430284,-0.746711
1.813797,1.432037,-0.730342
1.814966,1.428237,-0.72318
1.810289,1.434668,-0.738673
1.815843,1.429114,-0.736334
1.814674,1.43116,-0.744665
1.813797,1.440807,-0.737357
1.81292,1.435838,-0.740134
1.814674,1.440807,-0.736188
1.821105,1.43496,-0.736773
1.819643,1.435253,-0.736042
1.808828,1.441391,-0.734142
1.809997,1.43993,-0.737065
1.807366,1.442561,-0.743058
1.81672,1.433499,-0.727565
1.810289,1.43613,-0.727857
1.819643,1.436422,-0.738527
1.813797,1.432622,-0.733704
1.813213,1.434376,-0.755919
1.814089,1.436422,-0.734288
1.81672,1.437884,-0.739404
1.816136,1.441684,-0.743058
1.816428,1.431453,-0.740427
1.817889,1.437884,-0.736481
1.819936,1.441976,-0.737065
1.824613,1.440807,-0.737357
1.816428,1.444022,-0.733265
1.81292,1.439345,-0.731804
1.818474,1.442561,-0.744519
1.813505,1.437884,-0.735165
1.816136,1.437007,-0.744519
1.815551,1.439638,-0.735165
1.817013,1.442268,-0.742034
1.818766,1.437007,-0.742473
1.813797,1.441391,-0.738234
1.814382,1.435838,-0.742911
1.81672,1.442561,-0.72888
1.80912,1.441391,-0.736188
1.812628,1.433791,-0.72698
1.812336,1.442268,-0.738088
1.815843,1.437884,-0.738527
1.811166,1.438176,-0.732827
1.815551,1.444899,-0.741158
1.814966,1.444899,-0.744958
1.815259,1.449868,-0.742911
1.808243,1.446945,-0.734288
1.817305,1.444022,-0.742327
1.814674,1.43993,-0.734434
1.82052,1.441976,-0.737796
1.817597,1.441976,-0.743642
1.811459,1.435838,-0.736042
1.81292,1.44373,-0.744373
1.814089,1.441684,-0.744081
1.819936,1.441391,-0.738234
1.815843,1.43613,-0.742619
1.814966,1.442268,-0.738234
1.812043,1.438761,-0.740573
1.816428,1.43613,-0.741304
1.820813,1.447238,-0.742327
1.815843,1.433499,-0.744227
1.812628,1.440514,-0.738088
1.80912,1.442853,-0.733704
1.812043,1.439053,-0.731365
1.816428,1.432914,-0.730488
1.818474,1.438468,-0.732388
1.816428,1.443438,-0.740865
1.81292,1.43993,-0.744227
1.812628,1.440514,-0.740865
1.81672,1.437299,-0.742034
1.819643,1.444022,-0.742619
1.820228,1.434376,-0.738527
1.807366,1.438468,-0.721426
1.82052,1.44373,-0.734288
1.818182,1.441099,-0.733704
1.819059,1.438761,-0.737065
1.817305,1.440807,-0.74145
1.815551,1.440222,-0.72698
1.816428,1.438468,-0.733996
1.821105,1.445192,-0.736627
1.81292,1.442561,-0.730196
1.813213,1.446945,-0.731219
1.813797,1.43993,-0.738527
1.827536,1.439638,-0.729465
1.807951,1.444314,-0.734142
1.820813,1.441976,-0.735311
1.815259,1.437007,-0.737065
1.818766,1.440222,-0.738381
1.807366,1.434376,-0.727127
1.817597,1.435545,-0.72508
1.805905,1.437299,-0.737065
1.807366,1.43496,-0.742473
1.812043,1.439053,-0.737942
1.811751,1.438468,-0.740427
1.814966,1.429407,-0.747588
1.814966,1.437007,-0.735457
1.815843,1.437591,-0.743058
1.813213,1.432914,-0.739842
1.815259,1.436714,-0.753289
1.811751,1.440514,-0.748465
1.814089,1.435253,-0.736919
1.815843,1.43993,-0.742327
1.816428,1.450453,-0.743788
1.814089,1.442268,-0.736481
1.818766,1.443438,-0.741596
1.814089,1.438176,-0.736627
1.813213,1.445484,-0.737796
1.810874,1.44373,-0.741011
1.810874,1.442561,-0.740719
1.809412,1.441099,-0.742911
1.812628,1.448699,-0.743058
1.819351,1.437299,-0.742911
1.817597,1.438176,-0.734142
1.817305,1.446361,-0.739696
1.824613,1.442853,-0.735604
1.814089,1.445192,-0.753727
1.815843,1.441391,-0.732827
1.817305,1.439638,-0.73575
1.818474,1.440222,-0.747004
1.814966,1.43993,-0.738527
1.812628,1.440807,-0.74335
1.810874,1.441391,-0.740427
1.812628,1.438468,-0.749196
1.81292,1.440807,-0.741742
1.813505,1.440807,-0.743204
1.817013,1.441684,-0.741304
1.817305,1.444607,-0.733411
1.814382,1.43496,-0.736627
1.817597,1.435838,-0.738673
1.822859,1.439345,-0.733704
1.814966,1.433791,-0.743058
1.814089,1.437884,-0.735457
1.815259,1.443145,-0.745104
1.817013,1.43613,-0.745981
1.818474,1.439638,-0.748465
1.820813,1.439345,-0.740573
1.817597,1.43993,-0.739696
1.81292,1.441099,-0.747881
1.813213,1.444607,-0.740281
1.821982,1.434084,-0.738088
1.813797,1.436714,-0.740281
1.821982,1.44373,-0.737796
1.815843,1.444022,-0.745835
1.819351,1.446361,-0.753435
1.816428,1.440222,-0.744811
1.817305,1.439345,-0.734434
1.814674,1.437299,-0.747588
1.814674,1.43993,-0.747442
1.818182,1.443438,-0.739842
1.814089,1.439053,-0.740134
1.82052,1.439638,-0.742473
1.807366,1.435253,-0.744227
1.814089,1.440807,-0.735311
1.814966,1.445484,-0.738088
1.811166,1.442561,-0.743204
1.817597,1.435253,-0.740281
1.817597,1.449868,-0.747588
1.817889,1.442853,-0.757527
1.814674,1.43496,-0.752558
1.815843,1.441976,-0.748173
1.814674,1.439638,-0.739988
1.817597,1.43993,-0.743935
1.816136,1.433499,-0.750512
1.818766,1.439053,-0.742619
1.80912,1.444899,-0.731073
1.818474,1.443438,-0.743496
1.817889,1.438176,-0.737942
1.814382,1.446653,-0.743496
1.808535,1.439638,-0.742034
1.814674,1.442268,-0.748319
1.810289,1.441099,-0.738527
1.810289,1.438468,-0.746127
1.813213,1.435838,-0.748758
1.814966,1.439345,-0.735165
1.812043,1.447238,-0.742911
1.812628,1.446945,-0.742473
1.813505,1.442853,-0.743935
1.819936,1.443438,-0.740719
1.812043,1.439345,-0.742034
1.811751,1.440222,-0.746858
1.815843,1.437299,-0.741596
1.817889,1.445776,-0.746711
1.817013,1.441684,-0.743204
1.813505,1.441976,-0.745835
1.813797,1.442853,-0.745542
1.813213,1.444899,-0.738673
1.817013,1.439638,-0.744081
1.814089,1.441099,-0.733704
1.818474,1.44373,-0.73268
1.813797,1.438468,-0.742619
1.814089,1.442853,-0.740134
1.81292,1.437884,-0.748027
1.814089,1.45133,-0.744519
1.82052,1.442268,-0.742765
1.814674,1.437007,-0.739696
1.809412,1.438468,-0.744373
1.816428,1.445192,-0.750365
1.817013,1.438761,-0.741158
1.814966,1.439053,-0.74335
1.81292,1.441099,-0.736188
1.81672,1.43993,-0.74525
1.813505,1.441391,-0.740719
1.819643,1.446653,-0.74145
1.819936,1.444607,-0.738234
1.823443,1.441099,-0.746711
1.820813,1.444607,-0.74335
1.821105,1.441391,-0.740134
1.816136,1.435253,-0.738088
1.814382,1.441391,-0.750073
1.819643,1.449576,-0.754604
1.82052,1.444314,-0.743935
1.811751,1.440807,-0.74335
1.820228,1.448407,-0.740573
1.818474,1.438761,-0.744958
1.814966,1.441391,-0.74145
1.819351,1.440514,-0.740281
1.819351,1.43993,-0.739842
1.815259,1.441976,-0.72888
1.815259,1.439345,-0.745104
1.815551,1.441684,-0.752996
1.819936,1.440514,-0.749635
1.814382,1.442561,-0.744081
1.817013,1.446945,-0.739404
1.816136,1.442853,-0.735311
1.813505,1.440222,-0.741158
1.81672,1.437591,-0.733265
1.814674,1.437007,-0.726103
1.803859,1.43496,-0.739111
1.814966,1.437007,-0.744811
1.80912,1.439345,-0.741742
1.812043,1.441099,-0.743058
1.818766,1.442268,-0.737211
1.816428,1.439053,-0.738088
1.813797,1.448992,-0.742327
1.810582,1.437591,-0.737357
1.818474,1.442561,-0.73078
1.821982,1.440807,-0.73955
1.812336,1.437007,-0.749927
1.811459,1.443438,-0.741888
1.815843,1.43993,-0.74525
1.816136,1.441391,-0.740865
1.817597,1.44753,-0.743496
1.813797,1.444022,-0.742765
1.819351,1.444314,-0.752996
1.822274,1.440222,-0.742034
1.817013,1.441976,-0.747588
1.818182,1.438468,-0.737796
1.811751,1.451622,-0.714849
1.810582,1.460976,-0.772289
1.800058,1.476761,-0.804151
1.790704,1.505408,-0.817159
1.779012,1.517685,-0.848728
1.767904,1.505992,-0.870944
1.77112,1.490792,-0.892868
1.772581,1.468576,-0.897545
1.792166,1.435838,-0.895937
1.796843,1.410406,-0.897398
1.810874,1.365683,-0.885267
1.822274,1.337328,-0.871967
1.835721,1.312189,-0.852675
1.847705,1.296112,-0.845367
1.853844,1.277697,-0.829436
1.859105,1.271558,-0.835721
1.864952,1.262204,-0.825051
1.866706,1.253727,-0.807805
1.864367,1.250804,-0.809559
1.868459,1.242034,-0.805174
1.879275,1.238819,-0.80532
1.879275,1.224788,-0.795381
1.874013,1.229757,-0.781204
1.880444,1.229173,-0.787343
1.880444,1.232096,-0.795528
1.878398,1.224788,-0.79392
1.881614,1.223619,-0.78135
1.884537,1.226542,-0.775797
1.885998,1.215434,-0.790704
1.878106,1.215726,-0.790704
1.883075,1.214265,-0.781935
1.87986,1.216019,-0.784858
1.883952,1.217773,-0.77112
1.886875,1.214265,-0.772289
1.884244,1.208126,-0.772581
1.886291,1.208126,-0.77375
1.884244,1.206957,-0.775797
1.886291,1.213973,-0.764981
1.892429,1.211926,-0.767904
1.890383,1.211342,-0.772289
1.893306,1.213096,-0.775066
1.893014,1.214557,-0.774773
1.886583,1.207542,-0.76922
1.892137,1.201988,-0.767904
1.896229,1.205495,-0.767027
1.893014,1.207249,-0.782812
1.89506,1.207834,-0.768196
1.899737,1.207834,-0.771412
1.892429,1.206957,-0.77565
1.888921,1.209003,-0.776966
1.898275,1.212803,-0.779158
1.890091,1.209296,-0.779889
1.89886,1.206372,-0.778866
1.892137,1.205495,-0.782227
1.89126,1.209296,-0.769512
1.891552,1.211342,-0.771558
1.88746,1.203449,-0.765712
1.897691,1.208126,-0.777258
1.898568,1.211342,-0.784127
1.895352,1.211049,-0.77755
1.898275,1.214849,-0.774043
1.898275,1.202572,-0.777989
1.899445,1.206957,-0.775797
1.89506,1.214557,-0.767758
1.888921,1.20988,-0.773166
1.895352,1.209588,-0.777697
1.886583,1.209296,-0.782958
1.891552,1.20608,-0.786758
1.894475,1.212803,-0.770535
1.892429,1.206957,-0.778574
1.893306,1.209588,-0.782812
1.886875,1.210757,-0.789681
1.892137,1.216311,-0.777989
1.884537,1.201988,-0.787489
1.890968,1.210465,-0.777258
1.886291,1.205203,-0.774627
1.892429,1.201988,-0.774481
1.89126,1.212219,-0.775504
1.892137,1.209003,-0.772873
1.893598,1.213388,-0.780181
1.886875,1.208126,-0.772873
1.886291,1.212219,-0.778866
1.892721,1.206665,-0.773604
1.894183,1.208126,-0.787781
1.891552,1.207834,-0.770681
1.893891,1.211926,-0.771558
1.883367,1.207834,-0.773166
1.881906,1.203742,-0.77492
1.889798,1.209003,-0.780912
1.896521,1.207834,-0.775504
1.896229,1.208711,-0.772727
1.894768,1.208126,-0.769804
1.890091,1.205788,-0.772435
1.897106,1.204326,-0.783543
1.888337,1.206372,-0.775943
1.889506,1.209296,-0.770973
1.893306,1.209003,-0.780766
1.890383,1.210465,-0.766735
1.888629,1.209003,-0.775358
1.893891,1.205203,-0.774627
1.883367,1.206665,-0.777404
1.892137,1.205203,-0.768635
1.897983,1.211634,-0.768196
1.886583,1.209588,-0.772435
1.888044,1.200234,-0.771704
1.892721,1.204911,-0.777843
1.892721,1.209003,-0.764835
1.887167,1.209296,-0.773897
1.88746,1.206372,-0.769512
1.894183,1.208711,-0.767466
1.888629,1.210465,-0.77565
1.889506,1.215726,-0.77945
1.890091,1.210465,-0.779889
1.893306,1.213973,-0.769512
1.889798,1.211342,-0.778866
1.898275,1.211926,-0.76805
1.896521,1.210757,-0.767758
1.897983,1.212511,-0.776381
1.89126,1.213096,-0.768635
1.889506,1.207542,-0.76425
1.89126,1.210757,-0.772143
1.885998,1.210172,-0.767027
1.887752,1.213096,-0.773604
1.890968,1.20988,-0.761766
1.884537,1.205788,-0.776527
1.890968,1.214849,-0.769658
1.894475,1.213973,-0.773312
1.888629,1.211926,-0.780035
1.888337,1.209296,-0.781058
1.892429,1.208419,-0.776381
1.889214,1.209296,-0.764543
1.894768,1.211049,-0.778281
1.89126,1.208126,-0.765273
1.890383,1.205495,-0.774043
1.88366,1.211926,-0.762058
1.892721,1.209588,-0.766735
1.889214,1.212511,-0.77185
1.889798,1.214557,-0.784566
1.892429,1.208126,-0.764981
1.892721,1.211634,-0.77375
1.892721,1.211049,-0.769804
1.885121,1.213973,-0.76425
1.891845,1.206957,-0.775943
1.899152,1.204034,-0.765419
1.898275,1.213096,-0.775066
1.895645,1.210172,-0.774773
1.894475,1.205495,-0.76045
1.896229,1.20608,-0.773897
1.893891,1.214265,-0.771266
1.894183,1.207249,-0.779304
1.889506,1.213096,-0.774043
1.888044,1.206372,-0.764543
1.893014,1.211342,-0.763812
1.890383,1.218942,-0.77682
1.887167,1.216896,-0.770827
1.890968,1.207542,-0.768343
1.892429,1.20988,-0.753142
1.893014,1.215142,-0.769804
1.890675,1.210172,-0.770389
1.898275,1.21368,-0.763373
1.893891,1.218357,-0.770827
1.904999,1.215142,-0.779889
1.900029,1.210757,-0.756942
1.894768,1.208711,-0.774627
1.89506,1.208126,-0.784127
1.89506,1.210465,-0.767904
1.896521,1.207834,-0.766443
1.892721,1.209296,-0.763666
1.883075,1.200818,-0.762204
1.890968,1.210757,-0.759719
1.888629,1.211342,-0.77375
1.896814,1.210465,-0.76425
1.896814,1.211634,-0.774189
1.89126,1.214849,-0.762058
1.900614,1.209296,-0.77185
1.896229,1.212803,-0.75665
1.894183,1.205203,-0.769366
1.889214,1.202865,-0.768635
1.891552,1.206372,-0.776966
1.892137,1.206372,-0.77945
1.885121,1.205788,-0.76732
1.892721,1.208126,-0.771558
1.890675,1.205203,-0.775066
1.889214,1.209588,-0.77112
1.887752,1.209296,-0.769658
1.890091,1.212219,-0.777112
1.892137,1.209003,-0.768927
1.895645,1.205788,-0.772435
1.897106,1.215434,-0.77112
1.892429,1.205203,-0.766443
1.893598,1.207834,-0.774773
1.891845,1.206957,-0.772581
1.888629,1.203449,-0.781643
1.888337,1.210757,-0.772727
1.893306,1.211342,-0.778866
1.897106,1.206665,-0.776381
1.900029,1.205495,-0.77302
1.893014,1.211634,-0.767027
1.895645,1.207834,-0.770827
1.897983,1.209296,-0.773604
1.893306,1.205203,-0.773312
1.887752,1.216311,-0.778281
1.895937,1.212219,-0.77185
1.897398,1.204911,-0.77185
1.893598,1.216603,-0.768489
1.888921,1.214265,-0.766443
1.893891,1.213973,-0.774627
1.88746,1.213096,-0.77872
1.889506,1.204911,-0.766004
1.883952,1.206372,-0.774335
1.894183,1.206957,-0.774189
1.886583,1.204326,-0.76045
1.893598,1.213973,-0.77565
1.895352,1.210757,-0.76995
1.890383,1.218357,-0.769366
1.891552,1.213096,-0.772727
1.887752,1.211342,-0.763227
1.888044,1.208711,-0.772727
1.895352,1.211634,-0.767173
1.890968,1.210465,-0.774043
1.888629,1.212511,-0.762935
1.890675,1.205495,-0.770827
1.890675,1.210757,-0.764981
1.882783,1.211926,-0.768927
1.893014,1.21368,-0.766881
1.891552,1.212511,-0.764835
1.889798,1.209003,-0.772727
1.888921,1.211342,-0.758842
1.889506,1.207834,-0.772727
1.893014,1.216311,-0.773166
1.891552,1.212511,-0.771996
1.893306,1.207542,-0.782227
1.888337,1.211926,-0.768927
1.893891,1.210172,-0.772289
1.885998,1.209003,-0.770681
1.897983,1.204326,-0.771412
1.888044,1.213388,-0.76615
1.894183,1.211634,-0.766296
1.887167,1.205203,-0.771558
1.890383,1.201695,-0.768635
1.890383,1.211049,-0.767612
1.890383,1.20608,-0.761473
1.884537,1.207249,-0.764835
1.893598,1.205203,-0.765712
1.886583,1.207542,-0.761327
1.891552,1.20988,-0.773897
1.888337,1.204034,-0.767173
1.890383,1.211342,-0.76805
1.893306,1.213973,-0.765712
1.887167,1.211926,-0.769512
1.894768,1.209296,-0.77112
1.88746,1.206957,-0.77565
1.891845,1.212803,-0.771704
1.888337,1.211342,-0.761912
1.886875,1.20608,-0.76922
1.887752,1.213388,-0.758696
1.887752,1.21748,-0.766443
1.89126,1.216019,-0.755335
1.893306,1.209296,-0.765566
1.888044,1.211342,-0.771412
1.889798,1.212219,-0.763519
1.892721,1.207249,-0.763081
1.886583,1.20608,-0.766589
1.889506,1.204326,-0.759866
1.890383,1.221865,-0.763081
1.885998,1.210757,-0.765419
1.889798,1.209296,-0.778281
1.887752,1.204911,-0.761035
1.879275,1.207834,-0.770389
1.887752,1.213096,-0.758258
1.885998,1.212219,-0.763227
1.893598,1.210465,-0.76425
1.89126,1.20988,-0.759135
1.889798,1.207834,-0.761766
1.898275,1.206957,-0.762643
1.883952,1.210465,-0.76425
1.890675,1.206957,-0.762643
1.892137,1.20988,-0.764543
1.889798,1.211342,-0.757819
1.888044,1.204619,-0.760012
1.894183,1.214265,-0.766004
1.885414,1.213096,-0.759866
1.888044,1.213096,-0.772727
1.890675,1.20608,-0.765858
1.890383,1.208419,-0.77302
1.888337,1.202572,-0.762204
1.883367,1.219526,-0.761473
1.88746,1.20608,-0.757235
1.891552,1.204619,-0.759135
1.89506,1.208419,-0.764396
1.88366,1.206372,-0.768781
1.887167,1.215142,-0.758404
1.886583,1.210757,-0.765273
1.890383,1.214557,-0.759573
1.892429,1.211342,-0.765127
1.87986,1.20988,-0.770827
1.883952,1.207834,-0.766296
1.884829,1.217188,-0.764396
1.889506,1.206372,-0.759135
1.891552,1.216896,-0.766881
1.892721,1.210172,-0.763958
1.885706,1.212803,-0.766881
1.888044,1.21368,-0.76235
1.884244,1.208711,-0.763666
1.891552,1.216019,-0.769366
1.884244,1.210465,-0.766589
1.881029,1.207249,-0.764104
1.887167,1.210172,-0.770243
1.887167,1.212803,-0.765273
1.887167,1.209003,-0.766881
1.876937,1.211342,-0.760158
1.892721,1.211634,-0.775943
1.887167,1.215434,-0.758989
1.885121,1.213973,-0.763958
1.883367,1.212511,-0.768343
1.889798,1.211926,-0.770096
1.884829,1.210172,-0.773458
1.882491,1.213973,-0.771704
1.890383,1.208711,-0.765566
1.890675,1.21368,-0.765858
1.889506,1.212511,-0.766589
1.889214,1.210465,-0.768489
1.889798,1.209296,-0.774335
1.896521,1.22245,-0.766443
1.890091,1.219234,-0.76425
1.888629,1.224788,-0.763081
1.891845,1.209003,-0.78135
1.888337,1.212803,-0.76235
1.887752,1.213096,-0.765127
1.889506,1.212511,-0.758112
1.886875,1.20608,-0.766735
1.890675,1.212803,-0.767612
1.888629,1.214557,-0.755189
1.887752,1.208711,-0.770827
1.883367,1.214265,-0.76045
1.883952,1.218357,-0.773166
1.890968,1.211342,-0.761766
1.890675,1.211342,-0.76235
1.892137,1.215142,-0.754312
1.896814,1.209296,-0.769658
1.895645,1.211634,-0.772581
1.890675,1.21368,-0.766443
1.890091,1.204326,-0.757235
1.895352,1.212219,-0.768781
1.888629,1.220111,-0.760158
1.893014,1.211342,-0.763227
1.888921,1.216019,-0.751096
1.890383,1.206665,-0.762204
1.891552,1.211049,-0.758842
1.89506,1.215142,-0.770389
1.897106,1.216019,-0.768781
1.890091,1.211049,-0.75855
1.888337,1.205788,-0.769366
1.890091,1.211049,-0.763958
1.892429,1.209003,-0.761766
1.887167,1.204911,-0.769804
1.894475,1.214849,-0.772727
1.890091,1.21368,-0.772873
1.884829,1.207542,-0.767173
1.884829,1.214557,-0.762935
1.895645,1.210172,-0.767612
1.888337,1.212803,-0.773166
1.892137,1.212219,-0.766443
1.888337,1.211634,-0.780912
1.889798,1.208126,-0.767904
1.884244,1.212803,-0.772581
1.883952,1.210757,-0.769512
1.89506,1.210465,-0.765858
1.885998,1.215142,-0.76732
1.887752,1.207249,-0.769073
1.889214,1.213388,-0.771558
1.890091,1.211049,-0.764835
1.895937,1.216603,-0.775212
1.895352,1.209588,-0.765419
1.891552,1.210172,-0.764543
1.892429,1.208126,-0.768635
1.893598,1.208711,-0.76235
1.888629,1.204034,-0.76732
1.893014,1.216311,-0.757381
1.898568,1.211049,-0.764835
1.891845,1.212511,-0.767466
1.886875,1.208711,-0.763958
1.890968,1.20608,-0.76425
1.892137,1.212511,-0.765273
1.883367,1.211926,-0.766004
1.888337,1.213388,-0.769073
1.892429,1.203449,-0.759573
1.895937,1.212803,-0.762789
1.885414,1.212219,-0.768489
1.893014,1.211926,-0.760742
1.893306,1.211342,-0.763666
1.891845,1.213096,-0.770389
1.897983,1.216311,-0.770827
1.893598,1.208126,-0.761619
1.892429,1.215726,-0.763812
1.892429,1.211049,-0.768781
1.888337,1.215434,-0.76922
1.890091,1.209003,-0.767027
1.883075,1.209003,-0.761181
1.893014,1.213096,-0.766443
1.891845,1.215434,-0.762643
1.895645,1.212511,-0.769804
1.894768,1.211926,-0.768781
1.885414,1.206957,-0.773897
1.888629,1.202572,-0.76615
1.892137,1.213096,-0.762496
1.894768,1.208419,-0.754312
1.893891,1.206957,-0.757381
1.889214,1.205495,-0.76425
1.890383,1.204911,-0.765858
1.889798,1.207249,-0.752265
1.888629,1.21368,-0.764543
1.895937,1.209588,-0.755189
1.886583,1.211634,-0.756942
1.890675,1.218065,-0.761912
1.887167,1.215726,-0.755773
1.887167,1.211634,-0.770389
1.89126,1.211926,-0.759573
1.890675,1.215726,-0.755189
1.894768,1.215142,-0.768489
1.89506,1.214265,-0.761619
1.897398,1.214849,-0.76732
1.893598,1.210757,-0.759719
1.894768,1.213973,-0.76425
1.89126,1.213096,-0.764396
1.890675,1.206957,-0.772435
1.888921,1.212803,-0.764835
1.893891,1.205788,-0.763666
1.894183,1.209588,-0.761327
1.890091,1.204619,-0.771996
1.888629,1.217773,-0.752412
1.899737,1.209003,-0.758696
1.896521,1.209003,-0.762496
1.897106,1.209588,-0.766443
1.89886,1.213388,-0.763519
1.894475,1.212803,-0.769804
1.890968,1.211634,-0.766443
1.88746,1.215434,-0.760742
1.897106,1.209003,-0.767027
1.891552,1.204619,-0.759135
1.890968,1.211342,-0.760742
1.896229,1.205203,-0.761327
1.901783,1.213096,-0.761327
1.894475,1.211926,-0.767466
1.890091,1.213388,-0.760889
1.889798,1.204326,-0.753873
1.89506,1.210172,-0.755773
1.890091,1.212511,-0.751535
1.889214,1.215142,-0.758696
1.889798,1.211049,-0.758258
1.892721,1.20988,-0.760158
1.893891,1.211049,-0.770681
1.88746,1.210757,-0.777989
1.893306,1.205495,-0.763958
1.89126,1.210757,-0.764396
1.893306,1.212803,-0.765273
1.893598,1.208126,-0.757527
1.894768,1.208126,-0.753289
1.886875,1.210465,-0.769073
1.885121,1.211342,-0.774335
1.887752,1.211634,-0.771558
1.891845,1.207542,-0.769512
1.890968,1.210757,-0.758258
1.900906,1.213388,-0.764104
1.890383,1.205495,-0.774773
1.889506,1.21368,-0.762935
1.891552,1.208419,-0.762789
1.894768,1.211049,-0.77185
1.882491,1.209588,-0.756796
1.897983,1.20988,-0.771704
1.892137,1.209296,-0.765858
1.892137,1.212219,-0.767758
1.893891,1.208419,-0.767612
1.884829,1.208419,-0.772873
1.893014,1.214557,-0.766589
1.890383,1.215434,-0.763666
1.891552,1.216311,-0.766296
1.899445,1.21368,-0.774043
1.890383,1.215142,-0.761473
1.886291,1.209588,-0.768489
1.896814,1.211926,-0.769658
1.89886,1.21865,-0.772581
1.89126,1.214849,-0.774481
1.888337,1.215434,-0.765712
1.893598,1.22128,-0.764689
1.894768,1.212219,-0.762204
1.890091,1.218065,-0.759866
1.890675,1.220403,-0.751242
1.891845,1.216603,-0.754896
1.898568,1.20608,-0.761327
1.893891,1.21368,-0.769073
1.889798,1.211634,-0.770535
1.886583,1.213388,-0.775504
1.890091,1.211634,-0.772143
1.895645,1.21748,-0.773897
1.89126,1.206372,-0.774043
1.890091,1.201988,-0.768196
1.894183,1.204619,-0.75855
1.89126,1.206957,-0.756504
1.882783,1.218065,-0.770535
1.891845,1.211342,-0.769512
1.890675,1.211342,-0.761912
1.892429,1.213096,-0.755919
1.89126,1.212803,-0.768489
1.886291,1.208126,-0.763227
1.891552,1.212219,-0.764543
1.882198,1.210757,-0.765566
1.889506,1.211634,-0.770096
1.880737,1.213388,-0.766443
1.889214,1.209003,-0.768635
1.895645,1.205788,-0.772581
1.893598,1.216019,-0.760158
1.889506,1.209296,-0.767173
1.888629,1.210465,-0.772435
1.891845,1.212219,-0.767904
1.890091,1.207542,-0.771996
1.894768,1.212511,-0.757819
1.888337,1.208711,-0.756065
1.898275,1.210757,-0.772143
1.890675,1.211634,-0.766004
1.895352,1.217773,-0.77185
1.88746,1.210757,-0.774481
1.88746,1.210757,-0.763958
1.894475,1.208126,-0.766735
1.888629,1.214557,-0.764981
1.88366,1.207542,-0.769804
1.885998,1.213096,-0.775212
1.883075,1.222157,-0.782666
1.877813,1.236773,-0.794943
1.86729,1.271558,-0.827682
1.833674,1.313651,-0.84639
1.810582,1.36656,-0.866121
1.792458,1.425022,-0.882491
1.779597,1.462438,-0.885121
1.770243,1.491669,-0.876498
1.767319,1.506577,-0.878252
1.768781,1.510669,-0.857644
1.766735,1.516223,-0.833382
1.778135,1.510085,-0.814674
1.779597,1.496931,-0.795528
1.783981,1.504238,-0.805028
1.781643,1.502777,-0.787197
1.798305,1.496346,-0.780766
1.793335,1.476177,-0.773604
1.795381,1.48553,-0.761619
1.799182,1.476761,-0.76425
1.796843,1.464484,-0.762643
1.80532,1.468576,-0.752119
1.80532,1.464776,-0.714557
1.814089,1.460684,-0.74525
1.803274,1.42356,-0.739842
1.806489,1.458346,-0.740719
1.80912,1.454838,-0.734873
1.811751,1.454253,-0.746711
1.81672,1.451622,-0.739988
1.813213,1.456299,-0.73765
1.809997,1.447822,-0.747881
1.811166,1.451622,-0.737211
1.817597,1.452792,-0.743204
1.814966,1.445192,-0.740281
1.82052,1.441684,-0.732973
1.815551,1.451915,-0.723619
1.811166,1.448699,-0.72698
1.819643,1.449576,-0.728734
1.819351,1.451915,-0.726542
1.810582,1.448115,-0.722742
1.813797,1.449868,-0.723619
1.817013,1.450745,-0.735311
1.811166,1.446653,-0.73575
1.809705,1.447822,-0.721426
1.810582,1.44753,-0.731804
1.813797,1.451915,-0.733411
1.82052,1.43993,-0.731804
1.821397,1.438176,-0.722596
1.821105,1.438761,-0.738965
1.817013,1.448699,-0.716603
1.819643,1.446068,-0.717334
1.81672,1.440807,-0.729611
1.817597,1.437591,-0.727127
1.814382,1.444022,-0.738965
1.809412,1.444314,-0.732242
1.81672,1.438468,-0.724057
1.819351,1.442268,-0.731365
1.808243,1.439053,-0.719673
1.816136,1.444607,-0.719234
1.810582,1.448992,-0.73195
1.821397,1.448115,-0.730196
1.816136,1.436714,-0.721719
1.819059,1.43993,-0.724057
1.813505,1.437591,-0.732388
1.814089,1.44753,-0.724788
1.813797,1.443438,-0.72245
1.813797,1.441684,-0.730488
1.817889,1.446361,-0.727711
1.812628,1.44373,-0.733411
1.815551,1.44373,-0.720842
1.812628,1.441391,-0.717773
1.812628,1.440514,-0.729173
1.813505,1.444314,-0.736773
1.812628,1.445776,-0.733119
1.81672,1.443145,-0.728734
1.817013,1.43993,-0.732388
1.809997,1.444899,-0.732388
1.811166,1.445776,-0.738527
1.814089,1.448115,-0.738965
1.817013,1.448115,-0.733411
1.816428,1.446945,-0.723473
1.811166,1.44373,-0.722157
1.816136,1.44753,-0.72625
1.825782,1.441684,-0.727711
1.808828,1.453961,-0.723034
1.816428,1.448699,-0.732096
1.816428,1.447238,-0.73195
1.814674,1.443145,-0.722742
1.816428,1.445776,-0.730634
1.816428,1.440222,-0.723619
1.809997,1.442268,-0.719965
1.818474,1.442561,-0.731657
1.814089,1.453668,-0.729757
1.815259,1.449868,-0.731365
1.814966,1.451622,-0.729027
1.814674,1.444022,-0.736481
1.816136,1.443145,-0.733411
1.82052,1.442853,-0.733411
1.815259,1.442561,-0.728734
1.81672,1.445484,-0.73078
1.817013,1.451038,-0.726542
1.815259,1.451622,-0.744958
1.816428,1.444314,-0.726834
1.814966,1.450453,-0.736042
1.816136,1.453961,-0.717188
1.821105,1.446361,-0.730196
1.817889,1.446653,-0.72888
1.82052,1.445776,-0.730927
1.818182,1.452207,-0.731365
1.809997,1.446945,-0.73765
1.815259,1.440807,-0.733996
1.816136,1.446945,-0.737065
1.814966,1.446361,-0.725811
1.818182,1.448115,-0.725519
1.818182,1.446361,-0.740573
1.815843,1.443438,-0.734873
1.810289,1.443438,-0.73575
1.818474,1.447238,-0.735165
1.813505,1.446361,-0.732827
1.80912,1.437591,-0.733557
1.813505,1.445484,-0.72888
1.810289,1.445192,-0.73575
1.816428,1.446361,-0.732827
1.816428,1.448699,-0.722742
1.812043,1.442561,-0.726688
1.814382,1.446068,-0.737357
1.811751,1.438468,-0.731365
1.812336,1.442853,-0.721573
1.81292,1.442268,-0.724642
1.807951,1.437007,-0.733411
1.816428,1.440514,-0.72435
1.817597,1.44753,-0.72815
1.814089,1.445484,-0.733557
1.814674,1.438176,-0.723911
1.815259,1.442853,-0.731657
1.821105,1.443145,-0.730342
1.815551,1.439053,-0.719819
1.818766,1.446653,-0.729904
1.821397,1.440514,-0.726103
1.819643,1.441684,-0.736773
1.82052,1.444022,-0.730342
1.818182,1.439053,-0.732534
1.819351,1.438468,-0.735311
1.813797,1.439053,-0.728004
1.823443,1.439053,-0.733265
1.818182,1.441099,-0.735604
1.822859,1.437299,-0.728296
1.819936,1.444899,-0.731804
1.82169,1.449868,-0.73078
1.823443,1.449576,-0.726396
1.813797,1.438468,-0.727273
1.820813,1.437591,-0.73078
1.814966,1.439053,-0.72435
1.816136,1.442853,-0.732827
1.818474,1.441099,-0.722888
1.821397,1.446945,-0.728588
1.817889,1.441391,-0.71368
1.809705,1.439638,-0.724496
1.814382,1.442268,-0.729904
1.813797,1.446361,-0.718796
1.807951,1.441976,-0.727711
1.808828,1.448992,-0.734434
1.811751,1.442561,-0.742473
1.810874,1.448407,-0.732827
1.814966,1.446653,-0.739258
1.815843,1.440222,-0.727127
1.813213,1.437884,-0.72698
1.813505,1.447822,-0.73268
1.815551,1.43993,-0.728588
1.815843,1.445484,-0.725811
1.815259,1.440222,-0.73005
1.813505,1.44753,-0.735165
1.81292,1.437591,-0.728734
1.814966,1.435838,-0.737504
1.810874,1.437299,-0.731804
1.813797,1.442561,-0.738965
1.812336,1.436714,-0.73575
1.816136,1.441391,-0.722011
1.819936,1.439053,-0.725957
1.817013,1.441391,-0.727565
1.812336,1.441391,-0.727127
1.819351,1.439053,-0.734873
1.81292,1.441099,-0.732388
1.828705,1.439638,-0.729173
1.822567,1.442561,-0.72055
1.818766,1.445776,-0.728734
1.815259,1.443438,-0.737065
1.815259,1.434668,-0.72815
1.818474,1.440222,-0.732827
1.810874,1.43233,-0.727711
1.813797,1.439053,-0.734142
1.819643,1.437591,-0.735604
1.812043,1.435253,-0.724934
1.818474,1.43993,-0.734581
1.817597,1.435545,-0.724642
1.813505,1.435545,-0.725519
1.813797,1.443145,-0.726834
1.808828,1.441976,-0.726396
1.815843,1.444607,-0.724934
1.810582,1.431745,-0.728442
1.819351,1.441099,-0.72888
1.817305,1.439345,-0.72815
1.824028,1.436422,-0.729027
1.818766,1.435838,-0.736919
1.817013,1.433791,-0.72888
1.815259,1.441099,-0.738234
1.817305,1.44373,-0.717188
1.815259,1.441976,-0.722011
1.811459,1.44753,-0.727419
1.815843,1.441976,-0.725665
1.80912,1.438761,-0.725373
1.813213,1.433499,-0.730927
1.821982,1.438176,-0.732534
1.813505,1.435838,-0.727419
1.814674,1.443438,-0.719965
1.821397,1.440514,-0.730927
1.816428,1.444899,-0.737942
1.824028,1.443145,-0.736042
1.819643,1.436714,-0.739258
1.822567,1.433207,-0.73385
1.811459,1.444314,-0.72888
1.813213,1.438468,-0.731073
1.822567,1.445192,-0.72888
1.81672,1.444022,-0.729173
1.829874,1.442561,-0.733411
1.817597,1.446068,-0.725957
1.807951,1.442853,-0.730342
1.813505,1.442268,-0.724496
1.811166,1.44753,-0.729027
1.808243,1.444607,-0.725519
1.819936,1.441976,-0.72888
1.820813,1.448699,-0.724203
1.814966,1.446653,-0.723765
1.814966,1.448992,-0.723034
1.819643,1.448699,-0.725665
1.817889,1.448699,-0.724642
1.814674,1.446361,-0.723911
1.815551,1.437591,-0.72698
1.819059,1.450453,-0.73385
1.816428,1.450161,-0.738527
1.821105,1.44753,-0.727857
1.815259,1.446361,-0.731511
1.828705,1.442268,-0.72508
1.822274,1.441391,-0.736188
1.822859,1.444314,-0.723327
1.819936,1.455422,-0.722596
1.823443,1.452499,-0.733265
1.816428,1.442561,-0.721865
1.823736,1.440222,-0.73765
1.817305,1.446361,-0.725227
1.819351,1.443145,-0.740134
1.811751,1.453376,-0.742619
1.814382,1.43993,-0.725665
1.819351,1.444314,-0.736188
1.815259,1.448992,-0.724934
1.807659,1.444607,-0.727565
1.819059,1.449868,-0.719673
1.820228,1.443438,-0.739404
1.819059,1.444314,-0.747296
1.816136,1.442268,-0.727711
1.813505,1.443438,-0.73575
1.820228,1.438468,-0.738673
1.819643,1.443438,-0.730488
1.82169,1.444607,-0.727419
1.812043,1.439638,-0.72625
1.81672,1.441976,-0.739258
1.813505,1.437007,-0.733265
1.818766,1.43496,-0.731804
1.817305,1.438176,-0.740427
1.819351,1.442853,-0.73005
1.813797,1.445776,-0.73765
1.816136,1.43993,-0.737065
1.816136,1.438468,-0.734581
1.814966,1.43613,-0.729757
1.828413,1.445192,-0.729027
1.817013,1.446945,-0.738381
1.817597,1.442561,-0.74145
1.822859,1.438176,-0.72815
1.817013,1.443145,-0.738965
1.820228,1.439638,-0.729611
1.821397,1.44373,-0.728296
1.812628,1.440807,-0.739842
1.815259,1.440514,-0.730927
1.820813,1.445776,-0.734434
1.813213,1.447822,-0.734142
1.82432,1.448699,-0.73268
1.819643,1.442853,-0.732242
1.817305,1.447238,-0.736042
1.815843,1.444899,-0.728734
1.821982,1.44373,-0.727273
1.818474,1.444607,-0.72508
1.817597,1.449284,-0.728588
1.812628,1.441391,-0.716603
1.815259,1.442561,-0.732096
1.820228,1.440807,-0.73268
1.815551,1.443438,-0.731073
1.819351,1.435838,-0.738088
1.814966,1.440807,-0.739696
1.81672,1.444314,-0.737065
1.815259,1.445776,-0.735604
1.813797,1.441976,-0.736773
1.812043,1.441684,-0.733265
1.81672,1.441099,-0.732973
1.811751,1.446361,-0.740719
1.816136,1.448407,-0.725811
1.810874,1.448407,-0.735311
1.809997,1.44373,-0.742473
1.817305,1.445192,-0.730196
1.807951,1.441684,-0.734727
1.812628,1.439345,-0.722157
1.813213,1.439345,-0.729611
1.809412,1.450161,-0.733704
1.817013,1.447238,-0.739404
1.813505,1.436422,-0.749781
1.81672,1.446068,-0.742327
1.816428,1.438761,-0.726834
1.811751,1.437299,-0.735457
1.818182,1.443438,-0.738527
1.819351,1.434668,-0.737357
1.81292,1.441391,-0.737504
1.810874,1.441099,-0.722011
1.814089,1.443438,-0.72888
1.819351,1.438468,-0.73078
1.807659,1.441976,-0.733996
1.809705,1.444022,-0.73078
1.81672,1.435545,-0.731804
1.821397,1.448115,-0.741304
1.813797,1.437299,-0.736334
1.815259,1.437884,-0.739258
1.815259,1.445776,-0.742911
1.811751,1.448407,-0.728442
1.816428,1.447238,-0.73005
1.815843,1.442853,-0.736334
1.818766,1.440222,-0.735457
1.817305,1.445484,-0.727127
1.809997,1.450161,-0.726688
1.822859,1.452499,-0.721865
1.82052,1.446361,-0.744811
1.813797,1.438761,-0.743788
1.814674,1.448407,-0.741011
1.817305,1.441684,-0.734581
1.819351,1.44373,-0.744811
1.82052,1.450453,-0.733411
1.822274,1.443438,-0.73385
1.81292,1.446361,-0.738088
1.82052,1.44753,-0.735311
1.817889,1.441684,-0.732827
1.814674,1.437007,-0.734727
1.817305,1.444607,-0.736334
1.81292,1.438468,-0.739404
1.820228,1.45133,-0.723911
1.819351,1.444022,-0.735165
1.814382,1.439638,-0.738381
1.816428,1.445776,-0.738234
1.818766,1.449868,-0.734581
1.812336,1.441684,-0.729173
1.815843,1.447238,-0.72625
1.822567,1.437884,-0.736481
1.81292,1.443438,-0.733411
1.81292,1.448699,-0.728004
1.818182,1.446653,-0.73195
1.80912,1.438761,-0.725665
1.815551,1.44373,-0.72815
1.812336,1.444314,-0.742327
1.815259,1.442561,-0.728588
1.817305,1.446068,-0.731219
1.816136,1.445192,-0.740719
1.818474,1.446945,-0.733265
1.819351,1.444314,-0.738673
1.816428,1.441099,-0.718357
1.816428,1.448115,-0.72815
1.81672,1.446653,-0.726396
1.819643,1.448992,-0.73078
1.82052,1.448699,-0.720257
1.806782,1.446945,-0.731657
1.812628,1.444899,-0.72435
1.819351,1.44753,-0.718357
1.814966,1.450453,-0.723619
1.817597,1.441391,-0.727127
1.817305,1.442268,-0.737942
1.811459,1.44373,-0.71938
1.82169,1.452499,-0.720842
1.816428,1.444314,-0.72508
1.810289,1.445484,-0.729173
1.819059,1.442561,-0.720842
1.819936,1.443438,-0.725957
1.815551,1.443438,-0.728004
1.818766,1.449576,-0.725811
1.815551,1.441976,-0.730488
1.822859,1.441391,-0.728734
1.811166,1.442853,-0.728004
1.814966,1.443145,-0.726688
1.822567,1.445484,-0.731657
1.807659,1.44373,-0.725373
1.820813,1.440514,-0.723473
1.818474,1.443145,-0.725519
1.816136,1.444314,-0.73005
1.817597,1.438761,-0.731657
1.818474,1.439053,-0.733557
1.814966,1.441684,-0.740281
1.826951,1.441976,-0.726834
1.813797,1.439638,-0.72318
1.818474,1.439638,-0.727565
1.815259,1.442561,-0.736188
1.818182,1.441976,-0.729465
1.817013,1.441684,-0.741742
1.813797,1.448992,-0.733704
1.818766,1.445192,-0.722157
1.819059,1.44753,-0.72888
1.822859,1.444314,-0.737942
1.812628,1.446068,-0.728442
1.822274,1.444314,-0.726688
1.813505,1.445484,-0.733996
1.813505,1.452499,-0.729319
1.813213,1.437591,-0.732388
1.812628,1.449868,-0.736042
1.812043,1.449576,-0.738673
1.822567,1.444899,-0.73268
1.815551,1.442268,-0.737357
1.818766,1.448115,-0.743058
1.821982,1.448992,-0.731073
1.822274,1.443438,-0.728588
1.81672,1.445484,-0.736188
1.814674,1.43993,-0.740281
1.814966,1.444607,-0.741158
1.818182,1.44373,-0.73765
1.820228,1.444022,-0.734434
1.814674,1.446361,-0.742034
1.810582,1.445484,-0.733996
1.817597,1.444607,-0.732827
1.817013,1.444607,-0.732242
1.815259,1.440514,-0.733557
1.813213,1.445776,-0.743496
1.815843,1.441391,-0.730634
1.817889,1.453084,-0.738965
1.821105,1.444314,-0.733996
1.819643,1.441684,-0.741158
1.814382,1.444314,-0.730634
1.819643,1.444607,-0.739111
1.815843,1.441099,-0.731657
1.825197,1.441391,-0.730196
1.817305,1.446945,-0.734581
1.817305,1.44373,-0.740134
1.819643,1.44373,-0.739404
1.819059,1.443438,-0.737065
1.816428,1.439345,-0.733996
1.82052,1.440222,-0.744665
1.822567,1.431745,-0.742327
1.823736,1.438761,-0.731511
1.818474,1.448992,-0.73765
1.826074,1.438761,-0.729757
1.827536,1.440807,-0.739258
1.821105,1.442268,-0.73078
1.822274,1.445192,-0.727127
1.82052,1.444607,-0.733996
1.82169,1.446068,-0.735019
1.818474,1.440222,-0.722888
1.816428,1.451622,-0.734727
1.81672,1.453961,-0.730342
1.819936,1.439638,-0.716603
1.817013,1.442853,-0.742619
1.819351,1.447822,-0.722596
1.817597,1.44753,-0.728442
1.819351,1.446653,-0.728734
1.812043,1.45133,-0.721134
1.819351,1.449868,-0.731365
1.82169,1.440222,-0.733119
1.814089,1.442853,-0.723765
1.813797,1.439638,-0.722596
1.815259,1.444607,-0.726103
1.808535,1.43496,-0.736481
1.819059,1.440222,-0.731365
1.82169,1.438468,-0.737796
1.817305,1.439638,-0.741888
1.814089,1.440514,-0.741888
1.820228,1.441099,-0.734873
1.815259,1.44373,-0.734142
1.820228,1.441976,-0.729027
1.809997,1.443438,-0.735019
1.810582,1.441391,-0.72815
1.819936,1.44753,-0.722888
1.81672,1.438468,-0.725373
1.815259,1.443438,-0.73268
1.81672,1.441391,-0.72625
1.82169,1.43613,-0.729904
1.811166,1.441684,-0.72698
1.81672,1.444607,-0.736773
1.812336,1.445484,-0.728588
1.813505,1.438176,-0.71748
1.811459,1.436714,-0.73005
1.813797,1.444022,-0.733119
1.814966,1.441684,-0.72698
1.816136,1.445776,-0.738673
1.824028,1.449576,-0.729027
1.820228,1.447822,-0.727857
1.82052,1.441976,-0.733411
1.814089,1.446361,-0.735896
1.819643,1.443145,-0.743204
1.81292,1.441976,-0.725373
1.814674,1.442853,-0.731219
1.814674,1.441684,-0.731073
1.82169,1.43993,-0.736919
1.818474,1.442561,-0.72318
1.80912,1.444899,-0.733265
1.82052,1.447238,-0.73575
1.818182,1.44373,-0.729319
1.819059,1.439638,-0.733704
1.818474,1.442268,-0.734142
1.817889,1.441099,-0.731804
1.812336,1.445192,-0.729319
1.815843,1.443438,-0.730927
1.81672,1.444314,-0.731511
1.810582,1.441976,-0.726542
1.814382,1.44753,-0.742911
1.817889,1.434668,-0.737942
1.813213,1.444607,-0.742765
1.822859,1.443145,-0.734727
1.822274,1.446945,-0.729757
1.816428,1.444607,-0.721865
1.821982,1.444899,-0.733704
1.814382,1.445192,-0.736919
1.812336,1.446945,-0.733119
1.815259,1.445776,-0.722157
1.810874,1.445192,-0.72245
1.809705,1.440222,-0.73078
1.816428,1.441976,-0.727711
1.810874,1.438176,-0.726688
1.80912,1.447238,-0.740719
1.801812,1.475007,-0.750073
1.782227,1.500438,-0.785297
1.77755,1.510085,-0.815697
1.769073,1.516223,-0.847852
1.767319,1.511546,-0.866267
1.768781,1.485823,-0.869921
1.774043,1.465361,-0.883367
1.789243,1.430868,-0.878544
1.804735,1.39696,-0.874744
1.826659,1.362759,-0.857498
1.828413,1.332359,-0.839667
1.831044,1.309851,-0.833821
1.841859,1.289974,-0.833821
1.843613,1.284127,-0.82812
1.850336,1.281497,-0.813651
1.86729,1.266881,-0.81102
1.862029,1.255481,-0.801228
1.864952,1.247004,-0.796258
1.863198,1.246127,-0.790266
1.87226,1.240281,-0.792458
1.880444,1.235896,-0.784712
1.879275,1.236773,-0.790558
1.885706,1.225665,-0.772143
1.882783,1.231511,-0.776966
1.883952,1.224788,-0.775504
1.883075,1.224203,-0.78252
1.878983,1.223911,-0.761912
1.876937,1.221865,-0.76805
1.886875,1.218065,-0.771266
1.88366,1.216896,-0.771558
1.891845,1.216603,-0.770973
1.884244,1.215434,-0.771704
1.890383,1.20988,-0.774189
1.888921,1.215726,-0.769073
1.888044,1.211049,-0.778427
1.892137,1.211634,-0.765858
1.891845,1.219234,-0.769366
1.887167,1.22128,-0.770535
1.887752,1.213096,-0.757381
1.885414,1.212511,-0.780327
1.888337,1.217773,-0.758112
1.886583,1.213973,-0.76235
1.896229,1.211926,-0.766443
1.885706,1.214849,-0.77302
1.890675,1.212803,-0.770827
1.88746,1.215434,-0.762204
1.890091,1.204911,-0.772435
1.891845,1.213096,-0.767466
1.887752,1.206957,-0.762496
1.883952,1.212511,-0.777989
1.88746,1.207834,-0.768635
1.888337,1.208126,-0.766004
1.887752,1.209296,-0.766004
1.89126,1.211049,-0.766296
1.889798,1.206372,-0.760596
1.887167,1.214265,-0.765127
1.880737,1.210757,-0.773897
1.89126,1.216896,-0.781935
1.888629,1.212219,-0.767904
1.887167,1.214557,-0.769804
1.899152,1.216311,-0.770535
1.892137,1.213096,-0.768781
1.888921,1.217773,-0.763666
1.89126,1.211342,-0.762058
1.888044,1.22128,-0.769366
1.881614,1.232388,-0.781204
1.87489,1.250804,-0.791435
1.86349,1.281204,-0.830167
1.83309,1.338205,-0.868606
1.816136,1.385852,-0.868313
1.794505,1.434376,-0.877229
1.780766,1.471792,-0.892575
1.77492,1.495177,-0.86846
1.779012,1.514762,-0.873575
1.774043,1.527039,-0.850628
1.776966,1.51827,-0.827828
1.776089,1.516516,-0.816282
1.776966,1.511254,-0.793043
1.782812,1.5019,-0.795966
1.792751,1.505992,-0.785881
1.800351,1.4905,-0.781204
1.804735,1.484946,-0.778574
1.801812,1.491961,-0.77185
1.804443,1.482607,-0.768635
1.808828,1.472669,-0.759135
1.806489,1.474715,-0.753581
1.807366,1.464192,-0.74335
1.809412,1.463607,-0.757089
1.805028,1.467992,-0.742327
1.816136,1.454253,-0.752412
1.810289,1.458638,-0.750073
1.817013,1.454253,-0.739258
1.815843,1.445192,-0.740573
1.814674,1.441391,-0.732096
1.817013,1.451915,-0.736481
1.82052,1.453668,-0.733265
1.817013,1.45133,-0.744227
1.819936,1.445776,-0.736481
1.817889,1.444314,-0.736773
1.813505,1.445192,-0.729611
1.819936,1.444314,-0.724788
1.819936,1.446361,-0.741158
1.82432,1.45133,-0.729611
1.821397,1.441976,-0.724642
1.819643,1.444899,-0.740281
1.818474,1.442268,-0.729173
1.82052,1.439638,-0.734434
1.819059,1.440514,-0.727711
1.819351,1.446653,-0.723911
1.829874,1.446361,-0.732973
1.81292,1.443145,-0.72815
1.819936,1.444607,-0.742473
1.822859,1.436422,-0.740865
1.820228,1.441099,-0.724203
1.815259,1.443145,-0.734873
1.822274,1.434668,-0.74335
1.82052,1.44373,-0.727711
1.819351,1.437884,-0.727857
1.81672,1.43993,-0.735457
1.814674,1.439053,-0.73005
1.815259,1.439345,-0.727127
1.81292,1.443145,-0.736334
1.816136,1.438468,-0.725519
1.814089,1.433791,-0.729027
1.813505,1.441391,-0.72508
1.809705,1.440807,-0.73078
1.814674,1.437299,-0.72508
1.807659,1.427068,-0.729904
1.81292,1.436422,-0.726688
1.816136,1.44373,-0.739842
1.817013,1.43613,-0.713096
1.806782,1.436422,-0.728734
1.815259,1.438761,-0.72508
1.816428,1.436422,-0.732242
1.825782,1.442561,-0.735604
1.815843,1.441976,-0.716749
1.807366,1.437591,-0.723911
1.814966,1.433499,-0.72318
1.817889,1.442561,-0.719088
1.814674,1.435545,-0.722011
1.813505,1.444022,-0.727565
1.811459,1.443145,-0.724934
1.814089,1.442853,-0.716603
1.821105,1.443438,-0.727857
1.815843,1.441391,-0.717919
1.815551,1.441391,-0.724642
1.817597,1.446361,-0.722303
1.82169,1.444314,-0.72888
1.813213,1.444314,-0.730634
1.81672,1.441976,-0.719088
1.821397,1.440807,-0.727127
1.818474,1.442268,-0.720257
1.824028,1.438761,-0.719526
1.819643,1.441391,-0.732388
1.817597,1.438468,-0.719673
1.817305,1.43613,-0.720842
1.81672,1.43993,-0.708857
1.817889,1.441099,-0.720696
1.805905,1.443438,-0.723911
1.82052,1.440807,-0.725373
1.815843,1.441684,-0.727565
1.814966,1.444314,-0.721865
1.813797,1.442561,-0.733411
1.81292,1.444899,-0.728734
1.818766,1.444607,-0.735019
1.819059,1.443438,-0.722011
1.814382,1.441684,-0.721719
1.812043,1.444022,-0.716311
1.80912,1.448699,-0.714849
1.816136,1.441391,-0.723619
1.814674,1.443145,-0.728296
1.818474,1.440514,-0.729757
1.816428,1.444607,-0.727127
1.812628,1.439345,-0.722011
1.815259,1.450161,-0.724788
1.814089,1.438468,-0.718357
1.817889,1.441976,-0.727565
1.825782,1.437591,-0.714703
1.819351,1.443145,-0.734434
1.824905,1.446361,-0.732973
1.826367,1.442561,-0.726688
1.811166,1.440807,-0.719965
1.822274,1.438176,-0.731365
1.820228,1.437591,-0.72245
1.821397,1.443145,-0.721573
1.819936,1.450161,-0.725227
1.819351,1.446068,-0.733704
1.815843,1.439053,-0.733119
1.82052,1.438468,-0.722596
1.819351,1.440514,-0.724057
1.817597,1.447238,-0.717919
1.82052,1.438468,-0.722011
1.811166,1.440807,-0.723765
1.813505,1.442268,-0.725227
1.810289,1.445776,-0.712365
1.81672,1.439053,-0.73005
1.819059,1.442853,-0.726542
1.814966,1.446653,-0.73575
1.818182,1.446653,-0.727857
1.82169,1.449284,-0.71178
1.817597,1.445776,-0.722742
1.82169,1.445192,-0.724496
1.816428,1.441684,-0.721573
1.81672,1.440222,-0.719819
1.82432,1.446945,-0.72698
1.822567,1.440807,-0.719088
1.824905,1.436422,-0.727711
1.822859,1.432037,-0.724496
1.822274,1.440222,-0.714265
1.821982,1.450745,-0.721719
1.82052,1.451038,-0.730927
1.819936,1.44373,-0.715142
1.819351,1.445776,-0.719673
1.812336,1.442268,-0.723911
1.81672,1.437884,-0.724788
1.813213,1.441976,-0.72435
1.820813,1.438176,-0.715726
1.814966,1.441976,-0.727127
1.820813,1.448992,-0.717042
1.824613,1.448407,-0.72435
1.818766,1.445192,-0.728296
1.818474,1.442268,-0.721134
1.819059,1.444607,-0.733411
1.821105,1.446068,-0.719526
1.818182,1.441099,-0.721865
1.818766,1.449576,-0.716749
1.81292,1.44373,-0.730342
1.816136,1.441099,-0.73195
1.812628,1.445484,-0.725665
1.809997,1.446361,-0.713973
1.815843,1.450745,-0.729027
1.819936,1.449284,-0.726103
1.817597,1.446945,-0.723619
1.816136,1.446653,-0.730634
1.816136,1.446361,-0.72508
1.818766,1.449284,-0.724496
1.809705,1.450453,-0.725957
1.818474,1.437884,-0.718211
1.813505,1.43613,-0.716457
1.81292,1.441684,-0.731073
1.813797,1.434084,-0.727565
1.816428,1.436422,-0.733265
1.819643,1.443438,-0.725227
1.80912,1.437007,-0.723765
1.813797,1.437007,-0.727857
1.82052,1.443438,-0.716896
1.815843,1.434084,-0.720696
1.810874,1.439345,-0.717188
1.808535,1.441976,-0.725811
1.82169,1.440807,-0.727711
1.817013,1.44373,-0.733704
1.817013,1.444899,-0.726396
1.814089,1.445776,-0.726542
1.815259,1.442268,-0.724203
1.817013,1.443145,-0.734434
1.815259,1.448407,-0.733704
1.820228,1.443438,-0.73005
1.814674,1.444022,-0.732096
1.806489,1.446653,-0.729611
1.818182,1.442268,-0.734727
1.817889,1.441976,-0.730196
1.814382,1.43993,-0.722011
1.819351,1.437007,-0.727857
1.80912,1.441684,-0.725227
1.815259,1.439053,-0.73195
1.813505,1.441684,-0.738088
1.819059,1.443145,-0.734434
1.819936,1.439345,-0.727419
1.816136,1.444607,-0.725227
1.809705,1.446361,-0.71938
1.811751,1.450453,-0.729027
1.811751,1.441976,-0.72508
1.817013,1.445484,-0.730196
1.814674,1.446361,-0.718357
1.815843,1.450745,-0.723327
1.819351,1.438176,-0.728296
1.811751,1.444314,-0.720111
1.810874,1.442853,-0.72435
1.810874,1.443145,-0.717188
1.822567,1.439053,-0.726542
1.817597,1.440222,-0.724496
1.817889,1.446945,-0.722888
1.813213,1.442561,-0.724057
1.81292,1.441976,-0.725373
1.817889,1.439053,-0.735896
1.813213,1.447238,-0.721426
1.817889,1.43993,-0.722157
1.808535,1.443438,-0.718796
1.809412,1.442853,-0.729027
1.812043,1.441976,-0.721865
1.819351,1.438176,-0.729904
1.815551,1.43993,-0.718065
1.817013,1.443438,-0.734434
1.813797,1.445192,-0.735165
1.817597,1.446361,-0.727127
1.809412,1.438468,-0.736627
1.813797,1.439053,-0.720988
1.819936,1.443438,-0.727711
1.815551,1.437591,-0.729319
1.811459,1.441099,-0.73005
1.814089,1.438468,-0.72698
1.812336,1.440807,-0.73195
1.813797,1.441976,-0.729465
1.821105,1.438176,-0.72435
1.816428,1.440807,-0.730488
1.811751,1.441684,-0.738819
1.819059,1.439053,-0.723034
1.816428,1.444899,-0.734434
1.815551,1.444314,-0.72815
1.816136,1.440514,-0.726834
1.823151,1.444022,-0.72435
1.818474,1.442853,-0.730196
1.815843,1.437591,-0.731511
1.81292,1.444314,-0.727711
1.813213,1.437884,-0.725373
1.822274,1.445484,-0.722011
1.822274,1.440807,-0.726542
1.81292,1.441684,-0.727857
1.814382,1.435838,-0.718211
1.814674,1.445192,-0.716749
1.814089,1.445192,-0.724057
1.81672,1.440514,-0.718942
1.811459,1.442561,-0.739111
1.812336,1.445776,-0.728734
1.818766,1.445192,-0.725811
1.812628,1.442268,-0.73385
1.812043,1.439638,-0.724934
1.815551,1.437299,-0.733704
1.809412,1.438761,-0.726103
1.816136,1.440807,-0.727711
1.812336,1.440514,-0.719234
1.810874,1.442853,-0.728588
1.813213,1.444314,-0.722011
1.813797,1.43613,-0.727565
1.816428,1.439638,-0.728588
1.806489,1.43116,-0.727127
1.809705,1.43993,-0.731219
1.80912,1.445192,-0.727273
1.814674,1.440807,-0.728004
1.808828,1.441976,-0.724934
1.813797,1.435253,-0.718503
1.810289,1.433499,-0.735604
1.807659,1.432037,-0.731511
1.814674,1.434084,-0.72888
1.817305,1.438176,-0.72055
1.811459,1.438176,-0.726542
1.809412,1.436714,-0.736188
1.813505,1.438468,-0.733704
1.814089,1.441976,-0.743204
1.814674,1.443438,-0.732388
1.81292,1.43993,-0.738234
1.81292,1.446945,-0.730196
1.817305,1.434668,-0.735311
1.81292,1.43496,-0.727419
1.812336,1.434376,-0.733411
1.817013,1.43993,-0.72318
1.812628,1.446945,-0.72698
1.815551,1.438468,-0.728734
1.814674,1.436714,-0.736042
1.826659,1.442268,-0.731073
1.82169,1.447238,-0.727565
1.818182,1.437591,-0.730488
1.812043,1.442268,-0.73765
1.812043,1.438468,-0.733557
1.814674,1.435838,-0.738381
1.813213,1.438176,-0.719088
1.818474,1.442561,-0.734727
1.808243,1.439345,-0.729757
1.814089,1.438761,-0.731073
1.811459,1.440807,-0.727565
1.803566,1.437591,-0.720988
1.808828,1.438176,-0.730634
1.813505,1.435545,-0.73078
1.815551,1.441976,-0.727857
1.814089,1.444022,-0.730927
1.81292,1.432037,-0.724788
1.811166,1.441976,-0.724788
1.812043,1.446945,-0.73005
1.817013,1.440514,-0.727419
1.807951,1.444607,-0.733265
1.806489,1.438176,-0.721134
1.816428,1.444899,-0.724788
1.813797,1.436422,-0.726103
1.812336,1.449284,-0.724203
1.809997,1.440514,-0.726396
1.814674,1.445776,-0.721719
1.820228,1.44753,-0.72698
1.81292,1.439053,-0.727273
1.815843,1.439053,-0.724203
1.819351,1.437591,-0.722596
1.815843,1.442561,-0.729757
1.811166,1.43993,-0.728296
1.820228,1.444607,-0.72435
1.819351,1.44373,-0.74145
1.817013,1.441391,-0.733265
1.816428,1.431453,-0.740573
1.815259,1.445484,-0.736334
1.81292,1.43613,-0.722157
1.812336,1.441099,-0.728734
1.81672,1.446068,-0.727419
1.815843,1.445192,-0.722011
1.819643,1.440807,-0.724203
1.81292,1.438761,-0.735457
1.816136,1.436714,-0.724057
1.815843,1.436422,-0.724496
1.82169,1.437884,-0.726542
1.814966,1.440807,-0.722303
1.815259,1.436714,-0.72435
1.820813,1.440807,-0.726542
1.811166,1.441684,-0.73078
1.817013,1.444607,-0.717334
1.818474,1.444314,-0.721719
1.81672,1.446653,-0.724203
1.813505,1.446068,-0.726542
1.816136,1.443145,-0.727419
1.81672,1.445776,-0.727857
1.816428,1.440514,-0.730196
1.819351,1.441976,-0.732388
1.814674,1.443438,-0.72625
1.814966,1.438176,-0.728734
1.82169,1.439053,-0.731365
1.82169,1.441391,-0.735165
1.816136,1.443438,-0.72888
1.815843,1.445484,-0.728442
1.81672,1.441684,-0.73005
1.82052,1.43993,-0.718942
1.817013,1.441391,-0.735019
1.82169,1.432622,-0.731511
1.809705,1.437299,-0.731073
1.815259,1.438761,-0.739404
1.819059,1.442853,-0.724496
1.817013,1.436714,-0.726688
1.816428,1.439638,-0.725227
1.817597,1.437299,-0.73195
1.820228,1.444022,-0.729465
1.820228,1.442853,-0.73385
1.816428,1.435545,-0.732388
1.820813,1.445776,-0.731804
1.813505,1.444022,-0.73005
1.819936,1.439638,-0.733704
1.818766,1.432914,-0.736188
1.819936,1.43993,-0.732973
1.822859,1.436422,-0.738234
1.821982,1.445776,-0.727419
1.82052,1.446945,-0.730196
1.817889,1.436422,-0.732973
1.811166,1.434668,-0.725957
1.817305,1.445192,-0.727711
1.807951,1.439053,-0.727711
1.81292,1.441684,-0.733704
1.814382,1.435838,-0.72625
1.816428,1.444314,-0.736042
1.815551,1.446361,-0.721719
1.817305,1.443145,-0.730342
1.812336,1.44373,-0.730634
1.81292,1.437591,-0.737357
1.82169,1.451915,-0.729319
1.81672,1.439053,-0.726396
1.816428,1.441391,-0.716896
1.815843,1.442853,-0.732827
1.818474,1.441684,-0.725373
1.824613,1.438761,-0.729904
1.816136,1.441976,-0.735019
1.817305,1.437591,-0.736627
1.817597,1.438761,-0.725519
1.818474,1.440807,-0.730196
1.817597,1.444899,-0.725811
1.82169,1.448992,-0.724496
1.821982,1.446361,-0.731804
1.816428,1.442853,-0.728442
1.818182,1.444022,-0.736188
1.818182,1.444314,-0.727711
1.817889,1.441976,-0.735457
1.826367,1.438761,-0.741742
1.819351,1.446068,-0.729904
1.822567,1.444314,-0.730342
1.822859,1.445484,-0.727565
1.82549,1.446945,-0.724934
1.82432,1.44753,-0.731219
1.820228,1.441099,-0.722596
1.815551,1.444022,-0.735896
1.819351,1.441099,-0.728442
1.821397,1.446361,-0.72435
1.825197,1.445192,-0.720988
1.819059,1.442268,-0.729173
1.817305,1.445192,-0.716603
1.822274,1.445776,-0.72815
1.824613,1.443145,-0.732534
1.819643,1.442561,-0.735457
1.819936,1.443438,-0.73385
1.812043,1.445484,-0.727857
1.813505,1.441391,-0.733996
1.818766,1.442561,-0.729465
1.813797,1.441391,-0.732534
1.814089,1.43496,-0.726396
1.81672,1.442268,-0.719965
1.813213,1.444607,-0.736042
1.816428,1.444022,-0.739258
1.816136,1.440807,-0.731804
1.817013,1.444607,-0.731073
1.816428,1.439638,-0.737796
1.814966,1.433791,-0.730927
1.820228,1.432914,-0.732827
1.815259,1.434084,-0.727419
1.817305,1.443438,-0.73268
1.813213,1.440222,-0.72698
1.812336,1.446945,-0.729173
1.817305,1.437591,-0.742765
1.821982,1.444314,-0.744811
1.817013,1.446945,-0.730927
1.821982,1.444607,-0.729904
1.817013,1.441391,-0.731511
1.821105,1.441099,-0.736188
1.817013,1.437884,-0.732242
1.814674,1.444314,-0.733411
1.823443,1.443145,-0.732242
1.822567,1.444022,-0.731073
1.818474,1.43993,-0.740134
1.814089,1.445484,-0.728296
1.821397,1.441684,-0.734434
1.817305,1.448407,-0.72055
1.819936,1.444607,-0.729757
1.820813,1.43993,-0.729611
1.819351,1.446361,-0.742765
1.818182,1.442561,-0.734434
1.810874,1.453961,-0.740134
1.806489,1.465361,-0.754896
1.791289,1.487284,-0.792166
1.773458,1.509208,-0.81862
1.761181,1.522654,-0.852529
1.77112,1.509792,-0.870652
1.783397,1.488161,-0.884098
1.783397,1.468576,-0.882344
1.788366,1.434668,-0.892283
1.798305,1.401345,-0.877814
1.811166,1.359252,-0.871237
1.825782,1.337036,-0.860129
1.84069,1.316866,-0.841567
1.845075,1.296405,-0.832944
1.854136,1.275943,-0.833528
1.854136,1.276235,-0.81102
1.85969,1.266296,-0.818766
1.869044,1.247881,-0.811312
1.87109,1.248758,-0.787635
1.874598,1.241158,-0.795674
1.876644,1.239404,-0.793774
1.876937,1.241742,-0.789681
1.881029,1.235896,-0.781643
1.881321,1.222157,-0.801228
1.878983,1.229757,-0.772873
1.883952,1.219234,-0.781935
1.887167,1.222742,-0.770243
1.881029,1.219234,-0.776089
1.890968,1.21865,-0.777112
1.885414,1.216019,-0.769366
1.889506,1.212219,-0.774773
1.884829,1.212803,-0.770535
1.884244,1.223327,-0.773604
1.895645,1.212219,-0.767027
1.89126,1.212803,-0.782666
1.890091,1.203742,-0.767904
1.886583,1.211049,-0.767173
1.886291,1.214849,-0.763227
1.887752,1.215142,-0.757819
1.883075,1.212219,-0.769658
1.886583,1.20988,-0.775212
1.888629,1.204619,-0.761327
1.890968,1.212219,-0.765419
1.88746,1.214557,-0.751973
1.890383,1.211634,-0.767904
1.892429,1.213096,-0.763958
1.882491,1.207249,-0.77302
1.888337,1.212219,-0.766589
1.890675,1.211342,-0.765858
1.894768,1.208711,-0.767904
1.888629,1.205203,-0.766735
1.880737,1.214557,-0.767173
1.887752,1.210465,-0.770827
1.881614,1.209296,-0.770389
1.890091,1.212511,-0.767612
1.88746,1.210172,-0.766296
1.890675,1.209003,-0.764396
1.889214,1.21368,-0.765127
1.885998,1.211049,-0.773897
1.884829,1.211342,-0.766881
1.883075,1.209003,-0.773604
1.89126,1.210465,-0.774773
1.88746,1.205495,-0.772727
1.890675,1.210172,-0.763666
1.894768,1.206665,-0.76995
1.891552,1.211049,-0.779597
1.889506,1.213096,-0.77492
1.886291,1.209003,-0.77375
1.885121,1.209588,-0.757381
1.892429,1.209003,-0.76425
1.888629,1.203157,-0.767758
1.890675,1.215726,-0.763519
1.893014,1.20988,-0.772143
1.895645,1.214265,-0.757673
1.885706,1.213096,-0.754019
1.892137,1.219526,-0.76732
1.890091,1.212511,-0.768927
1.893014,1.217773,-0.776527
1.890091,1.210172,-0.764689
1.889506,1.206957,-0.774043
1.888629,1.211049,-0.758258
1.887752,1.205495,-0.758842
1.888337,1.207249,-0.760742
1.895937,1.212511,-0.777404
1.895937,1.212219,-0.761035
1.89126,1.211634,-0.760596
1.892429,1.207249,-0.768343
1.892137,1.212219,-0.771558
1.893014,1.206372,-0.779158
1.892429,1.210465,-0.768489
1.887752,1.20988,-0.776089
1.886875,1.209003,-0.766735
1.888337,1.216019,-0.770681
1.887752,1.210757,-0.765419
1.893598,1.208126,-0.770389
1.889798,1.211049,-0.762496
1.884829,1.209003,-0.760889
1.890383,1.216603,-0.758842
1.89126,1.204911,-0.769658
1.88366,1.202572,-0.76425
1.894768,1.211926,-0.757527
1.885414,1.214849,-0.771412
1.888629,1.207542,-0.768781
1.893598,1.208419,-0.775066
1.888921,1.212511,-0.763958
1.890675,1.209588,-0.766296
1.889798,1.199065,-0.751242
1.888337,1.207834,-0.761473
1.892137,1.210172,-0.767027
1.890383,1.208711,-0.76425
1.889214,1.211926,-0.76805
1.890091,1.208711,-0.774043
1.883367,1.209296,-0.77112
1.890383,1.207834,-0.768635
1.890091,1.207834,-0.762789
1.893306,1.205495,-0.77112
1.894475,1.208711,-0.760012
1.888337,1.199065,-0.758696
1.888921,1.207834,-0.768781
1.89126,1.214557,-0.761766
1.893598,1.209296,-0.77112
1.891845,1.213388,-0.772727
1.892721,1.208711,-0.770243
1.89126,1.216603,-0.76425
1.893891,1.209003,-0.770827
1.887167,1.209003,-0.774189
1.889214,1.209588,-0.766443
1.893598,1.211049,-0.762935
1.899737,1.211634,-0.770681
1.890968,1.209296,-0.767466
1.893598,1.215726,-0.778281
1.885414,1.214849,-0.777112
1.889798,1.224203,-0.786174
1.873137,1.242619,-0.795528
1.861444,1.270973,-0.834551
1.827243,1.320082,-0.854136
1.809412,1.370944,-0.87986
1.79772,1.422976,-0.887021
1.772873,1.463607,-0.887314
1.774627,1.486408,-0.892429
1.776089,1.500731,-0.87036
1.766735,1.518562,-0.856767
1.768196,1.516808,-0.830167
1.780766,1.510377,-0.82052
1.78135,1.503946,-0.811897
1.788951,1.5019,-0.797282
1.793043,1.495177,-0.786027
1.796258,1.491961,-0.791874
1.799474,1.4829,-0.77682
1.797428,1.480269,-0.777404
1.799182,1.471792,-0.760158
1.799766,1.460976,-0.761473
1.809412,1.463022,-0.75285
1.800643,1.453668,-0.749488
1.801812,1.462146,-0.75665
1.808828,1.448699,-0.748173
1.813797,1.454253,-0.74335
1.815259,1.453376,-0.746565
1.81292,1.456592,-0.738819
1.816428,1.446945,-0.744665
1.81292,1.445776,-0.741888
1.819351,1.444899,-0.735457
1.82052,1.446361,-0.730927
1.818182,1.449284,-0.749342
1.814674,1.444607,-0.737796
1.821982,1.44373,-0.737211
1.815843,1.440514,-0.728004
1.819936,1.444607,-0.734288
1.812628,1.448992,-0.73005
1.820228,1.440807,-0.742911
1.815551,1.442853,-0.724934
1.82052,1.441099,-0.737211
1.811751,1.441684,-0.729904
1.819351,1.444022,-0.730488
1.814089,1.445192,-0.732388
1.824613,1.448699,-0.731219
1.817889,1.446945,-0.738673
1.822567,1.443145,-0.738527
1.814674,1.441684,-0.723473
1.81672,1.448407,-0.733265
1.810289,1.444022,-0.729465
1.818766,1.445484,-0.737357
1.810289,1.446068,-0.722303
1.817013,1.445484,-0.73195
1.820813,1.442853,-0.720111
1.823151,1.444607,-0.736919
1.822859,1.444899,-0.737504
1.825782,1.445776,-0.741304
1.824905,1.447238,-0.737357
1.828997,1.448407,-0.728004
1.819643,1.438761,-0.733557
1.82812,1.441684,-0.731219
1.823151,1.442561,-0.739696
1.832505,1.448407,-0.725227
1.825197,1.448699,-0.732096
1.815551,1.451038,-0.735165
1.822859,1.44753,-0.725957
1.822567,1.447822,-0.737211
1.817597,1.45133,-0.734873
1.818474,1.446945,-0.741304
1.817597,1.446068,-0.73195
1.819351,1.449284,-0.729319
1.817889,1.445192,-0.726103
1.824028,1.447822,-0.726103
1.813505,1.448992,-0.735604
1.815843,1.44753,-0.734873
1.826074,1.44373,-0.729465
1.821105,1.449868,-0.726396
1.824613,1.441099,-0.742034
1.817889,1.446068,-0.732534
1.820228,1.442561,-0.729904
1.817013,1.448699,-0.73385
1.820813,1.448992,-0.723619
1.817013,1.446945,-0.732534
1.819936,1.451915,-0.72698
1.818474,1.446945,-0.729173
1.825782,1.444022,-0.731511
1.81672,1.446068,-0.727127
1.816428,1.445192,-0.740719
1.828997,1.449284,-0.74335
1.826074,1.447238,-0.74145
1.823736,1.439053,-0.731365
1.815259,1.446068,-0.731219
1.81672,1.443145,-0.716749
1.815259,1.444022,-0.733996
1.822859,1.438468,-0.731219
1.819351,1.442853,-0.723034
1.81672,1.441684,-0.73385
1.815551,1.436422,-0.731219
1.811166,1.436714,-0.730196
1.815843,1.44373,-0.734142
1.814089,1.446361,-0.722303
1.813797,1.446361,-0.727711
1.809412,1.437299,-0.726542
1.819351,1.444022,-0.736919
1.816428,1.442853,-0.73005
1.81292,1.43613,-0.731804
1.811751,1.429699,-0.725519
1.812336,1.438468,-0.723911
1.814966,1.444314,-0.742911
1.804735,1.443145,-0.727565
1.810289,1.447822,-0.735165
1.813505,1.437591,-0.737065
1.810874,1.444607,-0.733119
1.813797,1.44373,-0.736481
1.819936,1.438761,-0.742034
1.821397,1.44373,-0.730634
1.821397,1.440514,-0.74145
1.807366,1.438761,-0.727419
1.813797,1.44753,-0.749635
1.814089,1.440807,-0.734581
1.826951,1.444607,-0.724788
1.819059,1.443145,-0.737211
1.824613,1.444022,-0.741888
1.821105,1.438176,-0.744227
1.814382,1.442853,-0.734288
1.81292,1.444314,-0.736481
1.814966,1.441684,-0.735019
1.817305,1.442268,-0.732096
1.814089,1.439053,-0.747296
1.818182,1.448407,-0.73765
1.817013,1.451038,-0.730488
1.817305,1.441391,-0.720403
1.812628,1.446653,-0.739696
1.823151,1.441391,-0.726688
1.817305,1.447822,-0.727711
1.818766,1.442853,-0.728588
1.810582,1.438468,-0.738381
1.808243,1.43993,-0.73005
1.814966,1.450453,-0.735896
1.814674,1.441099,-0.734434
1.811751,1.44753,-0.743204
1.814966,1.438468,-0.738381
1.815259,1.446945,-0.734434
1.819643,1.439345,-0.735165
1.814382,1.440807,-0.73195
1.814674,1.445776,-0.732096
1.815259,1.44373,-0.742327
1.810289,1.445484,-0.73268
1.808828,1.43993,-0.725665
1.80532,1.439345,-0.730634
1.817597,1.451038,-0.736919
1.815843,1.443438,-0.729173
1.814674,1.442853,-0.742473
1.809997,1.444022,-0.733265
1.814382,1.443145,-0.731804
1.816428,1.438761,-0.72815
1.808828,1.44373,-0.732096
1.811751,1.450161,-0.736188
1.817305,1.451038,-0.727273
1.820813,1.45133,-0.722888
1.817305,1.442561,-0.731657
1.82169,1.446945,-0.732534
1.820228,1.445192,-0.730196
1.810582,1.445776,-0.727419
1.817305,1.441684,-0.732534
1.815259,1.439638,-0.729757
1.812043,1.449284,-0.741742
1.814674,1.442268,-0.72508
1.811751,1.441099,-0.740573
1.820813,1.440514,-0.725957
1.818182,1.441976,-0.739111
1.814089,1.446945,-0.72815
1.808535,1.446945,-0.738234
1.811166,1.439345,-0.714557
1.820813,1.441684,-0.725957
1.816136,1.442268,-0.718357
1.821982,1.450161,-0.733119
1.821105,1.445776,-0.743058
1.812628,1.442268,-0.736188
1.819351,1.437884,-0.740427
1.819643,1.439638,-0.731219
1.813213,1.44753,-0.729173
1.812628,1.441391,-0.735457
1.809412,1.442268,-0.731657
1.809705,1.435253,-0.727419
1.809412,1.437007,-0.729027
1.814089,1.441099,-0.744373
1.813213,1.445192,-0.736481
1.80912,1.447238,-0.731073
1.815259,1.435838,-0.737942
1.81672,1.439345,-0.727419
1.821105,1.448407,-0.728296
1.816136,1.44373,-0.730196
1.823736,1.441684,-0.743642
1.819351,1.446945,-0.732388
1.818766,1.444314,-0.731073
1.81672,1.446068,-0.72625
1.821397,1.442268,-0.73005
1.818182,1.446068,-0.737504
1.821982,1.442268,-0.738965
1.818766,1.441976,-0.731657
1.820228,1.440222,-0.727273
1.82549,1.441976,-0.733265
1.814674,1.439053,-0.726688
1.821105,1.445484,-0.738965
1.81672,1.441391,-0.729173
1.814089,1.442268,-0.730488
1.814674,1.442853,-0.720988
1.809705,1.437299,-0.73078
1.812628,1.438468,-0.732534
1.818474,1.434084,-0.73078
1.812628,1.429991,-0.74145
1.818182,1.436714,-0.742327
1.813505,1.437007,-0.739258
1.814382,1.438761,-0.732973
1.817305,1.439638,-0.726688
1.818766,1.437884,-0.730342
1.82052,1.448115,-0.728442
1.816428,1.439638,-0.737504
1.827243,1.447238,-0.721134
1.826367,1.441976,-0.732388
1.823443,1.448115,-0.726834
1.815551,1.443145,-0.736042
1.819351,1.440222,-0.735457
1.818766,1.442853,-0.733119
1.814089,1.442561,-0.729319
1.818474,1.444899,-0.72435
1.814674,1.432914,-0.743935
1.815259,1.436714,-0.735019
1.820228,1.436714,-0.733265
1.811166,1.444314,-0.737065
1.810874,1.448699,-0.72625
1.81672,1.442561,-0.735165
1.819936,1.44373,-0.736627
1.821397,1.43993,-0.732096
1.818182,1.44373,-0.727127
1.822859,1.451622,-0.730196
1.820228,1.444607,-0.723619
1.816428,1.439053,-0.736919
1.817013,1.445776,-0.738965
1.820228,1.439638,-0.735604
1.821105,1.444607,-0.731657
1.817013,1.443438,-0.733704
1.818182,1.444022,-0.725957
1.811751,1.446361,-0.730634
1.809997,1.446653,-0.734581
1.817889,1.43993,-0.736334
1.821105,1.439345,-0.738819
1.81292,1.438468,-0.73005
1.813505,1.445484,-0.725227
1.816428,1.446945,-0.724934
1.810582,1.437299,-0.736773
1.813213,1.442561,-0.735311
1.819059,1.440514,-0.734434
1.819059,1.438468,-0.734581
1.814674,1.440514,-0.728588
1.81292,1.440807,-0.73005
1.811166,1.441684,-0.724934
1.815843,1.447238,-0.737942
1.822567,1.433499,-0.722888
1.808828,1.444022,-0.722888
1.822274,1.441391,-0.727273
1.823151,1.436422,-0.720842
1.818474,1.447822,-0.741158
1.819643,1.443145,-0.728004
1.820813,1.435838,-0.73268
1.820813,1.442268,-0.734142
1.819351,1.446068,-0.731219
1.815843,1.444607,-0.725811
1.823151,1.442561,-0.724203
1.817013,1.446361,-0.732388
1.815259,1.442268,-0.736188
1.817305,1.448992,-0.744519
1.822274,1.444022,-0.744519
1.818182,1.442561,-0.729465
1.817305,1.440807,-0.73765
1.819351,1.440514,-0.733704
1.819936,1.443438,-0.731511
1.814089,1.439638,-0.727127
1.822567,1.446068,-0.72435
1.818766,1.432914,-0.734434
1.817889,1.436714,-0.73005
1.812043,1.444314,-0.74335
1.817305,1.442561,-0.735165
1.81672,1.438761,-0.737065
1.814382,1.436714,-0.733119
1.817305,1.440514,-0.739111
1.812628,1.433207,-0.738527
1.820228,1.439345,-0.726688
1.816428,1.438176,-0.735604
1.816136,1.441099,-0.72888
1.809412,1.430576,-0.734142
1.820813,1.435838,-0.736334
1.814382,1.440222,-0.732096
1.817597,1.441099,-0.728588
1.818766,1.436714,-0.726688
1.816428,1.444899,-0.732096
1.818182,1.436422,-0.746858
1.821105,1.441976,-0.733411
1.818182,1.442268,-0.729465
1.810582,1.435838,-0.736919
1.814089,1.439053,-0.734873
1.821982,1.437007,-0.737504
1.815843,1.441099,-0.744519
1.821982,1.442561,-0.738965
1.817305,1.437591,-0.734142
1.817597,1.44373,-0.731365
1.817013,1.444607,-0.744373
1.827828,1.440807,-0.735311
1.82549,1.438176,-0.730196
1.82432,1.440514,-0.75095
1.826659,1.440807,-0.733265
1.823443,1.438761,-0.738088
1.82549,1.435545,-0.738234
1.814966,1.439638,-0.730196
1.819059,1.441976,-0.734434
1.826367,1.441684,-0.730927
1.821105,1.443438,-0.733411
1.822567,1.437299,-0.732973
1.813797,1.437591,-0.731365
1.82052,1.438468,-0.741158
1.817013,1.448699,-0.752265
1.819936,1.440222,-0.730927
1.819643,1.43613,-0.740281
1.81672,1.436714,-0.739404
1.824613,1.437007,-0.737796
1.814966,1.43993,-0.741011
1.822274,1.44373,-0.743058
1.815551,1.444899,-0.736919
1.819936,1.444899,-0.741596
1.82052,1.435838,-0.733557
1.820228,1.437591,-0.736627
1.821397,1.440514,-0.735019
1.825782,1.444899,-0.736334
1.815843,1.441391,-0.742327
1.819351,1.437884,-0.739404
1.815551,1.435838,-0.740281
1.824613,1.438176,-0.738088
1.825197,1.439638,-0.743935
1.81672,1.445484,-0.743496
1.824905,1.444899,-0.744958
1.820813,1.444022,-0.737357
1.822274,1.441684,-0.740427
1.816428,1.442853,-0.740573
1.823443,1.448699,-0.724788
1.815551,1.445484,-0.73268
1.816428,1.443438,-0.735604
1.817597,1.438761,-0.731657
1.821105,1.441684,-0.736773
1.818182,1.442268,-0.732242
1.818766,1.443145,-0.729027
1.826367,1.440222,-0.744958
1.812336,1.449284,-0.722157
1.817305,1.439345,-0.733996
1.811751,1.445192,-0.735457
1.810582,1.435838,-0.736042
1.82169,1.441976,-0.737357
1.812336,1.441099,-0.729904
1.817305,1.442561,-0.731219
1.817305,1.440514,-0.737504
1.817305,1.446361,-0.727565
1.817305,1.442561,-0.73575
1.817013,1.439638,-0.728442
1.817305,1.441099,-0.734288
1.821397,1.445484,-0.743058
1.814089,1.444607,-0.736481
1.814966,1.444899,-0.740281
1.815843,1.444022,-0.735311
1.822859,1.44373,-0.72815
1.819936,1.44373,-0.728442
1.826074,1.438176,-0.738527
1.822859,1.449868,-0.729904
1.82052,1.442561,-0.720842
1.82169,1.447238,-0.727711
1.809412,1.439345,-0.720988
1.815843,1.442561,-0.726542
1.813505,1.438761,-0.740573
1.813797,1.441099,-0.731657
1.827828,1.44373,-0.742034
1.817013,1.435253,-0.731511
1.822567,1.437884,-0.747735
1.815843,1.445776,-0.734142
1.814382,1.440514,-0.740281
1.825782,1.449284,-0.737796
1.822567,1.43993,-0.735896
1.819643,1.446068,-0.735896
1.815843,1.444314,-0.729465
1.831628,1.442853,-0.745688
1.817597,1.441391,-0.740281
1.821982,1.43993,-0.729904
1.822567,1.437299,-0.73765
1.82432,1.439345,-0.741742
1.823736,1.439638,-0.726688
1.819059,1.433207,-0.737504
1.818182,1.437884,-0.736919
1.815551,1.440514,-0.742619
1.807659,1.458638,-0.754019
1.798889,1.475884,-0.777258
1.786612,1.499854,-0.812043
1.77755,1.512423,-0.839667
1.769366,1.508623,-0.866706
1.774335,1.493131,-0.883514
1.77755,1.470915,-0.898275
1.795381,1.444022,-0.902368
1.806197,1.407776,-0.88936
1.812628,1.376206,-0.870506
1.833674,1.345805,-0.851798
1.839813,1.320666,-0.847998
1.850044,1.297574,-0.837474
1.849167,1.282081,-0.829582
1.860567,1.272435,-0.824905
1.860275,1.257819,-0.800497
1.865536,1.252265,-0.805612
1.836305,1.243788,-0.802397
1.878983,1.23765,-0.798597
1.873137,1.232681,-0.790558
1.872844,1.232681,-0.786612
1.880152,1.22508,-0.783835
1.876644,1.221865,-0.781643
1.883952,1.227711,-0.783251
1.886291,1.22245,-0.787197
1.882783,1.222157,-0.777112
1.889214,1.218942,-0.76995
1.886291,1.212511,-0.774627
1.88366,1.216311,-0.770389
1.887167,1.222157,-0.767027
1.886291,1.21368,-0.766296
1.892721,1.213388,-0.765858
1.890383,1.211926,-0.765273
1.885414,1.21865,-0.77112
1.889506,1.217188,-0.767612
1.884829,1.210172,-0.760596
1.880737,1.213096,-0.765566
1.890675,1.211049,-0.768343
1.888337,1.208126,-0.773604
1.888044,1.20988,-0.768343
1.884537,1.212803,-0.761327
1.887752,1.213973,-0.766881
1.885998,1.213096,-0.765712
1.884244,1.209003,-0.766589
1.885998,1.213973,-0.766004
1.887167,1.209296,-0.775066
1.880444,1.211342,-0.770973
1.887167,1.203157,-0.767758
1.884244,1.208711,-0.77185
1.886875,1.204911,-0.766735
1.883075,1.201988,-0.77755
1.885998,1.204911,-0.774189
1.879567,1.207834,-0.768196
1.891845,1.204034,-0.77112
1.88746,1.211926,-0.762204
1.88366,1.212219,-0.765273
1.893014,1.215434,-0.757966
1.889798,1.210172,-0.769366
1.892429,1.210172,-0.779158
1.890091,1.209003,-0.764981
1.884829,1.203157,-0.765712
1.891845,1.214849,-0.771996
1.890383,1.205788,-0.774481
1.887167,1.206665,-0.771558
1.889214,1.213096,-0.76425
1.889214,1.20608,-0.773604
1.889214,1.206957,-0.769804
1.89506,1.202572,-0.767612
1.888629,1.206372,-0.76615
1.893014,1.213096,-0.772873
1.885121,1.201111,-0.766443
1.890091,1.200526,-0.769658
1.887167,1.209296,-0.765566
1.893014,1.206372,-0.765858
1.890675,1.209588,-0.77375
1.890383,1.204911,-0.770243
1.89506,1.205788,-0.771558
1.892721,1.205495,-0.775943
1.888629,1.209296,-0.773897
1.895645,1.209588,-0.774335
1.892137,1.204619,-0.770973
1.888629,1.210757,-0.768927
1.896229,1.203449,-0.77185
1.891552,1.21368,-0.768343
1.895937,1.211342,-0.765273
1.894183,1.211634,-0.770535
1.882783,1.206665,-0.781497
1.888337,1.206665,-0.770973
1.886291,1.208126,-0.77112
1.895937,1.211342,-0.766589
1.887167,1.211049,-0.767027
1.885998,1.205495,-0.773604
1.891845,1.211926,-0.774335
1.88746,1.207249,-0.771996
1.889214,1.208419,-0.765419
1.897398,1.206665,-0.767466
1.887752,1.211342,-0.778135
1.894475,1.210465,-0.770681
1.89126,1.213973,-0.770096
1.891552,1.209003,-0.771558
1.894183,1.210172,-0.770389
1.893306,1.215142,-0.766296
1.890091,1.211342,-0.764543
1.890383,1.208711,-0.769658
1.888629,1.215434,-0.77112
1.893891,1.211634,-0.770243
1.895352,1.208419,-0.775797
1.904999,1.210172,-0.773458
1.897106,1.212219,-0.775212
1.897398,1.213388,-0.766735
1.894768,1.216896,-0.778427
1.89126,1.203449,-0.778427
1.895352,1.214557,-0.770096
1.890091,1.204326,-0.771704
1.88746,1.205495,-0.770973
1.885414,1.212803,-0.773458
1.89126,1.210465,-0.773604
1.888921,1.20608,-0.76995
1.888044,1.204911,-0.769073
1.886875,1.204911,-0.76615
1.890968,1.207834,-0.773604
1.886583,1.201111,-0.770827
1.887167,1.206372,-0.77375
1.89126,1.209003,-0.782374
1.893891,1.207834,-0.767758
1.887167,1.210757,-0.769658
1.888629,1.211926,-0.779304
1.891845,1.212219,-0.770389
1.891552,1.206372,-0.768781
1.89126,1.211926,-0.768927
1.88746,1.205788,-0.777989
1.890675,1.20608,-0.774627
1.888629,1.207249,-0.77112
1.892429,1.211049,-0.775504
1.877813,1.210172,-0.780912
1.888921,1.210172,-0.770096
1.888337,1.212219,-0.78252
1.887752,1.214557,-0.765712
1.886291,1.207542,-0.776966
1.888629,1.217188,-0.772289
1.886875,1.212219,-0.770096
1.891552,1.210172,-0.76995
1.888044,1.211049,-0.766881
1.886583,1.206957,-0.772727
1.888044,1.211342,-0.776527
1.886583,1.205788,-0.774627
1.884244,1.214849,-0.770827
1.887752,1.20988,-0.774189
1.890091,1.217188,-0.770535
1.889506,1.211342,-0.769512
1.888629,1.212803,-0.763373
1.894768,1.219526,-0.75855
1.89126,1.211342,-0.77302
1.89506,1.210172,-0.770389
1.896521,1.214557,-0.775797
1.89126,1.211926,-0.766004
1.89126,1.213973,-0.777404
1.888337,1.208711,-0.770243
1.892429,1.215726,-0.770096
1.885998,1.208419,-0.768781
1.892429,1.208126,-0.756065
1.892721,1.208711,-0.761619
1.891552,1.206665,-0.765127
1.893306,1.210465,-0.771558
1.892137,1.208419,-0.767173
1.888921,1.208126,-0.770243
1.897691,1.208711,-0.762204
1.89126,1.210757,-0.767758
1.894768,1.213388,-0.763666
1.889506,1.219526,-0.777112
1.892429,1.220696,-0.779743
1.893014,1.215434,-0.77375
1.895645,1.221573,-0.766296
1.896229,1.215142,-0.762496
1.894183,1.213388,-0.759135
1.896521,1.214849,-0.767027
1.889506,1.215726,-0.778427
1.895937,1.209588,-0.76615
1.893891,1.215726,-0.775943
1.892429,1.203449,-0.766881
1.890968,1.205495,-0.775212
1.884244,1.211049,-0.772289
1.885998,1.200234,-0.78822
1.883367,1.208126,-0.772727
1.888337,1.205203,-0.772873
1.885706,1.215142,-0.767027
1.887752,1.206665,-0.765712
1.893598,1.20988,-0.778281
1.883075,1.206957,-0.767612
1.888337,1.205495,-0.763666
1.897691,1.216311,-0.76235
1.895352,1.208419,-0.763812
1.895352,1.201111,-0.767173
1.899152,1.211634,-0.772143
1.887167,1.206372,-0.781789
1.88746,1.20608,-0.770096
1.890675,1.210757,-0.771704
1.885414,1.220403,-0.775943
1.872552,1.242911,-0.797135
1.858229,1.27565,-0.823443
1.836305,1.32242,-0.850921
1.803859,1.377667,-0.876937
1.79012,1.418883,-0.891406
1.776089,1.467407,-0.888044
1.769366,1.486115,-0.887752
1.764104,1.501315,-0.87226
1.766443,1.516516,-0.860859
1.773166,1.511839,-0.838498
1.77755,1.506285,-0.828851
1.785151,1.504238,-0.809705
1.78135,1.495177,-0.807659
1.787781,1.491084,-0.794066
1.79772,1.4905,-0.769804
1.795381,1.4715,-0.775504
1.795381,1.478223,-0.777258
1.800643,1.469746,-0.765566
1.800935,1.466823,-0.749196
1.80532,1.469746,-0.749196
1.799182,1.461269,-0.757819
1.806197,1.460392,-0.747735
1.809705,1.459807,-0.755042
1.809997,1.454253,-0.741888
1.813797,1.44373,-0.751388
1.814089,1.457176,-0.751242
1.819936,1.445484,-0.741011
1.818766,1.442561,-0.745542
1.811459,1.443145,-0.747588
1.806197,1.443438,-0.738088
1.818474,1.434084,-0.739988
1.810289,1.443145,-0.733704
1.813505,1.444899,-0.728004
1.811459,1.440807,-0.734288
1.815551,1.434668,-0.733557
1.812628,1.443145,-0.741742
1.812336,1.445192,-0.742181
1.81292,1.443145,-0.730196
1.814674,1.445192,-0.731804
1.813797,1.444607,-0.738381
1.815551,1.441391,-0.724203
1.811459,1.444022,-0.732388
1.817305,1.439053,-0.738088
1.815551,1.436714,-0.744519
1.821397,1.435838,-0.738088
1.817889,1.440514,-0.733119
1.817305,1.43993,-0.736334
1.815551,1.443438,-0.737211
1.816428,1.441684,-0.735896
1.816136,1.446361,-0.739988
1.819936,1.440807,-0.739111
1.820813,1.442853,-0.742181
1.814089,1.444607,-0.726688
1.817597,1.443145,-0.729904
1.816428,1.439638,-0.740134
1.82432,1.438176,-0.740427
1.80912,1.441099,-0.742473
1.820813,1.441391,-0.734873
1.818182,1.440222,-0.735457
1.817597,1.440807,-0.740865
1.820228,1.437591,-0.743935
1.817305,1.442268,-0.73955
1.816136,1.443145,-0.735457
1.815843,1.437884,-0.73955
1.81672,1.436422,-0.744373
1.819643,1.437591,-0.726688
1.815843,1.438761,-0.745981
1.816136,1.443145,-0.742181
1.82432,1.438176,-0.741011
1.818182,1.443438,-0.736334
1.825782,1.441976,-0.740427
1.821397,1.441099,-0.729319
1.822274,1.444899,-0.734142
1.817889,1.445484,-0.726542
1.815843,1.442561,-0.734288
1.816136,1.445484,-0.732534
1.819059,1.437007,-0.740281
1.815259,1.449576,-0.733411
1.809412,1.436714,-0.731219
1.819643,1.441099,-0.728296
1.811751,1.443145,-0.735019
1.817013,1.439053,-0.741888
1.819643,1.440514,-0.741596
1.817597,1.439345,-0.728442
1.815843,1.441099,-0.736042
1.82052,1.43613,-0.738819
1.817889,1.442853,-0.732973
1.814382,1.442268,-0.736773
1.812628,1.444899,-0.734288
1.821982,1.446068,-0.733704
1.817597,1.443438,-0.735019
1.813213,1.442268,-0.734581
1.815843,1.441391,-0.731657
1.81292,1.441391,-0.733996
1.824905,1.443145,-0.736627
1.814674,1.43613,-0.735457
1.81672,1.440514,-0.733119
1.818182,1.434668,-0.739842
1.812043,1.436422,-0.736919
1.814674,1.432914,-0.731365
1.817305,1.43993,-0.743058
1.818766,1.43993,-0.735019
1.82052,1.440222,-0.733411
1.814966,1.441684,-0.725665
1.816136,1.438761,-0.737942
1.818182,1.43496,-0.737796
1.819643,1.444314,-0.736188
1.813505,1.444899,-0.731511
1.816428,1.438468,-0.742181
1.816136,1.435545,-0.740573
1.816136,1.437007,-0.738965
1.814966,1.435838,-0.731073
1.818182,1.43993,-0.739696
1.822274,1.437884,-0.732096
1.815551,1.434376,-0.734581
1.819643,1.437299,-0.737357
1.815259,1.441684,-0.738234
1.812628,1.431453,-0.736481
1.816136,1.438468,-0.735019
1.817597,1.439638,-0.736919
1.823736,1.440514,-0.747004
1.823151,1.437884,-0.737065
1.826951,1.438176,-0.732827
1.81672,1.434376,-0.740427
1.821397,1.438176,-0.74905
1.826074,1.434376,-0.729173
1.819936,1.432914,-0.734288
1.817305,1.435545,-0.728004
1.812043,1.432622,-0.741596
1.819351,1.435545,-0.74145
1.82052,1.434084,-0.738819
1.821982,1.436422,-0.740281
1.818766,1.439638,-0.741304
1.815843,1.436422,-0.744227
1.817013,1.440514,-0.739258
1.817597,1.432622,-0.733996
1.821982,1.438468,-0.735165
1.823151,1.434668,-0.731657
1.825197,1.437007,-0.729173
1.813505,1.438176,-0.740281
1.82812,1.437884,-0.732096
1.816428,1.436714,-0.729757
1.813797,1.435253,-0.739696
1.812043,1.439345,-0.736334
1.816136,1.444314,-0.728588
1.814674,1.436714,-0.734142
1.818474,1.440514,-0.739258
1.82052,1.43993,-0.729173
1.817013,1.437299,-0.736188
1.821397,1.431745,-0.738673
1.813797,1.436422,-0.740427
1.815551,1.441684,-0.730488
1.817889,1.440222,-0.739258
1.814089,1.43613,-0.731219
1.818766,1.438761,-0.745688
1.812043,1.437299,-0.73765
1.812043,1.443438,-0.737065
1.816136,1.441976,-0.740865
1.817889,1.440514,-0.723473
1.811166,1.437007,-0.73195
1.821982,1.43496,-0.733557
1.814382,1.436422,-0.737357
1.813505,1.43613,-0.732096
1.813505,1.446361,-0.732096
1.818474,1.440514,-0.726396
1.820228,1.43496,-0.735604
1.810874,1.439345,-0.72815
1.814089,1.43993,-0.734434
1.812043,1.439053,-0.72888
1.817305,1.438468,-0.738088
1.818474,1.438468,-0.74715
1.812628,1.435545,-0.735896
1.818474,1.445776,-0.729757
1.814089,1.435253,-0.731804
1.822274,1.439345,-0.727273
1.811166,1.440222,-0.733704
1.815259,1.439345,-0.736481
1.818766,1.435253,-0.738088
1.812043,1.43233,-0.728004
1.823151,1.442853,-0.735896
1.811459,1.442561,-0.735165
1.821105,1.438468,-0.724496
1.812628,1.439345,-0.729027
1.815551,1.439345,-0.737211
1.814966,1.441099,-0.73575
1.81672,1.446068,-0.740281
1.819643,1.446653,-0.735457
1.816428,1.440514,-0.742765
1.817013,1.445776,-0.73765
1.818766,1.444607,-0.739404
1.813505,1.440514,-0.740281
1.814966,1.441684,-0.732827
1.820813,1.43993,-0.742619
1.819936,1.439053,-0.738381
1.819643,1.436422,-0.731219
1.818182,1.439053,-0.737065
1.814089,1.434376,-0.733704
1.817013,1.437884,-0.735311
1.81292,1.433499,-0.737211
1.808828,1.439638,-0.748612
1.81672,1.435838,-0.738234
1.819936,1.442561,-0.72698
1.818766,1.43613,-0.741011
1.819643,1.442268,-0.731073
1.827243,1.438176,-0.731073
1.820813,1.43496,-0.731073
1.818766,1.437299,-0.729319
1.82169,1.434084,-0.72888
1.821105,1.436422,-0.732973
1.819351,1.439638,-0.745835
1.820813,1.436422,-0.737942
1.815843,1.439345,-0.735457
1.819351,1.439345,-0.734434
1.812628,1.441976,-0.739404
1.823151,1.441391,-0.739988
1.819643,1.439053,-0.728734
1.816428,1.435253,-0.724934
1.817889,1.442853,-0.720257
1.815259,1.439345,-0.735604
1.816136,1.437884,-0.735311
1.817305,1.43993,-0.728296
1.819936,1.436714,-0.730488
1.821982,1.444899,-0.736627
1.815843,1.443438,-0.741742
1.819643,1.436714,-0.733265
1.824613,1.438761,-0.729757
1.827243,1.430284,-0.725957
1.819351,1.442853,-0.73005
1.822274,1.435545,-0.744081
1.820813,1.43993,-0.73385
1.819059,1.441099,-0.728734
1.82052,1.436714,-0.718503
1.817889,1.439345,-0.732096
1.815843,1.435545,-0.72625
1.81672,1.435838,-0.72508
1.820228,1.442561,-0.738673
1.820228,1.436422,-0.720842
1.817597,1.438176,-0.734288
1.82052,1.446945,-0.72508
1.817889,1.437884,-0.738673
1.823443,1.439053,-0.734581
1.812043,1.444607,-0.733704
1.815259,1.438176,-0.731219
1.817305,1.436422,-0.737504
1.822859,1.437299,-0.742034
1.819643,1.441099,-0.736481
1.822567,1.432622,-0.73385
1.818182,1.43496,-0.750804
1.817597,1.438761,-0.737065
1.817013,1.436422,-0.731511
1.824613,1.440807,-0.736188
1.813797,1.434668,-0.738088
1.826951,1.445776,-0.742327
1.825197,1.440222,-0.738965
1.822274,1.443438,-0.752119
1.816136,1.439638,-0.742034
1.818474,1.441099,-0.736627
1.824028,1.441976,-0.742034
1.812628,1.446653,-0.742327
1.816428,1.446361,-0.739258
1.817013,1.440514,-0.733119
1.822859,1.44373,-0.724934
1.814966,1.43613,-0.729904
1.811751,1.438468,-0.742911
1.822567,1.442268,-0.739111
1.817305,1.444899,-0.737796
1.821397,1.446361,-0.731365
1.817889,1.439638,-0.732827
1.821397,1.446945,-0.732534
1.818474,1.438176,-0.722742
1.816136,1.438176,-0.742034
1.815259,1.43993,-0.737942
1.814382,1.438468,-0.737796
1.818474,1.439345,-0.743058
1.819059,1.444607,-0.749342
1.818474,1.436714,-0.735311
1.819643,1.438176,-0.736627
1.818474,1.436714,-0.737504
1.825782,1.440807,-0.736188
1.809997,1.446653,-0.747588
1.814966,1.445192,-0.739696
1.817597,1.444314,-0.748319
1.815551,1.441391,-0.739111
1.816428,1.445484,-0.735019
1.815843,1.437299,-0.736481
1.81672,1.436422,-0.737942
1.819643,1.436714,-0.747442
1.82169,1.446361,-0.747735
1.816428,1.440514,-0.73078
1.825782,1.442853,-0.740427
1.817597,1.437299,-0.740281
1.823736,1.442268,-0.738965
1.819643,1.442853,-0.728296
1.81292,1.440514,-0.740573
1.810289,1.435253,-0.739111
1.818766,1.436714,-0.728004
1.817305,1.443145,-0.731804
1.809705,1.439053,-0.743496
1.815259,1.444607,-0.735604
1.81292,1.441391,-0.730196
1.812336,1.441684,-0.727273
1.828413,1.444022,-0.738088
1.81292,1.440514,-0.738527
1.82169,1.439638,-0.732534
1.818474,1.446653,-0.736334
1.813213,1.442561,-0.743496
1.811166,1.446068,-0.737357
1.819643,1.440807,-0.733119
1.815843,1.446653,-0.722742
1.813797,1.43993,-0.734873
1.814966,1.438176,-0.731073
1.817013,1.442853,-0.735165
1.812043,1.43993,-0.728734
1.818474,1.435253,-0.732242
1.81292,1.432037,-0.732534
1.821982,1.437007,-0.736334
1.821105,1.429407,-0.73575
1.819059,1.440222,-0.726834
1.815259,1.439053,-0.746127
1.818182,1.444607,-0.732096
1.817305,1.439053,-0.739842
1.818474,1.442561,-0.73575
1.818766,1.436714,-0.725957
1.823151,1.444607,-0.734288
1.819643,1.439638,-0.736334
1.818474,1.437591,-0.733265
1.822274,1.440807,-0.742765
1.821397,1.443438,-0.741888
1.80532,1.452792,-0.741742
1.796258,1.476177,-0.770973
1.787489,1.490792,-0.806051
1.774335,1.5095,-0.829436
1.760596,1.511546,-0.851359
1.768196,1.499562,-0.875621
1.772581,1.475592,-0.89506
1.779889,1.450745,-0.882929
1.785735,1.416545,-0.894329
1.812043,1.382052,-0.873429
1.825197,1.345221,-0.860859
1.831628,1.320082,-0.848436
1.838351,1.306928,-0.830897
1.84449,1.281789,-0.826951
1.856475,1.278866,-0.832651
1.861736,1.265419,-0.814528
1.857352,1.252558,-0.815259
1.861444,1.247004,-0.808974
1.871675,1.238819,-0.788512
1.876644,1.234142,-0.796989
1.873429,1.225665,-0.804735
1.877813,1.233557,-0.797428
1.871967,1.220988,-0.785443
1.87109,1.220111,-0.781935
1.873721,1.226834,-0.792312
1.87489,1.22128,-0.780181
1.884829,1.216311,-0.777989
1.886291,1.213973,-0.79012
1.883367,1.210465,-0.780327
1.879275,1.206665,-0.771996
1.88746,1.201403,-0.776527
1.879567,1.203742,-0.776673
1.873721,1.203157,-0.786612
1.881029,1.209588,-0.76805
1.880444,1.205788,-0.773166
1.87986,1.209588,-0.771412
1.883075,1.212511,-0.772143
1.881029,1.207249,-0.779889
1.881614,1.211049,-0.766735
1.887752,1.202572,-0.780474
1.881321,1.209588,-0.770535
1.886875,1.208126,-0.77185
1.883367,1.204326,-0.770535
1.888044,1.213973,-0.768927
1.881906,1.206665,-0.768343
1.890675,1.206665,-0.771266
1.890383,1.208711,-0.777989
1.894475,1.213096,-0.770827
1.89126,1.203157,-0.768196
1.889798,1.211926,-0.773312
1.890383,1.213096,-0.77492
1.892721,1.216896,-0.770681
1.88746,1.215142,-0.777843
1.888629,1.213096,-0.768489
1.886291,1.206372,-0.765273
1.885998,1.213388,-0.781935
1.889214,1.204911,-0.767904
1.890968,1.211926,-0.775066
1.888629,1.213973,-0.764835
1.893014,1.212219,-0.76922
1.882491,1.209296,-0.763666
1.889214,1.211049,-0.766296
1.891845,1.20988,-0.762058
1.887167,1.208126,-0.77112
1.886583,1.208126,-0.766735
1.884244,1.206372,-0.766296
1.886875,1.209296,-0.77185
1.893598,1.206957,-0.773604
1.877813,1.203449,-0.765273
1.885998,1.204034,-0.762643
1.886291,1.209003,-0.770973
1.881029,1.21368,-0.759281
1.883367,1.20608,-0.769658
1.881321,1.205495,-0.770389
1.888337,1.204034,-0.766443
1.887752,1.198188,-0.76922
1.886875,1.20228,-0.770389
1.878398,1.204911,-0.769658
1.883367,1.209003,-0.769073
1.881029,1.207249,-0.767904
1.88746,1.199649,-0.763666
1.888921,1.208419,-0.764396
1.885121,1.20608,-0.772727
1.89506,1.199649,-0.771996
1.888629,1.209296,-0.776673
1.892721,1.211926,-0.770389
1.885414,1.209588,-0.784274
1.891845,1.211634,-0.76805
1.889506,1.205788,-0.77565
1.887167,1.207542,-0.773604
1.889214,1.209296,-0.781935
1.890091,1.213973,-0.770096
1.882491,1.204911,-0.77565
1.893891,1.205203,-0.770535
1.890383,1.205203,-0.765712
1.88746,1.203449,-0.768927
1.891552,1.211634,-0.767173
1.881321,1.204911,-0.760012
1.890091,1.214265,-0.76045
1.888921,1.207834,-0.770243
1.884244,1.204034,-0.771996
1.885414,1.20988,-0.771996
1.889506,1.210757,-0.772581
1.885121,1.207249,-0.770973
1.893598,1.208419,-0.763666
1.880152,1.215726,-0.773458
1.890091,1.211049,-0.776527
1.891552,1.20608,-0.78062
1.884829,1.204619,-0.774773
1.884829,1.204619,-0.776966
1.888629,1.209003,-0.770096
1.893306,1.209588,-0.772873
1.892137,1.204911,-0.77682
1.891552,1.203742,-0.768635
1.893306,1.205203,-0.775066
1.890675,1.209588,-0.778135
1.893014,1.206665,-0.773166
1.888629,1.207249,-0.777404
1.890383,1.206372,-0.76732
1.889214,1.202572,-0.775358
1.894183,1.204034,-0.777989
1.894183,1.203742,-0.777404
1.891552,1.207249,-0.767466
1.893598,1.204619,-0.768635
1.888044,1.210465,-0.775066
1.891552,1.206372,-0.767612
1.887752,1.205788,-0.77302
1.885121,1.207542,-0.771996
1.895645,1.207834,-0.764104
1.88746,1.211049,-0.764835
1.889798,1.205203,-0.777989
1.888921,1.204911,-0.773897
1.889798,1.20988,-0.769804
1.884829,1.204911,-0.766004
1.899152,1.203449,-0.773166
1.888921,1.200234,-0.770681
1.889214,1.207542,-0.777404
1.887167,1.201695,-0.77682
1.889506,1.215726,-0.769804
1.890383,1.207542,-0.765712
1.887167,1.20988,-0.775797
1.889798,1.206957,-0.776381
1.886583,1.212803,-0.756358
1.894183,1.208126,-0.766443
1.890383,1.20988,-0.772435
1.883367,1.211342,-0.764543
1.882491,1.210465,-0.76615
1.888629,1.209296,-0.775504
1.887167,1.215726,-0.786027
1.890968,1.210172,-0.77492
1.890383,1.204911,-0.775066
1.886875,1.205495,-0.76732
1.895352,1.210465,-0.774189
1.885414,1.209003,-0.770096
1.888921,1.211049,-0.776381
1.888921,1.214557,-0.770827
1.889798,1.215726,-0.781204
1.892429,1.205203,-0.769512
1.888921,1.205495,-0.778135
1.889214,1.208711,-0.777112
1.894183,1.210465,-0.770827
1.895645,1.205495,-0.757089
1.888921,1.208711,-0.764835
1.889798,1.200234,-0.77872
1.89126,1.204619,-0.765127
1.890091,1.196141,-0.77492
1.893891,1.20608,-0.762643
1.895352,1.203157,-0.766004
1.890675,1.203157,-0.761766
1.89506,1.203742,-0.77945
1.888044,1.211049,-0.764396
1.890091,1.209296,-0.766004
1.890091,1.212803,-0.771704
1.892137,1.208419,-0.76922
1.893014,1.215142,-0.767173
1.888044,1.20988,-0.77302
1.891845,1.211634,-0.772435
1.890383,1.209588,-0.762789
1.894768,1.207834,-0.770096
1.890091,1.208711,-0.762643
1.88746,1.211634,-0.76995
1.89126,1.203742,-0.765419
1.893014,1.211049,-0.761619
1.892429,1.209003,-0.763666
1.892721,1.206372,-0.762204
1.890968,1.212219,-0.765712
1.897983,1.212219,-0.756796
1.895937,1.213388,-0.775212
1.896521,1.210172,-0.77682
1.893891,1.205203,-0.770243
1.890383,1.213096,-0.763958
1.886583,1.214557,-0.775797
1.896521,1.202572,-0.77492
1.888921,1.209588,-0.763519
1.892721,1.20988,-0.776966
1.893891,1.204911,-0.761035
1.891552,1.197311,-0.780035
1.900614,1.20988,-0.761327
1.892721,1.206665,-0.764396
1.893598,1.204911,-0.767027
1.895352,1.209296,-0.773166
1.896814,1.207834,-0.762935
1.892429,1.207834,-0.770681
1.892137,1.203742,-0.776089
1.891845,1.202865,-0.763958
1.90646,1.207249,-0.77755
1.897106,1.199357,-0.776527
1.894183,1.20608,-0.772435
1.890675,1.205495,-0.767612
1.893598,1.206372,-0.768343
1.892721,1.206372,-0.778866
1.901491,1.203449,-0.775504
1.897106,1.205788,-0.767904
1.896521,1.200818,-0.760304
1.894183,1.199942,-0.761766
1.894768,1.211049,-0.757089
1.892721,1.206665,-0.771412
1.893891,1.210757,-0.767466
1.89506,1.205495,-0.768196
1.887752,1.204326,-0.764104
1.893598,1.200234,-0.77302
1.897106,1.201988,-0.776381
1.89506,1.207249,-0.775504
1.898568,1.20988,-0.771996
1.888337,1.203449,-0.768489
1.888337,1.199065,-0.765712
1.897106,1.201403,-0.77492
1.893598,1.20988,-0.772289
1.892721,1.205203,-0.759135
1.897691,1.204326,-0.77302
1.894183,1.203742,-0.763519
1.896814,1.207834,-0.752558
1.895352,1.205495,-0.766881
1.895352,1.209003,-0.771558
1.890675,1.204911,-0.764981
1.897983,1.201403,-0.76995
1.88746,1.207249,-0.761912
1.89506,1.207834,-0.76922
1.893014,1.20608,-0.768781
1.896521,1.20988,-0.762496
1.887752,1.206957,-0.766881
1.893306,1.206665,-0.767612
1.895352,1.208419,-0.763227
1.886875,1.204619,-0.772435
1.890968,1.203449,-0.771412
1.891552,1.203742,-0.76805
1.890383,1.20608,-0.771266
1.890091,1.203157,-0.756358
1.892429,1.211049,-0.762789
1.891845,1.205788,-0.770827
1.895937,1.20608,-0.77112
1.89506,1.213973,-0.770535
1.898275,1.210172,-0.768489
1.901783,1.20988,-0.760304
1.888629,1.204911,-0.756504
1.886291,1.209296,-0.761327
1.889506,1.204911,-0.775358
1.894768,1.209296,-0.769512
1.89126,1.202865,-0.762935
1.888921,1.195265,-0.757966
1.892721,1.202572,-0.764104
1.892429,1.209003,-0.772581
1.897691,1.210172,-0.767173
1.899152,1.20988,-0.758696
1.903537,1.203449,-0.757527
1.897691,1.206372,-0.763373
1.894768,1.199357,-0.762058
1.892137,1.202865,-0.768635
1.893014,1.202572,-0.771558
1.895352,1.202572,-0.776381
1.891845,1.202572,-0.767904
1.895937,1.210172,-0.771412
1.899445,1.208711,-0.774627
1.893014,1.206665,-0.764104
1.885121,1.209588,-0.770681
1.896521,1.207542,-0.767904
1.897691,1.210172,-0.769366
1.886875,1.206957,-0.772727
1.890968,1.204911,-0.773604
1.892137,1.209296,-0.771558
1.891552,1.208126,-0.756212
1.893598,1.203157,-0.766589
1.900614,1.211634,-0.757966
1.897106,1.206665,-0.764396
1.896521,1.210172,-0.770389
1.897106,1.211342,-0.773312
1.905291,1.211634,-0.766589
1.893891,1.215726,-0.765273
1.894768,1.210757,-0.774481
1.887752,1.205788,-0.765127
1.893014,1.216311,-0.770243
1.893891,1.214265,-0.77302
1.891845,1.213388,-0.777989
1.895645,1.210757,-0.765273
1.904706,1.201988,-0.769073
1.891552,1.208419,-0.770681
1.891552,1.210465,-0.758842
1.89506,1.20988,-0.768196
1.895645,1.210757,-0.78822
1.893891,1.201988,-0.766004
1.88746,1.204034,-0.76995
1.894183,1.204619,-0.774627
1.890675,1.207542,-0.774481
1.893891,1.205788,-0.770681
1.894768,1.210465,-0.767027
1.890383,1.207542,-0.769073
1.888044,1.212803,-0.764396
1.893014,1.204034,-0.770389
1.894768,1.200526,-0.769366
1.893014,1.205788,-0.772143
1.89126,1.203157,-0.758842
1.896814,1.203742,-0.766443
1.900322,1.208711,-0.759135
1.894475,1.216896,-0.764689
1.893306,1.207249,-0.766443
1.898568,1.211049,-0.772435
1.890968,1.215726,-0.775358
1.893014,1.207249,-0.773604
1.895645,1.209296,-0.775943
1.89886,1.210465,-0.775504
1.898568,1.212219,-0.768489
1.886583,1.206372,-0.77492
1.894768,1.210465,-0.787051
1.895645,1.203157,-0.767027
1.89126,1.21368,-0.774189
1.887752,1.207834,-0.775066
1.891845,1.203449,-0.780474
1.89126,1.202865,-0.775358
1.891552,1.211634,-0.77375
1.894768,1.207834,-0.771412
1.896521,1.201111,-0.77565
1.899445,1.212511,-0.77302
1.894183,1.206372,-0.783835
1.892429,1.20988,-0.776235
1.888629,1.210172,-0.77375
1.893306,1.20608,-0.768196
1.891845,1.209003,-0.770096
1.890675,1.204911,-0.770535
1.883075,1.207249,-0.776235
1.890383,1.206372,-0.77492
1.890968,1.207249,-0.774481
1.89126,1.204911,-0.780181
1.893306,1.205495,-0.776673
1.882198,1.206372,-0.764835
1.888337,1.201988,-0.775504
1.884829,1.208419,-0.771412
1.88746,1.197311,-0.764543
1.888044,1.201988,-0.770389
1.888629,1.209003,-0.765127
1.894475,1.206957,-0.764543
1.885998,1.203742,-0.762204
1.890383,1.206372,-0.767173
1.893014,1.216603,-0.772727
1.893014,1.213388,-0.780181
1.890675,1.212219,-0.779743
1.888921,1.207249,-0.771704
1.888044,1.205788,-0.766735
1.897398,1.209296,-0.774189
1.887752,1.208126,-0.763081
1.900614,1.212511,-0.766296
1.892429,1.206665,-0.770973
1.890968,1.211634,-0.77565
1.890968,1.209296,-0.771704
1.890675,1.208126,-0.767758
1.886583,1.213973,-0.770973
1.884537,1.211634,-0.770535
1.890383,1.209588,-0.77185
1.892721,1.203742,-0.779743
1.891845,1.205495,-0.777258
1.893598,1.205788,-0.778574
1.893014,1.210172,-0.769512
1.89126,1.208711,-0.76235
1.888044,1.204911,-0.769073
1.890675,1.204034,-0.776381
1.890675,1.204619,-0.767758
1.888337,1.207834,-0.768781
1.892429,1.20608,-0.762058
1.889798,1.205203,-0.766443
1.890675,1.209296,-0.772727
1.888629,1.207542,-0.772435
1.888629,1.208711,-0.773458
1.890968,1.207834,-0.773166
1.888921,1.204619,-0.760158
1.892137,1.205203,-0.770973
1.890383,1.208711,-0.768489
1.894475,1.212511,-0.766296
1.895937,1.205495,-0.771996
1.893014,1.20608,-0.772435
1.888921,1.211634,-0.771996
1.891552,1.207542,-0.762935
1.881906,1.209588,-0.772289
1.889506,1.200818,-0.764689
1.89126,1.206372,-0.774043
1.891552,1.206957,-0.769512
1.885998,1.206372,-0.774189
1.88746,1.208419,-0.768781
1.888921,1.207542,-0.763812
1.882783,1.210757,-0.762058
1.885706,1.207249,-0.767173
1.885121,1.20608,-0.76805
1.885706,1.206372,-0.766589
1.890968,1.211342,-0.775358
1.892137,1.205495,-0.77185
1.89126,1.204034,-0.778427
1.897106,1.206372,-0.776673
1.892721,1.208419,-0.765127
1.888921,1.21368,-0.76732
1.888044,1.207542,-0.765419
1.886875,1.209588,-0.771558
1.89506,1.212803,-0.75855
1.89126,1.204326,-0.773897
1.890675,1.213096,-0.774335
1.893598,1.214849,-0.772873
1.893891,1.206665,-0.767173
1.893598,1.213388,-0.772873
1.893598,1.210757,-0.775797
1.891845,1.213388,-0.77112
1.889798,1.206957,-0.759427
1.885706,1.207542,-0.766589
1.889214,1.206957,-0.774189
1.887752,1.207249,-0.767612
1.892721,1.206665,-0.76425
1.886875,1.218065,-0.766881
1.894475,1.207834,-0.783543
1.894183,1.205203,-0.77682
1.888921,1.203449,-0.773166
1.885121,1.204619,-0.776673
1.886583,1.215142,-0.768927
1.895645,1.206957,-0.772873
1.889214,1.202572,-0.774773
1.888044,1.215142,-0.767173
1.885998,1.204911,-0.777843
1.885998,1.208419,-0.763519
1.890383,1.203742,-0.761035
1.885414,1.211049,-0.757381
1.885706,1.205495,-0.773897
1.88746,1.217188,-0.76235
1.884829,1.211342,-0.767612
1.885121,1.208711,-0.768196
1.886583,1.210757,-0.771558
1.886875,1.217188,-0.775212
1.891552,1.211634,-0.777989
1.889798,1.212219,-0.777989
1.888044,1.208126,-0.77492
1.893014,1.205788,-0.775504
1.883367,1.21368,-0.768927
1.885998,1.210465,-0.763812
1.886875,1.209003,-0.770096
1.896521,1.207542,-0.771704
1.886583,1.207542,-0.77682
1.899152,1.207834,-0.764104
1.886583,1.205495,-0.776966
1.891552,1.208711,-0.770681
1.892137,1.206957,-0.772873
1.891552,1.20988,-0.770535
1.888337,1.204034,-0.773312
1.888337,1.213388,-0.773166
1.893891,1.202572,-0.766735
1.893598,1.209003,-0.769512
1.88746,1.204619,-0.772143
1.887167,1.206372,-0.767466
1.896229,1.209003,-0.775797
1.887167,1.20228,-0.774481
1.887752,1.210465,-0.782666
1.898275,1.207249,-0.77565
1.895352,1.208711,-0.774627
1.881321,1.212219,-0.781204
1.89126,1.205788,-0.778427
1.891552,1.206665,-0.784858
1.88746,1.206957,-0.780912
1.887752,1.198772,-0.776235
1.890675,1.203742,-0.776381
1.893598,1.208711,-0.775066
1.893598,1.200234,-0.786758
1.891552,1.20608,-0.785589
1.889214,1.215434,-0.777697
1.887752,1.206372,-0.774335
1.884244,1.203742,-0.783397
1.87986,1.201695,-0.769658
1.888044,1.208711,-0.770681
1.888337,1.205788,-0.77682
1.890968,1.210172,-0.762789
1.896814,1.208126,-0.77302
1.891552,1.208126,-0.77492
1.893598,1.206665,-0.773166
1.886583,1.203449,-0.770243
1.885121,1.199942,-0.770096
1.87986,1.207542,-0.777112
1.887752,1.202865,-0.763812
1.889214,1.206665,-0.781497
1.887752,1.204326,-0.76732
1.888044,1.209588,-0.776235
1.885121,1.202865,-0.763958
1.883075,1.203449,-0.777697
1.893306,1.210172,-0.774627
1.893891,1.204911,-0.781935
1.892137,1.210757,-0.773458
1.891845,1.207249,-0.779743
1.893598,1.200526,-0.773458
1.895937,1.201695,-0.778135
1.88746,1.206957,-0.76922
1.887167,1.201988,-0.775504
1.885706,1.206665,-0.777697
1.893598,1.198188,-0.774481
1.888629,1.199357,-0.78135
1.885414,1.20608,-0.773312
1.893891,1.199065,-0.783689
1.889506,1.206665,-0.77755
1.885414,1.210172,-0.765273
1.888629,1.206372,-0.773897
1.890675,1.201403,-0.785297
1.886875,1.210757,-0.77302
1.892721,1.208126,-0.785443
1.890675,1.213096,-0.778135
1.89126,1.212219,-0.76732
1.892429,1.216019,-0.771412
1.888044,1.208126,-0.772143
1.888921,1.204911,-0.75665
1.890091,1.207249,-0.771558
1.893306,1.209003,-0.767904
1.89506,1.205203,-0.756796
1.894768,1.20988,-0.770827
1.888629,1.205788,-0.783251
1.888629,1.204326,-0.768489
1.893014,1.204034,-0.78062
1.882491,1.211049,-0.76235
1.885414,1.220696,-0.784858
1.87606,1.239111,-0.799766
1.867583,1.271558,-0.82622
1.840982,1.306635,-0.859836
1.809412,1.352236,-0.87869
1.794797,1.408652,-0.885852
1.776673,1.445484,-0.886437
1.774627,1.472084,-0.888044
1.770535,1.500731,-0.874744
1.765858,1.504531,-0.870067
1.773166,1.514177,-0.855452
1.779597,1.508331,-0.822859
1.789828,1.495762,-0.801082
1.795381,1.468869,-0.769658
1.813797,1.434376,-0.741742
1.828705,1.40076,-0.701842
1.853552,1.356913,-0.674949
1.86729,1.333528,-0.675387
1.871675,1.31102,-0.646302
1.889214,1.297866,-0.650248
1.88746,1.280327,-0.636364
1.890091,1.28062,-0.645133
1.896814,1.256942,-0.626279
1.909383,1.244373,-0.63461
1.903245,1.240865,-0.629202
1.907629,1.237065,-0.628617
1.907922,1.232681,-0.62891
1.91406,1.232096,-0.617071
1.910553,1.22625,-0.63461
1.911429,1.220403,-0.630079
1.909383,1.223034,-0.621748
1.913183,1.220696,-0.626279
1.91786,1.216311,-0.620579
1.911722,1.212219,-0.615171
1.912306,1.206372,-0.623502
1.912891,1.213096,-0.623356
1.922245,1.214557,-0.616633
1.919322,1.215142,-0.615902
1.915814,1.214265,-0.622333
1.916399,1.215726,-0.629056
1.909675,1.215142,-0.63271
1.916691,1.210172,-0.617363
1.921076,1.207542,-0.62131
1.916983,1.212511,-0.623502
1.909675,1.210757,-0.630956
1.913183,1.208711,-0.627594
1.912306,1.201403,-0.629787
1.913476,1.214557,-0.641187
1.916106,1.209588,-0.62321
1.912306,1.211049,-0.631979
1.911722,1.208126,-0.63154
1.913183,1.211634,-0.622186
1.909675,1.20608,-0.638702
1.915229,1.209296,-0.634171
1.91026,1.213973,-0.629787
1.908214,1.211926,-0.629494
1.915814,1.212511,-0.628033
1.912014,1.211049,-0.635925
1.914353,1.208419,-0.625402
1.913183,1.21368,-0.62204
1.912306,1.205495,-0.625256
1.915522,1.211342,-0.626863
1.915814,1.212803,-0.634317
1.918737,1.214557,-0.624963
1.925168,1.210172,-0.627594
1.916399,1.215726,-0.622625
1.913183,1.208419,-0.62774
1.917568,1.214849,-0.627887
1.916691,1.218065,-0.624817
1.916983,1.216019,-0.625402
1.914937,1.212803,-0.628471
1.920199,1.217773,-0.619117
1.910845,1.20988,-0.631687
1.909383,1.218942,-0.63081
1.916399,1.216896,-0.634317
1.915814,1.211049,-0.630956
1.916106,1.215142,-0.627156
1.916399,1.210757,-0.623794
1.914353,1.211634,-0.618533
1.908799,1.219234,-0.623648
1.916691,1.214557,-0.617802
1.916399,1.208711,-0.62321
1.913476,1.212803,-0.62964
1.918153,1.21368,-0.625987
1.909383,1.206957,-0.625256
1.918445,1.215142,-0.629933
1.912891,1.208419,-0.62584
1.91406,1.204326,-0.615756
1.911137,1.213096,-0.62131
1.916983,1.210465,-0.617802
1.915229,1.215726,-0.62584
1.907629,1.212803,-0.622186
1.912599,1.212803,-0.634171
1.918153,1.209003,-0.622186
1.907045,1.207249,-0.622186
1.912599,1.209003,-0.61634
1.912306,1.213096,-0.61254
1.917568,1.209296,-0.610348
1.918153,1.211342,-0.620433
1.913476,1.216311,-0.622625
1.917568,1.215434,-0.618533
1.914645,1.219526,-0.618094
1.913768,1.210757,-0.621017
1.920199,1.215726,-0.615025
1.908506,1.215142,-0.617656
1.918737,1.205788,-0.615609
1.916691,1.216603,-0.624086
1.920783,1.212219,-0.616486
1.91406,1.214265,-0.622625
1.913476,1.210172,-0.615025
1.908799,1.208711,-0.631394
1.923999,1.212511,-0.634464
1.915814,1.208126,-0.635487
1.912014,1.207249,-0.629787
1.911722,1.216311,-0.639579
1.916106,1.213388,-0.627448
1.916983,1.216603,-0.625402
1.91786,1.218942,-0.629494
1.916106,1.215726,-0.626571
1.919906,1.218357,-0.625256
1.915814,1.214265,-0.62774
1.916983,1.216603,-0.623063
1.914645,1.224788,-0.625548
1.916399,1.21748,-0.625987
1.913476,1.207834,-0.621894
1.908799,1.213973,-0.623356
1.912014,1.213973,-0.626133
1.917276,1.218942,-0.622625
1.91026,1.210172,-0.632856
1.910553,1.216603,-0.628325
1.913768,1.214557,-0.615609
1.92283,1.217188,-0.631833
1.918153,1.216896,-0.622333
1.913768,1.216019,-0.628033
1.912891,1.211342,-0.628617
1.920199,1.207834,-0.626571
1.916983,1.211342,-0.632271
1.916691,1.204619,-0.620579
1.916983,1.213388,-0.619702
1.917568,1.219234,-0.611371
1.918153,1.211634,-0.616486
1.92663,1.214265,-0.626133
1.91786,1.214557,-0.628325
1.918737,1.216603,-0.636217
1.917276,1.215726,-0.627156
1.911722,1.211634,-0.636802
1.912599,1.210172,-0.626133
1.917568,1.215142,-0.629202
1.915229,1.209003,-0.629056
1.914353,1.210465,-0.615317
1.915229,1.21748,-0.620286
1.920491,1.219234,-0.62204
1.916399,1.207542,-0.621163
1.91786,1.214265,-0.618533
1.91406,1.214849,-0.621748
1.916399,1.214265,-0.613563
1.916691,1.220111,-0.624086
1.920199,1.219234,-0.622771
1.91786,1.209296,-0.620433
1.913183,1.218357,-0.624379
1.912306,1.211342,-0.622917
1.915522,1.209588,-0.627594
1.917568,1.211049,-0.628179
1.921368,1.215142,-0.623502
1.916691,1.222742,-0.62321
1.918445,1.207834,-0.629202
1.91406,1.213973,-0.619556
1.916983,1.208419,-0.633587
1.918445,1.208126,-0.637533
1.92166,1.216311,-0.628617
1.91786,1.212219,-0.628179
1.915229,1.209003,-0.619117
1.926337,1.216311,-0.630664
1.918737,1.206372,-0.623794
1.91786,1.206372,-0.630079
1.914353,1.205495,-0.635048
1.918445,1.207834,-0.62394
1.917276,1.204619,-0.664864
1.917276,1.205495,-0.637241
1.923122,1.207542,-0.622186
1.912891,1.20988,-0.614879
1.91406,1.208419,-0.630517
1.915814,1.217188,-0.622917
1.910845,1.20988,-0.620871
1.917276,1.206957,-0.625256
1.912306,1.208419,-0.624086
1.909968,1.205788,-0.629348
1.908214,1.209003,-0.634025
1.918445,1.205495,-0.634464
1.913183,1.208419,-0.618386
1.919614,1.213096,-0.618386
1.917568,1.208126,-0.627448
1.913768,1.213973,-0.625256
1.912891,1.210172,-0.626425
1.915522,1.204326,-0.612979
1.915522,1.20988,-0.625402
1.921076,1.201988,-0.624525
1.920783,1.209003,-0.630225
1.916106,1.208711,-0.63271
1.914353,1.204034,-0.62891
1.92283,1.205203,-0.635048
1.920783,1.209003,-0.615902
1.918153,1.207542,-0.638848
1.917568,1.216311,-0.634171
1.915522,1.214849,-0.619702
1.915522,1.207542,-0.62964
1.91026,1.21368,-0.632417
1.916691,1.214557,-0.621163
1.914645,1.213096,-0.626571
1.913768,1.20988,-0.626425
1.912891,1.210757,-0.624086
1.910553,1.212219,-0.624379
1.909091,1.214265,-0.625548
1.919906,1.211049,-0.631979
1.914937,1.212219,-0.62701
1.918153,1.208711,-0.629494
1.920199,1.211049,-0.62774
1.917276,1.212511,-0.617948
1.918445,1.213096,-0.617217
1.915814,1.216896,-0.62584
1.913768,1.213973,-0.61941
1.915229,1.207834,-0.62774
1.917276,1.212219,-0.624379
1.91406,1.213096,-0.629933
1.908799,1.211634,-0.616633
1.905583,1.209003,-0.617363
1.916983,1.204619,-0.616925
1.907337,1.212219,-0.62394
1.908799,1.212511,-0.619117
1.916106,1.212803,-0.626279
1.910553,1.215142,-0.622625
1.917568,1.216896,-0.626717
1.908214,1.205203,-0.62584
1.915229,1.206957,-0.626717
1.914645,1.20608,-0.620871
1.908799,1.211342,-0.617802
1.909383,1.203449,-0.623063
1.909675,1.214265,-0.630225
1.913183,1.210465,-0.62774
1.91786,1.211634,-0.617363
1.911722,1.211342,-0.626717
1.916691,1.216311,-0.621017
1.913768,1.213388,-0.614002
1.918445,1.215726,-0.625548
1.910845,1.207834,-0.626425
1.912014,1.210172,-0.623794
1.909383,1.212511,-0.619994
1.917276,1.215434,-0.620579
1.915229,1.211049,-0.632417
1.914353,1.206372,-0.626425
1.91026,1.210757,-0.62014
1.916691,1.213973,-0.622771
1.909675,1.210172,-0.628325
1.912599,1.216603,-0.623356
1.912891,1.216896,-0.621894
1.91406,1.212803,-0.628763
1.908506,1.216311,-0.62511
1.913476,1.210172,-0.641187
1.907629,1.211049,-0.632125
1.907045,1.21368,-0.627302
1.910553,1.207834,-0.63271
1.914645,1.216019,-0.622771
1.909968,1.211926,-0.636948
1.909383,1.204619,-0.624963
1.90646,1.209003,-0.632564
1.913183,1.212219,-0.629202
1.913476,1.210757,-0.628033
1.911722,1.207834,-0.628179
1.920783,1.213388,-0.628471
1.909968,1.21368,-0.624379
1.918737,1.219526,-0.620725
1.91026,1.214849,-0.618386
1.91026,1.216603,-0.619263
1.913183,1.211049,-0.616486
1.91786,1.212511,-0.617948
1.911429,1.208711,-0.612394
1.915229,1.213973,-0.619556
1.914353,1.214849,-0.620579
1.914353,1.215142,-0.620579
1.92166,1.215142,-0.63651
1.918153,1.212511,-0.621017
1.919906,1.208419,-0.609763
1.917276,1.205495,-0.62774
1.921368,1.217773,-0.615317
1.922537,1.20988,-0.619848
1.919322,1.209296,-0.612394
1.92546,1.216019,-0.625402
1.922537,1.217188,-0.620579
1.919906,1.216311,-0.625987
1.922537,1.22245,-0.615317
1.929553,1.216896,-0.62204
1.916106,1.222742,-0.627156
1.92166,1.222157,-0.630371
1.918445,1.21748,-0.626717
1.913768,1.210757,-0.619263
1.918445,1.215726,-0.622333
1.921368,1.215142,-0.626717
1.910845,1.214849,-0.62511
1.91026,1.216896,-0.628617
1.91026,1.213973,-0.628325
1.915229,1.208419,-0.620286
1.919029,1.21368,-0.624817
1.916106,1.209003,-0.627302
1.912891,1.210465,-0.62204
1.916399,1.216896,-0.636948
1.915814,1.20988,-0.633148
1.916106,1.21368,-0.631979
1.917568,1.211634,-0.622333
1.916399,1.20988,-0.623063
1.912891,1.211342,-0.622625
1.913476,1.213973,-0.629056
1.910553,1.216019,-0.628617
1.908799,1.213096,-0.631102
1.913476,1.201988,-0.617656
1.914645,1.20988,-0.621456
1.908799,1.213973,-0.626425
1.919029,1.209296,-0.622333
1.915522,1.207834,-0.615609
1.915814,1.205495,-0.621163
1.913183,1.209003,-0.61824
1.917276,1.204034,-0.630517
1.919614,1.210757,-0.626863
1.913768,1.212219,-0.624233
1.913476,1.217773,-0.625548
1.907922,1.214557,-0.630371
1.922245,1.206665,-0.625548
1.91786,1.213973,-0.623356
1.912891,1.213388,-0.631394
1.912014,1.209296,-0.612832
1.91026,1.206665,-0.62204
1.917276,1.218065,-0.62131
1.923999,1.20988,-0.612102
1.918445,1.212803,-0.62774
1.912599,1.22128,-0.631687
1.917568,1.214849,-0.618679
1.916106,1.209003,-0.617509
1.908799,1.214265,-0.628471
1.915814,1.207249,-0.61824
1.917568,1.216896,-0.63461
1.919029,1.21368,-0.629494
1.917276,1.21368,-0.617217
1.917568,1.214849,-0.622186
1.912306,1.213096,-0.625402
1.916691,1.215142,-0.614294
1.916691,1.21368,-0.625548
1.908506,1.210465,-0.619117
1.916983,1.210465,-0.614294
1.914353,1.212219,-0.614586
1.92283,1.211634,-0.62204
1.920783,1.210172,-0.628763
1.91026,1.212511,-0.618386
1.912014,1.211926,-0.618679
1.917568,1.212511,-0.617071
1.907337,1.210465,-0.623648
1.907337,1.211049,-0.627887
1.909675,1.211049,-0.625987
1.916983,1.213973,-0.623794
1.916983,1.208419,-0.628325
1.91026,1.213388,-0.622186
1.911137,1.215726,-0.614879
1.910553,1.209588,-0.621602
1.91786,1.213388,-0.623356
1.913768,1.211049,-0.62014
1.911429,1.208126,-0.619994
1.915814,1.204326,-0.62511
1.915522,1.209296,-0.620286
1.912014,1.212511,-0.613125
1.917568,1.210757,-0.630371
1.922245,1.214557,-0.61254
1.924291,1.218065,-0.613271
1.916106,1.209003,-0.615756
1.916399,1.214557,-0.614733
1.909383,1.220988,-0.624086
1.911429,1.218942,-0.615902
1.908799,1.204619,-0.624379
1.908214,1.211049,-0.62394
1.91786,1.213973,-0.61444
1.916691,1.207834,-0.618094
1.918445,1.209588,-0.618679
1.915522,1.215434,-0.622333
1.923999,1.212803,-0.621748
1.921076,1.213096,-0.615902
1.916106,1.209003,-0.625987
1.91406,1.203742,-0.614879
1.911722,1.204034,-0.62014
1.920491,1.212803,-0.624963
1.92546,1.208419,-0.621894
1.919906,1.213973,-0.626571
1.909968,1.202865,-0.616633
1.917276,1.213388,-0.624379
1.918153,1.218065,-0.618533
1.913476,1.209588,-0.618094
1.912306,1.215142,-0.628471
1.91786,1.216896,-0.633002
1.920491,1.215726,-0.624086
1.91786,1.211926,-0.621894
1.917568,1.214557,-0.624233
1.913183,1.208419,-0.623502
1.928968,1.211342,-0.621456
1.918153,1.211926,-0.627302
1.920491,1.21368,-0.627302
1.919614,1.220111,-0.62204
1.921076,1.211926,-0.620725
1.915814,1.209296,-0.62891
1.915229,1.214849,-0.610056
1.918445,1.210172,-0.612832
1.918153,1.216311,-0.626863
1.922537,1.214557,-0.625402
1.923707,1.21748,-0.62394
1.916106,1.211049,-0.612832
1.915814,1.21748,-0.618679
1.916983,1.208711,-0.615902
1.917276,1.210465,-0.621017
1.909675,1.210465,-0.614733
1.920199,1.213096,-0.614294
1.919614,1.218065,-0.624379
1.923414,1.20988,-0.617363
1.919029,1.210757,-0.632564
1.919322,1.21368,-0.621894
1.922537,1.214849,-0.617656
1.91406,1.219819,-0.62204
1.92166,1.21368,-0.613856
1.914353,1.214265,-0.618386
1.909675,1.204619,-0.616925
1.920199,1.204911,-0.611225
1.919614,1.214849,-0.619702
1.913768,1.214849,-0.608594
1.918737,1.218357,-0.615902
1.912306,1.210757,-0.628033
1.919906,1.207834,-0.627156
1.921076,1.212803,-0.621748
1.912306,1.208126,-0.61254
1.910553,1.209003,-0.616194
1.915814,1.206665,-0.624963
1.911429,1.201988,-0.613709
1.919029,1.207834,-0.633733
1.911429,1.205788,-0.617363
1.917276,1.212511,-0.626863
1.909383,1.203449,-0.611371
1.915814,1.211926,-0.623648
1.916983,1.207542,-0.610494
1.914645,1.203449,-0.612394
1.913476,1.204911,-0.618679
1.913768,1.207542,-0.617363
1.912014,1.205788,-0.627302
1.909383,1.212219,-0.615317
1.908799,1.205788,-0.631979
1.911722,1.214265,-0.627156
1.91406,1.207249,-0.62204
1.912891,1.213388,-0.62774
1.913476,1.215434,-0.625256
1.920199,1.218942,-0.621894
1.922245,1.210757,-0.624379
1.915229,1.215434,-0.629494
1.923414,1.207542,-0.625402
1.918153,1.210172,-0.618971
1.922245,1.209003,-0.626133
1.920783,1.207249,-0.630079
1.908214,1.204326,-0.62891
1.913183,1.210465,-0.624379
1.91406,1.211049,-0.624086
1.920491,1.21748,-0.622917
1.919614,1.215726,-0.616048
1.922245,1.206372,-0.626425
1.919614,1.212803,-0.628617
1.915814,1.20988,-0.623794
1.922537,1.220403,-0.62584
1.920491,1.209003,-0.622333
1.922245,1.212511,-0.616486
1.909675,1.204619,-0.62131
1.919906,1.215434,-0.619263
1.920491,1.211342,-0.626279
1.916106,1.214849,-0.624963
1.914645,1.211634,-0.620286
1.916691,1.210465,-0.623794
1.913768,1.210757,-0.62014
1.917568,1.214849,-0.620433
1.918445,1.210465,-0.619117
1.914645,1.209296,-0.609909
1.918737,1.204326,-0.62394
1.915229,1.208711,-0.62394
1.918737,1.212219,-0.619263
1.914937,1.213096,-0.618679
1.916399,1.218357,-0.625548
1.910845,1.21865,-0.610202
1.923414,1.217188,-0.617509
1.916691,1.220403,-0.61254
1.909675,1.213973,-0.62891
1.90266,1.216896,-0.618533
1.919029,1.213973,-0.619263
1.909675,1.215726,-0.61064
1.917276,1.214265,-0.615317
1.918153,1.216019,-0.627594
1.911137,1.205788,-0.623356
1.911137,1.209296,-0.62584
1.915814,1.216311,-0.615756
1.911429,1.208126,-0.632564
1.909675,1.214557,-0.62701
1.916106,1.212511,-0.618386
1.914353,1.21748,-0.629494
1.913476,1.212511,-0.625402
1.916691,1.210465,-0.606986
1.913476,1.21368,-0.619556
1.916691,1.214849,-0.62321
1.922537,1.215434,-0.632125
1.920199,1.213973,-0.627448
1.916983,1.20988,-0.62204
1.907922,1.207834,-0.611956
1.918445,1.21368,-0.618971
1.914645,1.203742,-0.618094
1.919614,1.215434,-0.622917
1.916983,1.201988,-0.624963
1.915814,1.213388,-0.616194
1.921368,1.214265,-0.627887
1.917276,1.218065,-0.62511
1.922537,1.214849,-0.626425
1.916983,1.205495,-0.641771
1.913476,1.205495,-0.631102
1.909383,1.211342,-0.634025
1.912891,1.215434,-0.632417
1.917568,1.210172,-0.628179
1.917568,1.211926,-0.626717
1.915522,1.21368,-0.630079
1.914645,1.218357,-0.625548
1.909675,1.214849,-0.629056
1.915522,1.219526,-0.625694
1.910553,1.21748,-0.634025
1.912014,1.22245,-0.624525
1.89126,1.249635,-0.626133
1.885414,1.29202,-0.637825
1.869044,1.342298,-0.667641
1.847998,1.392868,-0.699503
1.814382,1.436714,-0.737942
1.798889,1.464192,-0.774627
1.788366,1.4905,-0.802397
1.77872,1.5019,-0.81862
1.76615,1.507162,-0.854867
1.76615,1.505992,-0.87109
1.75855,1.488746,-0.878837
1.764104,1.472084,-0.883075
1.784858,1.43993,-0.89506
1.790997,1.410114,-0.885414
1.808828,1.372698,-0.865829
1.815551,1.333528,-0.862759
1.836305,1.30342,-0.856767
1.841859,1.294358,-0.829728
1.841274,1.291143,-0.831482
1.851505,1.280912,-0.830313
1.854429,1.264835,-0.824467
1.863198,1.251388,-0.807659
1.867583,1.246419,-0.801228
1.871675,1.243496,-0.788804
1.870506,1.233557,-0.791143
1.873721,1.225373,-0.790997
1.88366,1.229465,-0.780035
1.869921,1.226834,-0.775358
1.871383,1.228588,-0.782081
1.880737,1.221573,-0.787051
1.883075,1.227711,-0.778427
1.885414,1.216311,-0.775504
1.881321,1.222157,-0.780181
1.885414,1.219526,-0.769512
1.880444,1.211342,-0.776966
1.891845,1.208126,-0.763081
1.888044,1.20608,-0.774773
1.89126,1.210172,-0.764981
1.897398,1.210757,-0.775066
1.894183,1.211342,-0.770827
1.89506,1.209003,-0.76805
1.893014,1.204034,-0.770973
1.885998,1.212803,-0.773897
1.892429,1.215142,-0.764835
1.896814,1.20988,-0.768196
1.891845,1.209003,-0.781789
1.891845,1.209588,-0.777404
1.900906,1.209003,-0.779889
1.888337,1.207834,-0.759427
1.897106,1.207249,-0.776673
1.895352,1.20988,-0.778281
1.891552,1.209296,-0.766296
1.891552,1.215726,-0.76425
1.896229,1.206957,-0.762204
1.896521,1.214849,-0.771266
1.891552,1.214265,-0.769658
1.891845,1.214849,-0.76615
1.893891,1.209296,-0.770243
1.890675,1.208711,-0.775504
1.888921,1.202572,-0.77112
1.894768,1.212511,-0.776381
1.893891,1.209296,-0.771266
1.890968,1.211049,-0.772581
1.887167,1.209296,-0.771704
1.888629,1.216311,-0.768489
1.875475,1.229465,-0.77872
1.868752,1.25665,-0.80532
1.839813,1.297282,-0.833967
1.821105,1.33499,-0.86539
1.801812,1.391406,-0.884537
1.780474,1.440514,-0.893452
1.776381,1.472084,-0.889652
1.771996,1.489915,-0.884829
1.765566,1.514177,-0.87036
1.77375,1.513885,-0.860567
1.772581,1.510377,-0.838498
1.784274,1.496931,-0.809412
1.792166,1.482607,-0.769366
1.812336,1.453376,-0.737065
1.83309,1.410991,-0.711926
1.851798,1.372698,-0.678164
1.868752,1.33879,-0.660772
1.874598,1.315697,-0.644548
1.87986,1.302543,-0.650979
1.887752,1.293774,-0.645425
1.890675,1.282666,-0.633733
1.892137,1.273604,-0.640456
1.900906,1.257819,-0.620725
1.90646,1.246127,-0.622479
1.900029,1.246419,-0.627448
1.907629,1.242911,-0.620433
1.91026,1.230927,-0.619994
1.912014,1.237942,-0.616633
1.918445,1.220988,-0.621456
1.915814,1.227127,-0.628325
1.909383,1.226834,-0.615609
1.913768,1.225373,-0.626863
1.918153,1.216603,-0.625402
1.913768,1.216896,-0.63271
1.916983,1.211634,-0.626717
1.913768,1.211926,-0.621456
1.913183,1.217188,-0.624963
1.920199,1.218065,-0.625548
1.91406,1.216311,-0.628617
1.919029,1.213973,-0.622917
1.919906,1.218065,-0.623356
1.907629,1.221573,-0.624086
1.915814,1.211342,-0.626717
1.919322,1.216019,-0.63344
1.91406,1.216019,-0.625694
1.920199,1.215726,-0.620579
1.912891,1.212803,-0.625694
1.915814,1.216019,-0.628033
1.916691,1.218942,-0.629056
1.913183,1.215434,-0.624379
1.915814,1.212219,-0.630079
1.918737,1.207542,-0.623063
1.913183,1.209588,-0.622186
1.91786,1.20988,-0.630956
1.919322,1.208126,-0.626133
1.921368,1.205203,-0.630664
1.914353,1.212803,-0.62321
1.921368,1.216019,-0.632271
1.918737,1.20988,-0.63154
1.908799,1.212219,-0.631394
1.92166,1.220696,-0.629787
1.921953,1.208711,-0.636656
1.923414,1.218357,-0.63651
1.918737,1.21368,-0.629348
1.920783,1.207834,-0.634902
1.915229,1.211634,-0.621748
1.908214,1.216019,-0.626717
1.906168,1.21368,-0.626279
1.916106,1.214265,-0.626571
1.918737,1.215142,-0.628033
1.926337,1.215726,-0.627887
1.917568,1.219234,-0.634756
1.920199,1.216896,-0.62891
1.919906,1.215142,-0.626279
1.916691,1.217773,-0.628471
1.920783,1.215726,-0.62964
1.914645,1.214557,-0.625987
1.919906,1.212219,-0.628763
1.919029,1.211634,-0.637387
1.917568,1.216603,-0.625694
1.916983,1.215726,-0.624671
1.921076,1.218065,-0.619994
1.915229,1.21865,-0.638117
1.91786,1.218357,-0.619263
1.917568,1.216019,-0.624086
1.914353,1.214557,-0.633294
1.921953,1.214849,-0.624086
1.918153,1.220988,-0.626425
1.920783,1.215726,-0.625694
1.920783,1.208126,-0.619702
1.916983,1.215434,-0.624525
1.915814,1.210465,-0.625694
1.919029,1.209296,-0.621894
1.912891,1.214265,-0.62321
1.914645,1.204911,-0.628617
1.91406,1.212803,-0.625548
1.92283,1.214557,-0.626279
1.920491,1.216603,-0.619994
1.922245,1.205788,-0.618679
1.916106,1.211342,-0.624671
1.921368,1.211342,-0.625694
1.923999,1.206372,-0.617656
1.920491,1.211926,-0.625548
1.920783,1.210172,-0.625256
1.924876,1.211342,-0.637094
1.914937,1.214265,-0.618825
1.917276,1.214265,-0.637387
1.91786,1.21748,-0.636071
1.91406,1.212511,-0.637094
1.923122,1.213388,-0.628325
1.917276,1.214849,-0.631979
1.912014,1.205203,-0.62321
1.914645,1.216311,-0.630517
1.91406,1.21865,-0.63344
1.91786,1.213096,-0.633294
1.92283,1.216019,-0.61941
1.920491,1.215726,-0.627302
1.917568,1.214557,-0.62014
1.917276,1.213096,-0.637387
1.916399,1.208711,-0.631687
1.917568,1.211926,-0.624525
1.914937,1.214265,-0.634025
1.915229,1.212803,-0.623063
1.912891,1.204911,-0.640164
1.918737,1.21368,-0.635925
1.917276,1.20988,-0.638556
1.912599,1.210757,-0.631248
1.919906,1.216896,-0.638702
1.908214,1.215142,-0.634317
1.914353,1.210465,-0.624671
1.916983,1.214849,-0.620579
1.919614,1.210172,-0.63344
1.919906,1.207834,-0.630517
1.916399,1.210757,-0.622917
1.919322,1.209296,-0.626717
1.915522,1.213096,-0.62511
1.916983,1.205203,-0.621602
1.918737,1.206372,-0.635048
1.916983,1.208126,-0.627887
1.914645,1.212803,-0.624671
1.910553,1.204911,-0.630664
1.91026,1.211342,-0.621894
1.908799,1.209296,-0.630079
1.909091,1.210172,-0.626863
1.915814,1.203157,-0.621163
1.916983,1.210465,-0.624671
1.91026,1.215434,-0.630225
1.919322,1.204034,-0.627594
1.912599,1.206665,-0.631833
1.911429,1.214849,-0.630956
1.916983,1.211049,-0.635194
1.918445,1.20988,-0.629202
1.911722,1.196726,-0.628179
1.909968,1.208126,-0.636802
1.918737,1.211926,-0.625987
1.912599,1.214849,-0.638702
1.902368,1.206665,-0.637387
1.909091,1.205788,-0.633148
1.918737,1.21368,-0.632125
1.914353,1.218065,-0.62891
1.919322,1.215726,-0.624379
1.915814,1.210172,-0.630079
1.912891,1.210172,-0.635487
1.913183,1.213973,-0.635925
1.912306,1.211342,-0.634171
1.907922,1.213096,-0.628325
1.915814,1.208711,-0.62204
1.908799,1.204911,-0.624963
1.919029,1.213388,-0.617071
1.917568,1.208711,-0.628763
1.915229,1.207249,-0.621017
1.915229,1.217773,-0.623063
1.91786,1.219526,-0.622479
1.919906,1.216019,-0.627594
1.919322,1.213096,-0.615463
1.914645,1.212803,-0.630371
1.912306,1.209003,-0.635487
1.914353,1.215434,-0.635194
1.914353,1.211634,-0.62394
1.907629,1.209003,-0.624817
1.909675,1.214265,-0.62891
1.912306,1.208126,-0.62511
1.911429,1.212803,-0.626571
1.91406,1.212219,-0.629933
1.922245,1.215726,-0.624671
1.907337,1.213388,-0.620286
1.915522,1.210465,-0.623794
1.916983,1.209588,-0.628033
1.919906,1.214849,-0.61824
1.917568,1.211634,-0.633148
1.916106,1.211049,-0.629787
1.913476,1.202572,-0.619848
1.916983,1.207249,-0.633587
1.914353,1.213096,-0.629348
1.915229,1.213388,-0.63461
1.915229,1.210757,-0.638994
1.91026,1.206665,-0.620725
1.908506,1.199357,-0.630079
1.913476,1.216019,-0.623502
1.913768,1.20988,-0.631979
1.916106,1.202572,-0.633002
1.914937,1.209296,-0.636364
1.923122,1.210465,-0.62964
1.91406,1.222742,-0.622479
1.918445,1.20988,-0.625548
1.915229,1.208126,-0.626279
1.919322,1.215726,-0.628617
1.914645,1.211634,-0.633294
1.91786,1.215434,-0.636071
1.922245,1.209003,-0.631394
1.918737,1.211049,-0.621163
1.918445,1.210172,-0.628179
1.921368,1.212219,-0.616486
1.916399,1.219526,-0.63344
1.918153,1.207249,-0.622333
1.913476,1.209296,-0.624086
1.913476,1.211342,-0.621017
1.917568,1.211926,-0.622917
1.918445,1.213096,-0.638848
1.920199,1.211634,-0.640456
1.919906,1.207834,-0.620871
1.91786,1.210757,-0.627156
1.913476,1.211049,-0.62774
1.919029,1.206372,-0.629202
1.916983,1.213096,-0.616779
1.908799,1.209588,-0.617509
1.91786,1.209296,-0.626133
1.913476,1.20988,-0.631394
1.913768,1.201988,-0.628325
1.919614,1.212219,-0.624817
1.914645,1.212511,-0.621456
1.914645,1.214265,-0.628179
1.921953,1.216311,-0.616048
1.919322,1.215434,-0.631979
1.912599,1.209588,-0.628179
1.921076,1.210465,-0.627302
1.913183,1.214849,-0.635194
1.918737,1.218942,-0.637679
1.912306,1.215434,-0.623502
1.917276,1.216311,-0.634902
1.920783,1.217188,-0.625694
1.916983,1.212511,-0.625256
1.91786,1.212803,-0.62321
1.920783,1.21748,-0.618971
1.920199,1.211342,-0.62511
1.92166,1.217773,-0.621017
1.918153,1.211342,-0.624233
1.918445,1.216896,-0.622186
1.921076,1.206957,-0.621602
1.918737,1.206665,-0.624671
1.919322,1.209296,-0.624233
1.912014,1.208126,-0.624086
1.921368,1.211634,-0.627302
1.91786,1.213096,-0.629494
1.919614,1.217773,-0.622625
1.917568,1.218357,-0.618094
1.920491,1.20988,-0.624817
1.913183,1.211634,-0.62511
1.876352,1.209003,-0.625987
1.916399,1.210465,-0.629202
1.914937,1.212803,-0.623356
1.92546,1.212219,-0.638702
1.909091,1.215726,-0.625694
1.906752,1.205203,-0.629933
1.916106,1.21368,-0.621748
1.918153,1.216896,-0.630225
1.915522,1.215434,-0.628325
1.92663,1.214265,-0.622333
1.923999,1.211926,-0.624671
1.92283,1.20988,-0.625694
1.91786,1.211342,-0.633879
1.916106,1.214849,-0.62584
1.911722,1.211634,-0.631248
1.915229,1.209003,-0.620579
1.91406,1.216603,-0.626717
1.914645,1.216311,-0.62774
1.920491,1.205495,-0.629787
1.916106,1.211049,-0.631979
1.918445,1.212219,-0.62131
1.919614,1.213973,-0.620725
1.919906,1.214849,-0.625548
1.912891,1.210465,-0.615463
1.913768,1.204911,-0.632125
1.913476,1.205495,-0.617363
1.918153,1.210757,-0.61634
1.915229,1.216311,-0.625256
1.912306,1.210465,-0.621602
1.918737,1.204326,-0.624963
1.918445,1.210757,-0.62511
1.916399,1.214557,-0.622771
1.911722,1.201988,-0.625256
1.921953,1.207542,-0.625402
1.912891,1.216019,-0.62774
1.918445,1.20608,-0.625256
1.919322,1.208419,-0.633002
1.92546,1.208419,-0.612686
1.918445,1.210757,-0.62204
1.914645,1.211049,-0.626425
1.910553,1.214265,-0.619702
1.91026,1.20988,-0.611809
1.918737,1.206665,-0.615025
1.912891,1.210757,-0.625987
1.915814,1.209296,-0.627302
1.916983,1.213096,-0.620871
1.916106,1.215726,-0.63081
1.921953,1.213096,-0.621456
1.914645,1.204326,-0.623648
1.919614,1.209588,-0.619117
1.920491,1.20988,-0.627448
1.911429,1.210172,-0.624086
1.913768,1.210465,-0.629787
1.917568,1.210172,-0.626279
1.916691,1.209588,-0.619263
1.92166,1.215142,-0.62131
1.919906,1.209296,-0.612979
1.917568,1.211049,-0.630225
1.916106,1.211342,-0.624671
1.923122,1.215434,-0.628033
1.916983,1.210172,-0.63081
1.916399,1.210172,-0.625694
1.918737,1.203742,-0.621602
1.919029,1.211342,-0.626571
1.927799,1.212219,-0.620579
1.92283,1.213973,-0.622771
1.919029,1.206665,-0.619556
1.922245,1.210465,-0.62014
1.916983,1.213096,-0.62701
1.924583,1.215142,-0.616486
1.919614,1.211926,-0.627448
1.916399,1.217773,-0.639725
1.924583,1.213388,-0.620871
1.92166,1.213096,-0.62774
1.916399,1.210757,-0.624086
1.918737,1.209296,-0.613125
1.92546,1.212511,-0.622479
1.919029,1.211342,-0.626279
1.915229,1.216896,-0.627594
1.916106,1.215434,-0.62774
1.913183,1.216603,-0.617656
1.92166,1.204326,-0.623794
1.91786,1.206372,-0.627156
1.916691,1.209003,-0.620433
1.918445,1.209003,-0.626571
1.918445,1.206372,-0.634756
1.920783,1.206665,-0.628471
1.917568,1.209003,-0.626717
1.919322,1.208711,-0.618971
1.919322,1.209003,-0.626571
1.919906,1.209588,-0.620433
1.920491,1.200526,-0.628617
1.916399,1.201988,-0.621894
1.921368,1.214849,-0.622333
1.915229,1.197311,-0.617948
1.915814,1.207542,-0.625256
1.91026,1.213096,-0.618094
1.927214,1.206957,-0.625256
1.919906,1.206957,-0.632125
1.921368,1.201111,-0.627156
1.916691,1.213096,-0.627887
1.91406,1.211049,-0.622771
1.920783,1.209296,-0.624963
1.912306,1.205203,-0.62204
1.915814,1.20608,-0.622625
1.912891,1.20988,-0.626717
1.913476,1.208711,-0.635194
1.915814,1.215434,-0.633002
1.916691,1.216896,-0.638702
1.921076,1.210465,-0.627887
1.920199,1.211049,-0.624086
1.923414,1.212803,-0.615317
1.915814,1.208419,-0.626279
1.922537,1.213096,-0.622625
1.916691,1.216311,-0.615171
1.919322,1.20608,-0.617217
1.92283,1.220111,-0.632417
1.915814,1.206957,-0.632856
1.910553,1.210757,-0.625402
1.918737,1.207249,-0.636656
1.915229,1.212803,-0.632417
1.921076,1.20608,-0.668226
1.916983,1.209003,-0.632125
1.916106,1.212511,-0.618825
1.911722,1.214557,-0.631248
1.915814,1.208711,-0.635048
1.91786,1.210465,-0.628325
1.925168,1.211049,-0.628763
1.917568,1.211634,-0.63271
1.919029,1.217188,-0.629202
1.916983,1.213973,-0.631102
1.922245,1.210172,-0.623063
1.921076,1.211926,-0.624963
1.914937,1.209003,-0.627448
1.916399,1.211634,-0.633002
1.928676,1.212511,-0.638848
1.921076,1.21748,-0.630079
1.922245,1.217188,-0.627302
1.915814,1.219526,-0.62131
1.914645,1.21748,-0.639287
1.917276,1.212219,-0.625548
1.916691,1.216019,-0.623648
1.91786,1.213388,-0.627887
1.913768,1.211342,-0.633587
1.919906,1.214849,-0.62131
1.919906,1.210465,-0.63651
1.914645,1.213388,-0.631979
1.914353,1.218357,-0.638264
1.921368,1.219526,-0.637533
1.914645,1.213388,-0.633002
1.909383,1.209003,-0.638994
1.915522,1.210757,-0.630079
1.917276,1.216603,-0.637241
1.912599,1.217773,-0.63154
1.914937,1.211049,-0.62774
1.91786,1.213388,-0.632564
1.922537,1.21368,-0.628471
1.919029,1.216311,-0.625987
1.921076,1.211342,-0.63344
1.917568,1.207834,-0.630664
1.919906,1.216019,-0.623502
1.918737,1.211342,-0.636364
1.919906,1.208419,-0.625987
1.922245,1.20988,-0.633879
1.918153,1.209588,-0.62511
1.922245,1.207249,-0.628325
1.921953,1.204034,-0.628763
1.920491,1.204326,-0.628179
1.919614,1.216603,-0.627156
1.921076,1.207249,-0.623502
1.916983,1.211926,-0.615609
1.92283,1.204911,-0.62511
1.924583,1.210172,-0.624817
1.920199,1.208711,-0.621163
1.919322,1.210757,-0.637971
1.923707,1.211049,-0.633294
1.916691,1.204326,-0.621602
1.924583,1.215434,-0.630517
1.920491,1.209296,-0.61634
1.916983,1.206665,-0.626133
1.921076,1.211342,-0.620871
1.923122,1.20608,-0.612248
1.921953,1.206372,-0.616633
1.919614,1.21368,-0.627302
1.923414,1.21368,-0.622625
1.915522,1.216311,-0.623648
1.91786,1.207542,-0.623794
1.919614,1.214849,-0.629056
1.922537,1.212511,-0.629202
1.919029,1.214557,-0.617802
1.91786,1.212803,-0.619994
1.922245,1.215434,-0.62321
1.924291,1.211342,-0.623063
1.919322,1.207834,-0.624379
1.921076,1.210465,-0.624379
1.914937,1.21368,-0.632564
1.916983,1.210465,-0.62774
1.914353,1.213096,-0.623794
1.912014,1.210757,-0.624671
1.911722,1.207834,-0.622186
1.913768,1.210757,-0.616194
1.917276,1.214265,-0.621602
1.912891,1.222157,-0.622917
1.907922,1.239696,-0.62891
1.896814,1.273312,-0.637971
1.876644,1.321251,-0.660187
1.851798,1.371821,-0.682257
1.828705,1.427653,-0.72055
1.812336,1.462438,-0.759281
1.78632,1.485238,-0.782227
1.783397,1.495177,-0.813651
1.776673,1.502777,-0.829582
1.765858,1.512423,-0.849167
1.764396,1.510962,-0.875037
1.774627,1.485238,-0.882783
1.781935,1.463315,-0.886437
1.783104,1.433499,-0.882637
1.795674,1.387314,-0.87679
1.819643,1.382637,-0.857059
1.824613,1.324759,-0.844051
1.841274,1.305759,-0.844636
1.848875,1.290266,-0.831774
1.849752,1.283251,-0.825197
1.860567,1.263666,-0.815989
1.856475,1.258404,-0.812482
1.867583,1.251973,-0.808828
1.868167,1.242034,-0.788658
1.877813,1.229173,-0.782081
1.875475,1.231511,-0.793043
1.875183,1.231511,-0.79012
1.877521,1.229757,-0.794358
1.884244,1.224203,-0.792751
1.880152,1.227127,-0.780912
1.885998,1.223619,-0.78252
1.882198,1.222742,-0.782227
1.883952,1.211634,-0.783543
1.885121,1.22625,-0.773312
1.885121,1.216896,-0.781058
1.888337,1.216019,-0.774189
1.890383,1.216019,-0.775358
1.889214,1.214265,-0.763958
1.889506,1.215434,-0.763373
1.898275,1.207249,-0.771266
1.888044,1.202572,-0.771558
1.893598,1.20988,-0.769658
1.891845,1.208126,-0.763519
1.894475,1.206665,-0.771266
1.887752,1.205495,-0.769512
1.892429,1.209296,-0.768196
1.888337,1.203449,-0.768781
1.884244,1.208711,-0.775943
1.898275,1.215142,-0.777697
1.894183,1.211926,-0.767173
1.888629,1.207834,-0.767173
1.896229,1.209003,-0.781935
1.885414,1.204619,-0.773312
1.891552,1.206372,-0.764543
1.88366,1.209003,-0.768343
1.891845,1.207249,-0.75665
1.88746,1.205495,-0.76615
1.881906,1.205495,-0.762058
1.894183,1.204619,-0.757235
1.888337,1.208126,-0.764104
1.886875,1.206372,-0.772581
1.890968,1.205203,-0.760742
1.896229,1.205495,-0.77112
1.886583,1.201403,-0.776673
1.893598,1.205495,-0.764543
1.899737,1.207249,-0.766296
1.89506,1.202572,-0.762935
1.892721,1.203742,-0.773458
1.893598,1.204034,-0.762789
1.89126,1.205203,-0.773897
1.894475,1.199649,-0.762935
1.890675,1.196726,-0.76045
1.895937,1.201403,-0.766443
1.893014,1.209588,-0.772581
1.886291,1.204326,-0.759427
1.888629,1.202865,-0.76045
1.885706,1.205788,-0.767904
1.887752,1.207834,-0.757966
1.894475,1.209296,-0.771704
1.88746,1.199942,-0.74335
1.892137,1.215434,-0.755481
1.88746,1.208419,-0.767173
1.885706,1.208126,-0.76045
1.889506,1.208126,-0.766881
1.893306,1.208711,-0.769366
1.893306,1.206957,-0.767173
1.883952,1.201988,-0.76615
1.891845,1.20608,-0.777112
1.893014,1.198772,-0.767612
1.884829,1.203449,-0.765419
1.899737,1.209296,-0.763812
1.890091,1.201695,-0.771412
1.884829,1.209003,-0.770827
1.89126,1.202865,-0.773458
1.893306,1.207834,-0.75855
1.891845,1.207834,-0.770096
1.888337,1.209588,-0.765566
1.897691,1.206372,-0.766296
1.897106,1.205788,-0.771266
1.894768,1.209588,-0.764981
1.882783,1.207834,-0.770535
1.885998,1.203157,-0.759281
1.889506,1.208419,-0.75665
1.884829,1.210757,-0.770243
1.888921,1.20608,-0.76235
1.890675,1.20988,-0.775212
1.887167,1.203449,-0.770243
1.898568,1.207542,-0.759427
1.894183,1.20228,-0.77492
1.893598,1.212803,-0.77112
1.885998,1.215142,-0.771704
1.885706,1.213096,-0.766589
1.888921,1.208419,-0.766296
1.890968,1.213388,-0.768635
1.888921,1.214265,-0.771412
1.89506,1.211342,-0.765712
1.89506,1.206957,-0.763958
1.89126,1.204034,-0.76732
1.890383,1.212511,-0.769804
1.889506,1.20988,-0.771704
1.892429,1.206665,-0.764104
1.894475,1.208711,-0.773166
1.892721,1.211342,-0.773312
1.890675,1.214849,-0.767466
1.890968,1.209588,-0.760304
1.885121,1.204326,-0.768489
1.886875,1.201403,-0.767027
1.887752,1.206957,-0.760742
1.883075,1.204619,-0.766296
1.885998,1.209296,-0.756065
1.881321,1.218357,-0.769366
1.874306,1.226542,-0.776381
1.866998,1.242619,-0.790412
1.856767,1.284127,-0.817159
1.824028,1.336451,-0.852382
1.808535,1.391406,-0.88366
1.78632,1.433207,-0.888044
1.774627,1.466823,-0.870506
1.770535,1.488454,-0.889214
1.775504,1.508916,-0.870213
1.76615,1.520316,-0.853844
1.767027,1.516223,-0.834259
1.77755,1.512423,-0.801082
1.792751,1.489038,-0.787489
1.801812,1.463315,-0.750658
1.818474,1.43233,-0.721719
1.841567,1.404268,-0.698188
1.846244,1.389944,-0.681964
1.850628,1.376206,-0.690003
1.856182,1.372698,-0.667203
1.860859,1.351067,-0.662964
1.864659,1.338205,-0.651564
1.866121,1.327974,-0.659164
1.868459,1.322713,-0.653464
1.876644,1.322713,-0.649079
1.876644,1.314528,-0.642502
1.874598,1.306343,-0.645718
1.881321,1.305174,-0.652879
1.87489,1.296112,-0.652002
1.876937,1.298743,-0.641479
1.879567,1.292604,-0.642794
1.876644,1.296697,-0.641041
1.87869,1.297866,-0.646302
1.886291,1.289389,-0.641041
1.892429,1.284712,-0.638994
1.888629,1.287051,-0.644841
1.883367,1.297282,-0.644987
1.883952,1.293481,-0.644548
1.884829,1.29202,-0.642794
1.890675,1.285589,-0.644695
1.883367,1.280035,-0.63841
1.87986,1.291435,-0.640894
1.885414,1.285589,-0.627156
1.882783,1.284127,-0.638117
1.885121,1.291143,-0.634171
1.891845,1.283543,-0.63651
1.886291,1.285004,-0.633879
1.888629,1.286758,-0.635925
1.890091,1.290851,-0.645425
1.894183,1.282666,-0.652587
1.885414,1.282958,-0.637094
1.885998,1.279743,-0.639433
1.88746,1.292897,-0.638117
1.888337,1.291435,-0.638117
1.885414,1.27945,-0.63154
1.892429,1.283543,-0.646741
1.897106,1.279158,-0.644256
1.892429,1.28442,-0.635194
1.883075,1.280912,-0.639433
1.886875,1.287051,-0.637679
1.884829,1.29582,-0.635341
1.884537,1.282081,-0.643671
1.882491,1.287928,-0.638264
1.886875,1.28822,-0.638848
1.884537,1.283543,-0.64791
1.885414,1.289974,-0.621894
1.891845,1.285881,-0.642356
1.885706,1.28442,-0.641625
1.888629,1.280035,-0.637094
1.884244,1.281789,-0.634317
1.885414,1.287635,-0.646887
1.885121,1.288804,-0.639579
1.887752,1.284712,-0.641333
1.883952,1.291435,-0.638702
1.882198,1.29202,-0.644402
1.884537,1.283835,-0.638702
1.882491,1.290558,-0.630079
1.886291,1.283835,-0.630517
1.886291,1.287635,-0.637241
1.888921,1.286758,-0.636364
1.887752,1.289974,-0.629494
1.88746,1.282374,-0.635487
1.886291,1.28062,-0.641479
1.884829,1.276527,-0.63461
1.883952,1.284127,-0.632564
1.878983,1.281497,-0.638702
1.88366,1.27945,-0.633587
1.887167,1.287635,-0.635048
1.889798,1.280327,-0.634171
1.880444,1.27565,-0.632271
1.879567,1.280912,-0.663695
1.882783,1.27565,-0.603771
1.884829,1.280912,-0.631833
1.883075,1.28062,-0.645571
1.890383,1.274773,-0.648202
1.882783,1.28062,-0.636948
1.883367,1.277989,-0.639579
1.888629,1.285297,-0.637825
1.888337,1.278281,-0.641771
1.882491,1.285297,-0.645279
1.88366,1.289681,-0.63841
1.88366,1.284127,-0.637241
1.888629,1.281497,-0.642502
1.883075,1.285589,-0.639579
1.883075,1.288804,-0.639725
1.892137,1.283543,-0.636948
1.889798,1.286466,-0.632271
1.887752,1.282958,-0.645864
1.886583,1.281789,-0.637533
1.889798,1.288512,-0.634317
1.888921,1.284712,-0.635779
1.887752,1.286466,-0.635048
1.886875,1.283835,-0.652441
1.888337,1.291435,-0.637679
1.89126,1.281204,-0.636217
1.888337,1.281497,-0.636802
1.884829,1.292604,-0.632125
1.88746,1.288512,-0.632417
1.87869,1.282374,-0.638264
1.889506,1.287928,-0.643233
1.884829,1.284712,-0.641333
1.883075,1.283543,-0.631979
1.884829,1.288512,-0.642794
1.885414,1.284712,-0.633587
1.885998,1.280035,-0.629933
1.887167,1.279743,-0.63841
1.89126,1.28442,-0.64031
1.886583,1.284127,-0.64221
1.88366,1.281497,-0.631687
1.886875,1.289974,-0.631833
1.887752,1.287635,-0.647471
1.888044,1.289097,-0.64221
1.886875,1.289389,-0.638264
1.885998,1.285004,-0.647325
1.890968,1.287343,-0.638264
1.894183,1.292312,-0.637679
1.893014,1.289097,-0.64601
1.890383,1.281497,-0.633294
1.889798,1.286174,-0.653025
1.888921,1.285004,-0.636071
1.887752,1.282958,-0.635048
1.892137,1.283251,-0.646156
1.895645,1.285881,-0.644695
1.892721,1.294358,-0.637679
1.895645,1.294066,-0.641041
1.881906,1.287051,-0.632271
1.889798,1.294358,-0.642941
1.886291,1.283835,-0.639141
1.893891,1.285589,-0.631833
1.88746,1.281497,-0.622917
1.886875,1.280912,-0.630225
1.885998,1.27945,-0.634902
1.893306,1.286758,-0.621456
1.894183,1.295528,-0.635048
1.888044,1.287928,-0.640456
1.891552,1.289681,-0.624233
1.890383,1.289974,-0.630225
1.893014,1.282081,-0.645279
1.890383,1.294943,-0.632564
1.888044,1.28822,-0.637241
1.891845,1.28822,-0.638117
1.888044,1.285589,-0.62774
1.890091,1.286466,-0.632125
1.887167,1.288512,-0.637241
1.885121,1.287343,-0.631979
1.889506,1.283251,-0.642648
1.895352,1.283251,-0.630664
1.894768,1.294066,-0.636802
1.890968,1.282081,-0.638702
1.891552,1.282374,-0.641479
1.888629,1.281789,-0.640456
1.890968,1.283543,-0.639579
1.888044,1.282666,-0.652002
1.89126,1.287343,-0.641041
1.894183,1.278866,-0.640164
1.886875,1.292897,-0.645864
1.890675,1.292312,-0.645425
1.888921,1.28442,-0.647179
1.886583,1.288804,-0.637679
1.888629,1.289681,-0.645133
1.893306,1.296405,-0.631833
1.888337,1.281204,-0.644841
1.889506,1.285297,-0.642648
1.892137,1.289389,-0.638702
1.888337,1.289974,-0.641479
1.892429,1.28822,-0.626863
1.882783,1.289681,-0.635341
1.892721,1.286758,-0.636364
1.886875,1.289681,-0.634756
1.892721,1.277989,-0.636656
1.888044,1.284712,-0.637387
1.885998,1.287928,-0.636656
1.892137,1.286466,-0.633294
1.892721,1.287343,-0.635925
1.889798,1.281204,-0.645425
1.890675,1.285589,-0.643671
1.894768,1.282081,-0.635487
1.893014,1.287051,-0.636217
1.901783,1.286758,-0.635341
1.896229,1.28442,-0.636802
1.886291,1.286466,-0.623794
1.884537,1.287343,-0.638117
1.887167,1.286466,-0.639871
1.888629,1.282374,-0.605817
1.892137,1.284712,-0.638556
1.883952,1.281204,-0.643671
1.888044,1.283251,-0.641771
1.886291,1.285297,-0.637094
1.886875,1.287343,-0.640748
1.885414,1.281497,-0.646887
1.890091,1.289681,-0.63461
1.892721,1.29202,-0.637971
1.893891,1.290558,-0.643233
1.892137,1.285589,-0.644256
1.895937,1.28062,-0.651418
1.896229,1.282374,-0.637533
1.888921,1.280035,-0.635487
1.88746,1.28442,-0.64601
1.894475,1.289681,-0.633148
1.881614,1.287343,-0.632856
1.888921,1.285004,-0.636071
1.888629,1.28442,-0.629494
1.892721,1.28822,-0.635925
1.88366,1.289681,-0.637679
1.894475,1.287343,-0.641625
1.882491,1.281789,-0.643233
1.881906,1.287343,-0.644256
1.876352,1.291143,-0.642064
1.881029,1.290851,-0.646595
1.889214,1.285589,-0.624233
1.893891,1.287051,-0.628763
1.887752,1.288512,-0.63271
1.883952,1.281497,-0.626425
1.888337,1.285004,-0.63344
1.885121,1.284127,-0.633733
1.888921,1.289389,-0.635048
1.886583,1.285004,-0.635487
1.887752,1.276235,-0.642064
1.888629,1.284712,-0.63154
1.890383,1.293774,-0.634025
1.888921,1.289389,-0.634171
1.889506,1.294943,-0.619263
1.891845,1.290851,-0.63344
1.888921,1.288512,-0.638848
1.885998,1.285297,-0.628325
1.892137,1.280912,-0.648787
1.885998,1.286466,-0.640456
1.884537,1.285004,-0.63841
1.886583,1.285881,-0.642648
1.887752,1.288804,-0.642794
1.889798,1.28822,-0.627302
1.890968,1.284712,-0.633148
1.891845,1.288804,-0.644841
1.88746,1.285297,-0.638117
1.890675,1.282081,-0.632856
1.891552,1.287635,-0.637241
1.89126,1.286174,-0.635633
1.888921,1.285881,-0.639579
1.889506,1.283251,-0.635194
1.888044,1.28442,-0.63651
1.890968,1.282666,-0.632417
1.887167,1.282081,-0.624817
1.895937,1.283835,-0.64221
1.893014,1.281497,-0.639871
1.894183,1.28442,-0.642356
1.896814,1.286174,-0.640602
1.892137,1.282666,-0.635048
1.890091,1.286174,-0.655802
1.891552,1.289097,-0.647764
1.887167,1.285589,-0.641625
1.888921,1.280327,-0.640602
1.89506,1.283251,-0.635487
1.888337,1.284712,-0.636656
1.890968,1.282666,-0.650833
1.885998,1.281204,-0.648787
1.892137,1.283543,-0.651418
1.888629,1.284127,-0.654195
1.889798,1.283543,-0.646302
1.893598,1.281204,-0.640602
1.890383,1.285589,-0.642502
1.890968,1.282081,-0.631833
1.892721,1.283543,-0.645718
1.885414,1.287635,-0.630956
1.890968,1.289097,-0.649664
1.885414,1.275066,-0.636948
1.890091,1.282958,-0.639287
1.883367,1.277697,-0.633148
1.886583,1.288804,-0.637094
1.885998,1.284712,-0.638264
1.888044,1.280912,-0.647179
1.885706,1.282374,-0.632417
1.883952,1.278574,-0.638117
1.890675,1.288804,-0.640164
1.892721,1.282666,-0.634902
1.892721,1.28442,-0.635048
1.892137,1.280912,-0.634756
1.887752,1.282666,-0.635048
1.89126,1.28822,-0.638117
1.886291,1.286174,-0.641041
1.886583,1.284712,-0.635925
1.893014,1.280912,-0.638117
1.887167,1.282081,-0.642648
1.885706,1.288804,-0.644402
1.892429,1.285297,-0.635779
1.882783,1.279158,-0.628033
1.888044,1.285004,-0.633148
1.892137,1.281789,-0.641187
1.888337,1.28442,-0.635633
1.898275,1.281204,-0.636217
1.882198,1.284712,-0.646887
1.883075,1.280327,-0.642356
1.893014,1.280327,-0.639579
1.886583,1.285297,-0.63841
1.887752,1.286174,-0.641187
1.888337,1.28442,-0.637387
1.888921,1.292312,-0.640456
1.889214,1.282666,-0.650102
1.884537,1.284712,-0.639871
1.888337,1.29202,-0.636802
1.886875,1.280035,-0.641625
1.888044,1.276235,-0.644256
1.885414,1.277697,-0.643671
1.890091,1.286174,-0.636948
1.890091,1.281204,-0.644256
1.892721,1.285297,-0.645864
1.885414,1.283251,-0.609032
1.886583,1.284127,-0.637825
1.888337,1.293189,-0.637679
1.889214,1.285297,-0.635048
1.88746,1.285881,-0.634902
1.88746,1.283251,-0.642502
1.888337,1.282666,-0.644695
1.886875,1.284712,-0.639287
1.878106,1.285881,-0.648495
1.888337,1.292604,-0.637094
1.892137,1.285297,-0.628617
1.885998,1.289389,-0.633148
1.881029,1.282374,-0.628179
1.893014,1.27682,-0.641041
1.885121,1.283835,-0.632417
1.897398,1.275066,-0.63154
1.882783,1.282374,-0.622771
1.887167,1.278574,-0.634317
1.888921,1.288804,-0.637971
1.892429,1.286174,-0.642064
1.885414,1.289974,-0.634317
1.882491,1.287928,-0.641333
1.887752,1.282958,-0.632271
1.890383,1.279743,-0.637971
1.890675,1.287051,-0.62964
1.889214,1.283543,-0.634464
1.889506,1.281789,-0.638117
1.893306,1.283251,-0.63651
1.892137,1.277697,-0.642064
1.887167,1.277697,-0.642794
1.885998,1.285589,-0.637241
1.885706,1.28822,-0.635633
1.885998,1.281204,-0.636217
1.894183,1.290851,-0.627156
1.888044,1.282374,-0.635487
1.884829,1.279743,-0.631833
1.889798,1.282374,-0.625256
1.882783,1.282958,-0.62964
1.888337,1.280327,-0.634025
1.888337,1.289389,-0.630517
1.893598,1.289389,-0.63271
1.888629,1.289681,-0.641771
1.887167,1.285881,-0.64601
1.889214,1.286466,-0.636364
1.884537,1.289681,-0.637825
1.889214,1.285881,-0.634902
1.89126,1.285881,-0.642794
1.893598,1.28442,-0.637241
1.889506,1.286466,-0.62701
1.89126,1.277989,-0.650541
1.888921,1.286174,-0.636071
1.893598,1.283543,-0.638848
1.896521,1.281204,-0.638848
1.889506,1.28442,-0.636656
1.890675,1.290266,-0.637241
1.893891,1.288804,-0.637533
1.886583,1.28442,-0.630371
1.893891,1.28822,-0.626279
1.893598,1.292312,-0.634756
1.885998,1.28822,-0.637241
1.888921,1.285589,-0.634025
1.893306,1.289097,-0.628325
1.89126,1.287051,-0.626425
1.876352,1.27945,-0.634025
1.889798,1.286174,-0.628325
1.886291,1.280912,-0.627448
1.892137,1.290266,-0.635925
1.889214,1.294066,-0.63154
1.892429,1.289681,-0.628617
1.886583,1.286758,-0.636948
1.879567,1.297574,-0.635633
1.87489,1.329728,-0.65171
1.854429,1.362467,-0.668518
1.842151,1.40076,-0.706957
1.82432,1.447822,-0.741596
1.801812,1.484069,-0.792312
1.788951,1.510377,-0.813066
1.776089,1.520023,-0.835867
1.774335,1.512423,-0.85589
1.77112,1.505992,-0.869044
1.77375,1.479684,-0.890529
1.776966,1.453376,-0.900175
1.78252,1.42356,-0.894914
1.808535,1.387314,-0.87606
1.825197,1.351067,-0.862613
1.826074,1.326805,-0.843759
1.841274,1.305759,-0.837767
1.850044,1.287051,-0.82359
1.850921,1.281204,-0.827682
1.857644,1.267466,-0.807074
1.863783,1.256942,-0.802982
1.864367,1.24905,-0.801228
1.876352,1.244081,-0.787781
1.870506,1.232096,-0.78632
1.878106,1.236773,-0.792897
1.87606,1.226834,-0.776966
1.876352,1.22625,-0.78442
1.865536,1.223327,-0.782374
1.880152,1.223327,-0.772727
1.881321,1.223619,-0.775212
1.886875,1.220988,-0.769073
1.887752,1.212219,-0.769804
1.89126,1.218942,-0.77755
1.886583,1.216019,-0.776673
1.886875,1.210465,-0.777989
1.886291,1.216603,-0.770681
1.887752,1.217773,-0.769804
1.884244,1.215726,-0.764104
1.891845,1.216019,-0.765566
1.886875,1.213973,-0.776235
1.881906,1.216896,-0.768781
1.886583,1.203742,-0.771704
1.887167,1.207834,-0.76732
1.881614,1.204034,-0.764981
1.879275,1.207249,-0.761035
1.88746,1.212511,-0.766443
1.890675,1.211342,-0.77375
1.883075,1.209003,-0.763666
1.891845,1.206665,-0.775797
1.892137,1.208711,-0.765712
1.886875,1.206957,-0.777112
1.893014,1.209588,-0.770389
1.884244,1.202572,-0.771412
1.895645,1.204034,-0.766296
1.892137,1.206665,-0.772581
1.890383,1.216311,-0.77565
1.89506,1.214265,-0.770243
1.885706,1.211049,-0.765127
1.88746,1.212511,-0.766735
1.890383,1.209003,-0.778866
1.889506,1.210757,-0.767612
1.895352,1.204326,-0.776235
1.885998,1.205203,-0.774043
1.89126,1.206957,-0.762935
1.890675,1.211342,-0.766589
1.888921,1.206665,-0.768781
1.893598,1.209588,-0.772435
1.896521,1.215434,-0.762496
1.890968,1.209296,-0.77565
1.888337,1.210172,-0.775943
1.890383,1.210757,-0.769804
1.882783,1.208419,-0.765712
1.890968,1.213388,-0.768489
1.888921,1.208711,-0.767904
1.89506,1.207249,-0.772143
1.888337,1.203742,-0.775066
1.897398,1.207542,-0.764396
1.889506,1.209296,-0.764396
1.890383,1.204034,-0.770389
1.890675,1.207834,-0.769804
1.89126,1.203449,-0.763081
1.890968,1.208126,-0.774335
1.885998,1.207249,-0.772289
1.895352,1.204326,-0.77112
1.895937,1.206372,-0.776381
1.888629,1.211926,-0.764689
1.890968,1.206372,-0.763519
1.898275,1.211342,-0.76235
1.886291,1.213096,-0.774043
1.897398,1.213388,-0.764689
1.893014,1.214849,-0.771412
1.893891,1.211634,-0.774189
1.894183,1.206372,-0.764835
1.886875,1.216311,-0.774481
1.885414,1.213973,-0.765566
1.886291,1.211926,-0.769512
1.890968,1.211342,-0.765712
1.900029,1.211342,-0.770681
1.889214,1.209588,-0.761766
1.886583,1.21368,-0.76235
1.886875,1.205495,-0.762935
1.89506,1.210172,-0.759866
1.895352,1.20988,-0.763081
1.888337,1.210172,-0.759866
1.890968,1.211342,-0.752412
1.893891,1.214849,-0.781204
1.893306,1.211342,-0.774773
1.892137,1.21748,-0.76995
1.889798,1.216311,-0.773312
1.893014,1.21865,-0.773166
1.892429,1.215142,-0.777112
1.888044,1.212511,-0.770973
1.892721,1.213096,-0.773604
1.888921,1.20988,-0.769804
1.888921,1.204911,-0.765712
1.893598,1.203449,-0.761035
1.891845,1.206665,-0.767173
1.888921,1.214557,-0.767466
1.886875,1.206665,-0.774335
1.889506,1.20988,-0.769804
1.882198,1.210757,-0.769804
1.885998,1.212219,-0.761619
1.888337,1.209003,-0.763373
1.88746,1.203742,-0.76732
1.888921,1.201403,-0.763081
1.897691,1.197603,-0.764689
1.893014,1.205203,-0.766443
1.879567,1.207834,-0.774335
1.885121,1.204034,-0.77565
1.890091,1.205495,-0.765858
1.889214,1.204911,-0.770535
1.892721,1.197895,-0.759719
1.890383,1.200526,-0.76922
1.889506,1.211049,-0.776235
1.887752,1.20988,-0.765712
1.881614,1.204619,-0.769804
1.885706,1.205203,-0.76805
1.888337,1.20988,-0.765273
1.888337,1.210757,-0.773166
1.884244,1.208419,-0.770389
1.890675,1.204911,-0.773897
1.883075,1.200818,-0.763666
1.883367,1.207542,-0.758989
1.888044,1.204326,-0.76805
1.881906,1.207249,-0.767612
1.884537,1.199357,-0.760742
1.886583,1.204034,-0.764835
1.890968,1.209003,-0.770681
1.887752,1.205788,-0.768927
1.891845,1.210172,-0.776673
1.880737,1.205788,-0.777404
1.887167,1.205788,-0.773166
1.885706,1.210465,-0.767758
1.886583,1.208711,-0.783251
1.883952,1.212803,-0.769804
1.893014,1.204034,-0.77565
1.888044,1.208126,-0.772289
1.893014,1.204619,-0.763519
1.887167,1.204911,-0.785735
1.888337,1.202865,-0.767758
1.882491,1.202572,-0.768635
1.894475,1.201695,-0.768343
1.885706,1.211342,-0.772435
1.890968,1.203449,-0.776673
1.884537,1.208126,-0.763958
1.890675,1.211634,-0.765273
1.883367,1.207542,-0.771996
1.89126,1.212511,-0.765712
1.884537,1.211634,-0.763666
1.896521,1.210757,-0.767904
1.891845,1.21748,-0.770243
1.881614,1.209588,-0.78442
1.887167,1.208419,-0.770681
1.888629,1.212511,-0.77302
1.892721,1.216019,-0.777258
1.885998,1.208419,-0.771558
1.888337,1.209003,-0.767466
1.883367,1.211342,-0.781204
1.881321,1.213388,-0.779743
1.88746,1.206957,-0.774043
1.894475,1.205495,-0.761619
1.892721,1.211342,-0.773312
1.890968,1.204619,-0.780766
1.88746,1.208711,-0.780181
1.888044,1.212511,-0.78135
1.886291,1.212803,-0.769804
1.894183,1.207249,-0.771704
1.894768,1.203449,-0.763666
1.898568,1.214557,-0.772873
1.890383,1.210757,-0.765858
1.89506,1.209296,-0.78135
1.890091,1.208126,-0.77185
1.886291,1.206372,-0.765566
1.884244,1.207834,-0.773166
1.881614,1.207542,-0.772289
1.889506,1.207834,-0.773166
1.886875,1.215142,-0.770973
1.887752,1.220988,-0.777697
1.880737,1.224203,-0.791581
1.866121,1.249927,-0.815697
1.853844,1.301666,-0.847998
1.825197,1.343174,-0.866267
1.796843,1.406022,-0.887168
1.776089,1.442561,-0.898422
1.771412,1.476469,-0.877083
1.767904,1.501023,-0.894768
1.768489,1.516223,-0.873721
1.771704,1.522362,-0.850921
1.776966,1.514762,-0.821543
1.779012,1.506869,-0.804882
1.795089,1.4829,-0.768635
1.808243,1.45133,-0.755773
1.823443,1.419468,-0.718065
1.839228,1.401637,-0.706519
1.841567,1.379714,-0.691903
1.84829,1.372113,-0.690441
1.853259,1.365683,-0.672464
1.860859,1.352236,-0.672026
1.864659,1.342298,-0.661064
1.872552,1.33499,-0.665595
1.875475,1.323005,-0.650541
1.877229,1.317451,-0.661356
1.876937,1.314236,-0.64791
1.880737,1.313651,-0.662964
1.875475,1.305174,-0.66311
1.871967,1.306928,-0.656387
1.87489,1.306051,-0.65551
1.875183,1.301374,-0.653025
1.881321,1.294066,-0.643233
1.878106,1.29202,-0.650102
1.887167,1.295235,-0.647325
1.885998,1.294943,-0.645425
1.88366,1.286466,-0.639871
1.884829,1.291728,-0.642502
1.88746,1.288804,-0.640456
1.881321,1.285297,-0.649079
1.884829,1.290851,-0.651125
1.892429,1.289389,-0.650833
1.884244,1.287635,-0.643233
1.883952,1.278281,-0.637241
1.888629,1.289681,-0.632856
1.892137,1.28822,-0.645133
1.884829,1.287343,-0.634171
1.883367,1.285881,-0.642648
1.890968,1.285297,-0.643233
1.889798,1.288512,-0.643379
1.894475,1.289974,-0.640748
1.890091,1.285589,-0.632125
1.884537,1.292312,-0.64791
1.892137,1.282374,-0.641479
1.892137,1.283543,-0.642064
1.887752,1.283543,-0.640894
1.890675,1.28062,-0.643525
1.881029,1.288804,-0.646741
1.894183,1.281789,-0.645864
1.899152,1.287635,-0.642064
1.893014,1.286174,-0.642356
1.889798,1.278574,-0.633587
1.883367,1.288804,-0.630225
1.892721,1.289097,-0.62584
1.885414,1.297866,-0.63154
1.889506,1.284127,-0.639287
1.89886,1.287928,-0.630517
1.895937,1.284127,-0.633148
1.885998,1.285589,-0.634902
1.897106,1.286174,-0.627302
1.89506,1.287635,-0.63841
1.89506,1.284127,-0.635194
1.896521,1.281497,-0.635633
1.890675,1.28442,-0.633879
1.888629,1.289681,-0.62774
1.890383,1.286466,-0.636948
1.885998,1.288512,-0.637387
1.881321,1.286466,-0.631394
1.888921,1.28822,-0.602455
1.897106,1.288804,-0.644695
1.892137,1.288512,-0.638848
1.885998,1.283835,-0.641187
1.887752,1.283251,-0.636948
1.885706,1.287928,-0.638556
1.889506,1.291435,-0.636948
1.896229,1.291143,-0.647033
1.889506,1.284712,-0.638848
1.890091,1.281497,-0.636071
1.894768,1.289389,-0.646448
1.893891,1.286758,-0.639287
1.891845,1.285589,-0.636217
1.892429,1.284127,-0.628179
1.888337,1.286758,-0.640456
1.891845,1.289974,-0.640602
1.888921,1.289681,-0.636656
1.891845,1.29202,-0.645133
1.886875,1.287928,-0.631833
1.889214,1.292312,-0.639871
1.895645,1.291143,-0.643671
1.894768,1.285004,-0.638117
1.897691,1.288512,-0.632125
1.896229,1.289097,-0.627302
1.889214,1.289389,-0.62964
1.886291,1.285589,-0.62891
1.884537,1.287343,-0.637241
1.89126,1.283835,-0.639725
1.891552,1.285297,-0.639141
1.891845,1.287051,-0.624086
1.891552,1.286758,-0.642064
1.890968,1.281204,-0.636802
1.889214,1.285589,-0.643671
1.891845,1.28442,-0.644987
1.891845,1.285881,-0.642794
1.896229,1.280035,-0.639871
1.881614,1.285589,-0.634464
1.888044,1.28062,-0.636071
1.888629,1.291143,-0.625256
1.890968,1.288512,-0.628325
1.888337,1.289389,-0.64791
1.889506,1.286758,-0.64601
1.889214,1.28442,-0.637387
1.887752,1.288804,-0.64601
1.889506,1.283543,-0.634902
1.888044,1.290851,-0.60114
1.890968,1.291143,-0.63344
1.884829,1.286174,-0.629933
1.890675,1.287051,-0.64031
1.891845,1.285881,-0.641625
1.89126,1.289681,-0.639579
1.886583,1.287928,-0.64411
1.890675,1.298743,-0.635487
1.893306,1.293189,-0.632564
1.885998,1.287635,-0.630079
1.884244,1.293481,-0.630371
1.885998,1.28442,-0.632417
1.893598,1.289097,-0.631248
1.886291,1.282666,-0.635925
1.888337,1.286466,-0.645571
1.888921,1.283543,-0.634756
1.893306,1.284127,-0.641041
1.88746,1.283543,-0.639871
1.890968,1.293481,-0.624233
1.888921,1.282081,-0.637387
1.889506,1.294066,-0.633587
1.890675,1.293189,-0.633733
1.887752,1.286758,-0.627156
1.885414,1.285004,-0.646156
1.889506,1.289681,-0.635341
1.885998,1.281497,-0.629348
1.887752,1.290266,-0.634756
1.890091,1.289974,-0.634025
1.88746,1.295235,-0.624525
1.885706,1.28442,-0.63651
1.88746,1.285004,-0.631248
1.885414,1.292897,-0.626571
1.893598,1.291435,-0.634902
1.895352,1.289389,-0.636071
1.880152,1.282666,-0.633148
1.890968,1.283543,-0.621894
1.888337,1.287928,-0.633879
1.87986,1.285004,-0.633733
1.879275,1.287051,-0.630664
1.890091,1.286174,-0.629202
1.885414,1.287051,-0.636948
1.890675,1.287928,-0.631248
1.891552,1.280327,-0.622479
1.884537,1.283835,-0.636948
1.889798,1.283543,-0.605963
1.888337,1.279743,-0.640748
1.892137,1.289097,-0.629494
1.895352,1.28062,-0.629348
1.896814,1.285881,-0.637533
1.89126,1.282374,-0.631102
1.890675,1.285881,-0.641479
1.893014,1.28442,-0.63344
1.890968,1.289097,-0.629056
1.883952,1.286174,-0.62204
1.891845,1.288804,-0.633733
1.888629,1.290851,-0.632564
1.893014,1.284712,-0.636071
1.892429,1.282666,-0.621017
1.891845,1.280327,-0.641479
1.890675,1.285004,-0.631979
1.894183,1.280912,-0.640894
1.893306,1.283543,-0.637387
1.886291,1.29202,-0.630225
1.884829,1.278574,-0.637387
1.891552,1.285589,-0.636656
1.891552,1.287928,-0.642356
1.886875,1.288512,-0.63154
1.886583,1.284712,-0.642941
1.890091,1.291728,-0.634902
1.885998,1.282666,-0.641625
1.884537,1.291435,-0.640602
1.890968,1.281497,-0.632125
1.885706,1.293189,-0.641625
1.884829,1.282081,-0.635925
1.885998,1.284127,-0.63081
1.879567,1.280035,-0.637825
1.885414,1.286466,-0.635048
1.889798,1.283543,-0.633294
1.883075,1.285881,-0.632271
1.888629,1.285881,-0.636948
1.884244,1.287635,-0.626863
1.889214,1.286466,-0.638556
1.890383,1.283543,-0.632125
1.891845,1.282081,-0.639141
1.885998,1.28062,-0.640602
1.890675,1.285297,-0.636948
1.88746,1.285589,-0.637241
1.885706,1.278281,-0.637825
1.894768,1.282374,-0.629933
1.886875,1.287343,-0.63461
1.893891,1.282374,-0.633148
1.888044,1.288804,-0.633587
1.890968,1.286758,-0.638994
1.894475,1.28822,-0.627448
1.897398,1.287051,-0.623356
1.889506,1.279743,-0.636948
1.892429,1.284127,-0.631687
1.888337,1.281789,-0.641333
1.891845,1.283251,-0.628033
1.886291,1.283251,-0.641479
1.89506,1.282081,-0.635633
1.894475,1.287051,-0.631248
1.889798,1.282081,-0.636802
1.893306,1.286466,-0.643671
1.893891,1.283251,-0.639287
1.895645,1.289389,-0.63154
1.890091,1.279743,-0.64031
1.888044,1.28442,-0.639725
1.890968,1.273897,-0.639871
1.880737,1.28062,-0.644402
1.889214,1.283835,-0.635925
1.88746,1.286466,-0.644695
1.888921,1.277112,-0.634756
1.892137,1.286466,-0.638848
1.886875,1.282958,-0.644987
1.883952,1.29202,-0.635779
1.889506,1.282958,-0.639141
1.888629,1.283835,-0.629056
1.890091,1.285589,-0.637679
1.88746,1.285297,-0.636656
1.894183,1.277697,-0.627887
1.889798,1.287635,-0.640456
1.884537,1.281497,-0.643964
1.890675,1.282081,-0.636656
1.883367,1.284127,-0.635487
1.888337,1.280327,-0.636217
1.885998,1.286174,-0.640602
1.885998,1.284127,-0.644695
1.880152,1.286174,-0.637241
1.888629,1.283543,-0.624086
1.892137,1.290558,-0.63651
1.890383,1.287343,-0.635194
1.890383,1.282081,-0.635194
1.886291,1.283835,-0.641771
1.886291,1.284127,-0.642648
1.883075,1.288512,-0.636802
1.886875,1.289974,-0.634171
1.880737,1.287343,-0.635048
1.894475,1.280327,-0.637533
1.890675,1.279743,-0.635341
1.882491,1.281789,-0.63841
1.880152,1.281497,-0.630225
1.881321,1.285881,-0.645571
1.880152,1.277989,-0.633294
1.892429,1.27945,-0.647179
1.886583,1.281497,-0.644256
1.881906,1.281497,-0.645279
1.890968,1.28822,-0.640018
1.891845,1.282081,-0.646156
1.886583,1.28822,-0.641187
1.889506,1.289097,-0.649372
1.881321,1.283251,-0.632417
1.888629,1.287928,-0.633733
1.886875,1.278866,-0.649079
1.890675,1.283543,-0.639871
1.885121,1.278866,-0.641187
1.888629,1.290558,-0.646448
1.88746,1.280912,-0.638264
1.886291,1.278281,-0.641625
1.888921,1.280327,-0.651856
1.888337,1.282958,-0.647618
1.884537,1.277404,-0.643964
1.884829,1.280327,-0.640018
1.89126,1.279743,-0.64411
1.885414,1.284712,-0.637387
1.888337,1.285297,-0.64411
1.89126,1.277697,-0.641187
1.894183,1.279158,-0.641333
1.885414,1.284712,-0.641625
1.893598,1.285004,-0.644402
1.897983,1.287928,-0.645133
1.886875,1.281204,-0.640748
1.888921,1.283251,-0.647471
1.888629,1.283251,-0.633733
1.886583,1.276527,-0.638556
1.886291,1.285297,-0.641771
1.888337,1.281497,-0.628325
1.889798,1.277404,-0.631248
1.889798,1.27945,-0.63651
1.886875,1.278574,-0.647325
1.888337,1.278866,-0.635341
1.885998,1.290851,-0.63154
1.894183,1.27682,-0.642941
1.894475,1.279158,-0.64031
1.892429,1.279158,-0.639579
1.89506,1.291728,-0.638702
1.894475,1.278281,-0.630371
1.889798,1.283251,-0.639433
1.893598,1.286758,-0.632856
1.881321,1.285004,-0.636071
1.887752,1.289097,-0.636656
1.884537,1.282958,-0.635779
1.889214,1.287635,-0.624086
1.883952,1.285589,-0.637825
1.890675,1.287635,-0.633002
1.891552,1.287635,-0.644841
1.885998,1.282666,-0.634902
1.895352,1.284712,-0.628763
1.885414,1.283835,-0.635341
1.890968,1.284127,-0.632271
1.885706,1.289097,-0.624086
1.890091,1.282666,-0.628033
1.883367,1.279743,-0.626717
1.890675,1.286174,-0.632564
1.884829,1.290266,-0.636071
1.890091,1.289681,-0.633879
1.885998,1.287343,-0.632417
1.881906,1.299328,-0.638994
1.883075,1.325636,-0.648202
1.859105,1.357498,-0.673049
1.838059,1.397837,-0.697457
1.827243,1.43613,-0.732388
1.798305,1.477054,-0.759573
1.790704,1.5057,-0.81102
1.770535,1.508623,-0.831921
1.774043,1.510377,-0.855598
1.770827,1.505408,-0.879421
1.769658,1.493423,-0.880883
1.788658,1.467407,-0.890383
1.786904,1.430576,-0.888921
1.796551,1.403391,-0.87036
1.814966,1.356036,-0.866706
1.82929,1.338498,-0.850044
1.838936,1.307512,-0.840251
1.84449,1.290266,-0.826074
1.847413,1.283543,-0.82242
1.84829,1.27565,-0.819497
1.853844,1.263666,-0.80532
1.858229,1.250804,-0.81102
1.862906,1.242327,-0.791143
1.873137,1.235604,-0.792751
1.877229,1.237357,-0.783835
1.874013,1.223034,-0.790997
1.883952,1.22888,-0.78062
1.881614,1.225373,-0.782227
1.882491,1.228296,-0.781497
1.880737,1.223327,-0.782958
1.882491,1.228004,-0.777258
1.881906,1.222742,-0.779597
1.887167,1.213973,-0.764543
1.886291,1.217188,-0.783251
1.888921,1.206372,-0.767466
1.886291,1.211926,-0.77112
1.893014,1.207834,-0.775943
1.89126,1.218357,-0.770973
1.894475,1.212511,-0.764689
1.888629,1.220988,-0.76732
1.890968,1.211049,-0.765712
1.892721,1.214265,-0.766735
1.886583,1.208126,-0.768343
1.882491,1.211634,-0.772289
1.889798,1.208126,-0.762789
1.892721,1.20988,-0.76922
1.89126,1.204034,-0.764104
1.877813,1.202572,-0.765273
1.882491,1.211926,-0.762935
1.888921,1.211342,-0.765273
1.887752,1.205788,-0.760596
1.887167,1.205495,-0.763519
1.888337,1.203157,-0.770389
1.882783,1.206665,-0.75855
1.885121,1.204619,-0.771704
1.885121,1.207834,-0.761766
1.888044,1.21368,-0.764835
1.886583,1.211049,-0.759573
1.892137,1.206665,-0.766735
1.887167,1.207542,-0.768196
1.887167,1.208419,-0.773166
1.885121,1.205788,-0.761766
1.887167,1.204034,-0.762204
1.881906,1.197895,-0.761181
1.890675,1.205495,-0.770243
1.890383,1.208711,-0.765858
1.886875,1.210172,-0.770681
1.884829,1.204911,-0.769804
1.890675,1.20988,-0.778574
1.885414,1.206665,-0.765419
1.891845,1.205495,-0.760742
1.887167,1.211926,-0.770827
1.885414,1.206665,-0.770681
1.884244,1.208419,-0.777258
1.89126,1.200818,-0.76732
1.884537,1.203157,-0.771996
1.887167,1.204034,-0.77375
1.884244,1.213096,-0.765419
1.890091,1.209588,-0.758112
1.890383,1.206665,-0.761181
1.892721,1.204034,-0.76922
1.893014,1.208711,-0.77112
1.888629,1.201403,-0.768781
1.890675,1.206372,-0.756212
1.886583,1.205203,-0.760889
1.886875,1.213388,-0.763081
1.888044,1.211342,-0.752412
1.893306,1.211634,-0.76732
1.892137,1.204911,-0.763519
1.889798,1.200526,-0.767612
1.892429,1.210757,-0.762204
1.894475,1.214557,-0.77302
1.890091,1.212511,-0.764835
1.888921,1.211634,-0.772727
1.893891,1.206957,-0.767466
1.895937,1.20988,-0.777843
1.896521,1.216603,-0.767027
1.899152,1.209003,-0.766881
1.888921,1.206957,-0.752119
1.886583,1.210757,-0.755627
1.889798,1.20988,-0.755481
1.893598,1.211926,-0.760742
1.883952,1.209296,-0.765858
1.879567,1.206665,-0.764396
1.890675,1.208419,-0.776235
1.890675,1.205495,-0.761327
1.896814,1.211342,-0.765419
1.892137,1.211342,-0.761619
1.890968,1.206372,-0.751827
1.889506,1.208419,-0.760889
1.886875,1.211634,-0.758696
1.890383,1.213388,-0.768635
1.890675,1.21368,-0.768343
1.896229,1.208419,-0.772873
1.886875,1.208419,-0.758112
1.882783,1.208711,-0.770973
1.883952,1.202865,-0.772143
1.897398,1.203157,-0.763812
1.89126,1.208711,-0.76615
1.888337,1.204911,-0.765712
1.892721,1.206665,-0.776381
1.89126,1.207249,-0.765419
1.885706,1.206372,-0.764396
1.894768,1.206957,-0.780766
1.890675,1.205203,-0.765419
1.889214,1.211634,-0.760158
1.890675,1.204619,-0.766296
1.88366,1.211926,-0.769073
1.889506,1.212219,-0.772727
1.892429,1.212219,-0.76922
1.881321,1.209296,-0.772289
1.890383,1.212803,-0.766589
1.894768,1.205495,-0.76615
1.888044,1.199942,-0.769658
1.890383,1.204034,-0.758258
1.889798,1.203157,-0.755919
1.896521,1.211049,-0.770827
1.897106,1.201988,-0.752119
1.890091,1.215726,-0.768489
1.897983,1.214265,-0.776966
1.892721,1.208419,-0.762935
1.88746,1.203742,-0.770096
1.890091,1.209296,-0.752996
1.889214,1.209296,-0.766735
1.891552,1.204034,-0.774189
1.890091,1.208126,-0.76922
1.893598,1.210465,-0.764543
1.900322,1.206372,-0.776381
1.895645,1.207834,-0.77185
1.885414,1.208419,-0.76045
1.896814,1.206665,-0.770389
1.893306,1.211049,-0.763373
1.893598,1.207249,-0.75855
1.890383,1.208126,-0.768781
1.887752,1.208419,-0.769512
1.894475,1.207249,-0.769073
1.892137,1.211049,-0.766004
1.895352,1.208711,-0.774335
1.895937,1.207542,-0.776966
1.888337,1.204326,-0.782227
1.887752,1.208419,-0.768781
1.890383,1.213973,-0.770389
1.885998,1.199357,-0.76615
1.888044,1.20988,-0.77185
1.890968,1.209003,-0.762204
1.891552,1.207834,-0.757527
1.89506,1.210172,-0.771266
1.890675,1.212803,-0.765712
1.891552,1.212219,-0.761035
1.890968,1.212803,-0.762058
1.88746,1.205495,-0.765127
1.892721,1.211342,-0.768635
1.885414,1.212511,-0.754458
1.890675,1.207834,-0.756796
1.890383,1.210757,-0.774335
1.891552,1.206372,-0.757673
1.890675,1.209296,-0.759281
1.892429,1.205203,-0.770243
1.89126,1.206665,-0.77565
1.887752,1.215434,-0.772435
1.892429,1.20608,-0.767904
1.893306,1.209003,-0.766443
1.890968,1.215726,-0.767758
1.892429,1.211926,-0.769804
1.883075,1.208126,-0.770096
1.889798,1.213388,-0.764543
1.887167,1.216896,-0.767612
1.894183,1.210465,-0.76615
1.888921,1.213973,-0.768927
1.888921,1.204326,-0.768343
1.890675,1.211926,-0.769804
1.893598,1.215142,-0.768635
1.895352,1.209003,-0.769512
1.897983,1.203157,-0.757235
1.88746,1.204911,-0.762789
1.889798,1.204034,-0.762204
1.87986,1.211634,-0.778135
1.885414,1.210465,-0.760889
1.886875,1.210465,-0.760596
1.89506,1.211342,-0.762643
1.886583,1.215142,-0.76615
1.896229,1.212511,-0.769073
1.889798,1.210757,-0.762643
1.890968,1.209588,-0.769073
1.890968,1.204619,-0.760742
1.892137,1.207249,-0.764981
1.895645,1.211926,-0.767612
1.895645,1.208711,-0.76805
1.888044,1.209588,-0.757966
1.892721,1.211049,-0.763812
1.895937,1.207834,-0.756212
1.890383,1.218942,-0.760304
1.893014,1.215434,-0.77375
1.892721,1.211342,-0.761912
1.894475,1.204911,-0.763958
1.893891,1.211634,-0.766735
1.899152,1.21368,-0.781058
1.892721,1.209003,-0.763666
1.893598,1.208711,-0.755481
1.888044,1.212219,-0.766296
1.893014,1.208419,-0.759573
1.894475,1.202865,-0.768489
1.886875,1.212511,-0.757819
1.883367,1.211634,-0.768489
1.890675,1.211049,-0.772289
1.891552,1.210757,-0.764543
1.886875,1.206957,-0.777989
1.894475,1.202865,-0.770096
1.893014,1.20608,-0.757819
1.888921,1.209003,-0.771704
1.887167,1.206665,-0.763666
1.882491,1.207249,-0.755335
1.881906,1.211634,-0.763958
1.878983,1.209003,-0.768489
1.888044,1.215726,-0.766443
1.88366,1.215142,-0.767466
1.879567,1.215142,-0.753289
1.892137,1.213096,-0.75665
1.888337,1.210757,-0.760596
1.89126,1.202572,-0.761327
1.887752,1.213973,-0.759719
1.885998,1.210465,-0.762643
1.88746,1.214265,-0.763958
1.89506,1.20988,-0.76805
1.886291,1.211926,-0.768781
1.889798,1.214265,-0.761619
1.88746,1.210757,-0.756212
1.890968,1.204034,-0.765712
1.890968,1.203449,-0.76995
1.892721,1.202572,-0.761035
1.892721,1.208419,-0.766589
1.888044,1.208419,-0.768927
1.890383,1.208419,-0.765419
1.883952,1.208711,-0.762643
1.890675,1.208711,-0.761181
1.883075,1.216019,-0.766735
1.892721,1.207249,-0.774335
1.892137,1.211342,-0.77375
1.895352,1.210465,-0.761912
1.888629,1.211634,-0.765127
1.892721,1.204326,-0.758258
1.892429,1.213973,-0.765419
1.893598,1.209003,-0.765273
1.89506,1.204034,-0.767466
1.888921,1.204619,-0.763519
1.895645,1.20988,-0.763373
1.89886,1.211049,-0.76922
1.897983,1.210757,-0.764689
1.885706,1.213388,-0.765273
1.88366,1.205495,-0.761766
1.889506,1.200234,-0.756065
1.890675,1.207249,-0.757235
1.885414,1.20608,-0.762058
1.882783,1.205788,-0.763519
1.880152,1.211049,-0.761912
1.892721,1.205495,-0.765419
1.893891,1.209003,-0.756065
1.889506,1.208419,-0.766443
1.883075,1.201988,-0.759427
1.897398,1.210172,-0.765127
1.893306,1.209296,-0.759281
1.895352,1.210172,-0.771412
1.889214,1.214265,-0.762789
1.893306,1.211049,-0.772873
1.887167,1.19848,-0.769658
1.890675,1.207249,-0.75855
1.883952,1.205495,-0.774773
1.881906,1.199942,-0.760596
1.886291,1.203449,-0.770973
1.888044,1.202865,-0.770243
1.891552,1.203157,-0.758112
1.880152,1.205788,-0.754312
1.884244,1.200818,-0.763958
1.890383,1.211926,-0.764396
1.887752,1.205495,-0.760742
1.889214,1.207542,-0.76732
1.888629,1.205203,-0.757089
1.89506,1.207249,-0.761912
1.891845,1.207249,-0.769658
1.895352,1.214557,-0.751388
1.891845,1.204034,-0.752558
1.884537,1.204619,-0.76045
1.884537,1.200526,-0.758696
1.88746,1.201403,-0.757966
1.883075,1.208126,-0.75665
1.890383,1.206957,-0.771558
1.894183,1.205495,-0.764835
1.885121,1.207249,-0.770243
1.882783,1.210465,-0.757089
1.886291,1.209588,-0.761766
1.888921,1.204034,-0.761766
1.891845,1.210172,-0.761181
1.893306,1.208711,-0.755481
1.890675,1.198772,-0.774481
1.893014,1.206665,-0.770389
1.894475,1.208711,-0.763812
1.890675,1.205495,-0.768927
1.88746,1.205788,-0.763519
1.888044,1.200526,-0.76615
1.896521,1.206665,-0.771558
1.895352,1.213096,-0.771558
1.889214,1.205788,-0.76805
1.885414,1.209296,-0.772727
1.885121,1.207834,-0.771996
1.884537,1.206665,-0.775358
1.894768,1.208711,-0.768343
1.892721,1.207542,-0.77185
1.891552,1.212803,-0.768343
1.888044,1.205495,-0.770243
1.887752,1.203449,-0.76615
1.895645,1.210465,-0.778866
1.882783,1.205788,-0.767027
1.88746,1.205788,-0.784566
1.89506,1.203449,-0.784566
1.889798,1.212511,-0.766881
1.886583,1.203742,-0.779304
1.89126,1.205495,-0.766881
1.882491,1.210172,-0.76922
1.890091,1.205788,-0.769073
1.889506,1.208419,-0.780912
1.891552,1.208126,-0.781497
1.888044,1.208126,-0.769658
1.890968,1.209003,-0.768343
1.88366,1.204034,-0.772289
1.881906,1.203742,-0.773458
1.894183,1.202865,-0.767904
1.884829,1.203449,-0.772873
1.888921,1.20228,-0.778574
1.886875,1.206372,-0.77302
1.889506,1.203449,-0.77375
1.887167,1.20988,-0.772289
1.886291,1.207834,-0.77112
1.889506,1.200818,-0.77565
1.889506,1.199357,-0.768927
1.887752,1.201695,-0.767173
1.893891,1.208419,-0.759281
1.881029,1.199649,-0.77682
1.87869,1.206372,-0.772727
1.885998,1.211342,-0.763666
1.88366,1.20228,-0.777697
1.88366,1.200526,-0.765566
1.880737,1.199065,-0.772873
1.886875,1.204326,-0.75475
1.890091,1.214557,-0.772873
1.886583,1.209296,-0.76805
1.885414,1.216311,-0.76045
1.890675,1.206957,-0.760889
1.887167,1.20608,-0.770096
1.888629,1.206665,-0.761766
1.884829,1.208126,-0.765566
1.897106,1.204034,-0.766589
1.899152,1.202572,-0.779597
1.890091,1.210172,-0.778574
1.896814,1.204619,-0.770096
1.885998,1.209003,-0.76425
1.887167,1.201988,-0.764689
1.88366,1.204911,-0.764396
1.888629,1.196434,-0.762204
1.889506,1.200526,-0.76995
1.889214,1.197311,-0.760889
1.888044,1.214557,-0.77112
1.890091,1.210465,-0.772727
1.890675,1.204619,-0.768635
1.884244,1.199942,-0.777404
1.888921,1.205495,-0.764689
1.891552,1.215726,-0.771704
1.889214,1.202572,-0.764835
1.883075,1.207249,-0.773458
1.890675,1.211342,-0.768489
1.886291,1.21368,-0.778135
1.885121,1.211634,-0.77302
1.880152,1.203742,-0.760742
1.893598,1.206665,-0.774189
1.893306,1.208126,-0.772727
1.893306,1.206665,-0.765712
1.894475,1.209003,-0.76995
1.893891,1.212511,-0.765712
1.891845,1.211634,-0.772873
1.888044,1.21748,-0.763081
1.888337,1.205203,-0.767466
1.896229,1.208126,-0.759281
1.891552,1.208711,-0.763227
1.888044,1.21368,-0.765273
1.890091,1.20608,-0.77682
1.884829,1.207834,-0.769073
1.88366,1.213973,-0.767173
1.887752,1.20988,-0.772289
1.89126,1.207542,-0.769366
1.889214,1.207834,-0.761912
1.896814,1.220403,-0.767758
1.881321,1.212219,-0.776527
1.890383,1.203742,-0.76805
1.888337,1.204619,-0.772143
1.886291,1.207542,-0.768343
1.879567,1.202865,-0.777404
1.886583,1.206957,-0.783835
1.890968,1.208711,-0.765273
1.887167,1.20608,-0.765858
1.887167,1.206957,-0.76235
1.88746,1.213096,-0.763812
1.880737,1.201988,-0.772581
1.883075,1.209588,-0.765273
1.881321,1.205495,-0.773604
1.88746,1.211049,-0.774189
1.886583,1.207834,-0.770243
1.890091,1.211049,-0.77492
1.893598,1.212219,-0.770681
1.882491,1.205788,-0.771996
1.887167,1.206957,-0.769073
1.881906,1.20608,-0.772289
1.888044,1.207249,-0.770973
1.885998,1.207542,-0.775504
1.885998,1.213388,-0.774189
1.888629,1.209296,-0.77755
1.886583,1.213388,-0.762643
1.890091,1.212219,-0.773312
1.889214,1.211049,-0.761912
1.888044,1.205788,-0.780327
1.891552,1.207834,-0.770389
1.885998,1.212803,-0.775504
1.887752,1.208419,-0.775797
1.89126,1.207249,-0.771412
1.890968,1.206665,-0.766296
1.88746,1.213096,-0.768635
1.884537,1.208419,-0.758989
1.89126,1.212219,-0.761473
1.893598,1.208126,-0.774189
1.886583,1.21368,-0.770389
1.88746,1.20228,-0.770681
1.889798,1.210172,-0.769073
1.888629,1.207249,-0.76732
1.885121,1.207542,-0.771412
1.886583,1.202572,-0.763373
1.884244,1.202865,-0.762643
1.881029,1.199649,-0.758696
1.89126,1.20608,-0.761912
1.889506,1.201403,-0.784127
1.890675,1.201988,-0.775358
1.890968,1.206665,-0.765566
1.885998,1.200818,-0.770827
1.884537,1.205788,-0.771412
1.892721,1.20988,-0.768927
1.889798,1.197895,-0.772581
1.888044,1.205203,-0.765273
1.890968,1.211926,-0.761473
1.886583,1.20988,-0.767027
1.891552,1.212511,-0.762496
1.886291,1.208711,-0.760742
1.885998,1.204911,-0.768781
1.892137,1.205788,-0.759719
1.890968,1.210757,-0.773458
1.889506,1.210757,-0.757089
1.892721,1.205203,-0.772727
1.895352,1.207542,-0.767027
1.896521,1.204034,-0.764689
1.892137,1.207834,-0.761035
1.89126,1.210172,-0.777258
1.894183,1.205495,-0.767612
1.892721,1.20988,-0.758258
1.885414,1.208419,-0.767612
1.887167,1.210465,-0.763519
1.884244,1.209588,-0.763519
1.886583,1.209588,-0.761035
1.893598,1.210757,-0.758842
1.891552,1.207834,-0.766589
1.889506,1.207542,-0.762058
1.897691,1.205495,-0.766735
1.894183,1.209296,-0.763227
1.890968,1.203449,-0.760742
1.893891,1.206957,-0.758842
1.887167,1.209588,-0.785735
1.891552,1.205495,-0.772873
1.886583,1.207542,-0.77375
1.892137,1.204619,-0.765712
1.892137,1.211342,-0.769658
1.889214,1.209003,-0.769366
1.88746,1.20608,-0.774335
1.882198,1.209296,-0.77302
1.888044,1.207542,-0.774481
1.897106,1.211634,-0.767466
1.887752,1.20988,-0.774335
1.893598,1.208126,-0.765419
1.897106,1.207249,-0.770389
1.889506,1.215434,-0.768781
1.897106,1.20228,-0.769512
1.894475,1.20608,-0.780181
1.886291,1.212803,-0.767027
1.891552,1.208419,-0.766296
1.888921,1.210172,-0.762935
1.889214,1.213973,-0.769512
1.89126,1.209296,-0.77492
1.886875,1.211634,-0.772289
1.889798,1.211342,-0.789097
1.895937,1.209296,-0.765127
1.884537,1.21368,-0.761327
1.889798,1.214849,-0.757819
1.890383,1.207542,-0.764104
1.888337,1.203449,-0.76805
1.890091,1.214557,-0.765858
1.884537,1.210757,-0.77375
1.882783,1.214849,-0.776381
1.889214,1.206957,-0.765566
1.880444,1.210465,-0.773166
1.890383,1.209296,-0.764689
1.888629,1.211926,-0.770243
1.87986,1.209296,-0.771266
1.87986,1.216019,-0.768635
1.873137,1.227419,-0.778427
1.864367,1.239111,-0.800058
1.850921,1.280912,-0.829874
1.824613,1.33002,-0.86729
1.80152,1.380298,-0.875183
1.785443,1.43233,-0.889652
1.778427,1.469161,-0.902806
1.779597,1.486992,-0.878544
1.76615,1.506577,-0.877667
1.765858,1.511839,-0.862759
1.766735,1.523531,-0.84069
1.779889,1.510377,-0.813213
1.783981,1.489623,-0.783397
1.803566,1.46653,-0.76045
1.823736,1.427653,-0.717334
1.838059,1.402222,-0.700965
1.848582,1.388483,-0.691903
1.851798,1.37796,-0.684741
1.853259,1.365098,-0.668372
1.852967,1.352528,-0.667933
1.864659,1.346098,-0.653902
1.866998,1.32359,-0.65741
1.860275,1.33002,-0.652002
1.874598,1.323882,-0.652002
1.866706,1.313359,-0.64601
1.874306,1.317159,-0.645133
1.881029,1.308682,-0.642941
1.88366,1.304005,-0.642794
1.886291,1.306928,-0.642356
1.87869,1.300789,-0.637679
1.880152,1.298743,-0.637971
1.877521,1.292604,-0.635194
1.879275,1.282958,-0.633294
1.885121,1.292312,-0.631394
1.884244,1.286174,-0.637825
1.887752,1.285589,-0.639141
1.891845,1.29202,-0.634171
1.891845,1.290851,-0.642941
1.882198,1.287928,-0.632856
1.885706,1.286466,-0.630225
1.890968,1.29202,-0.634025
1.881321,1.289681,-0.632125
1.883075,1.284127,-0.63081
1.883367,1.288804,-0.631687
1.884829,1.290558,-0.630079
1.885706,1.279743,-0.633148
1.890675,1.289097,-0.639725
1.889506,1.288512,-0.641333
1.891845,1.282081,-0.643818
1.887167,1.291143,-0.638117
1.888629,1.291143,-0.63461
1.884537,1.285004,-0.638702
1.88746,1.285004,-0.643087
1.888629,1.293189,-0.639287
1.881321,1.28442,-0.637971
1.888921,1.288512,-0.635341
1.887167,1.285589,-0.636656
1.888044,1.289097,-0.655949
1.888921,1.282666,-0.640602
1.888044,1.289097,-0.624671
1.88746,1.294943,-0.646302
1.887752,1.289681,-0.636364
1.889214,1.286758,-0.63461
1.884244,1.281204,-0.639725
1.882198,1.285297,-0.639287
1.882491,1.289974,-0.629933
1.886875,1.292312,-0.63461
1.883075,1.287051,-0.641625
1.88366,1.292897,-0.634025
1.88366,1.291143,-0.637679
1.881906,1.285881,-0.641625
1.887752,1.287928,-0.632564
1.889214,1.289974,-0.638117
1.887167,1.289097,-0.628471
1.890383,1.292897,-0.647764
1.893306,1.29202,-0.642356
1.893306,1.288804,-0.643818
1.888921,1.289974,-0.645425
1.889506,1.291435,-0.63154
1.885998,1.295528,-0.641479
1.883367,1.286758,-0.644548
1.893891,1.289389,-0.647618
1.880444,1.28822,-0.641187
1.878106,1.292312,-0.633587
1.884244,1.285589,-0.645279
1.885998,1.292312,-0.639579
1.89126,1.283835,-0.638994
1.880444,1.285589,-0.645718
1.887167,1.288512,-0.644402
1.893014,1.282374,-0.636656
1.885706,1.286174,-0.65171
1.877229,1.284712,-0.635779
1.881029,1.285589,-0.642502
1.88366,1.290558,-0.635341
1.888629,1.290558,-0.637533
1.889214,1.283835,-0.643818
1.889798,1.285297,-0.638556
1.892137,1.283543,-0.641479
1.888044,1.289681,-0.64601
1.890675,1.292312,-0.647618
1.896229,1.287051,-0.636656
1.890968,1.289681,-0.64221
1.885414,1.285589,-0.637825
1.883075,1.284127,-0.633587
1.887752,1.283251,-0.632564
1.887167,1.287928,-0.643233
1.888629,1.282958,-0.642648
1.886583,1.283543,-0.630956
1.890675,1.28822,-0.643964
1.894768,1.289974,-0.648202
1.878983,1.292604,-0.637533
1.883075,1.283835,-0.634171
1.894475,1.280035,-0.646302
1.893306,1.282081,-0.642064
1.896814,1.285589,-0.646302
1.883952,1.286758,-0.639725
1.886291,1.292604,-0.644402
