ch1,ch2,ch3
1.87489,1.224496,-0.753873
1.878983,1.219526,-0.749781
1.877813,1.221865,-0.753581
1.877521,1.223327,-0.754896
1.87869,1.218357,-0.71748
1.880152,1.214849,-0.749927
1.878398,1.226834,-0.74905
1.882491,1.223327,-0.74905
1.878983,1.216019,-0.751535
1.880152,1.216019,-0.753289
1.876644,1.215726,-0.746711
1.884829,1.224203,-0.75285
1.883075,1.219819,-0.748027
1.87869,1.222157,-0.75475
1.881906,1.217773,-0.763666
1.877521,1.220696,-0.757235
1.881321,1.218942,-0.764689
1.881906,1.225665,-0.750365
1.875183,1.223327,-0.751242
1.878106,1.228588,-0.761035
1.881029,1.227419,-0.75095
1.872844,1.22508,-0.759135
1.875183,1.224203,-0.76045
1.876352,1.227419,-0.755042
1.88366,1.216896,-0.757966
1.879275,1.225373,-0.758112
1.877229,1.223619,-0.755481
1.87869,1.224203,-0.751242
1.873137,1.222157,-0.751096
1.873721,1.219234,-0.755042
1.883367,1.22625,-0.755773
1.876352,1.21748,-0.754165
1.87869,1.224788,-0.758404
1.872552,1.219234,-0.742765
1.882783,1.218942,-0.750219
1.874598,1.21748,-0.740134
1.876937,1.215434,-0.749342
1.866706,1.22128,-0.756065
1.875183,1.219234,-0.744373
1.874306,1.218942,-0.741888
1.873721,1.218942,-0.751096
1.873137,1.215726,-0.751535
1.872552,1.222742,-0.763373
1.869629,1.234434,-0.773312
1.858229,1.257819,-0.771996
1.851505,1.27185,-0.797428
1.839228,1.282374,-0.794943
1.839521,1.28822,-0.811459
1.846244,1.280912,-0.794943
1.847705,1.27565,-0.796405
1.848582,1.273897,-0.806928
1.843613,1.283835,-0.79392
1.836305,1.291728,-0.806928
1.840398,1.291435,-0.810289
1.838059,1.296405,-0.81672
1.834551,1.288804,-0.814674
1.841859,1.298743,-0.815989
1.834551,1.29962,-0.813651
1.831628,1.301666,-0.820082
1.827828,1.297574,-0.811459
1.832505,1.300497,-0.806489
1.833967,1.295235,-0.813066
1.826659,1.301374,-0.811897
1.834844,1.30342,-0.807659
1.830167,1.30342,-0.817013
1.82929,1.302251,-0.823151
1.828413,1.298158,-0.808536
1.827536,1.301082,-0.82052
1.827536,1.293774,-0.813651
1.826074,1.294358,-0.820666
1.831044,1.300205,-0.815405
1.834551,1.307512,-0.807659
1.831921,1.297574,-0.828267
1.831336,1.304297,-0.809559
1.828705,1.297282,-0.819497
1.834844,1.301374,-0.807074
1.836597,1.301958,-0.807366
1.835136,1.300497,-0.816866
1.82812,1.302835,-0.82432
1.829582,1.299035,-0.810289
1.832213,1.305759,-0.817597
1.832797,1.303712,-0.824467
1.835136,1.301082,-0.814528
1.826367,1.300497,-0.814966
1.836305,1.301958,-0.82052
1.836013,1.302251,-0.810436
1.826951,1.306928,-0.808243
1.83309,1.302543,-0.819497
1.829582,1.297282,-0.808243
1.833382,1.306051,-0.815551
1.832505,1.298743,-0.814382
1.832797,1.303712,-0.813797
1.823736,1.295235,-0.818766
1.832505,1.296112,-0.809412
1.830751,1.301958,-0.816136
1.830167,1.296405,-0.810436
1.831336,1.296989,-0.815989
1.835428,1.302835,-0.817159
1.830167,1.303128,-0.810728
1.830167,1.301958,-0.813213
1.83309,1.301374,-0.807074
1.838059,1.299035,-0.816428
1.833674,1.302251,-0.808828
1.83309,1.297866,-0.822859
1.836013,1.29582,-0.805028
1.845367,1.308974,-0.815113
1.83309,1.301666,-0.81789
1.83309,1.299328,-0.80912
1.832797,1.302835,-0.813066
1.840105,1.298743,-0.807659
1.838351,1.299912,-0.805612
1.833967,1.304882,-0.808828
1.83689,1.302543,-0.812482
1.831044,1.29582,-0.811459
1.835721,1.304882,-0.808243
1.832213,1.272727,-0.804882
1.833967,1.305174,-0.81862
1.836305,1.302251,-0.819351
1.800935,1.303128,-0.813359
1.831628,1.295235,-0.813943
1.827536,1.294651,-0.822567
1.834259,1.302251,-0.822274
1.838351,1.297574,-0.813066
1.83309,1.29962,-0.819497
1.828705,1.297282,-0.816574
1.830751,1.296112,-0.814966
1.830167,1.294358,-0.81862
1.827828,1.297574,-0.815843
1.831921,1.306343,-0.817597
1.83689,1.29962,-0.81102
1.831921,1.295528,-0.824905
1.833382,1.299912,-0.819351
1.831628,1.306343,-0.816428
1.831044,1.298451,-0.81789
1.838059,1.299912,-0.823882
1.828705,1.301958,-0.819059
1.836013,1.29962,-0.817013
1.835136,1.294066,-0.822859
1.831044,1.303128,-0.833967
1.826951,1.300789,-0.826074
1.826951,1.307512,-0.819497
1.831044,1.300205,-0.824174
1.831921,1.301958,-0.825636
1.831921,1.294651,-0.820082
1.827243,1.300205,-0.812482
1.830167,1.306343,-0.815113
1.831628,1.306051,-0.816136
1.832213,1.296112,-0.82432
1.826951,1.301374,-0.809412
1.837474,1.308097,-0.818328
1.831921,1.307512,-0.817743
1.828413,1.30342,-0.819497
1.830167,1.304297,-0.817013
1.829582,1.304297,-0.819497
1.835428,1.301666,-0.816428
1.832213,1.306051,-0.819059
1.832505,1.307805,-0.821836
1.831921,1.302543,-0.814966
1.835721,1.305466,-0.821105
1.839813,1.303128,-0.821836
1.832505,1.296405,-0.829144
1.833967,1.305759,-0.829582
1.82929,1.29962,-0.825343
1.835136,1.297866,-0.856475
1.842151,1.303128,-0.822274
1.829874,1.296405,-0.819497
1.835136,1.303128,-0.82622
1.831044,1.299912,-0.826805
1.829874,1.298158,-0.820374
1.834551,1.299912,-0.813359
1.831336,1.299035,-0.819643
1.833674,1.300497,-0.81979
1.836305,1.302251,-0.814382
1.831044,1.29962,-0.817013
1.831336,1.304297,-0.810436
1.829874,1.303128,-0.821543
1.841274,1.300497,-0.814674
1.826074,1.294358,-0.81292
1.828705,1.295528,-0.819351
1.833967,1.300789,-0.822567
1.838936,1.292604,-0.817159
1.821982,1.306051,-0.809997
1.830459,1.306051,-0.825782
1.832213,1.306928,-0.818766
1.831628,1.301374,-0.816428
1.826074,1.29962,-0.820082
1.831921,1.30342,-0.820813
1.826951,1.300497,-0.818036
1.839813,1.297866,-0.818036
1.837474,1.296697,-0.826367
1.824028,1.30342,-0.821251
1.833967,1.298451,-0.82242
1.832797,1.298743,-0.819351
1.828705,1.304005,-0.821836
1.832505,1.300497,-0.82739
1.830459,1.302835,-0.818328
1.834551,1.308389,-0.815259
1.830167,1.298743,-0.814236
1.830167,1.300205,-0.815259
1.824028,1.306343,-0.815259
1.83309,1.307512,-0.810874
1.835136,1.300205,-0.812628
1.839228,1.298743,-0.810436
1.835136,1.301374,-0.807805
1.830459,1.302251,-0.818182
1.833674,1.299035,-0.815843
1.83689,1.304589,-0.814674
1.830751,1.298743,-0.820666
1.838059,1.298451,-0.812189
1.835428,1.299912,-0.82432
1.836597,1.301666,-0.822713
1.826951,1.29962,-0.820959
1.830459,1.299035,-0.826074
1.840105,1.302835,-0.857498
1.828997,1.304589,-0.81862
1.839228,1.307512,-0.816136
1.836305,1.307512,-0.802251
1.835136,1.299035,-0.82432
1.796258,1.304297,-0.810874
1.838936,1.296989,-0.81979
1.840398,1.307512,-0.815697
1.836013,1.294066,-0.814382
1.831336,1.302251,-0.813651
1.829874,1.299912,-0.81482
1.837767,1.30722,-0.811751
1.832797,1.306051,-0.814089
1.831336,1.306928,-0.806051
1.833674,1.300497,-0.80722
1.826659,1.306928,-0.822567
1.831336,1.29962,-0.825343
1.833674,1.30722,-0.816136
1.832213,1.304297,-0.807951
1.830167,1.303128,-0.81102
1.831044,1.293189,-0.810289
1.832797,1.301082,-0.812628
1.838351,1.297866,-0.81102
1.827243,1.307805,-0.815113
1.837474,1.299912,-0.812336
1.833382,1.305759,-0.819205
1.838351,1.299035,-0.81862
1.832213,1.313066,-0.808097
1.842736,1.293189,-0.812628
1.833967,1.296405,-0.813359
1.847998,1.306051,-0.819497
1.834844,1.293774,-0.81672
1.831044,1.296697,-0.810436
1.829874,1.301958,-0.807512
1.837767,1.294651,-0.813066
1.847998,1.302251,-0.810582
1.834844,1.298451,-0.817013
1.838936,1.301374,-0.815551
1.832213,1.301666,-0.822859
1.839813,1.304297,-0.813797
1.838351,1.304882,-0.814236
1.83689,1.310143,-0.813943
1.838644,1.305759,-0.818328
1.843028,1.310728,-0.814089
1.829582,1.30342,-0.818036
1.831628,1.30722,-0.816282
1.836305,1.307512,-0.824905
1.838936,1.304005,-0.823882
1.831044,1.298743,-0.810874
1.835721,1.304589,-0.818182
1.837182,1.307512,-0.826805
1.830167,1.301666,-0.819059
1.833382,1.302543,-0.814966
1.839813,1.305759,-0.81102
1.841567,1.300497,-0.808097
1.828705,1.299035,-0.817013
1.829874,1.308097,-0.814674
1.830751,1.29962,-0.818182
1.829874,1.30342,-0.817159
1.833382,1.30342,-0.817305
1.797135,1.301666,-0.821836
1.829874,1.303128,-0.818474
1.839228,1.304005,-0.810289
1.837474,1.30722,-0.817451
1.838644,1.305759,-0.820374
1.832505,1.308097,-0.820666
1.841859,1.304005,-0.824759
1.835428,1.299328,-0.803566
1.834551,1.303712,-0.816574
1.837474,1.301666,-0.807074
1.829874,1.300789,-0.820082
1.834551,1.307805,-0.827682
1.830459,1.305174,-0.809266
1.834844,1.307805,-0.811605
1.832797,1.306635,-0.823443
1.840105,1.309266,-0.81672
1.840982,1.30342,-0.832359
1.837182,1.308097,-0.815259
1.835136,1.304005,-0.824759
1.830459,1.308097,-0.827097
1.83689,1.30342,-0.823151
1.840105,1.304882,-0.827682
1.830167,1.304882,-0.812043
1.838351,1.311605,-0.823736
1.836305,1.308682,-0.821105
1.836597,1.309266,-0.829436
1.832213,1.310143,-0.816574
1.836013,1.306051,-0.820374
1.838059,1.306928,-0.814236
1.827828,1.301958,-0.823005
1.834844,1.303712,-0.805905
1.832505,1.300789,-0.809412
1.832797,1.304005,-0.817013
1.827536,1.29582,-0.812336
1.833967,1.298743,-0.807805
1.838059,1.295235,-0.82432
1.828413,1.30722,-0.809997
1.837182,1.304005,-0.825197
1.834259,1.294358,-0.814966
1.834551,1.303128,-0.817013
1.843321,1.297574,-0.814089
1.84069,1.300205,-0.815697
1.832213,1.301374,-0.824905
1.838351,1.306051,-0.83002
1.832213,1.302251,-0.829144
1.838351,1.300497,-0.813651
1.835136,1.301082,-0.826513
1.839228,1.30342,-0.811897
1.833382,1.302251,-0.809705
1.837474,1.309559,-0.818328
1.835721,1.306635,-0.814528
1.868459,1.306928,-0.808097
1.827536,1.299912,-0.806051
1.837182,1.306343,-0.814674
1.836305,1.302543,-0.81102
1.827243,1.312774,-0.811312
1.833382,1.307512,-0.819497
1.833382,1.306051,-0.815113
1.835136,1.299328,-0.823882
1.831921,1.301666,-0.82242
1.839228,1.303712,-0.823005
1.833382,1.306051,-0.825051
1.839228,1.306343,-0.822713
1.839521,1.29962,-0.832505
1.834259,1.301082,-0.826367
1.834551,1.300497,-0.833382
1.833674,1.302251,-0.816574
1.837767,1.297574,-0.819205
1.839521,1.305759,-0.818182
1.828705,1.296405,-0.81102
1.832797,1.304589,-0.826659
1.833967,1.312774,-0.817013
1.830459,1.301666,-0.814089
1.831336,1.306928,-0.814382
1.833674,1.31102,-0.81789
1.830751,1.309851,-0.824174
1.82929,1.300789,-0.817597
1.830459,1.307805,-0.814236
1.834259,1.298743,-0.821105
1.827828,1.309559,-0.827244
1.827828,1.301374,-0.815989
1.829874,1.305174,-0.818474
1.830751,1.304297,-0.823151
1.830459,1.29962,-0.820228
1.82929,1.302251,-0.81862
1.82929,1.297866,-0.819351
1.826074,1.304297,-0.819059
1.827536,1.312774,-0.825197
1.826951,1.305466,-0.847998
1.831336,1.306343,-0.818766
1.826951,1.309266,-0.817159
1.833674,1.304589,-0.831921
1.823443,1.306928,-0.82739
1.827828,1.305466,-0.822567
1.830459,1.306343,-0.821251
1.833382,1.304297,-0.825636
1.826951,1.305466,-0.81789
1.827536,1.304589,-0.821836
1.830459,1.302543,-0.822128
1.825782,1.306928,-0.827536
1.827536,1.305466,-0.824613
1.824905,1.302251,-0.823443
1.82812,1.305466,-0.810143
1.828997,1.303128,-0.823297
1.832213,1.313066,-0.817451
1.828413,1.306635,-0.820228
1.827536,1.308389,-0.82929
1.827243,1.304297,-0.813359
1.830751,1.302835,-0.820959
1.830459,1.310143,-0.826367
1.826074,1.310143,-0.828267
1.830751,1.304005,-0.829582
1.826367,1.302543,-0.825636
1.82812,1.309559,-0.821543
1.831044,1.299912,-0.82812
1.828997,1.310143,-0.819205
1.831336,1.305466,-0.825928
1.831044,1.306928,-0.825782
1.831921,1.305174,-0.821397
1.834844,1.301958,-0.819497
1.833967,1.304297,-0.82052
1.830751,1.30722,-0.82359
1.835136,1.301958,-0.81482
1.823151,1.300497,-0.824905
1.833967,1.301374,-0.833382
1.82549,1.308097,-0.81482
1.82812,1.312189,-0.825343
1.827243,1.302835,-0.81862
1.832213,1.304882,-0.823005
1.831044,1.303128,-0.824174
1.826951,1.304589,-0.828413
1.832213,1.30722,-0.826513
1.835136,1.303128,-0.816136
1.82812,1.298158,-0.829874
1.825782,1.301666,-0.820082
1.820228,1.304005,-0.85589
1.835721,1.300205,-0.826367
1.833382,1.30722,-0.820813
1.83309,1.309266,-0.818766
1.834551,1.300789,-0.824174
1.82929,1.305466,-0.81789
1.82929,1.306343,-0.813213
1.869921,1.305759,-0.822567
1.835721,1.306051,-0.820813
1.831336,1.308097,-0.823005
1.836305,1.307805,-0.815259
1.831628,1.304005,-0.820813
1.835136,1.304882,-0.826367
1.834844,1.302835,-0.816574
1.831921,1.303128,-0.817159
1.840398,1.301374,-0.82432
1.832797,1.298451,-0.813066
1.831044,1.302835,-0.81789
1.835721,1.301374,-0.812043
1.830751,1.29962,-0.824759
1.831336,1.301666,-0.810728
1.835136,1.302251,-0.822128
1.838351,1.301666,-0.820082
1.838059,1.306928,-0.817451
1.830167,1.306051,-0.82169
1.833382,1.301374,-0.820813
1.837182,1.304297,-0.823443
1.828705,1.304882,-0.817597
1.835721,1.305174,-0.821105
1.834844,1.304589,-0.821105
1.838351,1.296989,-0.812336
1.833967,1.301374,-0.819497
1.830459,1.305759,-0.810582
1.833382,1.306051,-0.81789
1.828997,1.299912,-0.81292
1.839813,1.303128,-0.816574
1.834259,1.304589,-0.816428
1.835428,1.304005,-0.810289
1.833382,1.304882,-0.813213
1.838351,1.305174,-0.81979
1.830459,1.306051,-0.813359
1.828413,1.31102,-0.808828
1.832797,1.311605,-0.811166
1.831628,1.297574,-0.811605
1.831044,1.305174,-0.818766
1.834844,1.305466,-0.807366
1.835721,1.306635,-0.801228
1.830459,1.304589,-0.81102
1.833967,1.311312,-0.812628
1.832797,1.297574,-0.819643
1.834844,1.31102,-0.818766
1.831044,1.29962,-0.807366
1.834844,1.304005,-0.815843
1.832505,1.299035,-0.828267
1.833382,1.297866,-0.858521
1.833967,1.306928,-0.81672
1.82929,1.304005,-0.822859
1.831628,1.304297,-0.816574
1.832797,1.301374,-0.824028
1.833967,1.307805,-0.825343
1.864952,1.308097,-0.822859
1.830167,1.306343,-0.816282
1.840982,1.304005,-0.824905
1.795966,1.304297,-0.819059
1.836597,1.305759,-0.827244
1.839813,1.301082,-0.820959
1.840398,1.308682,-0.815989
1.829874,1.304297,-0.826805
1.829874,1.304297,-0.828267
1.82929,1.311897,-0.818328
1.833382,1.306928,-0.821251
1.831044,1.306635,-0.817013
1.826951,1.30722,-0.813797
1.837474,1.305466,-0.812774
1.831336,1.306635,-0.817597
1.833674,1.302835,-0.822859
1.827536,1.300205,-0.815989
1.831921,1.302543,-0.815843
1.830459,1.299035,-0.820666
1.838644,1.300789,-0.807951
1.834844,1.30342,-0.817159
1.831336,1.298158,-0.813359
1.829582,1.303712,-0.807659
1.829582,1.302835,-0.819936
1.825782,1.300205,-0.813359
1.833967,1.299035,-0.820228
1.830459,1.303712,-0.820959
1.839228,1.29962,-0.824174
1.829582,1.301666,-0.80912
1.833967,1.304882,-0.811312
1.82929,1.304297,-0.810728
1.829874,1.306051,-0.81979
1.831044,1.299328,-0.809266
1.832797,1.30342,-0.807074
1.83689,1.299328,-0.822713
1.828997,1.298743,-0.808974
1.830167,1.303128,-0.813066
1.83309,1.304882,-0.81292
1.829874,1.303128,-0.814236
1.833967,1.305466,-0.819643
1.835136,1.306051,-0.817305
1.831044,1.298158,-0.82359
1.838059,1.301374,-0.808243
1.839813,1.301666,-0.80532
1.83309,1.306635,-0.813066
1.832505,1.302251,-0.802105
1.832797,1.310728,-0.814674
1.840105,1.299035,-0.811751
1.834259,1.299328,-0.813797
1.834259,1.308097,-0.814089
1.832505,1.305759,-0.815989
1.837767,1.307805,-0.806928
1.834844,1.299328,-0.813213
1.836597,1.304589,-0.809851
1.834551,1.300789,-0.819936
1.840982,1.308389,-0.820082
1.836305,1.302543,-0.811166
1.834551,1.30722,-0.823882
1.840398,1.310143,-0.801812
1.834844,1.304882,-0.82242
1.834551,1.300497,-0.810582
1.833967,1.301374,-0.823882
1.832213,1.302835,-0.809705
1.834551,1.303712,-0.815843
1.834259,1.29962,-0.823005
1.836013,1.303712,-0.812482
1.833382,1.299912,-0.819497
1.828997,1.304589,-0.817743
1.826074,1.301958,-0.819351
1.830751,1.296989,-0.818328
1.82929,1.305174,-0.807659
1.830459,1.306635,-0.813651
1.831336,1.302835,-0.810143
1.82432,1.304005,-0.816282
1.828997,1.300497,-0.820959
1.831628,1.309851,-0.813651
1.833967,1.299912,-0.824905
1.835428,1.301666,-0.812043
1.837474,1.305174,-0.818182
1.836305,1.312482,-0.813359
1.828705,1.309559,-0.811166
1.832213,1.30722,-0.818328
1.835428,1.303712,-0.814528
1.838644,1.310436,-0.816574
1.836305,1.307805,-0.813066
1.831628,1.31102,-0.816574
1.838936,1.316866,-0.808682
1.836013,1.309851,-0.817305
1.838644,1.305174,-0.809266
1.833674,1.304589,-0.813797
1.839228,1.306635,-0.812628
1.834844,1.301958,-0.811166
1.841274,1.299035,-0.814674
1.834844,1.305466,-0.808974
1.835721,1.295235,-0.810874
1.827828,1.303712,-0.816282
1.834551,1.302835,-0.815113
1.835721,1.303712,-0.815405
1.833674,1.306635,-0.809851
1.84069,1.304589,-0.814382
1.832505,1.306343,-0.815259
1.82929,1.303712,-0.823736
1.82929,1.305759,-0.806343
1.830167,1.300789,-0.819205
1.832505,1.298743,-0.810728
1.842151,1.299035,-0.813943
1.833674,1.310436,-0.82359
1.831628,1.301666,-0.820813
1.827536,1.303128,-0.811751
1.835136,1.301958,-0.824174
1.831628,1.303128,-0.83002
1.831044,1.301666,-0.815697
1.829582,1.306051,-0.815113
1.827828,1.301082,-0.814382
1.833674,1.302543,-0.815843
1.832505,1.305466,-0.817451
1.837474,1.30722,-0.820228
1.835721,1.31102,-0.825636
1.837474,1.298451,-0.819936
1.838644,1.302835,-0.830605
1.837182,1.304005,-0.82359
1.84069,1.303712,-0.814966
1.840982,1.29962,-0.823151
1.846244,1.306051,-0.82359
1.83689,1.306635,-0.817305
1.837182,1.299035,-0.812628
1.843321,1.304297,-0.820666
1.842151,1.306928,-0.822128
1.839228,1.306928,-0.824759
1.836013,1.306635,-0.824905
1.832797,1.311897,-0.813797
1.832213,1.301082,-0.81482
1.835428,1.301958,-0.824467
1.835136,1.30722,-0.813651
1.842151,1.298743,-0.808828
1.833967,1.298743,-0.819497
1.826951,1.300205,-0.813797
1.832213,1.304882,-0.820959
1.831044,1.301082,-0.820082
1.826659,1.299912,-0.819497
1.838936,1.300497,-0.819059
1.831044,1.301958,-0.81979
1.833967,1.298451,-0.817743
1.833382,1.30342,-0.807805
1.839228,1.304005,-0.817451
1.838936,1.305759,-0.82052
1.832797,1.299328,-0.810143
1.837767,1.300205,-0.811897
1.837474,1.306051,-0.813359
1.838351,1.307805,-0.815551
1.838644,1.299328,-0.811312
1.83309,1.302251,-0.81102
1.834259,1.304005,-0.807659
1.835136,1.304005,-0.811751
1.838351,1.308682,-0.808243
1.835721,1.305759,-0.817451
1.837474,1.304005,-0.818182
1.835136,1.303128,-0.810436
1.84069,1.30722,-0.809851
1.834551,1.301082,-0.814674
1.839521,1.301666,-0.80342
1.838351,1.304297,-0.816282
1.832505,1.306343,-0.806489
1.832505,1.305174,-0.820082
1.834551,1.306635,-0.81672
1.834844,1.301374,-0.798158
1.825782,1.305759,-0.824174
1.842151,1.305174,-0.815405
1.830459,1.301666,-0.81672
1.841274,1.302543,-0.806635
1.83689,1.305466,-0.811751
1.841274,1.304589,-0.808682
1.843321,1.30722,-0.808682
1.828705,1.29962,-0.821543
1.830751,1.304297,-0.822128
1.831921,1.296697,-0.810436
1.82812,1.306343,-0.817013
1.823443,1.305466,-0.817159
1.838936,1.298158,-0.821982
1.835136,1.301666,-0.816282
1.82929,1.301958,-0.818913
1.838644,1.301082,-0.814236
1.836597,1.30342,-0.822713
1.825197,1.303712,-0.81979
1.838351,1.300205,-0.817013
1.831336,1.300205,-0.814966
1.831336,1.301958,-0.817743
1.833967,1.301666,-0.814674
1.829582,1.299328,-0.807074
1.831921,1.306051,-0.807074
1.838644,1.304882,-0.820374
1.837767,1.300205,-0.813213
1.837182,1.299035,-0.813505
1.841859,1.307512,-0.820666
1.834551,1.298743,-0.815551
1.841567,1.299912,-0.82549
1.840105,1.304589,-0.787343
1.837474,1.30342,-0.856329
1.833967,1.296697,-0.815989
1.837767,1.304005,-0.809705
1.834844,1.300497,-0.822859
1.831044,1.300205,-0.809851
1.828997,1.30722,-0.805759
1.836013,1.302835,-0.81672
1.831044,1.305759,-0.813066
1.835136,1.300497,-0.818474
1.824613,1.301958,-0.814674
1.867583,1.305466,-0.813797
1.831044,1.306343,-0.815697
1.830167,1.306635,-0.825782
1.830751,1.29962,-0.801812
1.838059,1.301082,-0.820959
1.831921,1.296697,-0.811751
1.833382,1.303712,-0.811312
1.83689,1.303128,-0.81862
1.838644,1.302835,-0.804005
1.836013,1.301958,-0.81482
1.836013,1.306051,-0.813505
1.835428,1.296405,-0.818913
1.835428,1.295528,-0.81482
1.842444,1.298743,-0.813943
1.831336,1.30722,-0.821105
1.839521,1.304005,-0.816866
1.838936,1.304589,-0.813651
1.82929,1.29962,-0.814382
1.830167,1.302251,-0.814236
1.837182,1.305174,-0.807074
1.831921,1.301958,-0.818766
1.835428,1.30722,-0.823882
1.831628,1.303712,-0.81672
1.835428,1.295235,-0.81789
1.845951,1.30342,-0.811459
1.842151,1.300789,-0.813213
1.828705,1.320959,-0.825051
1.821982,1.336451,-0.830167
1.814382,1.350775,-0.836159
1.809997,1.362175,-0.837036
1.809705,1.363636,-0.841274
1.808828,1.356329,-0.846682
1.799182,1.358082,-0.841274
1.806782,1.361882,-0.847413
1.804443,1.368898,-0.848436
1.80532,1.371529,-0.847559
1.804151,1.372698,-0.845659
1.798597,1.365683,-0.841859
1.798012,1.366852,-0.84069
1.798889,1.370652,-0.845951
1.799766,1.367729,-0.841713
1.801228,1.368898,-0.840836
1.799766,1.376498,-0.85209
1.801228,1.372113,-0.850628
1.80912,1.37416,-0.838205
1.799182,1.373283,-0.840836
1.802105,1.373575,-0.85399
1.801228,1.372698,-0.843028
1.800935,1.375621,-0.849313
1.830167,1.370652,-0.842444
1.83309,1.371821,-0.845951
1.798597,1.370652,-0.848875
1.802105,1.37796,-0.846975
1.810289,1.371529,-0.846682
1.807366,1.37299,-0.838351
1.801812,1.375329,-0.841713
1.805905,1.376498,-0.843613
1.801812,1.375037,-0.85019
1.806197,1.379129,-0.858375
1.804735,1.375914,-0.839374
1.801228,1.370944,-0.847413
1.802105,1.37416,-0.842151
1.802397,1.374744,-0.847413
1.809997,1.367436,-0.856182
1.801228,1.374452,-0.838936
1.795674,1.381467,-0.842298
1.804151,1.382637,-0.850628
1.811166,1.370944,-0.849459
1.803566,1.367436,-0.854282
1.806782,1.367144,-0.845513
1.800351,1.370067,-0.846828
1.810874,1.373867,-0.847121
1.807074,1.368606,-0.847413
1.808243,1.371236,-0.850628
1.807951,1.371236,-0.843759
1.802982,1.370652,-0.843905
1.805905,1.37416,-0.85779
1.804151,1.378252,-0.844636
1.806197,1.371236,-0.849021
1.795381,1.37299,-0.839813
1.803566,1.373283,-0.841859
1.802105,1.372113,-0.847267
1.802105,1.365975,-0.849021
1.801228,1.373867,-0.840398
1.809412,1.371821,-0.848582
1.802105,1.367144,-0.847267
1.802397,1.366852,-0.836598
1.800643,1.36919,-0.838498
1.80152,1.367436,-0.836598
1.800643,1.371529,-0.845951
1.796843,1.375037,-0.848582
1.801228,1.373867,-0.845221
1.803859,1.369483,-0.841567
1.802397,1.36539,-0.849167
1.802105,1.368313,-0.847267
1.798012,1.37036,-0.846828
1.798305,1.364806,-0.837767
1.797428,1.362467,-0.843321
1.804443,1.364806,-0.847998
1.797428,1.377667,-0.84639
1.796258,1.372113,-0.844928
1.802105,1.378544,-0.848144
1.799766,1.372698,-0.852382
1.794212,1.375914,-0.851798
1.80152,1.367436,-0.855305
1.793628,1.382929,-0.845513
1.802397,1.374452,-0.83499
1.805612,1.366267,-0.846828
1.795674,1.365098,-0.845659
1.799766,1.364513,-0.847267
1.796258,1.369775,-0.842444
1.803566,1.36656,-0.843028
1.803274,1.367436,-0.845805
1.802105,1.368898,-0.853259
1.798597,1.367436,-0.852675
1.795966,1.367436,-0.853698
1.803566,1.369483,-0.850336
1.805612,1.372113,-0.845951
1.798012,1.359252,-0.856913
1.803859,1.362759,-0.843759
1.798305,1.36159,-0.840105
1.798889,1.366852,-0.844928
1.802982,1.366267,-0.846828
1.799474,1.371529,-0.857059
1.801812,1.36919,-0.855013
1.800935,1.37036,-0.837328
1.802105,1.372113,-0.851652
1.798305,1.375914,-0.851798
1.803274,1.371529,-0.849459
1.793628,1.371821,-0.847559
1.804443,1.371821,-0.841713
1.802689,1.375914,-0.847559
1.801812,1.36919,-0.85019
1.799474,1.374452,-0.848728
1.798305,1.370944,-0.857498
1.803859,1.368021,-0.845075
1.800351,1.371821,-0.847998
1.797428,1.375037,-0.852967
1.799474,1.368313,-0.847559
1.802105,1.377667,-0.854575
1.802105,1.36919,-0.848144
1.80912,1.374744,-0.857206
1.806782,1.372113,-0.847852
1.80152,1.369775,-0.839521
1.803274,1.368313,-0.84449
1.80532,1.372113,-0.862759
1.803274,1.372698,-0.850482
1.804151,1.367729,-0.853259
1.798597,1.37416,-0.860275
1.802105,1.36919,-0.844198
1.798305,1.368606,-0.844344
1.800643,1.374452,-0.851067
1.798305,1.37036,-0.848728
1.802105,1.370652,-0.85019
1.806782,1.363929,-0.843613
1.803859,1.368313,-0.848582
1.803566,1.362175,-0.857206
1.798889,1.368021,-0.850921
1.798889,1.378252,-0.858667
1.795966,1.368606,-0.849898
1.802689,1.36919,-0.851505
1.807074,1.365975,-0.859252
1.800643,1.365683,-0.850628
1.805028,1.371236,-0.855598
1.80152,1.370067,-0.839228
1.797428,1.373867,-0.849021
1.795089,1.369775,-0.83879
1.798305,1.369483,-0.847998
1.805612,1.370652,-0.847559
1.800935,1.37036,-0.850775
1.806197,1.375621,-0.856475
1.80152,1.37679,-0.855013
1.802982,1.375621,-0.850628
1.804151,1.371821,-0.839521
1.797428,1.373283,-0.850921
1.798305,1.369775,-0.836305
1.801228,1.36919,-0.844782
1.799766,1.375621,-0.839228
1.80152,1.375329,-0.844782
1.796843,1.374744,-0.849313
1.799182,1.37299,-0.840544
1.801812,1.370944,-0.850775
1.803274,1.372113,-0.847121
1.803566,1.36919,-0.845221
1.802689,1.372113,-0.846828
1.800643,1.365975,-0.834113
1.799766,1.374744,-0.849898
1.802689,1.361006,-0.843175
1.798012,1.368898,-0.844198
1.803859,1.368898,-0.842444
1.802982,1.367436,-0.837913
1.79772,1.37299,-0.853259
1.805905,1.372406,-0.843905
1.802105,1.375037,-0.847121
1.800058,1.375914,-0.847852
1.805612,1.369483,-0.858375
1.793628,1.37416,-0.865829
1.796843,1.363636,-0.842005
1.799474,1.378252,-0.848436
1.798889,1.367144,-0.853259
1.79772,1.369775,-0.845221
1.803274,1.37679,-0.845221
1.801228,1.370944,-0.84449
1.79772,1.374452,-0.854429
1.803274,1.36656,-0.847559
1.798597,1.36919,-0.857498
1.802397,1.372113,-0.850628
1.796843,1.371236,-0.849752
1.802982,1.372113,-0.85589
1.800058,1.372406,-0.845513
1.796843,1.370652,-0.858521
1.798597,1.366852,-0.842736
1.796843,1.368898,-0.851944
1.800935,1.368606,-0.845805
1.798597,1.363344,-0.849021
1.795674,1.370652,-0.847998
1.800058,1.36656,-0.847267
1.804151,1.368021,-0.850628
1.795674,1.366852,-0.84639
1.797135,1.364806,-0.848582
1.795674,1.371529,-0.852529
1.807659,1.373283,-0.848144
1.80152,1.36656,-0.84829
1.801812,1.367729,-0.859544
1.799766,1.367144,-0.852967
1.805905,1.37796,-0.839813
1.803859,1.371821,-0.851798
1.798597,1.369775,-0.845513
1.802397,1.371236,-0.83879
1.802982,1.374452,-0.841567
1.802105,1.370652,-0.847998
1.796843,1.37299,-0.857644
1.798889,1.37416,-0.844782
1.805612,1.367144,-0.852236
1.799182,1.372406,-0.854136
1.790412,1.37299,-0.849021
1.807951,1.371529,-0.844198
1.80152,1.368021,-0.84639
1.80152,1.371529,-0.842736
1.803566,1.38059,-0.854136
1.804443,1.369483,-0.851067
1.801228,1.368606,-0.85209
1.801812,1.36919,-0.847705
1.807951,1.371821,-0.843759
1.804443,1.375329,-0.835574
1.803859,1.37416,-0.828997
1.807074,1.370652,-0.842882
1.809997,1.368313,-0.845513
1.79772,1.36539,-0.83499
1.810289,1.378837,-0.846536
1.795089,1.37416,-0.851505
1.801812,1.373867,-0.839667
1.802105,1.368606,-0.843467
1.805612,1.374452,-0.853552
1.799182,1.373867,-0.843175
1.80532,1.375914,-0.851213
1.798012,1.370067,-0.84829
1.800935,1.373283,-0.847413
1.800351,1.372406,-0.845075
1.802689,1.367144,-0.848582
1.798597,1.36539,-0.848436
1.801812,1.365683,-0.844344
1.802397,1.380883,-0.836159
1.798889,1.379714,-0.842882
1.800058,1.374452,-0.835428
1.801228,1.381175,-0.835721
1.802105,1.371821,-0.842882
1.798305,1.374452,-0.848728
1.802689,1.375914,-0.846682
1.801812,1.372406,-0.845221
1.802397,1.381175,-0.838644
1.807074,1.368021,-0.843905
1.797135,1.377375,-0.846682
1.799766,1.380006,-0.843613
1.80152,1.385267,-0.856036
1.802105,1.378544,-0.846682
1.805028,1.37679,-0.843613
1.80532,1.379129,-0.847705
1.794797,1.377375,-0.850336
1.806489,1.371236,-0.847559
1.805612,1.378544,-0.835574
1.807074,1.375621,-0.851359
1.805612,1.378837,-0.857352
1.803859,1.373283,-0.849313
1.813213,1.382344,-0.845951
1.807951,1.378837,-0.859106
1.803566,1.374744,-0.847559
1.800643,1.370652,-0.838644
1.806197,1.378544,-0.848144
1.802105,1.375914,-0.85209
1.794797,1.378837,-0.855013
1.795674,1.375914,-0.849167
1.793628,1.374452,-0.842005
1.805612,1.376498,-0.845367
1.795674,1.373575,-0.848728
1.804151,1.371529,-0.853844
1.809412,1.370944,-0.843175
1.804735,1.380298,-0.848436
1.812628,1.375037,-0.846828
1.800935,1.371529,-0.848875
1.803274,1.368898,-0.839959
1.805612,1.37679,-0.85019
1.804151,1.379714,-0.85209
1.804151,1.373867,-0.850921
1.805612,1.375329,-0.851359
1.802105,1.369483,-0.840836
1.806489,1.37036,-0.844782
1.804151,1.377083,-0.839228
1.802105,1.375621,-0.845367
1.800935,1.367144,-0.847413
1.799182,1.370067,-0.85969
1.804443,1.375329,-0.853552
1.802689,1.370944,-0.850336
1.800058,1.368606,-0.845951
1.79772,1.379714,-0.857352
1.805612,1.36656,-0.852236
1.797135,1.372406,-0.861736
1.801812,1.37796,-0.857644
1.806197,1.378544,-0.844928
1.805612,1.37036,-0.84829
1.800935,1.375037,-0.851359
1.800643,1.370944,-0.847267
1.797135,1.371529,-0.844344
1.798012,1.373575,-0.844051
1.832797,1.368898,-0.845221
1.804443,1.372113,-0.848875
1.803859,1.369483,-0.850628
1.802982,1.371821,-0.847705
1.802397,1.376498,-0.842005
1.803274,1.376206,-0.848436
1.804151,1.37679,-0.862321
1.807074,1.370944,-0.841421
1.803566,1.373575,-0.855305
1.803566,1.371821,-0.856329
1.80152,1.376206,-0.850336
1.802982,1.380298,-0.854575
1.805612,1.369775,-0.854136
1.805612,1.374744,-0.851652
1.807074,1.371821,-0.854282
1.804443,1.367436,-0.848875
1.806197,1.378252,-0.853113
1.800058,1.376498,-0.862906
1.810289,1.370652,-0.862467
1.803274,1.371529,-0.845221
1.806489,1.378252,-0.846098
1.802689,1.37796,-0.857644
1.800351,1.375037,-0.855305
1.802982,1.373867,-0.857498
1.801228,1.378837,-0.855452
1.800935,1.367436,-0.857498
1.80152,1.373867,-0.849167
1.795966,1.37679,-0.847559
1.805612,1.370944,-0.847852
1.792458,1.364513,-0.847705
1.798597,1.377083,-0.847852
1.801812,1.375037,-0.858813
1.798597,1.38439,-0.859982
1.79772,1.376498,-0.852236
1.802397,1.368313,-0.852382
1.798597,1.373575,-0.853844
1.800643,1.370944,-0.840544
1.807659,1.371236,-0.851213
1.807366,1.376206,-0.855013
1.799766,1.378837,-0.854721
1.800058,1.368898,-0.854429
1.802982,1.369775,-0.85399
1.798889,1.372113,-0.85779
1.807074,1.374452,-0.860421
1.806197,1.37416,-0.851798
1.807951,1.371821,-0.849752
1.802397,1.368898,-0.847413
1.800643,1.365098,-0.851652
1.802982,1.37036,-0.847852
1.806197,1.365975,-0.85209
1.80532,1.368313,-0.861006
1.799766,1.373867,-0.856182
1.803274,1.366852,-0.848875
1.804151,1.372698,-0.848582
1.798597,1.375329,-0.856329
1.802982,1.366852,-0.857206
1.804151,1.37036,-0.847998
1.805028,1.374452,-0.854867
1.808243,1.372698,-0.860275
1.801812,1.370652,-0.854867
1.80532,1.37796,-0.842882
1.801812,1.376206,-0.860859
1.800058,1.370944,-0.852529
1.800935,1.379421,-0.850628
1.800058,1.373283,-0.840251
1.806197,1.373867,-0.855159
1.810582,1.376498,-0.844928
1.801812,1.381467,-0.846682
1.800935,1.377667,-0.861152
1.800643,1.371821,-0.853698
1.801812,1.371236,-0.857352
1.803859,1.368021,-0.856475
1.799474,1.374744,-0.851359
1.802397,1.370652,-0.853259
1.798012,1.370652,-0.858082
1.807366,1.370652,-0.854429
1.802105,1.377083,-0.854721
1.800935,1.376498,-0.84829
1.801228,1.367436,-0.858375
1.799766,1.375914,-0.843321
1.796258,1.37299,-0.849021
1.803274,1.375329,-0.864806
1.798597,1.379129,-0.852236
1.79772,1.37679,-0.849459
1.805028,1.379129,-0.845075
1.800351,1.37796,-0.855305
1.80152,1.368606,-0.849167
1.798597,1.380883,-0.859544
1.803274,1.374452,-0.849459
1.807074,1.377375,-0.842444
1.797135,1.380006,-0.851213
1.806489,1.384975,-0.85399
1.799766,1.379129,-0.853259
1.802689,1.380006,-0.849313
1.802105,1.382929,-0.85969
1.80152,1.382637,-0.854282
1.802982,1.384683,-0.855013
1.789243,1.394329,-0.857498
1.797135,1.405437,-0.858521
1.78632,1.429114,-0.86159
1.775797,1.438468,-0.872698
1.775504,1.446068,-0.877083
1.775212,1.432914,-0.877521
1.78135,1.436422,-0.86919
1.790997,1.44373,-0.869921
1.773166,1.442853,-0.874306
1.780181,1.446068,-0.873429
1.765273,1.450161,-0.883952
1.769658,1.447238,-0.881029
1.772581,1.452207,-0.873429
1.76995,1.444899,-0.876937
1.766735,1.450453,-0.880298
1.769073,1.453376,-0.881175
1.769658,1.452207,-0.883075
1.769366,1.458053,-0.875037
1.773166,1.457469,-0.883952
1.773458,1.45513,-0.888775
1.766735,1.453961,-0.88059
1.767319,1.454545,-0.876644
1.768196,1.45513,-0.884391
1.771704,1.456592,-0.881906
1.768781,1.451915,-0.883514
1.768196,1.450745,-0.881467
1.75855,1.458053,-0.87679
1.764689,1.458346,-0.873137
1.76615,1.456592,-0.873575
1.760304,1.454253,-0.881614
1.767027,1.453376,-0.874598
1.779889,1.456299,-0.87796
1.767027,1.462146,-0.872844
1.76615,1.456007,-0.873429
1.771996,1.453668,-0.869044
1.762643,1.45893,-0.878544
1.765566,1.454253,-0.87606
1.769366,1.452207,-0.868606
1.763519,1.461561,-0.867729
1.760889,1.453376,-0.880152
1.767319,1.453084,-0.875621
1.764981,1.451915,-0.864367
1.767319,1.460392,-0.85969
1.772581,1.452499,-0.877667
1.769366,1.451038,-0.870944
1.774627,1.453961,-0.870067
1.771704,1.459807,-0.874452
1.770827,1.455715,-0.869921
1.770243,1.459515,-0.866706
1.770535,1.456884,-0.878983
1.773458,1.457469,-0.887752
1.768781,1.450745,-0.86159
1.76615,1.456299,-0.86656
1.774335,1.455715,-0.879275
1.77112,1.459807,-0.878983
1.771704,1.461269,-0.871821
1.760012,1.457176,-0.861152
1.765858,1.453961,-0.878398
1.773166,1.458053,-0.868021
1.769658,1.450453,-0.878106
1.77375,1.455715,-0.88366
1.77112,1.451622,-0.867144
1.772581,1.456299,-0.883075
1.770827,1.458053,-0.88556
1.777258,1.458346,-0.866706
1.773458,1.45513,-0.868167
1.769658,1.453961,-0.858521
1.767904,1.456884,-0.871967
1.77112,1.456884,-0.867436
1.769073,1.459222,-0.882344
1.764396,1.457176,-0.877229
1.764981,1.459222,-0.885267
1.770243,1.451915,-0.880737
1.771412,1.453376,-0.871967
1.774335,1.45513,-0.866706
1.77755,1.457469,-0.87606
1.769073,1.455715,-0.869775
1.761181,1.458638,-0.862321
1.770243,1.457469,-0.864513
1.769073,1.459807,-0.876498
1.770535,1.453084,-0.870798
1.767319,1.453084,-0.871821
1.765566,1.45513,-0.881906
1.764396,1.446945,-0.876498
1.762643,1.452499,-0.873867
1.766735,1.454545,-0.879129
1.768196,1.458346,-0.874013
1.774627,1.453376,-0.876937
1.771412,1.462438,-0.872844
1.764396,1.454838,-0.868606
1.767319,1.45133,-0.87606
1.767027,1.453961,-0.87606
1.769073,1.455422,-0.875767
1.760596,1.453376,-0.868167
1.767904,1.452499,-0.881906
1.762643,1.45133,-0.864367
1.765273,1.459807,-0.880298
1.762935,1.452499,-0.876937
1.768196,1.454253,-0.88059
1.765858,1.453961,-0.880444
1.761766,1.456884,-0.880006
1.770827,1.453961,-0.878398
1.762643,1.457469,-0.871529
1.76615,1.456007,-0.874306
1.775504,1.459515,-0.880006
1.773166,1.457176,-0.881614
1.768196,1.456007,-0.873429
1.762935,1.453376,-0.865536
1.764981,1.458346,-0.873283
1.76615,1.457469,-0.876644
1.763812,1.450745,-0.86539
1.772581,1.456007,-0.872844
1.763812,1.451038,-0.867875
1.762643,1.455715,-0.867144
1.767612,1.459807,-0.872406
1.770535,1.454253,-0.87869
1.767904,1.459807,-0.873721
1.767612,1.45513,-0.873137
1.774627,1.452792,-0.873867
1.766735,1.449576,-0.884537
1.769658,1.458053,-0.870067
1.767904,1.457469,-0.873283
1.76615,1.463315,-0.870652
1.766443,1.452499,-0.861883
1.766735,1.450453,-0.881029
1.772581,1.456299,-0.873721
1.770243,1.457469,-0.872844
1.760889,1.456884,-0.870652
1.770827,1.465946,-0.871383
1.772873,1.449868,-0.876352
1.769073,1.457176,-0.866706
1.771412,1.446653,-0.861152
1.769073,1.457176,-0.87986
1.764104,1.457176,-0.874013
1.763812,1.457176,-0.874598
1.766443,1.450745,-0.870213
1.762643,1.446945,-0.875183
1.764981,1.452499,-0.876206
1.767904,1.453376,-0.886729
1.77112,1.453961,-0.873575
1.760889,1.458346,-0.876206
1.773458,1.451622,-0.878252
1.772581,1.452792,-0.88176
1.767904,1.450453,-0.874013
1.765858,1.458053,-0.870944
1.763812,1.460976,-0.875183
1.76235,1.458346,-0.880883
1.759427,1.460099,-0.86656
1.761473,1.463899,-0.873283
1.769366,1.453668,-0.879421
1.766443,1.461561,-0.884537
1.762058,1.461269,-0.880737
1.765566,1.461269,-0.875621
1.76615,1.456884,-0.883075
1.764981,1.461269,-0.881614
1.764689,1.458346,-0.878252
1.763812,1.451038,-0.858521
1.760304,1.45513,-0.877814
1.761181,1.457176,-0.875767
1.759135,1.456592,-0.869044
1.765273,1.451038,-0.867875
1.767612,1.448992,-0.874306
1.769366,1.458053,-0.869629
1.765858,1.459807,-0.87036
1.762935,1.455715,-0.874306
1.770535,1.464776,-0.868898
1.765566,1.456884,-0.86919
1.76995,1.449576,-0.872844
1.760596,1.453376,-0.871529
1.760304,1.459222,-0.879714
1.76235,1.455422,-0.879129
1.770243,1.455422,-0.878837
1.763519,1.456299,-0.878837
1.765858,1.457176,-0.881906
1.768489,1.450453,-0.881906
1.760596,1.44753,-0.877521
1.769366,1.455715,-0.872113
1.764981,1.491961,-0.873721
1.762935,1.454838,-0.872698
1.762935,1.45513,-0.869921
1.760889,1.457469,-0.873721
1.769073,1.45893,-0.873721
1.768196,1.462146,-0.858521
1.766443,1.456007,-0.867729
1.760889,1.453084,-0.877083
1.763519,1.450453,-0.862613
1.767904,1.460976,-0.860859
1.765858,1.453961,-0.870652
1.773458,1.456299,-0.866998
1.770827,1.456884,-0.869629
1.769366,1.460099,-0.873137
1.766735,1.449868,-0.874452
1.767027,1.455422,-0.873867
1.770827,1.454545,-0.871821
1.765858,1.455715,-0.865829
1.766735,1.456299,-0.868752
1.768489,1.462438,-0.870067
1.761766,1.45513,-0.873283
1.769366,1.456007,-0.86656
1.764981,1.452207,-0.879714
1.764396,1.455715,-0.875183
1.763519,1.460392,-0.871821
1.761473,1.460099,-0.87299
1.767904,1.458638,-0.875037
1.767027,1.463022,-0.874452
1.762643,1.450745,-0.877083
1.761181,1.45893,-0.87489
1.763227,1.45513,-0.877667
1.765566,1.459222,-0.870067
1.767904,1.456592,-0.884829
1.765858,1.45513,-0.870067
1.769073,1.457761,-0.873867
1.77375,1.457469,-0.876498
1.770827,1.455422,-0.875621
1.764689,1.456299,-0.876644
1.765566,1.453668,-0.870506
1.765566,1.457761,-0.869921
1.763519,1.451915,-0.858959
1.766735,1.452207,-0.86919
1.769366,1.45513,-0.865244
1.76615,1.451038,-0.871529
1.765858,1.451622,-0.867144
1.762935,1.453084,-0.872113
1.768196,1.461269,-0.867144
1.771996,1.459222,-0.879275
1.762935,1.457176,-0.870213
1.763519,1.453961,-0.87036
1.76995,1.45893,-0.867436
1.766443,1.457761,-0.878983
1.764689,1.453668,-0.875621
1.767027,1.453668,-0.87869
1.768196,1.460976,-0.875914
1.767612,1.454253,-0.860713
1.761181,1.45133,-0.87416
1.762643,1.448115,-0.874744
1.769073,1.455422,-0.870506
1.767612,1.45893,-0.875475
1.769658,1.460392,-0.869044
1.762058,1.452207,-0.873429
1.768489,1.449576,-0.87299
1.769366,1.453084,-0.882637
1.770827,1.462146,-0.868313
1.769658,1.458346,-0.878398
1.765566,1.460392,-0.882491
1.764981,1.454545,-0.865975
1.765273,1.448992,-0.870652
1.765273,1.456299,-0.876937
1.760889,1.45133,-0.886583
1.767612,1.448699,-0.883806
1.767612,1.454838,-0.875183
1.769073,1.451622,-0.868606
1.766735,1.45513,-0.874306
1.760596,1.445776,-0.872698
1.762058,1.457761,-0.86729
1.768196,1.452792,-0.885998
1.767027,1.452792,-0.871529
1.771996,1.456299,-0.875475
1.768196,1.452499,-0.893014
1.771704,1.457469,-0.879714
1.762643,1.45513,-0.881321
1.763227,1.456592,-0.879421
1.770243,1.452792,-0.864367
1.776089,1.459222,-0.871675
1.766443,1.460099,-0.872406
1.775797,1.457761,-0.88176
1.770535,1.463607,-0.87606
1.777843,1.458638,-0.875475
1.770243,1.460099,-0.878544
1.767904,1.454545,-0.894621
1.76615,1.459515,-0.868606
1.773166,1.454545,-0.878106
1.76995,1.421806,-0.875329
1.777843,1.457469,-0.870944
1.77755,1.446653,-0.867729
1.77375,1.45893,-0.876206
1.769658,1.454253,-0.865975
1.767319,1.456299,-0.874744
1.756796,1.452207,-0.877375
1.773458,1.454545,-0.882344
1.762935,1.449576,-0.871383
1.76995,1.450161,-0.872552
1.76615,1.452792,-0.878252
1.772581,1.459807,-0.881029
1.763519,1.463607,-0.881029
1.769073,1.456592,-0.879275
1.765858,1.454545,-0.871675
1.773166,1.456299,-0.876206
1.77112,1.448115,-0.877229
1.770243,1.458346,-0.882052
1.769073,1.456884,-0.862613
1.766735,1.455715,-0.877814
1.766443,1.459222,-0.880883
1.775504,1.452207,-0.878252
1.769366,1.463315,-0.864367
1.768196,1.463315,-0.876644
1.770535,1.456007,-0.880883
1.780474,1.462438,-0.875329
1.769073,1.45893,-0.875767
1.762058,1.461269,-0.873283
1.769073,1.458638,-0.87986
1.764981,1.459222,-0.871383
1.765566,1.45133,-0.872113
1.768781,1.451622,-0.880006
1.765566,1.453376,-0.867144
1.767904,1.454838,-0.87109
1.77112,1.459807,-0.873867
1.769658,1.455715,-0.878837
1.76995,1.457176,-0.876206
1.763227,1.454253,-0.872406
1.764689,1.453084,-0.874306
1.768781,1.453668,-0.869629
1.763519,1.453668,-0.874744
1.763812,1.459222,-0.874452
1.771996,1.456299,-0.877814
1.762058,1.460684,-0.87226
1.769366,1.453084,-0.865536
1.763812,1.45513,-0.875183
1.770535,1.450453,-0.873575
1.764981,1.446653,-0.873283
1.76615,1.450453,-0.875329
1.765858,1.452499,-0.874013
1.762935,1.460392,-0.870944
1.767904,1.451622,-0.872113
1.765273,1.454838,-0.867436
1.767904,1.454838,-0.871237
1.768196,1.459222,-0.873429
1.769073,1.45133,-0.870944
1.768489,1.449576,-0.877083
1.763812,1.446653,-0.883367
1.765858,1.454253,-0.869775
1.761766,1.45133,-0.872844
1.757966,1.453376,-0.885414
1.765566,1.463022,-0.870944
1.765566,1.449576,-0.867875
1.760889,1.45133,-0.858375
1.765566,1.453961,-0.871967
1.763227,1.451038,-0.869336
1.761181,1.456007,-0.866706
1.762643,1.44753,-0.871675
1.763812,1.453376,-0.878983
1.760012,1.453961,-0.873137
1.76235,1.456592,-0.880006
1.768489,1.455422,-0.88059
1.764104,1.451622,-0.871237
1.764689,1.460684,-0.880298
1.767027,1.45133,-0.867583
1.766735,1.459222,-0.86656
1.758258,1.453961,-0.863198
1.761473,1.451915,-0.869921
1.765858,1.465361,-0.871383
1.758842,1.454545,-0.882491
1.758842,1.459807,-0.873867
1.76615,1.458053,-0.873721
1.765858,1.457469,-0.869483
1.770535,1.458346,-0.877083
1.77112,1.456592,-0.868167
1.76615,1.422391,-0.888044
1.765566,1.456592,-0.865244
1.771996,1.453084,-0.88556
1.768489,1.453084,-0.872406
1.762058,1.453961,-0.868752
1.765858,1.456592,-0.877083
1.773166,1.452792,-0.878252
1.767612,1.454545,-0.866998
1.77112,1.456299,-0.877375
1.769366,1.455422,-0.880737
1.768196,1.450745,-0.881321
1.767612,1.453668,-0.86846
1.765858,1.453376,-0.874598
1.767612,1.450453,-0.881614
1.774043,1.453084,-0.879567
1.766735,1.447238,-0.866121
1.770535,1.45893,-0.867729
1.769073,1.454253,-0.874013
1.765273,1.454253,-0.874306
1.75855,1.450745,-0.865975
1.764689,1.453376,-0.868606
1.763519,1.453961,-0.874598
1.769073,1.456299,-0.869044
1.769073,1.456592,-0.878983
1.763519,1.461561,-0.870213
1.76235,1.452207,-0.872844
1.768196,1.452792,-0.875767
1.764104,1.450161,-0.883806
1.766443,1.456007,-0.872552
1.767904,1.454253,-0.883367
1.773166,1.451622,-0.875037
1.768489,1.456007,-0.875914
1.767612,1.451038,-0.87299
1.769073,1.459222,-0.869336
1.762643,1.452499,-0.866852
1.761766,1.453668,-0.85779
1.766735,1.446653,-0.874598
1.764981,1.456007,-0.872113
1.763519,1.452792,-0.873867
1.776673,1.457761,-0.875475
1.77112,1.455715,-0.874013
1.77112,1.451915,-0.875767
1.76995,1.454838,-0.871675
1.764396,1.456299,-0.873575
1.768196,1.452207,-0.873137
1.76615,1.458638,-0.863636
1.770535,1.456592,-0.86656
1.767319,1.451622,-0.878252
1.771996,1.460392,-0.864513
1.767319,1.493131,-0.870506
1.77375,1.456299,-0.872406
1.775504,1.460976,-0.876644
1.767027,1.448699,-0.878252
1.770827,1.456884,-0.87606
1.768781,1.456007,-0.879421
1.772873,1.458638,-0.874013
1.780766,1.457761,-0.868313
1.769073,1.453961,-0.873721
1.771704,1.457469,-0.867436
1.767904,1.457469,-0.867436
1.779597,1.458638,-0.878983
1.767612,1.456299,-0.872552
1.76615,1.46273,-0.875037
1.771996,1.454545,-0.87109
1.772873,1.452792,-0.865536
1.771996,1.458053,-0.852675
1.769658,1.456884,-0.863783
1.773166,1.463607,-0.868752
1.770243,1.455715,-0.873283
1.76615,1.456884,-0.872552
1.765566,1.460392,-0.865536
1.774627,1.466823,-0.871675
1.766443,1.459222,-0.87226
1.77112,1.453668,-0.87606
1.775797,1.453376,-0.87299
1.77492,1.449576,-0.876644
1.772289,1.450161,-0.873867
1.766735,1.453084,-0.867144
1.771412,1.460976,-0.873867
1.772289,1.457761,-0.871821
1.771996,1.459222,-0.876937
1.767904,1.460392,-0.867144
1.763812,1.454838,-0.875183
1.767904,1.461269,-0.873721
1.770535,1.460392,-0.870213
1.771996,1.461269,-0.872552
1.777843,1.457176,-0.865098
1.775212,1.451622,-0.872844
1.769366,1.459515,-0.879421
1.773166,1.454545,-0.875183
1.773166,1.456007,-0.867436
1.768489,1.456299,-0.866706
1.768489,1.452499,-0.875329
1.77112,1.454838,-0.865829
1.77492,1.455715,-0.867583
1.76995,1.455715,-0.881029
1.768781,1.487869,-0.866998
1.772873,1.460392,-0.867436
1.777843,1.456299,-0.87416
1.767612,1.455715,-0.86846
1.772581,1.451038,-0.87489
1.76235,1.456592,-0.87109
1.76615,1.457469,-0.883806
1.765858,1.454545,-0.867875
1.767319,1.451622,-0.869775
1.768781,1.45513,-0.875621
1.770243,1.446653,-0.883806
1.767319,1.451915,-0.878106
1.763227,1.450161,-0.888191
1.767319,1.45893,-0.879567
1.766735,1.455422,-0.875767
1.770535,1.452207,-0.874598
1.766735,1.450161,-0.878544
1.763812,1.449576,-0.889068
1.774627,1.456592,-0.871821
1.767319,1.452207,-0.874306
1.768781,1.451915,-0.87679
1.771412,1.449868,-0.875621
1.767319,1.458346,-0.865536
1.769073,1.458053,-0.878398
1.762058,1.455715,-0.867144
1.764981,1.456007,-0.875037
1.77112,1.456007,-0.876644
1.768489,1.454545,-0.873429
1.767904,1.452207,-0.864806
1.766735,1.453668,-0.878837
1.774043,1.457469,-0.866413
1.772581,1.453084,-0.868752
1.772581,1.45513,-0.864659
1.772581,1.458053,-0.864075
1.769658,1.452792,-0.874013
1.77375,1.452792,-0.869921
1.762935,1.451915,-0.873429
1.763812,1.451915,-0.860713
1.765858,1.457761,-0.873721
1.767319,1.457469,-0.876498
1.767027,1.459222,-0.875914
1.766735,1.453668,-0.875037
1.771996,1.453668,-0.877229
1.770827,1.452207,-0.863344
1.765858,1.450453,-0.878983
1.767027,1.451038,-0.86539
1.763227,1.456299,-0.877667
1.764981,1.448992,-0.886437
1.760889,1.453084,-0.87986
1.766443,1.455422,-0.872552
1.762935,1.448699,-0.882783
1.757673,1.453668,-0.87109
1.76995,1.453376,-0.880006
1.766443,1.46273,-0.888337
1.77112,1.456884,-0.879567
1.768781,1.449284,-0.885267
1.767319,1.45893,-0.865098
1.77375,1.456884,-0.882198
1.766735,1.455715,-0.878837
1.769073,1.451038,-0.883514
1.777258,1.455422,-0.884975
1.774335,1.454545,-0.885998
1.774043,1.453961,-0.889506
1.76995,1.452792,-0.894475
1.775212,1.457469,-0.873867
1.773458,1.459222,-0.892721
1.772289,1.455715,-0.876937
1.766443,1.463607,-0.875183
1.768196,1.451038,-0.883075
1.770243,1.450453,-0.879421
1.773166,1.453668,-0.879129
1.770243,1.451915,-0.868021
1.769366,1.458053,-0.879421
1.774043,1.457761,-0.876498
1.775212,1.450745,-0.880737
1.769658,1.454838,-0.876937
1.764396,1.451038,-0.874306
1.766443,1.448992,-0.879129
1.765858,1.450453,-0.875767
1.771996,1.458053,-0.875914
1.769073,1.455715,-0.867875
1.772873,1.459515,-0.878252
1.771996,1.454253,-0.873575
1.770535,1.460099,-0.872113
1.774627,1.453961,-0.869483
1.770243,1.454838,-0.863636
1.767904,1.458053,-0.870798
1.763812,1.456299,-0.879567
1.76615,1.456884,-0.880152
1.767904,1.455715,-0.862029
1.779304,1.46273,-0.871529
1.766443,1.45133,-0.875329
1.768781,1.454253,-0.870798
1.770243,1.453668,-0.872552
1.772581,1.458346,-0.874744
1.769366,1.459222,-0.869483
1.770827,1.45513,-0.874452
1.761766,1.458053,-0.86656
1.769366,1.453961,-0.876644
1.76235,1.454545,-0.872844
1.771996,1.459222,-0.872698
1.769073,1.449868,-0.880444
1.764396,1.451038,-0.878837
1.771704,1.453961,-0.869336
1.766443,1.457761,-0.865244
1.768489,1.457761,-0.878983
1.762935,1.448992,-0.878983
1.763227,1.451915,-0.868313
1.765566,1.454253,-0.882637
1.764981,1.45893,-0.87036
1.756796,1.457176,-0.873867
1.763812,1.461269,-0.873137
1.764689,1.449868,-0.866998
1.766443,1.453376,-0.869336
1.767319,1.461269,-0.866852
1.76235,1.457761,-0.872113
1.760596,1.457176,-0.870798
1.764104,1.449868,-0.879421
1.763812,1.454545,-0.883221
1.761473,1.459807,-0.877667
1.762643,1.455715,-0.882783
1.762058,1.457761,-0.87986
1.764396,1.455422,-0.875621
1.761473,1.453084,-0.877667
1.761766,1.455715,-0.883367
1.764104,1.45513,-0.873575
1.760889,1.45133,-0.87226
1.757966,1.454838,-0.877229
1.759427,1.454545,-0.880006
1.75855,1.453376,-0.87416
1.763812,1.453376,-0.87679
1.757089,1.459807,-0.883514
1.763227,1.453084,-0.871675
1.760012,1.45513,-0.883221
1.767612,1.424145,-0.872698
1.767319,1.458053,-0.884829
1.762058,1.456299,-0.877521
1.764689,1.452792,-0.869921
1.768196,1.458053,-0.875475
1.766443,1.459807,-0.875914
1.766735,1.460392,-0.860129
1.770243,1.453668,-0.880298
1.767612,1.457469,-0.874452
1.762935,1.456299,-0.889068
1.765858,1.457469,-0.886875
1.764689,1.456592,-0.884975
1.768489,1.456299,-0.877521
1.767027,1.453961,-0.878398
1.761181,1.460099,-0.873721
1.766443,1.453084,-0.875767
1.763519,1.453961,-0.888921
1.765566,1.451622,-0.869629
1.762058,1.461269,-0.878837
1.764396,1.45513,-0.881614
1.761181,1.45513,-0.887168
1.763227,1.460684,-0.875037
1.764689,1.458346,-0.875767
1.75855,1.453668,-0.882929
1.756796,1.45513,-0.875767
1.762643,1.461269,-0.874744
1.764104,1.454838,-0.874306
1.765566,1.458053,-0.877229
1.761181,1.459222,-0.865098
1.760012,1.455422,-0.877667
1.766735,1.45893,-0.880006
1.753289,1.458638,-0.869336
1.763812,1.456884,-0.87489
1.770243,1.454253,-0.880298
1.767319,1.456592,-0.878983
1.763812,1.452207,-0.889944
1.763227,1.459515,-0.876498
1.765858,1.457761,-0.86656
1.763519,1.452792,-0.87606
1.767027,1.459807,-0.871237
1.767027,1.451038,-0.871967
1.76615,1.456884,-0.880152
1.771704,1.450161,-0.880737
1.764104,1.458053,-0.878983
1.768781,1.460099,-0.87869
1.770827,1.459807,-0.880737
1.767027,1.453376,-0.87226
1.773166,1.462146,-0.87986
1.773166,1.45513,-0.875914
1.767904,1.453376,-0.880298
1.76995,1.460099,-0.882491
1.765566,1.458346,-0.874452
1.764689,1.450745,-0.875183
1.767612,1.449868,-0.88366
1.768196,1.461853,-0.878252
1.768196,1.45893,-0.877814
1.770827,1.454545,-0.879129
1.764104,1.461561,-0.874306
1.772289,1.456592,-0.868898
1.76995,1.457469,-0.875329
1.760889,1.459222,-0.873283
1.762643,1.449868,-0.871237
1.764689,1.447822,-0.891845
1.770827,1.453376,-0.885852
1.774627,1.460976,-0.888337
1.764396,1.450161,-0.888775
1.764981,1.454545,-0.892721
1.771704,1.458053,-0.87679
1.765858,1.456592,-0.877667
1.774043,1.459515,-0.882344
1.764689,1.456884,-0.884829
1.763812,1.451622,-0.875621
1.771704,1.450745,-0.882929
1.788658,1.417422,-0.887752
1.807366,1.370652,-0.86349
1.823736,1.327097,-0.83879
1.835136,1.292604,-0.806782
1.846828,1.275066,-0.810728
1.857936,1.269804,-0.800643
1.851213,1.273897,-0.792751
1.859982,1.271558,-0.790704
1.852967,1.277697,-0.802689
1.866706,1.257235,-0.778574
1.866706,1.25665,-0.774627
1.865829,1.248465,-0.779889
1.907045,1.24145,-0.772143
1.868752,1.237357,-0.767027
1.869044,1.242034,-0.772581
1.87226,1.242034,-0.767904
1.873429,1.239696,-0.76995
1.870506,1.237942,-0.763373
1.866706,1.232973,-0.766004
1.871967,1.235604,-0.753142
1.876352,1.234142,-0.754604
1.879275,1.231219,-0.756504
1.887752,1.224203,-0.762935
1.877813,1.23005,-0.770243
1.876352,1.227127,-0.764104
1.877229,1.22625,-0.761327
1.878106,1.225665,-0.754458
1.877813,1.22245,-0.765419
1.87226,1.224203,-0.759719
1.876352,1.224496,-0.757673
1.876644,1.23005,-0.770389
1.877229,1.232388,-0.764689
1.879567,1.232388,-0.761181
1.87869,1.226834,-0.75475
1.87606,1.225957,-0.765712
1.882491,1.226542,-0.757966
1.878106,1.224203,-0.758112
1.87606,1.227127,-0.753435
1.882491,1.224203,-0.76235
1.878983,1.228004,-0.751681
1.882783,1.228296,-0.753727
1.883367,1.222742,-0.757527
1.879275,1.223327,-0.757966
1.889506,1.22245,-0.762204
1.879567,1.225957,-0.754458
1.875475,1.22128,-0.748319
1.873137,1.231511,-0.757089
1.880152,1.223911,-0.760889
1.872552,1.221573,-0.753289
1.875767,1.225665,-0.757966
1.876352,1.224788,-0.744373
1.879275,1.226542,-0.757235
1.878106,1.220988,-0.753435
1.882491,1.221865,-0.75285
1.881614,1.223619,-0.751681
1.879275,1.227711,-0.763812
1.878398,1.22128,-0.764104
1.877813,1.223911,-0.759281
1.882491,1.222157,-0.762058
1.87606,1.22245,-0.76425
1.879567,1.220111,-0.761619
1.885121,1.232388,-0.757089
1.87869,1.229757,-0.749196
1.881614,1.22508,-0.742327
1.880444,1.228588,-0.741011
1.883075,1.232388,-0.750512
1.882783,1.235896,-0.747296
1.881029,1.229173,-0.75665
1.879275,1.231219,-0.749196
1.882491,1.225373,-0.757089
1.881321,1.22888,-0.747588
1.880152,1.224496,-0.752265
1.880444,1.226542,-0.764981
1.875183,1.225373,-0.751681
1.873137,1.228588,-0.759427
1.87869,1.224788,-0.758404
1.88366,1.225665,-0.750804
1.882783,1.231219,-0.759281
1.878983,1.230342,-0.74715
1.875767,1.225957,-0.758842
1.883075,1.230634,-0.761181
1.883075,1.228296,-0.752119
1.881906,1.230927,-0.763519
1.884829,1.223034,-0.759135
1.885414,1.227711,-0.760889
1.877521,1.224203,-0.763666
1.875183,1.234142,-0.752412
1.878106,1.22508,-0.751242
1.879275,1.234142,-0.763373
1.885121,1.23005,-0.749781
1.877229,1.222742,-0.750219
1.879567,1.229465,-0.749342
1.881614,1.229757,-0.755189
1.883075,1.223911,-0.758404
1.889506,1.226542,-0.750658
1.884537,1.226542,-0.760596
1.885414,1.224788,-0.756942
1.876644,1.224203,-0.743496
1.885121,1.228296,-0.756942
1.882491,1.225957,-0.76615
1.886291,1.230927,-0.768635
1.87986,1.221865,-0.745104
1.884829,1.227711,-0.752558
1.878398,1.225957,-0.763666
1.880444,1.219526,-0.756065
1.883075,1.223911,-0.760889
1.883075,1.225373,-0.767612
1.881614,1.21865,-0.752996
1.875767,1.216896,-0.758989
1.877521,1.223034,-0.760012
1.88366,1.22508,-0.761035
1.890675,1.225957,-0.75285
1.887167,1.229173,-0.751535
1.875183,1.225665,-0.758842
1.876937,1.222742,-0.75665
1.872844,1.224496,-0.748465
1.879275,1.228004,-0.752558
1.879567,1.230634,-0.757819
1.873721,1.229173,-0.751973
1.878398,1.22625,-0.750365
1.884244,1.231804,-0.750219
1.880737,1.227419,-0.755042
1.883075,1.227127,-0.752265
1.877521,1.228296,-0.749488
1.879275,1.221865,-0.761619
1.883952,1.220696,-0.753142
1.872552,1.222157,-0.755773
1.867583,1.224496,-0.753727
1.874598,1.231219,-0.751681
1.877813,1.227419,-0.759135
1.875767,1.224788,-0.756504
1.880444,1.221573,-0.759427
1.874013,1.222157,-0.754019
1.879567,1.22128,-0.766735
1.872844,1.225665,-0.766004
1.873137,1.217188,-0.753581
1.881029,1.22245,-0.756358
1.873429,1.219526,-0.760012
1.874598,1.223034,-0.758112
1.878398,1.228004,-0.755481
1.879567,1.230342,-0.760596
1.881321,1.223034,-0.761181
1.880444,1.226834,-0.785297
1.884829,1.222157,-0.760742
1.873137,1.22128,-0.764104
1.878398,1.23005,-0.758258
1.875183,1.219234,-0.760596
1.877229,1.223911,-0.759281
1.881029,1.223034,-0.755773
1.87606,1.228588,-0.756212
1.877229,1.231804,-0.763519
1.87869,1.231219,-0.75855
1.878983,1.223619,-0.768196
1.885414,1.230342,-0.750658
1.877813,1.228296,-0.76235
1.884829,1.22888,-0.760304
1.882491,1.227127,-0.759281
1.883075,1.224496,-0.750804
1.878983,1.225373,-0.758842
1.878983,1.22888,-0.757673
1.874598,1.224203,-0.748758
1.877229,1.223327,-0.745981
1.874598,1.220403,-0.744519
1.882198,1.223911,-0.756796
1.884244,1.229173,-0.763666
1.880152,1.222157,-0.755773
1.875475,1.224203,-0.757235
1.882198,1.224203,-0.759135
1.887167,1.226834,-0.758696
1.878398,1.22625,-0.748612
1.881029,1.227711,-0.757381
1.87606,1.21865,-0.759866
1.887167,1.22625,-0.751535
1.88366,1.227419,-0.752996
1.887167,1.225373,-0.753435
1.874013,1.223327,-0.753142
1.882783,1.21748,-0.757089
1.880152,1.230342,-0.761912
1.880737,1.216896,-0.757381
1.875183,1.230927,-0.753289
1.874598,1.226834,-0.748319
1.876937,1.216311,-0.742911
1.882198,1.225665,-0.747004
1.886291,1.22508,-0.757673
1.881029,1.22245,-0.754458
1.885414,1.23005,-0.759866
1.883075,1.227127,-0.768343
1.880737,1.224496,-0.757819
1.880737,1.219234,-0.756796
1.874013,1.218357,-0.756212
1.884829,1.218942,-0.755335
1.885706,1.220988,-0.760596
1.881906,1.229465,-0.757089
1.877521,1.225665,-0.758112
1.886583,1.222742,-0.761619
1.884829,1.214849,-0.747881
1.881614,1.219526,-0.754896
1.87869,1.22128,-0.744373
1.87869,1.223911,-0.75095
1.884537,1.22888,-0.750365
1.882491,1.220403,-0.755335
1.886583,1.228004,-0.758112
1.888629,1.230342,-0.749196
1.876352,1.222742,-0.758842
1.884829,1.219526,-0.759866
1.883952,1.222157,-0.753727
1.883952,1.223911,-0.750658
1.885121,1.229173,-0.75095
1.890675,1.228004,-0.746273
1.887752,1.234142,-0.759719
1.877813,1.220111,-0.742911
1.886291,1.227419,-0.747442
1.884829,1.235311,-0.753435
1.883075,1.236188,-0.747442
1.887167,1.232973,-0.757819
1.88366,1.22625,-0.752558
1.886291,1.223034,-0.767027
1.880444,1.228004,-0.749781
1.886291,1.225373,-0.757819
1.893891,1.228296,-0.748758
1.882783,1.226542,-0.752996
1.880737,1.218065,-0.757819
1.883075,1.226834,-0.746711
1.884537,1.227127,-0.755335
1.880444,1.22625,-0.756796
1.882783,1.223619,-0.755042
1.882491,1.224203,-0.747296
1.880152,1.220111,-0.750365
1.885121,1.220111,-0.74145
1.883075,1.220111,-0.749196
1.880737,1.22245,-0.753435
1.889798,1.228296,-0.757381
1.878983,1.220988,-0.74525
1.881321,1.222742,-0.758404
1.884537,1.227711,-0.749781
1.879567,1.228588,-0.744519
1.883952,1.218942,-0.750804
1.886583,1.22128,-0.782081
1.887167,1.228588,-0.74715
1.885414,1.222157,-0.746273
1.882783,1.221865,-0.744811
1.87986,1.223619,-0.749927
1.885998,1.21748,-0.751388
1.881321,1.223911,-0.757673
1.881321,1.218357,-0.758989
1.880152,1.218942,-0.753289
1.878398,1.219819,-0.752412
1.886291,1.218065,-0.752412
1.890675,1.225373,-0.764396
1.88746,1.226834,-0.749635
1.886291,1.215434,-0.753435
1.881906,1.231804,-0.749927
1.885998,1.22625,-0.734727
1.888337,1.220403,-0.757673
1.887752,1.228296,-0.769366
1.884829,1.21865,-0.746858
1.88366,1.223911,-0.740281
1.888337,1.226542,-0.764396
1.891845,1.225957,-0.750804
1.885998,1.220403,-0.754458
1.881029,1.223911,-0.763081
1.884244,1.222742,-0.761619
1.87869,1.225373,-0.750365
1.879567,1.221573,-0.753435
1.881614,1.228588,-0.752265
1.881906,1.228004,-0.745104
1.886291,1.223327,-0.750365
1.881614,1.225373,-0.751681
1.877521,1.225665,-0.759427
1.880152,1.224496,-0.748319
1.881029,1.21865,-0.750804
1.874598,1.224788,-0.743788
1.877521,1.228296,-0.760158
1.877813,1.22508,-0.754604
1.878398,1.224203,-0.754165
1.874306,1.22625,-0.754604
1.885998,1.224788,-0.755481
1.883367,1.223911,-0.758842
1.881321,1.22508,-0.755042
1.876352,1.226542,-0.761619
1.887167,1.224203,-0.752412
1.874598,1.218942,-0.763519
1.879567,1.22128,-0.754019
1.87489,1.22625,-0.763666
1.878983,1.223619,-0.758112
1.878398,1.228588,-0.763373
1.886291,1.224788,-0.763666
1.882198,1.221573,-0.753435
1.880152,1.231511,-0.747442
1.886291,1.22508,-0.751681
1.875767,1.220111,-0.768927
1.888629,1.218065,-0.740427
1.885414,1.219526,-0.760742
1.878398,1.224496,-0.751388
1.87489,1.22245,-0.744811
1.884244,1.232388,-0.753873
1.877813,1.225373,-0.758112
1.879275,1.223034,-0.750658
1.880152,1.225665,-0.756212
1.883075,1.224203,-0.765419
1.889798,1.22128,-0.759135
1.878983,1.223619,-0.748173
1.880444,1.227711,-0.754896
1.882198,1.225957,-0.750804
1.883952,1.223327,-0.748612
1.884829,1.221573,-0.758404
1.881029,1.218065,-0.751388
1.87986,1.224496,-0.761181
1.87606,1.225373,-0.745981
1.869921,1.226834,-0.761035
1.883075,1.227419,-0.763519
1.87109,1.223619,-0.755481
1.882491,1.22625,-0.75855
1.882198,1.224788,-0.745835
1.87869,1.220111,-0.757381
1.890968,1.224788,-0.762496
1.882491,1.22128,-0.762204
1.886583,1.225957,-0.761473
1.87986,1.220988,-0.762058
1.879275,1.222157,-0.764104
1.887167,1.220988,-0.72245
1.873721,1.22128,-0.754458
1.87606,1.223619,-0.753727
1.880444,1.220988,-0.748319
1.872844,1.217773,-0.755189
1.877229,1.225957,-0.761327
1.881906,1.22128,-0.752412
1.879275,1.226542,-0.751681
1.885121,1.226834,-0.750219
1.873429,1.226834,-0.747735
1.878106,1.223327,-0.758696
1.884537,1.224203,-0.751973
1.886291,1.224496,-0.765419
1.877521,1.224203,-0.756796
1.875475,1.22625,-0.751242
1.87606,1.222742,-0.751681
1.873721,1.227419,-0.758696
1.878106,1.22888,-0.758404
1.87986,1.227419,-0.760304
1.881906,1.22508,-0.757819
1.873137,1.229757,-0.753727
1.873721,1.224496,-0.751681
1.878398,1.227419,-0.755335
1.882783,1.225373,-0.750073
1.878106,1.223911,-0.748904
1.876644,1.222157,-0.752704
1.883952,1.22508,-0.759866
1.868752,1.221573,-0.756796
1.87606,1.232973,-0.746711
1.876937,1.224496,-0.759866
1.878983,1.223619,-0.762496
1.882198,1.225373,-0.753581
1.876644,1.23005,-0.75855
1.879275,1.225665,-0.753289
1.876937,1.221865,-0.763081
1.880152,1.223034,-0.761912
1.881029,1.225373,-0.743204
1.879567,1.21748,-0.762058
1.885121,1.223911,-0.76425
1.883952,1.220696,-0.761766
1.878983,1.215434,-0.751827
1.87869,1.22245,-0.740573
1.883075,1.22128,-0.753727
1.882783,1.220696,-0.756065
1.882783,1.22245,-0.763958
1.881906,1.221865,-0.746273
1.876644,1.220696,-0.743788
1.876644,1.227419,-0.720988
1.878398,1.226542,-0.75285
1.881906,1.223034,-0.746858
1.877813,1.232388,-0.754165
1.875767,1.223327,-0.757235
1.873721,1.227419,-0.74525
1.882491,1.226834,-0.749781
1.87869,1.215726,-0.765566
1.879275,1.22128,-0.754165
1.874598,1.235896,-0.756065
1.878106,1.224203,-0.756796
1.886291,1.230634,-0.751535
1.883075,1.223034,-0.755189
1.874306,1.224203,-0.762204
1.871967,1.220403,-0.760012
1.875767,1.219234,-0.76045
1.883367,1.221573,-0.744811
1.877229,1.227419,-0.755919
1.879567,1.220111,-0.760596
1.878106,1.223619,-0.768343
1.874306,1.216311,-0.759281
1.876937,1.22508,-0.747296
1.875767,1.223327,-0.767758
1.880152,1.229465,-0.758404
1.875767,1.22508,-0.759573
1.870213,1.232388,-0.759573
1.867583,1.233557,-0.766881
1.85969,1.244958,-0.764104
1.849752,1.268343,-0.787635
1.843321,1.281789,-0.801374
1.840982,1.28442,-0.804151
1.842444,1.279158,-0.790558
1.847413,1.269804,-0.798012
1.847121,1.280327,-0.79392
1.840105,1.285589,-0.796989
1.840982,1.295235,-0.803274
1.838644,1.301958,-0.814089
1.837767,1.299328,-0.794797
1.841274,1.301958,-0.813066
1.838936,1.296405,-0.818036
1.83689,1.298158,-0.816282
1.84069,1.297282,-0.804735
1.83689,1.299035,-0.81102
1.833674,1.29962,-0.813505
1.833674,1.302835,-0.811605
1.832797,1.304005,-0.81979
1.828413,1.298451,-0.807805
1.836305,1.300789,-0.808536
1.832505,1.302251,-0.808974
1.830167,1.305759,-0.810289
1.831921,1.308974,-0.815843
1.827828,1.300205,-0.819497
1.833967,1.301958,-0.814674
1.827536,1.310143,-0.819205
1.798305,1.302251,-0.81482
1.79772,1.305466,-0.810143
1.830167,1.300497,-0.810436
1.831044,1.308682,-0.820666
1.835428,1.29962,-0.812043
1.833967,1.299035,-0.812482
1.834551,1.31102,-0.811459
1.832797,1.300497,-0.812628
1.828705,1.304882,-0.823005
1.833967,1.295235,-0.817013
1.836013,1.305759,-0.818913
1.834844,1.302543,-0.814236
1.83309,1.300205,-0.82622
1.833382,1.30342,-0.818182
1.831044,1.300789,-0.814382
1.834844,1.297866,-0.812043
1.826074,1.296989,-0.800351
1.835136,1.307805,-0.821836
1.823443,1.301374,-0.813213
1.836013,1.305174,-0.823736
1.833967,1.30342,-0.808097
1.833382,1.308097,-0.820228
1.83689,1.297866,-0.813066
1.841859,1.297282,-0.815551
1.822274,1.297574,-0.817159
1.828413,1.298451,-0.813066
1.830459,1.303712,-0.818766
1.83309,1.308097,-0.802835
1.834259,1.302251,-0.813943
1.834551,1.305466,-0.815989
1.827536,1.302543,-0.813505
1.833382,1.306635,-0.811751
1.833382,1.301666,-0.82052
1.830459,1.309266,-0.808682
1.837767,1.308682,-0.814236
1.831628,1.299912,-0.804005
1.836305,1.301958,-0.824905
1.843321,1.309851,-0.814089
1.831921,1.305466,-0.814236
1.837767,1.302835,-0.800643
1.833382,1.300497,-0.808828
1.833674,1.301958,-0.813797
1.834844,1.310143,-0.815405
1.836305,1.299912,-0.816574
1.836013,1.302835,-0.81102
1.840398,1.306343,-0.818328
1.836597,1.299328,-0.813505
1.839813,1.305759,-0.821397
1.828997,1.295528,-0.821982
1.834551,1.308682,-0.812628
1.82929,1.309851,-0.815843
1.831044,1.304589,-0.807366
1.827828,1.306928,-0.81979
1.832797,1.302251,-0.82052
1.838059,1.299328,-0.81789
1.832797,1.31102,-0.807512
1.836305,1.312189,-0.810582
1.838059,1.303712,-0.804882
1.83309,1.307805,-0.806051
1.834844,1.301666,-0.82052
1.839813,1.306928,-0.809851
1.839228,1.306635,-0.806489
1.831044,1.305466,-0.812043
1.829874,1.296989,-0.813651
1.834259,1.304589,-0.813797
1.835428,1.304882,-0.811897
1.837474,1.29582,-0.818328
1.844198,1.298451,-0.814236
1.839228,1.299035,-0.811897
1.835136,1.307805,-0.816866
1.834259,1.305759,-0.812774
1.836013,1.300205,-0.813651
1.83689,1.305466,-0.814089
1.841274,1.299328,-0.807659
1.834551,1.304005,-0.821397
1.841567,1.301374,-0.816428
1.834259,1.304005,-0.818036
1.833674,1.303712,-0.814382
1.836597,1.302251,-0.814382
1.838644,1.296112,-0.81292
1.836013,1.311605,-0.807366
1.828997,1.300789,-0.807951
1.82929,1.295235,-0.808828
1.832797,1.293189,-0.808243
1.829582,1.302251,-0.810874
1.832797,1.300205,-0.803712
1.833382,1.304882,-0.82812
1.833967,1.308389,-0.817597
1.82812,1.301082,-0.820374
1.836305,1.302543,-0.814674
1.831044,1.304589,-0.813797
1.836013,1.311312,-0.822859
1.832797,1.300497,-0.82622
1.835428,1.301666,-0.813066
1.83689,1.303128,-0.813066
1.837182,1.301374,-0.819497
1.83309,1.301374,-0.815113
1.831628,1.301666,-0.811897
1.835721,1.294943,-0.821251
1.834844,1.297574,-0.819059
1.831044,1.29582,-0.817743
1.837474,1.304297,-0.819205
1.832797,1.30722,-0.808828
1.831044,1.306343,-0.815259
1.831044,1.310436,-0.812189
1.830167,1.307805,-0.81979
1.832505,1.305759,-0.817013
1.829582,1.310143,-0.820666
1.833967,1.29962,-0.814528
1.833382,1.309559,-0.819936
1.827243,1.298158,-0.819643
1.833674,1.30342,-0.820082
1.832213,1.301666,-0.818913
1.829874,1.30342,-0.814528
1.831921,1.307805,-0.812043
1.843321,1.304297,-0.807659
1.835721,1.299035,-0.809412
1.833674,1.293189,-0.810436
1.835721,1.297866,-0.800058
1.833674,1.298743,-0.815989
1.82929,1.301666,-0.809266
1.835721,1.298451,-0.805759
1.830167,1.308389,-0.82359
1.835721,1.302251,-0.81979
1.86729,1.30342,-0.821397
1.832213,1.301374,-0.810874
1.831044,1.310436,-0.811166
1.829874,1.305466,-0.810143
1.832505,1.30342,-0.807805
1.832213,1.302543,-0.814674
1.835428,1.308389,-0.813797
1.832505,1.301082,-0.809412
1.832797,1.306343,-0.802105
1.830751,1.303128,-0.813066
1.830751,1.293189,-0.812043
1.828705,1.307512,-0.811605
1.830751,1.306635,-0.815989
1.82169,1.301958,-0.82052
1.823443,1.299328,-0.820082
1.829582,1.30722,-0.818328
1.838644,1.304589,-0.819936
1.828705,1.305174,-0.817159
1.828997,1.301082,-0.809266
1.84069,1.303712,-0.825051
1.837767,1.302251,-0.821836
1.831044,1.299328,-0.816866
1.830459,1.306343,-0.819205
1.833674,1.30342,-0.818182
1.838059,1.301374,-0.827536
1.836597,1.302251,-0.818913
1.832505,1.298158,-0.82052
1.828997,1.297866,-0.82622
1.824613,1.301374,-0.82359
1.83689,1.302835,-0.821105
1.829582,1.304882,-0.815697
1.838059,1.298158,-0.81789
1.833967,1.305174,-0.804005
1.82929,1.299328,-0.815405
1.827243,1.302251,-0.821543
1.833674,1.300205,-0.820666
1.830167,1.301374,-0.818182
1.826659,1.302543,-0.816136
1.833967,1.307805,-0.816282
1.835428,1.302543,-0.812336
1.830751,1.30342,-0.818913
1.82432,1.300789,-0.82812
1.836013,1.312482,-0.815843
1.838059,1.30722,-0.809997
1.832213,1.304882,-0.815113
1.838351,1.305466,-0.809997
1.840982,1.304005,-0.815113
1.833674,1.304589,-0.813359
1.834844,1.304005,-0.812189
1.838644,1.311897,-0.809997
1.831336,1.308682,-0.814674
1.833967,1.309266,-0.807366
1.836597,1.30342,-0.820374
1.837474,1.304005,-0.812043
1.837182,1.301666,-0.814089
1.834844,1.304005,-0.817451
1.839521,1.337621,-0.799474
1.838936,1.302251,-0.812628
1.84069,1.306928,-0.810874
1.834551,1.306635,-0.815551
1.831336,1.305174,-0.822859
1.833674,1.301666,-0.821105
1.835721,1.303712,-0.817743
1.827536,1.300497,-0.819497
1.835136,1.29962,-0.820082
1.840982,1.302835,-0.821836
1.835721,1.301958,-0.821836
1.839521,1.30342,-0.82242
1.838936,1.302835,-0.82359
1.834844,1.301666,-0.812043
1.831336,1.309266,-0.826513
1.837767,1.302543,-0.823297
1.833674,1.297282,-0.819059
1.838936,1.306928,-0.819643
1.839228,1.297574,-0.828559
1.841567,1.300789,-0.827536
1.839521,1.304882,-0.814674
1.840105,1.301958,-0.817451
1.843905,1.300497,-0.818328
1.837474,1.303712,-0.818474
1.838351,1.299035,-0.81862
1.83689,1.302835,-0.820082
1.843321,1.301374,-0.824028
1.839813,1.300497,-0.826951
1.843321,1.305759,-0.826513
1.837474,1.308389,-0.821543
1.835136,1.304589,-0.82549
1.844198,1.310143,-0.822859
1.840398,1.30722,-0.826074
1.832797,1.305174,-0.818182
1.83309,1.300789,-0.82169
1.835721,1.303712,-0.812189
1.831336,1.309266,-0.816136
1.843321,1.305759,-0.825928
1.840398,1.302835,-0.822859
1.842444,1.306928,-0.82169
1.831921,1.306051,-0.832213
1.830751,1.306051,-0.82359
1.83689,1.308389,-0.830605
1.83689,1.309559,-0.826367
1.836013,1.303712,-0.82169
1.832797,1.306051,-0.820813
1.839813,1.300789,-0.81862
1.832505,1.30342,-0.81789
1.834844,1.304882,-0.821105
1.836305,1.304882,-0.818913
1.837474,1.300497,-0.821543
1.838644,1.304589,-0.818474
1.839228,1.299328,-0.822859
1.834551,1.304005,-0.825197
1.835136,1.29962,-0.82359
1.833967,1.297282,-0.828267
1.837182,1.309266,-0.826951
1.834844,1.296405,-0.830459
1.840105,1.301666,-0.825051
1.83309,1.300789,-0.816574
1.840105,1.304589,-0.787781
1.830751,1.305466,-0.81672
1.837182,1.293774,-0.812482
1.835721,1.302835,-0.819497
1.840982,1.304589,-0.820959
1.80152,1.301082,-0.811166
1.835428,1.30722,-0.82242
1.83689,1.29962,-0.817451
1.831628,1.305174,-0.815843
1.831336,1.297866,-0.818474
1.834551,1.300497,-0.818913
1.838059,1.301374,-0.82052
1.835428,1.296697,-0.823736
1.831628,1.299035,-0.811751
1.833382,1.296697,-0.82169
1.828705,1.304005,-0.82242
1.830459,1.304297,-0.818474
1.833674,1.304005,-0.827536
1.831044,1.313651,-0.823443
1.83309,1.305759,-0.818036
1.833674,1.305759,-0.818036
1.83689,1.299912,-0.816574
1.832213,1.298451,-0.814236
1.83689,1.306928,-0.824467
1.838351,1.308974,-0.824467
1.831921,1.300789,-0.810289
1.834844,1.296112,-0.82052
1.831044,1.304297,-0.821982
1.842151,1.306635,-0.812628
1.829874,1.304589,-0.824028
1.836305,1.301666,-0.819497
1.839228,1.307512,-0.811166
1.837474,1.303712,-0.814382
1.838351,1.309559,-0.813505
1.835136,1.304297,-0.808682
1.836305,1.306928,-0.806051
1.834844,1.300497,-0.811751
1.836305,1.304297,-0.802397
1.837182,1.307805,-0.827682
1.838059,1.302251,-0.812336
1.834551,1.311605,-0.822128
1.83689,1.300789,-0.81102
1.836013,1.307512,-0.821982
1.840982,1.30342,-0.821105
1.838936,1.30722,-0.822274
1.840105,1.297574,-0.820082
1.836597,1.297866,-0.823882
1.833674,1.310728,-0.825051
1.834551,1.308974,-0.816866
1.831336,1.302543,-0.810436
1.835721,1.302251,-0.813505
1.837767,1.304297,-0.810436
1.834551,1.304882,-0.824759
1.832213,1.302543,-0.808389
1.839228,1.301082,-0.819497
1.840982,1.309266,-0.818182
1.838936,1.309559,-0.815989
1.826951,1.308682,-0.819936
1.832797,1.302251,-0.828997
1.831336,1.304005,-0.82812
1.833674,1.302543,-0.823882
1.836305,1.300789,-0.821982
1.826367,1.304589,-0.825051
1.837474,1.305174,-0.823736
1.831044,1.308974,-0.81672
1.831044,1.300789,-0.818474
1.830459,1.304297,-0.820082
1.833382,1.296989,-0.809412
1.837182,1.298451,-0.817159
1.840105,1.310728,-0.822713
1.83309,1.296989,-0.810143
1.840982,1.298158,-0.821982
1.836597,1.303712,-0.824759
1.834551,1.310728,-0.809705
1.834551,1.304005,-0.820374
1.834259,1.303712,-0.809266
1.83689,1.302835,-0.820082
1.832797,1.297282,-0.818766
1.830167,1.301958,-0.824174
1.840982,1.309266,-0.819205
1.83309,1.304589,-0.822274
1.833382,1.307512,-0.821251
1.832213,1.300789,-0.819351
1.834844,1.302251,-0.82812
1.831336,1.301374,-0.817305
1.831921,1.31102,-0.82052
1.834259,1.296112,-0.820082
1.833674,1.298451,-0.833382
1.833967,1.301082,-0.816136
1.826074,1.302251,-0.806782
1.828705,1.301374,-0.813066
1.84069,1.30342,-0.817013
1.836305,1.30342,-0.821251
1.833674,1.307805,-0.811605
1.833382,1.310436,-0.804443
1.836013,1.304589,-0.808389
1.825197,1.304005,-0.814382
1.828413,1.304297,-0.809851
1.834551,1.304882,-0.811751
1.835428,1.303712,-0.808243
1.837474,1.305759,-0.813213
1.834551,1.301666,-0.813213
1.841859,1.308097,-0.819936
1.832797,1.308389,-0.811751
1.843321,1.309851,-0.810874
1.83309,1.306051,-0.824467
1.830459,1.302543,-0.815989
1.836013,1.309266,-0.822128
1.828705,1.303712,-0.815259
1.836597,1.304005,-0.81789
1.832213,1.304005,-0.814382
1.834551,1.299912,-0.813213
1.830459,1.300205,-0.808974
1.832797,1.304005,-0.816282
1.838351,1.30722,-0.808828
1.833967,1.308097,-0.819059
1.828705,1.302543,-0.820374
1.839228,1.309851,-0.82169
1.832797,1.305174,-0.815113
1.833674,1.310143,-0.821397
1.83689,1.307512,-0.818913
1.842444,1.309559,-0.82549
1.837474,1.302835,-0.831774
1.832505,1.302835,-0.835136
1.835428,1.303128,-0.833821
1.836013,1.299912,-0.823297
1.835136,1.307805,-0.822567
1.84069,1.306928,-0.833382
1.831921,1.314236,-0.821543
1.83309,1.310436,-0.816428
1.838059,1.302543,-0.814674
1.833382,1.309266,-0.825343
1.832505,1.301666,-0.81672
1.82929,1.298158,-0.817305
1.832213,1.297574,-0.817743
1.831628,1.297282,-0.814236
1.824028,1.309559,-0.822859
1.834551,1.305174,-0.824467
1.836013,1.303128,-0.820228
1.827536,1.30342,-0.822128
1.838351,1.30722,-0.821397
1.833382,1.30722,-0.809559
1.832505,1.298743,-0.811751
1.830459,1.302835,-0.826074
1.839813,1.30342,-0.809851
1.838936,1.30722,-0.819351
1.838059,1.302543,-0.817013
1.831628,1.303128,-0.816574
1.833674,1.302251,-0.82359
1.83309,1.304589,-0.813505
1.834844,1.302543,-0.82169
1.836305,1.306635,-0.832505
1.835721,1.299912,-0.81789
1.834259,1.304297,-0.819936
1.843905,1.304882,-0.813797
1.837474,1.307805,-0.813505
1.838351,1.306635,-0.817451
1.840105,1.304589,-0.811751
1.837474,1.304005,-0.811312
1.839228,1.300205,-0.827828
1.828413,1.301666,-0.819351
1.838936,1.304297,-0.820374
1.840105,1.312189,-0.823882
1.834551,1.294943,-0.816136
1.837474,1.299912,-0.825197
1.837474,1.297574,-0.815843
1.841567,1.306928,-0.82432
1.828705,1.310143,-0.823005
1.838059,1.297866,-0.821836
1.831336,1.303128,-0.821543
1.833382,1.300497,-0.81862
1.836305,1.299035,-0.829728
1.827536,1.304589,-0.824467
1.833674,1.308389,-0.829582
1.830459,1.299912,-0.822128
1.831044,1.304882,-0.812774
1.832797,1.305759,-0.826367
1.831336,1.304882,-0.827828
1.82812,1.309851,-0.823005
1.834844,1.304589,-0.829436
1.839521,1.304297,-0.825197
1.836013,1.30722,-0.828413
1.837182,1.304005,-0.829436
1.839228,1.297574,-0.81672
1.838059,1.305759,-0.817597
1.834551,1.308097,-0.821836
1.841274,1.301082,-0.819497
1.830459,1.306928,-0.830605
1.841274,1.307805,-0.821836
1.840105,1.295235,-0.837182
1.839228,1.299912,-0.815551
1.833674,1.296697,-0.832359
1.832505,1.309559,-0.824613
1.835136,1.304589,-0.815989
1.838351,1.300497,-0.824467
1.830459,1.304005,-0.814966
1.831628,1.310728,-0.822713
1.831336,1.299328,-0.819643
1.834844,1.300205,-0.827097
1.833967,1.303712,-0.82359
1.829582,1.30342,-0.82929
1.838936,1.302543,-0.813943
1.837182,1.296112,-0.816136
1.832797,1.299035,-0.818182
1.835136,1.301666,-0.812043
1.836305,1.301082,-0.820666
1.837182,1.302543,-0.816282
1.832505,1.308097,-0.820082
1.835721,1.303712,-0.81789
1.843321,1.300497,-0.821251
1.832505,1.308097,-0.816282
1.833674,1.301082,-0.819643
1.828705,1.298743,-0.82359
1.836013,1.304297,-0.820666
1.836597,1.304297,-0.818036
1.836305,1.306051,-0.821543
1.839521,1.301082,-0.82549
1.833382,1.303712,-0.820374
1.836305,1.304005,-0.822128
1.831921,1.304589,-0.828997
1.834551,1.301666,-0.822713
1.836305,1.298743,-0.820813
1.836013,1.300789,-0.81862
1.837474,1.302251,-0.82359
1.84449,1.299328,-0.824174
1.837767,1.296697,-0.824467
1.837182,1.299035,-0.82432
1.838059,1.306928,-0.822274
1.835136,1.298158,-0.821105
1.841274,1.305759,-0.818036
1.837474,1.300789,-0.82812
1.835136,1.305759,-0.820228
1.840105,1.306635,-0.825782
1.836597,1.301374,-0.824759
1.840982,1.298451,-0.813213
1.840982,1.304297,-0.819059
1.839813,1.303712,-0.821105
1.837474,1.296697,-0.820374
1.838059,1.301958,-0.814966
1.836305,1.302251,-0.812628
1.830167,1.305759,-0.815405
1.843321,1.30342,-0.822567
1.838644,1.30342,-0.817597
1.830459,1.304005,-0.817159
1.839813,1.304297,-0.81672
1.828413,1.29962,-0.830459
1.839521,1.295528,-0.811459
1.831628,1.298743,-0.81862
1.83689,1.299328,-0.823443
1.840105,1.297282,-0.821543
1.831628,1.305466,-0.805028
1.837474,1.297282,-0.85779
1.842444,1.299328,-0.819351
1.846536,1.296405,-0.817597
1.837767,1.301374,-0.81482
1.835428,1.302251,-0.814382
1.834259,1.301082,-0.819643
1.835428,1.305174,-0.819643
1.831044,1.30342,-0.815989
1.832797,1.302543,-0.81789
1.834551,1.29962,-0.823151
1.834259,1.305466,-0.816428
1.834551,1.306928,-0.814236
1.832505,1.309851,-0.812043
1.826659,1.302835,-0.81979
1.836013,1.30342,-0.82052
1.840398,1.306051,-0.819351
1.839228,1.313359,-0.82359
1.837182,1.308097,-0.80912
1.835721,1.303712,-0.827682
1.833967,1.304589,-0.816136
1.838644,1.305466,-0.827097
1.831628,1.298451,-0.819205
1.835721,1.302543,-0.812336
1.833674,1.30722,-0.830751
1.83689,1.303712,-0.821105
1.832797,1.306343,-0.823882
1.833382,1.304005,-0.82622
1.828997,1.298158,-0.821982
1.834259,1.296112,-0.810289
1.825197,1.301958,-0.823882
1.839521,1.305174,-0.821397
1.833382,1.305466,-0.82242
1.836305,1.30722,-0.815405
1.838059,1.306051,-0.819351
1.833674,1.303128,-0.82242
1.834551,1.304297,-0.81789
1.837767,1.296697,-0.823151
1.831628,1.303712,-0.816428
1.833674,1.305466,-0.817597
1.831336,1.309266,-0.821836
1.843028,1.302543,-0.820959
1.838644,1.302835,-0.825343
1.835136,1.305174,-0.817597
1.836305,1.313651,-0.821397
1.833382,1.30342,-0.830605
1.835721,1.308974,-0.830167
1.830751,1.300789,-0.818182
1.835136,1.302251,-0.825343
1.832797,1.306051,-0.826074
1.840105,1.304589,-0.819351
1.834844,1.306928,-0.818036
1.837182,1.306635,-0.822713
1.833967,1.300205,-0.809705
1.832797,1.302251,-0.818474
1.828413,1.301958,-0.816574
1.835136,1.299912,-0.814966
1.800935,1.30722,-0.817597
1.799182,1.301374,-0.817013
1.796258,1.301082,-0.81789
1.868752,1.296405,-0.825197
1.831044,1.291728,-0.811897
1.837767,1.301958,-0.813066
1.844782,1.298451,-0.804735
1.833967,1.294358,-0.81862
1.837182,1.300205,-0.818328
1.834259,1.294943,-0.811897
1.835136,1.303128,-0.807805
1.835136,1.300789,-0.809851
1.833674,1.296697,-0.80152
1.843905,1.294066,-0.814674
1.837767,1.296112,-0.814674
1.831921,1.302251,-0.805759
1.831044,1.294943,-0.806197
1.841859,1.291143,-0.81102
1.839228,1.293189,-0.817305
1.838059,1.298743,-0.810289
1.838936,1.298451,-0.818766
1.843028,1.296989,-0.822274
1.838351,1.302251,-0.816136
1.838644,1.29962,-0.81482
1.832213,1.299035,-0.816428
1.833382,1.304882,-0.81482
1.836013,1.298743,-0.818766
1.828413,1.297282,-0.815551
1.829874,1.297282,-0.811897
1.83309,1.299035,-0.821982
1.834551,1.302251,-0.80722
1.827536,1.297282,-0.818474
1.836597,1.299328,-0.82052
1.830751,1.294651,-0.819643
1.833967,1.296112,-0.820374
1.833382,1.29962,-0.814236
1.830459,1.300789,-0.802543
1.828705,1.299912,-0.812043
1.835428,1.308097,-0.817743
1.831044,1.29962,-0.823736
1.836305,1.304297,-0.810582
1.831336,1.30342,-0.812628
1.833967,1.299035,-0.819936
1.837182,1.299912,-0.815551
1.831628,1.303128,-0.809559
1.836305,1.309266,-0.810582
1.833967,1.291728,-0.81292
1.839521,1.297866,-0.809266
1.837474,1.304589,-0.810874
1.842151,1.299328,-0.82052
1.836305,1.299328,-0.819497
1.836305,1.299328,-0.814528
1.836013,1.30342,-0.812774
1.841274,1.296989,-0.810728
1.82929,1.301958,-0.816866
1.837182,1.304589,-0.809705
1.831628,1.295235,-0.812482
1.837767,1.307512,-0.805905
1.834551,1.307805,-0.819205
1.830167,1.300497,-0.815843
1.837767,1.301958,-0.812628
1.837474,1.305466,-0.818766
1.833674,1.30722,-0.814089
1.839228,1.304005,-0.813066
1.835136,1.304297,-0.816574
1.84449,1.312774,-0.809559
1.832213,1.303712,-0.798597
1.841567,1.307805,-0.81789
1.842444,1.301082,-0.809559
1.832797,1.308389,-0.805905
1.838644,1.30342,-0.811897
1.840105,1.301666,-0.814528
1.847121,1.29962,-0.807951
1.835136,1.302543,-0.808389
1.839521,1.302835,-0.805174
1.843028,1.306635,-0.805028
1.839813,1.304005,-0.801228
1.835428,1.302251,-0.80912
1.838644,1.302543,-0.810728
1.840398,1.300497,-0.807074
1.838059,1.305174,-0.811459
1.83689,1.302543,-0.815989
1.83689,1.305759,-0.826367
1.838059,1.306051,-0.81482
1.838059,1.306635,-0.809266
1.835136,1.307512,-0.815989
1.841567,1.306051,-0.82052
1.839228,1.301666,-0.817013
1.829582,1.304005,-0.810143
1.83689,1.308974,-0.819351
1.841567,1.301666,-0.808682
1.837182,1.304882,-0.812336
1.834259,1.306635,-0.822567
1.840982,1.298451,-0.81292
1.845367,1.302543,-0.805905
1.83689,1.30342,-0.811166
1.837767,1.297866,-0.809412
1.836597,1.305759,-0.805905
1.838059,1.298451,-0.811897
1.838936,1.306635,-0.811312
1.840982,1.308097,-0.808097
1.836597,1.304589,-0.82432
1.838936,1.299328,-0.807366
1.838936,1.298743,-0.827536
1.836597,1.301082,-0.820813
1.839521,1.307805,-0.816282
1.844782,1.310143,-0.808682
1.837474,1.298743,-0.81102
1.838644,1.29962,-0.808536
1.839521,1.301374,-0.820082
1.841567,1.301958,-0.816866
1.842444,1.300497,-0.817743
1.835136,1.300205,-0.816136
1.837474,1.30342,-0.817159
1.833382,1.30342,-0.818474
1.839521,1.305759,-0.804589
1.843028,1.300497,-0.810874
1.840398,1.302251,-0.813213
1.826951,1.304297,-0.81292
1.834844,1.298158,-0.817597
1.834259,1.299912,-0.817451
1.834259,1.301958,-0.819936
1.831921,1.312774,-0.813066
1.851213,1.297574,-0.82549
1.839813,1.305759,-0.814089
1.837474,1.299328,-0.817305
1.834551,1.303128,-0.821543
1.834259,1.305759,-0.811605
1.840398,1.305466,-0.812774
1.838059,1.302543,-0.811459
1.844198,1.306635,-0.805174
1.837182,1.307805,-0.810436
1.840982,1.304005,-0.813797
1.840398,1.298743,-0.813359
1.839521,1.298451,-0.813505
1.838351,1.301958,-0.814089
1.829582,1.305174,-0.807951
1.844782,1.306343,-0.814966
1.835721,1.30722,-0.813505
1.839521,1.309266,-0.802105
1.835428,1.304882,-0.807951
1.833382,1.312189,-0.810874
1.839813,1.305759,-0.800205
1.830751,1.272727,-0.808243
1.835721,1.305174,-0.808974
1.832213,1.307512,-0.806051
1.835428,1.310436,-0.80532
1.844198,1.306343,-0.807366
1.842444,1.300497,-0.796843
1.837182,1.314528,-0.817013
1.824028,1.329144,-0.829874
1.824905,1.339374,-0.83119
1.821397,1.347559,-0.832797
1.818182,1.362175,-0.845075
1.812043,1.362175,-0.850336
1.817013,1.359252,-0.85019
1.807951,1.360713,-0.841859
1.805028,1.364513,-0.837913
1.803566,1.36539,-0.844198
1.80532,1.363929,-0.839959
1.802982,1.37416,-0.839959
1.807951,1.367729,-0.850921
1.80912,1.370944,-0.850336
1.805905,1.370067,-0.846682
1.805905,1.368606,-0.83309
1.807951,1.369483,-0.844636
1.806489,1.368313,-0.844928
1.808828,1.371821,-0.848875
1.806197,1.368313,-0.854721
1.806197,1.37299,-0.855305
1.805028,1.377667,-0.853844
1.80532,1.371236,-0.84829
1.800643,1.373283,-0.844051
1.798305,1.364806,-0.846828
1.806489,1.371529,-0.846244
1.804151,1.375914,-0.845221
1.798305,1.370944,-0.842005
1.804735,1.368898,-0.845951
1.807951,1.37796,-0.846244
1.804151,1.380298,-0.850628
1.808828,1.376206,-0.853113
1.811751,1.378252,-0.853552
1.807951,1.375329,-0.84449
1.800351,1.375329,-0.840836
1.809412,1.375037,-0.847705
1.802689,1.372698,-0.849313
1.805905,1.377083,-0.843759
1.80532,1.375329,-0.846244
1.806782,1.372698,-0.846682
1.803274,1.37036,-0.852675
1.808535,1.376206,-0.84829
1.804443,1.375621,-0.853259
1.80532,1.36919,-0.846244
1.802982,1.375621,-0.850336
1.799182,1.37299,-0.847705
1.803859,1.371529,-0.846682
1.801228,1.375329,-0.844636
1.799766,1.371529,-0.851213
1.800058,1.370652,-0.851505
1.804151,1.375621,-0.84259
1.804735,1.372698,-0.847121
1.806782,1.368021,-0.848144
1.807366,1.368021,-0.846244
1.805612,1.371236,-0.844051
1.805905,1.374744,-0.845513
1.801228,1.368606,-0.848436
1.799182,1.373867,-0.843613
1.802689,1.37796,-0.857206
1.806489,1.377667,-0.855013
1.798597,1.374744,-0.845075
1.802105,1.375621,-0.852821
1.798305,1.369775,-0.851652
1.804151,1.371821,-0.840836
1.810582,1.37416,-0.842005
1.806782,1.375329,-0.841128
1.80532,1.372113,-0.852821
1.805905,1.370944,-0.842882
1.809997,1.375914,-0.851944
1.806197,1.374744,-0.849313
1.801228,1.369775,-0.850482
1.801812,1.370652,-0.845805
1.798597,1.380298,-0.83499
1.793043,1.368606,-0.855744
1.801812,1.367144,-0.847852
1.803566,1.375329,-0.842736
1.799766,1.37416,-0.847267
1.799474,1.376206,-0.842882
1.810289,1.375329,-0.847267
1.804735,1.374744,-0.84259
1.802982,1.376498,-0.84639
1.808828,1.371821,-0.862759
1.802689,1.37036,-0.853113
1.805905,1.373867,-0.848875
1.79392,1.377083,-0.850775
1.802689,1.374744,-0.858667
1.807366,1.375914,-0.846975
1.800643,1.36919,-0.853405
1.802689,1.373575,-0.845805
1.806197,1.37416,-0.857206
1.802105,1.371529,-0.845367
1.798889,1.367729,-0.844782
1.800935,1.373283,-0.847267
1.799474,1.372698,-0.851067
1.803274,1.375914,-0.845367
1.802982,1.37299,-0.844636
1.801812,1.37679,-0.857498
1.800643,1.375621,-0.853844
1.808535,1.370067,-0.849898
1.798012,1.374452,-0.852382
1.800643,1.37299,-0.861298
1.802397,1.37036,-0.841567
1.802982,1.367436,-0.851798
1.799766,1.368313,-0.85019
1.802105,1.373575,-0.851505
1.803566,1.370652,-0.851798
1.804735,1.374744,-0.851652
1.80532,1.377667,-0.846975
1.80152,1.372406,-0.847121
1.807659,1.372406,-0.846975
1.800935,1.375329,-0.854282
1.799182,1.370944,-0.858082
1.796551,1.37299,-0.849752
1.80532,1.372698,-0.850044
1.806782,1.37299,-0.846828
1.801228,1.373867,-0.863783
1.804151,1.369483,-0.847998
1.797428,1.367436,-0.849313
1.802105,1.368313,-0.852821
1.802689,1.368606,-0.85019
1.80152,1.369775,-0.859836
1.803274,1.367144,-0.850775
1.806782,1.377667,-0.849021
1.808828,1.380006,-0.851505
1.805028,1.374744,-0.847705
1.800351,1.379714,-0.849752
1.806197,1.372406,-0.845221
1.804735,1.372113,-0.853405
1.794797,1.368021,-0.846828
1.798889,1.373283,-0.84449
1.803859,1.375037,-0.852675
1.806197,1.37416,-0.84449
1.804735,1.371821,-0.847998
1.800643,1.378252,-0.842736
1.805905,1.375621,-0.837036
1.798889,1.378544,-0.847998
1.800058,1.373867,-0.84069
1.804443,1.373575,-0.848875
1.797135,1.374452,-0.849898
1.798012,1.373575,-0.846828
1.794212,1.375329,-0.843467
1.800643,1.376206,-0.852382
1.809705,1.372698,-0.847559
1.798305,1.381175,-0.862467
1.80532,1.373867,-0.84449
1.799766,1.371236,-0.852675
1.803274,1.379129,-0.845805
1.807951,1.382052,-0.848582
1.798305,1.376206,-0.851505
1.801812,1.370067,-0.853844
1.804443,1.376498,-0.847559
1.808243,1.376498,-0.850482
1.803274,1.373867,-0.849021
1.804735,1.377667,-0.853259
1.805905,1.377667,-0.863344
1.799766,1.374452,-0.851798
1.809412,1.377083,-0.850482
1.808535,1.37796,-0.851359
1.801228,1.382929,-0.847413
1.803274,1.374452,-0.846975
1.797428,1.375621,-0.841567
1.806782,1.377083,-0.85019
1.801812,1.373575,-0.853405
1.801812,1.376206,-0.855305
1.810289,1.373867,-0.851359
1.804735,1.372698,-0.850044
1.806782,1.376206,-0.847705
1.803859,1.372698,-0.852382
1.806197,1.381467,-0.858959
1.801812,1.381467,-0.852236
1.802982,1.38059,-0.844636
1.806489,1.372113,-0.850044
1.801812,1.370067,-0.853259
1.801812,1.36919,-0.842151
1.805905,1.374744,-0.863783
1.80912,1.36919,-0.839959
1.80912,1.368898,-0.848875
1.807951,1.373575,-0.851359
1.804151,1.373867,-0.851944
1.802982,1.376206,-0.842736
1.809412,1.371236,-0.846682
1.80152,1.371529,-0.844928
1.802105,1.371529,-0.838936
1.809997,1.375037,-0.850336
1.808243,1.371821,-0.850775
1.80912,1.371529,-0.849898
1.807951,1.370944,-0.848582
1.805028,1.373575,-0.857059
1.800058,1.375914,-0.840836
1.799766,1.375037,-0.84069
1.803566,1.372113,-0.846536
1.798597,1.372113,-0.851798
1.79772,1.371821,-0.850921
1.799182,1.376206,-0.843028
1.800351,1.382344,-0.84449
1.806782,1.379714,-0.848436
1.805905,1.368898,-0.854282
1.808828,1.375329,-0.855744
1.807951,1.374744,-0.849898
1.804735,1.371529,-0.843175
1.805028,1.369775,-0.841713
1.802689,1.369775,-0.851213
1.804443,1.371529,-0.845367
1.808535,1.369483,-0.849752
1.801228,1.371529,-0.851505
1.807074,1.372406,-0.854867
1.804443,1.372698,-0.847559
1.804735,1.370944,-0.838936
1.802982,1.366852,-0.853698
1.806197,1.368898,-0.84639
1.802982,1.373283,-0.844636
1.806489,1.37299,-0.842444
1.803859,1.375037,-0.844198
1.798305,1.370067,-0.845075
1.807366,1.375037,-0.849313
1.801812,1.370652,-0.846244
1.799766,1.371821,-0.840836
1.804735,1.378544,-0.847559
1.803274,1.373575,-0.84259
1.799182,1.371821,-0.845805
1.797428,1.37796,-0.855744
1.800351,1.375037,-0.848582
1.806782,1.377083,-0.854721
1.799474,1.372406,-0.851213
1.798012,1.36919,-0.851359
1.801228,1.375914,-0.854282
1.800643,1.374744,-0.858959
1.795089,1.377083,-0.851652
1.798012,1.369775,-0.844928
1.805028,1.371236,-0.854136
1.80152,1.37416,-0.84449
1.80152,1.373283,-0.841274
1.799182,1.370652,-0.846682
1.800351,1.378252,-0.852967
1.803566,1.37679,-0.856913
1.797428,1.37679,-0.852821
1.798305,1.379129,-0.846536
1.806489,1.378544,-0.848582
1.798597,1.373283,-0.843613
1.804443,1.373575,-0.85589
1.801812,1.379129,-0.850044
1.799766,1.363929,-0.838059
1.806489,1.370652,-0.849752
1.80532,1.371821,-0.852675
1.808243,1.372698,-0.839082
1.800058,1.377375,-0.849752
1.795966,1.363636,-0.846098
1.807951,1.379714,-0.841421
1.808535,1.378544,-0.858229
1.794797,1.372113,-0.856182
1.807951,1.370652,-0.841713
1.798597,1.373283,-0.842005
1.797135,1.372698,-0.854575
1.800058,1.37796,-0.847121
1.80532,1.375037,-0.845367
1.801812,1.377083,-0.855744
1.804151,1.380883,-0.847852
1.805612,1.37036,-0.849167
1.803274,1.368898,-0.849898
1.810289,1.38059,-0.84829
1.80532,1.375329,-0.848144
1.798012,1.371529,-0.847852
1.801812,1.372406,-0.847121
1.80912,1.375621,-0.844928
1.79772,1.378252,-0.854575
1.802689,1.380883,-0.85399
1.808243,1.370944,-0.832651
1.803859,1.37416,-0.841421
1.809412,1.373867,-0.855013
1.795089,1.375914,-0.845221
1.807659,1.372698,-0.849021
1.801228,1.369483,-0.852236
1.807366,1.366852,-0.841567
1.803566,1.377083,-0.84829
1.805612,1.373575,-0.849752
1.813505,1.372406,-0.845951
1.811459,1.37299,-0.84259
1.810289,1.375037,-0.841421
1.80912,1.375621,-0.83879
1.810874,1.378252,-0.842444
1.801228,1.380883,-0.845513
1.802397,1.374744,-0.845367
1.800351,1.381175,-0.852675
1.807659,1.37299,-0.855159
1.809997,1.376498,-0.860859
1.806489,1.372406,-0.839813
1.805612,1.376206,-0.84829
1.806197,1.37299,-0.848144
1.803566,1.373283,-0.854575
1.811459,1.36919,-0.852675
1.806489,1.364806,-0.85399
1.807659,1.375037,-0.863636
1.805905,1.373867,-0.851944
1.806489,1.369775,-0.851652
1.800935,1.371236,-0.845221
1.805905,1.380298,-0.854136
1.804151,1.378544,-0.848875
1.794505,1.371821,-0.846098
1.800058,1.373575,-0.838498
1.805905,1.381467,-0.853259
1.80532,1.375621,-0.845659
1.801228,1.375914,-0.849898
1.799182,1.370652,-0.866121
1.798305,1.374744,-0.848728
1.798889,1.372698,-0.846682
1.800058,1.373867,-0.841128
1.807074,1.38059,-0.84829
1.804443,1.378252,-0.854721
1.811166,1.373575,-0.86159
1.80912,1.382052,-0.851067
1.800058,1.376498,-0.847705
1.802689,1.370067,-0.861298
1.799182,1.376498,-0.838205
1.804151,1.366852,-0.849459
1.799474,1.37036,-0.847998
1.806197,1.379421,-0.86539
1.807659,1.374452,-0.853552
1.799474,1.379129,-0.862321
1.794212,1.372698,-0.85589
1.804735,1.373575,-0.851944
1.804735,1.373867,-0.840982
1.80532,1.376206,-0.847559
1.802397,1.381175,-0.853405
1.79772,1.370944,-0.85589
1.798305,1.372698,-0.855452
1.798012,1.368606,-0.853844
1.799766,1.371236,-0.865829
1.799182,1.372113,-0.849313
1.802689,1.371529,-0.859398
1.793628,1.379714,-0.861152
1.792458,1.396375,-0.858521
1.779889,1.414791,-0.860275
1.775212,1.434668,-0.875037
1.774627,1.434084,-0.864513
1.776089,1.441684,-0.866998
1.780766,1.431745,-0.867436
1.777843,1.436714,-0.870944
1.767027,1.435838,-0.861883
1.771996,1.437007,-0.867436
1.769658,1.442268,-0.871821
1.770535,1.442853,-0.869483
1.766443,1.451038,-0.867436
1.769073,1.449868,-0.874306
1.770535,1.449868,-0.878106
1.76995,1.456007,-0.862613
1.767612,1.455715,-0.872552
1.769366,1.446945,-0.877375
1.770535,1.450453,-0.873721
1.765858,1.450745,-0.870798
1.768196,1.45133,-0.881614
1.763519,1.452792,-0.864367
1.763812,1.451915,-0.864952
1.764981,1.450745,-0.867875
1.76995,1.451038,-0.872406
1.762935,1.452792,-0.869483
1.766443,1.452207,-0.868021
1.759427,1.456007,-0.862906
1.767612,1.453961,-0.868898
1.765858,1.450161,-0.860421
1.767612,1.452792,-0.87109
1.765566,1.452499,-0.869629
1.769366,1.450453,-0.867729
1.763812,1.448699,-0.874598
1.769366,1.44753,-0.869044
1.760889,1.453084,-0.871237
1.773166,1.449284,-0.866852
1.764104,1.446945,-0.858813
1.763519,1.446068,-0.872552
1.767904,1.450745,-0.86729
1.762643,1.452499,-0.863198
1.761181,1.448407,-0.866852
1.761181,1.449868,-0.867144
1.76995,1.450161,-0.870506
1.774335,1.459515,-0.873429
1.770827,1.452207,-0.87036
1.765273,1.454253,-0.87679
1.767612,1.449576,-0.861444
1.768781,1.45133,-0.865098
1.766443,1.461269,-0.865975
1.768781,1.454838,-0.860713
1.772581,1.458346,-0.860713
1.766735,1.452499,-0.870798
1.771996,1.455422,-0.861444
1.768489,1.448407,-0.870652
1.770243,1.453376,-0.875037
1.764981,1.449868,-0.87299
1.772873,1.457761,-0.874306
1.773166,1.45513,-0.869629
1.77375,1.458053,-0.862906
1.768489,1.453668,-0.87226
1.771412,1.448407,-0.870213
1.770243,1.460976,-0.866267
1.764689,1.452792,-0.865683
1.765273,1.452207,-0.86349
1.770243,1.44753,-0.87416
1.770827,1.449284,-0.875767
1.765858,1.448407,-0.883221
1.767319,1.446945,-0.880444
1.765566,1.454545,-0.878544
1.771996,1.449284,-0.870213
1.768196,1.448699,-0.871821
1.769366,1.456884,-0.870067
1.766735,1.453668,-0.869775
1.773458,1.455422,-0.873283
1.768196,1.449284,-0.867729
1.768489,1.446653,-0.873137
1.762643,1.453376,-0.867436
1.768489,1.445484,-0.871383
1.773166,1.450745,-0.874598
1.772289,1.454253,-0.87226
1.760596,1.454253,-0.86656
1.765858,1.448115,-0.869921
1.77492,1.453376,-0.872552
1.770243,1.449576,-0.86919
1.77375,1.456592,-0.881906
1.77375,1.453668,-0.873137
1.776381,1.453376,-0.866121
1.767319,1.456299,-0.864513
1.770243,1.454253,-0.870213
1.768196,1.451915,-0.862906
1.770535,1.457761,-0.865975
1.768781,1.450745,-0.870506
1.772581,1.456299,-0.869483
1.767027,1.459222,-0.865829
1.774335,1.45133,-0.866852
1.775212,1.450745,-0.868606
1.769366,1.442268,-0.869921
1.769658,1.450745,-0.86729
1.767319,1.449868,-0.870213
1.766735,1.451915,-0.86656
1.768196,1.454253,-0.870067
1.770827,1.453084,-0.863344
1.766443,1.454253,-0.864952
1.768781,1.44753,-0.862029
1.76615,1.450745,-0.876498
1.765273,1.451622,-0.862613
1.767027,1.448992,-0.861883
1.768489,1.450745,-0.866267
1.76615,1.449868,-0.866413
1.76615,1.449284,-0.867729
1.768781,1.457176,-0.88176
1.767612,1.451915,-0.877667
1.767027,1.45133,-0.871383
1.767319,1.457469,-0.876644
1.768489,1.460976,-0.876644
1.77112,1.455422,-0.857644
1.774335,1.448992,-0.868898
1.764396,1.456884,-0.876352
1.771996,1.452499,-0.87679
1.764689,1.454253,-0.870067
1.770535,1.456007,-0.878252
1.768781,1.458638,-0.86919
1.77872,1.456007,-0.877375
1.771996,1.451622,-0.878837
1.762935,1.453961,-0.876937
1.769073,1.45133,-0.871967
1.766443,1.45893,-0.865098
1.765858,1.455422,-0.877667
1.774627,1.456592,-0.869483
1.766735,1.456299,-0.867144
1.763519,1.455715,-0.87226
1.767027,1.461853,-0.871675
1.767319,1.459807,-0.86349
1.772581,1.458638,-0.868752
1.765858,1.454253,-0.874744
1.764396,1.453084,-0.863052
1.757966,1.450161,-0.869921
1.760012,1.451622,-0.869629
1.764981,1.455715,-0.871821
1.763227,1.451915,-0.870506
1.767904,1.45133,-0.868167
1.771412,1.456592,-0.879275
1.768489,1.445776,-0.875767
1.765858,1.451038,-0.866121
1.77112,1.448992,-0.877083
1.766735,1.453961,-0.86919
1.766443,1.455422,-0.87489
1.768489,1.450745,-0.861152
1.767027,1.448699,-0.867729
1.765566,1.451622,-0.868313
1.765273,1.440807,-0.866413
1.764689,1.444022,-0.86729
1.759719,1.452207,-0.868313
1.766443,1.452792,-0.857498
1.760012,1.446945,-0.860421
1.775797,1.447822,-0.870067
1.772581,1.446068,-0.870213
1.767319,1.446068,-0.875914
1.765273,1.451915,-0.868021
1.762643,1.451915,-0.859836
1.759719,1.448699,-0.86729
1.762935,1.452207,-0.870067
1.768781,1.447238,-0.862321
1.764981,1.454545,-0.867583
1.766443,1.446653,-0.868021
1.766735,1.45893,-0.868021
1.767027,1.446653,-0.865975
1.774335,1.450745,-0.870067
1.77375,1.452207,-0.872698
1.767904,1.448115,-0.862906
1.764689,1.449284,-0.87226
1.770827,1.448115,-0.864367
1.768489,1.448115,-0.869921
1.770827,1.450745,-0.856767
1.767027,1.455715,-0.866998
1.772873,1.452792,-0.86656
1.768781,1.451038,-0.863344
1.757966,1.449576,-0.865098
1.769073,1.444022,-0.876352
1.767612,1.449576,-0.876352
1.772873,1.452499,-0.857059
1.763519,1.453376,-0.876206
1.771996,1.455422,-0.868606
1.75855,1.455715,-0.864221
1.77492,1.455715,-0.855159
1.766443,1.459807,-0.881175
1.767612,1.448699,-0.869044
1.764981,1.457469,-0.868898
1.76995,1.454838,-0.863198
1.761181,1.452792,-0.867729
1.767027,1.45513,-0.872698
1.765858,1.459515,-0.86539
1.764104,1.453961,-0.862906
1.764981,1.448992,-0.867729
1.768196,1.451038,-0.869336
1.76235,1.453084,-0.865098
1.762643,1.457469,-0.865975
1.772289,1.452792,-0.866852
1.76995,1.456007,-0.877521
1.766443,1.450453,-0.866267
1.764396,1.454545,-0.873867
1.768489,1.461853,-0.874744
1.766443,1.449576,-0.871529
1.767904,1.455715,-0.861736
1.768489,1.451622,-0.864952
1.767612,1.455715,-0.876352
1.760889,1.447822,-0.864659
1.764981,1.448407,-0.869483
1.766735,1.451622,-0.866998
1.766443,1.458053,-0.865683
1.770243,1.459807,-0.865098
1.763812,1.452207,-0.856913
1.764689,1.451915,-0.872698
1.762935,1.457469,-0.86159
1.765566,1.458638,-0.863783
1.765858,1.453961,-0.874013
1.765273,1.453668,-0.867144
1.765273,1.461269,-0.86729
1.764981,1.452792,-0.869921
1.764396,1.456299,-0.869775
1.765566,1.456884,-0.867436
1.764104,1.459807,-0.855598
1.767319,1.457176,-0.863052
1.763519,1.450161,-0.856913
1.76995,1.453376,-0.862175
1.763812,1.453961,-0.864513
1.766735,1.454545,-0.858959
1.766735,1.45513,-0.862175
1.763227,1.451038,-0.862175
1.76615,1.450453,-0.866706
1.768196,1.453376,-0.86656
1.771704,1.456884,-0.870944
1.771704,1.454838,-0.86919
1.764104,1.457761,-0.868021
1.759719,1.459222,-0.873429
1.76995,1.447822,-0.871967
1.769073,1.459515,-0.860713
1.767612,1.455715,-0.866706
1.763519,1.456299,-0.871383
1.759427,1.452792,-0.878106
1.77112,1.460099,-0.877667
1.760304,1.448992,-0.877083
1.764104,1.453668,-0.874744
1.76615,1.452207,-0.879275
1.760596,1.448407,-0.86729
1.764689,1.459222,-0.876206
1.767027,1.448699,-0.869775
1.768489,1.448699,-0.871821
1.76615,1.457176,-0.86846
1.762058,1.460976,-0.875767
1.765858,1.44753,-0.874744
1.764981,1.456884,-0.872113
1.765273,1.456299,-0.870213
1.764104,1.456299,-0.87416
1.767319,1.457761,-0.87679
1.762058,1.446945,-0.878106
1.770535,1.45133,-0.873867
1.764104,1.459222,-0.883367
1.758842,1.453084,-0.870067
1.767319,1.454838,-0.890675
1.760596,1.454838,-0.878983
1.759719,1.453084,-0.873575
1.760889,1.453961,-0.871821
1.755335,1.446945,-0.88176
1.764104,1.453084,-0.871675
1.766443,1.455715,-0.871383
1.766735,1.456299,-0.881321
1.765858,1.451915,-0.873137
1.766443,1.458638,-0.877375
1.768781,1.453376,-0.877814
1.772289,1.451038,-0.875621
1.764689,1.446945,-0.882052
1.765858,1.445484,-0.869336
1.765566,1.451038,-0.869629
1.760889,1.451622,-0.871529
1.763519,1.451915,-0.877667
1.760304,1.450745,-0.880298
1.770535,1.454545,-0.878106
1.763227,1.450453,-0.874013
1.769073,1.457176,-0.873575
1.764104,1.454253,-0.880006
1.767612,1.453376,-0.883367
1.768196,1.454838,-0.871675
1.761181,1.44753,-0.882198
1.764689,1.450745,-0.869044
1.769658,1.451915,-0.877814
1.764981,1.456884,-0.878544
1.767027,1.453668,-0.863783
1.765273,1.450745,-0.873867
1.769073,1.455422,-0.871821
1.77492,1.455715,-0.863344
1.762643,1.452792,-0.873429
1.764689,1.456007,-0.866267
1.772873,1.463315,-0.879129
1.767319,1.455715,-0.872406
1.764396,1.448699,-0.874306
1.766443,1.445192,-0.872406
1.768196,1.454253,-0.869775
1.760304,1.449284,-0.87679
1.767904,1.451038,-0.877667
1.761181,1.45133,-0.877814
1.762643,1.454253,-0.873283
1.76615,1.447822,-0.879714
1.763519,1.446945,-0.861883
1.761766,1.448992,-0.878252
1.765273,1.44753,-0.870798
1.764104,1.447238,-0.876498
1.758842,1.450161,-0.865536
1.760012,1.446361,-0.87299
1.766443,1.451038,-0.86729
1.765273,1.452499,-0.875329
1.763812,1.452499,-0.862613
1.770243,1.456007,-0.873721
1.76235,1.445776,-0.897398
1.760304,1.450453,-0.880883
1.767027,1.448699,-0.868606
1.770535,1.453961,-0.869336
1.763519,1.444022,-0.870506
1.761473,1.454545,-0.887898
1.769658,1.452499,-0.871237
1.763519,1.459515,-0.87299
1.771996,1.460392,-0.875621
1.765273,1.453668,-0.871675
1.767904,1.459515,-0.872113
1.759427,1.454253,-0.876206
1.761181,1.456884,-0.873283
1.768196,1.453961,-0.867729
1.764396,1.450161,-0.865536
1.768781,1.442268,-0.864659
1.780766,1.42356,-0.868898
1.788658,1.393452,-0.858959
1.808828,1.34259,-0.83499
1.833674,1.308682,-0.817013
1.846828,1.281497,-0.800643
1.861444,1.264835,-0.781204
1.850336,1.267466,-0.786466
1.84829,1.266296,-0.797135
1.850044,1.272435,-0.793774
1.853552,1.270973,-0.783543
1.855305,1.252265,-0.770096
1.860275,1.245542,-0.774481
1.864659,1.242034,-0.766589
1.870213,1.240281,-0.755481
1.868167,1.232388,-0.763519
1.862029,1.235019,-0.763373
1.877521,1.237065,-0.76235
1.874306,1.236188,-0.758696
1.871967,1.239111,-0.758842
1.876937,1.23385,-0.751388
1.880444,1.229465,-0.76425
1.87606,1.234727,-0.75095
1.874306,1.237065,-0.751388
1.87869,1.234727,-0.754019
1.880444,1.230634,-0.755335
1.876644,1.230927,-0.721134
1.881321,1.227127,-0.754896
1.880152,1.224203,-0.746273
1.874013,1.226542,-0.75665
1.876352,1.22888,-0.738381
1.873137,1.227419,-0.746565
1.877521,1.22245,-0.747881
1.877813,1.226542,-0.742619
1.87489,1.228296,-0.734142
1.878106,1.229465,-0.750804
1.876352,1.22625,-0.760889
1.87869,1.226834,-0.767758
1.879567,1.228588,-0.752412
1.878983,1.235604,-0.748465
1.884537,1.230342,-0.754165
1.875475,1.227127,-0.747296
1.875183,1.227711,-0.750512
1.885706,1.226834,-0.753142
1.877813,1.23005,-0.753142
1.878983,1.22625,-0.747881
1.88746,1.231511,-0.751096
1.87869,1.221865,-0.744227
1.886291,1.218065,-0.754458
1.887752,1.228588,-0.738381
1.880737,1.21865,-0.750073
1.887752,1.223911,-0.741304
1.885121,1.220988,-0.747296
1.878106,1.224203,-0.743058
1.884537,1.223619,-0.758404
1.873429,1.225665,-0.740865
1.882783,1.231511,-0.749927
1.883952,1.223619,-0.750365
1.878106,1.225957,-0.755042
1.874306,1.224496,-0.746711
1.878106,1.22625,-0.734434
1.878106,1.231219,-0.743788
1.877521,1.223034,-0.744373
1.882783,1.237065,-0.741888
1.879275,1.223911,-0.742911
1.881906,1.233265,-0.753727
1.880444,1.22245,-0.751535
1.884537,1.226834,-0.753581
1.880737,1.230634,-0.749927
1.884244,1.231511,-0.756504
1.885706,1.229173,-0.756358
1.883367,1.226834,-0.744519
1.880737,1.224788,-0.71558
1.880444,1.227127,-0.751535
1.874306,1.223327,-0.749781
1.881906,1.223034,-0.743496
1.882491,1.219819,-0.739988
1.876644,1.228588,-0.748465
1.878983,1.227419,-0.746273
1.881029,1.22625,-0.752558
1.882491,1.22128,-0.749342
1.882491,1.221573,-0.749781
1.880444,1.219819,-0.752996
1.881321,1.225373,-0.75095
1.876352,1.219234,-0.759135
1.882198,1.223034,-0.743204
1.881906,1.22245,-0.753581
1.883952,1.22625,-0.753435
1.889798,1.228004,-0.754165
1.879275,1.222157,-0.746858
1.884537,1.22888,-0.751973
1.881906,1.228296,-0.754165
1.886291,1.224788,-0.744958
1.88366,1.227419,-0.751827
1.884537,1.223327,-0.742911
1.892137,1.22128,-0.749488
1.872844,1.220696,-0.736188
1.880152,1.218065,-0.741742
1.879567,1.223034,-0.737942
1.880444,1.227127,-0.754312
1.884244,1.222157,-0.747735
1.877229,1.225665,-0.742473
1.877229,1.226834,-0.757381
1.880152,1.220403,-0.752704
1.87869,1.224788,-0.742327
1.873429,1.22625,-0.743788
1.882198,1.22625,-0.757235
1.869629,1.23005,-0.751242
1.879275,1.223034,-0.754312
1.875767,1.227127,-0.733704
1.878398,1.223619,-0.741596
1.877813,1.225373,-0.744081
1.883367,1.221865,-0.752558
1.874306,1.223327,-0.753727
1.874306,1.220111,-0.753873
1.884537,1.231219,-0.74145
1.883952,1.228004,-0.749488
1.882491,1.22508,-0.764396
1.885121,1.229173,-0.763081
1.881614,1.230634,-0.742327
1.88366,1.232388,-0.741596
1.874598,1.230342,-0.754312
1.884244,1.231219,-0.753727
1.880444,1.264543,-0.745688
1.87606,1.22888,-0.753581
1.880737,1.223619,-0.748612
1.882198,1.223327,-0.754896
1.883952,1.220696,-0.756212
1.877521,1.225373,-0.758842
1.880444,1.223034,-0.756212
1.876937,1.220988,-0.741742
1.876644,1.224496,-0.755773
1.886583,1.225665,-0.750658
1.882491,1.22128,-0.759866
1.886291,1.228296,-0.751681
1.87869,1.220696,-0.751973
1.877229,1.22245,-0.757527
1.87869,1.224496,-0.755773
1.882491,1.227419,-0.747442
1.880444,1.225373,-0.745396
1.87489,1.227127,-0.747442
1.880444,1.220988,-0.747588
1.884829,1.229173,-0.748904
1.87869,1.228296,-0.758112
1.882491,1.221865,-0.748904
1.877229,1.228296,-0.755042
1.877813,1.232096,-0.743642
1.87226,1.22508,-0.750512
1.877813,1.228004,-0.740427
1.873429,1.225665,-0.747004
1.882491,1.231511,-0.746273
1.884244,1.219819,-0.750219
1.883367,1.219819,-0.765419
1.87489,1.220988,-0.755919
1.873137,1.22245,-0.758404
1.883075,1.22128,-0.749635
1.874013,1.216603,-0.752412
1.876644,1.215434,-0.760889
1.878983,1.214557,-0.752996
1.884537,1.220111,-0.751242
1.874013,1.219234,-0.755189
1.881321,1.224788,-0.764104
1.875475,1.229465,-0.766881
1.87109,1.223327,-0.753581
1.872552,1.219234,-0.754019
1.874306,1.218942,-0.752265
1.877813,1.230634,-0.760742
1.871967,1.217188,-0.752412
1.87986,1.220111,-0.755481
1.874306,1.222157,-0.756942
1.87986,1.216896,-0.758989
1.878398,1.225373,-0.754604
1.874306,1.223034,-0.75095
1.879567,1.224203,-0.749781
1.881614,1.219526,-0.745981
1.88366,1.231219,-0.744958
1.878106,1.224496,-0.757819
1.882491,1.222157,-0.746127
1.874013,1.222157,-0.755481
1.882491,1.219819,-0.753581
1.874013,1.220111,-0.754896
1.880152,1.227419,-0.749927
1.888921,1.214849,-0.75665
1.879275,1.219819,-0.751973
1.878983,1.23005,-0.759281
1.885414,1.223911,-0.744373
1.882783,1.224203,-0.751388
1.873721,1.231511,-0.760596
1.876644,1.219819,-0.757527
1.880444,1.230634,-0.747004
1.889214,1.22625,-0.756942
1.878983,1.221573,-0.749488
1.884244,1.231219,-0.754312
1.882491,1.222742,-0.744519
1.878106,1.223619,-0.751096
1.885121,1.219234,-0.754312
1.873137,1.222157,-0.744665
1.87869,1.23005,-0.755335
1.881321,1.232096,-0.749635
1.877229,1.223911,-0.748027
1.881029,1.227127,-0.738965
1.881029,1.225373,-0.749635
1.879275,1.229465,-0.757381
1.874306,1.225665,-0.744081
1.877521,1.223911,-0.751827
1.884829,1.221573,-0.750512
1.880444,1.227127,-0.744958
1.875475,1.227711,-0.746858
1.877813,1.219819,-0.745981
1.876937,1.230342,-0.742473
1.874598,1.224203,-0.745396
1.873137,1.22508,-0.750073
1.876937,1.223619,-0.753435
1.875475,1.223619,-0.743788
1.87869,1.22128,-0.751096
1.880737,1.223034,-0.753289
1.876937,1.233557,-0.739258
1.885706,1.223911,-0.74335
1.883952,1.223034,-0.745981
1.877229,1.224496,-0.750219
1.876644,1.220403,-0.740134
1.87606,1.22625,-0.751681
1.87489,1.216019,-0.753727
1.877521,1.220696,-0.741742
1.878983,1.22625,-0.759719
1.885414,1.226834,-0.750219
1.878398,1.226834,-0.755042
1.878398,1.22508,-0.748758
1.881321,1.225373,-0.746858
1.878983,1.228004,-0.748173
1.874013,1.225373,-0.754165
1.88366,1.22625,-0.75095
1.881029,1.227127,-0.755335
1.883367,1.22625,-0.738673
1.888629,1.225373,-0.758112
1.871383,1.220988,-0.746273
1.878106,1.22128,-0.747296
1.878983,1.220696,-0.748027
1.87869,1.225373,-0.755335
1.870213,1.230342,-0.752704
1.877521,1.22245,-0.752996
1.881029,1.226834,-0.747442
1.882198,1.221865,-0.748612
1.883075,1.227127,-0.745835
1.888337,1.225957,-0.746858
1.878983,1.228296,-0.745542
1.880152,1.227711,-0.751827
1.875475,1.225665,-0.748904
1.87489,1.224203,-0.746565
1.880737,1.225373,-0.749342
1.875183,1.229465,-0.747588
1.872552,1.227419,-0.753727
1.872844,1.223911,-0.746273
1.878398,1.230342,-0.743058
1.872552,1.22888,-0.757966
1.881321,1.232388,-0.748612
1.876937,1.227127,-0.739404
1.876352,1.227127,-0.741596
1.883075,1.22245,-0.754019
1.877813,1.224203,-0.748173
1.87606,1.227127,-0.744081
1.87606,1.228588,-0.751827
1.875475,1.223911,-0.738527
1.877813,1.224788,-0.747881
1.877229,1.226542,-0.753142
1.880737,1.227711,-0.753727
1.885414,1.223619,-0.762643
1.881614,1.222742,-0.750512
1.878106,1.228004,-0.763081
1.882491,1.223619,-0.759573
1.873137,1.217773,-0.749342
1.877229,1.221573,-0.738965
1.877229,1.220111,-0.754896
1.875183,1.219234,-0.750365
1.880444,1.219234,-0.741596
1.880444,1.220111,-0.763812
1.873721,1.214849,-0.761619
1.87226,1.221865,-0.742765
1.875183,1.226834,-0.756942
1.880152,1.214849,-0.752412
1.875767,1.216603,-0.753289
1.881029,1.223911,-0.742181
1.88366,1.21368,-0.75665
1.875183,1.225373,-0.74335
1.873721,1.219819,-0.752704
1.87986,1.217188,-0.745104
1.876937,1.219819,-0.743058
1.881906,1.225957,-0.746273
1.882783,1.214557,-0.758258
1.879275,1.215726,-0.747442
1.880737,1.219526,-0.758404
1.888337,1.220403,-0.759719
1.877813,1.229465,-0.751535
1.876644,1.224788,-0.755335
1.877521,1.219526,-0.744519
1.877521,1.220988,-0.757235
1.873721,1.219526,-0.761766
1.873137,1.218357,-0.749927
1.87986,1.220403,-0.751681
1.879567,1.22245,-0.744373
1.875183,1.215434,-0.756504
1.881029,1.224203,-0.747442
1.878398,1.22888,-0.749927
1.880152,1.219819,-0.757381
1.87226,1.224788,-0.755627
1.873721,1.227127,-0.757966
1.880444,1.216311,-0.758696
1.875475,1.212803,-0.742327
1.876644,1.216019,-0.754312
1.866706,1.220111,-0.749342
1.878398,1.220111,-0.755042
1.882491,1.222157,-0.750658
1.87606,1.225373,-0.753289
1.870798,1.222157,-0.750219
1.878983,1.218357,-0.739988
1.875475,1.227419,-0.747442
1.874013,1.22625,-0.745981
1.873721,1.218942,-0.748612
1.876352,1.220403,-0.753435
1.879567,1.22625,-0.743935
1.871675,1.219526,-0.738819
1.867875,1.215142,-0.741742
1.877229,1.219234,-0.740719
1.877229,1.218357,-0.748027
1.872844,1.213973,-0.747735
1.878983,1.220403,-0.760012
1.875183,1.214849,-0.742181
1.873721,1.225373,-0.75095
1.876937,1.219526,-0.748612
1.876644,1.22888,-0.749635
1.871967,1.21865,-0.754312
1.877229,1.223327,-0.736627
1.872844,1.22245,-0.742473
1.877521,1.22128,-0.743058
1.883367,1.23005,-0.74335
1.87606,1.225373,-0.748173
1.876937,1.220988,-0.780474
1.881906,1.225957,-0.749488
1.876644,1.223619,-0.742765
1.878983,1.219234,-0.745396
1.882783,1.215726,-0.752704
1.881321,1.220696,-0.745835
1.87489,1.220111,-0.748173
1.876644,1.225957,-0.744811
1.881906,1.219526,-0.749342
1.879275,1.218357,-0.742327
1.881614,1.218942,-0.745981
1.883075,1.220988,-0.740134
1.875183,1.220988,-0.750073
1.876937,1.214557,-0.753289
1.879567,1.22128,-0.744958
1.873137,1.212219,-0.753581
1.874306,1.221573,-0.748612
1.871383,1.219234,-0.744373
1.878106,1.223911,-0.754019
1.876937,1.229465,-0.744665
1.877813,1.223034,-0.743204
1.878106,1.21865,-0.756796
1.877813,1.215726,-0.738673
1.877813,1.217773,-0.749196
1.87606,1.224203,-0.746273
1.872844,1.222157,-0.745104
1.879275,1.225665,-0.747881
1.877229,1.22245,-0.74905
1.874598,1.220988,-0.742473
1.879275,1.222157,-0.752996
1.881029,1.222742,-0.734142
1.875475,1.223327,-0.746419
1.878983,1.220696,-0.736919
1.878106,1.223619,-0.75475
1.875183,1.213096,-0.753435
1.878983,1.219234,-0.742765
1.874598,1.216019,-0.756504
1.878983,1.223327,-0.746711
1.880444,1.219819,-0.746858
1.879567,1.227419,-0.744519
1.878398,1.22128,-0.749342
1.871967,1.227419,-0.751388
1.875767,1.226834,-0.749342
1.874306,1.222742,-0.752412
1.878983,1.218357,-0.747004
1.877229,1.212803,-0.741888
1.875183,1.224203,-0.741888
1.872552,1.222157,-0.750658
1.880152,1.223619,-0.744373
1.87986,1.220696,-0.748758
1.877813,1.22508,-0.743058
1.875475,1.22508,-0.733557
1.880152,1.221865,-0.743058
1.875183,1.222157,-0.743788
1.880152,1.22245,-0.748465
1.881321,1.224788,-0.75475
1.876352,1.220988,-0.754019
1.874306,1.221865,-0.742473
1.884537,1.218065,-0.739842
1.886875,1.221865,-0.745104
1.884537,1.219526,-0.748027
1.882198,1.219819,-0.748758
1.87606,1.217773,-0.755919
1.87606,1.214557,-0.742181
1.879567,1.225373,-0.731657
1.875475,1.218942,-0.752119
1.883075,1.22508,-0.742181
1.882491,1.218942,-0.750073
1.880444,1.216603,-0.745835
1.883075,1.218942,-0.744519
1.879275,1.214849,-0.731073
1.877521,1.225373,-0.742911
1.873721,1.21865,-0.756065
1.883075,1.222742,-0.743642
1.881321,1.217188,-0.741011
1.878983,1.219526,-0.742181
1.883952,1.22245,-0.745396
1.884537,1.213973,-0.745104
1.879275,1.224496,-0.749781
1.875475,1.223034,-0.746711
1.877229,1.222742,-0.754165
1.878398,1.221865,-0.748027
1.873721,1.22128,-0.752265
1.877813,1.22245,-0.785589
1.880152,1.223619,-0.748465
1.873429,1.226834,-0.744958
1.879275,1.228004,-0.746419
1.873721,1.223034,-0.745104
1.87489,1.225665,-0.749196
1.882198,1.223034,-0.750804
1.881029,1.216019,-0.758696
1.879275,1.225957,-0.748612
1.877813,1.229465,-0.751388
1.880152,1.222157,-0.75285
1.881614,1.226834,-0.739842
1.871383,1.22625,-0.748027
1.876644,1.223034,-0.756065
1.869044,1.223034,-0.753142
1.874306,1.22245,-0.744665
1.878983,1.223327,-0.74715
1.875475,1.224203,-0.74715
1.882491,1.225373,-0.755189
1.875475,1.221573,-0.751827
1.880444,1.229173,-0.754604
1.881029,1.226834,-0.746419
1.880444,1.21865,-0.752558
1.87606,1.227127,-0.751535
1.87869,1.223034,-0.751242
1.880737,1.225373,-0.74715
1.884244,1.223034,-0.753873
1.884829,1.216603,-0.749927
1.877521,1.218357,-0.749635
1.880444,1.218065,-0.745688
1.881321,1.226834,-0.747442
1.874013,1.22888,-0.761035
1.873429,1.22625,-0.747735
1.876644,1.223327,-0.754312
1.87869,1.21865,-0.751388
1.878106,1.217773,-0.747881
1.87869,1.216311,-0.753873
1.878398,1.223619,-0.74905
1.879275,1.225957,-0.75475
1.877521,1.219234,-0.740427
1.874306,1.231804,-0.739696
1.878398,1.220696,-0.741742
1.877813,1.224788,-0.745542
1.874598,1.223034,-0.749927
1.875475,1.22888,-0.715288
1.878106,1.228296,-0.740865
1.884829,1.229465,-0.714849
1.870798,1.223034,-0.742181
1.873137,1.22625,-0.739988
1.882491,1.262789,-0.742034
1.876644,1.223911,-0.742619
1.883952,1.229465,-0.740134
1.875475,1.225373,-0.735457
1.877229,1.224203,-0.742181
1.879567,1.228004,-0.752265
1.870798,1.223619,-0.757527
1.867583,1.216896,-0.748027
1.870798,1.226542,-0.740719
1.875767,1.22245,-0.740427
1.882491,1.21748,-0.734873
1.876352,1.221573,-0.741888
1.876352,1.223327,-0.750804
1.878398,1.218065,-0.740427
1.880737,1.219526,-0.757089
1.874013,1.216019,-0.741742
1.881321,1.218065,-0.749196
1.876644,1.218065,-0.753581
1.881029,1.218357,-0.75285
1.875767,1.220111,-0.749342
1.883367,1.220696,-0.746273
1.877813,1.225665,-0.743935
1.873429,1.223911,-0.746273
1.881321,1.220403,-0.75095
1.881614,1.223034,-0.747588
1.883367,1.224203,-0.755627
1.87869,1.227127,-0.747735
1.882783,1.227419,-0.743496
1.876937,1.225373,-0.744227
1.886875,1.225957,-0.739111
1.888921,1.232973,-0.747881
1.883075,1.230634,-0.742911
1.882783,1.227127,-0.747735
1.879567,1.220111,-0.745688
1.885706,1.223619,-0.745688
1.87606,1.219526,-0.743788
1.877521,1.22128,-0.748612
1.880444,1.223034,-0.744081
1.879275,1.219526,-0.748319
1.886583,1.22625,-0.742327
1.880152,1.220111,-0.742911
1.882491,1.223034,-0.74145
1.877229,1.225373,-0.746565
1.879275,1.227419,-0.779743
1.878106,1.225665,-0.728588
1.875183,1.22128,-0.748758
1.883952,1.225373,-0.745835
1.880152,1.224788,-0.748612
1.884244,1.217188,-0.745688
1.882491,1.218942,-0.743496
1.877813,1.227127,-0.748173
1.873721,1.222742,-0.75285
1.878398,1.224203,-0.73765
1.880152,1.222742,-0.751388
1.882783,1.223327,-0.740281
1.88366,1.228588,-0.744958
1.881029,1.223034,-0.750804
1.884829,1.22128,-0.747442
1.874013,1.222742,-0.743642
1.876644,1.228004,-0.743935
1.87606,1.22508,-0.741742
1.876937,1.222742,-0.73078
1.869629,1.220111,-0.741742
1.883075,1.22508,-0.745104
1.87869,1.227127,-0.744373
1.878106,1.226834,-0.737211
1.880152,1.21748,-0.738819
1.87869,1.223034,-0.737796
1.87869,1.224496,-0.747296
1.882491,1.223327,-0.741596
1.870506,1.220696,-0.748319
1.885706,1.225665,-0.738527
1.87489,1.222742,-0.751096
1.878106,1.224496,-0.742327
1.878106,1.221865,-0.738381
1.878398,1.226542,-0.736481
1.874598,1.219526,-0.734581
1.874306,1.22128,-0.743058
1.875183,1.21748,-0.738819
1.87869,1.223034,-0.742034
1.877229,1.215726,-0.741888
1.880737,1.223911,-0.749927
1.880444,1.220111,-0.746419
1.885414,1.220111,-0.744958
1.880737,1.22128,-0.756942
1.877521,1.218065,-0.78135
1.872844,1.214557,-0.738819
1.883367,1.222157,-0.753581
1.880444,1.220988,-0.74525
1.840982,1.225373,-0.746273
1.872844,1.22128,-0.755773
1.87606,1.220696,-0.750512
1.87606,1.225957,-0.742911
1.87869,1.224496,-0.746273
1.87606,1.222157,-0.752558
1.866121,1.221573,-0.750073
1.874598,1.21368,-0.739842
1.868459,1.216896,-0.743788
1.871675,1.218065,-0.742911
1.880152,1.221865,-0.749781
1.878398,1.227419,-0.738381
1.885706,1.214265,-0.746273
1.879275,1.223911,-0.738088
1.878398,1.222157,-0.749342
1.869629,1.221573,-0.743204
1.877229,1.214557,-0.748612
1.87489,1.215726,-0.751681
1.877521,1.222157,-0.747881
1.875183,1.230634,-0.743058
1.877229,1.22128,-0.754312
1.872552,1.225665,-0.753727
1.868459,1.223034,-0.762496
1.87109,1.220403,-0.755189
1.878398,1.22625,-0.747735
1.87489,1.22625,-0.750073
1.871675,1.227419,-0.74525
1.875475,1.22508,-0.743935
1.87986,1.220403,-0.748173
1.872552,1.229757,-0.744958
1.870506,1.227711,-0.74905
1.875183,1.231511,-0.746711
1.87489,1.227711,-0.737796
1.871675,1.223327,-0.749635
1.872844,1.22128,-0.75095
1.877521,1.224788,-0.744373
1.869921,1.223619,-0.742765
1.875183,1.224203,-0.744665
1.886583,1.231219,-0.744373
1.880737,1.224788,-0.749927
1.875475,1.222742,-0.713096
1.883367,1.22625,-0.747735
1.880152,1.223034,-0.744665
1.875183,1.22245,-0.74905
1.87606,1.22245,-0.746127
1.881906,1.22625,-0.751973
1.878398,1.224788,-0.753727
1.885998,1.225373,-0.743058
1.877229,1.223619,-0.744811
1.881029,1.226834,-0.746127
1.883367,1.230927,-0.756942
1.877813,1.225665,-0.746858
1.880737,1.215726,-0.751681
1.884244,1.216311,-0.749927
1.877813,1.227127,-0.75095
1.876937,1.227419,-0.746127
1.878398,1.223327,-0.751973
1.871675,1.220988,-0.752265
1.873721,1.221573,-0.74715
1.886291,1.221573,-0.754458
1.88366,1.23005,-0.745396
1.881321,1.228296,-0.742181
1.885998,1.22508,-0.739258
1.877813,1.230927,-0.750658
1.879275,1.223327,-0.745396
1.881029,1.238234,-0.743788
1.874598,1.230342,-0.743788
1.884537,1.228588,-0.742619
1.878398,1.231219,-0.740865
1.878106,1.222157,-0.73575
1.879275,1.22245,-0.744081
1.881029,1.222742,-0.745981
1.871383,1.223619,-0.739111
1.880444,1.225957,-0.743204
1.881321,1.228004,-0.75095
1.881906,1.227419,-0.740719
1.879567,1.223327,-0.753727
1.878398,1.215726,-0.738234
1.878398,1.232096,-0.750365
1.881906,1.229465,-0.753435
1.880152,1.221865,-0.741888
1.871675,1.22128,-0.739696
1.875475,1.232681,-0.754604
1.882491,1.224496,-0.749927
1.877813,1.228296,-0.747296
1.877229,1.229757,-0.747296
1.877813,1.226834,-0.747735
1.879567,1.219526,-0.755189
1.883075,1.220111,-0.751242
1.880444,1.220696,-0.749488
1.881906,1.219819,-0.750658
1.876644,1.220988,-0.747004
1.876644,1.220988,-0.743058
1.876352,1.221573,-0.749781
1.87606,1.21865,-0.747442
1.873137,1.223327,-0.75475
1.881321,1.220696,-0.753873
1.87606,1.223911,-0.752558
1.880737,1.219819,-0.756796
1.878983,1.224203,-0.748904
1.874598,1.228296,-0.745542
1.874306,1.224496,-0.755627
1.880444,1.22245,-0.754458
1.87489,1.224203,-0.756212
1.878106,1.220696,-0.742911
1.88366,1.219526,-0.747881
1.880152,1.226834,-0.75095
1.875767,1.223911,-0.74335
1.87226,1.224496,-0.748027
1.881906,1.223327,-0.766004
1.87869,1.23005,-0.745396
1.87489,1.221865,-0.751535
1.87489,1.224496,-0.736627
1.873721,1.226542,-0.744373
1.868459,1.223911,-0.744665
1.87606,1.229465,-0.749927
1.870213,1.22128,-0.750219
1.877813,1.227419,-0.746419
1.877813,1.228296,-0.73575
1.87489,1.23005,-0.751388
1.875183,1.230634,-0.742619
1.875183,1.226542,-0.746711
1.874306,1.228004,-0.742327
1.875183,1.223327,-0.746858
1.875183,1.223619,-0.743788
1.871383,1.223619,-0.74335
1.873721,1.222742,-0.742181
1.87226,1.225665,-0.748904
1.87986,1.223034,-0.741304
1.87489,1.228296,-0.74335
1.870506,1.22245,-0.744227
1.869629,1.223911,-0.738965
1.877813,1.220403,-0.734727
1.881321,1.223327,-0.739111
1.875183,1.218357,-0.744081
1.876352,1.225957,-0.742473
1.878983,1.220988,-0.75095
1.873137,1.225957,-0.743496
1.872844,1.220403,-0.748319
1.880444,1.219234,-0.746127
1.883075,1.227711,-0.737942
1.871675,1.222157,-0.739988
1.86729,1.215726,-0.737504
1.879275,1.21748,-0.742473
1.877229,1.224203,-0.740865
1.874013,1.22128,-0.735311
1.875475,1.225957,-0.746419
1.873429,1.216603,-0.737504
1.876937,1.216311,-0.736042
1.871675,1.219526,-0.750073
1.871967,1.223034,-0.748319
1.880152,1.228004,-0.75095
1.878106,1.219819,-0.735604
1.874306,1.225665,-0.746711
1.881321,1.224788,-0.745835
1.87986,1.22245,-0.74715
1.869921,1.223327,-0.750073
1.880444,1.228296,-0.744665
1.880444,1.220403,-0.749342
1.873137,1.22128,-0.763081
1.876644,1.227711,-0.755481
1.875475,1.220403,-0.75475
1.881029,1.22128,-0.746858
1.87986,1.221865,-0.75475
1.879567,1.223911,-0.744958
1.882491,1.226542,-0.762496
1.877813,1.229757,-0.758258
1.868459,1.237942,-0.763666
1.859398,1.252558,-0.784274
1.851798,1.277989,-0.798158
1.843321,1.285881,-0.792751
1.844198,1.285589,-0.799182
1.847413,1.282958,-0.797574
1.842444,1.284712,-0.795381
1.845075,1.286174,-0.794797
1.845075,1.290266,-0.794358
1.836597,1.294651,-0.793628
1.84069,1.294066,-0.80722
1.832505,1.302835,-0.798012
1.84069,1.301666,-0.810143
1.841274,1.300205,-0.813797
1.837182,1.304297,-0.809997
1.833674,1.301958,-0.808389
1.841567,1.298743,-0.804882
1.83689,1.307805,-0.821982
1.836597,1.306343,-0.802689
1.800935,1.313651,-0.809559
1.800058,1.310728,-0.80722
1.839228,1.301082,-0.803274
1.837474,1.312189,-0.818766
1.835428,1.307512,-0.806782
1.837182,1.305759,-0.815697
1.835721,1.304589,-0.806197
1.841567,1.300789,-0.802835
1.837767,1.305174,-0.811897
1.835721,1.306928,-0.812482
1.837474,1.306051,-0.814674
1.841274,1.30342,-0.808682
1.831921,1.310728,-0.804735
1.832797,1.304005,-0.809266
1.83689,1.299912,-0.803274
1.833967,1.302543,-0.815843
1.835721,1.306928,-0.820082
1.828705,1.304005,-0.81292
1.836597,1.306928,-0.819643
1.838644,1.308389,-0.808243
1.83689,1.308974,-0.803712
1.832797,1.304297,-0.818182
1.838351,1.303712,-0.815405
1.833674,1.310436,-0.808243
1.842736,1.302543,-0.804589
1.839813,1.306051,-0.813797
1.835721,1.298158,-0.814966
1.833967,1.305466,-0.812628
1.833674,1.301374,-0.806489
1.845075,1.313651,-0.806489
1.837474,1.310436,-0.816866
1.84069,1.301958,-0.81672
1.835721,1.304005,-0.811312
1.840105,1.313943,-0.813359
1.841567,1.302251,-0.81789
1.835428,1.304882,-0.810143
1.834551,1.302835,-0.812628
1.841567,1.308097,-0.811312
1.831921,1.309266,-0.812189
1.832797,1.30722,-0.808974
1.835721,1.305174,-0.799182
1.833382,1.308974,-0.812336
1.838644,1.306635,-0.82242
1.831921,1.303712,-0.816866
1.834551,1.306928,-0.816136
1.832213,1.305174,-0.815697
1.838644,1.305759,-0.820082
1.828997,1.307512,-0.80912
1.834844,1.310728,-0.85779
1.840105,1.296405,-0.813943
1.837182,1.300497,-0.819059
1.839813,1.310728,-0.812043
1.84069,1.308682,-0.815989
1.837182,1.310143,-0.812189
1.829874,1.344051,-0.820959
1.837182,1.304297,-0.815405
1.835428,1.306928,-0.815551
1.839228,1.301666,-0.820082
1.836013,1.302835,-0.818766
1.832213,1.305759,-0.81292
1.834259,1.306051,-0.820374
1.834259,1.311312,-0.815551
1.83689,1.309559,-0.817013
1.838936,1.297282,-0.815551
1.843905,1.306928,-0.821836
1.840398,1.304005,-0.817013
1.834259,1.301958,-0.80722
1.838059,1.304882,-0.804005
1.838059,1.302251,-0.817013
1.835721,1.298451,-0.813943
1.841567,1.302835,-0.825051
1.841567,1.301958,-0.803712
1.838059,1.302835,-0.805612
1.84069,1.306343,-0.808243
1.837474,1.312482,-0.810289
1.833674,1.306051,-0.818036
1.839813,1.298451,-0.80532
1.833674,1.305174,-0.806343
1.835721,1.306635,-0.818766
1.828997,1.306343,-0.804443
1.831044,1.303712,-0.810289
1.824905,1.302835,-0.811166
1.839813,1.309559,-0.81292
1.833674,1.308389,-0.807074
1.831336,1.304589,-0.811459
1.832213,1.303712,-0.80152
1.828997,1.30722,-0.801959
1.82929,1.303128,-0.815259
1.837474,1.306343,-0.818328
1.838059,1.306343,-0.811897
1.842151,1.308974,-0.811312
1.837182,1.308389,-0.808389
1.836597,1.309851,-0.81862
1.828705,1.304882,-0.806489
1.839521,1.299912,-0.811166
1.83689,1.303128,-0.810436
1.833967,1.306051,-0.804443
1.837182,1.306051,-0.818913
1.834844,1.298158,-0.813066
1.833674,1.30722,-0.805466
1.834844,1.30722,-0.806782
1.831044,1.304589,-0.80152
1.836013,1.309851,-0.809266
1.836305,1.304589,-0.813797
1.837474,1.305759,-0.809705
1.839228,1.309559,-0.811312
1.839813,1.304589,-0.809559
1.842736,1.303128,-0.815843
1.838351,1.305466,-0.819936
1.837182,1.302543,-0.811312
1.836305,1.304297,-0.811312
1.835136,1.294358,-0.816574
1.839228,1.301374,-0.812189
1.82929,1.299912,-0.795528
1.839228,1.305174,-0.808974
1.832797,1.302251,-0.80722
1.831628,1.302835,-0.809412
1.835136,1.299912,-0.811312
1.837767,1.301374,-0.810582
1.833382,1.304882,-0.810874
1.838644,1.312189,-0.817451
1.836305,1.300205,-0.811166
1.83309,1.305759,-0.819205
1.837474,1.303128,-0.806197
1.839813,1.304005,-0.802251
1.835721,1.30722,-0.804005
1.84449,1.307512,-0.805759
1.831628,1.304005,-0.820666
1.835721,1.315113,-0.808389
1.844198,1.296697,-0.810582
1.839813,1.305174,-0.811897
1.831628,1.301666,-0.806928
1.835136,1.30342,-0.809266
1.839228,1.309559,-0.816428
1.838351,1.309559,-0.814236
1.838644,1.304297,-0.827097
1.838644,1.299035,-0.803859
1.836305,1.299912,-0.817743
1.841859,1.300205,-0.816574
1.839228,1.308389,-0.808682
1.83689,1.308974,-0.804882
1.830167,1.297282,-0.801374
1.837767,1.301082,-0.817013
1.838351,1.30342,-0.815259
1.843028,1.305174,-0.810728
1.837474,1.309266,-0.81979
1.832797,1.305759,-0.811897
1.839813,1.309266,-0.811459
1.833967,1.306635,-0.814528
1.833967,1.302543,-0.818182
1.83689,1.30722,-0.816136
1.837474,1.308682,-0.806197
1.83689,1.310143,-0.808243
1.831628,1.309559,-0.812774
1.834551,1.300789,-0.81862
1.829582,1.304297,-0.823151
1.839813,1.303712,-0.813505
1.838059,1.309559,-0.811605
1.832213,1.302251,-0.818036
1.831628,1.30342,-0.812482
1.835721,1.302251,-0.809997
1.829582,1.305174,-0.811605
1.834551,1.306635,-0.804005
1.833382,1.299328,-0.814236
1.839228,1.309559,-0.809412
1.832213,1.303128,-0.810728
1.83309,1.304589,-0.802105
1.83689,1.305466,-0.812628
1.841567,1.303712,-0.804297
1.834844,1.307805,-0.800789
1.838936,1.303128,-0.807512
1.832213,1.29962,-0.810436
1.831628,1.299328,-0.811312
1.831628,1.303712,-0.808243
1.841274,1.307805,-0.813213
1.833967,1.344928,-0.806051
1.833967,1.306928,-0.809851
1.839813,1.305759,-0.801959
1.836305,1.308974,-0.804297
1.826951,1.30342,-0.81979
1.830459,1.308682,-0.815843
1.828413,1.306635,-0.808536
1.83309,1.307512,-0.804882
1.830459,1.304589,-0.814966
1.831336,1.304882,-0.808536
1.82929,1.308974,-0.810289
1.827828,1.301374,-0.809997
1.831044,1.299328,-0.798012
1.82929,1.306051,-0.806928
1.82812,1.30342,-0.813213
1.834844,1.298451,-0.811166
1.833967,1.301958,-0.82739
1.839521,1.302835,-0.80342
1.838351,1.304589,-0.816136
1.831044,1.301082,-0.807951
1.83689,1.303712,-0.81102
1.836597,1.304297,-0.815989
1.831336,1.304297,-0.805759
1.839813,1.301958,-0.801666
1.837767,1.305466,-0.806635
1.840982,1.305174,-0.808243
1.839228,1.30722,-0.811605
1.832505,1.309266,-0.812043
1.832213,1.304589,-0.814528
1.83309,1.304589,-0.808828
1.838644,1.30342,-0.812189
1.840982,1.307512,-0.805028
1.837182,1.302835,-0.812774
1.833674,1.306928,-0.800058
1.833382,1.309266,-0.795966
1.839521,1.307805,-0.808828
1.830167,1.304005,-0.816866
1.828997,1.306928,-0.816574
1.833674,1.297866,-0.816282
1.837767,1.309266,-0.830167
1.839521,1.306635,-0.810289
1.836305,1.309559,-0.812482
1.840105,1.304297,-0.819059
1.835428,1.307512,-0.815405
1.840982,1.304882,-0.811166
1.834551,1.308682,-0.824028
1.845659,1.310728,-0.811166
1.836305,1.30342,-0.809851
1.838936,1.304882,-0.807366
1.836305,1.297574,-0.818474
1.841274,1.301958,-0.815113
1.833674,1.301082,-0.807512
1.837474,1.302251,-0.81672
1.838351,1.301958,-0.817597
1.837182,1.303712,-0.816428
1.836305,1.305759,-0.816136
1.838936,1.298743,-0.80912
1.836305,1.299912,-0.813359
1.840105,1.297574,-0.818328
1.838351,1.299035,-0.825051
1.840105,1.299035,-0.799912
1.843321,1.305466,-0.822274
1.840105,1.305759,-0.812482
1.836305,1.30342,-0.810728
1.838059,1.305466,-0.815259
1.834551,1.306343,-0.809412
1.842151,1.306051,-0.817159
1.83309,1.313359,-0.809266
1.838644,1.305174,-0.817451
1.836597,1.306635,-0.813651
1.837767,1.309851,-0.810436
1.837767,1.304589,-0.811459
1.835721,1.31102,-0.810728
1.836013,1.304589,-0.817597
1.839813,1.29962,-0.813943
1.838936,1.304882,-0.815551
1.838936,1.30342,-0.818766
1.840398,1.299912,-0.812043
1.838936,1.297282,-0.81979
1.837182,1.305174,-0.81979
1.843905,1.306635,-0.814382
1.831921,1.304005,-0.809559
1.831921,1.300789,-0.820082
1.839521,1.305174,-0.810143
1.837182,1.308974,-0.813651
1.842736,1.301666,-0.811166
1.835721,1.309266,-0.830751
1.837767,1.302543,-0.813066
1.832213,1.300789,-0.806051
1.835136,1.301666,-0.810874
1.844198,1.302835,-0.813943
1.83689,1.310728,-0.81292
1.841859,1.309266,-0.805028
1.837474,1.301082,-0.815989
1.836597,1.298451,-0.818328
1.83689,1.29962,-0.812482
1.83689,1.302543,-0.814966
1.841567,1.308097,-0.806343
1.839228,1.301374,-0.815259
1.834551,1.311312,-0.814674
1.831628,1.304882,-0.80912
1.841274,1.300497,-0.810143
1.838936,1.313066,-0.813505
1.834844,1.306928,-0.81979
1.843613,1.303712,-0.817013
1.836013,1.307805,-0.810874
1.840982,1.305759,-0.806197
1.836597,1.310728,-0.81862
1.835721,1.306928,-0.810874
1.837182,1.304882,-0.813213
1.836013,1.302835,-0.808243
1.833674,1.304005,-0.811751
1.84449,1.309266,-0.808828
1.838351,1.308682,-0.81102
1.838059,1.307805,-0.818036
1.837474,1.311312,-0.803859
1.831336,1.301958,-0.808243
1.833382,1.300789,-0.813943
1.827828,1.306635,-0.81482
1.82812,1.302543,-0.816866
1.83689,1.306051,-0.818328
1.834551,1.301666,-0.819351
1.837767,1.308389,-0.815405
1.835136,1.306051,-0.808243
1.844198,1.306051,-0.808828
1.836597,1.308389,-0.815113
1.841567,1.305174,-0.807366
1.836597,1.302835,-0.813359
1.84069,1.301374,-0.819059
1.831044,1.304589,-0.81292
1.837182,1.305466,-0.812189
1.829582,1.29962,-0.821105
1.834551,1.313651,-0.814089
1.834551,1.308389,-0.81789
1.828997,1.306343,-0.814966
1.835136,1.305174,-0.808828
1.842151,1.302543,-0.806051
1.833382,1.301958,-0.803566
1.836305,1.304882,-0.80152
1.840982,1.30722,-0.812482
1.836597,1.300789,-0.810289
1.830751,1.300789,-0.814089
1.828997,1.30722,-0.817451
1.832797,1.301666,-0.811166
1.838644,1.298158,-0.82549
1.839521,1.297282,-0.821397
1.833967,1.299912,-0.808682
1.827536,1.296697,-0.815405
1.842736,1.308389,-0.810582
1.838644,1.301374,-0.810582
1.839228,1.30722,-0.808243
1.82812,1.301666,-0.808536
1.840982,1.304882,-0.804297
1.843321,1.318036,-0.82052
1.827828,1.308097,-0.820374
1.846244,1.304882,-0.809559
1.84069,1.301082,-0.811751
1.839521,1.301958,-0.806635
1.840982,1.302543,-0.816282
1.840398,1.304882,-0.816574
1.840398,1.303712,-0.822128
1.830459,1.309851,-0.82432
1.841567,1.299328,-0.820228
1.835721,1.300497,-0.819643
1.832505,1.299035,-0.809412
1.834259,1.301958,-0.815697
1.838936,1.301374,-0.808536
1.842444,1.299035,-0.821982
1.836013,1.301374,-0.816136
1.843613,1.297282,-0.813359
1.841274,1.300497,-0.814528
1.838351,1.301666,-0.811166
1.840982,1.306928,-0.826074
1.835428,1.30342,-0.815259
1.834259,1.294651,-0.822128
1.832213,1.299035,-0.809266
1.841567,1.299035,-0.816282
1.833674,1.29582,-0.812043
1.839813,1.302251,-0.816574
1.839521,1.306343,-0.810582
1.842151,1.298158,-0.826659
1.831044,1.300789,-0.814236
1.835428,1.301666,-0.819205
1.832505,1.300205,-0.808097
1.830459,1.300789,-0.815259
1.828705,1.301958,-0.813213
1.83689,1.301666,-0.801959
1.830167,1.295235,-0.808243
1.835428,1.294943,-0.819351
1.832797,1.299328,-0.821836
1.831921,1.302251,-0.80532
1.837767,1.297866,-0.809266
1.836013,1.301958,-0.813066
1.832213,1.296405,-0.804443
1.839228,1.298158,-0.808389
1.836597,1.296112,-0.814236
1.843028,1.301374,-0.805028
1.830459,1.301082,-0.810436
1.836597,1.302251,-0.813066
1.831044,1.303712,-0.807074
1.838059,1.301374,-0.805759
1.817597,1.316866,-0.819497
1.819059,1.332651,-0.820082
1.81672,1.347267,-0.830313
1.813505,1.352528,-0.832944
1.81292,1.359836,-0.843613
1.810289,1.355159,-0.834697
1.813505,1.357206,-0.841713
1.807659,1.367144,-0.847559
1.806782,1.35779,-0.839667
1.802982,1.36919,-0.855305
1.802689,1.367144,-0.841713
1.806197,1.357498,-0.845513
1.809705,1.370652,-0.851505
1.807951,1.371236,-0.849021
1.810582,1.369775,-0.860129
1.804735,1.359836,-0.853844
1.80532,1.365975,-0.851505
1.796258,1.374452,-0.835867
1.802982,1.374452,-0.853552
1.809412,1.371236,-0.848728
1.800058,1.370944,-0.855744
1.803859,1.373867,-0.851652
1.803274,1.363929,-0.851067
1.800058,1.368898,-0.849021
1.80532,1.370652,-0.846244
1.799474,1.367729,-0.854867
1.798597,1.368313,-0.853113
1.800351,1.370652,-0.845659
1.804735,1.368898,-0.848875
1.798305,1.369483,-0.845367
1.799182,1.375621,-0.850336
1.798012,1.369775,-0.856329
1.794505,1.36656,-0.859106
1.800935,1.37299,-0.85589
1.801812,1.37299,-0.853844
1.804151,1.370944,-0.845367
1.806489,1.376206,-0.839667
1.805905,1.374452,-0.846975
1.802982,1.370944,-0.852382
1.805612,1.375329,-0.834259
1.802689,1.373283,-0.841421
1.803566,1.370652,-0.848436
1.808828,1.378252,-0.848582
1.802982,1.371236,-0.849313
1.798597,1.372406,-0.854429
1.798305,1.372698,-0.845659
1.804443,1.370652,-0.84449
1.800351,1.369483,-0.850482
1.811166,1.377667,-0.849021
1.805612,1.373575,-0.855159
1.798012,1.377667,-0.85209
1.802982,1.368898,-0.847559
1.801812,1.367436,-0.856913
1.799182,1.376498,-0.840398
1.799474,1.373283,-0.852529
1.799766,1.367436,-0.850628
1.79772,1.363344,-0.844051
1.800058,1.370067,-0.845075
1.797135,1.37036,-0.854429
1.799766,1.367729,-0.848436
1.802105,1.374452,-0.84829
1.800351,1.376498,-0.850921
1.807366,1.370944,-0.839082
1.808535,1.374452,-0.842005
1.801228,1.366852,-0.842005
1.800643,1.371236,-0.839813
1.808243,1.377083,-0.851944
1.800351,1.372113,-0.846828
1.798597,1.368898,-0.854136
1.798305,1.373283,-0.851944
1.802982,1.376498,-0.849021
1.795966,1.379421,-0.857352
1.805028,1.371821,-0.849459
1.800058,1.373575,-0.844344
1.797135,1.37416,-0.849459
1.797135,1.37416,-0.854867
1.795966,1.368898,-0.855159
1.799766,1.365683,-0.847998
1.797428,1.371236,-0.841128
1.796258,1.373867,-0.846682
1.795089,1.375329,-0.839959
1.794212,1.374452,-0.838936
1.794212,1.366267,-0.837913
1.797428,1.37299,-0.84829
1.793628,1.373575,-0.844344
1.79392,1.372113,-0.838059
1.798012,1.375037,-0.846828
1.798889,1.377667,-0.858521
1.797428,1.37036,-0.839082
1.792458,1.375329,-0.851652
1.799474,1.380298,-0.836451
1.804151,1.382344,-0.849752
1.808828,1.374744,-0.839959
1.804735,1.372113,-0.850336
1.802105,1.374452,-0.853113
1.798305,1.38059,-0.851067
1.798305,1.373867,-0.841128
1.792751,1.375329,-0.844344
1.798012,1.372406,-0.844051
1.797135,1.37679,-0.843467
1.796258,1.375329,-0.837036
1.803274,1.368606,-0.846098
1.797428,1.370652,-0.842736
1.798305,1.370944,-0.843905
1.804151,1.369483,-0.850921
1.806197,1.372113,-0.854429
1.799474,1.364221,-0.837621
1.800643,1.386144,-0.853698
1.801812,1.372698,-0.854136
1.804443,1.375037,-0.847998
1.800351,1.371821,-0.852675
1.803566,1.376498,-0.852382
1.80152,1.371821,-0.843321
1.800351,1.375037,-0.851067
1.803859,1.380298,-0.844928
1.798305,1.37299,-0.843905
1.795381,1.376498,-0.852967
1.799182,1.372113,-0.843905
1.797135,1.368898,-0.84829
1.798889,1.372113,-0.851944
1.797428,1.379714,-0.851798
1.804151,1.37416,-0.846682
1.798305,1.375037,-0.838351
1.807366,1.371821,-0.847705
1.802689,1.375329,-0.856767
1.804151,1.371529,-0.860567
1.810874,1.37036,-0.852382
1.805905,1.374744,-0.863198
1.806489,1.372113,-0.866413
1.800058,1.377667,-0.856767
1.801812,1.372113,-0.850775
1.801812,1.373575,-0.856329
1.800643,1.374744,-0.864952
1.804443,1.371236,-0.852236
1.800935,1.368021,-0.858375
1.804151,1.371821,-0.850921
1.796258,1.373283,-0.862906
1.800058,1.372406,-0.864659
1.80152,1.371529,-0.856913
1.795674,1.379421,-0.844051
1.803859,1.372113,-0.862175
1.806489,1.36919,-0.853113
1.798305,1.372406,-0.843028
1.802689,1.373283,-0.853844
1.802105,1.367729,-0.849752
1.804443,1.374744,-0.856913
1.796258,1.374744,-0.860713
1.798889,1.37299,-0.850044
1.800351,1.372113,-0.845805
1.804735,1.38059,-0.849605
1.797135,1.371236,-0.855452
1.80152,1.375329,-0.855305
1.797135,1.377667,-0.851359
1.799766,1.375037,-0.844198
1.809997,1.372698,-0.852821
1.805905,1.36919,-0.855744
1.800351,1.373575,-0.852821
1.800935,1.375621,-0.855452
1.804151,1.376498,-0.859836
1.804443,1.376498,-0.863783
1.807366,1.373283,-0.850482
1.800935,1.373283,-0.849752
1.807659,1.367436,-0.853844
1.80152,1.380883,-0.853698
1.805028,1.381175,-0.853259
1.798305,1.370067,-0.859982
1.795089,1.37679,-0.858375
1.796258,1.37299,-0.847852
1.800935,1.380006,-0.857498
1.802689,1.375914,-0.844344
1.80152,1.37679,-0.855305
1.804735,1.377083,-0.853259
1.800351,1.376498,-0.857206
1.806489,1.37299,-0.851652
1.799474,1.376206,-0.859252
1.798012,1.372113,-0.859544
1.801812,1.38176,-0.847998
1.803859,1.370652,-0.851798
1.810874,1.373283,-0.846244
1.804443,1.372698,-0.851213
1.806197,1.373867,-0.851798
1.806782,1.370944,-0.855013
1.801812,1.370652,-0.857644
1.803859,1.368606,-0.854867
1.798889,1.37416,-0.849459
1.798305,1.37299,-0.849459
1.802397,1.373283,-0.852236
1.800935,1.375914,-0.846244
1.804151,1.37796,-0.858667
1.802689,1.372698,-0.864952
1.802105,1.368606,-0.849313
1.804443,1.375037,-0.842444
1.806197,1.37416,-0.852821
1.804151,1.380006,-0.855452
1.804151,1.371236,-0.849313
1.800351,1.373283,-0.856182
1.80152,1.370652,-0.855305
1.807074,1.376498,-0.846682
1.797428,1.369775,-0.849605
1.796258,1.377375,-0.857059
1.805905,1.38059,-0.855452
1.802689,1.371821,-0.847705
1.802689,1.367436,-0.858813
1.80532,1.372113,-0.843905
1.805905,1.368606,-0.848875
1.802982,1.381467,-0.855598
1.80532,1.372406,-0.846828
1.802689,1.37036,-0.844928
1.806782,1.37679,-0.843321
1.803859,1.378544,-0.851359
1.803859,1.371236,-0.855159
1.809705,1.375621,-0.859252
1.807659,1.371821,-0.855744
1.798597,1.37679,-0.891845
1.810289,1.378252,-0.842444
1.805905,1.370944,-0.850921
1.805028,1.378544,-0.85209
1.804735,1.376498,-0.855305
1.80912,1.381467,-0.85779
1.802105,1.377083,-0.852382
1.807074,1.363929,-0.838644
1.801228,1.376206,-0.848144
1.80532,1.371236,-0.849167
1.802105,1.367436,-0.852967
1.804735,1.364221,-0.848875
1.802689,1.369775,-0.854721
1.804443,1.372698,-0.851798
1.806489,1.375037,-0.850775
1.808828,1.372113,-0.855452
1.802689,1.371821,-0.851067
1.801812,1.36656,-0.853259
1.801812,1.374744,-0.844198
1.800058,1.372113,-0.847267
1.803274,1.37679,-0.851944
1.800058,1.377083,-0.84829
1.803566,1.375037,-0.855013
1.809997,1.373575,-0.852675
1.805612,1.374744,-0.844198
1.804735,1.377083,-0.847413
1.798889,1.37416,-0.848144
1.802397,1.37036,-0.851505
1.802982,1.377375,-0.858813
1.794212,1.377667,-0.853844
1.799182,1.37679,-0.851213
1.807074,1.370652,-0.846975
1.804443,1.370652,-0.853405
1.796258,1.370944,-0.858813
1.798597,1.377667,-0.862759
1.80532,1.378252,-0.847559
1.80152,1.373283,-0.858813
1.799182,1.368898,-0.847559
1.802397,1.371236,-0.845367
1.799182,1.37416,-0.851067
1.802397,1.381467,-0.858959
1.796551,1.372698,-0.862759
1.804735,1.37416,-0.853698
1.798597,1.367729,-0.848144
1.799766,1.368313,-0.853552
1.810874,1.36919,-0.851213
1.802982,1.373283,-0.847267
1.79772,1.365975,-0.852529
1.802689,1.373575,-0.850336
1.80532,1.371529,-0.849313
1.803274,1.371821,-0.844782
1.807366,1.371529,-0.853844
1.80532,1.375329,-0.840398
1.80152,1.371529,-0.851944
1.808535,1.367729,-0.856182
1.799182,1.372406,-0.842151
1.802982,1.376498,-0.854721
1.803566,1.374744,-0.849021
1.796843,1.372113,-0.852967
1.799474,1.375621,-0.852529
1.797135,1.371529,-0.845367
1.802397,1.369775,-0.847121
1.805905,1.36919,-0.839374
1.803859,1.382637,-0.836598
1.800935,1.375914,-0.846536
1.798597,1.37036,-0.846975
1.796258,1.37796,-0.852967
1.800351,1.376206,-0.851213
1.799182,1.367436,-0.839521
1.802397,1.371236,-0.845805
1.795089,1.370652,-0.847559
1.801812,1.376498,-0.847559
1.800058,1.372406,-0.843905
1.798012,1.372698,-0.839959
1.798889,1.370652,-0.840105
1.800935,1.37796,-0.845805
1.795966,1.367729,-0.848728
1.793628,1.368313,-0.836744
1.804735,1.375037,-0.845075
1.802982,1.375037,-0.841713
1.80532,1.374452,-0.850482
1.809997,1.379714,-0.842151
1.799766,1.371821,-0.84829
1.799474,1.378544,-0.846098
1.797135,1.375914,-0.84639
1.796258,1.369483,-0.847121
1.804151,1.373867,-0.854575
1.798889,1.369483,-0.860421
1.805028,1.368898,-0.84829
1.808243,1.371236,-0.853259
1.797428,1.374452,-0.850628
1.802982,1.374452,-0.851944
1.805028,1.373283,-0.850336
1.805905,1.37416,-0.849459
1.798597,1.377375,-0.859982
1.807659,1.38059,-0.857352
1.80532,1.373867,-0.846098
1.801228,1.371529,-0.849313
1.800643,1.370652,-0.854282
1.809997,1.375037,-0.845075
1.80532,1.377667,-0.849752
1.807659,1.376206,-0.861006
1.797428,1.37299,-0.850775
1.807659,1.373283,-0.841713
1.802689,1.375621,-0.849021
1.799766,1.375037,-0.850628
1.802982,1.37299,-0.846098
1.805612,1.375914,-0.849752
1.808535,1.36919,-0.858959
1.805905,1.37796,-0.839959
1.805028,1.377667,-0.846975
1.805612,1.373867,-0.854575
1.80152,1.375621,-0.842298
1.803566,1.370067,-0.850044
1.805028,1.380006,-0.850628
1.807659,1.382052,-0.84639
1.81292,1.383806,-0.849752
1.808243,1.375914,-0.847559
1.807074,1.37796,-0.853259
1.807951,1.377375,-0.839959
1.805612,1.38059,-0.849021
1.801812,1.382637,-0.847121
1.798889,1.382052,-0.846682
1.800058,1.378837,-0.853113
1.79772,1.375037,-0.842298
1.796258,1.375037,-0.851213
1.804151,1.375621,-0.847998
1.800643,1.375329,-0.842005
1.801812,1.375914,-0.858082
1.801812,1.379129,-0.845367
1.800643,1.371236,-0.841567
1.808828,1.372406,-0.839959
1.802689,1.370067,-0.853844
1.802982,1.36919,-0.848144
1.805905,1.379129,-0.841421
1.804735,1.380298,-0.85589
1.798305,1.371529,-0.846536
1.803566,1.36919,-0.840398
1.805905,1.377083,-0.846975
1.797428,1.371529,-0.854721
1.807366,1.376498,-0.849752
1.806197,1.382929,-0.850628
1.807074,1.378252,-0.85209
1.802105,1.377375,-0.844636
1.795089,1.374744,-0.844928
1.799766,1.373283,-0.842444
1.804735,1.369775,-0.853405
1.798597,1.373867,-0.85399
1.79772,1.374452,-0.843759
1.800351,1.373867,-0.846975
1.798597,1.383221,-0.849898
1.804151,1.373283,-0.849021
1.800643,1.377083,-0.853113
1.804151,1.379714,-0.847413
1.802397,1.373283,-0.856475
1.804443,1.372113,-0.855598
1.795966,1.37679,-0.852675
1.802105,1.380883,-0.846098
1.808535,1.375037,-0.844051
1.800351,1.37299,-0.848728
1.801228,1.371529,-0.855013
1.809412,1.38059,-0.85019
1.80152,1.377083,-0.853113
1.799766,1.375621,-0.847852
1.802689,1.375914,-0.844344
1.800935,1.381175,-0.844636
1.806489,1.371821,-0.848582
1.799766,1.374452,-0.838936
1.800935,1.369483,-0.858959
1.800935,1.363929,-0.850775
1.807659,1.373867,-0.852675
1.799766,1.37299,-0.842736
1.794505,1.369775,-0.851652
1.799474,1.373575,-0.843905
1.799766,1.37299,-0.847705
1.800935,1.378837,-0.850482
1.806489,1.370067,-0.850775
1.800351,1.368606,-0.850482
1.804735,1.372406,-0.845951
1.805612,1.372406,-0.849313
1.802689,1.373283,-0.853113
1.802982,1.370944,-0.847267
1.798305,1.366852,-0.851652
1.800351,1.371236,-0.848875
1.801812,1.366267,-0.836744
1.807366,1.370944,-0.846828
1.796258,1.367144,-0.852967
1.807659,1.370652,-0.856913
1.799766,1.372113,-0.849898
1.805905,1.370067,-0.846682
1.799766,1.375037,-0.847267
1.801228,1.377375,-0.846828
1.801812,1.37679,-0.848728
1.800643,1.374452,-0.851944
1.805612,1.365975,-0.844051
1.802105,1.367144,-0.839959
1.814089,1.374452,-0.851359
1.799766,1.371821,-0.858959
1.802689,1.365683,-0.843613
1.800935,1.372698,-0.852821
1.802689,1.370944,-0.848728
1.799182,1.372406,-0.852236
1.79772,1.367436,-0.84449
1.797135,1.36919,-0.84449
1.800935,1.371236,-0.847413
1.801228,1.369483,-0.852529
1.801228,1.372698,-0.848144
1.795381,1.377375,-0.844636
1.784566,1.375621,-0.849898
1.798889,1.36539,-0.844344
1.798889,1.377375,-0.843321
1.803566,1.36919,-0.849167
1.799182,1.37796,-0.852967
1.80152,1.374744,-0.83879
1.795089,1.37796,-0.847852
1.802689,1.373575,-0.837474
1.801228,1.377375,-0.848728
1.799474,1.372698,-0.843467
1.802982,1.382344,-0.847121
1.800935,1.380006,-0.853552
1.804151,1.374744,-0.847267
1.80532,1.369483,-0.846682
1.798012,1.371529,-0.856621
1.798305,1.376498,-0.848875
1.797135,1.372406,-0.854721
1.801228,1.36919,-0.846682
1.796258,1.375621,-0.850336
1.804443,1.366852,-0.845367
1.804735,1.366852,-0.847852
1.796551,1.370652,-0.848728
1.804735,1.371821,-0.846098
1.798597,1.377375,-0.847267
1.806782,1.37796,-0.854867
1.800058,1.375914,-0.845221
1.800935,1.37416,-0.849459
1.796258,1.375914,-0.846536
1.806489,1.37679,-0.848144
1.802105,1.373867,-0.847998
1.803859,1.374452,-0.851944
1.802105,1.378252,-0.85209
1.802982,1.368313,-0.852821
1.801228,1.373867,-0.848728
1.796258,1.379421,-0.847413
1.80532,1.37036,-0.839959
1.809412,1.368606,-0.848728
1.806782,1.371529,-0.848728
1.805612,1.368898,-0.849752
1.806782,1.373575,-0.849752
1.805028,1.371821,-0.845513
1.805905,1.374452,-0.840836
1.803859,1.372406,-0.855305
1.796843,1.363929,-0.838059
1.798889,1.363636,-0.839521
1.804151,1.370067,-0.844198
1.796258,1.370652,-0.845221
1.803274,1.368313,-0.844928
1.798597,1.368021,-0.853698
1.797428,1.365975,-0.851652
1.798305,1.373575,-0.853552
1.801812,1.368021,-0.855013
1.795966,1.365098,-0.858229
1.800643,1.371236,-0.852236
1.798012,1.369775,-0.849021
1.809412,1.371236,-0.862029
1.803274,1.370944,-0.858813
1.800935,1.373867,-0.851213
1.799474,1.37416,-0.854282
1.801812,1.369483,-0.851359
1.808828,1.37299,-0.854429
1.805612,1.37796,-0.840836
1.800058,1.367729,-0.854136
1.804443,1.372698,-0.84829
1.806782,1.377375,-0.85019
1.80532,1.373867,-0.854721
1.804735,1.377083,-0.852529
1.803566,1.37036,-0.854575
1.800351,1.373575,-0.847559
1.798305,1.368021,-0.83689
1.796843,1.368606,-0.850628
1.805905,1.37416,-0.842444
1.801812,1.364806,-0.840544
1.79772,1.372113,-0.854721
1.799182,1.379421,-0.856182
1.800058,1.376206,-0.840544
1.800935,1.374744,-0.842882
1.807074,1.362759,-0.842444
1.803274,1.371821,-0.846244
1.806782,1.37416,-0.857936
1.809705,1.366267,-0.842005
1.798889,1.370944,-0.841859
1.801228,1.372698,-0.838205
1.806782,1.368898,-0.849021
1.801228,1.374744,-0.83499
1.799182,1.372698,-0.847705
1.80152,1.378252,-0.836744
1.802689,1.368313,-0.844636
1.798889,1.366852,-0.845659
1.790412,1.37036,-0.841128
1.799474,1.369775,-0.851067
1.796843,1.37299,-0.845513
1.799766,1.365683,-0.84259
1.804151,1.373575,-0.841859
1.805905,1.362467,-0.852821
1.793628,1.369483,-0.838644
1.797428,1.368606,-0.847705
1.805905,1.376206,-0.848728
1.796258,1.366267,-0.855013
1.806782,1.373283,-0.841859
1.798305,1.375621,-0.846975
1.803566,1.368606,-0.844782
1.80912,1.375037,-0.856036
1.804735,1.377083,-0.852821
1.804443,1.36919,-0.835721
1.800351,1.374452,-0.845075
1.806197,1.370067,-0.842736
1.812628,1.372698,-0.856475
1.804735,1.371529,-0.851652
1.806489,1.369775,-0.855159
1.802397,1.372698,-0.854282
1.801812,1.37299,-0.850775
1.809412,1.376498,-0.857206
1.803566,1.374744,-0.84449
1.799474,1.370067,-0.854721
1.804443,1.376498,-0.842444
1.802689,1.373867,-0.844636
1.806489,1.380298,-0.858813
1.803274,1.379714,-0.845659
1.808828,1.373283,-0.846098
1.802689,1.381175,-0.841274
1.80152,1.368898,-0.847559
1.802982,1.378544,-0.850921
1.805612,1.375621,-0.857644
1.805028,1.371821,-0.843905
1.805612,1.373283,-0.845075
1.804735,1.380298,-0.84449
1.799474,1.371821,-0.845221
1.810582,1.373867,-0.844636
1.801228,1.382052,-0.853259
1.806782,1.373575,-0.853259
1.798012,1.375329,-0.847121
1.806782,1.376498,-0.848436
1.805028,1.37416,-0.847559
1.804443,1.370067,-0.841128
1.800643,1.373575,-0.841713
1.805905,1.374452,-0.843905
1.798889,1.374452,-0.851944
1.796551,1.368898,-0.859398
1.798305,1.377667,-0.850336
1.802397,1.364806,-0.852382
1.801812,1.369775,-0.836159
1.800351,1.371529,-0.838936
1.761181,1.372698,-0.843905
1.801228,1.369775,-0.861444
1.799474,1.367436,-0.847998
1.801228,1.368313,-0.840105
1.807074,1.378837,-0.847998
1.797428,1.370944,-0.839082
1.798889,1.370944,-0.843321
1.802689,1.371821,-0.83499
1.804735,1.36919,-0.842298
1.807951,1.368898,-0.839228
1.803566,1.372406,-0.843613
1.801228,1.369483,-0.853552
1.795966,1.373283,-0.842736
1.808828,1.372698,-0.852967
1.808243,1.369775,-0.856036
1.802689,1.376206,-0.839374
1.797135,1.374744,-0.842882
1.804443,1.369775,-0.848875
1.802689,1.372698,-0.841567
1.806197,1.370067,-0.836305
1.800351,1.369775,-0.835867
1.804735,1.367436,-0.844198
1.807659,1.375037,-0.836451
1.808535,1.369483,-0.853552
1.799766,1.368606,-0.845805
1.804735,1.374744,-0.839813
1.80532,1.368606,-0.840836
1.796551,1.367436,-0.844344
1.804735,1.368021,-0.840836
1.809412,1.369483,-0.847267
1.799766,1.368313,-0.854575
1.812336,1.384975,-0.839374
1.802982,1.369483,-0.842151
1.802689,1.367144,-0.85589
1.799474,1.37036,-0.842005
1.80152,1.371529,-0.841713
1.802982,1.376206,-0.846536
1.811459,1.368021,-0.844636
1.798597,1.371236,-0.847705
1.801228,1.371529,-0.844928
1.799182,1.368021,-0.846682
1.79772,1.372698,-0.842882
1.794797,1.368898,-0.839521
1.795089,1.368021,-0.847705
1.799182,1.372113,-0.836598
1.796843,1.368898,-0.843759
1.794797,1.376498,-0.849021
1.798012,1.370944,-0.837474
1.79772,1.376498,-0.845659
1.797135,1.374452,-0.849167
1.800935,1.363636,-0.853259
1.796258,1.369483,-0.845075
1.799766,1.367729,-0.854136
1.800058,1.380006,-0.848728
1.805028,1.370067,-0.843028
1.800643,1.372698,-0.842298
1.794212,1.372113,-0.855159
1.798597,1.368898,-0.844782
1.802105,1.371236,-0.845367
1.799766,1.370652,-0.846828
1.799182,1.377375,-0.841859
1.80152,1.376206,-0.848728
1.796843,1.375914,-0.843905
1.79772,1.370067,-0.849021
1.801812,1.367729,-0.844051
1.800643,1.368313,-0.838936
1.797428,1.367436,-0.848436
1.793335,1.36539,-0.851067
1.802982,1.368313,-0.853259
1.790704,1.37416,-0.852821
1.800351,1.376498,-0.834113
1.800935,1.37299,-0.843613
1.800935,1.370944,-0.842005
1.797428,1.369483,-0.84259
1.794797,1.374744,-0.850628
1.800643,1.376206,-0.845659
1.798597,1.371821,-0.84449
1.798305,1.36539,-0.847559
1.794212,1.373575,-0.849313
1.801812,1.377083,-0.850775
1.799182,1.373283,-0.843613
1.800935,1.368313,-0.851505
1.804443,1.375621,-0.840251
1.801228,1.365098,-0.850044
1.806782,1.37796,-0.847121
1.798305,1.38059,-0.847705
1.800643,1.367144,-0.850482
1.799766,1.368313,-0.846682
1.801812,1.366852,-0.838205
1.80532,1.372406,-0.857352
1.803859,1.37036,-0.85209
1.798012,1.37036,-0.851067
1.801812,1.370652,-0.843759
1.798889,1.374744,-0.843175
1.792458,1.394621,-0.852821
1.786612,1.407191,-0.861444
1.776381,1.438176,-0.856475
1.774627,1.439638,-0.868021
1.774627,1.434084,-0.862467
1.77755,1.435838,-0.858667
1.780181,1.428822,-0.852236
1.779597,1.437591,-0.865975
1.771412,1.439345,-0.861298
1.776089,1.441099,-0.863198
1.776673,1.448699,-0.863052
1.768781,1.451622,-0.863929
1.776673,1.446653,-0.876644
1.773458,1.449868,-0.870213
1.77492,1.449868,-0.875475
1.768196,1.44753,-0.872844
1.775797,1.452499,-0.871967
1.765566,1.448699,-0.87299
1.769366,1.446361,-0.863783
1.76615,1.451915,-0.869629
1.766443,1.448407,-0.865244
1.77112,1.451915,-0.861298
1.765566,1.448407,-0.864806
1.766735,1.447238,-0.866706
1.76995,1.445192,-0.864075
1.767612,1.452792,-0.87489
1.767612,1.451915,-0.863198
1.772581,1.463315,-0.87226
1.764689,1.453961,-0.872113
1.765858,1.457761,-0.870944
1.765858,1.449284,-0.880298
1.769073,1.446945,-0.867583
1.769073,1.446653,-0.863636
1.766735,1.447822,-0.879129
1.767319,1.451915,-0.873137
1.766735,1.449868,-0.860713
1.759719,1.449576,-0.869921
1.767319,1.454253,-0.872844
1.75855,1.449576,-0.868898
1.765566,1.45133,-0.863783
1.75475,1.450745,-0.875183
1.761766,1.453668,-0.871237
1.75855,1.456007,-0.863198
1.762935,1.457469,-0.864659
1.758842,1.452207,-0.862321
1.761473,1.454545,-0.86846
1.760889,1.457176,-0.856621
1.760012,1.451038,-0.867144
1.766735,1.457176,-0.86729
1.757966,1.457761,-0.854136
1.760596,1.454545,-0.864952
1.767027,1.452792,-0.864513
1.768489,1.457469,-0.864367
1.771996,1.451915,-0.866998
1.767319,1.453961,-0.867729
1.77112,1.454545,-0.864221
1.766735,1.453376,-0.86539
1.767319,1.456299,-0.870213
1.763812,1.453084,-0.866267
1.767027,1.451915,-0.873575
1.776089,1.457176,-0.876498
1.768196,1.454545,-0.876644
1.767027,1.446361,-0.867729
1.764689,1.453668,-0.869044
1.768781,1.450745,-0.87299
1.773166,1.454253,-0.868752
1.767027,1.448407,-0.862029
1.765273,1.450745,-0.859836
1.764104,1.448992,-0.87796
1.766735,1.454545,-0.866413
1.772873,1.459222,-0.869775
1.762058,1.451915,-0.866413
1.764396,1.453961,-0.868606
1.769366,1.449576,-0.871675
1.767612,1.453084,-0.879421
1.76615,1.449284,-0.862467
1.769073,1.452499,-0.867729
1.769366,1.448407,-0.87489
1.765858,1.456299,-0.868313
1.763812,1.44373,-0.869629
1.764981,1.447822,-0.873137
1.76995,1.454253,-0.872406
1.77112,1.45133,-0.876206
1.760012,1.45133,-0.865244
1.767904,1.450453,-0.862759
1.773166,1.450453,-0.867436
1.766735,1.443438,-0.875037
1.764981,1.448992,-0.861883
1.770827,1.449284,-0.875621
1.772289,1.456007,-0.870944
1.767319,1.449868,-0.874744
1.76615,1.450161,-0.872406
1.769073,1.45513,-0.868752
1.766735,1.446653,-0.873867
1.770243,1.450453,-0.873575
1.763812,1.453668,-0.865536
1.766443,1.448992,-0.868313
1.768781,1.448115,-0.872844
1.76615,1.454253,-0.877083
1.759427,1.452207,-0.880444
1.771996,1.453084,-0.878252
1.768781,1.463022,-0.874744
1.763227,1.445484,-0.868752
1.770535,1.446068,-0.870213
1.768489,1.450161,-0.879567
1.762643,1.448115,-0.867875
1.767319,1.444314,-0.860129
1.766443,1.448407,-0.864952
1.766443,1.449284,-0.875475
1.769073,1.455422,-0.864806
1.767319,1.452792,-0.87416
1.764104,1.452207,-0.861152
1.768781,1.446361,-0.871237
1.765566,1.450453,-0.869629
1.764104,1.448407,-0.864221
1.771996,1.448115,-0.866852
1.768489,1.45133,-0.873429
1.764689,1.449284,-0.866998
1.765273,1.448992,-0.874598
1.768489,1.450745,-0.867436
1.757673,1.450161,-0.866998
1.765566,1.449576,-0.864806
1.763519,1.449576,-0.871967
1.763812,1.447238,-0.865098
1.760596,1.451915,-0.861298
1.772581,1.45133,-0.869044
1.759427,1.45513,-0.878983
1.767319,1.456007,-0.87679
1.767904,1.45513,-0.871967
1.769073,1.457176,-0.867436
1.764396,1.455422,-0.87796
1.770243,1.459515,-0.867583
1.763227,1.45513,-0.874306
1.769073,1.456299,-0.868313
1.764689,1.460099,-0.87299
1.757381,1.451915,-0.871821
1.758258,1.446361,-0.865975
1.755919,1.461853,-0.86729
1.761766,1.457176,-0.864952
1.761766,1.453961,-0.870067
1.76615,1.454545,-0.865536
1.768489,1.454545,-0.862029
1.769658,1.454545,-0.862613
1.773458,1.453084,-0.869044
1.76235,1.452792,-0.86846
1.760304,1.450161,-0.86656
1.769366,1.448407,-0.865829
1.756212,1.455715,-0.861736
1.765566,1.454838,-0.868606
1.767904,1.452207,-0.862613
1.765273,1.457761,-0.862321
1.762058,1.449576,-0.866852
1.762058,1.448699,-0.874744
1.768489,1.451038,-0.861298
1.761473,1.459807,-0.872406
1.764981,1.453376,-0.868167
1.763227,1.457761,-0.862029
1.764396,1.449868,-0.861736
1.769366,1.452499,-0.861736
1.764981,1.457761,-0.85399
1.765273,1.487284,-0.870067
1.765273,1.453376,-0.878544
1.764396,1.459222,-0.874744
1.768489,1.460976,-0.878252
1.768489,1.455715,-0.863929
1.769073,1.456299,-0.878106
1.768196,1.451622,-0.864513
1.767904,1.446361,-0.885414
1.761766,1.453668,-0.869483
1.767319,1.456592,-0.86729
1.771996,1.452792,-0.874744
1.766735,1.450161,-0.871821
1.76995,1.449576,-0.866852
1.763519,1.446068,-0.871383
1.768489,1.450161,-0.871821
1.76615,1.454253,-0.86656
1.765858,1.454545,-0.861006
1.772581,1.462146,-0.870652
1.758842,1.453084,-0.880298
1.760889,1.455422,-0.871675
1.75855,1.446361,-0.876937
1.763519,1.454253,-0.871383
1.763812,1.457761,-0.87489
1.76615,1.444314,-0.868021
1.769073,1.456884,-0.87299
1.767612,1.454253,-0.862906
1.762643,1.449284,-0.87226
1.772289,1.458053,-0.862759
1.764396,1.453668,-0.873575
1.757966,1.440514,-0.862321
1.767904,1.451622,-0.87036
1.760304,1.450745,-0.87036
1.763812,1.451622,-0.866706
1.769073,1.453961,-0.863052
1.761473,1.448699,-0.86919
1.759135,1.456592,-0.870067
1.764981,1.445192,-0.86846
1.762058,1.446361,-0.872113
1.759135,1.446945,-0.859252
1.769366,1.450745,-0.87226
1.761473,1.452207,-0.874744
1.759719,1.450161,-0.865536
1.765858,1.453961,-0.876206
1.770535,1.454253,-0.861736
1.765273,1.451622,-0.870798
1.761473,1.453084,-0.86656
1.761473,1.449868,-0.866267
1.763227,1.453376,-0.878106
1.762058,1.448992,-0.866852
1.758842,1.456007,-0.868898
1.757089,1.45513,-0.857352
1.760889,1.460976,-0.861006
1.764981,1.449868,-0.869921
1.767319,1.45513,-0.860859
1.764396,1.451622,-0.86539
1.762643,1.451038,-0.866267
1.768489,1.45133,-0.865975
1.757966,1.452207,-0.86656
1.765566,1.451622,-0.858082
1.760889,1.452499,-0.865536
1.764396,1.455422,-0.862321
1.768196,1.449576,-0.868167
1.763812,1.456007,-0.859106
1.764981,1.45133,-0.859544
1.76615,1.45133,-0.858667
1.767612,1.445484,-0.86656
1.768196,1.459807,-0.855598
1.771704,1.453376,-0.858375
1.765273,1.453668,-0.870944
1.76995,1.458638,-0.866998
1.769658,1.451915,-0.869336
1.773166,1.453084,-0.860859
1.767319,1.448115,-0.874013
1.769658,1.453084,-0.865829
1.76615,1.446361,-0.86159
1.763227,1.451915,-0.870213
1.760012,1.449284,-0.882637
1.768781,1.453668,-0.865098
1.761766,1.454253,-0.881614
1.764981,1.449576,-0.881321
1.764104,1.456592,-0.864367
1.766735,1.445776,-0.869044
1.77375,1.458638,-0.864221
1.767027,1.443438,-0.867144
1.762643,1.450745,-0.875767
1.766735,1.456007,-0.877667
1.767612,1.44373,-0.873137
1.757966,1.456007,-0.87489
1.761181,1.449284,-0.87679
1.75855,1.449868,-0.863052
1.774335,1.448992,-0.880152
1.766735,1.447238,-0.872844
1.765273,1.453668,-0.873867
1.758842,1.450453,-0.86846
1.767904,1.447238,-0.869483
1.759427,1.453376,-0.866998
1.767027,1.454253,-0.871383
1.764104,1.45513,-0.871529
1.759719,1.446068,-0.861006
1.768196,1.456007,-0.863636
1.763227,1.457761,-0.871237
1.765273,1.452207,-0.872698
1.760596,1.450745,-0.866121
1.764104,1.452499,-0.860713
1.76615,1.463315,-0.866267
1.771996,1.454253,-0.870213
1.779597,1.457469,-0.864952
1.765858,1.456299,-0.86846
1.772289,1.458053,-0.867436
1.771704,1.455422,-0.869629
1.763227,1.454838,-0.865975
1.768196,1.453961,-0.86349
1.764396,1.452207,-0.874306
1.770827,1.448992,-0.865098
1.772289,1.456299,-0.870506
1.765566,1.450453,-0.871529
1.762643,1.44753,-0.870506
1.768196,1.453376,-0.873575
1.765566,1.454253,-0.876498
1.764981,1.457761,-0.879567
1.764689,1.455422,-0.878106
1.761473,1.452792,-0.882783
1.764396,1.449576,-0.87416
1.762935,1.455715,-0.879129
1.767612,1.455422,-0.870944
1.770827,1.463315,-0.870652
1.764396,1.454545,-0.873137
1.762643,1.456592,-0.878544
1.764689,1.450161,-0.875621
1.76235,1.456592,-0.874744
1.762643,1.463022,-0.87679
1.762935,1.453084,-0.869336
1.760304,1.451038,-0.874452
1.765566,1.454253,-0.858375
1.764981,1.45133,-0.86919
1.763519,1.451622,-0.88176
1.761181,1.452792,-0.874598
1.757673,1.455715,-0.874598
1.75855,1.460099,-0.869336
1.764981,1.446945,-0.87679
1.764981,1.425606,-0.863636
1.766443,1.442853,-0.862613
1.762058,1.458638,-0.869775
1.767319,1.458638,-0.864367
1.761473,1.454253,-0.865683
1.766735,1.453668,-0.863052
1.766443,1.457176,-0.869044
1.767319,1.455422,-0.867144
1.760889,1.453376,-0.867729
1.764396,1.452207,-0.866267
1.769658,1.456592,-0.865829
1.76615,1.458346,-0.865098
1.769658,1.452499,-0.869483
1.773458,1.453084,-0.868167
1.767904,1.455422,-0.869336
1.772581,1.45893,-0.87416
1.769366,1.450453,-0.869336
1.771996,1.449576,-0.86846
1.764396,1.453961,-0.871967
1.772289,1.457176,-0.875475
1.764689,1.449868,-0.866267
1.764689,1.447238,-0.866998
1.76995,1.449576,-0.867875
1.770243,1.454253,-0.862759
1.771412,1.448407,-0.872552
1.764981,1.449284,-0.866852
1.766735,1.448699,-0.860421
1.772581,1.45133,-0.857936
1.771704,1.455422,-0.856913
1.771996,1.45893,-0.867875
1.772581,1.453961,-0.869336
1.770827,1.446653,-0.865244
1.768489,1.451915,-0.86846
1.768489,1.448115,-0.86846
1.77112,1.45133,-0.856913
1.76615,1.453961,-0.870067
1.767027,1.446653,-0.865244
1.770535,1.450745,-0.866852
1.76235,1.451622,-0.864952
1.77492,1.45133,-0.863052
1.770535,1.453961,-0.871237
1.770243,1.453084,-0.873575
1.765566,1.448699,-0.870213
1.761181,1.446653,-0.873429
1.76235,1.443438,-0.85969
1.768196,1.456299,-0.871383
1.767027,1.460392,-0.867436
1.757966,1.437884,-0.865536
1.76235,1.450453,-0.857936
1.76615,1.448699,-0.856329
1.764396,1.453376,-0.855452
1.773166,1.455715,-0.859544
1.761766,1.444607,-0.868021
1.773166,1.449868,-0.865683
1.761181,1.442268,-0.864806
1.766735,1.453376,-0.870067
1.767904,1.448699,-0.862321
1.766735,1.446945,-0.866852
1.770535,1.447822,-0.865829
1.764104,1.45133,-0.85589
1.765566,1.449868,-0.860567
1.76995,1.452499,-0.87299
1.771704,1.449284,-0.87416
1.767027,1.452207,-0.864952
1.76235,1.449576,-0.862321
1.766735,1.449284,-0.865683
1.769073,1.449868,-0.870213
1.771704,1.442853,-0.870652
1.767904,1.445192,-0.865829
1.767904,1.448407,-0.867144
1.76995,1.452207,-0.869044
1.768489,1.454545,-0.862029
1.765858,1.453376,-0.874306
1.768489,1.452499,-0.87036
1.767027,1.452207,-0.872698
1.763227,1.454253,-0.87226
1.762935,1.456299,-0.864367
1.771704,1.458638,-0.877375
1.769073,1.451622,-0.866413
1.764396,1.445776,-0.873575
1.769658,1.444607,-0.869921
1.765273,1.450161,-0.860421
1.767027,1.450161,-0.863052
1.769366,1.453668,-0.861444
1.768489,1.445776,-0.858667
1.77112,1.451622,-0.874306
1.767319,1.453084,-0.875475
1.769658,1.451915,-0.866121
1.76615,1.449868,-0.87109
1.770535,1.455715,-0.874452
1.775504,1.456884,-0.868898
1.769658,1.459222,-0.860129
1.770535,1.456299,-0.877814
1.772289,1.452792,-0.855159
1.776673,1.453084,-0.856621
1.776673,1.43496,-0.872552
1.780766,1.402222,-0.85779
1.816136,1.356329,-0.834844
1.824028,1.327974,-0.823151
1.841274,1.286174,-0.795528
1.848875,1.260742,-0.788512
1.856767,1.267466,-0.788804
1.847121,1.26805,-0.793335
1.855598,1.27682,-0.782081
1.853259,1.269512,-0.789389
1.853844,1.260742,-0.775358
1.857936,1.245835,-0.775066
1.861152,1.239404,-0.762789
1.863783,1.232681,-0.753142
1.864659,1.234142,-0.762643
1.867583,1.23765,-0.760596
1.863783,1.235604,-0.755627
1.864367,1.230634,-0.753289
1.869629,1.230927,-0.765127
1.869629,1.22625,-0.753289
1.870213,1.225373,-0.750073
1.880737,1.220403,-0.757819
1.872552,1.222742,-0.753289
1.87489,1.220696,-0.750365
1.876937,1.215434,-0.751535
1.871675,1.219526,-0.751681
1.877813,1.225957,-0.744519
1.879567,1.219526,-0.781789
1.880737,1.215434,-0.740281
1.87986,1.218065,-0.756796
1.875475,1.22128,-0.752119
1.880737,1.221573,-0.739404
1.883367,1.219526,-0.743788
1.877813,1.222157,-0.744373
1.878106,1.224496,-0.737942
1.87869,1.22128,-0.746419
1.881029,1.220111,-0.738381
1.876937,1.21748,-0.736188
1.87869,1.224203,-0.745396
1.875475,1.220988,-0.740134
1.880737,1.216311,-0.745104
1.885414,1.217188,-0.745396
1.880152,1.219234,-0.747296
1.87606,1.214557,-0.756942
1.878106,1.218942,-0.750219
1.883952,1.219526,-0.743935
1.879567,1.219819,-0.747881
1.876937,1.22508,-0.737065
1.875475,1.220988,-0.749342
1.880152,1.219526,-0.739988
1.875183,1.225957,-0.750512
1.885121,1.218942,-0.744081
1.88366,1.22508,-0.754019
1.880444,1.223619,-0.744811
1.879275,1.224788,-0.74145
1.877813,1.219819,-0.749342
1.877229,1.212219,-0.750073
1.878983,1.21865,-0.754458
1.874306,1.219234,-0.755627
1.87226,1.228588,-0.737357
1.883075,1.220988,-0.747588
1.873137,1.217773,-0.746127
1.878983,1.216019,-0.74905
1.880737,1.220111,-0.753142
1.875767,1.222742,-0.748319
1.884829,1.216019,-0.752704
1.882783,1.219526,-0.755627
1.877229,1.222742,-0.751242
1.880152,1.224788,-0.736919
1.881321,1.218942,-0.736919
1.87869,1.223327,-0.760304
1.877229,1.223327,-0.750073
1.874013,1.21748,-0.740281
1.880737,1.223327,-0.751096
1.880444,1.216019,-0.743935
1.871967,1.22245,-0.753873
1.88366,1.214557,-0.75095
1.880737,1.21748,-0.750365
1.881614,1.219526,-0.744081
1.87606,1.229465,-0.754312
1.880444,1.220696,-0.750512
1.885998,1.216019,-0.751535
1.880152,1.215434,-0.741304
1.87869,1.220988,-0.740719
1.877813,1.219234,-0.748173
1.877813,1.216019,-0.751096
1.874013,1.220403,-0.754312
1.881321,1.220696,-0.755773
1.881614,1.21748,-0.756942
1.877521,1.214849,-0.751388
1.880737,1.220403,-0.755627
1.876352,1.220696,-0.740719
1.88366,1.216896,-0.743058
1.88366,1.220111,-0.742765
1.875183,1.220403,-0.747442
1.873429,1.220111,-0.747296
1.87869,1.218065,-0.750804
1.879275,1.216311,-0.762058
1.88366,1.218357,-0.755627
1.876937,1.221573,-0.743935
1.87986,1.221573,-0.760158
1.875767,1.218065,-0.741888
1.874598,1.213096,-0.743788
1.876644,1.21865,-0.755189
1.882783,1.219234,-0.744081
1.881321,1.220988,-0.741011
1.873137,1.220111,-0.738234
1.877521,1.216603,-0.751973
1.882491,1.219234,-0.740719
1.876937,1.217773,-0.762204
1.87869,1.223619,-0.754019
1.885998,1.216896,-0.746711
1.87986,1.21368,-0.747588
1.882783,1.214849,-0.749342
1.87869,1.218942,-0.747442
1.87986,1.21748,-0.744665
1.874306,1.224788,-0.746565
1.880737,1.217773,-0.751096
1.877521,1.215142,-0.745688
1.877229,1.219819,-0.74145
1.885998,1.219526,-0.742034
1.882198,1.223911,-0.758989
1.877229,1.21748,-0.747004
1.875767,1.228588,-0.747881
1.883367,1.220111,-0.743788
1.880444,1.219819,-0.745981
1.885414,1.219526,-0.735604
1.884537,1.217188,-0.746127
1.878398,1.218942,-0.741742
1.879275,1.219234,-0.74145
1.87986,1.21748,-0.748027
1.877229,1.219526,-0.738673
1.884244,1.21865,-0.753289
1.876352,1.221865,-0.758989
1.875767,1.217188,-0.752558
1.873429,1.219234,-0.753873
1.877229,1.216311,-0.736334
1.873429,1.219526,-0.758696
1.871967,1.214265,-0.760596
1.877521,1.214849,-0.753873
1.875475,1.218065,-0.755189
1.879275,1.216019,-0.749927
1.874598,1.225665,-0.752412
1.870213,1.225665,-0.75855
1.875475,1.221865,-0.752704
1.88366,1.21748,-0.751681
1.876937,1.218065,-0.749927
1.877521,1.223911,-0.742619
1.87489,1.220696,-0.740865
1.880737,1.222742,-0.74715
1.881614,1.215726,-0.742765
1.882198,1.216603,-0.752558
1.882491,1.21748,-0.740134
1.880152,1.22128,-0.747004
1.875475,1.216896,-0.746419
1.877813,1.219819,-0.754604
1.880152,1.214557,-0.757819
1.881321,1.217188,-0.740865
1.872552,1.220696,-0.746419
1.885414,1.22508,-0.735896
1.875183,1.217773,-0.746565
1.882198,1.219819,-0.756796
1.872552,1.221865,-0.758696
1.875183,1.21748,-0.74335
1.875475,1.215434,-0.753289
1.876352,1.214265,-0.746419
1.880737,1.221865,-0.744373
1.878983,1.218065,-0.757819
1.877229,1.209588,-0.74715
1.870798,1.212803,-0.755627
1.882198,1.215434,-0.754458
1.879567,1.220111,-0.751535
1.876644,1.221865,-0.757673
1.877229,1.216311,-0.757673
1.871383,1.218942,-0.749927
1.883952,1.22245,-0.749635
1.877813,1.225665,-0.745396
1.876644,1.220111,-0.754458
1.876644,1.223619,-0.756942
1.870506,1.221573,-0.756942
1.877229,1.214265,-0.750365
1.878983,1.219234,-0.752996
1.877813,1.218065,-0.755335
1.879567,1.224788,-0.78252
1.880444,1.223911,-0.783397
1.878983,1.224203,-0.754458
1.878398,1.223911,-0.742911
1.87869,1.222742,-0.753581
1.874598,1.220111,-0.750073
1.881321,1.223034,-0.746419
1.881906,1.220988,-0.753727
1.881906,1.226834,-0.746419
1.881321,1.223911,-0.748612
1.877521,1.21865,-0.748173
1.879275,1.214849,-0.75095
1.875475,1.218065,-0.753873
1.879275,1.220696,-0.754312
1.880152,1.216603,-0.75855
1.88746,1.227711,-0.752119
1.881614,1.218942,-0.748904
1.882198,1.222157,-0.739696
1.88366,1.21865,-0.749927
1.883367,1.223034,-0.745835
1.876644,1.21865,-0.751535
1.881906,1.220111,-0.754312
1.873429,1.216311,-0.752119
1.880737,1.220696,-0.750365
1.881906,1.22508,-0.751388
1.875767,1.223911,-0.748319
1.877813,1.222742,-0.752996
1.876644,1.217188,-0.754604
1.880152,1.218357,-0.746711
1.880444,1.214849,-0.751388
1.877521,1.223034,-0.754458
1.874598,1.217188,-0.756942
1.880444,1.220403,-0.752704
1.884829,1.21865,-0.757235
1.876644,1.21865,-0.750658
1.874306,1.219526,-0.746711
1.874598,1.222157,-0.735604
1.871675,1.216896,-0.75475
1.869044,1.220403,-0.755481
1.875183,1.221865,-0.722742
1.872552,1.220988,-0.752119
1.873429,1.223619,-0.749927
1.881321,1.227711,-0.750365
1.87986,1.219819,-0.747735
1.883075,1.220988,-0.759281
1.874598,1.224203,-0.757089
1.880444,1.227711,-0.756504
1.876644,1.218065,-0.755189
1.877229,1.225957,-0.753435
1.872844,1.22245,-0.758112
1.878398,1.223034,-0.754604
1.877521,1.225957,-0.753581
1.875183,1.227127,-0.744081
1.881029,1.220111,-0.751535
1.873721,1.22625,-0.754604
1.885414,1.218357,-0.753873
1.882198,1.225665,-0.755042
1.882491,1.216019,-0.763519
1.878983,1.22625,-0.759281
1.87986,1.223619,-0.751535
1.873721,1.223034,-0.757381
1.881029,1.224496,-0.756504
1.878983,1.221573,-0.749196
1.87489,1.221865,-0.753873
1.88366,1.226834,-0.752558
1.880737,1.220403,-0.742327
1.872844,1.223911,-0.747588
1.878983,1.218942,-0.758989
1.881906,1.218942,-0.742619
1.879567,1.219526,-0.759135
1.877229,1.222157,-0.750804
1.878983,1.227127,-0.761473
1.87226,1.223619,-0.758404
1.872844,1.227419,-0.751973
1.878106,1.226542,-0.747588
1.874598,1.223034,-0.750365
1.883075,1.230634,-0.745835
1.881614,1.225957,-0.751827
1.877521,1.22245,-0.74905
1.873429,1.21865,-0.744811
1.884537,1.221573,-0.744081
1.881321,1.22888,-0.744811
1.882198,1.225957,-0.785589
1.882783,1.22245,-0.753435
1.884829,1.227419,-0.752119
1.881321,1.218942,-0.753142
1.875767,1.220111,-0.752265
1.88746,1.22508,-0.745104
1.880737,1.223034,-0.743788
1.880152,1.21865,-0.749196
1.885706,1.225373,-0.752558
1.879567,1.21865,-0.754458
1.881029,1.226834,-0.751973
1.874306,1.228296,-0.743642
1.885706,1.222742,-0.753581
1.886583,1.22128,-0.749635
1.882491,1.21748,-0.756358
1.887167,1.221865,-0.757089
1.87869,1.222742,-0.747004
1.881321,1.22128,-0.749342
1.882198,1.225665,-0.746711
1.881321,1.223327,-0.744373
1.879567,1.22508,-0.745104
1.877229,1.222742,-0.749342
1.879567,1.227127,-0.748465
1.873429,1.223327,-0.746419
1.875475,1.223327,-0.748758
1.875767,1.235604,-0.747442
1.873137,1.225665,-0.761912
1.880737,1.22245,-0.760304
1.875183,1.229173,-0.761181
1.876644,1.223034,-0.753435
1.882783,1.224203,-0.74905
1.879567,1.232681,-0.762789
1.884537,1.225665,-0.754165
1.870506,1.227127,-0.748465
1.883952,1.227127,-0.75855
1.873721,1.220111,-0.753289
1.877229,1.229465,-0.763227
1.875767,1.225665,-0.744958
1.881614,1.219819,-0.753581
1.877521,1.216603,-0.750804
1.871967,1.227127,-0.752265
1.873721,1.229465,-0.75095
1.878983,1.228296,-0.741304
1.871675,1.229465,-0.757235
1.884244,1.221865,-0.751096
1.881906,1.223619,-0.749196
1.876937,1.218942,-0.75665
1.87869,1.224203,-0.71368
1.879275,1.224496,-0.711049
1.878398,1.229757,-0.756212
1.87489,1.221865,-0.750365
1.87489,1.229173,-0.761181
1.880444,1.223911,-0.751096
1.884829,1.221573,-0.743788
1.881614,1.224788,-0.759135
1.884829,1.222742,-0.761619
1.876644,1.222157,-0.750073
1.885414,1.220696,-0.751973
1.878106,1.223911,-0.761473
1.87606,1.223619,-0.751827
1.87986,1.223911,-0.754458
1.884537,1.223327,-0.75285
1.878106,1.227419,-0.76235
1.876937,1.222157,-0.757089
1.882198,1.227419,-0.756065
1.884829,1.228588,-0.749927
1.878983,1.228004,-0.753435
1.882198,1.22508,-0.761619
1.883075,1.21865,-0.746711
1.876937,1.21865,-0.74525
1.876644,1.220696,-0.757673
1.880152,1.223327,-0.752558
1.877813,1.223034,-0.75285
1.876644,1.225957,-0.745396
1.877813,1.223034,-0.756504
1.881321,1.228004,-0.75285
1.880152,1.22128,-0.745688
1.885414,1.223327,-0.751096
1.879567,1.223619,-0.745542
1.881321,1.22245,-0.751242
1.873137,1.225957,-0.748612
1.883367,1.220988,-0.75475
1.879567,1.224203,-0.756796
1.875475,1.22245,-0.74525
1.883367,1.212219,-0.753142
1.876644,1.217773,-0.751827
1.878398,1.220696,-0.742181
1.888629,1.21865,-0.755919
1.881906,1.214849,-0.749635
1.882491,1.216311,-0.756065
1.876644,1.22128,-0.748027
1.881906,1.214265,-0.744665
1.878106,1.217188,-0.711926
1.881906,1.216603,-0.752119
1.873429,1.216603,-0.749196
1.881029,1.22245,-0.746419
1.879275,1.222157,-0.74905
1.88366,1.22245,-0.743642
1.87986,1.21865,-0.745104
1.877229,1.225373,-0.741596
1.881321,1.219819,-0.755042
1.876937,1.216896,-0.756796
1.873721,1.221865,-0.752704
1.88366,1.221865,-0.756942
1.882198,1.22128,-0.746419
1.878106,1.214849,-0.738673
1.886583,1.21865,-0.758404
1.884244,1.22245,-0.746127
1.877813,1.225957,-0.743642
1.873137,1.22245,-0.745104
1.886875,1.226834,-0.743642
1.884244,1.225373,-0.747588
1.881029,1.218065,-0.748758
1.881906,1.21865,-0.748027
1.883075,1.227127,-0.742765
1.876352,1.216896,-0.741742
1.884829,1.213096,-0.747735
1.881321,1.223034,-0.742327
1.878983,1.217188,-0.749635
1.885121,1.215726,-0.743935
1.87869,1.22245,-0.739258
1.879567,1.221573,-0.751827
1.880444,1.225373,-0.752119
1.883367,1.215726,-0.752119
1.884537,1.22128,-0.754019
1.87986,1.213973,-0.757673
1.882783,1.221573,-0.744811
1.869921,1.216896,-0.741158
1.879275,1.218942,-0.751681
1.875475,1.224788,-0.758112
1.88366,1.214557,-0.753289
1.880737,1.226834,-0.755189
1.878398,1.222742,-0.765712
1.878983,1.219819,-0.750804
1.881321,1.218942,-0.759427
1.873429,1.214265,-0.753142
1.880152,1.216019,-0.737357
1.879567,1.22245,-0.755481
1.880737,1.223911,-0.748612
1.878106,1.214265,-0.741888
1.877813,1.214265,-0.746273
1.885706,1.220403,-0.740281
1.880152,1.211634,-0.750365
1.885414,1.218065,-0.754896
1.887167,1.229173,-0.756212
1.889506,1.223034,-0.756358
1.87869,1.22245,-0.74525
1.884244,1.22245,-0.753289
1.885414,1.223619,-0.746565
1.878983,1.223619,-0.746273
1.883952,1.219234,-0.742473
1.885998,1.221573,-0.745688
1.885706,1.219819,-0.747296
1.878398,1.222742,-0.742034
1.881906,1.23005,-0.745396
1.885121,1.223619,-0.749488
1.884244,1.220988,-0.760158
1.880737,1.220696,-0.746858
1.882783,1.219234,-0.750804
1.882491,1.217773,-0.754458
1.884829,1.225665,-0.758112
1.883075,1.220988,-0.748612
1.885998,1.232681,-0.750219
1.878983,1.218942,-0.76425
1.879567,1.225665,-0.753581
1.879275,1.216896,-0.748904
1.882198,1.21748,-0.744373
1.878106,1.224788,-0.754019
1.88366,1.224496,-0.740865
1.87986,1.227127,-0.746858
1.87986,1.230342,-0.75855
1.889798,1.225665,-0.73955
1.881906,1.225957,-0.751681
1.878983,1.226834,-0.753581
1.875475,1.223619,-0.744519
1.877813,1.223619,-0.745835
1.875183,1.225957,-0.756942
1.881906,1.225373,-0.745835
1.880444,1.220988,-0.75095
1.884829,1.214849,-0.744081
1.881614,1.222157,-0.750512
1.880737,1.222157,-0.738819
1.87986,1.226834,-0.751827
1.886583,1.228296,-0.750658
1.882198,1.227711,-0.748173
1.889214,1.218357,-0.742765
1.886875,1.220403,-0.739988
1.880737,1.219234,-0.745981
1.890675,1.220988,-0.743642
1.885414,1.224788,-0.752558
1.884537,1.221865,-0.747735
1.888629,1.222742,-0.75285
1.876352,1.227127,-0.742765
1.87606,1.223911,-0.749781
1.880444,1.220111,-0.747735
1.880444,1.223034,-0.751827
1.879567,1.221573,-0.754604
1.882491,1.228296,-0.748904
1.883075,1.234434,-0.749927
1.888921,1.22245,-0.748027
1.882198,1.224788,-0.751827
1.883367,1.21748,-0.744081
1.88366,1.22128,-0.752704
1.877813,1.223034,-0.739404
1.880152,1.223034,-0.749342
1.880444,1.222742,-0.747442
1.879567,1.223327,-0.753142
1.880737,1.223034,-0.745104
1.875767,1.222742,-0.761327
1.871675,1.21865,-0.753581
1.873721,1.223327,-0.746273
1.879275,1.221865,-0.743204
1.877229,1.221865,-0.754312
1.874306,1.223327,-0.742034
1.873429,1.218357,-0.752412
1.871383,1.217188,-0.747296
1.885414,1.229465,-0.757235
1.871675,1.214557,-0.759573
1.875767,1.21748,-0.751827
1.873429,1.223034,-0.752996
1.880444,1.22245,-0.754165
1.880152,1.223619,-0.750219
1.889798,1.220696,-0.743788
1.879567,1.221573,-0.752558
1.884244,1.220403,-0.759573
1.876644,1.223327,-0.759135
1.876352,1.223619,-0.742765
1.878983,1.226834,-0.752558
1.886291,1.222742,-0.756796
1.884537,1.223619,-0.74905
1.881321,1.22508,-0.751242
1.879275,1.222742,-0.745688
1.881906,1.22245,-0.747442
1.87986,1.22508,-0.757381
1.878398,1.219234,-0.758842
1.881321,1.21748,-0.762935
1.877229,1.223034,-0.756942
1.876644,1.223034,-0.748173
1.877813,1.217188,-0.745104
1.882198,1.225373,-0.753289
1.880152,1.217773,-0.74525
1.881029,1.220696,-0.751827
1.885998,1.218357,-0.756212
1.877229,1.222157,-0.755919
1.878106,1.21368,-0.748319
1.876352,1.217773,-0.748758
1.87606,1.217188,-0.750073
1.878398,1.22245,-0.752558
1.887167,1.225665,-0.751827
1.88366,1.226834,-0.746273
1.879567,1.223911,-0.762643
1.88366,1.226834,-0.755042
1.880737,1.223327,-0.757089
1.877813,1.222157,-0.752412
1.879567,1.223034,-0.741888
1.879567,1.225957,-0.746565
1.884537,1.224203,-0.754312
1.881906,1.225957,-0.746565
1.878983,1.220696,-0.744519
1.881906,1.22625,-0.744519
1.878983,1.220988,-0.739988
1.88366,1.225373,-0.739696
1.872552,1.225665,-0.748904
1.879567,1.21865,-0.748465
1.874598,1.223619,-0.749342
1.880444,1.22625,-0.760012
1.881614,1.224788,-0.744665
1.882198,1.22888,-0.762204
1.883367,1.223619,-0.742911
1.881321,1.220988,-0.760304
1.876937,1.222742,-0.749635
1.877229,1.224203,-0.750512
1.871675,1.228296,-0.751242
1.872552,1.221573,-0.748173
1.876644,1.226542,-0.749635
1.87109,1.219819,-0.750658
1.881321,1.223911,-0.745835
1.88366,1.220988,-0.752996
1.882198,1.224788,-0.747296
1.876937,1.224496,-0.75665
1.886875,1.227127,-0.758842
1.879275,1.227127,-0.74525
1.876644,1.224203,-0.747881
1.883075,1.223911,-0.743935
1.882783,1.231219,-0.750658
1.87489,1.223327,-0.759135
1.877813,1.22888,-0.750365
1.87226,1.217188,-0.752996
1.877521,1.222742,-0.75095
1.878106,1.223619,-0.756504
1.875183,1.222742,-0.752996
1.877813,1.220696,-0.754019
1.879275,1.226834,-0.752704
1.878983,1.223911,-0.762789
1.874013,1.217773,-0.756065
1.87489,1.216019,-0.741888
1.877813,1.225373,-0.742765
1.875767,1.228004,-0.746858
1.881614,1.223619,-0.756065
1.877813,1.22888,-0.751096
1.878398,1.220111,-0.74905
1.879567,1.222157,-0.761327
1.876644,1.215726,-0.746127
1.880737,1.224496,-0.757673
1.870798,1.218065,-0.751242
1.87226,1.219819,-0.75475
1.876644,1.221865,-0.755773
1.877813,1.216019,-0.753289
1.881029,1.216603,-0.757673
1.881321,1.215434,-0.760889
1.877813,1.219234,-0.747442
1.879567,1.225957,-0.751973
1.880444,1.228004,-0.753727
1.874306,1.22508,-0.754019
1.881321,1.224203,-0.765127
1.885121,1.218065,-0.757819
1.87869,1.21865,-0.756212
1.877813,1.217188,-0.763519
1.875767,1.216019,-0.758696
1.875767,1.221573,-0.762204
1.877229,1.217188,-0.754896
1.887752,1.22128,-0.760596
1.878106,1.220988,-0.765273
1.880737,1.219819,-0.752996
1.878398,1.216603,-0.746419
1.874013,1.219234,-0.755919
1.87986,1.218357,-0.746127
1.878398,1.218942,-0.757527
1.88366,1.22128,-0.753873
1.87869,1.218065,-0.753142
1.879275,1.224496,-0.751973
1.887167,1.220696,-0.748173
1.872552,1.213388,-0.752996
1.879275,1.226542,-0.756212
1.877813,1.216019,-0.750804
1.877813,1.228588,-0.755481
1.880152,1.216603,-0.757089
1.87869,1.22128,-0.743642
1.876352,1.223034,-0.74525
1.880737,1.219526,-0.746127
1.882198,1.221573,-0.743058
1.875183,1.221573,-0.741158
1.880444,1.225373,-0.743935
1.871383,1.220111,-0.750804
1.878983,1.225373,-0.755919
1.876937,1.222742,-0.755042
1.881321,1.217773,-0.754896
1.877229,1.21865,-0.760889
1.879567,1.221573,-0.744373
1.888337,1.220988,-0.748612
1.886583,1.221573,-0.738527
1.885121,1.221573,-0.746273
1.883075,1.220988,-0.751827
1.883075,1.216603,-0.748173
1.889798,1.222157,-0.742619
1.883367,1.22245,-0.759573
1.881906,1.219819,-0.756358
1.876937,1.209588,-0.742765
1.875183,1.21865,-0.756504
1.881614,1.220111,-0.747004
1.885414,1.221573,-0.746565
1.874598,1.220111,-0.745981
1.873721,1.223327,-0.750804
1.876644,1.228588,-0.758842
1.882198,1.218065,-0.753727
1.882198,1.219234,-0.755335
1.880444,1.22245,-0.757527
1.879567,1.218357,-0.752412
1.882783,1.217773,-0.761327
1.87869,1.220111,-0.751388
1.884244,1.22128,-0.759135
1.879275,1.219234,-0.758696
1.879567,1.22888,-0.756796
1.877521,1.223619,-0.761619
1.881321,1.222742,-0.756504
1.886583,1.233265,-0.753289
1.875475,1.21865,-0.745104
1.880737,1.219526,-0.739988
1.875183,1.22245,-0.745396
1.876937,1.220111,-0.740719
1.887752,1.221573,-0.74335
1.88746,1.220111,-0.746273
1.87986,1.22508,-0.752704
1.880444,1.223034,-0.755627
1.881321,1.222742,-0.747296
1.886583,1.218357,-0.754019
1.885121,1.220696,-0.761912
1.884244,1.21865,-0.755627
1.882491,1.220988,-0.751681
1.881906,1.222742,-0.751681
1.884537,1.222742,-0.757966
1.877813,1.223911,-0.754312
1.877813,1.22625,-0.758696
1.867875,1.253435,-0.777843
1.855013,1.267466,-0.793335
1.845367,1.282666,-0.805028
1.84829,1.282081,-0.799035
1.845659,1.282666,-0.794797
1.845659,1.283251,-0.802543
1.846536,1.277697,-0.796258
1.844782,1.280035,-0.802397
1.844198,1.292604,-0.807366
1.844198,1.297574,-0.809705
1.848582,1.285881,-0.798597
1.839813,1.296405,-0.80722
1.842151,1.298743,-0.799912
1.843905,1.295528,-0.812628
1.838644,1.293481,-0.803128
1.833967,1.296697,-0.795966
1.835721,1.297574,-0.806051
1.844782,1.304589,-0.806197
1.841567,1.29962,-0.812189
1.835428,1.296112,-0.805759
1.843321,1.298451,-0.810143
1.845367,1.301082,-0.821105
1.838644,1.296989,-0.814236
1.841859,1.302835,-0.804005
1.837767,1.308389,-0.803859
1.835136,1.299912,-0.803566
1.834551,1.303712,-0.800351
1.839228,1.29962,-0.808243
1.836013,1.297866,-0.811166
1.834259,1.306343,-0.809266
1.840398,1.294651,-0.81102
1.838936,1.300789,-0.806489
1.83309,1.30722,-0.813943
1.839521,1.296405,-0.811166
1.840982,1.302835,-0.817451
1.836013,1.298743,-0.806343
1.842444,1.309559,-0.814089
1.836305,1.304005,-0.824905
1.833967,1.30342,-0.810289
1.838936,1.305174,-0.815843
1.833382,1.304882,-0.813359
1.831921,1.311312,-0.802251
1.828997,1.300205,-0.814528
1.843613,1.300789,-0.81789
1.831628,1.296112,-0.813651
1.833967,1.302251,-0.813651
1.833967,1.306051,-0.818182
1.843321,1.310436,-0.812336
1.841567,1.30342,-0.808097
1.835721,1.301666,-0.81862
1.841567,1.299912,-0.806635
1.845951,1.310436,-0.821397
1.839521,1.306635,-0.808828
1.838351,1.305466,-0.811605
1.839813,1.305466,-0.807074
1.837474,1.301374,-0.808828
1.842444,1.306928,-0.814236
1.83309,1.29962,-0.816282
1.838644,1.302835,-0.811312
1.842736,1.303128,-0.805905
1.843905,1.303128,-0.814382
1.837182,1.303712,-0.816866
1.845659,1.296697,-0.813359
1.837767,1.307512,-0.806197
1.838644,1.301958,-0.805905
1.836013,1.306635,-0.803859
1.835721,1.300497,-0.815113
1.834551,1.310728,-0.813943
1.831628,1.306928,-0.810728
1.835136,1.307512,-0.811312
1.836597,1.302543,-0.804882
1.843905,1.305174,-0.813066
1.84449,1.303128,-0.813505
1.839813,1.306343,-0.813066
1.842736,1.304882,-0.803712
1.839813,1.301958,-0.812774
1.83689,1.306928,-0.803712
1.828705,1.299035,-0.804443
1.833967,1.305759,-0.809266
1.837182,1.315405,-0.807074
1.837182,1.302543,-0.818328
1.843321,1.30342,-0.809412
1.844198,1.298158,-0.811312
1.837767,1.301082,-0.803859
1.830751,1.295235,-0.801666
1.838644,1.301082,-0.803712
1.831044,1.298451,-0.802982
1.832505,1.301374,-0.811751
1.833674,1.298451,-0.800935
1.843321,1.30342,-0.796843
1.845951,1.31102,-0.808536
1.838644,1.305466,-0.80342
1.843905,1.307805,-0.810436
1.846244,1.305466,-0.808097
1.838936,1.305174,-0.811312
1.83689,1.307805,-0.801082
1.838351,1.312189,-0.809412
1.832505,1.308389,-0.790997
1.838351,1.304589,-0.80152
1.834844,1.311605,-0.811166
1.837474,1.306928,-0.808828
1.834551,1.310436,-0.807951
1.835721,1.310436,-0.80342
1.833674,1.309266,-0.80152
1.836597,1.30342,-0.811166
1.83689,1.30722,-0.807366
1.838059,1.308097,-0.806635
1.838644,1.312482,-0.803274
1.835136,1.309266,-0.798597
1.839813,1.305174,-0.801959
1.837474,1.306343,-0.801812
1.837474,1.308974,-0.800351
1.838936,1.303712,-0.811605
1.835721,1.306635,-0.806928
1.838059,1.29962,-0.801228
1.834259,1.299035,-0.802397
1.840398,1.304005,-0.799474
1.840982,1.298158,-0.810289
1.836305,1.306928,-0.810143
1.830751,1.305174,-0.802835
1.836305,1.305759,-0.811459
1.836013,1.299035,-0.798305
1.835428,1.301666,-0.812774
1.83689,1.304297,-0.813066
1.834259,1.301958,-0.811897
1.832797,1.296989,-0.815405
1.831336,1.29962,-0.813213
1.839521,1.30342,-0.817451
1.837182,1.302251,-0.816428
1.83309,1.306635,-0.817597
1.833674,1.302543,-0.814236
1.835428,1.305466,-0.813505
1.836597,1.308389,-0.806051
1.833967,1.302251,-0.815989
1.833674,1.301374,-0.806635
1.839228,1.305759,-0.807074
1.840398,1.311312,-0.810436
1.837182,1.299912,-0.80912
1.834844,1.304297,-0.797135
1.84069,1.304297,-0.811312
1.837182,1.30342,-0.812774
1.83309,1.308097,-0.808243
1.833967,1.30722,-0.812336
1.835428,1.301958,-0.812628
1.839228,1.303712,-0.804151
1.838059,1.309851,-0.801812
1.840398,1.304882,-0.809851
1.838936,1.304589,-0.798743
1.845367,1.306928,-0.805905
1.834259,1.307512,-0.813797
1.833382,1.301374,-0.810874
1.833674,1.304297,-0.806197
1.842151,1.302543,-0.804151
1.836013,1.310143,-0.80912
1.841567,1.312774,-0.804443
1.833674,1.307512,-0.809705
1.835136,1.313066,-0.809705
1.840105,1.302835,-0.810582
1.839228,1.306051,-0.811751
1.842151,1.299912,-0.811605
1.839228,1.299912,-0.816136
1.833967,1.302543,-0.813943
1.841274,1.298451,-0.812482
1.833382,1.307512,-0.815405
1.827243,1.307512,-0.820813
1.829582,1.303712,-0.81102
1.837474,1.302835,-0.810728
1.826367,1.306051,-0.813066
1.837182,1.306635,-0.808974
1.831628,1.299912,-0.793774
1.827536,1.304005,-0.813651
1.830167,1.316282,-0.823297
1.829874,1.305466,-0.81292
1.832213,1.301082,-0.806928
1.835721,1.30722,-0.811166
1.841274,1.300205,-0.812628
1.838644,1.300789,-0.808974
1.829874,1.306928,-0.811751
1.836305,1.298158,-0.803712
1.830751,1.306343,-0.811605
1.837474,1.304297,-0.814966
1.836305,1.299035,-0.812189
1.831628,1.300205,-0.810436
1.835721,1.300497,-0.807512
1.831921,1.304882,-0.82549
1.831921,1.305466,-0.81672
1.836013,1.298158,-0.82052
1.836305,1.302835,-0.806489
1.832213,1.301666,-0.817451
1.837474,1.305759,-0.813943
1.833967,1.297574,-0.810874
1.832797,1.292604,-0.815697
1.835721,1.298451,-0.813213
1.840105,1.301082,-0.814089
1.830459,1.29962,-0.817743
1.835136,1.301958,-0.812043
1.83689,1.301082,-0.81482
1.835136,1.301958,-0.807659
1.837474,1.301958,-0.812336
1.833967,1.296112,-0.814528
1.832213,1.307512,-0.805612
1.835428,1.299035,-0.819205
1.831044,1.300205,-0.807951
1.841274,1.302543,-0.809705
1.841859,1.299912,-0.806489
1.839813,1.299328,-0.808682
1.837767,1.305174,-0.812628
1.834259,1.296405,-0.809705
1.833967,1.300789,-0.797574
1.835721,1.29962,-0.802982
1.829874,1.304882,-0.810143
1.833674,1.306343,-0.817305
1.840982,1.300497,-0.813213
1.837182,1.302835,-0.808828
1.83309,1.298743,-0.818036
1.84069,1.296989,-0.806928
1.832505,1.303128,-0.806489
1.836013,1.303712,-0.802689
1.82812,1.305174,-0.808828
1.837474,1.300497,-0.801812
1.841859,1.301374,-0.805466
1.838059,1.296112,-0.810143
1.834844,1.304005,-0.809559
1.828997,1.304589,-0.810728
1.835428,1.300497,-0.809412
1.831336,1.300789,-0.810874
1.836013,1.302251,-0.807074
1.829874,1.296405,-0.815697
1.828997,1.307805,-0.809559
1.835136,1.302543,-0.812043
1.829582,1.302543,-0.810143
1.833967,1.306928,-0.802397
1.833674,1.302251,-0.79962
1.838059,1.301374,-0.811459
1.835721,1.304297,-0.793481
1.82812,1.296112,-0.800058
1.829874,1.30722,-0.808682
1.837474,1.311605,-0.804882
1.834551,1.299912,-0.816574
1.838936,1.308974,-0.819643
1.83309,1.296112,-0.799912
1.83689,1.307512,-0.813505
1.836305,1.310436,-0.800789
1.843028,1.301666,-0.811751
1.837474,1.303128,-0.817013
1.831336,1.297282,-0.80912
1.828705,1.301666,-0.813651
1.83309,1.30342,-0.819497
1.837767,1.300789,-0.81102
1.841274,1.304882,-0.817305
1.837182,1.296112,-0.814382
1.838059,1.295235,-0.816136
1.842444,1.311897,-0.810582
1.834844,1.302251,-0.809705
1.840105,1.300789,-0.818474
1.842444,1.306343,-0.821105
1.844782,1.308097,-0.810289
1.843613,1.302835,-0.819059
1.833674,1.304297,-0.811459
1.836013,1.313651,-0.814528
1.840982,1.306635,-0.813797
1.836305,1.305466,-0.820813
1.837182,1.299328,-0.814089
1.835721,1.306051,-0.809997
1.835721,1.302251,-0.810143
1.83309,1.306928,-0.82052
1.835428,1.302251,-0.809851
1.831336,1.303128,-0.807366
1.835136,1.302543,-0.817743
1.84069,1.299035,-0.808974
1.833967,1.297574,-0.816136
1.838644,1.302543,-0.81672
1.840982,1.299035,-0.818182
1.836013,1.298451,-0.813943
1.83689,1.306051,-0.816428
1.833382,1.303128,-0.814966
1.840398,1.299912,-0.817305
1.838936,1.304882,-0.820228
1.837474,1.302835,-0.813797
1.834259,1.301374,-0.816866
1.830167,1.305174,-0.812336
1.836305,1.291728,-0.821982
1.827828,1.296989,-0.826074
1.835428,1.295235,-0.81862
1.831921,1.301666,-0.812628
1.833382,1.303712,-0.806489
1.830459,1.296989,-0.812189
1.824613,1.300497,-0.813651
1.835721,1.300497,-0.815551
1.832505,1.299912,-0.819059
1.833674,1.301958,-0.819497
1.838644,1.301082,-0.808243
1.833674,1.301666,-0.806635
1.844782,1.305174,-0.819497
1.835136,1.30342,-0.808974
1.833674,1.296405,-0.810436
1.834259,1.29962,-0.815405
1.838351,1.298743,-0.804735
1.833967,1.301082,-0.80722
1.839228,1.300205,-0.811605
1.836597,1.301082,-0.810728
1.834844,1.294358,-0.811751
1.835721,1.296697,-0.812774
1.834551,1.300789,-0.809851
1.838351,1.303712,-0.802397
1.838059,1.302543,-0.809705
1.831336,1.302835,-0.818328
1.831921,1.29962,-0.814674
1.833674,1.304882,-0.808536
1.834551,1.300789,-0.811897
1.838059,1.306051,-0.81292
1.836305,1.301958,-0.807951
1.83309,1.296112,-0.815259
1.837767,1.292897,-0.811312
1.830459,1.304005,-0.807805
1.843028,1.299035,-0.807951
1.837474,1.297866,-0.815113
1.836013,1.300497,-0.807951
1.83309,1.299328,-0.79582
1.84069,1.304297,-0.809266
1.836013,1.308682,-0.802689
1.83689,1.305174,-0.812336
1.831044,1.30342,-0.815113
1.84069,1.29962,-0.811605
1.833967,1.312189,-0.808828
1.837474,1.298743,-0.818766
1.837474,1.305174,-0.816136
1.829874,1.298158,-0.819643
1.827828,1.312482,-0.820082
1.824613,1.33499,-0.828705
1.820813,1.335574,-0.828851
1.814382,1.346682,-0.83879
1.805612,1.348144,-0.836451
1.798597,1.355159,-0.833236
1.804443,1.350775,-0.842444
1.811459,1.358375,-0.840836
1.810289,1.358082,-0.839667
1.809412,1.358667,-0.845367
1.808828,1.369483,-0.850482
1.809997,1.365975,-0.846244
1.803859,1.365975,-0.848728
1.798305,1.361006,-0.834844
1.80912,1.37036,-0.838351
1.804735,1.360129,-0.84639
1.802397,1.367729,-0.839228
1.808535,1.370067,-0.855305
1.807366,1.363052,-0.857206
1.812336,1.37036,-0.842444
1.810874,1.36656,-0.850921
1.801228,1.37036,-0.838936
1.798889,1.36919,-0.846244
1.805612,1.373867,-0.841274
1.807074,1.368313,-0.850775
1.808535,1.36656,-0.835428
1.805612,1.366267,-0.838936
1.812336,1.373575,-0.839667
1.808535,1.368898,-0.845951
1.808243,1.368313,-0.839228
1.799182,1.36919,-0.853405
1.805612,1.37679,-0.856767
1.800351,1.368898,-0.849898
1.802397,1.369483,-0.843613
1.802689,1.366852,-0.837328
1.799766,1.371236,-0.847413
1.803274,1.371529,-0.842444
1.805905,1.382637,-0.844782
1.80532,1.372406,-0.848875
1.808243,1.368313,-0.834844
1.807659,1.373575,-0.845513
1.810582,1.36539,-0.847121
1.803274,1.369775,-0.84449
1.807074,1.363929,-0.851944
1.803566,1.366267,-0.838059
1.80532,1.362175,-0.851505
1.804443,1.368021,-0.851213
1.808535,1.367729,-0.845513
1.816136,1.367729,-0.856329
1.810874,1.363636,-0.834113
1.809997,1.368313,-0.850775
1.811459,1.372406,-0.846244
1.803859,1.375329,-0.841567
1.804735,1.370944,-0.854721
1.802982,1.369483,-0.850044
1.801812,1.371236,-0.841421
1.803274,1.374452,-0.844051
1.804151,1.372113,-0.852967
1.807951,1.375914,-0.844344
1.804443,1.375037,-0.843175
1.804443,1.373283,-0.847705
1.805612,1.376498,-0.845221
1.801228,1.372698,-0.845221
1.802689,1.374744,-0.847998
1.807074,1.376498,-0.847121
1.798889,1.371236,-0.83879
1.804151,1.37416,-0.853552
1.802397,1.367144,-0.849167
1.80532,1.36919,-0.839667
1.800643,1.370067,-0.844198
1.802982,1.37299,-0.845221
1.811459,1.369483,-0.842151
1.806489,1.366852,-0.850336
1.805905,1.372113,-0.838498
1.807074,1.369775,-0.840251
1.804151,1.369775,-0.848144
1.804735,1.37036,-0.848582
1.799766,1.373575,-0.844051
1.804735,1.371236,-0.836159
1.804151,1.376498,-0.841421
1.810874,1.376206,-0.841859
1.801228,1.369775,-0.840105
1.796258,1.372113,-0.847121
1.801812,1.364806,-0.840398
1.807951,1.370652,-0.847705
1.800935,1.368313,-0.840398
1.805028,1.37036,-0.843467
1.807951,1.36919,-0.848582
1.800643,1.37036,-0.847705
1.813505,1.379129,-0.838205
1.808828,1.37796,-0.841128
1.807659,1.368606,-0.848582
1.804443,1.371529,-0.839521
1.800935,1.366852,-0.846536
1.802982,1.367144,-0.841421
1.798597,1.372406,-0.846244
1.80152,1.372698,-0.846682
1.802689,1.374452,-0.850628
1.798889,1.376206,-0.845951
1.803274,1.373283,-0.841274
1.795381,1.376206,-0.845221
1.802982,1.380006,-0.851652
1.803566,1.372698,-0.852529
1.796843,1.371529,-0.852967
1.803859,1.371236,-0.850628
1.796843,1.37416,-0.832067
1.806197,1.372698,-0.844928
1.807951,1.375914,-0.850482
1.796258,1.369483,-0.847852
1.803566,1.373283,-0.838059
1.799182,1.37299,-0.852382
1.804151,1.368313,-0.842151
1.795381,1.370067,-0.842005
1.798012,1.36539,-0.851652
1.80152,1.368898,-0.84449
1.804443,1.375037,-0.847559
1.804151,1.375914,-0.850044
1.80152,1.37679,-0.850482
1.804443,1.372406,-0.848875
1.803859,1.368021,-0.835721
1.800058,1.37679,-0.837621
1.799474,1.372406,-0.839374
1.804151,1.374744,-0.847413
1.804735,1.37679,-0.830897
1.804443,1.36919,-0.843905
1.809412,1.367144,-0.83879
1.803566,1.368898,-0.846975
1.800351,1.372698,-0.848728
1.805612,1.374452,-0.855013
1.800351,1.36539,-0.846975
1.79772,1.374744,-0.847267
1.805612,1.377667,-0.845367
1.802397,1.371821,-0.846682
1.803274,1.372113,-0.847413
1.802982,1.370944,-0.839813
1.799474,1.364513,-0.839082
1.798597,1.366267,-0.842444
1.800058,1.373867,-0.847121
1.798889,1.375914,-0.847267
1.798889,1.370944,-0.838059
1.797428,1.37036,-0.843467
1.805028,1.36919,-0.849167
1.802397,1.37299,-0.843759
1.803274,1.372113,-0.839374
1.798597,1.36919,-0.855305
1.796258,1.37299,-0.844051
1.800643,1.375621,-0.842444
1.799474,1.364221,-0.842882
1.792458,1.371236,-0.84259
1.795089,1.371821,-0.839813
1.805612,1.380883,-0.831628
1.802689,1.376206,-0.841859
1.799474,1.375037,-0.847121
1.800351,1.37796,-0.845367
1.799766,1.376498,-0.845513
1.804151,1.375037,-0.844051
1.796551,1.372698,-0.851944
1.794505,1.375914,-0.84639
1.799766,1.371529,-0.843175
1.795381,1.375914,-0.847413
1.804443,1.369483,-0.851359
1.799766,1.373867,-0.840544
1.801228,1.372406,-0.843759
1.794797,1.373283,-0.849605
1.802689,1.377083,-0.841274
1.801228,1.377375,-0.840398
1.800643,1.376498,-0.842151
1.796551,1.369775,-0.839521
1.802105,1.370067,-0.837182
1.807074,1.37679,-0.84829
1.805028,1.372698,-0.845805
1.803566,1.370652,-0.851359
1.804151,1.37679,-0.840398
1.802689,1.372113,-0.851505
1.799474,1.377083,-0.84069
1.798305,1.372113,-0.845367
1.804735,1.373283,-0.845221
1.804151,1.37796,-0.839667
1.799474,1.363052,-0.834551
1.797428,1.368898,-0.84449
1.795966,1.369483,-0.849898
1.79772,1.371529,-0.84639
1.795381,1.370944,-0.857059
1.798012,1.365683,-0.841274
1.796551,1.371529,-0.839374
1.804735,1.373867,-0.840105
1.798597,1.373283,-0.844051
1.799474,1.369775,-0.841421
1.803859,1.370067,-0.839521
1.801228,1.372406,-0.842736
1.798889,1.377375,-0.844782
1.799474,1.375037,-0.841713
1.799766,1.377083,-0.849167
1.800935,1.378544,-0.834697
1.799766,1.370944,-0.836159
1.805028,1.375914,-0.847852
1.806197,1.377375,-0.849459
1.797135,1.375329,-0.840836
1.803566,1.380298,-0.843759
1.80152,1.368606,-0.846244
1.810582,1.373867,-0.847705
1.806489,1.371821,-0.844344
1.805905,1.372698,-0.846098
1.809412,1.379421,-0.856621
1.796843,1.372406,-0.847267
1.799766,1.369775,-0.850628
1.805028,1.37679,-0.856475
1.79772,1.368898,-0.856329
1.803859,1.378837,-0.846975
1.798012,1.37416,-0.85589
1.798305,1.368313,-0.842298
1.808535,1.372406,-0.862613
1.808243,1.37299,-0.847852
1.803566,1.374452,-0.853698
1.799182,1.375329,-0.851505
1.799766,1.368606,-0.845951
1.803274,1.369775,-0.847705
1.794505,1.373867,-0.838498
1.804443,1.370652,-0.848582
1.797428,1.370652,-0.858521
1.794797,1.367729,-0.852382
1.805028,1.370652,-0.841274
1.804443,1.377083,-0.849605
1.810874,1.36919,-0.852529
1.806489,1.374744,-0.848436
1.806782,1.373575,-0.853259
1.798597,1.37416,-0.847998
1.808535,1.374744,-0.849459
1.806197,1.376498,-0.857059
1.799474,1.371821,-0.85589
1.801812,1.368898,-0.846828
1.801812,1.375914,-0.853113
1.805612,1.372698,-0.845367
1.811459,1.370944,-0.839959
1.806489,1.368898,-0.85019
1.800058,1.373867,-0.838205
1.808243,1.36656,-0.841128
1.805612,1.368313,-0.839228
1.804735,1.37036,-0.845075
1.804735,1.363344,-0.848144
1.798305,1.374744,-0.858813
1.805028,1.370067,-0.842005
1.808535,1.372698,-0.850921
1.807659,1.371236,-0.845805
1.802982,1.378252,-0.846682
1.805028,1.367729,-0.840982
1.807659,1.37796,-0.846244
1.80912,1.370944,-0.859106
1.80912,1.36539,-0.849313
1.804443,1.372698,-0.842736
1.805905,1.380006,-0.843321
1.808828,1.370944,-0.849167
1.805905,1.375037,-0.84639
1.809705,1.370652,-0.849021
1.804735,1.377667,-0.841421
1.811751,1.375037,-0.844928
1.806782,1.371529,-0.855598
1.800643,1.375621,-0.849021
1.802689,1.371821,-0.845513
1.812336,1.379421,-0.844344
1.80912,1.37036,-0.858959
1.804151,1.372113,-0.849021
1.797135,1.362759,-0.860713
1.799766,1.38059,-0.858813
1.802982,1.378837,-0.859252
1.798305,1.372113,-0.846682
1.803859,1.36919,-0.844051
1.801812,1.37299,-0.85019
1.806197,1.371529,-0.853552
1.806489,1.366852,-0.852529
1.803274,1.367144,-0.847267
1.806489,1.378837,-0.861883
1.802105,1.374744,-0.861298
1.807951,1.373575,-0.858959
1.799182,1.370067,-0.848144
1.794797,1.372698,-0.850775
1.801228,1.373575,-0.849898
1.80152,1.379714,-0.860275
1.799766,1.369483,-0.853259
1.804151,1.371821,-0.851505
1.805028,1.371529,-0.847852
1.801228,1.372406,-0.844782
1.803859,1.364806,-0.847267
1.802397,1.370944,-0.84639
1.805612,1.374452,-0.854282
1.799474,1.37036,-0.852821
1.798012,1.370944,-0.851652
1.802982,1.372113,-0.861883
1.800643,1.363344,-0.852821
1.799766,1.369775,-0.853698
1.800935,1.36919,-0.857498
1.807074,1.365975,-0.846828
1.801228,1.372113,-0.856767
1.806197,1.370067,-0.838351
1.805028,1.373867,-0.853259
1.799182,1.372113,-0.847852
1.803274,1.375329,-0.838059
1.804443,1.371821,-0.847121
1.790704,1.378837,-0.857644
1.800935,1.369775,-0.859398
1.804735,1.36539,-0.861883
1.803274,1.369775,-0.857352
1.792458,1.37036,-0.890675
1.800643,1.367436,-0.849167
1.794212,1.367436,-0.859836
1.793335,1.36919,-0.849021
1.764689,1.372113,-0.856913
1.760889,1.375329,-0.85589
1.804735,1.37299,-0.858375
1.804443,1.369775,-0.856475
1.798597,1.371236,-0.856182
1.800643,1.37036,-0.856913
1.795381,1.372698,-0.850336
1.800058,1.365098,-0.854136
1.798889,1.369483,-0.849313
1.80152,1.36656,-0.856329
1.798305,1.362759,-0.854867
1.804151,1.36539,-0.852821
1.805905,1.370652,-0.856767
1.799766,1.366852,-0.843321
1.79772,1.368606,-0.850482
1.794505,1.368898,-0.851944
1.798305,1.364513,-0.847267
1.803859,1.360713,-0.853698
1.802397,1.368021,-0.853698
1.803859,1.372113,-0.850336
1.801812,1.373575,-0.85019
1.805612,1.372406,-0.847267
1.801228,1.38176,-0.844636
1.80532,1.375621,-0.846098
1.798597,1.372698,-0.850336
1.805028,1.371821,-0.846975
1.807951,1.373283,-0.843905
1.796843,1.36539,-0.853698
1.804735,1.372406,-0.846536
1.799766,1.37416,-0.849167
1.802397,1.370652,-0.845659
1.804735,1.373283,-0.851067
1.806782,1.372113,-0.851944
1.796258,1.368606,-0.854721
1.800351,1.380298,-0.856182
1.796258,1.365683,-0.859982
1.803566,1.370067,-0.857644
1.800935,1.372113,-0.858521
1.801228,1.369483,-0.854721
1.800351,1.371529,-0.843321
1.800643,1.368021,-0.856329
1.803566,1.367729,-0.852529
1.803566,1.371821,-0.850044
1.802982,1.375037,-0.855598
1.807074,1.372698,-0.851359
1.808535,1.369775,-0.856475
1.80532,1.375914,-0.891406
1.802397,1.37299,-0.894768
1.802105,1.370944,-0.847852
1.807074,1.373867,-0.854282
1.807074,1.347267,-0.849898
1.797135,1.376206,-0.852675
1.800351,1.375329,-0.845075
1.805028,1.370652,-0.842444
1.800058,1.376498,-0.844051
1.801812,1.371236,-0.845367
1.798597,1.374452,-0.847998
1.805905,1.37036,-0.854867
1.802397,1.374744,-0.844928
1.806489,1.368313,-0.847998
1.802982,1.371821,-0.845075
1.799474,1.36539,-0.848728
1.800058,1.366852,-0.847998
1.795966,1.365683,-0.851505
1.801228,1.372698,-0.845951
1.799474,1.371236,-0.849313
1.795966,1.368021,-0.846975
1.796258,1.373283,-0.852382
1.801812,1.37416,-0.854575
1.803566,1.371529,-0.850628
1.80532,1.378837,-0.856475
1.808243,1.369775,-0.849313
1.802397,1.373575,-0.834551
1.804151,1.375621,-0.853844
1.802105,1.372406,-0.845805
1.807074,1.376206,-0.845805
1.797135,1.370652,-0.84829
1.80152,1.373283,-0.845075
1.796843,1.375037,-0.85019
1.804735,1.374452,-0.857059
1.800935,1.376206,-0.855744
1.80152,1.372698,-0.847705
1.80152,1.371821,-0.846536
1.807074,1.37299,-0.854282
1.808535,1.380298,-0.853113
1.807659,1.37679,-0.84449
1.799766,1.367729,-0.856475
1.800351,1.375329,-0.851798
1.79772,1.374452,-0.850921
1.804151,1.375329,-0.852675
1.804151,1.366852,-0.851213
1.805905,1.373867,-0.85019
1.807951,1.380298,-0.841274
1.803859,1.379714,-0.851359
1.808243,1.371236,-0.85019
1.812628,1.377083,-0.841859
1.809705,1.373283,-0.836598
1.803274,1.370067,-0.843467
1.800935,1.375037,-0.846828
1.798305,1.374744,-0.847998
1.80152,1.37299,-0.850775
1.802689,1.371236,-0.856475
1.802105,1.37299,-0.865683
1.802982,1.370067,-0.855744
1.798305,1.372406,-0.849021
1.802397,1.36539,-0.859398
1.799766,1.374744,-0.843175
1.802689,1.368021,-0.849605
1.803566,1.376206,-0.846682
1.798597,1.384098,-0.85019
1.800351,1.375037,-0.852529
1.805028,1.382344,-0.863783
1.801228,1.371236,-0.857644
1.798597,1.376206,-0.853698
1.804735,1.37036,-0.845951
1.803566,1.36919,-0.846244
1.798597,1.372698,-0.85969
1.803274,1.376498,-0.845221
1.802689,1.373575,-0.851213
1.800643,1.373283,-0.850044
1.806489,1.375329,-0.853552
1.807074,1.375037,-0.847852
1.804151,1.37679,-0.850775
1.804443,1.379714,-0.861152
1.815551,1.368606,-0.85019
1.802397,1.373283,-0.856182
1.804443,1.372113,-0.847121
1.805028,1.378252,-0.855452
1.801812,1.373867,-0.856182
1.802982,1.373575,-0.859544
1.808243,1.367144,-0.845075
1.800935,1.375329,-0.853698
1.802397,1.373575,-0.861883
1.805612,1.37036,-0.857206
1.804151,1.38176,-0.849313
1.799182,1.381467,-0.853552
1.800935,1.375329,-0.845951
1.80532,1.374744,-0.858375
1.805028,1.373867,-0.860421
1.799182,1.378544,-0.863344
1.805905,1.375914,-0.859398
1.802982,1.366852,-0.852967
1.80532,1.375037,-0.862321
1.800351,1.376498,-0.856182
1.80532,1.373575,-0.845367
1.798305,1.376498,-0.849167
1.803859,1.37299,-0.853405
1.807074,1.374744,-0.851505
1.810874,1.37416,-0.856475
1.809997,1.378252,-0.854136
1.80152,1.375037,-0.850775
1.798597,1.373867,-0.854282
1.801812,1.372113,-0.850775
1.807074,1.373575,-0.854867
1.799182,1.368606,-0.824174
1.80532,1.373575,-0.851067
1.808828,1.369775,-0.851505
1.803274,1.375329,-0.852382
1.800935,1.368606,-0.852675
1.80152,1.372698,-0.844782
1.799766,1.368313,-0.850044
1.801812,1.379421,-0.857936
1.802397,1.372698,-0.861883
1.805028,1.377667,-0.857059
1.807659,1.378252,-0.870798
1.804151,1.372113,-0.859398
1.803859,1.366852,-0.856913
1.803566,1.374452,-0.857352
1.804151,1.37679,-0.844782
1.801228,1.373575,-0.846536
1.808828,1.370652,-0.841713
1.806782,1.372113,-0.857498
1.800351,1.375037,-0.849459
1.802982,1.374452,-0.847998
1.806489,1.370067,-0.845367
1.802397,1.36919,-0.853405
1.798889,1.370652,-0.845075
1.79772,1.377375,-0.851067
1.799766,1.367729,-0.859982
1.798889,1.371821,-0.852382
1.800351,1.379714,-0.853405
1.803566,1.377667,-0.854575
1.807074,1.37299,-0.843905
1.802689,1.372406,-0.849752
1.796843,1.374452,-0.853552
1.793335,1.372698,-0.846975
1.802982,1.368898,-0.858813
1.796843,1.376498,-0.840544
1.807659,1.375914,-0.855452
1.798889,1.373283,-0.861883
1.800351,1.369775,-0.852236
1.804735,1.374744,-0.857059
1.802105,1.377375,-0.846536
1.800058,1.371236,-0.857206
1.802397,1.373575,-0.846244
1.797428,1.373575,-0.852967
1.805612,1.377375,-0.841274
1.800058,1.371529,-0.846828
1.798889,1.37416,-0.856475
1.806489,1.375037,-0.82359
1.799766,1.377375,-0.851359
1.809412,1.375329,-0.843175
1.800935,1.375037,-0.846244
1.800351,1.377083,-0.849459
1.79772,1.375037,-0.845951
1.795966,1.377667,-0.851798
1.802982,1.366852,-0.848582
1.80152,1.374452,-0.854282
1.796843,1.372113,-0.85209
1.798012,1.37796,-0.846828
1.801228,1.375037,-0.851944
1.798597,1.375914,-0.846098
1.799766,1.380298,-0.857352
1.806197,1.37036,-0.848436
1.809997,1.375621,-0.861006
1.803859,1.380298,-0.849605
1.800935,1.368898,-0.851944
1.800643,1.374452,-0.854282
1.797135,1.37299,-0.85399
1.806489,1.370652,-0.836013
1.802397,1.368898,-0.856475
1.807659,1.37299,-0.846244
1.797135,1.378837,-0.849167
1.800058,1.375621,-0.86159
1.797135,1.376206,-0.864513
1.801228,1.373283,-0.863929
1.795966,1.374452,-0.845367
1.795966,1.37416,-0.85969
1.802397,1.373283,-0.862029
1.802982,1.379714,-0.861883
1.802982,1.37299,-0.858375
1.801228,1.36919,-0.863344
1.803566,1.367436,-0.851944
1.800935,1.372406,-0.845951
1.807659,1.369483,-0.862613
1.810289,1.373867,-0.855744
1.800935,1.367144,-0.860129
1.801812,1.370652,-0.863929
1.800351,1.367436,-0.85209
1.808828,1.373283,-0.864367
1.805028,1.376498,-0.85779
1.803566,1.378544,-0.854575
1.803566,1.380883,-0.859398
1.80532,1.373283,-0.850336
1.801228,1.37036,-0.848436
1.803274,1.375329,-0.856913
1.807951,1.372113,-0.850628
1.800351,1.370067,-0.851652
1.800935,1.383221,-0.842005
1.798305,1.375621,-0.849605
1.80152,1.371529,-0.852821
1.800643,1.378544,-0.839813
1.809412,1.37796,-0.846244
1.802397,1.379129,-0.846536
1.804443,1.37416,-0.856475
1.804443,1.381467,-0.858667
1.802982,1.375914,-0.85019
1.800058,1.371821,-0.851505
1.80532,1.379714,-0.848728
1.808535,1.373575,-0.85399
1.800935,1.38176,-0.845805
1.803274,1.376498,-0.846975
1.804735,1.368021,-0.853552
1.794505,1.371236,-0.854429
1.802982,1.378252,-0.842736
1.798597,1.376498,-0.843613
1.804735,1.374744,-0.849459
1.794505,1.378544,-0.853552
1.800643,1.37796,-0.849313
1.799474,1.37299,-0.844636
1.811166,1.376206,-0.843613
1.806197,1.377375,-0.851067
1.80532,1.365683,-0.858813
1.806782,1.379129,-0.852967
1.807951,1.374744,-0.848875
1.802105,1.37036,-0.847852
1.797135,1.375037,-0.858813
1.801228,1.373575,-0.848875
1.805028,1.371236,-0.844782
1.803274,1.377083,-0.849752
1.803274,1.378252,-0.847559
1.803566,1.372698,-0.852967
1.803859,1.375914,-0.863783
1.80152,1.383221,-0.851213
1.799474,1.371821,-0.856329
1.798889,1.375914,-0.856475
1.806489,1.374452,-0.855744
1.806197,1.376498,-0.849313
1.799766,1.379129,-0.852529
1.803274,1.376206,-0.855305
1.803566,1.375037,-0.861006
1.803274,1.382637,-0.861152
1.796843,1.375037,-0.856329
1.802982,1.375621,-0.83879
1.805028,1.375037,-0.85399
1.795381,1.377375,-0.851652
1.798305,1.381467,-0.853113
1.800643,1.375329,-0.847413
1.802105,1.369775,-0.842298
1.806489,1.375037,-0.853844
1.803566,1.374452,-0.855159
1.805028,1.36919,-0.851944
1.803859,1.377083,-0.845951
1.79772,1.373867,-0.847121
1.802689,1.373867,-0.848728
1.802105,1.375037,-0.849167
1.804735,1.375037,-0.847998
1.800935,1.370944,-0.84069
1.808243,1.378837,-0.849752
1.805028,1.373283,-0.846682
1.808828,1.373283,-0.848728
1.803566,1.36539,-0.842151
1.803859,1.37796,-0.840105
1.809997,1.370067,-0.843028
1.808828,1.37416,-0.843321
1.80532,1.371821,-0.847413
1.80912,1.370652,-0.843613
1.804443,1.375914,-0.848875
1.81292,1.371821,-0.846975
1.803566,1.366852,-0.834697
1.810874,1.376206,-0.851505
1.808828,1.366852,-0.850482
1.809997,1.369775,-0.848582
1.806489,1.373283,-0.835136
1.808243,1.37036,-0.850775
1.805905,1.37299,-0.861444
1.802105,1.368898,-0.839228
1.801228,1.369483,-0.846828
1.801228,1.368313,-0.850044
1.803274,1.37796,-0.844636
1.810874,1.371529,-0.85019
1.807951,1.364221,-0.842298
1.802105,1.36919,-0.849021
1.794797,1.367436,-0.845951
1.804735,1.37036,-0.849605
1.808243,1.368606,-0.851505
1.802105,1.371236,-0.853259
1.807659,1.368898,-0.845659
1.806782,1.369775,-0.859252
1.803859,1.369483,-0.857352
1.80532,1.370067,-0.856621
1.80532,1.37299,-0.861298
1.80532,1.36919,-0.860859
1.800935,1.371529,-0.85969
1.805612,1.369775,-0.857059
1.806489,1.36919,-0.849898
1.803859,1.368313,-0.85969
1.80912,1.372406,-0.858959
1.802689,1.37299,-0.842298
1.802982,1.369483,-0.857644
1.804151,1.370652,-0.851067
1.806197,1.378544,-0.85399
1.798012,1.376498,-0.853698
1.795966,1.372698,-0.875329
1.802397,1.372698,-0.858375
1.801228,1.377083,-0.858229
1.802982,1.377375,-0.861444
1.79772,1.380883,-0.85589
1.800643,1.380006,-0.855598
1.806489,1.37679,-0.850921
1.80152,1.371236,-0.843467
1.802982,1.373283,-0.853698
1.806782,1.373575,-0.854867
1.802397,1.36539,-0.85969
1.798597,1.376498,-0.852382
1.800643,1.372406,-0.867729
1.798597,1.375621,-0.860421
1.800058,1.373575,-0.853259
1.798305,1.377375,-0.852675
1.801812,1.37679,-0.853698
1.807366,1.379714,-0.86919
1.800643,1.372406,-0.849605
1.802689,1.37416,-0.856767
1.800935,1.371529,-0.860859
1.801228,1.368313,-0.850482
1.803566,1.368313,-0.853698
1.79772,1.375621,-0.842882
1.799474,1.372113,-0.841859
1.80912,1.37299,-0.870798
1.805905,1.371236,-0.850482
1.806782,1.37679,-0.851944
1.803859,1.374744,-0.86349
1.803274,1.374452,-0.848582
1.800351,1.377083,-0.851505
1.803859,1.375914,-0.849752
1.807659,1.374744,-0.849752
1.807366,1.36919,-0.857059
1.803859,1.373867,-0.860567
1.800643,1.372113,-0.843467
1.810289,1.376498,-0.845513
1.806489,1.370652,-0.847267
1.795089,1.371821,-0.85589
1.808243,1.373283,-0.859398
1.802105,1.37036,-0.858813
1.808243,1.370944,-0.840836
1.799182,1.365683,-0.847705
1.796551,1.367729,-0.858229
1.800935,1.371821,-0.859836
1.798305,1.373283,-0.857059
1.800643,1.374744,-0.855305
1.796551,1.373575,-0.853405
1.798889,1.380298,-0.850921
1.803566,1.371529,-0.841421
1.800935,1.370652,-0.850628
1.800058,1.376498,-0.866267
1.799474,1.375914,-0.845513
1.795381,1.376498,-0.856913
1.803566,1.370652,-0.853259
1.805612,1.380006,-0.858082
1.797135,1.380006,-0.858959
1.798889,1.375037,-0.852529
1.804151,1.37796,-0.853552
1.805612,1.378837,-0.857352
1.799766,1.380006,-0.850775
1.807366,1.380883,-0.848728
1.802105,1.38439,-0.851359
1.810874,1.384098,-0.849021
1.812043,1.376206,-0.856329
1.800935,1.38556,-0.848875
1.788658,1.400175,-0.864806
1.78632,1.416837,-0.867436
1.772581,1.43496,-0.872113
1.778427,1.434668,-0.870798
1.785735,1.445192,-0.875914
1.787781,1.435838,-0.865098
1.783689,1.431453,-0.867583
1.777258,1.442853,-0.877083
1.777258,1.451622,-0.865536
1.769658,1.44753,-0.864952
1.771412,1.449284,-0.869483
1.777258,1.453376,-0.870652
1.768489,1.452499,-0.872552
1.779889,1.45513,-0.867583
1.766735,1.452207,-0.877667
1.764981,1.453376,-0.875475
1.768196,1.458638,-0.872552
1.772581,1.452792,-0.873429
1.771412,1.45133,-0.858229
1.762935,1.457469,-0.874744
1.767612,1.461269,-0.88059
1.769658,1.459807,-0.871237
1.772581,1.459515,-0.87986
1.768196,1.453961,-0.87869
1.774335,1.454253,-0.876644
1.768489,1.461269,-0.872844
1.768489,1.459807,-0.876352
1.773458,1.456592,-0.869629
1.77112,1.460099,-0.877229
1.77492,1.456592,-0.87679
1.77375,1.458346,-0.876937
1.764689,1.457761,-0.87606
1.774627,1.450453,-0.875475
1.761766,1.453376,-0.873429
1.769658,1.451622,-0.87299
1.764981,1.456007,-0.869044
1.760304,1.45133,-0.876937
1.772581,1.449576,-0.874306
1.767027,1.456884,-0.870213
1.764396,1.453376,-0.87869
1.76995,1.455422,-0.880737
1.768489,1.454253,-0.865975
1.768781,1.461561,-0.870944
1.768489,1.453084,-0.863052
1.775797,1.456884,-0.873429
1.766735,1.454545,-0.863636
1.768196,1.45513,-0.863783
1.762935,1.463315,-0.867583
1.769658,1.458053,-0.883806
1.768489,1.455715,-0.869921
1.76235,1.453084,-0.879129
1.76615,1.452499,-0.869044
1.76615,1.456592,-0.86349
1.767904,1.45513,-0.866998
1.764396,1.457469,-0.873283
1.769366,1.460392,-0.872406
1.768196,1.456007,-0.869775
1.76615,1.457469,-0.862906
1.763519,1.459807,-0.875475
1.774335,1.456592,-0.864513
1.769658,1.460392,-0.866413
1.761766,1.449576,-0.862321
1.772289,1.456884,-0.86919
1.766443,1.445776,-0.874452
1.780474,1.45513,-0.858521
1.764981,1.450453,-0.86539
1.766735,1.449284,-0.876937
1.775212,1.448407,-0.866998
1.767319,1.449576,-0.864221
1.771704,1.461853,-0.869921
1.770243,1.457761,-0.869629
1.768196,1.458053,-0.871529
1.77112,1.456884,-0.862321
1.763812,1.453668,-0.871529
1.765858,1.456592,-0.87489
1.769658,1.458638,-0.877083
1.768196,1.452207,-0.866121
1.764689,1.453961,-0.87679
1.76615,1.457761,-0.863198
1.764689,1.454838,-0.864221
1.768196,1.452792,-0.86159
1.769658,1.452207,-0.871237
1.76995,1.449868,-0.880006
1.771996,1.459807,-0.865244
1.764396,1.455715,-0.871675
1.765566,1.454838,-0.873137
1.768196,1.454545,-0.875183
1.770827,1.458053,-0.876352
1.772289,1.452207,-0.876644
1.770827,1.453961,-0.871237
1.77375,1.454838,-0.868167
1.770535,1.458053,-0.87299
1.771412,1.451038,-0.872552
1.768196,1.456007,-0.870067
1.767027,1.459515,-0.868606
1.776089,1.465653,-0.87226
1.767027,1.456884,-0.87226
1.774043,1.460099,-0.867875
1.77112,1.451622,-0.872552
1.76615,1.453376,-0.861152
1.77112,1.457469,-0.872844
1.771996,1.462146,-0.876352
1.773458,1.461269,-0.870506
1.771704,1.454838,-0.861444
1.771412,1.448992,-0.863198
1.771412,1.458053,-0.871675
1.762643,1.456007,-0.866413
1.776673,1.460392,-0.880298
1.770535,1.458346,-0.869336
1.763519,1.456007,-0.868313
1.769658,1.462438,-0.862029
1.770827,1.453668,-0.870652
1.765858,1.459222,-0.870213
1.765273,1.451622,-0.869483
1.773166,1.454545,-0.871529
1.764396,1.461853,-0.881906
1.770243,1.45133,-0.878837
1.762643,1.459515,-0.875475
1.769366,1.455422,-0.861006
1.771996,1.450161,-0.87109
1.769073,1.457761,-0.869921
1.762935,1.453376,-0.867875
1.771704,1.457761,-0.869483
1.773166,1.449576,-0.855452
1.77375,1.453084,-0.872406
1.763812,1.459515,-0.876352
1.768196,1.451915,-0.876206
1.767027,1.457176,-0.862467
1.773458,1.460684,-0.877667
1.762935,1.451915,-0.863929
1.765858,1.454545,-0.87036
1.767027,1.456884,-0.878398
1.76995,1.461561,-0.86159
1.770827,1.456299,-0.86656
1.765566,1.459222,-0.868752
1.772581,1.460684,-0.867436
1.766443,1.457176,-0.865683
1.769658,1.454545,-0.869629
1.773166,1.462146,-0.874306
1.765273,1.461561,-0.863783
1.762935,1.459807,-0.872552
1.774335,1.456299,-0.871675
1.774627,1.459807,-0.872844
1.77492,1.456007,-0.865244
1.770827,1.460099,-0.861444
1.767904,1.456007,-0.870067
1.771996,1.456299,-0.884098
1.766735,1.447238,-0.870652
1.76995,1.457761,-0.869336
1.769366,1.451915,-0.865536
1.767904,1.452499,-0.866267
1.760889,1.453376,-0.868313
1.772289,1.459807,-0.868898
1.767319,1.454545,-0.872698
1.767027,1.462438,-0.877667
1.769073,1.444022,-0.871675
1.767612,1.458638,-0.873867
1.764689,1.451622,-0.866413
1.768196,1.450161,-0.871967
1.772581,1.456592,-0.872698
1.769658,1.451915,-0.865975
1.767904,1.450453,-0.873283
1.772581,1.452499,-0.868898
1.767904,1.461853,-0.869483
1.768781,1.457176,-0.869044
1.766735,1.458346,-0.870944
1.773458,1.454838,-0.871237
1.767027,1.451622,-0.881029
1.774335,1.457176,-0.864806
1.771412,1.454545,-0.866267
1.771996,1.460684,-0.875183
1.76615,1.454838,-0.874013
1.770243,1.453961,-0.870798
1.765273,1.457176,-0.874452
1.763812,1.457469,-0.870213
1.77112,1.455715,-0.874306
1.770535,1.45893,-0.869629
1.779597,1.459222,-0.871529
1.76995,1.454253,-0.872552
1.77872,1.454545,-0.866998
1.77112,1.463022,-0.876937
1.771704,1.456884,-0.871237
1.767904,1.460099,-0.862906
1.772581,1.458053,-0.866706
1.767319,1.460392,-0.879275
1.768781,1.461561,-0.886729
1.772581,1.454838,-0.874744
1.762058,1.459807,-0.871529
1.761766,1.458638,-0.868898
1.767319,1.456884,-0.867875
1.765858,1.452792,-0.875037
1.774043,1.460099,-0.871237
1.766443,1.452207,-0.880298
1.768489,1.449284,-0.868898
1.77112,1.457469,-0.871821
1.766443,1.460976,-0.864513
1.76995,1.458638,-0.87109
1.767904,1.450161,-0.874013
1.765858,1.455715,-0.867144
1.76615,1.463022,-0.871967
1.767319,1.449576,-0.870067
1.769658,1.459807,-0.870506
1.775504,1.453376,-0.863929
1.770243,1.463315,-0.866267
1.772581,1.460684,-0.868606
1.76995,1.460392,-0.875767
1.768781,1.457176,-0.874598
1.768196,1.45513,-0.875037
1.765566,1.456299,-0.871529
1.75855,1.460976,-0.870506
1.761766,1.460976,-0.866998
1.762643,1.454253,-0.864513
1.771412,1.452499,-0.863783
1.75855,1.463022,-0.871967
1.766443,1.457761,-0.86846
1.771704,1.453376,-0.869336
1.767319,1.458053,-0.875914
1.767904,1.448992,-0.864075
1.77112,1.453961,-0.86729
1.76615,1.455422,-0.866998
1.775797,1.458346,-0.87679
1.769366,1.455422,-0.874452
1.772289,1.458638,-0.875037
1.767612,1.46273,-0.866267
1.764396,1.459515,-0.863636
1.767904,1.455422,-0.875037
1.770827,1.457176,-0.871237
1.773458,1.457176,-0.868898
1.769366,1.449576,-0.869921
1.769366,1.457469,-0.864513
1.767319,1.455715,-0.868167
1.770243,1.458053,-0.869483
1.764104,1.451038,-0.871237
1.76615,1.459807,-0.856621
1.768489,1.461853,-0.867144
1.767904,1.459515,-0.873575
1.766735,1.456299,-0.869775
1.774627,1.455422,-0.872698
1.77492,1.456007,-0.86919
1.767612,1.453668,-0.862467
1.765858,1.453084,-0.870067
1.769073,1.453961,-0.869336
1.769366,1.45133,-0.866413
1.770243,1.451915,-0.876206
1.770827,1.460976,-0.881467
1.774627,1.457761,-0.870798
1.776089,1.460099,-0.874013
1.763227,1.453376,-0.86919
1.771996,1.458346,-0.875767
1.767612,1.463022,-0.867729
1.760889,1.459807,-0.875037
1.765273,1.451915,-0.866998
1.766735,1.450453,-0.87986
1.767612,1.454545,-0.875914
1.765566,1.459807,-0.882637
1.75855,1.460976,-0.865829
1.767612,1.456007,-0.875183
1.769658,1.458638,-0.881029
1.767027,1.454545,-0.873721
1.767904,1.459222,-0.872406
1.77112,1.462438,-0.870944
1.772581,1.461853,-0.861006
1.767319,1.460976,-0.872698
1.766443,1.456007,-0.869044
1.776673,1.460976,-0.875621
1.766735,1.453084,-0.878983
1.769073,1.456884,-0.872113
1.768196,1.456007,-0.882052
1.76615,1.452499,-0.87036
1.768781,1.45513,-0.872406
1.767319,1.465361,-0.87416
1.764981,1.450453,-0.872552
1.769073,1.461269,-0.865829
1.761473,1.460099,-0.872552
1.769366,1.460099,-0.873429
1.768781,1.457469,-0.876352
1.761473,1.455715,-0.881029
1.765566,1.456592,-0.876206
1.765858,1.451622,-0.869483
1.76235,1.453084,-0.872844
1.761766,1.450453,-0.855452
1.768781,1.457176,-0.872698
1.762058,1.452207,-0.863344
1.77375,1.454838,-0.878398
1.771704,1.451038,-0.864659
1.767027,1.451915,-0.864513
1.767319,1.452792,-0.868752
1.770827,1.450745,-0.866706
1.768196,1.450745,-0.873721
1.764981,1.456007,-0.872844
1.770243,1.462438,-0.862759
1.77112,1.446068,-0.868898
1.764981,1.45513,-0.870213
1.77112,1.452499,-0.876644
1.768781,1.451622,-0.864221
1.770243,1.457469,-0.866267
1.769658,1.455715,-0.873867
1.773458,1.45893,-0.860713
1.771704,1.456299,-0.866413
1.768196,1.463315,-0.874306
1.763519,1.461269,-0.866267
1.769366,1.454253,-0.859836
1.768781,1.459515,-0.866121
1.768196,1.454253,-0.865975
1.765566,1.465069,-0.864367
1.762643,1.459515,-0.868167
1.764689,1.460976,-0.862467
1.767319,1.461561,-0.860859
1.769366,1.461269,-0.864659
1.770535,1.453961,-0.87109
1.764689,1.454545,-0.867583
1.768196,1.456884,-0.865098
1.768489,1.449576,-0.865683
1.767904,1.456592,-0.868606
1.770535,1.445192,-0.867144
1.768489,1.461561,-0.863636
1.765858,1.457761,-0.873721
1.773166,1.458053,-0.864952
1.770243,1.453376,-0.875475
1.768781,1.4943,-0.868752
1.776381,1.456299,-0.864952
1.776966,1.462438,-0.872552
1.770243,1.45893,-0.870652
1.777258,1.462146,-0.872113
1.779012,1.460392,-0.873283
1.771996,1.459222,-0.868898
1.773166,1.461853,-0.869044
1.77492,1.454545,-0.868898
1.77375,1.458346,-0.867144
1.766443,1.463315,-0.882052
1.771996,1.462146,-0.873429
1.771412,1.45893,-0.86919
1.771996,1.458053,-0.875329
1.775504,1.4677,-0.869483
1.77375,1.452499,-0.873429
1.772581,1.453668,-0.863344
1.763227,1.449576,-0.872406
1.764396,1.457761,-0.862759
1.767319,1.457176,-0.868021
1.764104,1.461269,-0.87796
1.768196,1.454838,-0.868167
1.76235,1.459807,-0.859544
1.768489,1.458638,-0.869775
1.767904,1.453376,-0.874744
1.766443,1.458346,-0.863636
1.773458,1.457176,-0.865536
1.769658,1.44373,-0.869775
1.772289,1.453376,-0.867436
1.771412,1.456007,-0.86729
1.763519,1.451622,-0.861736
1.768781,1.449868,-0.867583
1.772289,1.449576,-0.865098
1.767027,1.452792,-0.867729
1.768196,1.449868,-0.852821
1.761766,1.458053,-0.87109
1.767612,1.448699,-0.864952
1.764689,1.453376,-0.864367
1.764396,1.44373,-0.862759
1.766443,1.451915,-0.874744
1.76615,1.45133,-0.861883
1.766443,1.453376,-0.864659
1.767027,1.450161,-0.866998
1.770243,1.454253,-0.870652
1.763519,1.453376,-0.866267
1.772581,1.449284,-0.861736
1.772581,1.453961,-0.877521
1.769073,1.45513,-0.875767
1.762058,1.454838,-0.86159
1.769658,1.461561,-0.870067
1.772289,1.456299,-0.873137
1.763519,1.457176,-0.862321
1.769073,1.454545,-0.856475
1.769658,1.451915,-0.86846
1.771996,1.457469,-0.869629
1.769073,1.451622,-0.859836
1.768489,1.458053,-0.874744
1.770827,1.454253,-0.87299
1.770535,1.460099,-0.866413
1.766735,1.459807,-0.86729
1.773166,1.460976,-0.869044
1.769366,1.459222,-0.865683
1.770243,1.460392,-0.87299
1.761181,1.453084,-0.859836
1.769366,1.453668,-0.86539
1.769366,1.458053,-0.873575
1.766735,1.460392,-0.869336
1.770535,1.463607,-0.859252
1.765566,1.457469,-0.874744
1.762935,1.453376,-0.864952
1.76615,1.454545,-0.86539
1.756504,1.45133,-0.869044
1.765858,1.45133,-0.864075
1.764104,1.453668,-0.868752
1.764689,1.454545,-0.871967
1.762935,1.448115,-0.866852
1.769073,1.453376,-0.870652
1.766735,1.457761,-0.869629
1.768196,1.456299,-0.865829
1.764981,1.456884,-0.886437
1.767027,1.45893,-0.862613
1.767319,1.449284,-0.875183
1.76995,1.455422,-0.877814
1.763812,1.455715,-0.870798
1.76615,1.451915,-0.86539
1.763227,1.450745,-0.873137
1.763812,1.456592,-0.868021
1.762058,1.45133,-0.871529
1.760012,1.455422,-0.874598
1.761473,1.453376,-0.874013
1.762935,1.453668,-0.870944
1.764981,1.455422,-0.870652
1.770243,1.453668,-0.862175
1.767319,1.457176,-0.862759
1.761181,1.450161,-0.866121
1.767612,1.451038,-0.871821
1.767319,1.453668,-0.875914
1.769366,1.457761,-0.875914
1.766735,1.448992,-0.86159
1.77112,1.449868,-0.867729
1.760596,1.456007,-0.861298
1.768196,1.451038,-0.864659
1.764981,1.458053,-0.868313
1.766443,1.46273,-0.873575
1.77112,1.457761,-0.87606
1.772873,1.450453,-0.86729
1.769658,1.454838,-0.873721
1.77112,1.456299,-0.873429
1.763227,1.452207,-0.876352
1.767904,1.453376,-0.87226
1.75855,1.454838,-0.867729
1.771704,1.450453,-0.862759
1.768196,1.455715,-0.866998
1.765566,1.453376,-0.866121
1.769366,1.453961,-0.863636
1.765273,1.448699,-0.871237
1.765273,1.454838,-0.879129
1.765273,1.444607,-0.87036
1.768196,1.457469,-0.869921
1.769073,1.456007,-0.863052
1.771704,1.455715,-0.864659
1.76235,1.454545,-0.864075
1.77112,1.454253,-0.864513
1.765566,1.449576,-0.873867
1.73078,1.457761,-0.869629
1.765566,1.453961,-0.871675
1.769073,1.452499,-0.857352
1.764981,1.450453,-0.875183
1.764104,1.449576,-0.870798
1.763519,1.449868,-0.861298
1.773458,1.458638,-0.87606
1.771412,1.453961,-0.881614
1.770243,1.457761,-0.87109
1.764104,1.45133,-0.876937
1.764981,1.453961,-0.874744
1.770535,1.454545,-0.870652
1.776673,1.44753,-0.876644
1.767027,1.450745,-0.87606
1.759719,1.455422,-0.87796
1.767027,1.463022,-0.872113
1.771996,1.447822,-0.870652
1.776673,1.450453,-0.861883
1.771412,1.447822,-0.872552
1.766735,1.451038,-0.871529
1.765273,1.452792,-0.872698
1.774043,1.451038,-0.86729
1.764689,1.451915,-0.873283
1.769366,1.455422,-0.87869
1.760889,1.447822,-0.87986
1.764689,1.442561,-0.86919
1.761766,1.455715,-0.870798
1.757966,1.448407,-0.866121
1.773458,1.456007,-0.87299
1.763227,1.449868,-0.864513
1.763812,1.455715,-0.866852
1.76995,1.452499,-0.876352
1.768781,1.453961,-0.864075
1.760889,1.457761,-0.873137
1.764396,1.456884,-0.867583
1.76615,1.459515,-0.86846
1.761473,1.457761,-0.865975
1.766735,1.459515,-0.867144
1.763519,1.454545,-0.878106
1.765858,1.452207,-0.861736
1.764981,1.454253,-0.869336
1.767027,1.45513,-0.86656
1.765566,1.456299,-0.868752
1.767904,1.452499,-0.858375
1.764396,1.456007,-0.870944
1.765566,1.451622,-0.86919
1.771412,1.45133,-0.868752
1.766735,1.444314,-0.864513
1.769073,1.453376,-0.86846
1.766443,1.451622,-0.863929
1.766443,1.457761,-0.869629
1.765273,1.449868,-0.861883
1.767027,1.452207,-0.874013
1.767904,1.448992,-0.863344
1.762935,1.451622,-0.872113
1.764689,1.452792,-0.872113
1.770535,1.457176,-0.870067
1.76615,1.449868,-0.875475
1.767612,1.452499,-0.88059
1.771996,1.455422,-0.871529
1.768196,1.449284,-0.873283
1.762058,1.453376,-0.873575
1.762058,1.447822,-0.870067
1.765273,1.45133,-0.877083
1.764689,1.450745,-0.869483
1.763812,1.446945,-0.860275
1.767904,1.453961,-0.871237
1.761473,1.446361,-0.881321
1.763519,1.441976,-0.874744
1.764981,1.458053,-0.867436
1.765273,1.439638,-0.86656
1.761473,1.459222,-0.87416
1.771412,1.458053,-0.866413
1.755042,1.455715,-0.868606
1.765273,1.450453,-0.871821
1.764689,1.45513,-0.883952
1.768489,1.448115,-0.880737
1.768196,1.457469,-0.881029
1.768781,1.450161,-0.86846
1.769073,1.450745,-0.875183
1.760889,1.449868,-0.877083
1.760889,1.45133,-0.877375
1.763812,1.45133,-0.87109
1.769073,1.44753,-0.868898
1.757381,1.450161,-0.871967
1.768196,1.452499,-0.875475
1.769658,1.448407,-0.875767
1.773166,1.454253,-0.873283
1.770827,1.45133,-0.864075
1.766443,1.453376,-0.875767
1.767612,1.445484,-0.873429
1.772289,1.454545,-0.872552
1.767904,1.453961,-0.874306
1.770243,1.452499,-0.87226
1.770827,1.453376,-0.875183
1.765566,1.456299,-0.872113
1.760012,1.451915,-0.878544
1.771412,1.453376,-0.872698
1.767612,1.452207,-0.872698
1.770535,1.449576,-0.863198
1.767904,1.451622,-0.860567
1.77112,1.444899,-0.87299
1.767319,1.449576,-0.869336
1.763519,1.450161,-0.871383
1.77492,1.455422,-0.87226
1.767319,1.44753,-0.874013
1.766735,1.453376,-0.875475
1.762935,1.446653,-0.872844
1.770535,1.447822,-0.876206
1.765566,1.450745,-0.877375
1.767904,1.451915,-0.86846
1.76615,1.451038,-0.870506
1.772289,1.457761,-0.873721
1.768196,1.448115,-0.87036
1.764396,1.451038,-0.858229
1.762935,1.448699,-0.867436
1.763812,1.448699,-0.875475
1.76235,1.451038,-0.882637
1.762935,1.451038,-0.873575
1.765566,1.496054,-0.871529
1.760596,1.450745,-0.877083
1.752119,1.450745,-0.880737
1.757381,1.450161,-0.871967
1.763812,1.461853,-0.880006
1.757966,1.456299,-0.87869
1.758842,1.450453,-0.873721
1.764981,1.457176,-0.868898
1.762058,1.450745,-0.874013
1.767319,1.445776,-0.876644
1.763519,1.449576,-0.868167
1.770535,1.45133,-0.879567
1.770535,1.448699,-0.875914
1.764104,1.453961,-0.870652
1.769073,1.452207,-0.869336
1.76615,1.446945,-0.868021
1.768196,1.450453,-0.870652
1.767319,1.449284,-0.866413
1.761181,1.448992,-0.868752
1.767904,1.448407,-0.864221
1.764981,1.449576,-0.869775
1.760304,1.448115,-0.879421
1.769658,1.450161,-0.861152
1.772289,1.449868,-0.868021
1.75855,1.449868,-0.866998
1.761473,1.448992,-0.86729
1.76615,1.450745,-0.859252
1.772873,1.457176,-0.87796
1.769658,1.449576,-0.87109
1.762935,1.448115,-0.87299
1.775797,1.457761,-0.870213
1.764981,1.451622,-0.865244
1.767319,1.451038,-0.863929
1.767027,1.450453,-0.863636
1.765273,1.450453,-0.867875
1.765858,1.446653,-0.874306
1.765273,1.451622,-0.860567
1.767027,1.449284,-0.87109
1.764981,1.451038,-0.878544
1.776089,1.453961,-0.871383
1.76995,1.448407,-0.867144
1.774335,1.450161,-0.885121
1.765858,1.458638,-0.875183
1.764981,1.449868,-0.87986
1.767612,1.454545,-0.864367
1.763227,1.45133,-0.879567
1.767904,1.450161,-0.884975
1.768196,1.449284,-0.871237
1.763812,1.454253,-0.882198
1.763812,1.450161,-0.87226
1.765566,1.449868,-0.868606
1.768196,1.460099,-0.865829
1.764104,1.44753,-0.870506
1.762643,1.448992,-0.86846
1.762643,1.449284,-0.868313
1.767027,1.448699,-0.870652
1.768781,1.45133,-0.862321
1.774043,1.458346,-0.881614
1.769073,1.455715,-0.874013
1.763812,1.45133,-0.858813
1.762058,1.452499,-0.863198
1.764104,1.446945,-0.868606
1.764104,1.450745,-0.875767
1.768781,1.447238,-0.861152
1.766443,1.446945,-0.864075
1.764396,1.449868,-0.866852
1.768489,1.449576,-0.867144
1.765273,1.449576,-0.868313
1.767319,1.445776,-0.875475
1.770243,1.449868,-0.863344
1.761473,1.449868,-0.857059
1.762935,1.447822,-0.859398
1.769366,1.442561,-0.866121
1.773458,1.451622,-0.871675
1.762643,1.443145,-0.859252
1.765858,1.446945,-0.86846
1.769366,1.444899,-0.877521
1.773458,1.447822,-0.85969
1.763227,1.450745,-0.861444
1.767904,1.449576,-0.86846
1.766735,1.449868,-0.870067
1.762935,1.444607,-0.865244
1.766443,1.452499,-0.864075
1.770243,1.455422,-0.862467
1.77375,1.458053,-0.879275
1.774335,1.457176,-0.86846
1.770535,1.450453,-0.869483
1.770535,1.461561,-0.860129
1.771704,1.454838,-0.868167
1.766443,1.457469,-0.86656
1.767612,1.449576,-0.867583
1.766735,1.448115,-0.866852
1.765566,1.456007,-0.860129
1.76615,1.449576,-0.87036
1.764689,1.457469,-0.87036
1.760304,1.452207,-0.867583
1.76615,1.454545,-0.868752
1.770827,1.453668,-0.868606
1.768489,1.450161,-0.868606
1.761766,1.451622,-0.877229
1.76235,1.448407,-0.865683
1.758842,1.451038,-0.866267
1.77112,1.457469,-0.872698
1.765566,1.447822,-0.87226
1.764689,1.44753,-0.86349
1.765566,1.450745,-0.86729
1.77492,1.456299,-0.866706
1.762643,1.451915,-0.871237
1.768781,1.455422,-0.87109
1.764689,1.451038,-0.868606
1.769073,1.452499,-0.868313
1.75855,1.455422,-0.871967
1.768196,1.454838,-0.870798
1.77112,1.45513,-0.863052
1.762935,1.45133,-0.862467
1.766735,1.451915,-0.867875
1.770535,1.456299,-0.871383
1.771996,1.458053,-0.862906
1.772289,1.452207,-0.867583
1.775212,1.455422,-0.869775
1.765566,1.452499,-0.86919
1.769658,1.454253,-0.878544
1.768196,1.450745,-0.862467
1.768781,1.454545,-0.869336
1.766443,1.451622,-0.87109
1.768781,1.45893,-0.864367
1.769073,1.461853,-0.872844
1.771996,1.457176,-0.878106
1.762058,1.456299,-0.871675
1.764104,1.448699,-0.873721
1.771704,1.449868,-0.868898
1.764689,1.453084,-0.877229
1.773166,1.490792,-0.871821
1.763227,1.453376,-0.884391
1.766735,1.451038,-0.872698
1.768489,1.457176,-0.872698
1.769073,1.456007,-0.86846
1.763227,1.452792,-0.867144
1.764396,1.45513,-0.874306
1.780766,1.453961,-0.875183
1.768489,1.45893,-0.87299
1.763812,1.456007,-0.87606
1.765858,1.453668,-0.870067
1.762643,1.453961,-0.880006
1.767027,1.448992,-0.873429
1.770535,1.456007,-0.863344
1.764689,1.444607,-0.879714
1.761181,1.441684,-0.873283
1.766735,1.450453,-0.87606
1.768196,1.45513,-0.865244
1.768489,1.453084,-0.872406
1.769658,1.460684,-0.878983
1.767612,1.455715,-0.874452
1.769073,1.446945,-0.874598
1.766443,1.444022,-0.882491
1.768781,1.450453,-0.875914
1.77755,1.458346,-0.870652
1.772873,1.447238,-0.867144
1.767904,1.450745,-0.86539
1.766735,1.453961,-0.875914
1.76995,1.450161,-0.874598
1.77492,1.442561,-0.866413
1.782812,1.415668,-0.87226
1.798597,1.376498,-0.850482
1.819059,1.337036,-0.834405
1.843028,1.286758,-0.81482
1.841859,1.27682,-0.78632
1.858229,1.264543,-0.78632
1.853844,1.268343,-0.786904
1.852675,1.27302,-0.789243
1.85589,1.272727,-0.777697
1.863198,1.261912,-0.768489
1.860859,1.255481,-0.767904
1.865244,1.244081,-0.771704
1.874306,1.24145,-0.765273
1.872844,1.240865,-0.772581
1.871383,1.240281,-0.764104
1.874598,1.232973,-0.751827
1.877229,1.243496,-0.776381
1.874598,1.234727,-0.759719
1.874013,1.227711,-0.754165
1.874306,1.233557,-0.750804
1.877229,1.224496,-0.753727
1.885414,1.22508,-0.748465
1.878398,1.225373,-0.751973
1.876644,1.220696,-0.758696
1.877229,1.223911,-0.741596
1.882783,1.222742,-0.751681
1.878398,1.228588,-0.751242
1.876937,1.220403,-0.750219
1.881321,1.224788,-0.745104
1.883952,1.220111,-0.737211
1.886291,1.219526,-0.746127
1.87869,1.223327,-0.753727
1.877229,1.21865,-0.755919
1.884537,1.218357,-0.754604
1.884537,1.225373,-0.749927
1.883075,1.223911,-0.752996
1.879567,1.22508,-0.741158
1.884244,1.224496,-0.753727
1.885998,1.212803,-0.752412
1.877521,1.223327,-0.74335
1.876937,1.218942,-0.76235
1.881614,1.21865,-0.751096
1.883075,1.22245,-0.750658
1.884829,1.22508,-0.748904
1.876352,1.220403,-0.748027
1.883367,1.225373,-0.755335
1.877813,1.216896,-0.746127
1.880737,1.224788,-0.747296
1.87986,1.225373,-0.751242
1.886291,1.223911,-0.743788
1.882491,1.21865,-0.754458
1.879567,1.22625,-0.74905
1.880737,1.224496,-0.748027
1.886875,1.22888,-0.756065
1.879567,1.222157,-0.747588
1.885121,1.230342,-0.785151
1.881906,1.227711,-0.74715
1.885998,1.230342,-0.755481
1.881614,1.219234,-0.757089
1.874598,1.220696,-0.747296
1.87489,1.22508,-0.751388
1.881029,1.226542,-0.75095
1.882783,1.225373,-0.743642
1.875475,1.222157,-0.746127
1.87606,1.230927,-0.755773
1.881029,1.226834,-0.740719
1.880737,1.220696,-0.750365
1.878398,1.223034,-0.742911
1.878983,1.219526,-0.75855
1.87606,1.225373,-0.735311
1.880737,1.223034,-0.737211
1.877229,1.218942,-0.747588
1.882783,1.214849,-0.746419
1.88366,1.21748,-0.748758
1.881614,1.227127,-0.74525
1.877521,1.218065,-0.756212
1.886875,1.223327,-0.75095
1.882491,1.223034,-0.754604
1.875767,1.218357,-0.751242
1.875475,1.225373,-0.755189
1.875475,1.219819,-0.752119
1.884829,1.21865,-0.754165
1.880444,1.221573,-0.74525
1.878398,1.22128,-0.769366
1.881321,1.220403,-0.754312
1.882783,1.22508,-0.752119
1.88366,1.220696,-0.746858
1.889798,1.228588,-0.74905
1.880444,1.222742,-0.751388
1.878398,1.224788,-0.750804
1.885121,1.225665,-0.754896
1.888921,1.229757,-0.755773
1.876644,1.221573,-0.759573
1.881029,1.224203,-0.743496
1.87869,1.224203,-0.74715
1.873721,1.219819,-0.742911
1.882491,1.21748,-0.743642
1.878106,1.221865,-0.756358
1.874598,1.224788,-0.779304
1.878106,1.228004,-0.748904
1.876352,1.218357,-0.748465
1.874598,1.22508,-0.75095
1.874598,1.22245,-0.744227
1.876644,1.218357,-0.757966
1.87606,1.21865,-0.747735
1.884244,1.220696,-0.745835
1.882783,1.231511,-0.742473
1.881906,1.22245,-0.752265
1.880152,1.22128,-0.750804
1.881906,1.220696,-0.747442
1.878983,1.227711,-0.744811
1.882783,1.232096,-0.741011
1.879567,1.223619,-0.760889
1.883952,1.22888,-0.760742
1.882198,1.228004,-0.74905
1.881029,1.225665,-0.745104
1.882491,1.219819,-0.74715
1.881906,1.224203,-0.757819
1.883075,1.225373,-0.76045
1.878106,1.224788,-0.755189
1.879275,1.220988,-0.765273
1.872844,1.221865,-0.75665
1.883952,1.225957,-0.752996
1.880737,1.219234,-0.754019
1.878106,1.219819,-0.750804
1.879275,1.22128,-0.763812
1.881029,1.220403,-0.74905
1.877813,1.223327,-0.741742
1.876644,1.218065,-0.735165
1.881029,1.224203,-0.753727
1.881321,1.21865,-0.753581
1.880737,1.218065,-0.744081
1.878983,1.22245,-0.747004
1.883952,1.220403,-0.748173
1.88366,1.219526,-0.749196
1.883952,1.227711,-0.744958
1.886875,1.227127,-0.781058
1.878398,1.229465,-0.761181
1.883075,1.211926,-0.746711
1.884537,1.22245,-0.753727
1.87489,1.22508,-0.755627
1.874598,1.230927,-0.748904
1.882491,1.21865,-0.751973
1.890091,1.223619,-0.756065
1.885414,1.216311,-0.755042
1.883367,1.221865,-0.751242
1.885706,1.220988,-0.755042
1.886875,1.21865,-0.748173
1.880444,1.224788,-0.748758
1.878983,1.224788,-0.75665
1.885998,1.22245,-0.749781
1.882783,1.22128,-0.748758
1.882783,1.218942,-0.758258
1.884244,1.221573,-0.762496
1.883075,1.222157,-0.749342
1.888337,1.228588,-0.747442
1.879275,1.216896,-0.759281
1.882783,1.224788,-0.746858
1.879275,1.219819,-0.766735
1.878983,1.215434,-0.74905
1.879567,1.217773,-0.746127
1.881321,1.220403,-0.739258
1.878983,1.217188,-0.741158
1.880152,1.215434,-0.750804
1.878106,1.22128,-0.748173
1.882783,1.222157,-0.741304
1.879567,1.214557,-0.749342
1.881321,1.221573,-0.743642
1.882783,1.212803,-0.734581
1.878106,1.215142,-0.750658
1.883075,1.215726,-0.751388
1.87606,1.21748,-0.753873
1.880152,1.213096,-0.750804
1.87226,1.225957,-0.748465
1.883367,1.221573,-0.752996
1.880152,1.223619,-0.75095
1.884829,1.219234,-0.755773
1.878106,1.216603,-0.744665
1.875767,1.213973,-0.762643
1.875475,1.22128,-0.748319
1.887167,1.227711,-0.752119
1.883952,1.217188,-0.753727
1.87489,1.219819,-0.744519
1.878983,1.22245,-0.751096
1.874306,1.213388,-0.755773
1.881321,1.218942,-0.762204
1.874598,1.221865,-0.751096
1.874598,1.224788,-0.754165
1.883952,1.222742,-0.755627
1.880152,1.226542,-0.755335
1.877813,1.219526,-0.753873
1.888921,1.220111,-0.761035
1.878106,1.217773,-0.757089
1.879567,1.222157,-0.756942
1.876937,1.229465,-0.74145
1.883952,1.223911,-0.748612
1.882198,1.21865,-0.751242
1.884829,1.225373,-0.752558
1.878106,1.227711,-0.75475
1.881321,1.227127,-0.757673
1.885414,1.222157,-0.757089
1.887752,1.22508,-0.753142
1.883075,1.229465,-0.758258
1.886583,1.231804,-0.751973
1.88366,1.226542,-0.743788
1.878398,1.229757,-0.744665
1.886875,1.231219,-0.756212
1.880444,1.232096,-0.754019
1.883952,1.22508,-0.765858
1.884244,1.224788,-0.745835
1.884829,1.225665,-0.766296
1.879567,1.229465,-0.751827
1.886583,1.229173,-0.748758
1.881321,1.234142,-0.765858
1.881906,1.230927,-0.743058
1.887752,1.225665,-0.741011
1.881906,1.227711,-0.770243
1.885706,1.23765,-0.754458
1.879275,1.23005,-0.749488
1.885998,1.235604,-0.749635
1.879567,1.225957,-0.750804
1.889798,1.23385,-0.748904
1.881029,1.233557,-0.757673
1.889506,1.232973,-0.749488
1.880737,1.232681,-0.756358
1.883952,1.231804,-0.748319
1.880152,1.221865,-0.753435
1.884829,1.232388,-0.755335
1.881614,1.231219,-0.755335
1.881614,1.228588,-0.751388
1.889506,1.226834,-0.762204
1.883075,1.242619,-0.751535
1.888337,1.23385,-0.759719
1.884537,1.23005,-0.755919
1.875475,1.225665,-0.750804
1.876937,1.230927,-0.749342
1.878398,1.228004,-0.762496
1.880737,1.227419,-0.756796
1.880444,1.231511,-0.756504
1.893306,1.227127,-0.748612
1.879567,1.232388,-0.750365
1.888629,1.221573,-0.745835
1.878398,1.226834,-0.752704
1.88366,1.221865,-0.761766
1.874013,1.224788,-0.766589
1.880152,1.22625,-0.759573
1.87226,1.22508,-0.755335
1.880737,1.230342,-0.757527
1.880444,1.228004,-0.751096
1.877521,1.227419,-0.75475
1.882491,1.225957,-0.752996
1.882491,1.227711,-0.762643
1.878983,1.226834,-0.752119
1.881029,1.227711,-0.760889
1.877229,1.223034,-0.746273
1.873429,1.22625,-0.758404
1.878983,1.220696,-0.752704
1.875767,1.223327,-0.750804
1.880737,1.219234,-0.748173
1.877229,1.216603,-0.750804
1.877813,1.225373,-0.736919
1.878983,1.226542,-0.742911
1.876644,1.221865,-0.745688
1.869921,1.220696,-0.745835
1.882491,1.223034,-0.747296
1.877229,1.224496,-0.754896
1.889214,1.220403,-0.748173
1.881906,1.223034,-0.752558
1.880444,1.224496,-0.751681
1.877813,1.228004,-0.75475
1.877813,1.223327,-0.74525
1.875767,1.224496,-0.757089
1.880152,1.225373,-0.747296
1.886583,1.227711,-0.74525
1.876644,1.222157,-0.753727
1.881906,1.217188,-0.73765
1.87226,1.22128,-0.749635
1.870213,1.223034,-0.748758
1.885121,1.218942,-0.745104
1.881321,1.224203,-0.741742
1.874013,1.219526,-0.742619
1.880444,1.221865,-0.76425
1.87869,1.223619,-0.747296
1.877229,1.22245,-0.75855
1.881614,1.222157,-0.745981
1.886291,1.216019,-0.761766
1.883952,1.219234,-0.75095
1.882198,1.224788,-0.751096
1.883952,1.22508,-0.752704
1.880444,1.223327,-0.748173
1.873721,1.229757,-0.734727
1.870213,1.223034,-0.744811
1.875183,1.22508,-0.738234
1.879567,1.22245,-0.74525
1.878983,1.224788,-0.749342
1.880444,1.224203,-0.747735
1.878983,1.221573,-0.750512
1.878106,1.219819,-0.757673
1.874598,1.225957,-0.742473
1.877521,1.220696,-0.752412
1.880737,1.226834,-0.738088
1.879567,1.224203,-0.73765
1.881029,1.230342,-0.742911
1.876644,1.222157,-0.740134
1.877229,1.227419,-0.744958
1.878398,1.219234,-0.745542
1.87869,1.22508,-0.745981
1.878106,1.23005,-0.754165
1.881321,1.221573,-0.75285
1.878983,1.22625,-0.750658
1.893306,1.226834,-0.759719
1.886583,1.22625,-0.748904
1.881029,1.230634,-0.743496
1.880737,1.232973,-0.73575
1.885414,1.221865,-0.753435
1.876644,1.224203,-0.739842
1.885414,1.216019,-0.739842
1.87226,1.220696,-0.748612
1.873721,1.215726,-0.742911
1.87489,1.215142,-0.748758
1.863198,1.216019,-0.748027
1.882491,1.227711,-0.755919
1.885414,1.221573,-0.746858
1.877521,1.224496,-0.75285
1.884537,1.222157,-0.749488
1.882198,1.221865,-0.753142
1.881614,1.22245,-0.762643
1.87489,1.22508,-0.758258
1.866121,1.24145,-0.768343
1.853844,1.266589,-0.784127
1.84829,1.283543,-0.798889
1.846828,1.281497,-0.801959
1.837474,1.283251,-0.805466
1.843613,1.283835,-0.802835
1.845075,1.282374,-0.793481
1.849752,1.287343,-0.793774
1.838936,1.285881,-0.80342
1.83309,1.288512,-0.805028
1.843613,1.300789,-0.815113
1.835136,1.297282,-0.797135
1.831628,1.296405,-0.809851
1.837182,1.302835,-0.811605
1.840105,1.301082,-0.812043
1.841859,1.305466,-0.815843
1.841274,1.29962,-0.813213
1.839813,1.309851,-0.799328
1.842444,1.301666,-0.804589
1.834551,1.304589,-0.805466
1.839813,1.304882,-0.810436
1.834259,1.305174,-0.808097
1.82812,1.300205,-0.810436
1.833674,1.301374,-0.818766
1.836013,1.304589,-0.809851
1.835136,1.302543,-0.806343
1.837767,1.302251,-0.823151
1.830167,1.305759,-0.807366
1.869629,1.304589,-0.811751
1.834259,1.310143,-0.820959
1.838059,1.304882,-0.814236
1.833674,1.305174,-0.819643
1.838644,1.300789,-0.821105
1.834844,1.295528,-0.804735
1.835721,1.304005,-0.81862
1.836305,1.30342,-0.818766
1.841567,1.299912,-0.80722
1.839813,1.300789,-0.809705
1.832505,1.308682,-0.818328
1.832797,1.30342,-0.817159
1.842151,1.299035,-0.819059
1.83689,1.301374,-0.812482
1.839228,1.306051,-0.814382
1.836013,1.305466,-0.808097
1.84449,1.297866,-0.820666
1.837767,1.299912,-0.81102
1.835136,1.305174,-0.80912
1.836597,1.300205,-0.81102
1.828997,1.301082,-0.806197
1.834551,1.306343,-0.808974
1.838936,1.304882,-0.809997
1.835721,1.306635,-0.816428
1.829582,1.306051,-0.819497
1.836305,1.310143,-0.813213
1.831921,1.303712,-0.81979
1.838351,1.307512,-0.810582
1.830459,1.290851,-0.814528
1.835428,1.306343,-0.809412
1.837182,1.305466,-0.822713
1.831628,1.310436,-0.808243
1.832797,1.306343,-0.805905
1.843905,1.302835,-0.804297
1.831921,1.308389,-0.819497
1.834844,1.304882,-0.816428
1.828705,1.30722,-0.815697
1.833674,1.304882,-0.816136
1.835721,1.306051,-0.81672
1.831628,1.304882,-0.816866
1.843028,1.308974,-0.817305
1.838936,1.300789,-0.812482
1.837767,1.305466,-0.809559
1.830167,1.305466,-0.811312
1.837182,1.304005,-0.819497
1.831628,1.300497,-0.812189
1.83689,1.301374,-0.812336
1.832505,1.297866,-0.814674
1.839521,1.299912,-0.809705
1.834259,1.303712,-0.814236
1.836013,1.306051,-0.808682
1.828705,1.304005,-0.803566
1.838059,1.307805,-0.802105
1.83689,1.302543,-0.813505
1.835721,1.297866,-0.808974
1.83689,1.306928,-0.810728
1.829874,1.306343,-0.806051
1.833382,1.303712,-0.811166
1.833967,1.300789,-0.815405
1.834844,1.306343,-0.817013
1.828997,1.299912,-0.808828
1.834551,1.302835,-0.813066
1.834551,1.301082,-0.806051
1.834551,1.302251,-0.804297
1.839228,1.30342,-0.825343
1.829582,1.308389,-0.81979
1.838936,1.302251,-0.817159
1.837767,1.30722,-0.814674
1.82929,1.303712,-0.827974
1.832213,1.299035,-0.813213
1.834259,1.306051,-0.817013
1.833382,1.301082,-0.824759
1.836305,1.306343,-0.828705
1.82549,1.301958,-0.812336
1.833967,1.30342,-0.820228
1.82549,1.297574,-0.828705
1.827243,1.299912,-0.807074
1.830167,1.299035,-0.812628
1.831628,1.292604,-0.819643
1.839813,1.297866,-0.800789
1.835136,1.299035,-0.81482
1.831921,1.302543,-0.814528
1.823736,1.298743,-0.81672
1.840105,1.299912,-0.798889
1.837182,1.304882,-0.813066
1.832797,1.30342,-0.819351
1.833674,1.301666,-0.809266
1.829874,1.309559,-0.82359
1.83689,1.301082,-0.808389
1.832505,1.29962,-0.822859
1.840982,1.310728,-0.804882
1.831336,1.305174,-0.804443
1.837182,1.305759,-0.806782
1.835136,1.306343,-0.81292
1.831628,1.316866,-0.808828
1.83689,1.304005,-0.796843
1.833382,1.297574,-0.807951
1.833967,1.306343,-0.819205
1.832213,1.306051,-0.816136
1.832213,1.297574,-0.804297
1.836013,1.298743,-0.809559
1.832797,1.300789,-0.822274
1.831336,1.30722,-0.807512
1.837767,1.300789,-0.810874
1.831336,1.306928,-0.805466
1.830459,1.302543,-0.817451
1.839813,1.306343,-0.81789
1.831921,1.299912,-0.809412
1.833382,1.298158,-0.808536
1.832505,1.304589,-0.807512
1.827828,1.303128,-0.823882
1.836597,1.301958,-0.807512
1.839521,1.304297,-0.812043
1.836013,1.301374,-0.814089
1.851798,1.302543,-0.799035
1.834259,1.311897,-0.820228
1.835721,1.305759,-0.813943
1.837182,1.306343,-0.813505
1.842736,1.313651,-0.818474
1.832213,1.31102,-0.810582
1.833967,1.304589,-0.811166
1.831628,1.302835,-0.817451
1.833382,1.29962,-0.81292
1.841859,1.302251,-0.807659
1.838936,1.301958,-0.80532
1.833382,1.303128,-0.813797
1.836597,1.308389,-0.819936
1.836305,1.302835,-0.80912
1.836597,1.300205,-0.81102
1.838351,1.305466,-0.801082
1.839228,1.304297,-0.806782
1.831921,1.312189,-0.809559
1.837182,1.298451,-0.805759
1.834551,1.300497,-0.805905
1.837182,1.308682,-0.81292
1.839521,1.30342,-0.803712
1.841859,1.304297,-0.808243
1.836305,1.307805,-0.801374
1.838059,1.300497,-0.824759
1.826659,1.299328,-0.815113
1.827536,1.301958,-0.810582
1.838351,1.309851,-0.813359
1.834259,1.306343,-0.815259
1.836305,1.309266,-0.819059
1.833674,1.300205,-0.825343
1.831921,1.307512,-0.81672
1.838059,1.300497,-0.811166
1.836597,1.304882,-0.80722
1.834551,1.304882,-0.815259
1.833967,1.30342,-0.812774
1.831628,1.311897,-0.80722
1.837182,1.298743,-0.810143
1.835136,1.310143,-0.815989
1.839228,1.307512,-0.81789
1.835721,1.311897,-0.822567
1.834844,1.305759,-0.810728
1.830751,1.300789,-0.808389
1.836597,1.304589,-0.818913
1.827828,1.307512,-0.825197
1.836597,1.305466,-0.822274
1.834551,1.310436,-0.822274
1.828997,1.303128,-0.810582
1.836013,1.302543,-0.816136
1.834844,1.308097,-0.824028
1.837474,1.304589,-0.813943
1.833967,1.304882,-0.830605
1.840982,1.304005,-0.813505
1.841274,1.312189,-0.816136
1.831921,1.275358,-0.813797
1.839813,1.308097,-0.818036
1.835721,1.301082,-0.819351
1.833967,1.302251,-0.821543
1.838351,1.315405,-0.822567
1.831044,1.305466,-0.814674
1.838351,1.310728,-0.818474
1.829874,1.307512,-0.820666
1.843321,1.308974,-0.82169
1.837182,1.301958,-0.823297
1.838936,1.306928,-0.815405
1.838644,1.30342,-0.813797
1.83689,1.307512,-0.821251
1.839813,1.308974,-0.817743
1.838059,1.299035,-0.820082
1.82929,1.308682,-0.814236
1.836013,1.303712,-0.813797
1.839813,1.305174,-0.81292
1.838936,1.298743,-0.812336
1.845367,1.311897,-0.811751
1.82929,1.300205,-0.821105
1.83689,1.301958,-0.817597
1.835721,1.308097,-0.809559
1.83689,1.306051,-0.809851
1.840982,1.300205,-0.808097
1.840105,1.306343,-0.800205
1.836305,1.306635,-0.80342
1.840398,1.305174,-0.808097
1.833382,1.304589,-0.816866
1.834551,1.29962,-0.810143
1.836305,1.301666,-0.806489
1.839228,1.304882,-0.804297
1.837474,1.305759,-0.814089
1.835721,1.305466,-0.807512
1.836597,1.300497,-0.818766
1.831044,1.301374,-0.808828
1.842151,1.307805,-0.813505
1.836597,1.304589,-0.817159
1.830167,1.306343,-0.814089
1.831044,1.299035,-0.798305
1.830751,1.305174,-0.816136
1.834551,1.306635,-0.818328
1.833674,1.299912,-0.801812
1.828705,1.307805,-0.814528
1.841567,1.297574,-0.814382
1.836597,1.305174,-0.81672
1.836597,1.30722,-0.811312
1.843028,1.310728,-0.817305
1.82929,1.306343,-0.817159
1.839521,1.308097,-0.857644
1.83689,1.303712,-0.814236
1.835136,1.308389,-0.821251
1.837182,1.308974,-0.810874
1.843905,1.309559,-0.820666
1.843321,1.310143,-0.820959
1.839228,1.309559,-0.812189
1.840982,1.305759,-0.815405
1.843028,1.311605,-0.815989
1.838059,1.310728,-0.800789
1.841274,1.312189,-0.812774
1.840398,1.305174,-0.821397
1.838936,1.310143,-0.817743
1.834259,1.306343,-0.81102
1.836013,1.305759,-0.81672
1.831628,1.305174,-0.814236
1.840105,1.310728,-0.810582
1.838644,1.304589,-0.829144
1.836597,1.301082,-0.820666
1.83689,1.309266,-0.819497
1.837474,1.305466,-0.817743
1.837182,1.304005,-0.810874
1.836013,1.305174,-0.816574
1.834259,1.304005,-0.804443
1.826074,1.309266,-0.815551
1.845659,1.304882,-0.813213
1.833967,1.297866,-0.81672
1.838059,1.301666,-0.808828
1.839813,1.315113,-0.807805
1.840398,1.307805,-0.806928
1.83689,1.31102,-0.815697
1.834844,1.306343,-0.814528
1.833382,1.308097,-0.809559
1.831336,1.298451,-0.81979
1.838351,1.306635,-0.822274
1.836597,1.301082,-0.810582
1.834844,1.309851,-0.811166
1.838059,1.309851,-0.814089
1.835721,1.315113,-0.810436
1.838059,1.303128,-0.820813
1.830167,1.308974,-0.823005
1.838936,1.310436,-0.812482
1.841859,1.304589,-0.813066
1.837767,1.311312,-0.823005
1.83309,1.305466,-0.817597
1.832797,1.307512,-0.813359
1.839228,1.308389,-0.827828
1.838644,1.300789,-0.825636
1.835136,1.304882,-0.824905
1.836013,1.310436,-0.811459
1.83689,1.300789,-0.810728
1.836305,1.308389,-0.811312
1.834551,1.302835,-0.811459
1.836013,1.300205,-0.817743
1.838644,1.299912,-0.816136
1.839521,1.306051,-0.813651
1.836305,1.305759,-0.817305
1.830751,1.305759,-0.815843
1.842444,1.303712,-0.814528
1.83309,1.29962,-0.81292
1.840398,1.303712,-0.81862
1.838644,1.304005,-0.812043
1.834551,1.307512,-0.810143
1.840105,1.295528,-0.815551
1.833382,1.302835,-0.805466
1.839228,1.305174,-0.815551
1.831336,1.30722,-0.81102
1.837474,1.305759,-0.825197
1.838351,1.303128,-0.810582
1.82812,1.311312,-0.819936
1.830751,1.302251,-0.814966
1.833967,1.306928,-0.807074
1.837182,1.304589,-0.813359
1.837182,1.302251,-0.806343
1.829874,1.304589,-0.806928
1.835428,1.306051,-0.810728
1.830459,1.303712,-0.813943
1.832213,1.301666,-0.812336
1.829582,1.301958,-0.813651
1.833674,1.300497,-0.820082
1.833382,1.301374,-0.80722
1.835136,1.300497,-0.794505
1.833967,1.304005,-0.816428
1.831044,1.306051,-0.823297
1.831044,1.306051,-0.808974
1.833382,1.302543,-0.812043
1.82549,1.305759,-0.82052
1.836597,1.302543,-0.813505
1.833674,1.301374,-0.820666
1.837767,1.305466,-0.810436
1.835721,1.309266,-0.806928
1.835721,1.313651,-0.811751
1.833382,1.306051,-0.812043
1.832213,1.306928,-0.806197
1.832505,1.304297,-0.815551
1.837767,1.304005,-0.810582
1.834551,1.305759,-0.816282
1.835428,1.304005,-0.80912
1.831336,1.303712,-0.813797
1.833382,1.305466,-0.804735
1.837182,1.304005,-0.814674
1.837767,1.309266,-0.812482
1.841567,1.30342,-0.815259
1.832213,1.308097,-0.821982
1.833674,1.305466,-0.82242
1.829874,1.30342,-0.815843
1.83689,1.302251,-0.820813
1.834551,1.306051,-0.808828
1.839813,1.304882,-0.805905
1.828997,1.307805,-0.808097
1.835428,1.300205,-0.826805
1.834844,1.306343,-0.820374
1.831628,1.297282,-0.824467
1.831044,1.305174,-0.82169
1.826951,1.306343,-0.811897
1.833967,1.300789,-0.818913
1.842736,1.309266,-0.821397
1.833382,1.304589,-0.811751
1.83689,1.310436,-0.809559
1.831628,1.302251,-0.819936
1.830459,1.302543,-0.819936
1.836013,1.304005,-0.809705
1.835428,1.296112,-0.823005
1.838059,1.308682,-0.81292
1.832213,1.298158,-0.816136
1.833967,1.300789,-0.821397
1.828413,1.308682,-0.823736
1.832505,1.305759,-0.811897
1.835428,1.30342,-0.812482
1.838059,1.300789,-0.820666
1.843028,1.300205,-0.817305
1.839521,1.301666,-0.813213
1.796551,1.300497,-0.817597
1.837767,1.301374,-0.823151
1.833382,1.302251,-0.81292
1.826659,1.296697,-0.810874
1.833967,1.304297,-0.810436
1.838059,1.307805,-0.822713
1.836305,1.309851,-0.821105
1.830167,1.306051,-0.811312
1.829582,1.300789,-0.810143
1.840982,1.304005,-0.81672
1.836013,1.308682,-0.827974
1.833382,1.300789,-0.82432
1.836305,1.304589,-0.813066
1.826951,1.306635,-0.821397
1.830751,1.306635,-0.820666
1.833967,1.303712,-0.82169
1.830459,1.306051,-0.816136
1.834551,1.300789,-0.81979
1.828705,1.306635,-0.821105
1.833674,1.29582,-0.818913
1.837182,1.304005,-0.810582
1.828413,1.304297,-0.81789
1.833967,1.308389,-0.820082
1.834844,1.309559,-0.826074
1.833967,1.306928,-0.810289
1.833967,1.304005,-0.803274
1.833967,1.299035,-0.820374
1.836013,1.303128,-0.814674
1.838644,1.30722,-0.81102
1.833674,1.312482,-0.826659
1.831921,1.309851,-0.817743
1.83309,1.304005,-0.813066
1.834259,1.304297,-0.819351
1.832797,1.308097,-0.817305
1.834551,1.302543,-0.82052
1.833674,1.299912,-0.821543
1.831921,1.305466,-0.808974
1.838936,1.304882,-0.819351
1.833674,1.304005,-0.820666
1.832797,1.299328,-0.809559
1.839813,1.301082,-0.814674
1.834551,1.302835,-0.820666
1.842151,1.306051,-0.815405
1.844198,1.307512,-0.809412
1.843028,1.304005,-0.81979
1.838351,1.309559,-0.81672
1.83689,1.302835,-0.815697
1.833967,1.304005,-0.806782
1.828413,1.302835,-0.809412
1.839228,1.306343,-0.805466
1.830459,1.304589,-0.813066
1.840398,1.307512,-0.811605
1.834844,1.301958,-0.81672
1.837474,1.300789,-0.814382
1.84069,1.301958,-0.802397
1.83689,1.295528,-0.817013
1.868752,1.305174,-0.813213
1.796258,1.296697,-0.811751
1.869629,1.297282,-0.813359
1.830459,1.304589,-0.809851
1.83309,1.299912,-0.820666
1.829582,1.302251,-0.809412
1.870213,1.299328,-0.820082
1.82929,1.29962,-0.810728
1.834551,1.306635,-0.813066
1.834551,1.300205,-0.813359
1.833382,1.306928,-0.815113
1.839228,1.306343,-0.815551
1.833382,1.306635,-0.806782
1.831628,1.305174,-0.817597
1.836597,1.304882,-0.812043
1.841859,1.309266,-0.810582
1.834551,1.306343,-0.81672
1.841567,1.308097,-0.810143
1.836013,1.297866,-0.81482
1.836013,1.305759,-0.814236
1.835136,1.306635,-0.812043
1.83689,1.296112,-0.813359
1.835721,1.301374,-0.817597
1.832505,1.300497,-0.812189
1.832505,1.303712,-0.814236
1.835721,1.308097,-0.817305
1.833382,1.304589,-0.813943
1.837182,1.306343,-0.813797
1.840105,1.307512,-0.809559
1.840398,1.304882,-0.821982
1.832505,1.304005,-0.815697
1.832797,1.301374,-0.814236
1.833967,1.302543,-0.826074
1.839813,1.302835,-0.827828
1.835721,1.29582,-0.819351
1.835428,1.304882,-0.819205
1.839521,1.300789,-0.806197
1.836597,1.299328,-0.822274
1.838351,1.306635,-0.81789
1.833382,1.298451,-0.81292
1.835136,1.29962,-0.819351
1.839228,1.298158,-0.802543
1.831628,1.301958,-0.811751
1.835428,1.297866,-0.813943
1.837182,1.296989,-0.81979
1.837182,1.304589,-0.813066
1.833967,1.300205,-0.818913
1.838644,1.297866,-0.816866
1.834844,1.293481,-0.817013
1.835428,1.301958,-0.813505
1.838059,1.301958,-0.806343
1.836013,1.308097,-0.811751
1.835721,1.30722,-0.815259
1.833382,1.301666,-0.820228
1.84069,1.306635,-0.825782
1.835428,1.304882,-0.813651
1.830751,1.307805,-0.820813
1.829874,1.302543,-0.805905
1.838644,1.301082,-0.801959
1.838059,1.307512,-0.811751
1.835136,1.30342,-0.815843
1.82812,1.303712,-0.819643
1.831044,1.292897,-0.814674
1.82432,1.301666,-0.814236
1.828705,1.301958,-0.813943
1.835428,1.304882,-0.816866
1.833967,1.311312,-0.819351
1.836013,1.307805,-0.825051
1.831336,1.304005,-0.808389
1.838936,1.306635,-0.82812
1.831044,1.301958,-0.81979
1.82929,1.302835,-0.820813
1.83689,1.303712,-0.82242
1.836597,1.306635,-0.822859
1.832505,1.307805,-0.811459
1.831336,1.309851,-0.822274
1.83689,1.301666,-0.817597
1.838644,1.305759,-0.830751
1.836305,1.312482,-0.816428
1.83689,1.302835,-0.818182
1.833967,1.304297,-0.82052
1.836013,1.306343,-0.817305
1.836305,1.300497,-0.816428
1.837767,1.30342,-0.819497
1.838936,1.305466,-0.827974
1.832797,1.305174,-0.814966
1.831628,1.304882,-0.823882
1.835428,1.309559,-0.828705
1.830459,1.304005,-0.811312
1.838936,1.311897,-0.823005
1.837182,1.309851,-0.827097
1.828413,1.309851,-0.814674
1.835428,1.302835,-0.819205
1.834259,1.301666,-0.831336
1.831044,1.309851,-0.831336
1.828705,1.298451,-0.824905
1.834844,1.301666,-0.827974
1.827243,1.300497,-0.814528
1.835721,1.305174,-0.81672
1.828413,1.297574,-0.82052
1.829582,1.304005,-0.822713
1.834259,1.304589,-0.815989
1.838351,1.302251,-0.818328
1.826367,1.302835,-0.820374
1.833382,1.30342,-0.822713
1.838059,1.302543,-0.826074
1.828997,1.301958,-0.820082
1.839228,1.300205,-0.821251
1.840105,1.30342,-0.826074
1.839521,1.306343,-0.82169
1.832505,1.309851,-0.808828
1.835721,1.301958,-0.818328
1.834259,1.308974,-0.814528
1.839521,1.306928,-0.820082
1.83689,1.301666,-0.813797
1.835721,1.296697,-0.829582
1.833967,1.298451,-0.821543
1.840398,1.302835,-0.813943
1.832213,1.297574,-0.811751
1.833674,1.306928,-0.820228
1.838936,1.307512,-0.816866
1.835721,1.304297,-0.817597
1.840105,1.30342,-0.811605
1.838936,1.275943,-0.810143
1.837474,1.311605,-0.815989
1.832797,1.302835,-0.825782
1.799474,1.305466,-0.824028
1.832797,1.303712,-0.826951
1.837474,1.308389,-0.823297
1.827536,1.303128,-0.821105
1.839228,1.304297,-0.815113
1.836597,1.310728,-0.815551
1.839813,1.306343,-0.814089
1.841567,1.311312,-0.812482
1.837474,1.308389,-0.800058
1.827828,1.302835,-0.820959
1.831044,1.307805,-0.817305
1.832797,1.304297,-0.818182
1.838059,1.30722,-0.820959
1.837767,1.303128,-0.818182
1.835428,1.305466,-0.82169
1.833674,1.305466,-0.809997
1.835136,1.304005,-0.816428
1.835136,1.304589,-0.810436
1.836305,1.30342,-0.819497
1.830751,1.306928,-0.822274
1.835721,1.308389,-0.818766
1.834844,1.308974,-0.820228
1.833674,1.301958,-0.816428
1.837767,1.314528,-0.814528
1.841274,1.309559,-0.822859
1.834844,1.308389,-0.814528
1.834551,1.301958,-0.812482
1.837474,1.305466,-0.81979
1.843028,1.306928,-0.821397
1.838351,1.301082,-0.81102
1.840105,1.296697,-0.817305
1.838351,1.306928,-0.814674
1.840105,1.29962,-0.821543
1.839228,1.298451,-0.810289
1.833382,1.304005,-0.820082
1.838351,1.304005,-0.819497
1.830751,1.303712,-0.818766
1.832213,1.310143,-0.814089
1.842151,1.304005,-0.811605
1.83689,1.304297,-0.811605
1.842736,1.304882,-0.820228
1.840105,1.306635,-0.786466
1.831921,1.304297,-0.82052
1.837767,1.306343,-0.816866
1.832505,1.313066,-0.803712
1.833967,1.297282,-0.815259
1.835428,1.302835,-0.813943
1.837767,1.298451,-0.818328
1.834551,1.306051,-0.817305
1.833382,1.300497,-0.823297
1.828705,1.304005,-0.822567
1.830459,1.304297,-0.818766
1.839521,1.298451,-0.820374
1.82549,1.301666,-0.811459
1.834844,1.300497,-0.82359
1.832797,1.304297,-0.814966
1.830751,1.30342,-0.827682
1.837767,1.303128,-0.813943
1.832505,1.305466,-0.814382
1.829582,1.304882,-0.821397
1.830751,1.306051,-0.818036
1.830459,1.299035,-0.820666
1.831628,1.300789,-0.820374
1.838059,1.298158,-0.820082
1.834259,1.29962,-0.820959
1.84069,1.295235,-0.823297
1.841567,1.300497,-0.816574
1.833674,1.302543,-0.82929
1.835721,1.303128,-0.825636
1.83309,1.302835,-0.815843
1.834844,1.311605,-0.818913
1.835721,1.304589,-0.81672
1.836013,1.304297,-0.830459
1.835428,1.299912,-0.815697
1.827536,1.301374,-0.82549
1.832797,1.308974,-0.81789
1.838059,1.301666,-0.818474
1.833674,1.304882,-0.819351
1.832505,1.301082,-0.805759
1.833967,1.301082,-0.824613
1.838644,1.293189,-0.820374
1.824905,1.302543,-0.818474
1.834259,1.302251,-0.823005
1.826074,1.307512,-0.815259
1.834259,1.30342,-0.821105
1.829582,1.306051,-0.811459
1.836013,1.30342,-0.810874
1.832797,1.305759,-0.813213
1.834259,1.299328,-0.810874
1.831336,1.305466,-0.826367
1.826951,1.305174,-0.824174
1.833382,1.305759,-0.817013
1.835136,1.299912,-0.823297
1.833382,1.29962,-0.828851
1.829874,1.306051,-0.819205
1.829874,1.300789,-0.817451
1.843028,1.296112,-0.818474
1.831921,1.30342,-0.821397
1.826074,1.300789,-0.815843
1.828705,1.310728,-0.82359
1.823443,1.327682,-0.841713
1.818182,1.340836,-0.834113
1.809997,1.351944,-0.842882
1.80532,1.353113,-0.840251
1.80912,1.355452,-0.843759
1.810289,1.357206,-0.847998
1.802397,1.359252,-0.850482
1.807366,1.35779,-0.849605
1.81292,1.365683,-0.853698
1.807659,1.367144,-0.855013
1.800351,1.364513,-0.858375
1.805905,1.36919,-0.854575
1.807074,1.363636,-0.848582
1.809705,1.363636,-0.854867
1.808243,1.370944,-0.844198
1.80532,1.36919,-0.845221
1.798012,1.373575,-0.854282
1.808535,1.368898,-0.860567
1.807074,1.365098,-0.848875
1.803566,1.372113,-0.845659
1.802689,1.366267,-0.856329
1.800935,1.364513,-0.851798
1.798889,1.362175,-0.850044
1.80152,1.364513,-0.850044
1.799766,1.361006,-0.854136
1.802689,1.361882,-0.850921
1.804151,1.378544,-0.855598
1.799182,1.375329,-0.847559
1.802982,1.36919,-0.849459
1.796258,1.380006,-0.859836
1.806197,1.374744,-0.840251
1.800935,1.373575,-0.853552
1.803566,1.37416,-0.857644
1.80152,1.371821,-0.859836
1.795381,1.369483,-0.857059
1.796551,1.375037,-0.847852
1.801812,1.376498,-0.851067
1.800058,1.374744,-0.854136
1.801228,1.378837,-0.852382
1.800643,1.374744,-0.858959
1.805612,1.367144,-0.841859
1.802397,1.369775,-0.854721
1.808535,1.366267,-0.853552
1.802105,1.37036,-0.858813
1.795966,1.379421,-0.854721
1.802397,1.375329,-0.846244
1.801812,1.373575,-0.853844
1.804735,1.367729,-0.855013
1.803274,1.373283,-0.852967
1.80152,1.368606,-0.860859
1.797428,1.372698,-0.859982
1.795674,1.37036,-0.851067
1.800935,1.369483,-0.85209
1.797135,1.367436,-0.856913
1.807951,1.366267,-0.85209
1.795966,1.375914,-0.850336
1.805905,1.363929,-0.84639
1.793628,1.374452,-0.851359
1.802105,1.363344,-0.850628
1.801812,1.36919,-0.843467
1.800935,1.373867,-0.852821
1.797135,1.373283,-0.844636
1.805905,1.371236,-0.851652
1.800935,1.366852,-0.850044
1.798597,1.369775,-0.850336
1.802689,1.36919,-0.849605
1.802689,1.365098,-0.855744
1.799182,1.361298,-0.851798
1.804735,1.371236,-0.845659
1.805905,1.363636,-0.849898
1.800058,1.369483,-0.849898
1.799474,1.368898,-0.849898
1.803566,1.374744,-0.842736
1.801228,1.373283,-0.850482
1.800351,1.375621,-0.850044
1.797428,1.374744,-0.850482
1.796843,1.368606,-0.84639
1.798012,1.37299,-0.85209
1.793628,1.368313,-0.860713
1.797428,1.373283,-0.844344
1.795674,1.372406,-0.851067
1.795966,1.368606,-0.858082
1.803274,1.37299,-0.858521
1.794797,1.362467,-0.852382
1.802689,1.364806,-0.86159
1.798889,1.364806,-0.844928
1.798305,1.363636,-0.850628
1.798012,1.372698,-0.849459
1.794797,1.369483,-0.845075
1.803274,1.36656,-0.852675
1.801228,1.366267,-0.85019
1.796258,1.368021,-0.848728
1.805028,1.37036,-0.843759
1.80152,1.368606,-0.850921
1.807074,1.37036,-0.84639
1.79392,1.374744,-0.835136
1.801812,1.366267,-0.844928
1.801812,1.369483,-0.851652
1.805905,1.377083,-0.855744
1.797135,1.364806,-0.847121
1.801812,1.372698,-0.851359
1.798305,1.371236,-0.848728
1.807659,1.370652,-0.851652
1.807366,1.37679,-0.849752
1.799766,1.366852,-0.85209
1.800935,1.371236,-0.85589
1.806489,1.377083,-0.850628
1.803859,1.36919,-0.848582
1.79772,1.370652,-0.855598
1.800351,1.37036,-0.847121
1.803566,1.368898,-0.85969
1.803859,1.371821,-0.851798
1.801228,1.36656,-0.852675
1.800935,1.367729,-0.842736
1.800643,1.370944,-0.862906
1.799766,1.365683,-0.856036
1.798305,1.368898,-0.854721
1.802105,1.369483,-0.851213
1.800643,1.37416,-0.849898
1.801228,1.370652,-0.854575
1.799182,1.375621,-0.863929
1.802105,1.37036,-0.857352
1.796843,1.367436,-0.85209
1.801812,1.368898,-0.849313
1.807074,1.36919,-0.852675
1.80152,1.368606,-0.847705
1.799766,1.365098,-0.859106
1.803859,1.369775,-0.855744
1.803859,1.372698,-0.862321
1.799182,1.374744,-0.858521
1.80152,1.369483,-0.856475
1.798889,1.372406,-0.854282
1.80152,1.374452,-0.847998
1.797428,1.380883,-0.855013
1.801228,1.376206,-0.850921
1.803859,1.36539,-0.850044
1.805905,1.370652,-0.853113
1.797135,1.372406,-0.850775
1.797135,1.37299,-0.851359
1.799474,1.36919,-0.841128
1.796843,1.370652,-0.850336
1.80532,1.371529,-0.856182
1.800058,1.37299,-0.875767
1.799474,1.366267,-0.851213
1.802689,1.367436,-0.867144
1.798012,1.37299,-0.852821
1.798305,1.367144,-0.857936
1.800935,1.362175,-0.853844
1.801228,1.372113,-0.86159
1.799182,1.374452,-0.858667
1.793043,1.37679,-0.847998
1.795674,1.370067,-0.858667
1.790412,1.368021,-0.855159
1.796258,1.367436,-0.845951
1.792751,1.371236,-0.852675
1.798305,1.376206,-0.852236
1.800643,1.379421,-0.853259
1.796843,1.372698,-0.872552
1.798889,1.376206,-0.856767
1.80152,1.376498,-0.857936
1.802982,1.375621,-0.863052
1.809412,1.375037,-0.860129
1.803274,1.378252,-0.856475
1.801812,1.37416,-0.854136
1.798012,1.376206,-0.866852
1.803274,1.374452,-0.857059
1.802689,1.37299,-0.844782
1.800643,1.369483,-0.852675
1.805028,1.382344,-0.854575
1.800351,1.372698,-0.859982
1.80532,1.36539,-0.84829
1.800058,1.376498,-0.856182
1.800643,1.37796,-0.855452
1.806782,1.375621,-0.845951
1.807074,1.368021,-0.854721
1.806197,1.364513,-0.864075
1.800058,1.371821,-0.851213
1.802105,1.368898,-0.845659
1.800643,1.364806,-0.850482
1.798305,1.371236,-0.851652
1.797135,1.37679,-0.849898
1.803274,1.38059,-0.856621
1.805905,1.372698,-0.854575
1.802689,1.37299,-0.856036
1.803566,1.371821,-0.851798
1.802689,1.370067,-0.852529
1.795966,1.370652,-0.857498
1.803859,1.367436,-0.850775
1.79772,1.370652,-0.846098
1.800935,1.368313,-0.851505
1.802982,1.367144,-0.84639
1.801812,1.376498,-0.857644
1.801812,1.369775,-0.847559
1.800351,1.367729,-0.858229
1.801228,1.371236,-0.853698
1.804735,1.369775,-0.861006
1.80152,1.37416,-0.839374
1.804443,1.370652,-0.858813
1.799766,1.375037,-0.858375
1.806489,1.375621,-0.857352
1.807074,1.37679,-0.842444
1.804443,1.370944,-0.850628
1.802689,1.370067,-0.852382
1.802397,1.375914,-0.858375
1.809412,1.367144,-0.840105
1.805905,1.375914,-0.841274
1.808828,1.372698,-0.842005
1.802689,1.378544,-0.850921
1.804735,1.367144,-0.851652
1.799182,1.36919,-0.853113
1.805612,1.365975,-0.847852
1.800935,1.366267,-0.847559
1.803859,1.374452,-0.856475
1.80152,1.363636,-0.852382
1.795674,1.370944,-0.844928
1.800058,1.371529,-0.845221
1.797135,1.368313,-0.851798
1.799474,1.368606,-0.846244
1.795381,1.372406,-0.841859
1.80152,1.365975,-0.855159
1.797428,1.369775,-0.853698
1.795089,1.37416,-0.845075
1.809997,1.378252,-0.842005
1.798305,1.374452,-0.845513
1.802689,1.37679,-0.844782
1.796843,1.37679,-0.847413
1.804443,1.37679,-0.852821
1.803274,1.37796,-0.848582
1.802689,1.37679,-0.85019
1.807951,1.369775,-0.851652
1.800351,1.367436,-0.842444
1.807366,1.376498,-0.858229
1.800643,1.372113,-0.84829
1.801228,1.37299,-0.849313
1.800935,1.371529,-0.854282
1.801228,1.375914,-0.851359
1.802397,1.375329,-0.859836
1.800935,1.370652,-0.852529
1.804151,1.371236,-0.843759
1.797428,1.373867,-0.849898
1.79772,1.370652,-0.857644
1.798597,1.377667,-0.854867
1.806489,1.378252,-0.859544
1.800935,1.367729,-0.853698
1.795381,1.373575,-0.861736
1.80532,1.376498,-0.863052
1.795966,1.375329,-0.857352
1.800643,1.375329,-0.858082
1.801812,1.37299,-0.851213
1.802982,1.377667,-0.841859
1.806489,1.372698,-0.85209
1.802982,1.368313,-0.851213
1.817889,1.376206,-0.864952
1.807951,1.37796,-0.847121
1.810289,1.370067,-0.850044
1.812043,1.372406,-0.862029
1.805028,1.37036,-0.848436
1.805905,1.373283,-0.844782
1.80912,1.373867,-0.852236
1.804443,1.369775,-0.858375
1.804151,1.375037,-0.849898
1.807951,1.375621,-0.855744
1.806489,1.368021,-0.856329
1.801812,1.370652,-0.850044
1.795674,1.368606,-0.854575
1.798889,1.364221,-0.852529
1.801228,1.375037,-0.849605
1.80912,1.375329,-0.85019
1.80532,1.372698,-0.864367
1.768196,1.365975,-0.861444
1.800058,1.369775,-0.864221
1.807659,1.368021,-0.853698
1.803859,1.364221,-0.854575
1.80532,1.359544,-0.851067
1.796551,1.374744,-0.854282
1.798305,1.364513,-0.851798
1.803566,1.368606,-0.847121
1.803859,1.375621,-0.855598
1.800058,1.372698,-0.851944
1.802397,1.369775,-0.854867
1.802689,1.370652,-0.852821
1.803566,1.378252,-0.842444
1.803566,1.374744,-0.856475
1.798597,1.373575,-0.853552
1.801228,1.367729,-0.846536
1.805612,1.377083,-0.855598
1.805028,1.373575,-0.861006
1.80152,1.377083,-0.849752
1.795674,1.368898,-0.849605
1.805028,1.374452,-0.853259
1.795381,1.374452,-0.853552
1.800351,1.363929,-0.856182
1.804443,1.368313,-0.852967
1.80152,1.373867,-0.858082
1.800058,1.375621,-0.844344
1.800935,1.373867,-0.848728
1.800935,1.370944,-0.843321
1.80532,1.373283,-0.846682
1.796843,1.378544,-0.849313
1.804151,1.374452,-0.854136
1.806489,1.375037,-0.845659
1.80152,1.37679,-0.856621
1.801812,1.37036,-0.851067
1.806782,1.375037,-0.843905
1.804151,1.371236,-0.853698
1.808535,1.372698,-0.856621
1.801812,1.375329,-0.843759
1.801228,1.376206,-0.844636
1.803566,1.382929,-0.858667
1.799182,1.380006,-0.850628
1.80152,1.370652,-0.851213
1.806489,1.368021,-0.851067
1.79772,1.373575,-0.853698
1.804443,1.372406,-0.855305
1.803566,1.370652,-0.856036
1.803274,1.365098,-0.844636
1.805905,1.378252,-0.849167
1.805028,1.373867,-0.857936
1.802397,1.374452,-0.847267
1.806197,1.37299,-0.846536
1.80532,1.372113,-0.850921
1.803566,1.360421,-0.857352
1.804735,1.373575,-0.85399
1.803859,1.374452,-0.857059
1.804443,1.375329,-0.859106
1.795966,1.375914,-0.859106
1.808243,1.376206,-0.861883
1.806782,1.375914,-0.858959
1.803274,1.374744,-0.856182
1.805612,1.371529,-0.826074
1.809997,1.371821,-0.855452
1.800058,1.369775,-0.854136
1.805612,1.372698,-0.85589
1.802105,1.376206,-0.850482
1.805028,1.372113,-0.855305
1.805028,1.370652,-0.856475
1.806782,1.369483,-0.86539
1.808243,1.380006,-0.855452
1.80532,1.375037,-0.857644
1.802689,1.371529,-0.860129
1.810874,1.377375,-0.859544
1.803274,1.378544,-0.852529
1.807951,1.373283,-0.856475
1.802397,1.37299,-0.851359
1.80912,1.370067,-0.863929
1.800058,1.371821,-0.850921
1.804735,1.37796,-0.853405
1.794212,1.370067,-0.850921
1.799182,1.370067,-0.841128
1.803274,1.375621,-0.860129
1.804151,1.368898,-0.855305
1.80532,1.372113,-0.861006
1.80532,1.378544,-0.857206
1.804443,1.377083,-0.846682
1.808243,1.380883,-0.848875
1.801812,1.37796,-0.851652
1.797428,1.377083,-0.845513
1.797135,1.36919,-0.847413
1.802105,1.372113,-0.84829
1.807951,1.37416,-0.851067
1.800351,1.37416,-0.84829
1.800351,1.37796,-0.858229
1.798889,1.373575,-0.847852
1.803566,1.369775,-0.85399
1.795674,1.371821,-0.849459
1.801228,1.379129,-0.858082
1.80152,1.375329,-0.843613
1.800058,1.37796,-0.847852
1.798889,1.377375,-0.851213
1.794797,1.374452,-0.849021
1.802397,1.370944,-0.838351
1.800643,1.37036,-0.850044
1.804151,1.370944,-0.846244
1.799766,1.372113,-0.841421
1.797135,1.37299,-0.847705
1.802982,1.369775,-0.85589
1.793043,1.37416,-0.845659
1.802689,1.369483,-0.84829
1.800935,1.378544,-0.85209
1.798305,1.369483,-0.853698
1.802397,1.376498,-0.853259
1.803566,1.379129,-0.844782
1.798305,1.367436,-0.85589
1.804151,1.379129,-0.865536
1.804151,1.373867,-0.856182
1.795966,1.371236,-0.865098
1.798597,1.367729,-0.856621
1.807074,1.369483,-0.855598
1.811751,1.36919,-0.858082
1.804735,1.370944,-0.857352
1.802982,1.376206,-0.850336
1.801812,1.371821,-0.846244
1.807951,1.369775,-0.856475
1.800351,1.38176,-0.854721
1.793043,1.379421,-0.850482
1.788366,1.410114,-0.870652
1.780474,1.42736,-0.879567
1.776381,1.437884,-0.886437
1.779304,1.435253,-0.893745
1.774627,1.434376,-0.862175
1.772289,1.423853,-0.876352
1.77755,1.432037,-0.86729
1.767904,1.431453,-0.874744
1.771704,1.439638,-0.866121
1.77492,1.445776,-0.871675
1.772873,1.446653,-0.878983
1.769073,1.444607,-0.873575
1.766735,1.454253,-0.873283
1.767904,1.449284,-0.87299
1.762058,1.451038,-0.888044
1.768196,1.449576,-0.878983
1.763812,1.45133,-0.873721
1.758842,1.445484,-0.880006
1.767027,1.448992,-0.873867
1.76235,1.452207,-0.873137
1.767904,1.449868,-0.879714
1.75855,1.446653,-0.881614
1.764104,1.449868,-0.873575
1.761181,1.446361,-0.876352
1.764396,1.448115,-0.879275
1.764981,1.458346,-0.873867
1.771704,1.445776,-0.881175
1.770243,1.445484,-0.873283
1.767027,1.453376,-0.868752
1.765566,1.458638,-0.882637
1.762643,1.446653,-0.865244
1.763227,1.449868,-0.879421
1.767319,1.450161,-0.879129
1.765566,1.449868,-0.884098
1.765858,1.444022,-0.885852
1.762058,1.452792,-0.872698
1.760304,1.450161,-0.878983
1.764689,1.453376,-0.877375
1.766735,1.455715,-0.865244
1.759719,1.453376,-0.884829
1.768781,1.448699,-0.886729
1.767027,1.455715,-0.874744
1.766443,1.459807,-0.873429
1.770243,1.458346,-0.870506
1.772289,1.452499,-0.884829
1.76995,1.457469,-0.882929
1.769658,1.458053,-0.874452
1.765566,1.447238,-0.869044
1.772873,1.450453,-0.881175
1.774335,1.454838,-0.888921
1.765858,1.457761,-0.871675
1.774043,1.451915,-0.884391
1.772581,1.458053,-0.872844
1.772289,1.454545,-0.873721
1.772289,1.449868,-0.87986
1.763227,1.452499,-0.868752
1.767904,1.454545,-0.866121
1.755042,1.448699,-0.881029
1.76995,1.456884,-0.87679
1.771412,1.458346,-0.875037
1.770827,1.45133,-0.869775
1.761181,1.448699,-0.859398
1.770243,1.459515,-0.889214
1.775212,1.448115,-0.873721
1.761181,1.450453,-0.874306
1.767027,1.454545,-0.872698
1.767319,1.444022,-0.869629
1.767904,1.458346,-0.872698
1.76615,1.459222,-0.866852
1.766735,1.458346,-0.868752
1.765273,1.460099,-0.869336
1.768196,1.462438,-0.871967
1.766735,1.454838,-0.88059
1.768196,1.456007,-0.874744
1.764104,1.447238,-0.873137
1.769073,1.45513,-0.866998
1.767904,1.454838,-0.868898
1.766735,1.454545,-0.872844
1.76615,1.460099,-0.871821
1.766735,1.456884,-0.871237
1.766735,1.454253,-0.863783
1.771704,1.459807,-0.880444
1.771412,1.463899,-0.877667
1.764396,1.460976,-0.873137
1.772581,1.456299,-0.883367
1.770827,1.455422,-0.872844
1.775797,1.453376,-0.878106
1.768196,1.456884,-0.879714
1.774627,1.453961,-0.873721
1.767612,1.452792,-0.865829
1.769658,1.458346,-0.87679
1.763812,1.457469,-0.865829
1.763519,1.45513,-0.871529
1.765566,1.452207,-0.870213
1.766443,1.457176,-0.873429
1.758258,1.448699,-0.866121
1.763519,1.455422,-0.880298
1.768781,1.460099,-0.878837
1.764104,1.45513,-0.877083
1.770535,1.45133,-0.871237
1.763227,1.456007,-0.865829
1.771412,1.45513,-0.877375
1.77112,1.458053,-0.86656
1.767904,1.452499,-0.87299
1.772581,1.449576,-0.875475
1.765273,1.449868,-0.865098
1.765273,1.457761,-0.877521
1.757673,1.456299,-0.859836
1.761181,1.450453,-0.863198
1.767319,1.458346,-0.86729
1.763812,1.453376,-0.871821
1.764104,1.459222,-0.883514
1.758842,1.461561,-0.878252
1.769366,1.454545,-0.869629
1.764396,1.454545,-0.869044
1.765566,1.460684,-0.881906
1.762058,1.452792,-0.876937
1.758842,1.454545,-0.866706
1.761766,1.454545,-0.86846
1.763519,1.452499,-0.873137
1.757966,1.456299,-0.882637
1.724057,1.457469,-0.875621
1.768489,1.460392,-0.884829
1.760304,1.450453,-0.872406
1.762058,1.454253,-0.876352
1.764396,1.446068,-0.874452
1.759135,1.455422,-0.880298
1.763519,1.449576,-0.885852
1.759135,1.452207,-0.874306
1.759135,1.458053,-0.872552
1.765273,1.456299,-0.88059
1.765273,1.458638,-0.871675
1.766735,1.458638,-0.861736
1.758842,1.457469,-0.864221
1.762058,1.453961,-0.868606
1.764981,1.453668,-0.881321
1.768196,1.446068,-0.888921
1.762643,1.452207,-0.875329
1.766735,1.449284,-0.876937
1.767027,1.447822,-0.868021
1.771704,1.459515,-0.877229
1.767319,1.458346,-0.876352
1.764104,1.452207,-0.864075
1.771412,1.454545,-0.864659
1.757673,1.449868,-0.873137
1.76235,1.448992,-0.875621
1.767027,1.454253,-0.865975
1.769658,1.451915,-0.868898
1.761473,1.451915,-0.866413
1.775504,1.450453,-0.879714
1.765566,1.45893,-0.865244
1.768489,1.446653,-0.866706
1.771704,1.451915,-0.866706
1.765566,1.449576,-0.865244
1.775504,1.452792,-0.862906
1.764981,1.450161,-0.872406
1.77492,1.452499,-0.868167
1.764104,1.448407,-0.869629
1.774627,1.45893,-0.875037
1.76615,1.453961,-0.870506
1.765566,1.453668,-0.874452
1.770243,1.45893,-0.870652
1.770827,1.460099,-0.872113
1.775504,1.449284,-0.878983
1.764981,1.454253,-0.868898
1.769073,1.456592,-0.873721
1.763812,1.456884,-0.872552
1.764396,1.452499,-0.871383
1.768781,1.456299,-0.871529
1.765273,1.458638,-0.872406
1.768196,1.454545,-0.864075
1.771412,1.452207,-0.875037
1.769658,1.450161,-0.870798
1.768196,1.449868,-0.881906
1.761181,1.45513,-0.879421
1.764396,1.454838,-0.869775
1.768196,1.460976,-0.892137
1.768489,1.456299,-0.879567
1.764689,1.453668,-0.882344
1.760304,1.461561,-0.880444
1.764689,1.455715,-0.882344
1.768781,1.448992,-0.87416
1.762058,1.456007,-0.886437
1.76235,1.453961,-0.87299
1.763227,1.45133,-0.869775
1.758842,1.457761,-0.870944
1.764396,1.45133,-0.875621
1.764689,1.452792,-0.878106
1.762058,1.449576,-0.874452
1.756212,1.448992,-0.873721
1.762058,1.455715,-0.882637
1.758842,1.448992,-0.879567
1.760012,1.450161,-0.868606
1.762935,1.448992,-0.879129
1.767027,1.45513,-0.879129
1.765566,1.450453,-0.876937
1.767027,1.456592,-0.877229
1.768489,1.452499,-0.88556
1.765273,1.449576,-0.871967
1.762058,1.460684,-0.876206
1.764689,1.453376,-0.881175
1.75855,1.454253,-0.884829
1.760012,1.451622,-0.872552
1.768489,1.448992,-0.876206
1.768489,1.457761,-0.877667
1.762935,1.450453,-0.870213
1.769073,1.448992,-0.871529
1.755042,1.452207,-0.873867
1.757089,1.457761,-0.877667
1.764689,1.455715,-0.879714
1.765566,1.456592,-0.88059
1.764981,1.451622,-0.866413
1.765858,1.456299,-0.867144
1.763227,1.456007,-0.881175
1.769073,1.456299,-0.869044
1.763519,1.451038,-0.874306
1.771412,1.45133,-0.878983
1.763227,1.455715,-0.875329
1.767904,1.453376,-0.885998
1.76615,1.453961,-0.880152
1.767027,1.456884,-0.877814
1.760889,1.451038,-0.867729
1.760012,1.448699,-0.875914
1.763519,1.452207,-0.878983
1.765858,1.456592,-0.869483
1.762058,1.451622,-0.872552
1.762643,1.44753,-0.878837
1.764104,1.455422,-0.879275
1.766443,1.457469,-0.87299
1.760889,1.451622,-0.880152
1.758258,1.454253,-0.875475
1.763812,1.452207,-0.878398
1.768196,1.452499,-0.879275
1.759719,1.458638,-0.874744
1.77112,1.449576,-0.875329
1.766443,1.445484,-0.89316
1.769073,1.450161,-0.88176
1.761473,1.453668,-0.871237
1.774043,1.458638,-0.882783
1.764981,1.445776,-0.87299
1.769366,1.451915,-0.884975
1.761473,1.451038,-0.884537
1.759135,1.452207,-0.882198
1.762643,1.449868,-0.874013
1.766443,1.451915,-0.87796
1.763812,1.452207,-0.882929
1.767612,1.448699,-0.878837
1.76995,1.456884,-0.877667
1.764396,1.448992,-0.881321
1.766735,1.456299,-0.882344
1.764981,1.452499,-0.87869
1.757381,1.453668,-0.877521
1.762643,1.448699,-0.87109
1.764981,1.451915,-0.875329
1.759427,1.449576,-0.880298
1.76995,1.450453,-0.884098
1.766443,1.45513,-0.890821
1.764689,1.452792,-0.876352
1.767904,1.449868,-0.874452
1.764981,1.453961,-0.878544
1.76235,1.455422,-0.87416
1.759427,1.456007,-0.880737
1.757089,1.453668,-0.877083
1.767904,1.448992,-0.877375
1.760012,1.451038,-0.878252
1.767319,1.446945,-0.873429
1.765566,1.452499,-0.878398
1.761181,1.453668,-0.876206
1.760596,1.453961,-0.875037
1.767319,1.446068,-0.866706
1.76615,1.453961,-0.876498
1.764981,1.449868,-0.868752
1.764396,1.446068,-0.876937
1.762935,1.457469,-0.880152
1.75855,1.453668,-0.881614
1.765566,1.454545,-0.873137
1.762058,1.452792,-0.881467
1.764396,1.456884,-0.867875
1.770243,1.456884,-0.87606
1.765273,1.456007,-0.872113
1.769073,1.454838,-0.87109
1.765566,1.453668,-0.878106
1.765566,1.452792,-0.873575
1.771996,1.450453,-0.881906
1.764689,1.449868,-0.876644
1.768489,1.449868,-0.875329
1.765566,1.452499,-0.869629
1.76615,1.449868,-0.880737
1.768489,1.452499,-0.860859
1.764396,1.441976,-0.861444
1.764104,1.451622,-0.865975
1.768781,1.446653,-0.882052
1.769073,1.452207,-0.874452
1.771412,1.451622,-0.871675
1.770535,1.449576,-0.882198
1.772581,1.449576,-0.87986
1.771412,1.447238,-0.861006
1.766735,1.453084,-0.864075
1.769366,1.444022,-0.892137
1.765566,1.456299,-0.872552
1.769658,1.446945,-0.871237
1.762643,1.452792,-0.889506
1.766735,1.454253,-0.875767
1.770243,1.447238,-0.894914
1.767612,1.451622,-0.874306
1.775797,1.448699,-0.875767
1.76995,1.453668,-0.867729
1.768781,1.446945,-0.866413
1.765566,1.448407,-0.870213
1.764689,1.450161,-0.874452
1.77492,1.444314,-0.869336
1.769658,1.449868,-0.882198
1.76995,1.446653,-0.874744
1.765566,1.446945,-0.880298
1.772289,1.447238,-0.881614
1.77375,1.455715,-0.880298
1.771704,1.444607,-0.875914
1.768196,1.449576,-0.867144
1.767319,1.446945,-0.881029
1.774043,1.444607,-0.883221
1.774627,1.454545,-0.875475
1.770243,1.445484,-0.872113
1.770535,1.454545,-0.87299
1.768196,1.45133,-0.87606
1.768781,1.444607,-0.873429
1.775212,1.447238,-0.878544
1.768196,1.447238,-0.872698
1.767319,1.449868,-0.87869
1.766443,1.454838,-0.869336
1.763519,1.449284,-0.876937
1.771996,1.446945,-0.868313
1.762058,1.452792,-0.865683
1.77112,1.454253,-0.875183
1.767904,1.454545,-0.876206
1.771996,1.45133,-0.87796
1.77375,1.448992,-0.877229
1.772873,1.445192,-0.869921
1.768781,1.446361,-0.878106
1.773166,1.452499,-0.878252
1.768196,1.450745,-0.876352
1.770827,1.453084,-0.87679
1.765858,1.45893,-0.87679
1.769073,1.454545,-0.863052
1.771412,1.452499,-0.86729
1.759719,1.449868,-0.862759
1.771996,1.452207,-0.867144
1.762058,1.459222,-0.873867
1.76615,1.458053,-0.866852
1.765858,1.450453,-0.878544
1.769073,1.453084,-0.877229
1.767319,1.449868,-0.883221
1.770243,1.447822,-0.877229
1.768196,1.448407,-0.884829
1.764396,1.457469,-0.871967
1.770243,1.453376,-0.876498
1.760012,1.444899,-0.87869
1.768196,1.452499,-0.883514
1.768489,1.452792,-0.881321
1.764981,1.452792,-0.883075
1.766735,1.456884,-0.871237
1.770243,1.453961,-0.878398
1.771412,1.452499,-0.870798
1.771704,1.457176,-0.869483
1.773458,1.445776,-0.87109
1.771704,1.44753,-0.883952
1.776673,1.45133,-0.872113
1.775504,1.454253,-0.87606
1.769073,1.459807,-0.874452
1.767319,1.457761,-0.870798
1.769366,1.450453,-0.871237
1.768781,1.45133,-0.871675
1.777843,1.453668,-0.876352
1.770827,1.460099,-0.868167
1.772289,1.451915,-0.877814
1.770827,1.448115,-0.87489
1.772581,1.457176,-0.87416
1.775504,1.450453,-0.874013
1.779012,1.456007,-0.878983
1.771412,1.450745,-0.856767
1.771996,1.451038,-0.884391
1.767027,1.453376,-0.875767
1.768489,1.447238,-0.881467
1.770243,1.455715,-0.875329
1.763812,1.450453,-0.878983
1.767027,1.459515,-0.876498
1.768196,1.454253,-0.879567
1.765858,1.453668,-0.87796
1.775797,1.454545,-0.87109
1.770827,1.449576,-0.86846
1.773166,1.452207,-0.87489
1.779889,1.457176,-0.87986
1.764396,1.453668,-0.877083
1.776966,1.453961,-0.875621
1.77375,1.452207,-0.872552
1.76995,1.454253,-0.87109
1.769073,1.449284,-0.884098
1.772581,1.451622,-0.875621
1.770535,1.453084,-0.877667
1.77375,1.453668,-0.862759
1.775504,1.455422,-0.87109
1.780766,1.45893,-0.877667
1.77872,1.458053,-0.866998
1.77492,1.456884,-0.872406
1.776673,1.45513,-0.87606
1.767904,1.448407,-0.880298
1.770535,1.451622,-0.877521
1.774043,1.453084,-0.874598
1.774627,1.456592,-0.877083
1.774043,1.459515,-0.878398
1.779889,1.449284,-0.868167
1.777258,1.457469,-0.86919
1.776966,1.453961,-0.87299
1.775504,1.455422,-0.875621
1.77112,1.456007,-0.872552
1.776089,1.456299,-0.878252
1.774627,1.46273,-0.873137
1.77112,1.460684,-0.882929
1.765858,1.457761,-0.881906
1.767612,1.449284,-0.873283
1.767904,1.459807,-0.88059
1.776381,1.460976,-0.872698
1.76995,1.458053,-0.868752
1.771704,1.455715,-0.873137
1.771704,1.456299,-0.884244
1.77112,1.448992,-0.883075
1.775212,1.453961,-0.874744
1.778135,1.454545,-0.871967
1.770243,1.460099,-0.861736
1.77492,1.453376,-0.872844
1.778427,1.459515,-0.883806
1.776089,1.455715,-0.874598
1.766443,1.456299,-0.880152
1.776381,1.459807,-0.874598
1.77755,1.457761,-0.88366
1.771412,1.453084,-0.878106
1.779304,1.454545,-0.870944
1.776966,1.456007,-0.874744
1.776673,1.455422,-0.881906
1.769658,1.458053,-0.871821
1.77112,1.451038,-0.873867
1.767319,1.452207,-0.871529
1.765566,1.459807,-0.882637
1.77492,1.451038,-0.880883
1.772289,1.455715,-0.881175
1.773458,1.452499,-0.872406
1.773166,1.456884,-0.873575
1.768781,1.456299,-0.879129
1.77375,1.455422,-0.875329
1.769366,1.450453,-0.879421
1.763227,1.454253,-0.884391
1.77375,1.453376,-0.87869
1.771996,1.451915,-0.878544
1.775504,1.452207,-0.882052
1.77112,1.448115,-0.890237
1.766443,1.454253,-0.882344
1.772873,1.45513,-0.870944
1.771996,1.456592,-0.876352
1.77492,1.463315,-0.882344
1.775797,1.451915,-0.877375
1.771996,1.457469,-0.879275
1.769658,1.453084,-0.880883
1.777258,1.461561,-0.881614
1.769366,1.456299,-0.880883
1.777843,1.461853,-0.88366
1.776381,1.456299,-0.870944
1.767027,1.457469,-0.87986
1.763227,1.453376,-0.871383
1.771704,1.491084,-0.872113
1.777843,1.449576,-0.881614
1.772581,1.457761,-0.873575
1.775504,1.452792,-0.872113
1.768489,1.454838,-0.87606
1.773458,1.460976,-0.880737
1.767319,1.451622,-0.883367
1.774335,1.453961,-0.869775
1.77112,1.450161,-0.87796
1.768196,1.456299,-0.862467
1.774043,1.452207,-0.870067
1.767612,1.453376,-0.87109
1.76995,1.460392,-0.880737
1.776673,1.45133,-0.874306
1.773166,1.460684,-0.865098
1.766735,1.458346,-0.870798
1.768489,1.453668,-0.879714
1.770827,1.460099,-0.867583
1.771412,1.453084,-0.879275
1.771412,1.453668,-0.881906
1.767319,1.458638,-0.88059
1.767904,1.459222,-0.865098
1.768196,1.454545,-0.881906
1.759135,1.454545,-0.882783
1.769366,1.452792,-0.862321
1.766443,1.451915,-0.871967
1.763519,1.457176,-0.863198
1.772581,1.456884,-0.868313
1.764981,1.461853,-0.87796
1.777843,1.456592,-0.874306
1.767319,1.458053,-0.881029
1.778135,1.449284,-0.871383
1.771412,1.45513,-0.883952
1.768196,1.449576,-0.868167
1.770827,1.460976,-0.870506
1.770827,1.45513,-0.869629
1.767904,1.45513,-0.87416
1.775504,1.446361,-0.879129
1.772289,1.452792,-0.874744
1.769658,1.45513,-0.883221
1.767904,1.456592,-0.881614
1.771996,1.449868,-0.870506
1.769073,1.458053,-0.87489
1.769366,1.454545,-0.88176
1.767904,1.458346,-0.86846
1.767904,1.456299,-0.872113
1.774043,1.455422,-0.881467
1.765858,1.45893,-0.881175
1.771996,1.450745,-0.876206
1.77112,1.455422,-0.874013
1.770243,1.457761,-0.87036
1.778427,1.446361,-0.876206
1.773458,1.461269,-0.878106
1.774043,1.455422,-0.866998
1.768781,1.454838,-0.878398
1.770243,1.453084,-0.882052
1.768489,1.456299,-0.875329
1.764981,1.454253,-0.873137
1.77492,1.452499,-0.876352
1.771412,1.457761,-0.873429
1.771412,1.453668,-0.862759
1.77112,1.456884,-0.885998
1.767027,1.45133,-0.878252
1.766443,1.463899,-0.874306
1.775504,1.45513,-0.874452
1.770827,1.445484,-0.86656
1.766735,1.451622,-0.87299
1.767319,1.45133,-0.86846
1.764396,1.45133,-0.858959
1.767904,1.452207,-0.87226
1.772581,1.456299,-0.877083
1.774335,1.453668,-0.862759
1.771704,1.451915,-0.875329
1.76615,1.450161,-0.872844
1.769658,1.457761,-0.871529
1.76615,1.446361,-0.866267
1.763227,1.453961,-0.871675
1.771412,1.449576,-0.866267
1.765273,1.447238,-0.866852
1.769073,1.448115,-0.872698
1.764396,1.453668,-0.860421
1.769658,1.448699,-0.865975
1.769658,1.45513,-0.86846
1.765273,1.448699,-0.865244
1.767612,1.451038,-0.875037
1.773458,1.451622,-0.873867
1.766735,1.451915,-0.867144
1.770243,1.457176,-0.870213
1.772873,1.452207,-0.875183
1.776381,1.452207,-0.87796
1.764689,1.453084,-0.87109
1.772581,1.453084,-0.876498
1.764396,1.454253,-0.87606
1.76995,1.453084,-0.875767
1.766735,1.450745,-0.863636
1.767904,1.45513,-0.870213
1.775504,1.453084,-0.873575
1.768196,1.448699,-0.870506
1.769658,1.447238,-0.87679
1.770827,1.444607,-0.881321
1.772581,1.452207,-0.85779
1.77375,1.446945,-0.865244
1.765273,1.451915,-0.875914
1.765858,1.448115,-0.87226
1.766443,1.449284,-0.882637
1.768781,1.448992,-0.87226
1.766443,1.452207,-0.86539
1.764981,1.453376,-0.877814
1.771704,1.448699,-0.87606
1.759135,1.446653,-0.872698
1.763519,1.447822,-0.875767
1.767319,1.446945,-0.86919
1.771412,1.453668,-0.868021
1.76995,1.448407,-0.883221
1.770243,1.45513,-0.880883
1.768489,1.458053,-0.875475
1.774335,1.451038,-0.885414
1.76615,1.452207,-0.879421
1.765566,1.446945,-0.881906
1.770243,1.450161,-0.872844
1.767027,1.448699,-0.880444
1.771704,1.455715,-0.873721
1.770827,1.447238,-0.873429
1.774043,1.448115,-0.865683
1.771704,1.449284,-0.879421
1.777258,1.452499,-0.887314
1.77375,1.446945,-0.876644
1.772873,1.452792,-0.872844
1.77492,1.454838,-0.885121
1.765566,1.450745,-0.878398
1.772873,1.451915,-0.866413
1.771412,1.451622,-0.871529
1.76995,1.449868,-0.868752
1.772289,1.445776,-0.869483
1.770827,1.454838,-0.879129
1.764981,1.453084,-0.875621
1.767612,1.448699,-0.873575
1.767612,1.448115,-0.872844
1.769658,1.447822,-0.878106
1.770535,1.445484,-0.870213
1.763812,1.45133,-0.879567
1.783104,1.441976,-0.872113
1.770535,1.453668,-0.868167
1.769658,1.445192,-0.884391
1.774335,1.450161,-0.87869
1.769073,1.450745,-0.871237
1.764689,1.453376,-0.871529
1.767612,1.441976,-0.867144
1.774043,1.448115,-0.882052
1.771996,1.455715,-0.873283
1.768781,1.453961,-0.873575
1.76995,1.455715,-0.869629
1.763812,1.45893,-0.870944
1.766443,1.452207,-0.876937
1.760596,1.458638,-0.871821
1.76615,1.45133,-0.871237
1.768781,1.448699,-0.87606
1.764689,1.447822,-0.879421
1.759719,1.450745,-0.865829
1.766735,1.450745,-0.864659
1.767904,1.453961,-0.865829
1.769073,1.451915,-0.858375
1.761473,1.448699,-0.87226
1.759719,1.453376,-0.877521
1.767027,1.453376,-0.875914
1.771996,1.449868,-0.877375
1.768781,1.448407,-0.864806
1.767027,1.452499,-0.872113
1.76995,1.451622,-0.87796
1.77375,1.458053,-0.871383
1.766735,1.455422,-0.873721
1.768196,1.450453,-0.86539
1.764396,1.451038,-0.873867
1.764396,1.452207,-0.871237
1.772873,1.450161,-0.881175
1.765858,1.448407,-0.878252
1.764981,1.446653,-0.880152
1.773458,1.44753,-0.870652
1.768489,1.45513,-0.870652
1.768489,1.448699,-0.878544
1.774627,1.451915,-0.87416
1.764981,1.456592,-0.875329
1.767027,1.450453,-0.872113
1.772581,1.455422,-0.864075
1.77112,1.45133,-0.871383
1.778135,1.451622,-0.87226
1.771412,1.45893,-0.872698
1.766443,1.444314,-0.868167
1.772873,1.456299,-0.876937
1.772581,1.451038,-0.874452
1.778427,1.441099,-0.877521
1.785443,1.417422,-0.869336
1.804151,1.382929,-0.841567
1.820228,1.329436,-0.827097
1.84449,1.295528,-0.804297
1.85209,1.270096,-0.781643
1.860859,1.266589,-0.779304
1.859105,1.266589,-0.782227
1.852675,1.270973,-0.795381
1.861152,1.270389,-0.788804
1.864367,1.257819,-0.775212
1.865829,1.253142,-0.785589
1.877521,1.242619,-0.771558
1.869336,1.22888,-0.762496
1.871383,1.23385,-0.768927
1.866121,1.235604,-0.760889
1.873429,1.227711,-0.758112
1.869629,1.228296,-0.761619
1.87226,1.225373,-0.754312
1.869629,1.230342,-0.75665
1.880737,1.233265,-0.749342
1.869336,1.231511,-0.756065
1.874013,1.228588,-0.758404
1.885414,1.22245,-0.780327
1.878398,1.222157,-0.765419
1.873137,1.217773,-0.753142
1.878398,1.221865,-0.750365
1.87869,1.223327,-0.731804
1.881321,1.22245,-0.755481
1.880152,1.223911,-0.754312
1.882198,1.218065,-0.753727
1.876644,1.22245,-0.749488
1.886291,1.229757,-0.746711
1.877229,1.218065,-0.759866
1.880737,1.222742,-0.756212
1.878983,1.225665,-0.741742
1.878983,1.220696,-0.75665
1.884829,1.223034,-0.75475
1.880152,1.227127,-0.759135
1.877813,1.217188,-0.754458
1.882491,1.22625,-0.751973
1.885706,1.219526,-0.752704
1.881029,1.226834,-0.754165
1.876937,1.218357,-0.746127
1.878983,1.21865,-0.750658
1.878398,1.223034,-0.751973
1.874306,1.220988,-0.754019
1.876644,1.221573,-0.753142
1.877229,1.220403,-0.750219
1.881321,1.220988,-0.74145
1.877229,1.22245,-0.745981
1.879275,1.21748,-0.752704
1.879275,1.219526,-0.753581
1.883952,1.224496,-0.755919
1.880737,1.218357,-0.751096
1.887752,1.222157,-0.754312
1.880444,1.220403,-0.755189
1.87869,1.223327,-0.751681
1.887167,1.219819,-0.751973
1.885706,1.216896,-0.756504
1.88366,1.222742,-0.747881
1.886291,1.215434,-0.75095
1.882491,1.221573,-0.749635
1.881906,1.21865,-0.752265
1.885706,1.220403,-0.745542
1.880737,1.220111,-0.750073
1.873721,1.224788,-0.750512
1.882198,1.216603,-0.745981
1.88746,1.22508,-0.750073
1.883952,1.216603,-0.747881
1.881906,1.211049,-0.758696
1.884244,1.222742,-0.745542
1.87869,1.218942,-0.755335
1.883367,1.224788,-0.740573
1.884244,1.225665,-0.741304
1.876937,1.225373,-0.742619
1.885998,1.22245,-0.756358
1.877521,1.230342,-0.752119
1.878398,1.215434,-0.752996
1.879567,1.22245,-0.756212
1.881906,1.227419,-0.749488
1.880444,1.220403,-0.752119
1.881321,1.229173,-0.743058
1.877813,1.225957,-0.746419
1.883367,1.22625,-0.747296
1.884537,1.224788,-0.752704
1.881321,1.229465,-0.741596
1.883075,1.219819,-0.753142
1.882198,1.228296,-0.749927
1.888044,1.220696,-0.748758
1.877229,1.225665,-0.751096
1.889214,1.222742,-0.732973
1.881906,1.224496,-0.754312
1.884244,1.223327,-0.746711
1.880444,1.228588,-0.752265
1.883367,1.222742,-0.751827
1.888337,1.227419,-0.748758
1.890091,1.220403,-0.750804
1.882783,1.218357,-0.743935
1.889506,1.225957,-0.754165
1.885998,1.224788,-0.743642
1.886583,1.225665,-0.74145
1.885414,1.22508,-0.75285
1.889214,1.223327,-0.748904
1.890968,1.229757,-0.744958
1.886875,1.228588,-0.760304
1.885414,1.223911,-0.753727
1.881906,1.228296,-0.743642
1.886875,1.229173,-0.75475
1.883367,1.227711,-0.746273
1.886583,1.223911,-0.763227
1.883075,1.221573,-0.743204
1.885998,1.230927,-0.744081
1.888337,1.217773,-0.741888
1.876644,1.224203,-0.756358
1.88366,1.232388,-0.742619
1.881906,1.222742,-0.751535
1.879567,1.221865,-0.739842
1.875183,1.230342,-0.749635
1.883075,1.218357,-0.746273
1.882198,1.228588,-0.747296
1.875767,1.224203,-0.74905
1.87869,1.234434,-0.751388
1.880152,1.229465,-0.741742
1.876644,1.22625,-0.749342
1.883952,1.221865,-0.760158
1.883367,1.226834,-0.756504
1.878983,1.223911,-0.745396
1.881906,1.220403,-0.755042
1.878983,1.223327,-0.76045
1.885121,1.227419,-0.746711
1.879275,1.226542,-0.757673
1.88366,1.22128,-0.753873
1.882783,1.231219,-0.755481
1.87869,1.231804,-0.757527
1.884244,1.228004,-0.759866
1.880152,1.227127,-0.749635
1.881906,1.231219,-0.758989
1.880737,1.227711,-0.749781
1.880152,1.225373,-0.760012
1.879567,1.219526,-0.749927
1.881906,1.228588,-0.760012
1.884244,1.22508,-0.760596
1.884829,1.229757,-0.761035
1.882198,1.226834,-0.746127
1.880444,1.22888,-0.757381
1.881029,1.221865,-0.761473
1.876644,1.22508,-0.757673
1.876644,1.222157,-0.756212
1.881906,1.22625,-0.750658
1.881906,1.231511,-0.750658
1.878398,1.224203,-0.720696
1.880152,1.22245,-0.74715
1.879567,1.227127,-0.755189
1.880444,1.233265,-0.747881
1.887167,1.223327,-0.751681
1.882783,1.230342,-0.752996
1.884244,1.222742,-0.763812
1.881906,1.225665,-0.747296
1.887752,1.22888,-0.763958
1.879567,1.232388,-0.760596
1.885414,1.22888,-0.756358
1.879275,1.235896,-0.755919
1.885998,1.229757,-0.761035
1.880737,1.229173,-0.754604
1.880152,1.224496,-0.751242
1.889506,1.235604,-0.744665
1.889506,1.228004,-0.747881
1.884244,1.228004,-0.755627
1.879567,1.229757,-0.742327
1.889214,1.220403,-0.756942
1.878398,1.225957,-0.744081
1.880737,1.228296,-0.747442
1.890675,1.22625,-0.748173
1.879567,1.229757,-0.758989
1.882198,1.225957,-0.751242
1.880152,1.223327,-0.751535
1.884244,1.228004,-0.759573
1.880152,1.222742,-0.75665
1.883952,1.223327,-0.757527
1.882783,1.232096,-0.750512
1.883075,1.227419,-0.74905
1.883075,1.226542,-0.752412
1.887167,1.23005,-0.750219
1.885121,1.225957,-0.754896
1.892429,1.219526,-0.763519
1.882198,1.224788,-0.75285
1.880444,1.22625,-0.755189
1.889506,1.22245,-0.747881
1.882491,1.22245,-0.753581
1.880737,1.227127,-0.761035
1.885706,1.225373,-0.755335
1.881321,1.225373,-0.760742
1.887167,1.230342,-0.750658
1.877813,1.219526,-0.762789
1.87869,1.231219,-0.755042
1.875767,1.218942,-0.752704
1.87606,1.229173,-0.749781
1.882491,1.229465,-0.712803
1.885706,1.230634,-0.748612
1.884537,1.225665,-0.754896
1.880152,1.223327,-0.739404
1.878983,1.216603,-0.749342
1.880737,1.228588,-0.761473
1.880737,1.230634,-0.744811
1.885414,1.228588,-0.763666
1.87986,1.237357,-0.752119
1.880444,1.228004,-0.749196
1.874598,1.220403,-0.748173
1.878398,1.22625,-0.753142
1.879567,1.22888,-0.742327
1.88366,1.227419,-0.749781
1.879275,1.221865,-0.745104
1.879567,1.219526,-0.75285
1.877813,1.227711,-0.752996
1.880737,1.229465,-0.754604
1.886583,1.229465,-0.750073
1.881029,1.217773,-0.746858
1.876937,1.223619,-0.759281
1.87986,1.226834,-0.75095
1.879567,1.232973,-0.752265
1.884829,1.219234,-0.742181
1.87869,1.222742,-0.745688
1.882491,1.217188,-0.75285
1.881614,1.22245,-0.75665
1.87489,1.227419,-0.75475
1.886875,1.221865,-0.75285
1.889214,1.232388,-0.747881
1.881321,1.224788,-0.732242
1.882198,1.21865,-0.738673
1.884829,1.229173,-0.753581
1.877521,1.227711,-0.750073
1.876644,1.231219,-0.752558
1.888629,1.23005,-0.74715
1.877813,1.224788,-0.747735
1.882491,1.223911,-0.75095
1.881321,1.223327,-0.750073
1.876352,1.228588,-0.756358
1.873721,1.223327,-0.714119
1.88366,1.229757,-0.780327
1.882198,1.235896,-0.750804
1.882198,1.228004,-0.747296
1.882491,1.223619,-0.751827
1.883367,1.22625,-0.749927
1.87489,1.226542,-0.750512
1.881906,1.226542,-0.742327
1.87986,1.229757,-0.74525
1.87986,1.220111,-0.744373
1.880152,1.22128,-0.748758
1.874306,1.213973,-0.744811
1.876937,1.223619,-0.752412
1.875767,1.228296,-0.742327
1.881906,1.22888,-0.744958
1.879275,1.222157,-0.74905
1.876352,1.23005,-0.747588
1.884829,1.223327,-0.754019
1.881906,1.231219,-0.74715
1.878106,1.227711,-0.745981
1.878106,1.221865,-0.749488
1.87986,1.22245,-0.751388
1.877813,1.21865,-0.737065
1.877521,1.231511,-0.748173
1.88366,1.228296,-0.757819
1.881029,1.225957,-0.745688
1.877813,1.234142,-0.742619
1.881614,1.229757,-0.745542
1.876937,1.22245,-0.749635
1.873137,1.228296,-0.752412
1.884829,1.223619,-0.745104
1.879275,1.222157,-0.750219
1.88366,1.234727,-0.748904
1.882783,1.224496,-0.752558
1.886583,1.225665,-0.746711
1.88366,1.228004,-0.751973
1.881906,1.224788,-0.743642
1.881321,1.232973,-0.753435
1.878983,1.233265,-0.735311
1.877813,1.227127,-0.744373
1.879567,1.238819,-0.741158
1.874598,1.232973,-0.753289
1.881614,1.228588,-0.750365
1.874598,1.231219,-0.742473
1.87869,1.229465,-0.758258
1.873429,1.232681,-0.749927
1.874598,1.229757,-0.751242
1.881029,1.230634,-0.740865
1.881614,1.228588,-0.749342
1.881321,1.234727,-0.756065
1.878983,1.225665,-0.752996
1.87606,1.220111,-0.749196
1.878398,1.226834,-0.748173
1.87986,1.229757,-0.745104
1.87986,1.231511,-0.750804
1.87986,1.22888,-0.74335
1.875767,1.22625,-0.752558
1.874013,1.225957,-0.746565
1.878106,1.220696,-0.75285
1.88366,1.227419,-0.748612
1.884244,1.229173,-0.747296
1.877229,1.230342,-0.753581
1.878106,1.224788,-0.748319
1.88366,1.228588,-0.745396
1.881321,1.222157,-0.743642
1.880152,1.223619,-0.755189
1.878106,1.227419,-0.757527
1.878983,1.22128,-0.746711
1.879275,1.224496,-0.760889
1.881029,1.223034,-0.750073
1.875475,1.22625,-0.754165
1.877229,1.225665,-0.750219
1.877521,1.221865,-0.753581
1.881906,1.224203,-0.744227
1.875475,1.233265,-0.752265
1.884244,1.227711,-0.742473
1.87986,1.228588,-0.745688
1.883952,1.225957,-0.753581
1.882491,1.197895,-0.745688
1.877813,1.226542,-0.752558
1.882198,1.219234,-0.760596
1.880444,1.223327,-0.762058
1.879567,1.225957,-0.747735
1.879567,1.227419,-0.747881
1.877521,1.226834,-0.759427
1.882783,1.22888,-0.74715
1.881029,1.231219,-0.747442
1.884829,1.230634,-0.744665
1.878106,1.22508,-0.744373
1.881906,1.229173,-0.749781
1.884537,1.228296,-0.743496
1.87986,1.220111,-0.739258
1.87986,1.223911,-0.746711
1.878983,1.220988,-0.742911
1.875767,1.222742,-0.743935
1.87869,1.222742,-0.748465
1.881321,1.224203,-0.750512
1.886583,1.229757,-0.751535
1.878398,1.219526,-0.745396
1.875475,1.230342,-0.744665
1.888629,1.234434,-0.747296
1.880444,1.223327,-0.74145
1.883075,1.22508,-0.742181
1.880737,1.230927,-0.73765
1.881614,1.225957,-0.75095
1.878398,1.228296,-0.762789
1.873721,1.230927,-0.75095
1.880737,1.223619,-0.751681
1.888044,1.225665,-0.746858
1.88366,1.227711,-0.756796
1.878398,1.232096,-0.751242
1.878983,1.226542,-0.751973
1.877229,1.22625,-0.752119
1.88366,1.221573,-0.757089
1.870506,1.22625,-0.756065
