ch1,ch2,ch3
1.92166,1.166033,-0.704911
1.919906,1.159018,-0.70038
1.924291,1.156095,-0.70798
1.917276,1.157264,-0.704619
1.927507,1.156679,-0.70038
1.936276,1.152295,-0.693072
1.922245,1.153756,-0.695411
1.92663,1.148787,-0.701842
1.928968,1.148787,-0.697749
1.928091,1.147618,-0.695703
1.933645,1.150248,-0.697749
1.936276,1.153172,-0.691318
1.935691,1.14791,-0.694826
1.941538,1.141771,-0.691611
1.941245,1.136217,-0.687372
1.938614,1.141771,-0.681964
1.938614,1.145571,-0.680064
1.937445,1.144987,-0.676849
1.944753,1.143525,-0.685618
1.940076,1.140602,-0.679187
1.946799,1.141771,-0.675826
1.936276,1.13271,-0.682841
1.942999,1.135048,-0.681964
1.94183,1.135633,-0.685326
1.947091,1.139725,-0.672756
1.940368,1.137971,-0.683426
1.943584,1.129494,-0.679041
1.939784,1.130664,-0.686203
1.94563,1.131248,-0.683864
1.940661,1.134464,-0.675387
1.94183,1.133879,-0.687811
1.938614,1.135341,-0.682403
1.945922,1.135341,-0.69088
1.943291,1.14791,-0.673049
1.946215,1.136802,-0.678457
1.942122,1.134464,-0.680357
1.942707,1.128617,-0.680064
1.938322,1.135633,-0.686934
1.939199,1.138556,-0.683572
1.938322,1.133294,-0.67831
1.943584,1.134464,-0.675533
1.937737,1.132417,-0.676118
1.949138,1.137971,-0.679772
1.940661,1.135925,-0.681672
1.94563,1.132125,-0.685618
1.944461,1.131248,-0.683718
1.947968,1.134464,-0.68138
1.94563,1.138556,-0.681234
1.94563,1.134171,-0.680649
1.942415,1.136217,-0.677872
1.946215,1.139725,-0.688103
1.944753,1.134464,-0.684157
1.940076,1.136802,-0.677726
1.938322,1.138264,-0.678749
1.940661,1.137679,-0.677872
1.943584,1.134464,-0.67568
1.942707,1.139141,-0.681672
1.938614,1.138264,-0.673487
1.940368,1.139725,-0.678603
1.943876,1.137679,-0.685618
1.940953,1.138848,-0.685618
1.945922,1.138264,-0.678018
1.942999,1.137971,-0.67188
1.937737,1.133879,-0.669541
1.947384,1.138556,-0.681087
1.93803,1.134756,-0.684449
1.941538,1.133294,-0.668372
1.939199,1.137679,-0.670272
1.944461,1.139141,-0.67378
1.942415,1.139141,-0.667933
1.941245,1.134464,-0.671587
1.942707,1.13651,-0.680941
1.947091,1.138556,-0.682987
1.949722,1.129787,-0.672318
1.940368,1.134756,-0.678603
1.946799,1.130956,-0.663987
1.948261,1.132417,-0.679918
1.937153,1.128033,-0.66881
1.946799,1.134464,-0.669541
1.942415,1.137094,-0.679626
1.945045,1.13271,-0.679041
1.943584,1.133002,-0.682403
1.94183,1.141187,-0.682257
1.935691,1.137094,-0.66691
1.939491,1.133879,-0.677726
1.932184,1.133879,-0.675387
1.937153,1.133879,-0.684303
1.931891,1.134464,-0.674218
1.936568,1.125402,-0.677433
1.942122,1.130079,-0.678457
1.944461,1.135925,-0.679187
1.940661,1.129494,-0.673633
1.943876,1.130079,-0.67071
1.951476,1.132125,-0.675241
1.946799,1.127156,-0.66881
1.943584,1.137094,-0.671587
1.945045,1.128617,-0.670418
1.940368,1.133294,-0.683864
1.935399,1.130371,-0.674803
1.937445,1.140602,-0.680941
1.940661,1.12891,-0.68211
1.942707,1.137094,-0.673487
1.934522,1.132125,-0.67758
1.908214,1.131248,-0.672318
1.939784,1.140018,-0.674949
1.943876,1.133587,-0.67758
1.950015,1.130371,-0.668664
1.939784,1.132417,-0.676703
1.939491,1.131248,-0.678603
1.938614,1.131541,-0.674364
1.934814,1.140895,-0.68138
1.944753,1.138848,-0.672756
1.943876,1.140602,-0.672026
1.942122,1.135925,-0.675972
1.944753,1.136802,-0.669103
1.943291,1.13271,-0.68138
1.944168,1.139725,-0.695849
1.940368,1.131248,-0.675826
1.939491,1.130371,-0.670856
1.943584,1.131248,-0.679187
1.943291,1.133587,-0.682695
1.940368,1.133294,-0.67451
1.938907,1.135925,-0.676995
1.943876,1.137971,-0.681087
1.944461,1.127156,-0.679187
1.942122,1.139725,-0.675387
1.945338,1.131541,-0.67641
1.938907,1.130079,-0.681964
1.938322,1.133294,-0.689564
1.933353,1.133879,-0.675533
1.937153,1.13651,-0.67451
1.933061,1.129787,-0.67261
1.936276,1.128325,-0.679187
1.943291,1.13651,-0.676995
1.943291,1.129494,-0.678164
1.933937,1.131833,-0.676118
1.930722,1.134171,-0.685472
1.936568,1.133879,-0.689857
1.94183,1.133002,-0.67451
1.942999,1.133294,-0.678603
1.938614,1.138556,-0.686349
1.937153,1.131541,-0.691464
1.933061,1.137094,-0.673926
1.932768,1.139725,-0.67831
1.935691,1.142064,-0.670856
1.937737,1.130956,-0.673195
1.936276,1.134464,-0.665887
1.937153,1.131833,-0.672756
1.942707,1.136217,-0.66998
1.933353,1.135048,-0.677726
1.939199,1.130956,-0.676557
1.943291,1.137094,-0.671003
1.939491,1.14031,-0.684741
1.935984,1.137387,-0.688249
1.931307,1.130956,-0.687664
1.934522,1.137971,-0.676264
1.933061,1.133587,-0.681087
1.936568,1.134171,-0.678749
1.931599,1.14031,-0.689126
1.929553,1.138264,-0.668372
1.933353,1.135633,-0.674803
1.932768,1.132125,-0.678895
1.935691,1.130371,-0.682987
1.937153,1.134464,-0.684157
1.941538,1.135633,-0.684595
1.940076,1.129494,-0.677433
1.935984,1.135633,-0.693511
1.938322,1.129787,-0.684595
1.932768,1.123648,-0.684595
1.939199,1.133587,-0.679334
1.939491,1.137387,-0.691172
1.939491,1.135633,-0.684157
1.93803,1.133587,-0.667349
1.939199,1.134171,-0.68328
1.937153,1.134756,-0.675533
1.933937,1.130371,-0.684449
1.942415,1.130079,-0.674072
1.940368,1.133294,-0.675387
1.942707,1.133294,-0.636217
1.935984,1.129494,-0.67188
1.937153,1.133587,-0.67188
1.935399,1.132125,-0.679626
1.940661,1.135925,-0.676703
1.940076,1.125987,-0.673926
1.940953,1.136217,-0.678895
1.941245,1.131833,-0.678749
1.948553,1.135048,-0.68138
1.944168,1.129494,-0.677726
1.936276,1.13651,-0.67188
1.947968,1.137094,-0.67261
1.939199,1.131833,-0.678749
1.931599,1.130664,-0.688395
1.946507,1.133294,-0.671441
1.943291,1.138848,-0.676264
1.939784,1.134464,-0.688541
1.939784,1.140602,-0.682403
1.942707,1.134464,-0.67948
1.946215,1.135925,-0.68021
1.944461,1.132125,-0.68021
1.937445,1.131541,-0.686641
1.937153,1.12891,-0.674949
1.940953,1.133294,-0.682987
1.940368,1.134756,-0.672464
1.93803,1.133587,-0.681087
1.936568,1.131833,-0.688541
1.940076,1.133294,-0.683572
1.94183,1.14411,-0.682987
1.933061,1.132125,-0.690003
1.947384,1.138848,-0.688103
1.93803,1.136217,-0.67451
1.933937,1.146448,-0.682257
1.93803,1.138556,-0.666764
1.942122,1.140602,-0.68328
1.941538,1.138264,-0.676849
1.939491,1.142648,-0.682257
1.942122,1.133587,-0.687957
1.933937,1.139141,-0.681526
1.949138,1.135048,-0.683864
1.940076,1.130079,-0.686349
1.932476,1.138848,-0.677872
1.938907,1.137679,-0.700234
1.931599,1.13651,-0.686934
1.937737,1.140602,-0.691757
1.933645,1.134464,-0.675533
1.937153,1.136802,-0.684011
1.938614,1.144695,-0.670272
1.935399,1.137971,-0.669395
1.935107,1.135925,-0.679772
1.936276,1.133587,-0.678164
1.938907,1.14031,-0.686203
1.943876,1.135341,-0.678603
1.943291,1.133002,-0.686349
1.94563,1.138848,-0.684741
1.935107,1.131248,-0.684011
1.940368,1.139433,-0.69088
1.940368,1.130371,-0.684157
1.947091,1.140602,-0.681526
1.945338,1.135925,-0.684157
1.948845,1.133879,-0.675826
1.938322,1.133879,-0.67451
1.936861,1.138848,-0.675387
1.937737,1.145279,-0.671149
1.934522,1.139141,-0.684595
1.936861,1.141187,-0.684157
1.937153,1.137971,-0.686641
1.944461,1.141771,-0.692049
1.936276,1.139433,-0.689418
1.932476,1.131833,-0.687226
1.938614,1.143525,-0.685618
1.942415,1.149956,-0.68518
1.939784,1.143525,-0.680649
1.937445,1.139141,-0.687811
1.934522,1.133587,-0.691318
1.940953,1.137971,-0.692634
1.940368,1.137971,-0.688103
1.933353,1.13651,-0.683718
1.943876,1.142648,-0.687664
1.931599,1.130079,-0.687957
1.929845,1.141479,-0.691318
1.935691,1.142941,-0.691464
1.935399,1.143233,-0.684157
1.941245,1.142648,-0.685034
1.937737,1.139725,-0.692488
1.941245,1.145864,-0.689857
1.941245,1.143818,-0.682257
1.936568,1.149664,-0.690441
1.937737,1.151125,-0.684303
1.931014,1.146156,-0.68898
1.931599,1.143818,-0.689711
1.940368,1.144695,-0.692488
1.933353,1.137679,-0.683572
1.929845,1.148202,-0.684157
1.942707,1.143525,-0.69088
1.940076,1.148787,-0.687518
1.944753,1.145864,-0.688395
1.930137,1.146156,-0.689126
1.940953,1.145864,-0.681964
1.938907,1.145279,-0.680064
1.933645,1.150248,-0.682987
1.93423,1.140895,-0.685472
1.939199,1.14791,-0.691026
1.933937,1.140895,-0.69468
1.942707,1.144402,-0.702718
1.936861,1.14031,-0.693511
1.933061,1.146156,-0.68021
1.936276,1.148495,-0.689126
1.934814,1.148202,-0.685472
1.942122,1.147618,-0.692488
1.93043,1.146448,-0.684741
1.93043,1.148495,-0.693511
1.926922,1.143525,-0.683134
1.941538,1.149079,-0.689418
1.930137,1.155218,-0.68518
1.932476,1.144402,-0.683134
1.933061,1.145864,-0.682257
1.926045,1.146741,-0.679041
1.935984,1.146741,-0.684011
1.933937,1.144695,-0.677141
1.933937,1.147618,-0.693949
1.934522,1.145864,-0.693218
1.933645,1.145279,-0.694826
1.932768,1.138848,-0.69278
1.935984,1.142941,-0.692926
1.935691,1.149664,-0.695411
1.936568,1.147033,-0.694534
1.930137,1.143525,-0.680064
1.93043,1.147325,-0.680941
1.931014,1.147325,-0.685326
1.928676,1.139433,-0.691172
1.926922,1.147618,-0.694388
1.930137,1.143233,-0.691464
1.937737,1.146156,-0.686495
1.931891,1.146448,-0.688395
1.932184,1.14411,-0.686203
1.943876,1.152879,-0.688395
1.923414,1.147033,-0.689126
1.936568,1.144402,-0.68898
1.931599,1.147325,-0.682987
1.927507,1.148787,-0.695557
1.931891,1.146741,-0.684449
1.928676,1.150833,-0.692634
1.92926,1.149956,-0.692341
1.935399,1.151418,-0.692049
1.927214,1.149372,-0.689126
1.934522,1.147033,-0.688395
1.931014,1.144695,-0.69468
1.930722,1.147033,-0.679334
1.926922,1.145864,-0.682403
1.936276,1.146448,-0.686641
1.933937,1.144402,-0.681526
1.935691,1.151418,-0.693072
1.938907,1.142941,-0.685472
1.936276,1.155218,-0.687518
1.937445,1.145279,-0.693657
1.933645,1.153172,-0.686057
1.929845,1.151418,-0.693803
1.93043,1.143818,-0.685911
1.926337,1.150248,-0.685911
1.93043,1.144695,-0.687372
1.936276,1.150248,-0.687372
1.932184,1.145279,-0.693365
1.935984,1.155802,-0.684449
1.926922,1.14411,-0.692488
1.935984,1.151125,-0.706372
1.936568,1.147618,-0.687372
1.936861,1.149664,-0.700965
1.933645,1.145571,-0.687664
1.930722,1.148495,-0.697895
1.936568,1.148495,-0.695995
1.931599,1.150833,-0.691172
1.940368,1.149079,-0.692488
1.93423,1.150833,-0.698626
1.935691,1.151125,-0.685326
1.938322,1.15171,-0.691903
1.936276,1.154633,-0.691903
1.939199,1.151125,-0.690441
1.940076,1.14791,-0.693803
1.93803,1.145571,-0.692926
1.937737,1.149956,-0.688541
1.936568,1.153172,-0.687226
1.933645,1.152879,-0.690588
1.929553,1.14791,-0.697165
1.929845,1.148495,-0.688834
1.937445,1.152879,-0.684011
1.931891,1.149956,-0.698188
1.936861,1.146448,-0.687226
1.930137,1.149956,-0.693949
1.932476,1.149372,-0.694388
1.929553,1.148202,-0.691903
1.932768,1.14411,-0.691611
1.931599,1.147033,-0.688249
1.936861,1.14411,-0.689857
1.933937,1.150248,-0.691903
1.921076,1.14411,-0.687811
1.923707,1.144987,-0.692488
1.927214,1.144695,-0.69658
1.925753,1.154633,-0.698041
1.931014,1.149664,-0.684303
1.934522,1.149664,-0.692341
1.924291,1.145571,-0.702426
1.92283,1.152002,-0.701257
1.933061,1.14791,-0.69658
1.923999,1.152587,-0.688834
1.92926,1.153172,-0.702134
1.931599,1.149956,-0.697895
1.92546,1.154633,-0.701111
1.927507,1.148202,-0.696872
1.923707,1.154049,-0.703888
1.934814,1.153172,-0.697311
1.923999,1.158433,-0.691026
1.923999,1.156972,-0.692488
1.931014,1.156095,-0.70418
1.926922,1.154925,-0.697311
1.928676,1.150248,-0.695411
1.920783,1.153464,-0.699357
1.929845,1.15551,-0.70038
1.925168,1.158141,-0.696726
1.928091,1.154633,-0.690734
1.923414,1.150833,-0.696288
1.929553,1.154341,-0.699649
1.926337,1.154633,-0.706665
1.928676,1.149956,-0.695557
1.933353,1.150833,-0.688103
1.915522,1.150833,-0.688541
1.926337,1.152879,-0.703449
1.930137,1.15171,-0.705495
1.931599,1.150248,-0.700818
1.925168,1.151125,-0.705495
1.924583,1.152002,-0.703595
1.921076,1.152587,-0.700088
1.920199,1.152002,-0.691903
1.924583,1.151418,-0.69088
1.923999,1.153464,-0.696288
1.919906,1.156095,-0.696141
1.92283,1.14791,-0.697018
1.925753,1.149372,-0.691611
1.92663,1.151125,-0.707542
1.928968,1.152002,-0.701695
1.935107,1.149956,-0.694388
1.927214,1.154633,-0.700818
1.92166,1.153756,-0.707542
1.929845,1.153756,-0.710611
1.931599,1.15171,-0.702572
1.927214,1.149079,-0.703157
1.929553,1.153756,-0.690588
1.92926,1.155218,-0.689857
1.928676,1.153756,-0.697018
1.929845,1.153172,-0.691757
1.923707,1.150248,-0.690441
1.922537,1.149956,-0.703303
1.93043,1.152002,-0.702718
1.928676,1.157556,-0.700818
1.928091,1.153464,-0.694388
1.92926,1.162818,-0.702426
1.927507,1.149372,-0.697749
1.933937,1.158726,-0.691318
1.928676,1.152587,-0.697165
1.931307,1.15171,-0.703449
1.929845,1.157264,-0.687226
1.921368,1.154633,-0.692341
1.916399,1.160187,-0.688249
1.923999,1.147033,-0.682257
1.928091,1.154341,-0.700234
1.922537,1.154925,-0.696726
1.92663,1.154049,-0.689857
1.923414,1.144402,-0.689564
1.925168,1.148495,-0.686787
1.919906,1.152295,-0.687957
1.924291,1.147033,-0.700234
1.924583,1.149956,-0.692634
1.923122,1.150833,-0.682987
1.920199,1.153756,-0.691611
1.916106,1.157556,-0.689272
1.924291,1.158433,-0.696872
1.923414,1.154049,-0.698918
1.924876,1.147618,-0.696288
1.921368,1.147325,-0.70608
1.925168,1.148787,-0.689711
1.923707,1.150833,-0.702426
1.92166,1.147033,-0.691172
1.925753,1.156679,-0.690149
1.924291,1.152295,-0.704472
1.927214,1.146156,-0.701988
1.926337,1.155802,-0.694972
1.926922,1.157264,-0.697603
1.928383,1.156387,-0.701403
1.921076,1.146741,-0.700965
1.919906,1.153464,-0.695849
1.923707,1.153172,-0.704911
1.926922,1.154925,-0.69088
1.919029,1.147325,-0.695557
1.920491,1.149372,-0.698041
1.923122,1.146741,-0.683864
1.92166,1.153172,-0.697018
1.922537,1.148787,-0.699942
1.928676,1.153756,-0.694241
1.922537,1.150833,-0.694972
1.93043,1.150248,-0.70228
1.916983,1.146741,-0.701842
1.925753,1.143525,-0.693949
1.923122,1.150248,-0.698188
1.929845,1.148787,-0.691026
1.928091,1.146156,-0.699357
1.923414,1.147618,-0.693365
1.927214,1.141771,-0.693072
1.913768,1.145864,-0.70228
1.921076,1.143233,-0.690734
1.923414,1.151125,-0.689272
1.926922,1.14791,-0.697018
1.921076,1.152879,-0.698334
1.920783,1.152295,-0.698188
1.923414,1.152002,-0.696726
1.924583,1.147618,-0.683426
1.92546,1.15171,-0.706665
1.921076,1.149664,-0.696726
1.933645,1.148787,-0.70228
1.929845,1.15171,-0.692195
1.928676,1.149956,-0.692488
1.922537,1.149372,-0.695703
1.927507,1.156679,-0.702718
1.925168,1.154049,-0.693365
1.926337,1.157556,-0.691611
1.922537,1.151125,-0.69088
1.918153,1.152587,-0.700234
1.926045,1.154049,-0.697603
1.923999,1.163695,-0.691757
1.92926,1.154633,-0.698188
1.923999,1.157849,-0.70038
1.920199,1.154049,-0.698188
1.92283,1.157556,-0.706665
1.916691,1.160187,-0.696434
1.924876,1.154925,-0.700088
1.925168,1.154633,-0.703742
1.923999,1.149372,-0.697018
1.920783,1.164279,-0.70798
1.927214,1.152879,-0.708272
1.929845,1.161356,-0.707395
1.926922,1.16311,-0.714703
1.922537,1.16311,-0.703303
1.923707,1.158433,-0.700526
1.918153,1.155218,-0.705788
1.925168,1.155218,-0.713388
1.926337,1.162233,-0.699649
1.92166,1.155802,-0.694095
1.923414,1.156679,-0.697018
1.925753,1.156095,-0.715288
1.925168,1.162526,-0.709734
1.923414,1.153464,-0.691464
1.924876,1.158433,-0.708272
1.923999,1.156095,-0.706372
1.918737,1.159602,-0.697018
1.92166,1.163987,-0.717919
1.928091,1.154049,-0.709003
1.917568,1.16311,-0.710757
1.923414,1.158141,-0.71558
1.92546,1.165156,-0.703595
1.92283,1.154925,-0.704472
1.923707,1.154925,-0.705349
1.92926,1.159895,-0.693949
1.925753,1.161649,-0.699942
1.927799,1.161649,-0.702426
1.924583,1.153172,-0.693803
1.926045,1.153172,-0.710757
1.923414,1.157556,-0.707688
1.922537,1.15931,-0.709588
1.923999,1.196141,-0.704326
1.921076,1.158141,-0.700088
1.923707,1.162818,-0.706519
1.923414,1.16311,-0.710319
1.92166,1.156679,-0.708857
1.924583,1.162526,-0.701695
1.918445,1.156972,-0.707249
1.93043,1.166618,-0.702134
1.924876,1.163987,-0.707834
1.92166,1.162233,-0.703011
1.924291,1.157556,-0.699357
1.924291,1.161064,-0.703742
1.922537,1.156679,-0.703742
1.924583,1.160772,-0.711342
1.919029,1.155218,-0.69848
1.915814,1.143818,-0.711196
1.91786,1.156972,-0.702718
1.926337,1.161356,-0.70228
1.919614,1.155802,-0.705057
1.924583,1.149372,-0.701257
1.919029,1.159018,-0.705057
1.922245,1.155218,-0.700818
1.914645,1.159602,-0.702572
1.918737,1.159895,-0.710172
1.920491,1.161356,-0.702426
1.920491,1.163987,-0.703157
1.916106,1.155218,-0.690588
1.914645,1.154633,-0.706372
1.924876,1.162233,-0.701403
1.915522,1.159602,-0.696141
1.923414,1.165156,-0.70798
1.916983,1.161064,-0.709588
1.917568,1.159018,-0.699503
1.922537,1.16311,-0.709296
1.913476,1.16691,-0.705788
1.916399,1.160479,-0.701403
1.914353,1.154925,-0.696434
1.916106,1.153464,-0.707688
1.910845,1.157556,-0.706226
1.922537,1.157849,-0.709149
1.920491,1.156387,-0.702572
1.914937,1.196434,-0.706372
1.914937,1.195557,-0.701403
1.920199,1.157556,-0.711342
1.909091,1.157264,-0.699942
1.919906,1.159602,-0.704472
1.919614,1.155802,-0.703742
1.921953,1.160187,-0.710172
1.921368,1.161941,-0.71748
1.918153,1.151418,-0.710319
1.916691,1.157264,-0.703157
1.91786,1.164279,-0.704911
1.916983,1.161064,-0.713388
1.920199,1.151125,-0.705642
1.919906,1.165156,-0.709588
1.917276,1.158726,-0.719819
1.92663,1.161356,-0.709003
1.919614,1.156095,-0.708419
1.923122,1.160479,-0.704619
1.928968,1.156095,-0.710319
1.92166,1.152002,-0.712803
1.91786,1.162526,-0.711488
1.923122,1.161649,-0.716749
1.915814,1.155802,-0.722157
1.92546,1.156095,-0.710319
1.928968,1.156679,-0.710611
1.925753,1.156679,-0.715726
1.931014,1.160187,-0.716165
1.929553,1.168079,-0.715434
1.926922,1.154633,-0.708419
1.918445,1.153172,-0.702572
1.922537,1.156387,-0.696726
1.923999,1.157264,-0.705934
1.919029,1.161064,-0.709588
1.925753,1.162233,-0.701403
1.919029,1.159602,-0.696288
1.922245,1.161649,-0.705495
1.919322,1.156972,-0.704911
1.916691,1.154341,-0.700526
1.920199,1.157264,-0.706372
1.91786,1.161064,-0.71368
1.924291,1.161649,-0.715726
1.919322,1.157264,-0.711196
1.920199,1.156387,-0.704472
1.924583,1.157556,-0.718942
1.916983,1.156095,-0.709734
1.923999,1.155802,-0.717042
1.916691,1.160187,-0.699649
1.916983,1.159602,-0.70608
1.918445,1.156095,-0.706519
1.917568,1.15931,-0.719526
1.919906,1.152879,-0.70798
1.919322,1.160479,-0.710026
1.915229,1.164572,-0.72055
1.92283,1.165156,-0.711488
1.919029,1.168956,-0.711196
1.910553,1.161356,-0.711634
1.914353,1.161941,-0.713534
1.912014,1.169833,-0.717188
1.918737,1.163403,-0.710319
1.91786,1.163695,-0.718211
1.919029,1.169249,-0.72245
1.923122,1.163403,-0.712803
1.922245,1.163695,-0.719088
1.919029,1.175095,-0.72435
1.922245,1.158141,-0.720842
1.912306,1.170126,-0.721865
1.912891,1.163403,-0.705349
1.918153,1.166326,-0.720111
1.916106,1.164864,-0.722888
1.92166,1.161649,-0.719088
1.918153,1.169833,-0.731511
1.911429,1.169833,-0.726834
1.912306,1.164864,-0.713242
1.91786,1.170126,-0.715873
1.918737,1.169249,-0.717334
1.918153,1.167787,-0.713973
1.918153,1.167203,-0.716896
1.908799,1.171003,-0.719234
1.916691,1.173633,-0.712803
1.910553,1.173926,-0.715434
1.916399,1.168664,-0.721573
1.921953,1.17831,-0.715726
1.917568,1.172464,-0.704911
1.914645,1.17071,-0.715726
1.91406,1.165741,-0.720403
1.913476,1.16691,-0.720988
1.918445,1.172172,-0.718796
1.917276,1.173341,-0.709003
1.911722,1.17188,-0.708419
1.915814,1.175972,-0.709734
1.912306,1.173049,-0.720696
1.914645,1.170126,-0.714557
1.912306,1.168079,-0.714411
1.913183,1.170418,-0.711049
1.915814,1.168664,-0.707688
1.914645,1.168956,-0.713973
1.915522,1.163403,-0.709734
1.913183,1.165449,-0.714119
1.907045,1.173926,-0.711342
1.909091,1.168956,-0.718211
1.909675,1.168372,-0.719819
1.916399,1.170126,-0.718796
1.914937,1.16311,-0.712365
1.916399,1.167495,-0.714703
1.918153,1.17451,-0.716749
1.907629,1.168079,-0.70608
1.913476,1.17071,-0.710465
1.906168,1.17071,-0.711049
1.913476,1.169833,-0.716311
1.907922,1.170418,-0.716749
1.916106,1.167203,-0.716603
1.912599,1.164279,-0.712511
1.910845,1.173633,-0.71368
1.911137,1.16691,-0.71865
1.916983,1.161064,-0.714411
1.914937,1.168372,-0.712072
1.910845,1.17071,-0.724934
1.917568,1.167787,-0.709442
1.920199,1.168079,-0.713096
1.922245,1.173341,-0.709149
1.919322,1.172757,-0.717042
1.922245,1.171003,-0.712949
1.918153,1.172757,-0.708857
1.920199,1.169249,-0.712365
1.914645,1.169249,-0.70608
1.917276,1.166033,-0.710465
1.920199,1.170126,-0.71368
1.92283,1.164572,-0.712803
1.918737,1.163695,-0.711926
1.916399,1.163695,-0.710465
1.919906,1.16311,-0.714703
1.916399,1.172757,-0.718211
1.918445,1.172464,-0.71178
1.909675,1.171003,-0.719526
1.911429,1.173926,-0.712949
1.914937,1.171003,-0.721719
1.920491,1.167787,-0.71368
1.912891,1.168079,-0.709296
1.911429,1.16311,-0.716457
1.916983,1.165449,-0.716749
1.91026,1.165449,-0.712219
1.911137,1.16311,-0.718942
1.913768,1.172464,-0.719673
1.912599,1.161356,-0.701842
1.915229,1.169541,-0.717334
1.916983,1.16691,-0.707834
1.925168,1.168956,-0.710757
1.913768,1.173926,-0.713534
1.918445,1.168664,-0.719526
1.922537,1.170126,-0.719526
1.915522,1.166618,-0.724057
1.913768,1.165741,-0.718357
1.920199,1.169249,-0.713242
1.926337,1.166618,-0.712219
1.92166,1.169249,-0.70798
1.923999,1.166326,-0.715434
1.913476,1.16691,-0.72625
1.915229,1.164572,-0.717334
1.911429,1.164279,-0.718065
1.920783,1.166033,-0.72625
1.915814,1.163403,-0.715434
1.918153,1.163695,-0.713973
1.91786,1.165156,-0.717919
1.91786,1.164864,-0.708272
1.92283,1.161356,-0.713973
1.919029,1.162818,-0.710319
1.914937,1.16311,-0.712511
1.919029,1.167495,-0.708272
1.916983,1.171587,-0.716749
1.916399,1.167495,-0.706519
1.91406,1.165156,-0.706372
1.920199,1.171587,-0.700672
1.91406,1.161356,-0.710465
1.916399,1.165741,-0.711488
1.919614,1.166326,-0.714849
1.91786,1.174218,-0.713096
1.914937,1.172172,-0.70988
1.916691,1.168372,-0.714996
1.925168,1.169833,-0.717919
1.913183,1.167495,-0.717626
1.917276,1.170126,-0.707688
1.919906,1.168079,-0.717773
1.913183,1.171003,-0.725811
1.90646,1.17451,-0.715726
1.915522,1.167787,-0.718503
1.909091,1.173341,-0.712072
1.908506,1.176557,-0.717626
1.914645,1.16691,-0.714557
1.908506,1.173049,-0.714849
1.918153,1.176264,-0.712949
1.913768,1.17568,-0.713242
1.910553,1.17451,-0.711634
1.912306,1.172464,-0.718503
1.911722,1.179187,-0.720257
1.910845,1.179187,-0.717188
1.916399,1.176264,-0.729027
1.908506,1.179187,-0.720111
1.906168,1.17568,-0.715142
1.90646,1.173049,-0.718942
1.914645,1.169833,-0.724496
1.912014,1.18328,-0.733119
1.908506,1.168956,-0.716896
1.91406,1.17948,-0.725227
1.917276,1.172757,-0.717773
1.916983,1.175387,-0.716311
1.916106,1.186787,-0.720257
1.911429,1.176557,-0.733704
1.905291,1.180649,-0.727711
1.908506,1.168372,-0.722596
1.917276,1.177726,-0.737065
1.91786,1.173926,-0.727565
1.917568,1.180649,-0.722157
1.911429,1.172172,-0.719234
1.910553,1.176264,-0.72318
1.913183,1.174803,-0.724203
1.915229,1.174218,-0.722596
1.91026,1.179772,-0.725665
1.92166,1.17188,-0.725227
1.914937,1.169541,-0.721134
1.910845,1.17451,-0.722011
1.910845,1.17948,-0.715434
1.914645,1.172172,-0.726688
1.919322,1.174218,-0.713096
1.912306,1.173633,-0.733557
1.909091,1.182695,-0.730927
1.908214,1.174803,-0.721134
1.903537,1.171003,-0.727565
1.903829,1.176264,-0.727711
1.907629,1.174218,-0.720257
1.908214,1.182403,-0.72245
1.91786,1.181526,-0.720257
1.916983,1.183864,-0.731511
1.908799,1.174218,-0.720696
1.915814,1.173341,-0.724496
1.907922,1.178018,-0.717919
1.915229,1.175095,-0.720842
1.912891,1.173049,-0.719819
1.904999,1.175972,-0.733557
1.911137,1.177726,-0.718357
1.908799,1.182695,-0.724934
1.910553,1.178895,-0.726396
1.907629,1.178603,-0.732827
1.910845,1.175095,-0.72245
1.906168,1.173341,-0.722742
1.909675,1.186203,-0.715873
1.909383,1.180357,-0.72625
1.909675,1.181818,-0.734873
1.905875,1.17188,-0.716311
1.908799,1.172757,-0.729319
1.910553,1.169833,-0.716603
1.915814,1.175972,-0.726103
1.918737,1.179187,-0.720403
1.919906,1.177433,-0.719819
1.912306,1.177726,-0.72055
1.915814,1.172172,-0.720403
1.909383,1.171003,-0.726396
1.911722,1.172464,-0.72625
1.913183,1.172757,-0.72435
1.912306,1.179187,-0.725227
1.918153,1.17568,-0.722888
1.914645,1.181526,-0.725227
1.917276,1.176557,-0.713973
1.907337,1.18328,-0.726688
1.91406,1.171003,-0.71748
1.915229,1.17568,-0.715726
1.911429,1.175387,-0.713534
1.91406,1.171003,-0.728442
1.916983,1.173049,-0.718503
1.909383,1.172464,-0.726688
1.913476,1.17568,-0.727711
1.907922,1.174218,-0.71865
1.912306,1.173049,-0.728296
1.90646,1.172172,-0.721719
1.912306,1.184741,-0.716603
1.905875,1.171587,-0.727127
1.914937,1.177433,-0.718942
1.903537,1.178603,-0.722742
1.909091,1.17071,-0.723619
1.912014,1.174803,-0.72508
1.907922,1.170126,-0.717626
1.90646,1.182111,-0.714849
1.911137,1.175387,-0.724934
1.910553,1.174803,-0.72318
1.912306,1.170126,-0.718942
1.908214,1.174218,-0.712072
1.914937,1.178018,-0.722742
1.908214,1.172172,-0.713973
1.91026,1.17568,-0.726834
1.909383,1.178018,-0.727857
1.904414,1.180064,-0.72128
1.911722,1.176849,-0.723619
1.912014,1.17568,-0.72698
1.907337,1.182111,-0.720111
1.906752,1.176849,-0.720842
1.904414,1.18328,-0.722011
1.912306,1.177433,-0.728734
1.911722,1.17451,-0.72815
1.910553,1.184741,-0.722303
1.908214,1.169541,-0.719088
1.908506,1.173926,-0.712657
1.906752,1.17451,-0.712803
1.906168,1.172172,-0.712657
1.905583,1.174803,-0.719234
1.912891,1.175387,-0.718211
1.911137,1.180649,-0.727565
1.910553,1.177433,-0.728588
1.906752,1.17451,-0.710757
1.912306,1.168372,-0.712511
1.912891,1.181234,-0.72888
1.915229,1.171587,-0.726103
1.912599,1.171295,-0.717919
1.906168,1.180064,-0.721134
1.91026,1.180357,-0.728588
1.913768,1.175387,-0.716457
1.91406,1.174218,-0.720257
1.907045,1.178603,-0.73195
1.911722,1.177433,-0.723327
1.912891,1.184741,-0.726688
1.907922,1.177433,-0.723327
1.901199,1.177433,-0.71558
1.907922,1.185034,-0.714557
1.908506,1.178603,-0.720988
1.914937,1.181234,-0.72435
1.900614,1.180649,-0.716603
1.906168,1.179187,-0.715726
1.905875,1.180357,-0.716019
1.900029,1.186787,-0.722742
1.91026,1.186203,-0.72625
1.905875,1.183864,-0.722303
1.905875,1.182403,-0.716457
1.899152,1.182695,-0.723327
1.901491,1.182987,-0.723619
1.907629,1.185326,-0.731657
1.904999,1.177726,-0.723473
1.901783,1.182695,-0.725665
1.900906,1.179187,-0.733265
1.900906,1.184449,-0.719234
1.905291,1.184449,-0.71865
1.901783,1.190295,-0.732827
1.904414,1.182111,-0.715142
1.90646,1.187957,-0.725373
1.898275,1.180064,-0.726542
1.907922,1.186787,-0.730488
1.903829,1.175972,-0.728442
1.903537,1.181234,-0.719526
1.908214,1.17831,-0.716457
1.905291,1.176557,-0.727419
1.899152,1.189126,-0.731804
1.900029,1.180064,-0.732534
1.904999,1.187957,-0.736481
1.898275,1.187664,-0.727565
1.905583,1.19088,-0.720842
1.903537,1.178603,-0.727419
1.909091,1.180649,-0.729904
1.90646,1.188249,-0.71748
1.907045,1.182695,-0.723034
1.900029,1.186203,-0.718211
1.900322,1.173926,-0.716457
1.87109,1.17831,-0.726834
1.906168,1.182403,-0.72435
1.899445,1.178603,-0.73575
1.907922,1.185911,-0.731073
1.897691,1.185911,-0.717334
1.912891,1.181526,-0.725373
1.908799,1.182695,-0.722157
1.899737,1.181526,-0.739988
1.901199,1.187372,-0.727857
1.897983,1.183864,-0.733996
1.905583,1.178018,-0.727711
1.908799,1.180649,-0.733119
1.909383,1.186787,-0.721426
1.909383,1.176557,-0.73268
1.906168,1.177433,-0.726688
1.89886,1.17948,-0.736042
1.899152,1.180649,-0.731073
1.90266,1.173926,-0.724496
1.90266,1.180941,-0.717188
1.901783,1.179772,-0.713973
1.903245,1.18328,-0.730342
1.899445,1.180941,-0.725519
1.902368,1.18328,-0.73195
1.901491,1.180357,-0.734727
1.899737,1.183572,-0.729173
1.897691,1.177726,-0.72888
1.907045,1.177726,-0.729904
1.902075,1.192049,-0.716457
1.907629,1.17948,-0.72128
1.904414,1.176849,-0.730196
1.904122,1.181526,-0.72698
1.903537,1.182695,-0.72815
1.901783,1.18328,-0.734873
1.908214,1.194095,-0.731219
1.90646,1.182987,-0.716603
1.903245,1.180941,-0.723473
1.901199,1.185618,-0.728004
1.903829,1.184449,-0.716749
1.901199,1.182987,-0.719234
1.902075,1.181234,-0.72888
1.907337,1.17948,-0.735165
1.911429,1.181234,-0.723034
1.904706,1.184157,-0.733704
1.902368,1.179187,-0.724057
1.902075,1.180357,-0.722596
1.90266,1.178895,-0.724203
1.902368,1.180064,-0.718942
1.918445,1.180649,-0.720257
1.914353,1.178895,-0.729319
1.910845,1.173926,-0.736042
1.905583,1.181234,-0.725665
1.901491,1.17568,-0.722742
1.909091,1.180357,-0.730634
1.873721,1.177726,-0.724496
1.903829,1.17188,-0.725519
1.911722,1.188249,-0.721573
1.901491,1.17948,-0.723765
1.902952,1.181234,-0.717626
1.907337,1.18328,-0.721426
1.901199,1.182111,-0.729465
1.912014,1.180064,-0.723473
1.907337,1.182695,-0.725665
1.91026,1.17568,-0.721719
1.911722,1.185034,-0.725957
1.908799,1.179772,-0.724057
1.901783,1.176557,-0.734142
1.906168,1.182695,-0.723034
1.902368,1.184449,-0.71558
1.900614,1.18708,-0.725373
1.904706,1.18708,-0.71748
1.904706,1.180649,-0.724057
1.907337,1.182403,-0.71558
1.904706,1.180941,-0.741742
1.906168,1.187957,-0.726103
1.910845,1.184157,-0.736773
1.906752,1.185618,-0.723619
1.90646,1.177141,-0.71178
1.907629,1.182403,-0.728004
1.911429,1.184449,-0.722742
1.908799,1.188834,-0.722303
1.903245,1.184741,-0.714557
1.91406,1.178895,-0.723911
1.905583,1.18328,-0.722011
1.908506,1.180941,-0.729173
1.899445,1.180941,-0.73268
1.908799,1.183572,-0.723034
1.902952,1.186203,-0.740134
1.902075,1.191465,-0.725811
1.90266,1.187957,-0.717334
1.907045,1.186787,-0.74525
1.90646,1.191757,-0.728296
1.908214,1.190295,-0.739696
1.907045,1.190588,-0.730342
1.898275,1.189418,-0.730927
1.902952,1.184741,-0.734873
1.895352,1.191172,-0.734434
1.897106,1.186787,-0.735457
1.906168,1.180941,-0.737065
1.900906,1.194972,-0.738527
1.901491,1.189711,-0.728004
1.907045,1.192049,-0.725811
1.903245,1.192634,-0.744665
1.90266,1.186203,-0.733704
1.909091,1.194388,-0.728442
1.901199,1.187664,-0.741011
1.90266,1.186787,-0.738088
1.905291,1.182987,-0.724788
1.901783,1.186787,-0.746273
1.900614,1.19468,-0.736188
1.903829,1.193511,-0.726103
1.901199,1.200234,-0.73268
1.909383,1.189711,-0.732388
1.90266,1.189126,-0.733119
1.907045,1.191465,-0.740719
1.904706,1.198188,-0.735165
1.899152,1.191172,-0.733557
1.89886,1.180064,-0.737504
1.903537,1.191172,-0.731804
1.902368,1.194972,-0.734142
1.901199,1.199649,-0.744958
1.906168,1.196434,-0.739404
1.897983,1.196141,-0.748173
1.900906,1.200234,-0.744958
1.903245,1.190003,-0.736188
1.903537,1.189126,-0.745542
1.903829,1.187372,-0.746127
1.902368,1.193803,-0.741742
1.900029,1.190295,-0.742765
1.90266,1.194972,-0.741011
1.899445,1.195557,-0.733265
1.896521,1.192634,-0.73078
1.904122,1.200234,-0.743642
1.901783,1.189711,-0.743935
1.900029,1.197018,-0.727711
1.904122,1.190295,-0.730927
1.909968,1.193511,-0.735457
1.901783,1.194388,-0.733557
1.900322,1.187957,-0.735019
1.901783,1.187957,-0.740281
1.899152,1.190588,-0.74335
1.902952,1.194388,-0.733996
1.899737,1.195849,-0.730634
1.900322,1.204911,-0.748027
1.898275,1.19468,-0.738527
1.902075,1.201111,-0.732973
1.906168,1.201988,-0.724203
1.902952,1.195849,-0.727127
1.905291,1.194388,-0.729173
1.904414,1.198188,-0.737211
1.904414,1.200526,-0.74525
1.901491,1.199065,-0.74715
1.893598,1.189711,-0.744811
1.902952,1.192634,-0.732973
1.89506,1.188541,-0.740427
1.897983,1.198772,-0.735165
1.893891,1.203157,-0.736042
1.897398,1.20608,-0.731219
1.896814,1.200526,-0.729757
1.900614,1.192634,-0.734581
1.896814,1.193218,-0.735019
1.901783,1.198188,-0.738965
1.900029,1.192926,-0.731657
1.904706,1.197018,-0.729757
1.902952,1.187957,-0.73195
1.903537,1.190003,-0.745104
1.896814,1.184741,-0.734142
1.897691,1.196434,-0.731073
1.902952,1.191757,-0.73955
1.940953,1.192634,-0.735165
1.893014,1.192926,-0.742034
1.900906,1.193218,-0.738381
1.901491,1.19088,-0.736773
1.895352,1.197311,-0.734434
1.901491,1.191465,-0.731657
1.899152,1.192341,-0.744373
1.901783,1.187664,-0.734581
1.894768,1.199357,-0.744227
1.898568,1.190003,-0.735165
1.901199,1.196434,-0.731657
1.902075,1.195265,-0.738088
1.901199,1.201403,-0.738234
1.899737,1.200234,-0.730634
1.896521,1.191757,-0.736919
1.899445,1.190003,-0.750804
1.904122,1.195557,-0.744227
1.899737,1.196726,-0.742327
1.899445,1.199357,-0.736188
1.906168,1.195849,-0.742034
1.905291,1.199649,-0.735165
1.900614,1.201403,-0.734873
1.904414,1.197603,-0.743058
1.905875,1.194095,-0.72888
1.906168,1.195849,-0.731219
1.897691,1.199065,-0.728442
1.908214,1.204911,-0.733704
1.897106,1.192634,-0.730342
1.903537,1.190003,-0.733119
1.905583,1.196141,-0.73195
1.904414,1.196434,-0.729611
1.896814,1.203449,-0.738965
1.900614,1.19468,-0.731219
1.900614,1.20228,-0.736334
1.900906,1.189418,-0.72815
1.897983,1.191757,-0.731365
1.897691,1.187664,-0.736627
1.903829,1.203157,-0.737796
1.904706,1.197311,-0.732973
1.905291,1.192049,-0.731073
1.90646,1.197018,-0.734581
1.896814,1.200818,-0.737504
1.903537,1.200526,-0.740573
1.900322,1.194972,-0.732388
1.902368,1.198772,-0.72888
1.902075,1.197311,-0.724203
1.899445,1.193218,-0.72888
1.901491,1.199649,-0.716896
1.899445,1.192926,-0.731657
1.896229,1.201111,-0.73765
1.899737,1.202572,-0.731657
1.903245,1.201403,-0.736627
1.900906,1.201695,-0.73195
1.903537,1.204326,-0.738088
1.895352,1.204034,-0.738965
1.897983,1.204034,-0.743204
1.896814,1.205203,-0.740281
1.897691,1.202572,-0.736773
1.899737,1.200526,-0.742327
1.893891,1.198188,-0.742911
1.894475,1.199065,-0.741596
1.897983,1.202572,-0.743204
1.897106,1.192049,-0.738381
1.893306,1.191465,-0.739988
1.892429,1.204326,-0.739988
1.897691,1.203449,-0.742034
1.892429,1.204326,-0.746273
1.889798,1.199942,-0.743935
1.897106,1.20988,-0.735311
1.895937,1.206372,-0.734727
1.903245,1.208419,-0.748904
1.895352,1.200234,-0.742619
1.902075,1.199649,-0.73955
1.89886,1.204326,-0.732827
1.88746,1.197311,-0.739404
1.891845,1.195557,-0.744081
1.895352,1.204911,-0.744665
1.896814,1.204619,-0.745104
1.893598,1.203157,-0.740573
1.900614,1.203449,-0.738673
1.900029,1.208711,-0.736919
1.89506,1.207542,-0.728588
1.897398,1.197895,-0.74145
1.893598,1.204034,-0.748904
1.888337,1.206665,-0.750658
1.896814,1.210172,-0.742473
1.896814,1.209003,-0.747881
1.893598,1.204911,-0.744373
1.893306,1.195849,-0.754312
1.898568,1.204619,-0.749781
1.894475,1.201988,-0.748612
1.889214,1.206665,-0.746419
1.895937,1.200234,-0.763081
1.903245,1.203449,-0.737942
1.892137,1.208711,-0.764104
1.896521,1.201403,-0.746711
1.893891,1.20228,-0.749635
1.896521,1.207249,-0.752119
1.893306,1.206665,-0.741596
1.883367,1.204326,-0.746419
1.888337,1.207249,-0.744958
1.892429,1.206372,-0.754165
1.892429,1.208126,-0.74145
1.889506,1.207249,-0.751973
1.892721,1.203742,-0.748758
1.892721,1.207834,-0.748173
1.888921,1.207542,-0.747588
1.90266,1.203449,-0.780327
1.898275,1.205495,-0.748319
1.894768,1.203157,-0.745688
1.897106,1.20608,-0.739111
1.902075,1.203157,-0.737357
1.89126,1.202572,-0.74525
1.900906,1.207834,-0.751535
1.897398,1.210465,-0.747442
1.890675,1.206665,-0.740573
1.888629,1.206372,-0.748173
1.893014,1.208419,-0.744665
1.894183,1.203742,-0.750219
1.895645,1.208711,-0.750804
1.900614,1.200818,-0.748173
1.89506,1.201111,-0.747442
1.89886,1.204911,-0.744081
1.901199,1.203449,-0.750512
1.890091,1.199357,-0.749196
1.897983,1.201111,-0.741596
1.888921,1.209296,-0.753289
1.893598,1.198188,-0.743496
1.893014,1.198772,-0.756942
1.897398,1.210172,-0.744373
1.895352,1.205203,-0.740573
1.897691,1.207542,-0.729173
1.891845,1.196141,-0.739842
1.895352,1.205788,-0.742765
1.903245,1.200234,-0.74335
1.895937,1.196726,-0.744519
1.894768,1.201111,-0.746711
1.889506,1.201111,-0.748612
1.893598,1.201988,-0.747588
1.890675,1.199649,-0.739988
1.888044,1.199065,-0.746858
1.892721,1.202572,-0.74525
1.892721,1.203742,-0.74905
1.886875,1.200234,-0.748465
1.89886,1.204619,-0.745396
1.902368,1.199942,-0.740427
1.89126,1.204911,-0.737357
1.888629,1.203742,-0.723765
1.890968,1.200526,-0.73005
1.898568,1.209003,-0.725519
1.895352,1.210465,-0.73765
1.893891,1.204034,-0.751681
1.888044,1.205203,-0.74335
1.897106,1.205203,-0.745542
1.893014,1.205495,-0.742034
1.893014,1.203157,-0.739842
1.897106,1.206665,-0.731804
1.898275,1.208126,-0.734873
1.888629,1.198772,-0.745835
1.896814,1.208419,-0.740134
1.893014,1.202865,-0.716165
1.889506,1.211342,-0.747881
1.89886,1.208419,-0.711926
1.889798,1.210172,-0.734434
1.890675,1.211926,-0.740573
1.893014,1.210172,-0.743496
1.894768,1.201111,-0.738527
1.895645,1.199065,-0.739111
1.897106,1.209296,-0.744665
1.89886,1.203742,-0.740427
1.891552,1.201111,-0.734142
1.894768,1.205203,-0.743204
1.896814,1.205495,-0.745104
1.896521,1.203449,-0.740865
1.892721,1.204619,-0.739404
1.890091,1.193511,-0.737065
1.895352,1.203449,-0.738673
1.901783,1.207249,-0.738527
1.887167,1.212511,-0.744227
1.89126,1.199357,-0.745835
1.890675,1.207834,-0.740427
1.893891,1.201111,-0.743058
1.893598,1.199649,-0.751388
1.890675,1.205495,-0.741742
1.888921,1.19848,-0.750365
1.894475,1.205203,-0.743935
1.893014,1.209588,-0.736773
1.893014,1.202865,-0.740427
1.895352,1.208126,-0.740865
1.897106,1.214557,-0.740281
1.893306,1.211049,-0.74905
1.89126,1.210757,-0.74715
1.897983,1.211926,-0.751388
1.889798,1.208419,-0.748319
1.886291,1.215142,-0.746858
1.886583,1.216603,-0.747588
1.893598,1.212803,-0.745835
1.894183,1.215726,-0.745396
1.888921,1.214265,-0.745104
1.888921,1.223327,-0.739404
1.884244,1.212803,-0.750219
1.893306,1.214849,-0.743058
1.89126,1.21368,-0.746565
1.888337,1.216311,-0.748027
1.894768,1.216311,-0.740134
1.892429,1.223619,-0.743204
1.897106,1.220988,-0.736188
1.891552,1.220988,-0.748612
1.893014,1.217773,-0.734142
1.894183,1.21748,-0.748027
1.892429,1.223619,-0.746858
1.892429,1.225373,-0.745396
1.892721,1.216019,-0.755919
1.893891,1.22128,-0.73955
1.897106,1.214849,-0.754896
1.890383,1.210465,-0.751242
1.884537,1.208419,-0.743642
1.89126,1.220111,-0.749635
1.89126,1.214557,-0.741304
1.884537,1.215142,-0.751535
1.892429,1.221573,-0.753727
1.89506,1.20988,-0.751973
1.89126,1.219234,-0.737504
1.893891,1.215726,-0.741011
1.887752,1.208419,-0.754896
1.887167,1.216603,-0.750073
1.893891,1.220111,-0.746711
1.89506,1.216311,-0.74905
1.892137,1.21748,-0.761619
1.893891,1.22245,-0.753435
1.885121,1.219819,-0.756942
1.888044,1.21748,-0.758696
1.89126,1.211634,-0.759135
1.88366,1.214849,-0.755773
1.881029,1.214265,-0.757235
1.884537,1.219234,-0.744519
1.885121,1.20988,-0.748319
1.886583,1.209296,-0.747442
1.888921,1.215726,-0.755042
1.875767,1.216019,-0.74715
1.887752,1.210465,-0.745835
1.881906,1.212219,-0.746273
1.891552,1.207249,-0.75475
1.882783,1.203449,-0.758404
1.890675,1.209588,-0.744665
1.886875,1.211634,-0.752704
1.88746,1.213973,-0.747881
1.889506,1.211634,-0.758696
1.884244,1.212803,-0.750219
1.888337,1.213973,-0.737796
1.882783,1.212511,-0.74715
1.88366,1.211926,-0.750219
1.880444,1.218942,-0.762496
1.882491,1.21865,-0.755919
1.890675,1.218065,-0.757381
1.885998,1.216603,-0.754019
1.888921,1.215142,-0.744227
1.885414,1.211342,-0.75665
1.890968,1.215434,-0.756796
1.887167,1.209003,-0.751096
1.890675,1.212803,-0.751681
1.887167,1.210757,-0.751535
1.88746,1.211634,-0.753435
1.889214,1.213096,-0.759427
1.897691,1.213973,-0.746565
1.894183,1.217188,-0.752704
1.888044,1.211926,-0.744373
1.888629,1.218357,-0.740427
1.890675,1.214265,-0.741011
1.887752,1.213973,-0.74525
1.894768,1.215142,-0.745104
1.886875,1.215434,-0.742327
1.893014,1.208419,-0.75095
1.882783,1.215142,-0.740719
1.890383,1.210172,-0.741304
1.892137,1.207249,-0.752412
1.896814,1.213388,-0.748027
1.888629,1.22128,-0.745542
1.888337,1.20608,-0.746127
1.895937,1.216603,-0.742181
1.891845,1.213388,-0.751973
1.894475,1.221573,-0.750658
1.888921,1.211926,-0.748465
1.88746,1.215142,-0.747588
1.890675,1.217188,-0.747588
1.890968,1.210757,-0.746858
1.893306,1.219526,-0.745835
1.889506,1.215434,-0.746858
1.888044,1.216896,-0.749635
1.891552,1.212511,-0.742765
1.889214,1.214265,-0.747881
1.891552,1.21368,-0.742765
1.889506,1.212511,-0.743204
1.89126,1.209003,-0.751681
1.89126,1.213096,-0.759135
1.890383,1.209003,-0.761766
1.890091,1.215434,-0.758696
1.891552,1.220403,-0.75285
1.889506,1.214557,-0.752265
1.893306,1.217188,-0.761619
1.89126,1.214849,-0.755919
1.889214,1.209588,-0.748319
1.886583,1.208711,-0.751242
1.886291,1.210465,-0.74335
1.890383,1.209296,-0.752119
1.882198,1.214265,-0.753873
1.887167,1.213388,-0.752265
1.884244,1.21865,-0.747442
1.890968,1.211049,-0.745104
1.893014,1.207249,-0.74525
1.890091,1.211926,-0.750219
1.892429,1.211049,-0.744227
1.885998,1.214557,-0.745981
1.885414,1.214265,-0.749488
1.892429,1.214265,-0.755919
1.88746,1.20988,-0.757381
1.883367,1.22245,-0.740719
1.884537,1.223911,-0.74145
1.885706,1.223911,-0.747588
1.885414,1.220988,-0.753289
1.881906,1.218357,-0.746858
1.880444,1.21748,-0.761473
1.87986,1.227127,-0.743204
1.882491,1.222742,-0.759719
1.881614,1.225957,-0.746419
1.884244,1.222742,-0.74335
1.87606,1.225957,-0.756942
1.885121,1.223911,-0.754604
1.888044,1.230342,-0.746711
1.883952,1.226834,-0.762789
1.877229,1.22625,-0.754604
1.876937,1.224496,-0.759573
1.88366,1.224788,-0.757966
1.878398,1.218065,-0.757673
1.883952,1.228296,-0.75475
1.882491,1.223911,-0.75665
1.874598,1.230342,-0.756065
1.875475,1.219819,-0.759427
1.879567,1.22625,-0.754019
1.883075,1.225373,-0.745688
1.883075,1.218357,-0.76235
1.890968,1.220988,-0.756065
1.886291,1.228296,-0.747004
1.881906,1.226542,-0.752558
1.880737,1.229757,-0.759719
1.878398,1.228296,-0.753873
1.87869,1.226834,-0.758842
1.885706,1.221865,-0.744081
1.884537,1.230342,-0.753289
1.878106,1.22625,-0.758989
1.878983,1.229757,-0.758842
1.878106,1.228296,-0.752265
1.889506,1.225957,-0.752996
1.889798,1.223034,-0.757819
1.883367,1.229465,-0.750658
1.877813,1.237357,-0.749196
1.882783,1.236481,-0.767027
1.888044,1.225373,-0.755627
1.888044,1.231511,-0.761766
1.894183,1.230634,-0.758842
1.884829,1.22508,-0.762643
1.888921,1.22625,-0.762204
1.881906,1.223327,-0.757235
1.878398,1.227711,-0.760158
1.88366,1.229173,-0.756358
1.889506,1.230342,-0.762204
1.880737,1.22888,-0.76615
1.878983,1.237357,-0.766443
1.877521,1.22888,-0.766589
1.878398,1.224203,-0.770096
1.882198,1.225665,-0.772873
1.877813,1.223619,-0.763812
1.88366,1.225665,-0.767904
1.878983,1.231804,-0.755481
1.876352,1.226542,-0.754604
1.882491,1.223619,-0.756796
1.882198,1.220696,-0.767027
1.879275,1.228004,-0.770973
1.878983,1.223327,-0.761035
1.880737,1.230342,-0.761912
1.880737,1.227127,-0.755627
1.886583,1.232096,-0.755627
1.877521,1.232973,-0.763958
1.888921,1.229173,-0.75855
1.87986,1.229465,-0.755627
1.874306,1.232388,-0.762496
1.878983,1.23005,-0.755189
1.880444,1.230342,-0.743935
1.874306,1.228004,-0.759573
1.880152,1.231219,-0.758258
1.878398,1.22888,-0.758404
1.880737,1.227711,-0.747881
1.879275,1.228588,-0.75855
1.87986,1.219234,-0.754458
1.879275,1.228004,-0.759866
1.884829,1.223327,-0.754458
1.877521,1.232096,-0.75855
1.880444,1.232681,-0.75285
1.882783,1.234142,-0.761035
1.878106,1.223327,-0.769073
1.87986,1.225373,-0.758404
1.874598,1.228296,-0.755919
1.885998,1.234727,-0.762789
1.883367,1.227711,-0.763227
1.881029,1.224788,-0.766735
1.883367,1.225957,-0.765127
1.884537,1.22888,-0.759866
1.881029,1.224203,-0.756796
1.876644,1.231219,-0.756504
1.882198,1.227127,-0.757381
1.877521,1.227127,-0.757089
1.881906,1.228004,-0.759427
1.87986,1.223911,-0.769366
1.870506,1.217773,-0.761035
1.884829,1.224203,-0.765419
1.882491,1.229757,-0.759135
1.886583,1.232388,-0.759281
1.886875,1.228588,-0.758112
1.881321,1.223034,-0.758112
1.881614,1.22888,-0.75475
1.884244,1.22888,-0.767173
1.878106,1.225665,-0.761619
1.880737,1.227419,-0.757966
1.888044,1.229757,-0.762204
1.879275,1.231219,-0.756065
1.87869,1.231219,-0.757235
1.885121,1.230634,-0.767027
1.883075,1.221865,-0.761912
1.883075,1.229465,-0.76922
1.87489,1.223619,-0.755773
1.880444,1.226542,-0.764104
1.884829,1.229465,-0.758258
1.873721,1.225957,-0.752265
1.87606,1.228296,-0.76995
1.877813,1.221573,-0.765712
1.879567,1.222742,-0.763373
1.879567,1.224496,-0.775212
1.881321,1.224788,-0.763227
1.879275,1.231511,-0.761181
1.880444,1.224496,-0.763519
1.883367,1.224788,-0.757089
1.886583,1.227711,-0.766004
1.885998,1.229465,-0.747735
1.880444,1.22888,-0.76732
1.886875,1.225665,-0.756212
1.87606,1.229465,-0.769073
1.884244,1.229465,-0.764104
1.879567,1.232681,-0.774481
1.870213,1.236188,-0.766589
1.882491,1.234434,-0.763081
1.876644,1.235019,-0.767758
1.874013,1.235019,-0.773458
1.881614,1.231511,-0.771996
1.882491,1.229465,-0.745396
1.872552,1.232973,-0.772143
1.87869,1.234434,-0.771704
1.87109,1.237942,-0.75475
1.880444,1.232973,-0.764689
1.876644,1.235604,-0.767173
1.872552,1.231219,-0.757527
1.875475,1.238234,-0.761035
1.877229,1.230634,-0.76235
1.879275,1.197603,-0.767466
1.871675,1.229757,-0.762058
1.876937,1.23385,-0.760304
1.878106,1.231219,-0.764104
1.880152,1.238234,-0.777112
1.879275,1.23385,-0.76235
1.877813,1.233557,-0.767904
1.880152,1.232681,-0.767027
1.881321,1.235311,-0.766589
1.876352,1.236773,-0.767904
1.878398,1.236188,-0.769366
1.87606,1.236188,-0.757819
1.877521,1.239696,-0.768489
1.885121,1.23765,-0.762496
1.875183,1.235311,-0.77682
1.871675,1.235311,-0.762204
1.877521,1.234727,-0.76805
1.877229,1.235019,-0.774335
1.876644,1.235896,-0.761473
1.877229,1.242327,-0.762496
1.87606,1.242911,-0.771412
1.878398,1.225373,-0.77112
1.87986,1.244373,-0.769658
1.872844,1.240281,-0.770535
1.874598,1.241742,-0.76732
1.87606,1.232681,-0.771266
1.858229,1.234727,-0.773604
1.869629,1.234142,-0.758258
1.871675,1.234434,-0.767904
1.875475,1.23765,-0.765273
1.871967,1.236481,-0.772435
1.874598,1.237942,-0.77185
1.873721,1.232681,-0.76805
1.883367,1.234142,-0.765127
1.87109,1.237357,-0.772435
1.875183,1.241158,-0.776966
1.874598,1.239696,-0.783543
1.876644,1.229465,-0.769658
1.873429,1.244373,-0.76615
1.87489,1.23385,-0.770973
1.869629,1.233265,-0.770535
1.869629,1.229757,-0.778281
1.870798,1.241158,-0.776966
1.868459,1.236773,-0.767173
1.874013,1.233265,-0.781935
1.876937,1.242327,-0.769073
1.872844,1.232388,-0.767466
1.874306,1.247588,-0.76615
1.870798,1.228004,-0.768489
1.873429,1.237942,-0.763958
1.865244,1.227419,-0.767466
1.873721,1.238819,-0.777989
1.878106,1.229465,-0.765566
1.873721,1.235604,-0.771412
1.874013,1.236481,-0.76425
1.876937,1.237065,-0.772143
1.871383,1.23765,-0.764104
1.870506,1.235311,-0.769512
1.874598,1.238819,-0.781204
1.874306,1.24145,-0.76995
1.882783,1.240865,-0.774773
1.870798,1.244665,-0.77375
1.870798,1.238527,-0.764104
1.866413,1.242034,-0.77302
1.871383,1.235896,-0.759866
1.866413,1.239696,-0.776089
1.864367,1.236481,-0.762643
1.862613,1.239988,-0.773897
1.869044,1.239696,-0.769512
1.859398,1.243788,-0.768343
1.864952,1.239988,-0.770096
1.872844,1.239111,-0.758696
1.873721,1.239988,-0.770535
1.874306,1.242034,-0.779889
1.877813,1.234142,-0.764981
1.875183,1.244081,-0.777404
1.877813,1.240573,-0.770973
1.868167,1.232973,-0.775212
1.878106,1.247296,-0.770096
1.870506,1.239111,-0.773458
1.874013,1.243496,-0.766443
1.879567,1.242327,-0.766735
1.883367,1.242327,-0.765273
1.872552,1.24145,-0.760304
1.872552,1.239696,-0.76235
1.875183,1.229757,-0.771996
1.878398,1.239111,-0.769658
1.876352,1.268927,-0.767173
1.873721,1.243788,-0.75855
1.873721,1.239988,-0.768635
1.871675,1.242034,-0.767612
1.869921,1.237942,-0.763373
1.87489,1.244665,-0.77492
1.875767,1.23005,-0.769366
1.877813,1.235896,-0.757966
1.877229,1.237065,-0.766735
1.878398,1.237357,-0.778135
1.888337,1.244081,-0.777843
1.878983,1.236188,-0.76995
1.872844,1.240865,-0.767758
1.87226,1.231804,-0.76425
1.87489,1.236481,-0.758404
1.875183,1.239988,-0.777843
1.876352,1.237942,-0.77112
1.878106,1.232388,-0.778574
1.874306,1.241158,-0.766735
1.872552,1.238234,-0.764543
1.873137,1.238234,-0.765712
1.875475,1.238527,-0.756942
1.880444,1.238527,-0.76732
1.878983,1.237357,-0.769366
1.876352,1.243204,-0.77185
1.875475,1.239696,-0.772435
1.870213,1.236773,-0.770973
1.877813,1.242327,-0.768343
1.874598,1.244081,-0.767758
1.876644,1.235604,-0.767027
1.873721,1.250512,-0.761912
1.873721,1.240573,-0.77185
1.869629,1.242911,-0.76805
1.869921,1.239988,-0.770096
1.870506,1.243496,-0.765858
1.870798,1.248173,-0.76732
1.885414,1.246419,-0.769512
1.869629,1.247296,-0.775066
1.873429,1.251388,-0.767466
1.872552,1.251388,-0.770243
1.87606,1.246419,-0.766004
1.878106,1.240865,-0.758258
1.872552,1.252558,-0.768343
1.833967,1.251388,-0.775212
1.873429,1.244373,-0.766004
1.869921,1.248465,-0.76995
1.87226,1.251973,-0.767612
1.872552,1.250804,-0.770096
1.866121,1.25665,-0.762058
1.868167,1.253727,-0.773604
1.875475,1.252558,-0.776673
1.874598,1.250512,-0.761766
1.868167,1.24905,-0.766296
1.86729,1.247881,-0.772581
1.873721,1.257235,-0.768343
1.875183,1.244665,-0.78442
1.874306,1.244373,-0.773458
1.877521,1.250219,-0.769804
1.87606,1.246419,-0.77185
1.870213,1.246711,-0.767027
1.866706,1.246419,-0.770243
1.869336,1.243204,-0.770535
1.87226,1.251681,-0.776527
1.878398,1.246419,-0.775504
1.869044,1.253435,-0.777404
1.870506,1.249927,-0.772727
1.870798,1.250804,-0.77185
1.865536,1.251096,-0.760742
1.862029,1.252265,-0.77565
1.867583,1.247296,-0.774189
1.873429,1.254312,-0.785443
1.871383,1.251096,-0.776527
1.869921,1.244081,-0.778135
1.868459,1.251681,-0.776381
1.872552,1.243496,-0.769073
1.873429,1.249342,-0.778135
1.869921,1.241742,-0.78442
1.875183,1.253727,-0.777258
1.871967,1.243204,-0.778866
1.868752,1.250219,-0.778427
1.874598,1.242034,-0.775358
1.871675,1.24905,-0.767758
1.870506,1.251388,-0.767904
1.865244,1.25285,-0.780035
1.868167,1.247588,-0.77185
1.87606,1.254019,-0.775504
1.869336,1.255773,-0.778427
1.868459,1.253142,-0.768781
1.870213,1.244081,-0.77302
1.834551,1.24525,-0.772581
1.867875,1.25285,-0.77112
1.873137,1.248465,-0.767027
1.867875,1.248758,-0.772435
1.87606,1.246711,-0.78062
1.869336,1.251388,-0.77872
1.868459,1.243788,-0.770535
1.870506,1.247881,-0.778135
1.869336,1.247004,-0.760596
1.869629,1.248465,-0.769512
1.870798,1.243788,-0.764396
1.866998,1.246127,-0.77682
1.865829,1.243496,-0.772581
1.877229,1.249927,-0.779304
1.873137,1.246711,-0.767612
1.867875,1.247588,-0.787635
1.866998,1.248758,-0.760158
1.865829,1.24525,-0.773166
1.869044,1.247004,-0.784127
1.87109,1.247004,-0.77492
1.866121,1.250219,-0.772873
1.866413,1.245542,-0.772143
1.87489,1.25285,-0.779012
1.873137,1.25285,-0.783835
1.872552,1.254019,-0.772143
1.870213,1.250219,-0.778135
1.865244,1.242911,-0.765712
1.869921,1.249927,-0.771558
1.870506,1.25285,-0.771266
1.870798,1.248173,-0.777989
1.863783,1.250512,-0.779889
1.866413,1.261035,-0.774481
1.864952,1.249927,-0.770389
1.869044,1.256942,-0.774773
1.866998,1.253727,-0.776966
1.871675,1.251096,-0.763519
1.87109,1.255481,-0.768489
1.866706,1.251973,-0.769804
1.866998,1.251973,-0.771704
1.869629,1.250219,-0.777258
1.869629,1.24905,-0.774189
1.873429,1.251388,-0.781935
1.875183,1.246711,-0.777697
1.867875,1.253435,-0.774335
1.865829,1.251096,-0.778281
1.872844,1.255189,-0.772581
1.905291,1.249635,-0.77565
1.903829,1.254312,-0.772289
1.870506,1.248758,-0.782081
1.878106,1.250804,-0.770243
1.868459,1.248173,-0.773604
1.870798,1.255189,-0.773312
1.868459,1.245835,-0.785589
1.865244,1.246711,-0.777112
1.871675,1.247881,-0.761912
1.873721,1.248173,-0.769073
1.865536,1.251681,-0.772289
1.874598,1.247881,-0.780912
1.864952,1.251681,-0.769366
1.873137,1.249342,-0.772289
1.859105,1.246711,-0.787197
1.864367,1.24525,-0.789535
1.864075,1.242619,-0.777112
1.871383,1.251973,-0.779889
1.871675,1.250512,-0.775212
1.863783,1.251681,-0.771704
1.869044,1.246711,-0.776089
1.874306,1.244665,-0.770096
1.87606,1.242911,-0.770973
1.871383,1.249635,-0.764543
1.869336,1.258404,-0.767466
1.867875,1.241158,-0.778574
1.861444,1.248758,-0.776966
1.86729,1.251973,-0.775066
1.864367,1.250804,-0.769073
1.864952,1.24525,-0.771412
1.864659,1.247296,-0.780766
1.872552,1.252558,-0.775212
1.864075,1.250512,-0.776527
1.867875,1.251681,-0.778281
1.875183,1.256065,-0.77185
1.87109,1.251096,-0.767173
1.868459,1.252558,-0.78135
1.860567,1.249635,-0.77682
1.857352,1.249342,-0.779304
1.870506,1.247881,-0.779158
1.867875,1.254896,-0.779012
1.860859,1.257527,-0.768927
1.870213,1.261912,-0.782227
1.862321,1.255481,-0.783397
1.864952,1.256065,-0.77755
1.835136,1.25285,-0.77755
1.856767,1.251973,-0.788074
1.863783,1.253727,-0.79202
1.861736,1.254604,-0.784274
1.862613,1.260158,-0.785443
1.866413,1.257819,-0.784566
1.863783,1.258112,-0.781497
1.864367,1.262789,-0.776673
1.862321,1.258696,-0.776527
1.862321,1.258696,-0.787781
1.868459,1.258696,-0.787635
1.86349,1.258989,-0.785151
1.861444,1.255773,-0.779158
1.862029,1.265127,-0.786758
1.862906,1.257527,-0.779012
1.857352,1.261619,-0.781204
1.860859,1.253435,-0.786612
1.85589,1.262204,-0.789097
1.859398,1.255481,-0.793481
1.857352,1.259573,-0.790266
1.860567,1.258696,-0.783981
1.861152,1.263373,-0.784127
1.860859,1.263666,-0.790997
1.864367,1.259866,-0.790266
1.857352,1.258696,-0.787781
1.866998,1.260742,-0.792166
1.856475,1.25665,-0.787489
1.860275,1.257527,-0.782081
1.862321,1.259573,-0.780474
1.856182,1.262204,-0.771558
1.857644,1.259866,-0.779889
1.851213,1.257235,-0.784274
1.859105,1.256358,-0.787781
1.858521,1.258112,-0.787051
1.860859,1.260742,-0.780474
1.862029,1.255189,-0.778135
1.864659,1.265127,-0.793189
1.857059,1.258404,-0.778427
1.85969,1.254604,-0.785297
1.864075,1.254604,-0.776673
1.866413,1.255773,-0.781204
1.859105,1.260158,-0.789535
1.861736,1.263666,-0.783689
1.865829,1.261035,-0.792897
1.861444,1.26425,-0.78442
1.858229,1.259573,-0.787781
1.864075,1.259866,-0.785297
1.864952,1.261912,-0.774043
1.866998,1.267173,-0.787781
1.858229,1.265419,-0.784712
1.861152,1.262496,-0.784127
1.860859,1.258989,-0.788658
1.85969,1.262204,-0.793189
1.861444,1.255481,-0.787781
1.869921,1.259866,-0.77492
1.866706,1.257527,-0.787197
1.859398,1.255481,-0.779597
1.858813,1.259866,-0.783104
1.861736,1.256942,-0.785004
1.85589,1.258989,-0.776673
1.860275,1.258989,-0.779158
1.864952,1.259866,-0.769073
1.862906,1.264543,-0.78252
1.861152,1.26045,-0.771704
1.863783,1.259866,-0.785589
1.868752,1.263958,-0.776527
1.857644,1.257527,-0.797282
1.859982,1.26425,-0.776527
1.865536,1.256942,-0.78252
1.858229,1.260742,-0.783835
1.861152,1.257819,-0.785297
1.853844,1.258696,-0.782081
1.864367,1.254896,-0.79392
1.866121,1.257527,-0.788804
1.856767,1.263373,-0.787928
1.857644,1.25665,-0.787343
1.859398,1.257819,-0.785151
1.863198,1.257819,-0.779158
1.863198,1.250804,-0.774043
1.856767,1.254896,-0.778135
1.856182,1.255189,-0.757089
1.863783,1.261327,-0.783981
1.857352,1.256942,-0.769804
1.859982,1.265712,-0.79012
1.860567,1.255773,-0.77492
1.856475,1.256942,-0.785443
1.855013,1.260158,-0.775943
1.860859,1.254604,-0.781058
1.864659,1.260158,-0.779158
1.860567,1.261035,-0.774627
1.855013,1.249635,-0.78442
1.858521,1.253142,-0.787781
1.856475,1.260742,-0.788074
1.861736,1.262496,-0.779597
1.863783,1.256942,-0.783543
1.865244,1.259281,-0.78252
1.863783,1.258112,-0.784712
1.864075,1.255189,-0.789097
1.867583,1.26805,-0.781643
1.852382,1.266004,-0.780474
1.86349,1.268927,-0.785443
1.862906,1.259281,-0.788658
1.854721,1.259281,-0.779889
1.869336,1.263666,-0.786027
1.858521,1.259281,-0.774335
1.860275,1.261327,-0.776966
1.862029,1.261912,-0.786027
1.862029,1.263081,-0.780474
1.859105,1.262496,-0.789097
1.858521,1.258696,-0.782374
1.858521,1.257819,-0.788804
1.860859,1.261619,-0.783104
1.855598,1.262204,-0.782666
1.860567,1.259866,-0.783104
1.856767,1.265712,-0.786758
1.857936,1.258989,-0.790558
1.864659,1.26045,-0.789097
1.855598,1.266296,-0.785151
1.858521,1.268343,-0.782227
1.859982,1.264835,-0.785881
1.860567,1.266004,-0.822274
1.855598,1.265127,-0.787489
1.859105,1.267466,-0.780327
1.84829,1.260742,-0.790851
1.855598,1.268343,-0.787635
1.849459,1.263958,-0.794797
1.851213,1.271558,-0.792312
1.855013,1.269804,-0.779304
1.85209,1.271266,-0.77872
1.851213,1.265712,-0.784712
1.853844,1.260158,-0.781643
1.859982,1.266296,-0.785443
1.853844,1.263081,-0.805905
1.855305,1.267758,-0.801812
1.858229,1.267466,-0.796112
1.858229,1.262496,-0.782081
1.857936,1.265127,-0.790266
1.855598,1.269804,-0.791289
1.85969,1.268343,-0.794066
1.860567,1.263081,-0.779012
1.860567,1.265419,-0.786027
1.859398,1.273604,-0.794505
1.863198,1.266296,-0.787781
1.862613,1.263081,-0.794066
1.856475,1.270389,-0.795381
1.859982,1.266589,-0.790704
1.850921,1.267173,-0.779889
1.861444,1.271558,-0.782958
1.864659,1.272143,-0.783689
1.859105,1.271558,-0.787635
1.856182,1.26922,-0.786758
1.863783,1.272143,-0.792312
1.855305,1.266004,-0.786027
1.85589,1.270973,-0.779743
1.850336,1.263081,-0.784274
1.856475,1.27302,-0.788804
1.857936,1.266296,-0.784566
1.854721,1.27302,-0.795381
1.85969,1.266296,-0.782812
1.857352,1.271558,-0.791581
1.853552,1.271558,-0.788512
1.860275,1.266881,-0.789389
1.851213,1.273604,-0.789681
1.862613,1.265419,-0.786904
1.861152,1.272435,-0.782081
1.857059,1.265419,-0.784712
1.864659,1.270096,-0.785297
1.862029,1.235604,-0.785297
1.858229,1.235604,-0.783397
1.856475,1.265127,-0.785297
1.863198,1.268343,-0.787051
1.856182,1.267758,-0.783104
1.857352,1.26805,-0.776089
1.860859,1.26805,-0.782812
1.866413,1.273312,-0.783981
1.860859,1.269512,-0.781204
1.862321,1.27185,-0.787635
1.862029,1.27302,-0.782374
1.868167,1.269804,-0.775504
1.863783,1.27302,-0.781204
1.864952,1.268927,-0.779597
1.861736,1.26922,-0.791143
1.859398,1.269804,-0.781789
1.859398,1.269512,-0.785443
1.864075,1.267173,-0.775797
1.855305,1.27302,-0.777843
1.853552,1.267173,-0.783397
1.855598,1.26922,-0.786027
1.864075,1.272435,-0.78252
1.859398,1.273897,-0.784712
1.858229,1.274481,-0.782812
1.857352,1.26922,-0.779158
1.867583,1.273604,-0.786904
1.863783,1.265712,-0.784858
1.860567,1.274481,-0.794212
1.86349,1.272143,-0.783543
1.863198,1.270389,-0.783397
1.854429,1.273604,-0.783251
1.858813,1.269512,-0.777404
1.857936,1.269512,-0.780912
1.853259,1.270681,-0.782374
1.860859,1.26805,-0.789828
1.859105,1.266004,-0.778427
1.860859,1.266589,-0.779304
1.860275,1.27185,-0.775943
1.858813,1.274773,-0.780474
1.855305,1.270096,-0.790851
1.853259,1.274189,-0.78252
1.862906,1.267466,-0.794358
1.858521,1.26922,-0.791435
1.857352,1.268635,-0.785004
1.851798,1.270973,-0.783397
1.858813,1.271558,-0.774189
1.85969,1.264835,-0.798743
1.850628,1.270973,-0.787343
1.856767,1.269804,-0.794651
1.85589,1.266881,-0.790851
1.857352,1.274481,-0.791289
1.857644,1.265712,-0.793335
1.858813,1.264543,-0.789974
1.852382,1.270681,-0.795089
1.859105,1.264835,-0.790997
1.860567,1.264835,-0.789097
1.855305,1.27185,-0.785443
1.855598,1.26805,-0.780912
1.859105,1.272435,-0.785297
1.850044,1.263666,-0.796843
1.856475,1.265127,-0.793043
1.862906,1.262496,-0.785004
1.862613,1.266296,-0.780181
1.854429,1.274773,-0.798158
1.847413,1.274189,-0.780766
1.854429,1.269804,-0.790558
1.860859,1.266881,-0.789828
1.84829,1.265712,-0.794358
1.856767,1.266589,-0.783689
1.865244,1.265127,-0.789828
1.859105,1.275943,-0.792312
1.860275,1.263958,-0.789681
1.862029,1.266589,-0.789097
1.854721,1.26805,-0.799474
1.856475,1.269512,-0.78822
1.861444,1.277112,-0.788951
1.859982,1.27185,-0.793189
1.855598,1.28062,-0.795966
1.860567,1.275358,-0.794651
1.852967,1.277404,-0.794358
1.862321,1.278281,-0.794651
1.851798,1.271266,-0.785589
1.857936,1.276527,-0.788512
1.856182,1.277697,-0.793189
1.853552,1.281497,-0.791581
1.857352,1.277697,-0.787928
1.861444,1.279158,-0.790558
1.86349,1.281204,-0.791289
1.853552,1.280912,-0.79392
1.859105,1.275358,-0.792897
1.857352,1.274481,-0.797574
1.858521,1.280327,-0.793189
1.862029,1.307805,-0.79772
1.862906,1.274481,-0.787928
1.852675,1.28442,-0.782227
1.848875,1.278866,-0.787928
1.856182,1.276235,-0.794797
1.853844,1.275943,-0.790266
1.848875,1.277697,-0.785881
1.852675,1.279743,-0.783981
1.850336,1.26805,-0.79392
1.852967,1.28062,-0.805174
1.853259,1.276527,-0.789828
1.845951,1.27682,-0.782666
1.854721,1.289681,-0.796405
1.847121,1.273897,-0.788951
1.850044,1.277112,-0.798158
1.857352,1.275358,-0.789243
1.848875,1.273312,-0.791874
1.851505,1.272727,-0.798305
1.850921,1.277404,-0.795235
1.854429,1.282374,-0.796551
1.856767,1.27945,-0.795674
1.854136,1.26922,-0.800643
1.849167,1.280035,-0.788658
1.854136,1.276235,-0.792312
1.850336,1.282081,-0.798012
1.845659,1.279743,-0.807074
1.853844,1.276527,-0.800643
1.84449,1.275943,-0.78822
1.844782,1.281204,-0.798597
1.855305,1.277404,-0.788951
1.852967,1.277112,-0.788512
1.844782,1.280327,-0.784566
1.847998,1.277112,-0.794651
1.855305,1.284127,-0.796843
1.850044,1.275943,-0.79202
1.855305,1.277404,-0.790704
1.852675,1.280035,-0.782812
1.855013,1.281204,-0.790851
1.850628,1.279158,-0.799328
1.85209,1.276527,-0.792897
1.853844,1.282081,-0.805612
1.852675,1.278866,-0.795966
1.848582,1.28062,-0.787635
1.857644,1.286174,-0.794358
1.854721,1.282081,-0.802397
1.846536,1.281204,-0.799766
1.856182,1.278281,-0.79772
1.851213,1.287928,-0.790851
1.853844,1.28062,-0.789097
1.856767,1.274773,-0.804882
1.853259,1.281204,-0.791289
1.850628,1.280912,-0.787489
1.847998,1.273897,-0.788658
1.854136,1.280912,-0.795528
1.850921,1.28442,-0.781643
1.849167,1.275066,-0.789828
1.853259,1.275066,-0.793189
1.85209,1.287051,-0.798158
1.850044,1.279743,-0.783251
1.84829,1.270096,-0.784712
1.847998,1.278866,-0.79962
1.853844,1.277697,-0.791143
1.854721,1.282958,-0.796551
1.848582,1.27945,-0.792751
1.854721,1.279743,-0.791728
1.855305,1.278281,-0.790997
1.847121,1.277112,-0.793628
1.845659,1.283251,-0.786612
1.84449,1.283543,-0.797135
1.847705,1.280912,-0.789535
1.847998,1.280035,-0.793043
1.850921,1.279158,-0.797428
1.847121,1.278866,-0.799182
1.855013,1.273604,-0.800643
1.856475,1.281204,-0.794505
1.855598,1.283251,-0.785443
1.850921,1.285881,-0.788512
1.847413,1.287928,-0.793481
1.850336,1.283251,-0.778281
1.849459,1.287343,-0.792312
1.85209,1.278574,-0.790266
1.851798,1.282958,-0.800058
1.855013,1.282666,-0.797428
1.85209,1.27682,-0.786174
1.850628,1.284127,-0.790412
1.855598,1.281789,-0.788951
1.850921,1.280035,-0.789681
1.856767,1.28442,-0.797574
1.862029,1.280035,-0.792751
1.85209,1.278281,-0.795674
1.847705,1.285297,-0.79392
1.848582,1.277112,-0.790851
1.856475,1.286758,-0.793335
1.855013,1.283543,-0.797866
1.852675,1.28442,-0.799912
1.848875,1.289974,-0.792897
1.853844,1.287635,-0.798012
1.856475,1.280912,-0.782374
1.852675,1.287635,-0.786758
1.85209,1.282958,-0.785589
1.858813,1.285881,-0.789097
1.854136,1.282081,-0.788366
1.854136,1.280912,-0.798012
1.854136,1.280035,-0.795528
1.849167,1.279158,-0.788366
1.852382,1.277112,-0.793335
1.854136,1.283543,-0.803712
1.853552,1.282081,-0.798158
1.850628,1.281204,-0.799474
1.852967,1.287343,-0.803566
1.853259,1.285881,-0.806928
1.851505,1.277697,-0.792458
1.854429,1.28442,-0.788804
1.846828,1.282666,-0.799912
1.856182,1.284127,-0.78442
1.847998,1.27945,-0.799328
1.850044,1.286174,-0.793481
1.846536,1.285004,-0.798889
1.851505,1.285589,-0.802543
1.844782,1.287635,-0.803128
1.847121,1.281789,-0.801959
1.850628,1.27945,-0.796112
1.850044,1.285297,-0.791143
1.84829,1.296405,-0.797282
1.844198,1.290558,-0.802835
1.845367,1.284127,-0.797866
1.847121,1.286758,-0.802397
1.850628,1.293481,-0.79202
1.845367,1.295528,-0.794943
1.838644,1.292604,-0.798889
1.842151,1.288512,-0.790558
1.83689,1.297866,-0.798012
1.844198,1.294066,-0.803859
1.848582,1.28822,-0.802251
1.840398,1.290266,-0.800643
1.846244,1.295528,-0.792166
1.846244,1.293774,-0.799474
1.847705,1.300497,-0.798158
1.841567,1.29202,-0.798597
1.847413,1.294066,-0.799474
1.847121,1.288512,-0.792166
1.842736,1.296405,-0.813359
1.844782,1.290266,-0.804589
1.842736,1.294651,-0.800497
1.836305,1.293481,-0.799474
1.836597,1.289974,-0.800497
1.845659,1.292604,-0.801812
1.844782,1.297282,-0.799474
1.846828,1.299035,-0.805759
1.849167,1.297866,-0.794943
1.841567,1.293774,-0.794651
1.837767,1.299035,-0.788804
1.841567,1.303128,-0.802251
1.840105,1.300789,-0.786904
1.838644,1.297866,-0.797574
1.847121,1.29962,-0.807951
1.847998,1.29582,-0.797135
1.838351,1.294066,-0.800058
1.842151,1.298158,-0.797282
1.841274,1.294651,-0.804005
1.840105,1.294358,-0.812482
1.847413,1.300205,-0.806051
1.839813,1.293774,-0.800935
1.844198,1.299035,-0.798889
1.839521,1.303128,-0.803274
1.843028,1.29202,-0.808389
1.840398,1.296989,-0.797135
1.842444,1.293481,-0.800351
1.842736,1.288512,-0.812043
1.843321,1.290558,-0.806197
1.845367,1.29202,-0.804589
1.840105,1.291143,-0.801666
1.847413,1.289974,-0.81862
1.847705,1.295528,-0.80532
1.845367,1.294358,-0.808682
1.836597,1.296405,-0.808097
1.847705,1.29582,-0.804735
1.842736,1.296405,-0.796405
1.843028,1.294358,-0.798889
1.851798,1.300205,-0.80342
1.848875,1.291435,-0.802251
1.845951,1.292604,-0.809997
1.853844,1.303712,-0.800205
1.845075,1.29202,-0.802689
1.847998,1.291728,-0.808243
1.845367,1.289389,-0.808243
1.841567,1.302543,-0.802689
1.845659,1.288804,-0.810728
1.842444,1.294066,-0.805174
1.838936,1.291435,-0.805612
1.850336,1.297866,-0.785735
1.843613,1.297282,-0.797574
1.841859,1.290851,-0.794066
1.84069,1.295528,-0.792605
1.835428,1.293481,-0.807951
1.841567,1.290851,-0.79582
1.841567,1.296989,-0.792897
1.842444,1.290558,-0.802251
1.845075,1.298158,-0.79962
1.843613,1.297282,-0.800205
1.845951,1.295528,-0.795089
1.841274,1.29582,-0.809851
1.839521,1.29202,-0.79582
1.843613,1.295235,-0.796258
1.840398,1.287343,-0.800205
1.84449,1.296989,-0.811459
1.838059,1.294943,-0.805028
1.836597,1.292604,-0.801082
1.842736,1.293481,-0.814966
1.845659,1.299035,-0.806343
1.838351,1.299328,-0.807366
1.837767,1.294358,-0.800351
1.835136,1.298158,-0.789243
1.839813,1.29962,-0.806197
1.842151,1.296697,-0.797428
1.839813,1.305174,-0.809266
1.840982,1.292604,-0.811166
1.837182,1.292312,-0.800351
1.848582,1.300497,-0.822713
1.84449,1.293189,-0.808243
1.840105,1.299035,-0.809412
1.83689,1.294358,-0.801959
1.838644,1.299328,-0.81292
1.845075,1.302251,-0.808389
1.846536,1.30342,-0.804005
1.84829,1.296112,-0.803859
1.842151,1.297866,-0.801374
1.84069,1.294358,-0.805905
1.842444,1.297574,-0.80342
1.842151,1.294651,-0.807366
1.83689,1.300497,-0.810728
1.838059,1.289681,-0.811166
1.847998,1.294358,-0.807805
1.842736,1.292897,-0.808536
1.844198,1.300789,-0.813797
1.852967,1.295528,-0.807074
1.849752,1.293774,-0.802982
1.845951,1.291435,-0.803566
1.849167,1.297574,-0.797135
1.841859,1.292604,-0.79772
1.843028,1.294651,-0.801374
1.842736,1.292604,-0.817597
1.850336,1.296405,-0.806343
1.843905,1.297574,-0.816428
1.843321,1.297574,-0.796989
1.845659,1.295235,-0.806343
1.839228,1.301666,-0.802397
1.845951,1.303128,-0.804005
1.840398,1.301958,-0.808682
1.841567,1.296405,-0.804443
1.845951,1.299328,-0.802835
1.846244,1.29962,-0.794505
1.841274,1.304297,-0.813797
1.838644,1.30722,-0.806928
1.851798,1.305759,-0.795089
1.845951,1.302835,-0.805028
1.843321,1.300205,-0.806489
1.848875,1.302251,-0.80722
1.849459,1.302835,-0.804297
1.834259,1.310436,-0.804297
1.839521,1.297282,-0.803566
1.833674,1.300497,-0.808682
1.838936,1.307512,-0.811897
1.841567,1.300205,-0.810289
1.837182,1.300789,-0.804005
1.843613,1.306343,-0.806489
1.842444,1.303128,-0.815843
1.833674,1.309559,-0.80152
1.839521,1.304882,-0.807366
1.841567,1.30342,-0.82622
1.836597,1.304297,-0.81482
1.846244,1.302835,-0.811459
1.838936,1.298158,-0.797866
1.837474,1.30722,-0.813651
1.837474,1.30342,-0.805466
1.836305,1.31102,-0.809559
1.834259,1.304589,-0.820374
1.839813,1.306051,-0.801374
1.84829,1.300789,-0.812043
1.836013,1.306635,-0.807805
1.842736,1.301958,-0.810143
1.843613,1.301082,-0.808536
1.840105,1.344051,-0.800643
1.838351,1.302251,-0.806051
1.836305,1.308097,-0.799035
1.835428,1.304297,-0.800205
1.837474,1.301374,-0.807074
1.841859,1.304005,-0.809997
1.840398,1.306635,-0.80532
1.834551,1.305174,-0.806343
1.843028,1.306051,-0.801959
1.836305,1.310143,-0.802105
1.836013,1.309266,-0.806051
1.841567,1.306635,-0.811459
1.840398,1.301666,-0.80532
1.848582,1.307512,-0.796112
1.844782,1.311605,-0.808243
1.840105,1.311312,-0.803712
1.825782,1.305466,-0.798889
1.834844,1.311605,-0.799912
1.836597,1.298451,-0.814236
1.836597,1.31102,-0.809559
1.838351,1.308974,-0.812043
1.831628,1.310436,-0.80342
1.83689,1.304297,-0.811166
1.831044,1.31102,-0.805612
1.836597,1.30722,-0.796112
1.834844,1.306051,-0.801666
1.839521,1.306051,-0.808974
1.837182,1.306635,-0.806782
1.841859,1.312482,-0.812628
1.840398,1.311605,-0.806489
1.829582,1.309266,-0.802543
1.827828,1.306343,-0.810289
1.839228,1.312482,-0.801228
1.834551,1.301082,-0.806782
1.840982,1.297866,-0.804005
1.834551,1.303128,-0.802689
1.840105,1.306928,-0.810874
1.837182,1.305759,-0.807366
1.834259,1.307805,-0.801082
1.839521,1.309851,-0.811312
1.838351,1.316866,-0.816428
1.845659,1.312482,-0.813797
1.836013,1.310143,-0.806489
1.840982,1.308097,-0.809851
1.83309,1.311897,-0.806343
1.838351,1.309266,-0.812336
1.843613,1.30342,-0.804297
1.836597,1.304589,-0.810143
1.838059,1.301958,-0.80342
1.869044,1.31102,-0.808243
1.837474,1.308682,-0.804005
1.831044,1.308097,-0.802397
1.837474,1.304882,-0.798012
1.84069,1.312189,-0.798305
1.841859,1.312774,-0.802689
1.838936,1.305759,-0.809412
1.836597,1.305759,-0.801812
1.837767,1.306928,-0.804443
1.840982,1.305174,-0.798305
1.834551,1.307512,-0.80912
1.840982,1.30722,-0.810582
1.831336,1.315405,-0.813505
1.830751,1.310436,-0.800643
1.838059,1.309266,-0.80722
1.839813,1.305759,-0.808243
1.845075,1.306051,-0.809997
1.838644,1.311312,-0.806782
1.841859,1.304005,-0.796551
1.843028,1.307512,-0.808536
1.839521,1.304589,-0.799766
1.840398,1.305759,-0.799474
1.844198,1.300497,-0.800935
1.837182,1.308389,-0.794212
1.844198,1.301374,-0.798158
1.846536,1.306051,-0.807659
1.844198,1.304882,-0.804882
1.840982,1.310143,-0.808682
1.844198,1.304589,-0.802835
1.840982,1.305759,-0.807659
1.840398,1.307805,-0.801959
1.840982,1.312482,-0.796989
1.845659,1.306635,-0.808097
1.84449,1.305466,-0.800789
1.84069,1.304882,-0.802835
1.841567,1.306343,-0.808682
1.833967,1.307805,-0.804443
1.833674,1.308389,-0.796697
1.832213,1.305759,-0.808828
1.834551,1.304589,-0.80152
1.838936,1.296989,-0.816574
1.840982,1.305466,-0.807951
1.837474,1.304882,-0.798597
1.839521,1.308097,-0.811605
1.838644,1.30342,-0.814674
1.844782,1.298451,-0.79772
1.844782,1.307512,-0.805612
1.839521,1.307805,-0.811751
1.843028,1.308389,-0.810874
1.838059,1.346098,-0.818766
1.838351,1.312189,-0.807366
1.836013,1.31102,-0.804297
1.845367,1.313943,-0.809412
1.841859,1.307512,-0.804589
1.836013,1.30722,-0.801228
1.833967,1.314528,-0.805028
1.841274,1.309559,-0.812043
1.836305,1.315989,-0.808682
1.832797,1.310728,-0.810582
1.836305,1.326513,-0.80532
1.834551,1.314236,-0.800935
1.835428,1.315405,-0.804589
1.837474,1.313651,-0.812774
1.837767,1.324467,-0.798597
1.835428,1.315697,-0.806928
1.833967,1.326513,-0.803274
1.836305,1.315113,-0.810289
1.843028,1.317451,-0.800058
1.833967,1.314236,-0.806635
1.825782,1.321251,-0.806343
1.837767,1.320374,-0.811459
1.838059,1.323005,-0.809705
1.837474,1.318328,-0.804151
1.835721,1.320374,-0.80722
1.840982,1.318913,-0.81102
1.834259,1.315989,-0.809559
1.82929,1.313066,-0.810874
1.833967,1.314236,-0.814089
1.828413,1.33002,-0.809266
1.835428,1.320959,-0.812336
1.828705,1.320666,-0.815551
1.833382,1.31102,-0.80912
1.830751,1.321836,-0.811897
1.838059,1.326805,-0.810582
1.830751,1.319205,-0.796258
1.828413,1.323297,-0.807659
1.82812,1.319205,-0.805174
1.830459,1.321251,-0.806635
1.824905,1.321543,-0.811605
1.83309,1.324759,-0.813213
1.821397,1.318913,-0.805759
1.828705,1.315405,-0.813943
1.826074,1.322128,-0.82052
1.826659,1.322128,-0.805905
1.833967,1.31862,-0.808389
1.837474,1.323297,-0.808243
1.86729,1.326513,-0.803274
1.826074,1.319497,-0.814966
1.82812,1.32359,-0.802543
1.830459,1.316866,-0.818474
1.838644,1.327097,-0.80912
1.832213,1.320082,-0.813066
1.826367,1.323297,-0.804735
1.829582,1.320959,-0.803566
1.828705,1.323005,-0.810289
1.832797,1.31979,-0.812628
1.822274,1.315405,-0.80532
1.829582,1.322128,-0.808389
1.837474,1.322128,-0.810582
1.82432,1.320666,-0.81292
1.827243,1.323297,-0.817597
1.827243,1.320959,-0.799182
1.826074,1.324174,-0.808389
1.825782,1.316574,-0.807512
1.824028,1.31979,-0.819936
1.823151,1.324174,-0.814236
1.830751,1.320959,-0.818328
1.825197,1.318328,-0.80912
1.830167,1.324759,-0.815113
1.833674,1.316866,-0.813505
1.827243,1.319205,-0.818474
1.823736,1.325928,-0.814236
1.822567,1.313943,-0.820813
1.827536,1.320959,-0.806343
1.825782,1.318036,-0.826805
1.827828,1.308974,-0.809266
1.831921,1.31482,-0.800205
1.824905,1.316866,-0.813066
1.821105,1.311605,-0.819497
1.829874,1.313359,-0.813213
1.834844,1.309266,-0.81789
1.826659,1.318036,-0.809559
1.82169,1.310728,-0.807366
1.826951,1.307805,-0.815113
1.823151,1.318036,-0.808389
1.827536,1.318328,-0.812336
1.826951,1.318036,-0.819351
1.826659,1.315697,-0.813359
1.828705,1.318328,-0.822128
1.833967,1.31979,-0.805905
1.832797,1.323297,-0.81482
1.830459,1.31862,-0.818036
1.832505,1.320082,-0.815259
1.82929,1.315697,-0.814089
1.82929,1.315405,-0.80912
1.834844,1.318913,-0.807512
1.835721,1.314528,-0.815843
1.830751,1.312482,-0.814236
1.835136,1.313359,-0.807512
1.829582,1.312482,-0.814236
1.827828,1.315113,-0.814236
1.831044,1.317159,-0.805174
1.832505,1.318036,-0.819059
1.831336,1.311605,-0.808389
1.832213,1.323297,-0.813066
1.833674,1.315405,-0.812189
1.82812,1.312189,-0.815405
1.83689,1.316574,-0.810728
1.837182,1.315113,-0.811459
1.830459,1.318036,-0.803859
1.837474,1.32242,-0.811166
1.820813,1.316866,-0.818182
1.829582,1.314528,-0.802105
1.829874,1.313066,-0.80532
1.831921,1.311605,-0.804882
1.829582,1.317159,-0.812189
1.829582,1.319205,-0.806197
1.82929,1.321836,-0.814382
1.82812,1.318328,-0.811459
1.824613,1.320666,-0.800789
1.836013,1.31862,-0.811751
1.832213,1.320666,-0.810874
1.825782,1.320959,-0.810582
1.82432,1.316282,-0.822713
1.823443,1.320666,-0.814236
1.823151,1.315989,-0.814382
1.835721,1.313651,-0.818913
1.832213,1.313066,-0.810874
1.827243,1.320666,-0.807366
1.827536,1.315989,-0.821836
1.824613,1.310143,-0.814089
1.827828,1.317743,-0.81102
1.827243,1.313943,-0.789097
1.823443,1.323297,-0.817305
1.830751,1.323297,-0.815259
1.817305,1.320666,-0.815843
1.826951,1.318328,-0.816428
1.827828,1.329144,-0.815989
1.826074,1.326513,-0.820813
1.836013,1.325636,-0.814382
1.83309,1.323297,-0.807951
1.817597,1.32622,-0.811312
1.82549,1.325636,-0.804882
1.82169,1.32622,-0.816136
1.826074,1.322713,-0.801812
1.82929,1.323005,-0.814382
1.81672,1.322713,-0.815697
1.826367,1.324174,-0.805759
1.831336,1.32739,-0.814674
1.823151,1.325343,-0.818766
1.824028,1.320959,-0.806197
1.825782,1.324174,-0.81482
1.828705,1.315405,-0.825343
1.828997,1.325051,-0.807805
1.824028,1.330313,-0.811459
1.834259,1.327682,-0.805174
1.830167,1.325636,-0.817305
1.826951,1.330605,-0.810728
1.832797,1.328851,-0.817013
1.826659,1.329436,-0.820374
1.841274,1.332651,-0.817451
1.831921,1.331774,-0.815989
1.829874,1.328267,-0.82929
1.827536,1.321836,-0.817451
1.830459,1.327682,-0.810143
1.826659,1.325928,-0.816428
1.829874,1.328851,-0.818182
1.825197,1.32359,-0.810874
1.828413,1.325343,-0.823151
1.828413,1.318328,-0.813943
1.826951,1.334697,-0.81292
1.822567,1.325636,-0.817013
1.831044,1.328267,-0.813651
1.825197,1.333236,-0.810728
1.82929,1.333236,-0.80912
1.826659,1.328851,-0.816866
1.821105,1.328559,-0.821982
1.824028,1.335574,-0.821836
1.824028,1.330897,-0.81862
1.832213,1.333236,-0.823882
1.835721,1.335867,-0.853844
1.833967,1.335867,-0.81482
1.832505,1.335282,-0.811312
1.820813,1.329728,-0.824467
1.827243,1.32242,-0.820813
1.829874,1.330313,-0.829582
1.831044,1.33119,-0.812482
1.82549,1.330897,-0.805028
1.82052,1.32739,-0.820374
1.826659,1.33002,-0.817159
1.82929,1.322128,-0.812628
1.824028,1.329436,-0.807366
1.831628,1.336744,-0.812774
1.825197,1.327097,-0.83002
1.824028,1.330605,-0.826659
1.826367,1.319497,-0.814236
1.826659,1.323005,-0.82812
1.818474,1.320082,-0.818766
1.820228,1.32622,-0.819497
1.826951,1.325051,-0.815259
1.827243,1.324174,-0.811605
1.821982,1.324174,-0.819351
1.82432,1.328851,-0.812189
1.828705,1.330313,-0.814236
1.826074,1.329728,-0.821397
1.824905,1.325051,-0.821105
1.821105,1.32622,-0.820374
1.823443,1.326513,-0.82052
1.832505,1.328559,-0.814382
1.827243,1.330605,-0.822128
1.826951,1.329436,-0.807512
1.824613,1.321251,-0.822274
1.828413,1.331774,-0.819351
1.830459,1.325636,-0.81292
1.822859,1.331774,-0.82242
1.817013,1.332651,-0.816136
1.82052,1.324759,-0.818328
1.819643,1.336744,-0.822859
1.823151,1.327097,-0.817305
1.831336,1.332944,-0.831336
1.829582,1.327974,-0.817159
1.82432,1.327682,-0.82169
1.818474,1.32622,-0.816136
1.821105,1.33002,-0.829436
1.826659,1.325343,-0.819936
1.829874,1.327682,-0.805466
1.831044,1.334113,-0.817597
1.835721,1.336744,-0.818182
1.82812,1.325928,-0.824613
1.823443,1.324174,-0.828267
1.828413,1.32622,-0.850921
1.832797,1.329144,-0.810728
1.826951,1.33002,-0.817305
1.826951,1.330313,-0.821836
1.824905,1.333236,-0.819497
1.820228,1.324174,-0.801812
1.831921,1.328851,-0.812482
1.827243,1.330897,-0.815259
1.82549,1.332651,-0.804297
1.820813,1.329144,-0.815259
1.824905,1.33382,-0.814382
1.823443,1.327682,-0.816574
1.821397,1.336744,-0.818766
1.832505,1.335867,-0.815405
1.831628,1.332359,-0.808389
1.82812,1.331482,-0.812774
1.832797,1.324759,-0.811312
1.826659,1.329436,-0.813359
1.827536,1.326513,-0.825051
1.826074,1.33382,-0.821397
1.827828,1.333236,-0.814089
1.830167,1.328267,-0.809997
1.833674,1.330897,-0.822274
1.833382,1.325928,-0.822567
1.830751,1.329728,-0.829144
1.829874,1.330897,-0.812043
1.831044,1.327974,-0.819936
1.828705,1.332944,-0.819351
1.833382,1.329436,-0.817451
1.826659,1.33499,-0.823736
1.826367,1.33002,-0.81102
1.826074,1.332067,-0.823151
1.826367,1.335282,-0.823297
1.828705,1.335574,-0.819351
1.83689,1.334405,-0.822567
1.818182,1.33119,-0.83119
1.824028,1.337328,-0.818182
1.826659,1.33382,-0.826805
1.822274,1.339082,-0.821105
1.824905,1.336451,-0.821543
1.826951,1.335574,-0.822274
1.826951,1.34259,-0.823151
1.823443,1.332651,-0.825197
1.823443,1.331774,-0.792312
1.822859,1.334113,-0.826805
1.821105,1.329436,-0.814089
1.833382,1.33382,-0.818474
1.827243,1.332359,-0.820813
1.824028,1.329144,-0.812189
1.827243,1.340544,-0.817597
1.825782,1.336159,-0.81672
1.820813,1.339082,-0.821397
1.818766,1.335867,-0.811605
1.822859,1.343759,-0.814674
1.818182,1.344928,-0.806051
1.819643,1.346098,-0.823151
1.821105,1.342298,-0.819497
1.813505,1.329728,-0.817451
1.826951,1.337036,-0.814674
1.824905,1.342298,-0.823297
1.821105,1.338205,-0.822713
1.821105,1.335867,-0.822128
1.819059,1.33002,-0.823443
1.816136,1.337913,-0.820374
1.820813,1.341421,-0.830459
1.817305,1.334405,-0.819643
1.822859,1.336451,-0.824905
1.819351,1.340836,-0.818036
1.822859,1.34639,-0.826659
1.821105,1.335867,-0.817743
1.82052,1.340251,-0.823297
1.826367,1.34259,-0.821543
1.820813,1.341713,-0.821397
1.822567,1.342298,-0.819643
1.826367,1.341128,-0.813797
1.826659,1.337621,-0.816866
1.819936,1.341128,-0.813505
1.827828,1.335574,-0.816282
1.826659,1.336159,-0.822274
1.823443,1.346682,-0.817597
1.827536,1.332651,-0.810728
1.817305,1.335574,-0.822274
1.819643,1.337913,-0.82432
1.819059,1.338498,-0.812043
1.821105,1.337036,-0.828997
1.824028,1.345805,-0.809559
1.821397,1.337913,-0.817597
1.817013,1.341713,-0.790266
1.817597,1.341128,-0.816574
1.821105,1.331774,-0.814674
1.819936,1.339082,-0.822567
1.82169,1.335282,-0.825197
1.827243,1.337913,-0.817743
1.819351,1.341713,-0.815405
1.822274,1.339082,-0.81292
1.822567,1.334697,-0.817013
1.824028,1.336451,-0.81102
1.822274,1.33382,-0.816136
1.819059,1.340251,-0.824028
1.824028,1.337036,-0.820374
1.820813,1.33879,-0.816574
1.811751,1.332944,-0.809559
1.816136,1.332944,-0.812336
1.814966,1.336159,-0.814236
1.818766,1.336744,-0.808389
1.819059,1.34259,-0.813651
1.824905,1.340251,-0.819059
1.818766,1.339667,-0.823882
1.823736,1.337036,-0.813066
1.818474,1.341421,-0.824613
1.81672,1.334405,-0.828851
1.812336,1.34259,-0.823297
1.817305,1.336451,-0.82359
1.821397,1.339082,-0.811312
1.819936,1.332944,-0.810143
1.819643,1.339959,-0.816866
1.819351,1.339082,-0.817597
1.813797,1.342005,-0.805905
1.821397,1.338498,-0.81102
1.819351,1.339667,-0.812628
1.821105,1.337328,-0.816282
1.820813,1.334697,-0.816282
1.820228,1.335282,-0.807951
1.814382,1.335574,-0.812189
1.818182,1.341128,-0.817743
1.819936,1.33119,-0.823443
1.817889,1.335282,-0.814382
1.813505,1.330313,-0.824028
1.814382,1.343174,-0.816136
1.814089,1.343467,-0.81862
1.817889,1.339082,-0.815113
1.815551,1.335867,-0.824905
1.815843,1.342298,-0.828705
1.82169,1.33499,-0.821105
1.823443,1.341128,-0.822567
1.824905,1.336159,-0.825343
1.822567,1.341713,-0.824759
1.819643,1.339959,-0.828851
1.814966,1.337036,-0.825782
1.81672,1.339374,-0.826805
1.817305,1.335574,-0.815405
1.828705,1.33499,-0.815113
1.818182,1.339374,-0.813359
1.814382,1.341128,-0.824759
1.822567,1.33499,-0.826367
1.82432,1.338498,-0.815843
1.828997,1.341713,-0.824759
1.82549,1.342005,-0.804005
1.817013,1.339667,-0.810874
1.825197,1.337913,-0.821251
1.832213,1.345221,-0.816136
1.819936,1.335867,-0.821397
1.819936,1.339082,-0.819936
1.822567,1.336159,-0.830751
1.821397,1.339374,-0.81979
1.819936,1.341128,-0.823297
1.824905,1.343174,-0.827097
1.822274,1.335574,-0.81979
1.822567,1.33879,-0.824613
1.823443,1.334113,-0.829144
1.818474,1.334697,-0.814674
1.823736,1.336159,-0.823005
1.817889,1.343174,-0.807805
1.81292,1.343174,-0.814966
1.819059,1.345221,-0.82812
1.823151,1.340836,-0.813943
1.822567,1.342882,-0.815989
1.809412,1.341713,-0.81789
1.816136,1.337621,-0.821397
1.814966,1.337913,-0.818182
1.815551,1.341713,-0.82242
1.82169,1.342005,-0.825197
1.822274,1.347267,-0.83002
1.818474,1.345221,-0.816866
1.82052,1.344636,-0.814382
1.822859,1.346975,-0.812482
1.816136,1.339959,-0.818913
1.810582,1.346098,-0.814089
1.817889,1.350482,-0.82052
1.812628,1.344051,-0.822713
1.804443,1.344344,-0.805174
1.818474,1.347559,-0.82052
1.818474,1.344344,-0.821251
1.811751,1.345513,-0.82739
1.812043,1.351067,-0.829582
1.815843,1.350482,-0.821397
1.821397,1.345221,-0.827097
1.818766,1.349021,-0.815405
1.811459,1.351067,-0.811166
1.820228,1.348144,-0.82359
1.816428,1.346098,-0.826805
1.816428,1.347267,-0.817451
1.814674,1.345513,-0.822859
1.814382,1.349313,-0.82052
1.82169,1.345513,-0.825051
1.813213,1.344636,-0.814966
1.814674,1.346975,-0.819059
1.816428,1.351067,-0.82739
1.813213,1.349313,-0.823005
1.810289,1.342005,-0.810143
1.82052,1.346098,-0.81482
1.821982,1.345513,-0.816574
1.82052,1.348436,-0.811459
1.812336,1.347267,-0.812628
1.815843,1.353405,-0.815697
1.814382,1.344344,-0.808682
1.815259,1.348144,-0.819497
1.81672,1.34639,-0.809705
1.817013,1.35019,-0.815843
1.818474,1.347559,-0.817743
1.810874,1.348436,-0.825782
1.817305,1.344636,-0.82622
1.812628,1.346098,-0.82359
1.813797,1.339082,-0.818036
1.813797,1.349605,-0.812482
1.813505,1.348436,-0.817159
1.820228,1.352528,-0.822128
1.818182,1.35019,-0.820666
1.819936,1.342882,-0.824174
1.816428,1.353113,-0.830605
1.819351,1.35019,-0.815697
1.820228,1.349605,-0.820082
1.816428,1.350482,-0.817159
1.814966,1.348144,-0.81862
1.813797,1.358959,-0.824613
1.818182,1.351652,-0.813797
1.817597,1.342005,-0.814966
1.817013,1.343174,-0.828705
1.817305,1.340251,-0.821397
1.807951,1.34639,-0.824759
1.813797,1.345805,-0.820374
1.819059,1.355452,-0.820666
1.817305,1.347559,-0.817597
1.819059,1.350482,-0.819936
1.817013,1.381175,-0.821251
1.82169,1.347267,-0.808828
1.826074,1.354282,-0.820666
1.821397,1.351067,-0.823297
1.812043,1.339959,-0.82432
1.818182,1.342298,-0.823443
1.814089,1.352528,-0.816136
1.820228,1.347559,-0.809997
1.812336,1.348144,-0.809266
1.813505,1.349605,-0.821836
1.821397,1.348728,-0.814089
1.814674,1.356913,-0.811897
1.812043,1.351067,-0.810874
1.814966,1.349898,-0.812189
1.820813,1.345221,-0.812628
1.81672,1.344636,-0.819497
1.813213,1.347559,-0.825782
1.810874,1.346682,-0.825928
1.813505,1.344051,-0.826659
1.818766,1.346975,-0.813213
1.812628,1.344051,-0.826513
1.814966,1.343467,-0.819643
1.814966,1.34639,-0.824905
1.820228,1.347267,-0.823151
1.818766,1.349313,-0.814528
1.815551,1.341713,-0.815843
1.81292,1.340251,-0.820374
1.811751,1.349313,-0.818474
1.814966,1.343467,-0.818036
1.815551,1.344344,-0.812336
1.819059,1.35399,-0.825343
1.819059,1.345805,-0.816574
1.810582,1.35019,-0.832797
1.814089,1.345805,-0.827828
1.816428,1.354575,-0.82739
1.814674,1.34639,-0.82169
1.822274,1.355452,-0.827828
1.82169,1.340544,-0.832359
1.816428,1.343174,-0.822567
1.814382,1.342882,-0.83119
1.815843,1.353698,-0.828705
1.807951,1.356329,-0.820959
1.814674,1.347852,-0.820374
1.820813,1.343759,-0.816866
1.812628,1.34259,-0.820228
1.807951,1.380883,-0.818913
1.812043,1.382637,-0.832505
1.814382,1.346098,-0.811751
1.818182,1.342298,-0.826513
1.82052,1.356329,-0.826659
1.813505,1.346975,-0.814089
1.817013,1.349021,-0.825051
1.817889,1.349313,-0.825343
1.821982,1.341713,-0.817597
1.822567,1.347852,-0.82359
1.821982,1.351652,-0.821982
1.809412,1.354575,-0.82812
1.821105,1.352236,-0.814382
1.818182,1.351067,-0.820374
1.818474,1.35399,-0.80912
1.814674,1.349605,-0.821543
1.818766,1.35399,-0.819205
1.814966,1.351359,-0.825343
1.812336,1.356329,-0.81789
1.817889,1.358959,-0.826513
1.815843,1.36159,-0.81862
1.817597,1.359544,-0.827682
1.811166,1.365683,-0.831482
1.818182,1.356913,-0.82359
1.81672,1.365098,-0.828413
1.816428,1.358959,-0.828705
1.81292,1.354575,-0.828997
1.810874,1.35399,-0.828267
1.817597,1.359836,-0.828997
1.81292,1.353698,-0.820666
1.813505,1.355159,-0.833967
1.813797,1.358667,-0.838498
1.815259,1.362175,-0.820374
1.807366,1.363929,-0.833674
1.808535,1.349021,-0.827244
1.812336,1.355159,-0.837182
1.815843,1.356329,-0.817743
1.811459,1.363344,-0.826513
1.807659,1.359836,-0.820082
1.814089,1.35779,-0.816136
1.813797,1.351944,-0.822713
1.816428,1.354575,-0.829874
1.809705,1.351944,-0.832067
1.80532,1.354575,-0.820666
1.807074,1.360421,-0.817013
1.816428,1.358375,-0.822859
1.80912,1.356621,-0.81979
1.807659,1.360713,-0.817597
1.807366,1.358375,-0.821836
1.803859,1.355744,-0.82242
1.810289,1.356621,-0.820959
1.813505,1.358667,-0.819351
1.813505,1.361006,-0.825928
1.807074,1.358959,-0.821543
1.810582,1.362759,-0.828851
1.813213,1.358667,-0.819351
1.809412,1.358959,-0.818182
1.816428,1.356621,-0.823151
1.813505,1.359544,-0.823297
1.81292,1.358959,-0.814089
1.809705,1.362175,-0.816866
1.806489,1.359544,-0.817305
1.812336,1.36656,-0.819643
1.808243,1.364806,-0.815697
1.807074,1.364806,-0.814674
1.813505,1.357206,-0.83119
1.816428,1.358375,-0.820228
1.814674,1.362467,-0.830605
1.819936,1.361298,-0.822567
1.817013,1.362175,-0.82929
1.81292,1.359252,-0.821397
1.80912,1.359544,-0.818328
1.806489,1.358375,-0.823736
1.812336,1.36159,-0.82359
1.809997,1.363929,-0.820374
1.816428,1.372113,-0.817159
1.814966,1.355159,-0.816428
1.813505,1.360129,-0.823005
1.810874,1.360713,-0.81789
1.817305,1.358082,-0.82052
1.810289,1.366267,-0.821836
1.810582,1.36539,-0.822274
1.806782,1.364221,-0.822567
1.812043,1.358667,-0.818766
1.810874,1.365098,-0.82432
1.811751,1.36159,-0.825051
1.815843,1.364513,-0.821982
1.810874,1.360421,-0.817451
1.813213,1.360713,-0.824174
1.812628,1.368606,-0.816574
1.810874,1.369775,-0.818766
1.809997,1.36919,-0.831921
1.808535,1.360713,-0.823443
1.810289,1.364221,-0.818182
1.816428,1.360713,-0.823151
1.803859,1.364513,-0.785881
1.808828,1.359836,-0.830313
1.805028,1.356621,-0.826513
1.806782,1.363929,-0.824905
1.81672,1.359544,-0.814236
1.812336,1.362759,-0.81672
1.813213,1.364221,-0.821105
1.806782,1.366852,-0.826074
1.811166,1.363636,-0.816866
1.808828,1.369483,-0.813943
1.815551,1.368898,-0.813943
1.812043,1.362467,-0.813651
1.819059,1.358082,-0.821251
1.815259,1.358082,-0.824467
1.812628,1.360421,-0.81102
1.809997,1.361882,-0.82432
1.804151,1.36539,-0.810874
1.820228,1.365975,-0.811166
1.815551,1.366852,-0.82359
1.812336,1.361006,-0.826659
1.808243,1.35779,-0.820082
1.81672,1.360713,-0.824028
1.814966,1.359544,-0.814674
1.816428,1.36539,-0.825343
1.812628,1.361006,-0.822859
1.814966,1.362175,-0.820666
1.814674,1.360713,-0.827682
1.808535,1.36656,-0.818036
1.811459,1.357206,-0.817305
1.810289,1.363929,-0.820959
1.806782,1.363344,-0.816136
1.812628,1.365975,-0.815843
1.81292,1.358667,-0.82169
1.813505,1.360713,-0.824174
1.811459,1.362175,-0.816866
1.813505,1.366852,-0.821105
1.814966,1.363052,-0.82242
1.80912,1.367436,-0.817451
1.820228,1.361298,-0.81789
1.814674,1.360129,-0.827828
1.81292,1.356913,-0.818328
1.815843,1.360713,-0.814236
1.806782,1.360713,-0.818328
1.818182,1.361298,-0.81789
1.81292,1.371529,-0.823736
1.811459,1.358667,-0.802689
1.810582,1.36656,-0.818766
1.821105,1.361298,-0.826513
1.808828,1.362467,-0.821543
1.811459,1.364513,-0.823736
1.806782,1.36919,-0.819936
1.811751,1.362467,-0.829436
1.810289,1.363052,-0.814236
1.812336,1.36919,-0.825928
1.811166,1.366852,-0.814674
1.811459,1.36159,-0.820959
1.814966,1.368021,-0.819059
1.807951,1.370067,-0.822128
1.809705,1.360421,-0.81862
1.808243,1.358375,-0.82812
1.808535,1.36656,-0.825197
1.810289,1.364513,-0.825928
1.802982,1.359252,-0.827682
1.804735,1.36159,-0.821397
1.809705,1.367144,-0.810143
1.80532,1.365098,-0.824905
1.811751,1.362175,-0.82739
1.809997,1.362175,-0.822713
1.815259,1.370944,-0.830459
1.810289,1.371529,-0.820813
1.812628,1.369775,-0.826367
1.806489,1.370944,-0.819497
1.804151,1.369775,-0.825197
1.813505,1.368606,-0.820374
1.809412,1.364806,-0.819351
1.802689,1.375037,-0.830751
1.807951,1.364806,-0.823443
1.803274,1.36539,-0.817743
1.808243,1.366267,-0.819497
1.814089,1.36656,-0.814382
1.808828,1.368021,-0.821543
1.807951,1.362467,-0.823297
1.80532,1.367729,-0.840105
1.803859,1.370944,-0.827682
1.808828,1.366267,-0.826513
1.813213,1.367144,-0.825197
1.807659,1.363929,-0.833674
1.812043,1.363929,-0.828705
1.814674,1.36539,-0.82549
1.809997,1.368606,-0.822567
1.807366,1.361882,-0.825343
1.811459,1.363052,-0.826951
1.805612,1.363344,-0.82432
1.810582,1.373283,-0.828559
1.804735,1.364221,-0.824028
1.814089,1.371529,-0.81672
1.808243,1.368898,-0.859398
1.808535,1.366267,-0.860567
1.811166,1.371236,-0.821836
1.801228,1.364806,-0.825051
1.804735,1.36656,-0.826513
1.809997,1.367729,-0.827974
1.806197,1.372406,-0.838059
1.803566,1.363929,-0.826805
1.811751,1.359544,-0.821982
1.807074,1.360421,-0.827097
1.80532,1.36159,-0.826074
1.808243,1.365683,-0.830167
1.805612,1.368898,-0.837621
1.808243,1.367729,-0.817451
1.812336,1.368313,-0.820082
1.807659,1.360421,-0.825928
1.804151,1.361006,-0.819497
1.806782,1.363344,-0.824028
1.808828,1.366267,-0.82622
1.808828,1.369775,-0.82622
1.810582,1.37036,-0.820374
1.805612,1.369483,-0.818036
1.813505,1.370652,-0.828705
1.80912,1.36539,-0.82169
1.810289,1.364806,-0.81789
1.808828,1.363344,-0.822274
1.811166,1.364513,-0.821982
1.80912,1.363052,-0.81672
1.80532,1.369483,-0.814674
1.812628,1.372406,-0.823882
1.805612,1.370944,-0.833821
1.802689,1.367144,-0.82169
1.807659,1.368606,-0.826805
1.807366,1.363929,-0.825197
1.808243,1.365975,-0.816282
1.811166,1.37036,-0.825636
1.806489,1.361006,-0.817013
1.808828,1.362759,-0.830313
1.813505,1.367436,-0.819205
1.808535,1.359544,-0.825197
1.812628,1.370067,-0.822567
1.815259,1.363344,-0.819936
1.813505,1.363636,-0.827682
1.808243,1.369775,-0.832067
1.805612,1.36539,-0.831628
1.818474,1.368021,-0.824467
1.808535,1.37036,-0.825928
1.802689,1.366267,-0.824028
1.806197,1.368606,-0.81979
1.809705,1.367436,-0.83689
1.804735,1.364513,-0.833528
1.806489,1.367729,-0.823151
1.814674,1.366852,-0.827097
1.807951,1.371236,-0.833528
1.810289,1.371821,-0.827974
1.811459,1.365098,-0.81672
1.80532,1.36656,-0.828267
1.806782,1.365975,-0.828413
1.808243,1.367436,-0.824028
1.812628,1.364221,-0.823736
1.807951,1.359544,-0.815989
1.807074,1.365975,-0.816574
1.808243,1.37036,-0.826074
1.812043,1.36919,-0.815697
1.811166,1.368021,-0.821251
1.802982,1.374452,-0.820666
1.802105,1.365975,-0.81789
1.804735,1.358082,-0.821251
1.810289,1.370067,-0.813651
1.806197,1.362467,-0.82052
1.802397,1.372113,-0.833674
1.805028,1.363052,-0.825051
1.813505,1.364221,-0.817451
1.802397,1.368606,-0.826513
1.800935,1.366267,-0.83002
1.811166,1.370067,-0.822567
1.808243,1.362175,-0.824759
1.804443,1.37299,-0.824613
1.806782,1.363636,-0.822274
1.808243,1.36539,-0.827536
1.807366,1.367144,-0.82242
1.804151,1.362175,-0.82359
1.806489,1.368898,-0.81672
1.803859,1.36919,-0.82169
1.806782,1.370067,-0.819059
1.808243,1.361006,-0.821982
1.801228,1.363929,-0.822128
1.806489,1.380298,-0.824905
1.802982,1.36656,-0.827682
1.801812,1.370652,-0.82432
1.804735,1.372113,-0.818328
1.800058,1.37416,-0.81862
1.80152,1.371821,-0.821982
1.798597,1.368898,-0.823151
1.799182,1.370067,-0.823297
1.798597,1.37036,-0.81979
1.800351,1.375621,-0.819205
1.800935,1.374452,-0.827828
1.80152,1.379421,-0.820228
1.801812,1.386437,-0.827536
1.804151,1.375914,-0.82242
1.800351,1.374452,-0.82052
1.798889,1.379714,-0.820374
1.794797,1.375329,-0.81292
1.803859,1.377083,-0.826513
1.796551,1.373283,-0.824467
1.805028,1.377083,-0.820813
1.803859,1.37416,-0.816428
1.802982,1.38059,-0.833674
1.802689,1.382929,-0.796258
1.797135,1.383221,-0.825782
1.796843,1.376498,-0.830605
1.808828,1.378837,-0.830459
1.832505,1.376498,-0.832944
1.798889,1.377083,-0.83002
1.798889,1.381175,-0.826513
1.795966,1.376498,-0.82169
1.801812,1.373283,-0.825343
1.805612,1.37796,-0.822128
1.79392,1.38176,-0.827097
1.800058,1.382637,-0.822128
1.798012,1.372698,-0.817743
1.79392,1.368898,-0.825636
1.796258,1.379129,-0.82242
1.799474,1.378252,-0.829874
1.797135,1.380883,-0.82622
1.794505,1.372113,-0.815843
1.797135,1.375037,-0.818766
1.793043,1.37416,-0.832213
1.799766,1.368021,-0.82432
1.801812,1.37796,-0.832797
1.795381,1.381175,-0.833821
1.79772,1.38439,-0.82052
1.796551,1.373867,-0.820228
1.793043,1.371821,-0.827536
1.795089,1.38059,-0.821397
1.799474,1.381175,-0.827536
1.791581,1.382052,-0.83002
1.800351,1.378837,-0.821982
1.791581,1.382929,-0.812774
1.795381,1.38059,-0.83309
1.795381,1.376498,-0.826074
1.794505,1.379129,-0.827974
1.803859,1.38176,-0.82242
1.793043,1.374744,-0.820959
1.794797,1.373575,-0.832944
1.791581,1.364806,-0.833382
1.797135,1.378837,-0.837036
1.798305,1.37036,-0.828413
1.795966,1.371821,-0.836598
1.796843,1.378544,-0.826367
1.796258,1.384975,-0.836013
1.798597,1.378837,-0.833382
1.796258,1.381467,-0.824467
1.802397,1.380883,-0.83499
1.796551,1.380006,-0.831482
1.795674,1.377375,-0.830605
1.803859,1.37679,-0.839813
1.79772,1.374452,-0.824613
1.801812,1.378252,-0.830897
1.799182,1.374452,-0.820228
1.79772,1.371821,-0.82432
1.794797,1.374452,-0.836159
1.796258,1.370652,-0.830897
1.799474,1.377083,-0.830605
1.793335,1.379421,-0.833382
1.796843,1.376498,-0.824613
1.805028,1.372698,-0.831628
1.799474,1.379714,-0.827244
1.802105,1.377083,-0.821836
1.801228,1.377083,-0.821543
1.797135,1.372698,-0.832944
1.796258,1.378544,-0.833382
1.806489,1.387898,-0.838644
1.804151,1.375037,-0.824028
1.796843,1.38176,-0.836744
1.800351,1.382344,-0.835282
1.798305,1.370944,-0.824905
1.798305,1.372113,-0.818913
1.800643,1.377375,-0.836598
1.802105,1.372406,-0.831774
1.800058,1.37036,-0.830897
1.799182,1.381467,-0.82929
1.799474,1.374452,-0.828413
1.802689,1.368021,-0.823297
1.804443,1.372698,-0.826367
1.797135,1.373867,-0.820228
1.801812,1.370944,-0.834259
1.796258,1.381467,-0.838498
1.798597,1.372113,-0.835136
1.805905,1.378837,-0.824905
1.798889,1.380006,-0.829582
1.800935,1.37036,-0.83499
1.800643,1.385267,-0.827828
1.802397,1.382929,-0.82929
1.802689,1.38439,-0.831336
1.794505,1.382344,-0.828559
1.799474,1.377375,-0.817013
1.794212,1.374744,-0.833236
1.798305,1.374744,-0.827682
1.793335,1.377667,-0.82739
1.801228,1.374452,-0.82169
1.799474,1.375914,-0.827682
1.797428,1.37416,-0.822274
1.802105,1.382052,-0.824613
1.796551,1.380006,-0.825636
1.802105,1.375329,-0.832505
1.801812,1.381175,-0.82549
1.796551,1.37036,-0.816136
1.800058,1.383806,-0.828851
1.79772,1.377667,-0.826513
1.797428,1.372406,-0.829436
1.80152,1.382052,-0.825343
1.800935,1.376206,-0.830605
1.803859,1.383806,-0.834551
1.801812,1.375914,-0.831774
1.800351,1.38176,-0.826074
1.799766,1.375621,-0.832359
1.802397,1.381175,-0.837913
1.798305,1.383221,-0.831921
1.795674,1.384975,-0.828997
1.803566,1.380298,-0.820666
1.79392,1.386437,-0.835282
1.803859,1.384098,-0.843905
1.804735,1.380883,-0.825051
1.802397,1.376206,-0.82622
1.800935,1.387021,-0.829728
1.802105,1.389068,-0.83119
1.795966,1.385267,-0.827244
1.80532,1.385852,-0.82622
1.805028,1.386144,-0.838205
1.799474,1.379421,-0.822859
1.802689,1.383221,-0.825343
1.795966,1.382637,-0.827244
1.799474,1.384683,-0.828997
1.801228,1.389068,-0.82739
1.79772,1.390821,-0.830167
1.804443,1.385267,-0.838936
1.805905,1.384098,-0.837621
1.801812,1.389944,-0.835136
1.803859,1.391698,-0.823736
1.79772,1.391406,-0.836013
1.803859,1.384098,-0.828267
1.801228,1.387606,-0.828267
1.798305,1.383806,-0.83119
1.800935,1.387606,-0.834844
1.798012,1.388775,-0.834113
1.806782,1.385852,-0.831482
1.798305,1.386729,-0.837036
1.79392,1.392283,-0.832213
1.794212,1.39316,-0.830751
1.798012,1.395206,-0.822274
1.798889,1.385852,-0.837328
1.794505,1.392283,-0.834113
1.793628,1.389944,-0.818328
1.791289,1.39316,-0.830459
1.796551,1.390529,-0.823443
1.831044,1.386729,-0.822128
1.796551,1.388191,-0.829728
1.760889,1.386729,-0.827536
1.79772,1.387314,-0.82929
1.799474,1.384098,-0.826367
1.798889,1.384975,-0.826659
1.791874,1.388775,-0.83309
1.795966,1.387021,-0.829874
1.798012,1.378837,-0.848875
1.798597,1.38176,-0.829144
1.795966,1.390237,-0.835867
1.794212,1.390821,-0.832651
1.797135,1.392575,-0.827244
1.79772,1.388191,-0.826513
1.790412,1.382344,-0.827244
1.792751,1.391406,-0.825051
1.795966,1.38439,-0.836451
1.796258,1.392575,-0.83119
1.794797,1.389944,-0.839959
1.797135,1.385267,-0.84069
1.787197,1.379421,-0.843028
1.794797,1.387898,-0.839374
1.791289,1.383806,-0.837913
1.792458,1.386437,-0.829436
1.79392,1.383221,-0.83879
1.794505,1.384975,-0.821836
1.791874,1.387021,-0.819497
1.796551,1.393744,-0.834551
1.798305,1.385852,-0.835428
1.801228,1.384683,-0.83309
1.793628,1.391114,-0.830167
1.79772,1.380883,-0.834551
1.792751,1.396668,-0.838936
1.802982,1.386729,-0.838205
1.805028,1.383221,-0.832359
1.795966,1.390529,-0.837474
1.802982,1.420053,-0.832213
1.791581,1.387314,-0.833821
1.794797,1.381175,-0.836013
1.79392,1.389652,-0.830897
1.795089,1.383806,-0.825197
1.759135,1.388191,-0.832651
1.794797,1.389944,-0.835574
1.800351,1.378544,-0.830897
1.798305,1.391114,-0.832944
1.79392,1.390821,-0.830897
1.796258,1.383221,-0.824759
1.795089,1.38439,-0.842736
1.791874,1.382344,-0.829144
1.800935,1.38556,-0.823736
1.794797,1.385852,-0.827682
1.799766,1.390529,-0.827974
1.797135,1.388191,-0.824905
1.797428,1.388775,-0.834844
1.794505,1.381175,-0.844051
1.793628,1.387021,-0.825197
1.795674,1.390237,-0.841274
1.793628,1.380298,-0.832213
1.799182,1.38556,-0.829728
1.796258,1.376498,-0.835282
1.793043,1.386144,-0.837621
1.797135,1.379421,-0.831482
1.795381,1.382052,-0.827974
1.798012,1.388483,-0.831921
1.795674,1.38556,-0.827536
1.796258,1.391991,-0.813359
1.798597,1.391698,-0.837621
1.79392,1.384683,-0.837328
1.793335,1.390237,-0.82169
1.802397,1.389944,-0.832651
1.799182,1.38936,-0.831774
1.800351,1.386144,-0.843467
1.799766,1.387314,-0.831044
1.797428,1.383514,-0.836598
1.802397,1.382344,-0.833821
1.799474,1.390529,-0.82929
1.801812,1.388191,-0.839521
1.79772,1.38556,-0.830751
1.802105,1.384098,-0.832067
1.80532,1.382929,-0.825928
1.802105,1.385852,-0.811605
1.790704,1.38556,-0.824467
1.798305,1.380298,-0.828267
1.793335,1.388483,-0.829144
1.796258,1.382929,-0.834844
1.79772,1.385267,-0.823443
1.794505,1.394037,-0.824028
1.791874,1.389068,-0.828997
1.79772,1.383221,-0.827974
1.799474,1.386437,-0.833382
1.795381,1.389652,-0.835721
1.796258,1.380883,-0.840105
1.796258,1.388775,-0.822128
1.797428,1.391991,-0.823882
1.795966,1.386729,-0.835574
1.795966,1.392283,-0.827828
1.793335,1.391698,-0.835136
1.794505,1.392868,-0.834405
1.794212,1.383806,-0.826805
1.79392,1.394329,-0.82812
1.795674,1.388191,-0.819059
1.792166,1.397252,-0.820374
1.793043,1.39316,-0.82242
1.800643,1.392868,-0.826805
1.788951,1.396668,-0.833236
1.796551,1.396083,-0.82359
1.786612,1.397837,-0.828267
1.796258,1.395206,-0.824467
1.803274,1.396668,-0.830459
1.795089,1.392283,-0.829874
1.79012,1.391406,-0.826805
1.796843,1.395791,-0.829144
1.798597,1.399006,-0.82432
1.793043,1.398129,-0.824759
1.797428,1.402222,-0.813359
1.795089,1.399883,-0.828705
1.790997,1.38936,-0.825343
1.786612,1.398422,-0.826513
1.799474,1.403683,-0.82622
1.789243,1.400468,-0.827244
1.795089,1.399298,-0.830897
1.791289,1.394621,-0.815113
1.794505,1.394621,-0.787051
1.793335,1.396668,-0.828705
1.79772,1.394914,-0.824028
1.791874,1.393452,-0.809705
1.793335,1.399006,-0.825343
1.79772,1.398422,-0.819497
1.790704,1.397252,-0.829582
1.795381,1.391991,-0.835867
1.794212,1.397837,-0.831774
1.791874,1.389068,-0.824759
1.794797,1.394329,-0.827244
1.787489,1.398422,-0.821982
1.789535,1.395498,-0.826805
1.79392,1.397252,-0.820374
1.800643,1.397545,-0.821397
1.786612,1.397837,-0.828705
1.792458,1.393744,-0.828705
1.794797,1.401929,-0.814236
1.788074,1.392575,-0.821543
1.786027,1.397837,-0.818474
1.796258,1.394914,-0.82242
1.800058,1.401052,-0.818913
1.794797,1.397545,-0.82052
1.789828,1.398714,-0.816866
1.791581,1.397545,-0.812628
1.796551,1.398422,-0.825636
1.794212,1.397545,-0.826513
1.791581,1.40076,-0.824028
1.791874,1.403098,-0.831628
1.795966,1.396375,-0.831336
1.795674,1.393452,-0.828559
1.791581,1.399298,-0.816428
1.793335,1.394914,-0.825636
1.792751,1.399006,-0.815259
1.795674,1.39696,-0.823882
1.790412,1.390529,-0.817013
1.791874,1.399883,-0.828851
1.789828,1.397837,-0.824028
1.795966,1.399006,-0.819351
1.791874,1.395791,-0.822859
1.799766,1.400468,-0.817013
1.800351,1.394914,-0.824905
1.792458,1.404852,-0.820813
1.798305,1.403683,-0.82432
1.792751,1.397837,-0.82549
1.799182,1.399006,-0.824759
1.794212,1.403098,-0.826805
1.797428,1.398714,-0.837328
1.800935,1.39316,-0.818182
1.796258,1.394621,-0.828267
1.790412,1.392575,-0.834405
1.79392,1.399006,-0.786758
1.79772,1.399591,-0.821836
1.795966,1.389944,-0.816136
1.801812,1.398714,-0.821982
1.786612,1.401052,-0.82432
1.821105,1.397545,-0.830751
1.791581,1.395791,-0.819351
1.798305,1.392283,-0.818036
1.795674,1.395206,-0.823443
1.799182,1.401637,-0.822128
1.794505,1.39696,-0.822128
1.794505,1.403975,-0.816574
1.794505,1.396375,-0.822274
1.789243,1.399298,-0.826074
1.797135,1.396083,-0.82432
1.789243,1.394037,-0.818474
1.794212,1.403975,-0.823882
1.792751,1.402222,-0.816866
1.789535,1.398129,-0.824905
1.790704,1.399883,-0.819643
1.795381,1.404852,-0.821836
1.798597,1.40076,-0.825928
1.794505,1.402514,-0.832067
1.79012,1.401637,-0.816574
1.796551,1.407776,-0.821543
1.791874,1.397252,-0.824905
1.784274,1.407776,-0.815259
1.79012,1.40076,-0.82622
1.795674,1.394329,-0.821397
1.792166,1.402514,-0.820228
1.793043,1.395498,-0.82622
1.787781,1.402222,-0.829728
1.796258,1.405437,-0.825928
1.793628,1.40076,-0.819059
1.793628,1.398714,-0.835282
1.793335,1.395206,-0.823005
1.800058,1.396375,-0.82432
1.793043,1.40456,-0.819643
1.79772,1.402222,-0.826367
1.792166,1.395206,-0.815405
1.788366,1.391406,-0.822274
1.79392,1.402514,-0.81482
1.794797,1.398422,-0.827974
1.795966,1.403683,-0.828559
1.792751,1.401345,-0.821251
1.797428,1.396668,-0.829144
1.79392,1.402222,-0.830313
1.795674,1.391991,-0.830605
1.796843,1.390529,-0.83002
1.795966,1.397545,-0.832944
1.797135,1.392575,-0.825782
1.796843,1.403975,-0.832213
1.791581,1.402514,-0.825636
1.796551,1.400175,-0.857936
1.793335,1.396083,-0.831774
1.795674,1.398129,-0.832359
1.792166,1.401345,-0.823443
1.791581,1.410406,-0.83119
1.792751,1.398422,-0.830605
1.759719,1.398422,-0.827244
1.790997,1.406022,-0.830897
1.798305,1.404852,-0.829144
1.791289,1.411868,-0.826805
1.79012,1.397837,-0.814236
1.790704,1.407191,-0.825343
1.79392,1.403098,-0.834405
1.784566,1.402514,-0.837621
1.787197,1.407776,-0.837913
1.796551,1.407483,-0.826074
1.793335,1.41216,-0.826367
1.787781,1.404268,-0.821982
1.791874,1.40456,-0.838205
1.790997,1.407776,-0.827536
1.799182,1.403975,-0.835136
1.792458,1.408652,-0.830313
1.790997,1.399006,-0.828705
1.790997,1.40836,-0.823443
1.788074,1.408945,-0.811166
1.789535,1.406899,-0.832944
1.792458,1.403098,-0.831628
1.790704,1.40456,-0.822274
1.787489,1.410406,-0.829144
1.786904,1.404268,-0.824759
1.786612,1.399591,-0.821543
1.787781,1.403098,-0.821543
1.79012,1.405145,-0.825782
1.788074,1.405145,-0.828267
1.788951,1.409822,-0.827682
1.788366,1.407191,-0.82622
1.787489,1.403975,-0.826074
1.791874,1.402222,-0.834113
1.783981,1.411283,-0.82812
1.784566,1.410114,-0.829436
1.791581,1.399298,-0.827974
1.793335,1.406606,-0.827244
1.787197,1.403975,-0.823736
1.779304,1.402222,-0.824174
1.783104,1.413037,-0.828851
1.792166,1.409529,-0.819936
1.787781,1.408652,-0.828559
1.785735,1.404852,-0.829728
1.791289,1.40836,-0.83309
1.795674,1.403098,-0.832944
1.794505,1.406314,-0.832359
1.790412,1.408068,-0.820082
1.784274,1.402806,-0.832651
1.780474,1.404852,-0.855159
1.785151,1.409822,-0.831628
1.795089,1.405729,-0.827536
1.791581,1.407776,-0.819351
1.783981,1.40456,-0.82052
1.789828,1.406899,-0.826513
1.791874,1.406606,-0.831482
1.787489,1.409237,-0.836451
1.789243,1.406022,-0.836159
1.794212,1.404268,-0.827536
1.784858,1.40076,-0.827536
1.793043,1.40456,-0.835428
1.786027,1.402806,-0.824759
1.786904,1.407191,-0.827682
1.785443,1.406314,-0.82052
1.783397,1.406022,-0.828559
1.793043,1.413914,-0.82739
1.791581,1.406314,-0.820813
1.790412,1.406606,-0.824174
1.786027,1.410406,-0.816428
1.793628,1.40836,-0.834113
1.792166,1.41713,-0.819059
1.787197,1.410991,-0.82359
1.781935,1.406314,-0.820082
1.792166,1.410114,-0.822859
1.787197,1.404268,-0.821836
1.791874,1.402222,-0.82242
1.788074,1.410114,-0.836305
1.793335,1.410991,-0.839667
1.792751,1.406314,-0.817743
1.793043,1.416545,-0.82242
1.79012,1.408068,-0.82359
1.785735,1.41596,-0.813943
1.788658,1.410114,-0.837474
1.790412,1.410406,-0.844051
1.79392,1.405437,-0.829582
1.791874,1.410114,-0.824174
1.785443,1.413622,-0.82432
1.79012,1.40836,-0.826659
1.79392,1.411576,-0.831774
1.791581,1.413037,-0.824613
1.793043,1.415083,-0.826367
1.786612,1.408945,-0.832944
1.785151,1.412452,-0.843613
1.787489,1.405145,-0.833382
1.794212,1.408652,-0.827244
1.793335,1.40076,-0.831044
1.786027,1.411576,-0.824905
1.791874,1.410699,-0.820959
1.789243,1.408652,-0.829144
1.786612,1.411868,-0.823443
1.795674,1.410406,-0.828997
1.790704,1.402806,-0.822274
1.794212,1.408068,-0.820082
1.784274,1.405145,-0.827536
1.788951,1.412745,-0.827828
1.787489,1.407776,-0.830459
1.792751,1.408068,-0.828705
1.784274,1.407483,-0.828413
1.783104,1.411283,-0.828559
1.786612,1.414206,-0.833528
1.792751,1.409237,-0.832067
1.788951,1.407191,-0.830897
1.783104,1.406606,-0.830605
1.787197,1.41216,-0.834259
1.792458,1.410699,-0.828559
1.786904,1.415376,-0.833236
1.788366,1.404852,-0.825197
1.788951,1.413329,-0.827097
1.787197,1.404852,-0.821836
1.789243,1.401929,-0.819497
1.786027,1.40076,-0.819497
1.786904,1.404852,-0.833821
1.795674,1.410406,-0.834844
1.79012,1.410114,-0.824759
1.791289,1.407191,-0.82359
1.791874,1.415083,-0.837621
1.794505,1.41216,-0.830167
1.788658,1.415668,-0.83119
1.79392,1.405437,-0.836451
1.788074,1.410699,-0.833528
1.787489,1.414791,-0.840836
1.786612,1.412745,-0.827974
1.786612,1.415083,-0.832067
1.780181,1.408945,-0.825051
1.781643,1.410699,-0.832651
1.786904,1.415083,-0.842882
1.787197,1.414791,-0.828705
1.785443,1.409822,-0.831921
1.788074,1.416837,-0.81672
1.780766,1.413329,-0.825197
1.785151,1.41216,-0.826951
1.787489,1.412745,-0.815405
1.787781,1.408068,-0.842444
1.785735,1.412452,-0.825928
1.794797,1.416545,-0.833821
1.783397,1.414791,-0.834844
1.784858,1.418591,-0.825928
1.78252,1.406606,-0.830167
1.78632,1.41596,-0.826659
1.791581,1.412745,-0.833236
1.783397,1.418883,-0.839228
1.788366,1.414791,-0.83499
1.790704,1.418591,-0.829436
1.758842,1.409529,-0.832067
1.789828,1.418883,-0.82549
1.784858,1.413622,-0.834113
1.782227,1.415668,-0.827244
1.785735,1.412452,-0.83002
1.791581,1.41216,-0.82622
1.789828,1.413037,-0.82242
1.781935,1.414206,-0.824467
1.783981,1.414499,-0.83499
1.786612,1.41596,-0.818766
1.778135,1.412452,-0.82812
1.786904,1.410699,-0.832359
1.784858,1.415668,-0.830897
1.792751,1.41596,-0.822859
1.787489,1.413037,-0.833821
1.788366,1.415083,-0.831044
1.791289,1.417422,-0.831044
1.782812,1.407776,-0.829436
1.788366,1.414206,-0.826805
1.792751,1.40836,-0.827536
1.791289,1.420053,-0.822274
1.79012,1.418299,-0.820082
1.786612,1.422976,-0.82052
1.783689,1.410406,-0.823297
1.784566,1.41216,-0.823151
1.783397,1.414206,-0.833821
1.790997,1.413914,-0.82622
1.784566,1.41216,-0.833674
1.784858,1.414206,-0.82242
1.787489,1.416837,-0.818766
1.783397,1.411283,-0.812482
1.789243,1.407191,-0.824467
1.79012,1.415668,-0.829144
1.786027,1.416253,-0.82929
1.78252,1.415083,-0.832359
1.780181,1.411868,-0.827244
1.791289,1.41596,-0.831482
1.788658,1.415083,-0.821251
1.791289,1.418006,-0.82929
1.781643,1.414791,-0.81979
1.783981,1.419468,-0.816866
1.784274,1.426776,-0.823882
1.783981,1.41713,-0.824905
1.79012,1.429114,-0.826951
1.789535,1.418591,-0.824028
1.781935,1.418299,-0.821543
1.794797,1.416837,-0.82622
1.792458,1.417714,-0.825197
1.78135,1.420345,-0.815405
1.785443,1.416253,-0.836744
1.787197,1.413037,-0.823297
1.789535,1.424437,-0.821836
1.79012,1.411868,-0.833382
1.789828,1.423268,-0.835428
1.792458,1.408945,-0.829728
1.792751,1.413914,-0.827536
1.793043,1.419176,-0.823736
1.783981,1.415083,-0.82622
1.792751,1.41596,-0.833236
1.787197,1.41596,-0.817451
1.791581,1.413037,-0.824028
1.784274,1.415376,-0.813505
1.784274,1.413622,-0.833821
1.78632,1.41216,-0.831044
1.789828,1.421806,-0.821105
1.786904,1.421222,-0.834113
1.790704,1.416253,-0.825782
1.793335,1.41596,-0.828559
1.79392,1.421514,-0.833821
1.785735,1.41713,-0.819497
1.781058,1.421806,-0.820082
1.783104,1.42356,-0.825636
1.78135,1.425022,-0.828267
1.782812,1.421806,-0.827974
1.783689,1.41713,-0.819497
1.781935,1.413914,-0.824759
1.789828,1.423268,-0.833236
1.781643,1.41713,-0.834697
1.783981,1.416837,-0.823005
1.791581,1.415083,-0.832213
1.788074,1.412452,-0.824028
1.791874,1.42093,-0.828267
1.787781,1.420053,-0.835428
1.787781,1.418883,-0.828559
1.794797,1.415376,-0.821543
1.790704,1.419176,-0.826659
1.78632,1.410699,-0.824028
1.786027,1.422976,-0.825197
1.796843,1.416253,-0.796112
1.795674,1.417714,-0.823005
1.788366,1.410699,-0.822128
1.795089,1.418883,-0.829144
1.793628,1.416837,-0.832213
1.788951,1.418883,-0.833674
1.778135,1.418006,-0.819205
1.790997,1.409529,-0.828705
1.786027,1.416545,-0.837182
1.789243,1.415083,-0.828413
1.795674,1.422976,-0.829582
1.787197,1.415668,-0.830167
1.787197,1.417422,-0.832797
1.784858,1.410406,-0.834551
1.790997,1.415376,-0.825782
1.784858,1.418006,-0.83119
1.786027,1.414791,-0.828559
1.787489,1.416253,-0.83499
1.788658,1.421514,-0.823736
1.789828,1.423268,-0.815405
1.785735,1.425022,-0.819643
1.788951,1.423268,-0.818182
1.792751,1.413329,-0.81482
1.786904,1.41713,-0.821397
1.789243,1.421806,-0.825197
1.784274,1.413037,-0.817159
1.787197,1.416253,-0.818182
1.793335,1.422976,-0.82359
1.794797,1.42473,-0.837036
1.783104,1.42736,-0.830313
1.782812,1.41713,-0.814966
1.789243,1.425022,-0.811312
1.782227,1.427068,-0.813213
1.790997,1.426776,-0.810728
1.788366,1.429699,-0.832651
1.789535,1.425899,-0.815697
1.783689,1.421806,-0.816574
1.785735,1.422683,-0.818913
1.788074,1.421806,-0.828997
1.783397,1.423853,-0.827097
1.779597,1.42356,-0.81979
1.788951,1.425899,-0.821982
1.783104,1.418591,-0.821982
1.783981,1.416253,-0.827097
1.79012,1.428237,-0.819205
1.784566,1.421806,-0.791289
1.788951,1.425899,-0.852529
1.780766,1.429991,-0.829582
1.787197,1.426191,-0.829874
1.788074,1.45893,-0.824028
1.786904,1.426776,-0.823297
1.785443,1.422976,-0.823443
1.788366,1.420637,-0.822859
1.781643,1.42736,-0.827974
1.785735,1.427653,-0.823151
1.77755,1.41976,-0.815259
1.782812,1.421806,-0.825928
1.788074,1.426191,-0.825782
1.794505,1.430868,-0.826367
1.790412,1.429699,-0.827244
1.789243,1.422683,-0.808828
1.787781,1.426484,-0.82052
1.791289,1.42093,-0.823151
1.783104,1.429407,-0.818182
1.786904,1.418883,-0.826805
1.786904,1.418883,-0.832797
1.783981,1.42356,-0.82549
1.785735,1.43233,-0.817743
1.783104,1.425899,-0.821982
1.77755,1.424437,-0.82359
1.781058,1.416837,-0.82622
1.78252,1.427068,-0.830751
1.783104,1.429407,-0.82359
1.783689,1.430284,-0.832067
1.786612,1.419468,-0.819205
1.783397,1.42473,-0.815551
1.793335,1.41596,-0.826659
1.777843,1.423268,-0.824028
1.794212,1.427068,-0.824467
1.785735,1.423853,-0.820666
1.784566,1.425606,-0.831628
1.78135,1.425022,-0.822713
1.781935,1.425899,-0.817159
1.786027,1.420053,-0.820374
1.790412,1.433499,-0.831774
1.787197,1.43116,-0.824759
1.79012,1.426776,-0.820228
1.784566,1.425314,-0.82812
1.786904,1.425314,-0.824613
1.791581,1.420637,-0.83002
1.783397,1.427653,-0.828559
1.786612,1.415668,-0.823736
1.786904,1.427068,-0.827097
1.781058,1.420053,-0.813797
1.77872,1.41976,-0.823297
1.785151,1.421806,-0.835136
1.78135,1.426191,-0.815259
1.782812,1.421514,-0.824905
1.781058,1.423268,-0.834844
1.78252,1.425022,-0.823005
1.783397,1.420053,-0.796697
1.783104,1.425899,-0.818913
1.781935,1.456007,-0.828267
1.780181,1.418299,-0.828997
1.788366,1.431453,-0.826513
1.788658,1.414206,-0.829582
1.786904,1.425022,-0.826367
1.783104,1.421806,-0.831921
1.78252,1.430868,-0.815551
1.783689,1.427653,-0.82169
1.77375,1.431453,-0.836305
1.778427,1.434376,-0.82739
1.779597,1.429699,-0.825343
1.783104,1.427068,-0.826367
1.785735,1.429407,-0.832505
1.78135,1.425022,-0.824759
1.789243,1.430868,-0.82169
1.783689,1.425606,-0.82622
1.776966,1.42736,-0.826805
1.780181,1.422683,-0.829728
1.786027,1.422683,-0.825636
1.788074,1.426776,-0.837913
1.785735,1.425899,-0.823882
1.786612,1.42736,-0.826659
1.781058,1.427653,-0.831774
1.786027,1.426776,-0.829144
1.781643,1.424437,-0.831921
1.788658,1.430284,-0.831336
1.781935,1.432914,-0.833674
1.785151,1.426191,-0.83002
1.783104,1.422391,-0.820813
1.78135,1.420345,-0.833967
1.779304,1.420053,-0.822274
1.783981,1.424145,-0.821105
1.78632,1.42356,-0.82929
1.788658,1.426776,-0.832944
1.784566,1.421514,-0.818913
1.782812,1.415376,-0.830313
1.78632,1.422976,-0.818036
1.780181,1.421806,-0.821982
1.787781,1.431453,-0.822567
1.786027,1.419468,-0.82622
1.788658,1.416837,-0.834405
1.786612,1.426484,-0.85969
1.79012,1.433207,-0.835136
1.785443,1.423853,-0.81672
1.788366,1.457761,-0.829436
1.781643,1.421806,-0.833382
1.786027,1.425022,-0.82052
1.784858,1.426776,-0.83002
1.787197,1.425606,-0.824467
1.774627,1.420637,-0.829436
1.77872,1.420637,-0.827536
1.781643,1.435253,-0.822274
1.783104,1.427653,-0.828413
1.779889,1.426776,-0.830605
1.775504,1.433499,-0.832359
1.775504,1.432914,-0.822128
1.783104,1.430284,-0.828997
1.775504,1.433499,-0.834697
1.78135,1.437591,-0.829144
1.78135,1.433499,-0.842005
1.77755,1.433499,-0.833528
1.779597,1.430868,-0.828559
1.783397,1.436422,-0.827244
1.786612,1.433207,-0.827244
1.784274,1.439345,-0.836013
1.783689,1.43613,-0.839082
1.778135,1.433499,-0.83119
1.777258,1.436422,-0.834844
1.785151,1.435838,-0.824905
1.780474,1.434084,-0.833382
1.776673,1.43116,-0.831774
1.776381,1.430868,-0.835428
1.776673,1.434668,-0.831774
1.773166,1.427653,-0.838059
1.77375,1.430576,-0.835136
1.773458,1.431745,-0.833528
1.780181,1.435545,-0.832505
1.779889,1.429699,-0.83499
1.779304,1.432914,-0.831482
1.780181,1.42736,-0.837036
1.781643,1.429114,-0.833236
1.784274,1.435545,-0.836305
1.785735,1.440222,-0.829874
1.773458,1.42853,-0.825343
1.767612,1.43496,-0.825197
1.780474,1.435545,-0.824905
1.781643,1.440807,-0.822713
1.78252,1.438761,-0.787635
1.775504,1.432914,-0.825197
1.77872,1.434376,-0.81862
1.787781,1.432622,-0.82739
1.771996,1.427068,-0.827536
1.77872,1.435253,-0.830167
1.77492,1.427945,-0.823443
1.77755,1.429114,-0.817743
1.779304,1.428822,-0.815113
1.779304,1.430576,-0.823297
1.77755,1.428822,-0.821105
1.78632,1.42853,-0.818766
1.779597,1.437884,-0.827682
1.783397,1.438176,-0.820082
1.774043,1.432037,-0.822274
1.78252,1.438468,-0.81979
1.788074,1.431745,-0.825928
1.776089,1.42473,-0.818328
1.776966,1.436422,-0.817013
1.782227,1.431745,-0.823005
1.78252,1.432622,-0.821982
1.776966,1.437007,-0.82052
1.776381,1.434376,-0.827244
1.780474,1.433207,-0.814966
1.784858,1.439345,-0.824028
1.777258,1.435253,-0.813505
1.775212,1.440514,-0.829436
1.780474,1.434668,-0.829728
1.78135,1.43993,-0.804151
1.78632,1.430576,-0.823736
1.780474,1.438176,-0.824174
1.78135,1.435545,-0.827828
1.777843,1.437591,-0.831044
1.781643,1.433499,-0.824467
1.785735,1.436422,-0.831482
1.785443,1.436714,-0.826367
1.780766,1.441976,-0.832944
1.776381,1.435838,-0.823297
1.774335,1.435253,-0.825928
1.775212,1.433791,-0.820666
1.781058,1.435253,-0.823443
1.777843,1.434376,-0.815259
1.781058,1.435253,-0.82549
1.776966,1.430868,-0.821836
1.775797,1.433791,-0.789535
1.779889,1.437299,-0.814089
1.774335,1.436422,-0.826951
1.776381,1.442853,-0.823151
1.780766,1.426776,-0.82359
1.77872,1.427945,-0.832359
1.778135,1.438176,-0.829874
1.779889,1.42736,-0.828705
1.787489,1.437884,-0.825782
1.777258,1.438468,-0.824905
1.78135,1.429114,-0.828851
1.775797,1.436422,-0.83002
1.776381,1.43116,-0.819351
1.777843,1.439345,-0.826805
1.77872,1.433207,-0.818182
1.774627,1.430868,-0.823736
1.780766,1.434376,-0.830605
1.783104,1.430576,-0.825051
1.782812,1.43496,-0.832359
1.783397,1.436714,-0.825636
1.779889,1.434376,-0.825051
1.777843,1.432622,-0.822274
1.785735,1.431453,-0.831044
1.781935,1.43496,-0.826659
1.782812,1.435253,-0.815697
1.781643,1.435545,-0.834405
1.782227,1.434668,-0.831336
1.775504,1.437884,-0.83689
1.781643,1.435253,-0.829144
1.778427,1.435253,-0.832651
1.783397,1.43233,-0.835428
1.78252,1.43116,-0.834259
1.77375,1.43496,-0.828267
1.77755,1.429699,-0.832944
1.78135,1.439345,-0.834697
1.787197,1.42853,-0.829874
1.781643,1.429991,-0.817305
1.779597,1.437884,-0.827244
1.782812,1.435253,-0.821251
1.781643,1.429114,-0.828559
1.77492,1.427068,-0.822859
1.780181,1.436422,-0.827974
1.77872,1.431745,-0.838059
1.781058,1.43233,-0.822567
1.781058,1.425899,-0.827682
1.778135,1.430868,-0.82432
1.779304,1.43116,-0.833382
1.783104,1.437591,-0.828559
1.77375,1.431453,-0.819643
1.777258,1.431745,-0.82739
1.776673,1.434084,-0.825051
1.785735,1.435838,-0.819497
1.775504,1.428822,-0.823882
1.785151,1.439638,-0.825928
1.780766,1.435838,-0.82169
1.773166,1.432914,-0.820228
1.77492,1.43233,-0.824613
1.779597,1.432914,-0.820082
1.779597,1.434376,-0.823151
1.774627,1.431745,-0.825636
1.775212,1.438468,-0.827097
1.77872,1.429407,-0.833382
1.778135,1.437884,-0.827097
1.76995,1.433207,-0.821251
1.777258,1.431453,-0.814528
1.776381,1.430868,-0.814528
1.782227,1.428237,-0.822713
1.779012,1.429991,-0.825636
1.782227,1.427653,-0.832505
1.78632,1.432622,-0.828997
1.787781,1.439053,-0.822713
1.779889,1.437007,-0.821836
1.783981,1.432037,-0.823736
1.785735,1.432622,-0.821543
1.775212,1.431745,-0.82739
1.779304,1.430284,-0.81482
1.77755,1.437007,-0.821397
1.78135,1.439638,-0.822128
1.77872,1.435838,-0.821251
1.781935,1.443438,-0.810582
1.780766,1.42473,-0.81862
1.785151,1.434668,-0.822859
1.788074,1.43993,-0.820228
1.779304,1.426191,-0.820959
1.779012,1.430284,-0.789097
1.779889,1.43233,-0.81979
1.780766,1.431745,-0.82929
1.776381,1.43993,-0.824613
1.784566,1.433791,-0.818766
1.781643,1.43116,-0.820082
1.784566,1.438761,-0.82359
1.778135,1.436714,-0.817305
1.780474,1.427945,-0.824613
1.778135,1.426776,-0.81482
1.779597,1.43116,-0.816136
1.779597,1.437007,-0.817305
1.785735,1.43993,-0.815551
1.783104,1.434084,-0.822128
1.777258,1.442561,-0.82549
1.779889,1.43613,-0.831336
1.786904,1.429114,-0.817013
1.781935,1.43496,-0.814528
1.779304,1.431453,-0.827974
1.783397,1.438176,-0.829582
1.780181,1.436714,-0.820666
1.780181,1.437884,-0.825197
1.786612,1.437007,-0.81672
1.783104,1.433499,-0.828705
1.781643,1.440807,-0.820666
1.783689,1.435253,-0.822274
1.772873,1.430868,-0.816866
1.783689,1.441684,-0.825928
1.78252,1.439053,-0.823151
1.783397,1.430868,-0.82242
1.778135,1.432037,-0.823736
1.780181,1.440222,-0.815843
1.782812,1.435545,-0.815551
1.777258,1.430284,-0.82432
1.777843,1.434084,-0.819205
1.775797,1.433499,-0.819205
1.779889,1.426484,-0.820374
1.774627,1.429114,-0.833674
1.784274,1.434376,-0.82929
1.784858,1.431453,-0.825636
1.780474,1.430868,-0.814089
1.787489,1.439345,-0.822567
1.779889,1.436422,-0.822274
1.783981,1.440807,-0.821105
1.777258,1.435253,-0.819351
1.776089,1.441684,-0.827536
1.78135,1.442853,-0.821105
1.778135,1.43496,-0.787635
1.776381,1.433791,-0.797574
1.781935,1.43613,-0.812043
1.779597,1.436714,-0.821982
1.779012,1.435253,-0.829582
1.776089,1.437299,-0.824613
1.78135,1.430576,-0.819059
1.78252,1.441391,-0.830459
1.777258,1.439638,-0.820228
1.776381,1.439345,-0.830459
1.778427,1.432037,-0.823151
1.778427,1.431745,-0.832944
1.78252,1.432622,-0.82169
1.777258,1.432914,-0.823151
1.777258,1.433207,-0.82242
1.785443,1.43496,-0.82359
1.781935,1.436714,-0.823151
1.77872,1.437591,-0.820228
1.781935,1.428237,-0.826951
1.783397,1.442853,-0.821982
1.78135,1.439053,-0.823297
1.784274,1.429407,-0.821982
1.782812,1.433791,-0.833821
1.779889,1.42853,-0.819936
1.781058,1.437299,-0.821543
1.78252,1.435838,-0.82359
1.777258,1.435253,-0.816136
1.784566,1.438176,-0.827682
1.784858,1.439053,-0.813066
1.778427,1.435545,-0.813505
1.779597,1.428822,-0.81482
1.779304,1.439053,-0.817013
1.77755,1.432037,-0.820666
1.777258,1.43613,-0.82432
1.777843,1.440807,-0.825636
1.784274,1.438761,-0.824028
1.783981,1.437007,-0.83499
1.779889,1.435838,-0.825928
1.781058,1.43496,-0.831482
1.776381,1.433207,-0.829874
1.77755,1.437591,-0.829728
1.778427,1.435545,-0.827536
1.786027,1.432914,-0.833382
1.776381,1.442561,-0.815405
1.780766,1.43613,-0.856182
1.774335,1.432037,-0.822567
1.772873,1.438468,-0.826367
1.781058,1.437591,-0.817597
1.77375,1.437299,-0.824174
1.779597,1.437299,-0.835428
1.780766,1.434084,-0.824467
1.781935,1.437884,-0.825051
1.784858,1.438468,-0.834113
1.776381,1.433791,-0.824174
1.775504,1.446653,-0.827097
1.776966,1.43993,-0.817743
1.77755,1.437007,-0.82359
1.774335,1.43993,-0.825343
1.781058,1.438761,-0.824613
1.775504,1.437299,-0.823151
1.776673,1.437884,-0.820374
1.77492,1.437884,-0.838205
1.774043,1.434084,-0.814966
1.776673,1.438176,-0.827974
1.778135,1.435545,-0.834113
1.769366,1.439638,-0.823443
1.772873,1.43496,-0.812189
1.77492,1.442561,-0.818474
1.77375,1.43993,-0.822274
1.784858,1.446361,-0.810874
1.779889,1.437007,-0.814528
1.784566,1.438176,-0.817305
1.779012,1.441684,-0.823005
1.76995,1.442853,-0.819643
1.773166,1.438468,-0.822713
1.778427,1.437591,-0.818182
1.772289,1.439638,-0.821543
1.779012,1.444022,-0.807074
1.777258,1.441976,-0.82549
1.773166,1.436714,-0.819497
1.767027,1.441099,-0.824174
1.770827,1.43613,-0.825051
1.775504,1.437007,-0.821251
1.777258,1.439053,-0.823882
1.772581,1.434084,-0.824467
1.777258,1.444607,-0.817597
1.777843,1.435545,-0.81862
1.779012,1.445776,-0.828413
1.776673,1.441976,-0.819643
1.773458,1.435545,-0.813505
1.776966,1.438468,-0.825343
1.780474,1.441099,-0.824759
1.774043,1.441684,-0.823736
1.776089,1.435253,-0.822274
1.780181,1.439053,-0.833382
1.777843,1.44373,-0.833382
1.776381,1.439053,-0.81789
1.774627,1.444899,-0.829144
1.776089,1.441684,-0.823736
1.777843,1.440807,-0.823005
1.773166,1.441976,-0.817743
1.778135,1.444899,-0.832651
1.774335,1.44373,-0.822274
1.781058,1.43993,-0.81482
1.77112,1.442853,-0.816136
1.77112,1.441391,-0.819351
1.779889,1.449576,-0.828413
1.779304,1.447822,-0.804151
1.78135,1.437007,-0.808974
1.776381,1.446945,-0.807659
1.77375,1.440222,-0.82052
1.778135,1.437884,-0.82052
1.775212,1.441099,-0.81482
1.779889,1.44373,-0.822859
1.768196,1.445776,-0.815989
1.774043,1.442853,-0.81672
1.780766,1.443438,-0.825782
1.77872,1.439053,-0.823882
1.770535,1.442561,-0.82929
1.777843,1.442853,-0.813943
1.775504,1.441099,-0.792605
1.78252,1.449284,-0.817159
1.778427,1.440222,-0.808536
1.771996,1.442268,-0.82549
1.778135,1.439638,-0.825636
1.767027,1.437884,-0.81672
1.771704,1.438468,-0.819205
1.777843,1.444022,-0.814966
1.779012,1.444607,-0.81979
1.777258,1.442853,-0.817013
1.772873,1.441099,-0.814674
1.780766,1.442853,-0.828559
1.778135,1.448699,-0.833674
1.780766,1.444899,-0.823443
1.779889,1.446653,-0.821836
1.78135,1.449868,-0.841274
1.780474,1.440514,-0.82622
1.78135,1.445484,-0.826805
1.77492,1.439345,-0.826513
1.774627,1.448115,-0.831482
1.774627,1.450161,-0.829728
1.777843,1.446068,-0.820082
1.779012,1.450453,-0.819351
1.77872,1.448115,-0.819351
1.779304,1.442853,-0.813213
1.774627,1.449284,-0.809266
1.777258,1.447822,-0.822713
1.775797,1.438468,-0.82549
1.773166,1.440514,-0.821836
1.77492,1.437299,-0.824467
1.781058,1.44753,-0.828851
1.778135,1.448699,-0.827828
1.766735,1.443438,-0.820228
1.777258,1.444314,-0.827828
1.780766,1.444607,-0.828267
1.77375,1.448699,-0.818913
1.775212,1.441684,-0.818036
1.777258,1.437884,-0.816574
1.775504,1.449284,-0.81862
1.78252,1.440807,-0.824613
1.778135,1.444314,-0.824613
1.78252,1.444314,-0.829874
1.780181,1.451622,-0.833382
1.774335,1.446361,-0.823297
1.776966,1.443145,-0.828267
1.780474,1.439345,-0.830459
1.77755,1.445192,-0.820082
1.770243,1.446945,-0.826659
1.77492,1.44373,-0.82622
1.779597,1.446945,-0.827244
1.785735,1.436422,-0.821982
1.775797,1.444314,-0.826659
1.776966,1.440222,-0.812189
1.781058,1.442853,-0.815697
1.781935,1.437299,-0.827536
1.778135,1.444899,-0.827244
1.776966,1.440514,-0.823443
1.779304,1.439053,-0.824613
1.776966,1.448115,-0.824174
1.77755,1.443438,-0.819351
1.771704,1.43993,-0.837182
1.775504,1.447238,-0.831921
1.774627,1.439638,-0.82242
1.774335,1.445776,-0.802105
1.771996,1.444899,-0.823151
1.776673,1.450745,-0.822859
1.77755,1.43993,-0.818474
1.78252,1.449284,-0.822274
1.78135,1.448992,-0.819936
1.769073,1.446361,-0.81672
1.772873,1.444314,-0.830459
1.77755,1.443145,-0.820666
1.775797,1.446068,-0.817451
1.775504,1.448992,-0.821105
1.775504,1.443438,-0.828705
1.776966,1.444607,-0.834113
1.777258,1.445484,-0.825343
1.775504,1.451915,-0.822567
1.773458,1.450745,-0.823151
1.772873,1.452207,-0.826951
1.771996,1.452499,-0.824174
1.773458,1.449868,-0.821836
1.776381,1.453668,-0.820959
1.772289,1.451622,-0.809705
1.771996,1.453376,-0.809851
1.77872,1.457761,-0.824467
1.770827,1.450745,-0.827244
1.771412,1.453084,-0.817013
1.773166,1.452792,-0.818036
1.763519,1.449284,-0.816136
1.772873,1.456592,-0.822713
1.784274,1.457176,-0.815697
1.775504,1.451038,-0.82432
1.776673,1.453961,-0.810582
1.77375,1.452207,-0.825197
1.771412,1.451622,-0.825782
1.767319,1.450745,-0.824905
1.774335,1.456592,-0.824905
1.768196,1.453961,-0.82052
1.771704,1.449284,-0.833236
1.777258,1.455715,-0.821543
1.774335,1.449868,-0.817159
1.775504,1.452499,-0.817305
1.77112,1.448407,-0.809412
1.776381,1.452499,-0.820666
1.772581,1.456884,-0.814674
1.772581,1.45133,-0.816282
1.779889,1.451622,-0.812336
1.776673,1.452207,-0.823736
1.773458,1.454838,-0.824174
1.770827,1.446068,-0.820082
1.779597,1.45133,-0.837036
1.771996,1.447822,-0.819936
1.772581,1.448115,-0.823882
1.772581,1.46273,-0.82929
1.775504,1.458346,-0.82812
1.773166,1.450745,-0.827828
1.773458,1.450745,-0.817305
1.770827,1.44753,-0.820959
1.772873,1.453961,-0.826805
1.77112,1.452499,-0.816282
1.77755,1.446945,-0.83499
1.776089,1.450745,-0.824759
1.777258,1.45513,-0.825928
1.779597,1.451622,-0.823736
1.77375,1.442853,-0.824174
1.772289,1.452792,-0.833821
1.77755,1.448992,-0.823882
1.775212,1.446653,-0.817013
1.775797,1.444899,-0.82052
1.773166,1.453961,-0.819351
1.772581,1.445484,-0.823297
1.767319,1.442561,-0.833382
1.77492,1.441976,-0.820228
1.771412,1.449576,-0.828997
1.781935,1.450453,-0.824905
1.770827,1.456007,-0.81862
1.776089,1.446068,-0.82622
1.773166,1.453668,-0.835136
1.771704,1.446361,-0.814089
1.774335,1.444607,-0.830605
1.771412,1.451622,-0.823882
1.769658,1.451038,-0.823736
1.778427,1.449868,-0.821543
1.771704,1.453961,-0.824174
1.771996,1.446945,-0.819205
1.769658,1.442268,-0.836744
1.770535,1.45133,-0.832944
1.76995,1.445776,-0.819497
1.771996,1.445192,-0.820228
1.777258,1.449868,-0.824028
1.776966,1.445776,-0.813651
1.779012,1.448992,-0.814966
1.781058,1.44753,-0.825782
1.781643,1.45893,-0.822713
1.776673,1.458346,-0.815113
1.773166,1.445776,-0.821982
1.774335,1.450453,-0.819643
1.781058,1.448699,-0.816282
1.775504,1.44753,-0.82052
1.780474,1.447238,-0.815697
1.769366,1.452207,-0.825636
1.776381,1.443438,-0.813943
1.776089,1.446361,-0.82169
1.775797,1.44753,-0.820959
1.780181,1.449284,-0.826659
1.771704,1.45133,-0.830605
1.779012,1.450745,-0.82622
1.772581,1.446945,-0.817159
1.77492,1.447822,-0.820813
1.778135,1.446068,-0.822128
1.772581,1.442853,-0.82432
1.773166,1.447238,-0.820228
1.767904,1.44373,-0.816428
1.770243,1.457469,-0.812043
1.770827,1.448992,-0.823005
1.765566,1.450745,-0.81292
1.775504,1.448699,-0.822567
1.771704,1.446945,-0.823736
1.771704,1.452207,-0.813651
1.768781,1.451038,-0.820813
1.769073,1.449576,-0.820959
1.767319,1.450453,-0.823151
1.770243,1.450745,-0.82739
1.76995,1.446361,-0.83119
1.770243,1.446945,-0.820959
1.770535,1.446361,-0.830313
1.768196,1.452499,-0.82242
1.767027,1.450745,-0.82169
1.771996,1.453376,-0.820082
1.777843,1.451038,-0.820374
1.772581,1.45133,-0.789681
1.771996,1.449868,-0.820082
1.776966,1.490792,-0.824759
1.776089,1.456007,-0.831044
1.77375,1.45133,-0.827974
1.773166,1.459222,-0.819205
1.769366,1.458346,-0.819643
1.775797,1.459807,-0.826805
1.779597,1.456884,-0.818766
1.774627,1.456299,-0.818036
1.776673,1.452792,-0.81862
1.776673,1.460099,-0.818328
1.780474,1.455715,-0.813943
1.769366,1.453376,-0.821982
1.771412,1.457761,-0.820959
1.772581,1.457176,-0.817451
1.76615,1.453668,-0.811751
1.773458,1.452499,-0.817597
1.768196,1.463607,-0.826513
1.773166,1.451038,-0.819497
1.783104,1.458346,-0.819059
1.775212,1.451038,-0.825636
1.766735,1.451915,-0.814089
1.770243,1.451038,-0.818766
1.772289,1.454253,-0.817305
1.771412,1.458053,-0.81789
1.771996,1.458638,-0.81862
1.770243,1.446945,-0.82739
1.775797,1.455422,-0.821105
1.77492,1.457176,-0.820813
1.770535,1.463315,-0.830751
1.772873,1.453961,-0.82052
1.767904,1.452499,-0.82359
1.772581,1.45133,-0.818474
1.765858,1.453668,-0.818328
1.772581,1.456592,-0.805466
1.769366,1.454838,-0.805905
1.770827,1.460976,-0.816282
1.760889,1.45133,-0.815259
1.774335,1.454253,-0.821251
1.771412,1.455715,-0.822859
1.76615,1.453376,-0.813943
1.76995,1.453376,-0.821982
1.775504,1.451622,-0.819936
1.767904,1.460099,-0.823443
1.770535,1.450745,-0.820228
1.775212,1.454838,-0.82622
1.774627,1.445192,-0.817013
1.77112,1.456884,-0.827097
1.769366,1.453376,-0.82359
1.77375,1.450745,-0.823005
1.776673,1.454253,-0.818766
1.774043,1.453961,-0.813213
1.77492,1.455715,-0.810582
1.77112,1.458346,-0.82549
1.769658,1.453376,-0.819059
1.777258,1.446945,-0.817159
1.768489,1.450745,-0.823882
1.767027,1.458346,-0.827682
1.772289,1.452499,-0.819059
1.768781,1.455715,-0.821251
1.774043,1.451038,-0.818328
1.76615,1.452207,-0.818913
1.768781,1.460976,-0.816428
1.771412,1.453376,-0.825928
1.774335,1.45513,-0.822713
1.770243,1.457176,-0.821543
1.769366,1.454253,-0.809266
1.77872,1.461853,-0.804151
1.779304,1.44753,-0.808097
1.779597,1.454545,-0.80152
1.780766,1.453668,-0.801374
1.774627,1.460392,-0.809851
1.76995,1.454838,-0.806051
1.776381,1.449576,-0.816574
1.77492,1.456299,-0.811897
1.774627,1.454253,-0.814089
1.771412,1.451915,-0.821105
1.775212,1.456007,-0.815843
1.782227,1.45133,-0.819497
1.775797,1.452792,-0.808389
1.78135,1.448992,-0.819643
1.782227,1.459222,-0.817159
1.776089,1.451622,-0.82359
1.777843,1.454253,-0.816574
1.775212,1.448699,-0.812482
1.778427,1.450161,-0.810582
1.780181,1.456299,-0.799035
1.771996,1.459807,-0.826367
1.779597,1.46273,-0.81862
1.779889,1.453668,-0.809266
1.772873,1.454545,-0.822128
1.781058,1.448992,-0.829728
1.773166,1.444022,-0.811166
1.771996,1.453376,-0.818328
1.777258,1.452207,-0.822567
1.770827,1.454253,-0.814966
1.770243,1.445776,-0.820374
1.769366,1.450161,-0.815551
1.776673,1.447822,-0.806343
1.778427,1.45133,-0.817597
1.776381,1.459222,-0.809997
1.771996,1.457761,-0.810874
1.768781,1.454253,-0.808828
1.771704,1.458638,-0.80342
1.776381,1.448115,-0.806343
1.77755,1.452792,-0.808097
1.779304,1.459515,-0.800351
1.776089,1.456299,-0.811897
1.777258,1.459807,-0.814674
1.780474,1.463899,-0.820374
1.771996,1.463607,-0.808536
1.775212,1.453668,-0.81482
1.772581,1.460684,-0.810874
1.772289,1.456592,-0.805028
1.772289,1.455422,-0.808243
1.774627,1.453084,-0.825636
1.771996,1.453084,-0.808097
1.767612,1.458638,-0.816428
1.769073,1.455422,-0.821836
1.773166,1.457761,-0.810143
1.771704,1.460684,-0.813359
1.770535,1.460684,-0.817597
1.768489,1.457469,-0.812189
1.768781,1.452499,-0.812189
1.776673,1.456592,-0.811897
1.769366,1.451622,-0.809559
1.771412,1.456299,-0.814382
1.77492,1.455715,-0.807805
1.773458,1.449576,-0.823736
1.776381,1.458053,-0.806782
1.776381,1.45513,-0.802543
1.77872,1.45513,-0.817451
1.766443,1.453961,-0.810874
1.776673,1.453961,-0.815113
1.77755,1.451038,-0.805759
1.781935,1.460099,-0.808828
1.772289,1.456007,-0.80342
1.779304,1.454545,-0.805466
1.77375,1.454253,-0.79962
1.781935,1.452207,-0.802543
1.774627,1.456007,-0.817451
1.77872,1.451622,-0.804735
1.781058,1.448115,-0.804443
1.777258,1.453376,-0.816866
1.780766,1.456299,-0.808974
1.778135,1.458053,-0.806489
1.77755,1.450453,-0.810874
1.783104,1.459807,-0.813651
1.77492,1.460392,-0.810582
1.777258,1.462438,-0.810728
1.779889,1.457469,-0.808097
1.783104,1.456299,-0.806489
1.781935,1.457469,-0.813505
1.775212,1.456007,-0.811166
1.779597,1.462146,-0.814382
1.774335,1.456592,-0.818182
1.777258,1.452207,-0.806197
1.78135,1.456884,-0.814966
1.776673,1.457761,-0.815843
1.776089,1.453084,-0.809266
1.776381,1.459515,-0.806928
1.77375,1.453084,-0.821982
1.774627,1.45893,-0.808974
1.777258,1.457469,-0.818182
1.76995,1.453668,-0.808974
1.771412,1.455422,-0.812043
1.782227,1.452792,-0.81672
1.77375,1.450161,-0.820228
1.778135,1.458638,-0.801812
1.771704,1.453084,-0.804735
1.784858,1.453668,-0.821105
1.772581,1.456592,-0.819497
1.772581,1.453961,-0.818913
1.776089,1.444314,-0.81292
1.776381,1.452499,-0.814089
1.774043,1.455715,-0.817305
1.776089,1.454253,-0.805174
1.77375,1.454545,-0.820228
1.770535,1.421806,-0.806928
1.772289,1.451038,-0.810874
1.774335,1.459515,-0.804882
1.776381,1.45513,-0.800497
1.775212,1.450161,-0.806197
1.778135,1.457176,-0.808682
1.770243,1.451622,-0.805612
1.777843,1.45513,-0.81292
1.780181,1.457761,-0.806197
1.772289,1.451622,-0.812628
1.776089,1.460392,-0.809997
1.773458,1.459222,-0.806343
1.774335,1.459807,-0.809851
1.771412,1.457761,-0.808828
1.777258,1.452207,-0.814674
1.772873,1.453084,-0.806782
1.769658,1.455715,-0.804151
1.771996,1.456007,-0.812043
1.77872,1.462146,-0.81292
1.77492,1.452499,-0.817451
1.774627,1.454838,-0.80722
1.781058,1.460392,-0.812774
1.778135,1.450161,-0.814528
1.770535,1.450161,-0.808097
1.771704,1.448115,-0.811751
1.773166,1.457761,-0.813943
1.773458,1.456299,-0.815113
1.772581,1.447822,-0.813651
1.769073,1.45513,-0.813651
1.777258,1.451915,-0.815551
1.775504,1.460099,-0.808974
1.773458,1.45513,-0.800351
1.779597,1.463607,-0.814236
1.775797,1.460099,-0.812189
1.777258,1.460392,-0.815551
1.777843,1.456884,-0.810874
1.775212,1.46273,-0.808389
1.778135,1.458346,-0.815405
1.77112,1.460684,-0.818036
1.772289,1.460976,-0.822567
1.777258,1.462146,-0.806635
1.780474,1.461269,-0.818474
1.77492,1.456007,-0.818036
1.771704,1.462146,-0.80912
1.771996,1.463022,-0.808828
1.78135,1.465069,-0.817013
1.773458,1.460976,-0.809997
1.768781,1.462146,-0.810582
1.777258,1.463022,-0.808389
1.781643,1.459515,-0.814236
1.777258,1.458053,-0.816136
1.770243,1.460976,-0.817159
1.770243,1.448115,-0.818036
1.768196,1.46273,-0.824613
1.771704,1.457761,-0.814528
1.776966,1.461561,-0.802543
1.776381,1.461269,-0.811459
1.781643,1.459515,-0.812482
1.771704,1.450453,-0.812628
1.775797,1.459222,-0.812043
1.78632,1.456592,-0.808389
1.780474,1.460684,-0.809705
1.778135,1.451915,-0.807805
1.77375,1.457469,-0.804735
1.779012,1.456007,-0.815113
1.778427,1.456884,-0.809266
1.780766,1.460684,-0.821251
1.772289,1.452792,-0.814089
1.774335,1.46273,-0.818913
1.771412,1.456884,-0.813359
1.77492,1.454253,-0.812189
1.77492,1.460976,-0.810874
1.778427,1.457761,-0.819643
1.780181,1.45893,-0.803566
1.772873,1.453668,-0.825051
1.779012,1.461269,-0.823882
1.772581,1.45893,-0.820374
1.777843,1.460392,-0.812482
1.780766,1.460392,-0.818766
1.77112,1.45513,-0.822128
1.774043,1.453668,-0.818913
1.784274,1.459807,-0.812628
1.769073,1.456299,-0.806782
1.773458,1.453961,-0.80912
1.776381,1.460684,-0.815697
1.77375,1.455422,-0.803566
1.774043,1.458053,-0.815989
1.779304,1.463607,-0.810289
1.772289,1.467115,-0.80912
1.77112,1.459515,-0.806928
1.768781,1.458638,-0.820228
1.773458,1.4677,-0.810582
1.775504,1.456007,-0.852967
1.77375,1.46653,-0.82169
1.780474,1.460099,-0.807659
1.76995,1.456592,-0.815697
1.770535,1.462146,-0.818182
1.76995,1.422683,-0.81789
1.775797,1.462146,-0.815697
1.777258,1.463899,-0.81672
1.782227,1.470623,-0.813797
1.770535,1.462146,-0.813066
1.774627,1.461269,-0.820666
1.776673,1.465653,-0.815113
1.770535,1.46273,-0.809559
1.768196,1.461269,-0.809559
1.77492,1.464484,-0.811312
1.770243,1.45893,-0.809851
1.774043,1.462146,-0.809412
1.772289,1.46273,-0.813505
1.770243,1.46273,-0.815551
1.769073,1.464484,-0.814382
1.770827,1.463315,-0.810436
1.779597,1.458346,-0.819351
1.776966,1.464484,-0.80722
1.768489,1.462146,-0.809997
1.771704,1.457761,-0.809705
1.76995,1.460684,-0.816136
1.779304,1.464776,-0.816136
1.767612,1.461853,-0.823005
1.774335,1.461561,-0.816428
1.769073,1.463607,-0.82242
1.775504,1.469161,-0.807074
1.773458,1.467115,-0.806051
1.774335,1.465946,-0.814528
1.774043,1.463899,-0.815551
1.773458,1.461561,-0.807951
1.775797,1.461853,-0.806928
1.773166,1.465069,-0.807512
1.77375,1.464192,-0.81672
1.771704,1.459222,-0.818474
1.766443,1.463607,-0.80912
1.77375,1.46273,-0.813651
1.774043,1.460976,-0.816282
1.771704,1.466238,-0.813213
1.770827,1.460684,-0.818036
1.768781,1.466238,-0.805466
1.767904,1.458346,-0.805174
1.771412,1.464192,-0.81102
1.77755,1.463315,-0.816428
1.776381,1.467115,-0.812336
1.775212,1.460392,-0.803712
1.771704,1.464776,-0.81102
1.77375,1.465946,-0.802251
1.773458,1.457761,-0.804589
1.776089,1.465361,-0.804735
1.776381,1.468869,-0.817305
1.775797,1.463022,-0.815113
1.773166,1.45893,-0.813213
1.768781,1.422683,-0.812336
1.770827,1.460392,-0.81482
1.770535,1.462438,-0.800497
1.775212,1.465653,-0.811897
1.769658,1.458346,-0.811897
1.770243,1.462146,-0.808682
1.775504,1.466823,-0.802689
1.769366,1.464484,-0.813651
1.769366,1.458346,-0.802689
1.773166,1.459807,-0.815259
1.772873,1.461269,-0.806928
1.76995,1.466238,-0.818474
1.764689,1.459807,-0.811897
1.767612,1.460976,-0.810289
1.775212,1.464484,-0.802105
1.771412,1.460684,-0.817159
1.774335,1.465361,-0.811312
1.779012,1.464776,-0.806928
1.776966,1.467115,-0.815989
1.782227,1.457469,-0.809559
1.767027,1.460684,-0.805759
1.77112,1.46273,-0.797282
1.775504,1.463607,-0.817743
1.77112,1.466238,-0.801228
1.774043,1.468576,-0.811312
1.774043,1.463899,-0.811459
1.772581,1.472961,-0.820813
1.77755,1.465653,-0.818328
1.77112,1.461561,-0.819351
1.776381,1.464192,-0.814382
1.77375,1.460099,-0.813651
1.77112,1.463899,-0.818766
1.770827,1.461561,-0.817743
1.76995,1.467115,-0.815259
1.774627,1.463607,-0.806635
1.762643,1.464776,-0.809266
1.770243,1.465069,-0.806928
1.773166,1.470623,-0.819205
1.767904,1.461561,-0.811605
1.773458,1.467992,-0.817305
1.776381,1.469453,-0.806928
1.776966,1.469746,-0.813066
1.776089,1.460976,-0.811897
1.763812,1.461561,-0.807805
1.773166,1.458346,-0.804735
1.772289,1.458638,-0.813213
1.777843,1.462438,-0.803859
1.775797,1.463899,-0.807659
1.774627,1.463022,-0.800058
1.771996,1.4677,-0.804151
1.770243,1.465361,-0.819205
1.767904,1.461561,-0.804297
1.764981,1.464484,-0.804297
1.77112,1.460684,-0.814528
1.772873,1.464776,-0.813359
1.771996,1.468576,-0.816136
1.773458,1.462438,-0.809559
1.767027,1.46273,-0.811751
1.77375,1.466823,-0.815405
1.770827,1.470915,-0.813505
1.771412,1.460976,-0.814382
1.772289,1.460392,-0.809997
1.773166,1.467407,-0.809997
1.775797,1.464776,-0.812628
1.76995,1.466823,-0.804005
1.773458,1.460099,-0.79962
1.775504,1.463022,-0.805612
1.769366,1.467992,-0.809412
1.777843,1.469161,-0.804882
1.77872,1.4715,-0.810874
1.767904,1.467115,-0.803566
1.772289,1.464192,-0.797574
1.776673,1.465946,-0.79962
1.770243,1.46653,-0.804005
1.780766,1.469161,-0.802543
1.77375,1.460684,-0.790412
1.781643,1.46653,-0.806489
1.767027,1.465946,-0.808536
1.774043,1.466238,-0.802397
1.774627,1.463315,-0.807805
1.771412,1.463607,-0.804443
1.771412,1.463607,-0.806635
1.776089,1.469746,-0.798451
1.768489,1.456592,-0.812628
1.776089,1.465653,-0.805028
1.772873,1.457469,-0.801666
1.76995,1.465361,-0.80342
1.771704,1.461853,-0.794358
1.773166,1.464192,-0.80912
1.773458,1.460392,-0.813359
1.771704,1.45513,-0.80722
1.771996,1.459222,-0.806635
1.771412,1.45893,-0.815989
1.775504,1.457761,-0.808097
1.772581,1.463022,-0.800643
1.769658,1.460976,-0.809559
1.774043,1.457176,-0.814382
1.779012,1.462146,-0.798305
1.77375,1.461561,-0.810143
1.778135,1.45893,-0.798889
1.777258,1.465653,-0.809266
1.776381,1.463899,-0.805466
1.780181,1.494008,-0.809705
1.778427,1.46653,-0.818766
1.774335,1.462438,-0.801228
1.76995,1.463607,-0.804005
1.775212,1.468869,-0.798743
1.775504,1.46653,-0.803859
1.777843,1.468576,-0.794212
1.780766,1.460976,-0.801228
1.782227,1.454838,-0.796112
1.772581,1.462438,-0.804882
1.783689,1.468284,-0.793189
1.775797,1.46653,-0.798889
1.772581,1.460099,-0.810874
1.773458,1.463607,-0.809412
1.76615,1.462146,-0.796405
1.776673,1.467407,-0.81102
1.779889,1.463899,-0.805028
1.77492,1.465361,-0.795089
1.772873,1.465946,-0.792166
1.774627,1.466823,-0.803274
1.772289,1.456884,-0.802251
1.769658,1.46273,-0.807366
1.774627,1.463022,-0.801812
1.771412,1.460684,-0.805466
1.780181,1.466238,-0.795966
1.77375,1.465946,-0.803566
1.779304,1.467115,-0.794651
1.779012,1.469453,-0.804151
1.775504,1.464192,-0.820374
1.773458,1.463022,-0.804005
1.774043,1.460684,-0.803128
1.77872,1.46273,-0.798012
1.77492,1.459807,-0.79962
1.772581,1.465361,-0.807074
1.774043,1.458346,-0.799182
1.777258,1.463022,-0.800205
1.776673,1.465069,-0.799474
1.776673,1.459807,-0.810582
1.772873,1.464192,-0.800789
1.77755,1.473838,-0.790997
1.771996,1.466823,-0.798305
1.774335,1.464192,-0.799328
1.779889,1.462146,-0.807512
1.774627,1.459515,-0.806343
1.778427,1.456007,-0.802543
1.780766,1.464776,-0.809266
1.779889,1.458638,-0.807512
1.771412,1.464192,-0.796843
1.772873,1.465361,-0.811459
1.777258,1.460099,-0.797282
1.776089,1.457761,-0.803859
1.776673,1.466823,-0.802835
1.774043,1.460976,-0.798743
1.769658,1.462146,-0.806782
1.770243,1.457761,-0.799035
1.775504,1.463899,-0.80532
1.78252,1.456884,-0.806051
1.77872,1.458638,-0.80152
1.775504,1.459807,-0.806197
1.770535,1.460099,-0.805612
1.772873,1.461269,-0.806343
1.771704,1.463607,-0.808974
1.767319,1.454253,-0.79772
1.770243,1.459807,-0.804882
1.77375,1.459222,-0.804151
1.774043,1.458346,-0.801374
1.777258,1.455422,-0.797282
1.773166,1.463022,-0.799474
1.77375,1.462438,-0.799474
1.781058,1.461269,-0.79582
1.77755,1.46653,-0.80532
1.770827,1.465653,-0.79772
1.774627,1.463899,-0.807512
1.769073,1.460392,-0.800497
1.774627,1.46653,-0.798597
1.779012,1.467992,-0.804589
1.778427,1.454838,-0.804297
1.771704,1.46653,-0.796551
1.77755,1.463022,-0.80152
1.776381,1.459515,-0.806635
1.769366,1.460392,-0.806782
1.770827,1.464776,-0.788804
1.774627,1.459807,-0.799912
1.770535,1.459807,-0.79582
1.77112,1.460976,-0.791728
1.770243,1.460684,-0.805759
1.773166,1.464192,-0.790412
1.770827,1.457469,-0.804735
1.773166,1.465946,-0.800643
1.772873,1.460099,-0.805466
1.776673,1.463899,-0.805028
1.77492,1.468869,-0.806782
1.785735,1.464776,-0.797574
1.772289,1.463315,-0.804297
1.775504,1.459807,-0.808097
1.767612,1.464776,-0.804735
1.77112,1.461269,-0.801959
1.768196,1.463315,-0.802397
1.77492,1.473546,-0.798597
1.773166,1.465653,-0.799912
1.767027,1.465946,-0.802543
1.770535,1.467992,-0.806343
1.765566,1.46653,-0.808243
1.772873,1.467992,-0.806635
1.77112,1.468576,-0.809559
1.773166,1.469746,-0.810874
1.772873,1.463022,-0.815697
1.779304,1.464776,-0.80342
1.783689,1.468869,-0.809705
1.779597,1.470038,-0.803566
1.781643,1.467115,-0.794943
1.78135,1.461561,-0.792751
1.776966,1.471792,-0.796258
1.783104,1.476761,-0.805905
1.785443,1.469746,-0.804151
1.786904,1.471792,-0.796258
1.786027,1.473838,-0.800058
1.785735,1.473253,-0.803128
1.781058,1.469746,-0.795235
1.774627,1.465946,-0.801959
1.775212,1.4677,-0.790266
1.766735,1.469453,-0.804297
1.770243,1.467992,-0.790997
1.773458,1.469161,-0.798889
1.776381,1.462438,-0.796405
1.782812,1.462438,-0.797135
1.772873,1.476469,-0.789389
1.781643,1.465946,-0.79772
1.777843,1.461853,-0.800935
1.77492,1.463607,-0.793189
1.782227,1.465946,-0.787928
1.780766,1.464192,-0.790704
1.772873,1.469161,-0.79202
1.773166,1.466238,-0.791289
1.79012,1.466238,-0.790704
1.77755,1.472669,-0.794505
1.777258,1.466238,-0.790851
1.774043,1.465069,-0.79392
1.776381,1.469453,-0.789681
1.773166,1.470623,-0.795528
1.781935,1.468284,-0.802689
1.780181,1.468284,-0.795381
1.777258,1.462146,-0.807659
1.77872,1.47033,-0.800205
1.775504,1.467992,-0.797574
1.772873,1.465069,-0.795235
1.769658,1.464776,-0.794358
1.771704,1.46653,-0.801082
1.779304,1.478515,-0.793774
1.774627,1.463607,-0.794797
1.773458,1.47033,-0.791289
1.77755,1.465946,-0.804443
1.776673,1.468869,-0.794943
1.770243,1.463899,-0.795528
1.772581,1.467992,-0.79772
1.771704,1.470915,-0.795966
1.770827,1.470623,-0.794651
1.770243,1.467115,-0.799182
1.769073,1.470623,-0.795381
1.771996,1.467992,-0.802543
1.771704,1.462438,-0.797866
1.776381,1.46273,-0.796989
1.77375,1.464776,-0.793335
1.772289,1.466238,-0.80722
1.775212,1.472376,-0.801959
1.772289,1.46653,-0.808243
1.77112,1.465653,-0.794505
1.770827,1.465946,-0.806635
1.771996,1.461561,-0.795966
1.77375,1.461561,-0.795235
1.770243,1.468284,-0.79772
1.760304,1.464192,-0.794358
1.774627,1.472376,-0.810143
1.764396,1.463899,-0.796112
1.77375,1.460976,-0.806343
1.770827,1.465653,-0.808389
1.768781,1.466238,-0.806343
1.772581,1.47033,-0.798012
1.775504,1.469453,-0.808389
1.774043,1.466823,-0.800935
1.776966,1.465069,-0.806051
1.772873,1.468284,-0.796405
1.773458,1.42473,-0.795235
1.774627,1.470038,-0.801228
1.774627,1.463315,-0.801812
1.770535,1.460684,-0.797428
1.77492,1.467407,-0.788951
1.774335,1.457761,-0.808243
1.77492,1.467992,-0.795235
1.77872,1.463607,-0.798158
1.770535,1.467115,-0.790412
1.770243,1.460392,-0.793043
1.769073,1.462146,-0.802982
1.775212,1.468576,-0.791289
1.771704,1.457176,-0.793335
1.770243,1.459222,-0.807074
1.771996,1.463607,-0.80532
1.764981,1.473253,-0.802251
1.776673,1.464776,-0.805759
1.77492,1.468576,-0.799328
1.77375,1.459515,-0.797428
1.774043,1.460392,-0.803566
1.774335,1.459515,-0.799474
1.765858,1.465653,-0.803274
1.772581,1.462438,-0.799328
1.771704,1.465069,-0.801812
1.774043,1.459222,-0.800935
1.767612,1.463607,-0.790266
1.773458,1.463315,-0.786904
1.778427,1.463607,-0.800058
1.773458,1.465653,-0.793628
1.773166,1.469746,-0.800789
1.77375,1.467407,-0.795089
1.770243,1.465653,-0.792751
1.771704,1.463899,-0.813505
1.769658,1.457469,-0.797428
1.776966,1.46653,-0.795528
1.776381,1.466238,-0.798305
1.774043,1.472961,-0.798597
1.77492,1.476469,-0.806489
1.761766,1.465069,-0.801666
1.769366,1.472084,-0.808097
1.77755,1.460392,-0.804297
1.77375,1.463022,-0.808974
1.767319,1.473838,-0.802251
1.772581,1.466823,-0.802543
1.77872,1.466823,-0.808389
1.770827,1.472961,-0.803712
1.772873,1.468284,-0.804589
1.774043,1.4677,-0.795235
1.770535,1.466823,-0.796405
1.771412,1.463899,-0.802835
1.772873,1.4677,-0.784858
1.777258,1.466238,-0.791728
1.769366,1.473546,-0.797866
1.77112,1.467115,-0.786174
1.769658,1.472961,-0.782227
1.769073,1.462146,-0.796258
1.766735,1.468869,-0.791581
1.765858,1.468284,-0.801374
1.767319,1.468869,-0.794505
1.774043,1.467407,-0.792458
1.775797,1.472961,-0.795235
1.784566,1.469161,-0.793335
1.775797,1.469453,-0.793481
1.772581,1.46653,-0.797866
1.776381,1.468284,-0.786612
1.771996,1.4677,-0.786174
1.771996,1.470915,-0.798597
1.763812,1.464192,-0.781497
1.770243,1.4677,-0.78822
1.770535,1.465069,-0.789097
1.76615,1.465069,-0.78252
1.772581,1.465069,-0.795235
1.773166,1.46273,-0.791289
1.76995,1.460099,-0.807366
1.776966,1.473838,-0.791728
1.772873,1.461853,-0.794358
1.769073,1.463315,-0.799474
1.768196,1.460392,-0.781058
1.770535,1.458053,-0.792897
1.775504,1.465946,-0.793774
1.770827,1.464776,-0.797866
1.770827,1.465361,-0.789535
1.774627,1.47033,-0.794505
1.776381,1.465946,-0.788366
1.781058,1.463315,-0.794212
1.77755,1.467407,-0.789243
1.77375,1.465361,-0.788512
1.779889,1.465946,-0.794358
1.775504,1.463315,-0.797135
1.777843,1.459515,-0.793628
1.767027,1.462438,-0.790997
1.771412,1.466238,-0.80152
1.773458,1.469746,-0.789535
1.773166,1.47033,-0.784127
1.767319,1.468284,-0.795235
1.772581,1.468576,-0.784127
1.77375,1.464484,-0.791581
1.772873,1.467992,-0.788951
1.775504,1.46273,-0.79582
1.768781,1.455422,-0.799328
1.765858,1.457176,-0.791143
1.770243,1.45513,-0.784127
1.770535,1.466823,-0.772581
1.767319,1.463315,-0.79582
1.777843,1.463022,-0.786466
1.766443,1.463607,-0.79392
1.776381,1.456592,-0.794797
1.77112,1.461853,-0.790851
1.765566,1.467992,-0.789681
1.767612,1.463899,-0.794212
1.773166,1.457176,-0.789828
1.761766,1.468576,-0.783397
1.78135,1.46653,-0.782666
1.764396,1.470038,-0.792166
1.773458,1.4677,-0.784127
1.772289,1.468869,-0.785443
1.773166,1.463607,-0.784858
1.771704,1.463315,-0.788512
1.764689,1.464776,-0.788658
1.766443,1.47033,-0.784127
1.771412,1.460976,-0.789243
1.767319,1.468284,-0.79012
1.769658,1.468576,-0.79772
1.764981,1.467407,-0.785443
1.768489,1.465069,-0.802982
1.774043,1.468869,-0.784274
1.767027,1.474715,-0.791581
1.776089,1.473838,-0.804005
1.773458,1.473838,-0.785881
1.768781,1.467407,-0.799182
1.771412,1.46273,-0.804005
1.774335,1.464484,-0.794212
1.769073,1.469746,-0.800058
1.77375,1.468576,-0.790266
1.774043,1.461561,-0.799474
1.770243,1.467407,-0.787051
1.776673,1.468576,-0.795528
1.776673,1.467992,-0.808097
1.773458,1.469161,-0.795381
1.778427,1.463315,-0.802982
1.774335,1.469161,-0.799766
1.769658,1.460392,-0.79582
1.774627,1.470038,-0.790704
1.772581,1.466238,-0.792751
1.775504,1.463899,-0.785004
1.775212,1.472084,-0.797135
1.777258,1.467992,-0.795235
1.771704,1.470915,-0.798012
1.773166,1.468284,-0.802543
1.777843,1.470623,-0.781058
1.774335,1.472961,-0.802982
1.771704,1.469161,-0.793628
1.779597,1.466238,-0.795528
1.779597,1.4677,-0.789243
1.771704,1.469746,-0.787197
1.77755,1.467115,-0.788658
1.774627,1.4677,-0.805174
1.773166,1.459807,-0.801959
1.774043,1.470623,-0.794358
1.772581,1.471207,-0.796112
1.77755,1.4677,-0.795674
1.773458,1.465946,-0.791435
1.774335,1.463899,-0.782081
1.768489,1.46653,-0.800643
1.775797,1.461853,-0.794797
1.773458,1.472376,-0.795381
1.77112,1.461269,-0.798889
1.77755,1.465361,-0.798743
1.768781,1.463022,-0.791874
1.771704,1.467407,-0.798597
1.774043,1.45893,-0.796989
1.773166,1.467407,-0.795966
1.769073,1.467115,-0.786466
1.770827,1.465361,-0.801228
1.770827,1.465361,-0.78822
1.770827,1.461269,-0.795528
1.769366,1.47033,-0.783251
1.77492,1.467115,-0.796843
1.769658,1.465361,-0.793481
1.76995,1.461561,-0.806782
1.775797,1.462438,-0.797428
1.77112,1.466823,-0.793335
1.777843,1.475007,-0.786027
1.767612,1.464776,-0.788804
1.771412,1.459222,-0.790266
1.774043,1.459222,-0.792458
1.770827,1.467992,-0.801228
1.76995,1.462438,-0.800058
1.766443,1.464776,-0.796112
1.769658,1.4715,-0.79392
1.77112,1.472084,-0.796258
1.776089,1.468576,-0.789828
1.766735,1.460099,-0.793774
1.776089,1.463315,-0.804882
1.773458,1.458053,-0.800058
1.77112,1.459222,-0.786174
1.77755,1.464776,-0.792166
1.767027,1.464776,-0.808097
1.776089,1.461561,-0.796989
1.775212,1.467407,-0.795089
1.77112,1.470623,-0.784566
1.773166,1.464192,-0.788658
1.768781,1.46653,-0.789828
1.772581,1.4715,-0.780474
1.773458,1.471792,-0.77945
1.778135,1.468576,-0.795674
1.772581,1.456592,-0.789389
1.768781,1.463315,-0.784566
1.765273,1.465361,-0.789974
1.771412,1.472669,-0.783689
1.774335,1.464192,-0.78822
1.774627,1.47033,-0.778427
1.777258,1.468869,-0.781789
1.766735,1.464484,-0.779889
1.773166,1.463899,-0.792166
1.768781,1.460684,-0.799766
1.778135,1.46653,-0.797428
1.771412,1.470915,-0.783397
1.776381,1.458346,-0.82052
1.769366,1.46273,-0.785589
1.774335,1.468869,-0.789828
1.775212,1.466238,-0.789681
1.776381,1.466238,-0.794943
1.772873,1.467992,-0.787343
1.763227,1.464484,-0.793335
1.76995,1.462146,-0.787635
1.776381,1.465946,-0.781204
1.770535,1.462146,-0.796258
1.771412,1.464484,-0.790704
1.778135,1.463022,-0.795381
1.769658,1.4715,-0.790412
1.77755,1.4715,-0.790704
1.769073,1.464776,-0.782081
1.773458,1.465069,-0.785004
1.779012,1.4677,-0.785443
1.779304,1.466823,-0.777258
1.770243,1.46273,-0.77565
1.775797,1.468284,-0.780181
1.773458,1.470038,-0.786466
1.769366,1.471792,-0.799328
1.773166,1.468576,-0.793481
1.771996,1.468284,-0.793335
1.775504,1.467992,-0.795528
1.773458,1.472376,-0.797282
1.777843,1.469453,-0.803566
1.775212,1.475592,-0.793043
1.772581,1.468284,-0.791728
1.776673,1.464484,-0.793628
1.775797,1.465361,-0.790851
1.770243,1.461853,-0.785151
1.770243,1.470623,-0.785443
1.77375,1.468576,-0.781789
1.764689,1.46653,-0.796112
1.772289,1.473546,-0.797866
1.775212,1.467407,-0.796405
1.777843,1.463022,-0.79012
1.77112,1.469746,-0.776381
1.77755,1.466823,-0.787051
1.775212,1.472669,-0.785735
1.77755,1.464192,-0.795089
1.771996,1.47033,-0.785151
1.774043,1.467407,-0.78632
1.773458,1.46653,-0.787051
1.77872,1.461269,-0.784566
1.768781,1.463315,-0.786758
1.772581,1.467407,-0.749342
1.775797,1.474715,-0.777989
1.77112,1.470915,-0.800205
1.77375,1.47033,-0.78442
1.775797,1.469453,-0.788366
1.772873,1.467115,-0.783835
1.780181,1.473546,-0.783835
1.779304,1.464484,-0.777258
1.777843,1.473253,-0.784274
1.776381,1.464776,-0.795381
1.775797,1.47033,-0.791143
1.772873,1.467992,-0.789828
1.774335,1.459807,-0.78442
1.768489,1.462438,-0.779304
1.783689,1.460976,-0.787051
1.774335,1.465946,-0.791874
1.776089,1.469453,-0.789097
1.778135,1.466238,-0.785735
1.781058,1.468869,-0.787635
1.784858,1.468576,-0.778866
1.778427,1.467992,-0.782374
1.777843,1.472084,-0.794651
1.77492,1.466238,-0.786612
1.776089,1.467407,-0.788074
1.781935,1.469161,-0.79012
1.767027,1.458346,-0.782374
1.776089,1.465069,-0.784858
1.775797,1.463315,-0.797574
1.771996,1.464484,-0.799035
1.774335,1.466823,-0.791435
1.771996,1.465361,-0.789389
1.77872,1.466238,-0.791435
1.776089,1.47033,-0.793774
1.776673,1.468869,-0.792605
1.769658,1.4677,-0.785881
1.773166,1.473546,-0.785881
1.771704,1.46273,-0.780181
1.773166,1.465653,-0.781789
1.777258,1.465361,-0.779012
1.774043,1.461269,-0.797574
1.774627,1.462438,-0.79392
1.777258,1.465946,-0.793774
1.775212,1.463315,-0.791435
1.774335,1.467115,-0.790704
1.780766,1.465069,-0.788074
1.78135,1.469746,-0.79582
1.774627,1.465361,-0.790851
1.77755,1.467115,-0.781643
1.772873,1.465361,-0.787051
1.776673,1.47413,-0.79392
1.77872,1.466238,-0.779012
1.770827,1.465653,-0.779743
1.777258,1.464484,-0.778427
1.774043,1.464776,-0.783251
1.77492,1.462438,-0.786758
1.772289,1.47413,-0.779304
1.778427,1.465946,-0.781058
1.772873,1.465069,-0.786027
1.774335,1.462146,-0.791143
1.769366,1.4677,-0.781058
1.771704,1.469746,-0.792897
1.779012,1.471207,-0.77945
1.780474,1.470038,-0.778427
1.78135,1.467992,-0.781789
1.778427,1.47033,-0.782666
1.777843,1.467407,-0.789535
1.770243,1.465946,-0.788512
1.773458,1.470623,-0.785151
1.770535,1.462438,-0.787197
1.78632,1.470915,-0.77755
1.781643,1.47033,-0.789681
1.774627,1.470038,-0.789097
1.779012,1.466238,-0.794651
1.781935,1.469746,-0.783689
1.78632,1.472376,-0.793774
1.783981,1.47033,-0.788512
1.78135,1.467407,-0.788951
1.783981,1.47033,-0.781497
1.787489,1.475592,-0.792605
1.784858,1.476177,-0.785589
1.784858,1.472376,-0.785151
1.77872,1.466238,-0.787197
1.773166,1.469746,-0.779597
1.781058,1.474423,-0.789681
1.783981,1.465946,-0.785735
1.779012,1.474715,-0.789828
1.776966,1.472961,-0.788074
1.786612,1.468284,-0.775797
1.781058,1.477346,-0.790997
1.776089,1.472376,-0.791289
1.774043,1.475007,-0.787197
1.78135,1.471792,-0.784858
1.777258,1.47033,-0.774335
1.772581,1.462146,-0.780181
1.777843,1.468869,-0.782374
1.77492,1.468576,-0.777697
1.774043,1.467115,-0.790412
1.778135,1.47033,-0.786758
1.783689,1.4715,-0.787197
1.778135,1.469453,-0.798451
1.778427,1.475884,-0.78442
1.779889,1.470038,-0.789243
1.77492,1.470623,-0.780474
1.773458,1.469161,-0.788658
1.770535,1.461269,-0.793628
1.779889,1.466238,-0.785443
1.785151,1.467992,-0.792166
1.771996,1.465069,-0.792458
1.776089,1.460976,-0.780181
1.784274,1.468576,-0.782227
1.777258,1.474423,-0.785004
1.781058,1.4753,-0.79012
1.780766,1.475884,-0.791728
1.784566,1.46273,-0.776381
1.783981,1.4677,-0.785151
1.788074,1.472084,-0.790851
1.784566,1.476177,-0.784274
1.784274,1.4715,-0.777112
1.786612,1.465653,-0.789243
1.787489,1.479392,-0.776966
1.780181,1.473253,-0.785735
1.78632,1.477638,-0.779304
1.77755,1.477054,-0.787781
1.78632,1.477346,-0.778574
1.779597,1.472669,-0.779012
1.774043,1.476761,-0.77872
1.778427,1.477346,-0.787928
1.777258,1.470623,-0.78252
1.774627,1.470038,-0.774189
1.77755,1.468869,-0.784127
1.77755,1.473253,-0.779743
1.78252,1.469746,-0.778281
1.777258,1.467115,-0.77302
1.777843,1.476177,-0.777258
1.776966,1.473253,-0.783251
1.785151,1.472084,-0.790704
1.775797,1.469453,-0.781935
1.77872,1.47033,-0.787343
1.776381,1.469453,-0.790412
1.78135,1.4677,-0.790851
1.784274,1.472376,-0.77872
1.778135,1.467115,-0.792458
1.780474,1.470915,-0.787489
1.770827,1.470623,-0.780766
1.778427,1.47033,-0.786904
1.77755,1.463607,-0.778866
1.77375,1.472084,-0.79202
1.774335,1.475592,-0.77565
1.772581,1.468576,-0.790704
1.780181,1.463315,-0.787781
1.780474,1.468869,-0.780181
1.77755,1.468869,-0.78632
1.777843,1.472376,-0.784712
1.783104,1.468576,-0.782958
1.776673,1.471792,-0.778866
1.776381,1.479977,-0.796843
1.775504,1.463315,-0.78062
1.78135,1.47033,-0.770827
1.776673,1.465653,-0.782227
1.777843,1.472961,-0.787489
1.776089,1.472669,-0.78135
1.773166,1.465653,-0.790558
1.777843,1.47033,-0.775797
1.779889,1.470038,-0.77682
1.778427,1.465361,-0.776235
1.775797,1.477346,-0.779012
1.779304,1.473253,-0.779304
1.78135,1.470915,-0.785443
1.77492,1.473253,-0.780327
1.766443,1.4677,-0.770681
1.779012,1.472084,-0.774335
1.777258,1.465361,-0.77112
1.779889,1.464776,-0.779597
1.781643,1.472376,-0.783689
1.775504,1.475007,-0.783835
1.776089,1.47033,-0.786904
1.781058,1.466823,-0.77492
1.784274,1.471792,-0.77375
1.782812,1.46653,-0.787343
1.779012,1.464776,-0.784127
1.775797,1.472376,-0.775212
1.776673,1.469161,-0.776381
1.784858,1.470915,-0.771266
1.77492,1.465361,-0.776966
1.784274,1.4715,-0.783981
1.783104,1.47793,-0.766589
1.777843,1.475592,-0.786174
1.778135,1.474423,-0.766589
1.775212,1.4715,-0.77185
1.780474,1.471792,-0.770681
1.781935,1.468869,-0.775504
1.782812,1.475007,-0.76922
1.77492,1.470915,-0.767904
1.781935,1.468869,-0.78062
1.781643,1.467407,-0.767758
1.775797,1.475007,-0.77302
1.781935,1.469161,-0.77185
1.77492,1.465361,-0.772143
1.78252,1.47033,-0.763812
1.780766,1.464192,-0.767173
1.777843,1.472084,-0.77185
1.780766,1.471792,-0.773604
1.779889,1.459807,-0.776381
1.780181,1.46653,-0.776381
1.782812,1.472961,-0.776966
1.777258,1.48173,-0.769366
1.779304,1.470623,-0.777843
1.780181,1.467407,-0.78135
1.783397,1.471207,-0.782958
1.782227,1.4677,-0.772581
1.78135,1.471792,-0.773604
1.773166,1.4677,-0.771558
1.783397,1.465653,-0.783104
1.783689,1.460684,-0.775797
1.788366,1.466238,-0.773166
1.777258,1.472084,-0.77375
1.780474,1.475592,-0.778281
1.778427,1.466823,-0.778427
1.785443,1.471207,-0.774481
1.781643,1.469453,-0.78135
1.782812,1.467407,-0.771704
1.783981,1.466238,-0.774189
1.773166,1.462146,-0.783689
1.77872,1.475884,-0.777697
1.783104,1.468576,-0.768635
1.779597,1.467407,-0.77375
1.780474,1.468576,-0.776966
1.778135,1.469453,-0.776235
1.781935,1.470038,-0.77185
1.778135,1.467115,-0.772727
1.785443,1.47033,-0.777697
1.781935,1.464776,-0.773312
1.779304,1.467992,-0.771412
1.778427,1.471792,-0.77755
1.776673,1.476469,-0.773458
1.781935,1.474715,-0.774043
1.783689,1.472961,-0.781789
1.779304,1.477054,-0.762204
1.784858,1.472669,-0.779889
1.784274,1.475884,-0.780474
1.790412,1.4677,-0.769366
1.783397,1.471207,-0.775943
1.784858,1.47413,-0.776235
1.784858,1.466238,-0.770389
1.794797,1.463315,-0.777404
1.790997,1.469453,-0.77375
1.788074,1.469746,-0.782666
1.786904,1.469746,-0.769804
1.783397,1.465653,-0.783689
1.789828,1.461561,-0.785443
1.787781,1.476761,-0.786174
1.779304,1.473838,-0.772873
1.779012,1.465946,-0.772873
1.782812,1.460684,-0.773312
1.788951,1.460684,-0.766296
1.782227,1.462438,-0.771704
1.77872,1.4677,-0.769366
1.78252,1.463607,-0.776527
1.787197,1.464192,-0.776381
1.790704,1.470038,-0.76995
1.783104,1.467992,-0.78442
1.780181,1.467992,-0.784858
1.78632,1.463315,-0.775797
1.78632,1.465946,-0.777697
1.788951,1.464484,-0.775797
1.784566,1.463607,-0.777112
1.783981,1.460684,-0.778574
1.791581,1.462438,-0.764689
1.785151,1.466823,-0.775797
1.786027,1.463022,-0.78135
1.786612,1.469746,-0.788804
1.784858,1.468869,-0.777697
1.784566,1.4677,-0.770973
1.783397,1.464484,-0.78135
1.788366,1.466823,-0.780474
1.783689,1.465946,-0.76922
1.783689,1.472084,-0.780327
1.781643,1.470915,-0.776381
1.785151,1.465653,-0.771266
1.784274,1.465361,-0.782081
1.782227,1.4677,-0.792312
1.784274,1.464484,-0.77682
1.779012,1.475007,-0.779012
1.788074,1.475592,-0.775212
1.784858,1.463022,-0.789535
1.783104,1.47413,-0.767758
1.781643,1.463607,-0.780035
1.78632,1.467115,-0.777989
1.786612,1.464484,-0.779597
1.783104,1.475592,-0.773166
1.782227,1.472084,-0.772435
1.792751,1.474715,-0.776089
1.783689,1.464776,-0.778281
1.783981,1.465069,-0.777112
1.775212,1.472669,-0.772727
1.779889,1.472669,-0.779158
1.784566,1.469746,-0.784127
1.781058,1.464776,-0.778866
1.776966,1.470038,-0.76732
1.784858,1.469453,-0.77872
1.775797,1.469746,-0.776673
1.783104,1.459807,-0.785735
1.782227,1.465361,-0.78822
1.782812,1.463899,-0.779889
1.768196,1.465946,-0.776673
1.781935,1.467115,-0.77945
1.782812,1.463899,-0.782958
1.782227,1.464776,-0.765566
1.780474,1.464776,-0.779743
1.776381,1.463899,-0.775943
1.783397,1.467992,-0.772289
1.785151,1.466823,-0.772727
1.783104,1.461561,-0.77755
1.791581,1.468869,-0.764981
1.789535,1.461853,-0.760304
1.787781,1.463607,-0.777843
1.786027,1.465653,-0.768196
1.784858,1.463022,-0.766443
1.786612,1.469453,-0.771412
1.776381,1.464484,-0.767027
1.787197,1.461269,-0.760158
1.785151,1.464776,-0.754019
1.784566,1.460976,-0.777112
1.788658,1.459222,-0.767173
1.777843,1.456884,-0.763666
1.778135,1.460099,-0.759866
1.78252,1.463022,-0.766296
1.780474,1.468576,-0.754604
1.784274,1.462438,-0.763227
1.782227,1.455422,-0.757819
1.783981,1.45893,-0.761327
1.779597,1.460099,-0.768489
1.781643,1.461269,-0.77185
1.779304,1.461561,-0.770973
1.788366,1.469746,-0.772581
1.787781,1.463315,-0.763812
1.782227,1.452207,-0.762058
1.782227,1.459515,-0.772143
1.782227,1.460684,-0.774043
1.781058,1.457176,-0.771412
1.787489,1.460684,-0.77302
1.789828,1.469161,-0.767904
1.783981,1.467992,-0.773897
1.791874,1.4677,-0.767173
1.783104,1.463899,-0.763812
1.786027,1.476177,-0.77682
1.783397,1.466238,-0.776966
1.785443,1.464776,-0.778866
1.783689,1.4677,-0.771996
1.783689,1.466238,-0.774773
1.77872,1.464192,-0.770973
1.785151,1.462438,-0.76615
1.777843,1.469161,-0.771704
1.780766,1.471207,-0.768196
1.788074,1.467407,-0.769366
1.788366,1.466823,-0.764543
1.784274,1.464776,-0.769512
1.785443,1.460976,-0.772873
1.786904,1.465361,-0.776089
1.781935,1.463607,-0.775943
1.786904,1.460684,-0.770681
1.789535,1.463022,-0.78062
1.787781,1.462146,-0.778574
1.779889,1.465653,-0.771558
1.77755,1.468869,-0.76732
1.781935,1.460976,-0.769804
1.78252,1.4677,-0.767612
1.783104,1.457469,-0.77682
1.78135,1.46653,-0.776673
1.779597,1.463899,-0.771412
1.784858,1.45893,-0.765419
1.781935,1.461853,-0.772873
1.786904,1.462146,-0.768489
1.78632,1.460392,-0.774189
1.781643,1.461853,-0.76995
1.783981,1.464484,-0.772289
1.780181,1.461561,-0.764835
1.779012,1.463607,-0.759719
1.78135,1.462438,-0.772289
1.77872,1.463899,-0.763812
1.786027,1.463315,-0.76615
1.783397,1.463899,-0.764543
1.782812,1.465069,-0.76425
1.789828,1.460976,-0.768927
1.780766,1.458638,-0.766881
1.782812,1.468869,-0.759135
1.776089,1.461561,-0.76805
1.783397,1.461561,-0.765566
1.780181,1.464192,-0.769804
1.783397,1.463607,-0.759866
1.782227,1.463899,-0.760889
1.78252,1.460976,-0.768635
1.778135,1.463022,-0.77185
1.785151,1.466823,-0.770535
1.778135,1.463607,-0.768489
1.79012,1.496346,-0.76805
1.785151,1.464776,-0.766589
1.786612,1.464776,-0.760596
1.784858,1.463315,-0.763812
1.780474,1.460099,-0.759135
1.788951,1.462146,-0.77755
1.788658,1.459222,-0.768196
1.783689,1.460099,-0.762496
1.781643,1.465946,-0.768196
1.781643,1.457176,-0.76805
1.784858,1.45893,-0.763227
1.784566,1.459222,-0.767466
1.779597,1.458346,-0.770243
1.785443,1.460684,-0.765858
1.786027,1.458346,-0.765712
1.788951,1.467115,-0.76995
1.789243,1.46653,-0.77185
1.783104,1.457469,-0.771266
1.786904,1.460976,-0.756504
1.795381,1.460684,-0.763812
1.785443,1.460976,-0.76425
1.788951,1.461269,-0.766296
1.78135,1.461853,-0.77682
1.781058,1.461561,-0.772873
1.77755,1.456884,-0.76045
1.780766,1.464776,-0.763227
1.778135,1.470623,-0.770681
1.78252,1.462146,-0.764104
1.780181,1.472084,-0.767173
1.787781,1.461853,-0.765273
1.786904,1.459515,-0.772435
1.779889,1.456299,-0.765566
1.790412,1.461853,-0.767173
1.784274,1.463899,-0.762935
1.782812,1.459515,-0.776089
1.787781,1.46273,-0.782958
1.777258,1.464776,-0.767027
1.783981,1.462438,-0.765273
1.788074,1.465361,-0.775504
1.783689,1.458638,-0.765858
1.783689,1.460392,-0.770389
1.783689,1.463022,-0.762935
1.78632,1.463315,-0.764396
1.785151,1.460976,-0.748904
1.786027,1.464192,-0.774335
1.780474,1.460684,-0.759427
1.78632,1.461853,-0.757235
1.780474,1.463022,-0.77302
1.784858,1.4677,-0.76995
1.790997,1.460392,-0.764981
1.789535,1.468284,-0.760742
1.788366,1.466238,-0.759573
1.791581,1.465946,-0.754604
1.789243,1.467992,-0.768781
1.784858,1.466238,-0.757819
1.787489,1.4677,-0.765712
1.787197,1.460392,-0.756358
1.788366,1.467407,-0.760742
1.783689,1.466823,-0.766443
1.793043,1.46273,-0.763373
1.79012,1.465946,-0.754312
1.792166,1.465361,-0.75855
1.789828,1.468576,-0.756212
1.782812,1.465946,-0.765273
1.783981,1.463899,-0.758842
1.789828,1.464776,-0.761473
1.786904,1.467115,-0.766735
1.785151,1.46273,-0.758112
1.791874,1.463899,-0.765127
1.791581,1.464192,-0.757235
1.78252,1.466823,-0.760304
1.79392,1.465069,-0.765419
1.787197,1.463022,-0.759719
1.783981,1.460976,-0.766443
1.790412,1.466823,-0.752412
1.789535,1.463315,-0.765566
1.790997,1.459222,-0.746711
1.782812,1.465361,-0.753289
1.790412,1.469161,-0.756504
1.787781,1.461269,-0.754604
1.782812,1.469453,-0.756504
1.787781,1.465653,-0.746273
1.790704,1.476469,-0.77112
1.783397,1.472084,-0.762058
1.78135,1.469453,-0.757527
1.784274,1.464192,-0.765273
1.783104,1.465069,-0.757527
1.781643,1.467115,-0.760742
1.787781,1.459515,-0.753435
1.787489,1.465361,-0.766735
1.77755,1.461853,-0.759866
1.784858,1.463899,-0.761327
1.78252,1.45513,-0.755042
1.787197,1.463315,-0.762643
1.780766,1.467407,-0.757235
1.780181,1.46273,-0.768635
1.78632,1.47413,-0.760742
1.785443,1.464484,-0.762935
1.793335,1.466823,-0.763373
1.785735,1.456592,-0.763373
1.786612,1.45893,-0.769073
1.780474,1.462146,-0.771996
1.783689,1.468869,-0.761619
1.788074,1.466238,-0.76045
1.785735,1.467992,-0.765273
1.781058,1.4715,-0.758258
1.781935,1.471207,-0.768635
1.782812,1.463315,-0.762496
1.784274,1.4715,-0.755627
1.780474,1.475884,-0.751388
1.786027,1.464484,-0.758696
1.790412,1.468576,-0.759866
1.789828,1.468576,-0.755335
1.782812,1.46273,-0.763227
1.789535,1.470038,-0.759427
1.779597,1.467992,-0.746127
1.779304,1.467407,-0.764981
1.789243,1.472376,-0.783543
1.789243,1.460392,-0.762058
1.784566,1.472376,-0.761035
1.783397,1.469161,-0.769804
1.783397,1.481438,-0.774627
1.779889,1.471792,-0.754312
1.779889,1.463022,-0.768196
1.783104,1.462438,-0.758404
1.781643,1.467115,-0.768196
1.790997,1.472669,-0.75475
1.781058,1.463315,-0.764543
1.776089,1.463022,-0.757527
1.779012,1.463607,-0.761181
1.77872,1.46273,-0.757381
1.781058,1.464776,-0.760304
1.776966,1.4677,-0.761912
1.783689,1.471792,-0.758696
1.78632,1.462146,-0.758696
1.77872,1.461561,-0.760596
1.788074,1.463899,-0.753435
1.785443,1.463315,-0.761473
1.78252,1.467992,-0.767027
1.786612,1.466823,-0.766296
1.785735,1.464484,-0.764396
1.781058,1.464776,-0.768635
1.788951,1.465946,-0.767466
1.779304,1.461853,-0.767612
1.778135,1.467992,-0.762204
1.785735,1.462146,-0.768343
1.78252,1.47033,-0.773604
1.780766,1.457176,-0.760596
1.785443,1.471792,-0.772873
1.783104,1.463315,-0.758696
1.77872,1.46653,-0.753142
1.782227,1.458053,-0.767758
1.787197,1.470915,-0.770389
1.787489,1.466238,-0.766735
1.780766,1.46653,-0.75855
1.783104,1.467407,-0.767904
1.787489,1.467992,-0.771996
1.781935,1.460392,-0.770389
1.776966,1.461853,-0.762204
1.783397,1.463315,-0.757235
1.784274,1.464484,-0.768927
1.78135,1.467115,-0.753873
1.789243,1.469161,-0.761619
1.786027,1.467115,-0.772873
1.778135,1.465653,-0.760742
1.780766,1.466238,-0.761327
1.777843,1.459222,-0.764543
1.779889,1.469746,-0.753435
1.783689,1.47033,-0.766443
1.777843,1.465069,-0.769658
1.784566,1.4677,-0.765712
1.780181,1.465653,-0.765858
1.77872,1.465069,-0.77185
1.77872,1.469453,-0.771266
1.780766,1.463899,-0.773312
1.779012,1.465361,-0.761766
1.78252,1.463607,-0.768489
1.785735,1.463899,-0.768781
1.785151,1.464192,-0.75855
1.785151,1.460976,-0.754165
1.790704,1.463899,-0.755627
1.785735,1.463607,-0.754019
1.784566,1.463022,-0.745542
1.782227,1.465653,-0.762204
1.791874,1.467407,-0.75285
1.783689,1.464776,-0.755773
1.782812,1.469453,-0.760889
1.782227,1.460976,-0.755481
1.787781,1.460976,-0.76425
1.78252,1.467407,-0.763373
1.78252,1.461853,-0.767466
1.781058,1.464484,-0.764396
1.779012,1.461561,-0.755042
1.788366,1.465946,-0.750073
1.785443,1.466238,-0.751242
1.782227,1.468869,-0.75665
1.786904,1.463899,-0.764396
1.789243,1.460684,-0.748465
1.785151,1.461269,-0.756065
1.785443,1.459222,-0.754019
1.786027,1.464192,-0.761181
1.787781,1.461269,-0.757673
1.786904,1.462146,-0.74905
1.779012,1.458346,-0.754458
1.790704,1.459222,-0.753581
1.783397,1.463607,-0.759866
1.786612,1.456592,-0.765712
1.788658,1.460976,-0.748027
1.787489,1.461269,-0.757089
1.781935,1.460684,-0.750512
1.788951,1.462438,-0.755773
1.785735,1.462146,-0.748465
1.783689,1.459515,-0.784858
1.788658,1.458638,-0.712803
1.783981,1.461561,-0.74715
1.789535,1.466823,-0.753873
1.785735,1.459807,-0.742327
1.789243,1.469746,-0.748612
1.779304,1.469453,-0.749342
1.787197,1.463899,-0.751388
1.781643,1.454838,-0.756358
1.783104,1.460684,-0.74145
1.783397,1.456299,-0.749781
1.78252,1.458346,-0.748904
1.784566,1.464192,-0.757527
1.787781,1.463899,-0.753435
1.783104,1.463022,-0.757673
1.78135,1.456592,-0.745396
1.793628,1.463899,-0.756942
1.783397,1.46273,-0.752119
1.783104,1.460976,-0.746273
1.787781,1.46273,-0.758112
1.785443,1.462146,-0.755627
1.780766,1.462146,-0.759135
1.780474,1.458638,-0.756065
1.783981,1.453376,-0.745981
1.787781,1.458638,-0.754312
1.783689,1.46653,-0.757966
1.788074,1.464776,-0.745835
1.785443,1.463899,-0.756065
1.786027,1.465946,-0.751388
1.78252,1.461561,-0.75285
1.786904,1.459515,-0.757819
1.79012,1.456299,-0.754312
1.788074,1.462438,-0.756358
1.790704,1.462438,-0.750512
1.786027,1.463022,-0.751096
1.788074,1.467407,-0.748319
1.790997,1.462438,-0.749488
1.783397,1.464192,-0.759866
1.783689,1.461561,-0.753435
1.788074,1.462146,-0.751096
1.778135,1.463022,-0.750658
1.787781,1.461561,-0.755627
1.783397,1.463899,-0.754165
1.780181,1.459807,-0.748465
1.78135,1.455715,-0.747442
1.784566,1.459222,-0.754312
1.792751,1.46653,-0.753289
1.781935,1.459807,-0.73078
1.788658,1.464776,-0.75285
1.78632,1.459222,-0.749488
1.78632,1.460099,-0.757966
1.78135,1.461269,-0.761181
1.784274,1.469746,-0.751388
1.789535,1.462438,-0.761327
1.783104,1.466238,-0.756212
1.784274,1.457469,-0.755189
1.781058,1.457761,-0.753435
1.785735,1.45893,-0.759719
1.792166,1.470038,-0.757381
1.788074,1.460684,-0.750365
1.787489,1.461853,-0.751388
1.786612,1.460392,-0.757673
1.785443,1.463899,-0.751681
1.783981,1.459515,-0.765858
1.785151,1.459222,-0.751973
1.787197,1.46273,-0.759866
1.785735,1.460099,-0.754896
1.786612,1.465069,-0.758842
1.779889,1.468576,-0.753581
1.784274,1.456592,-0.754458
1.785735,1.454838,-0.753289
1.784858,1.460392,-0.744519
1.776673,1.465069,-0.749342
1.788366,1.467115,-0.755919
1.779597,1.465361,-0.755335
1.781058,1.460684,-0.752996
1.784274,1.461561,-0.758842
1.786027,1.460684,-0.752704
1.779012,1.457469,-0.755919
1.783689,1.463899,-0.752412
1.780181,1.458053,-0.744227
1.783981,1.465946,-0.752412
1.786612,1.464192,-0.750804
1.786612,1.460976,-0.753435
1.787781,1.461853,-0.758842
1.788074,1.460976,-0.759135
1.784858,1.459515,-0.751973
1.791581,1.456007,-0.712511
1.786027,1.460684,-0.752119
1.785443,1.457176,-0.769658
1.779597,1.456884,-0.745835
1.78632,1.463899,-0.761327
1.788074,1.468869,-0.753289
1.784274,1.466823,-0.753581
1.78632,1.456884,-0.745981
1.784858,1.456884,-0.755042
1.779889,1.459222,-0.750804
1.79392,1.463607,-0.743204
1.788074,1.453084,-0.750512
1.792458,1.454253,-0.746273
1.792458,1.460392,-0.753435
1.790412,1.460099,-0.745688
1.78632,1.451622,-0.75475
1.794797,1.456592,-0.741888
1.790997,1.458053,-0.748465
1.78135,1.450745,-0.739111
1.787197,1.459222,-0.757381
1.791874,1.457761,-0.759573
1.793043,1.457761,-0.743788
1.788074,1.45893,-0.748319
1.790997,1.459515,-0.744081
1.793043,1.456592,-0.753435
1.79012,1.459515,-0.748465
1.793335,1.453961,-0.74715
1.790997,1.458638,-0.741888
1.792458,1.460392,-0.755042
1.794797,1.457761,-0.747735
1.789535,1.459807,-0.737504
1.785151,1.461269,-0.738527
1.789828,1.457469,-0.750512
1.785735,1.454838,-0.742619
1.789243,1.456299,-0.736773
1.786027,1.462146,-0.736627
1.788366,1.456884,-0.747296
1.793628,1.460684,-0.741304
1.78632,1.461561,-0.749342
1.786904,1.453668,-0.742181
1.787197,1.45133,-0.742181
1.789828,1.461853,-0.749781
1.785735,1.4677,-0.746711
1.789828,1.456007,-0.734288
1.787489,1.453376,-0.745542
1.785735,1.456592,-0.740719
1.784858,1.463607,-0.741888
1.781643,1.455715,-0.742473
1.788658,1.462438,-0.734142
1.786027,1.494592,-0.745981
1.786027,1.496054,-0.754165
1.780181,1.457469,-0.745981
1.795089,1.462438,-0.743204
1.786904,1.458053,-0.748758
1.788366,1.458638,-0.752119
1.782812,1.45513,-0.752412
1.78632,1.451915,-0.737357
1.789535,1.460976,-0.74715
1.782812,1.453668,-0.739696
1.791874,1.459222,-0.740719
1.780474,1.460392,-0.740427
1.780474,1.456884,-0.748173
1.782812,1.457176,-0.741596
1.78632,1.463022,-0.734873
1.784566,1.462146,-0.739258
1.783689,1.464192,-0.743204
1.79012,1.457761,-0.731365
1.793335,1.463022,-0.744373
1.793628,1.459222,-0.738234
1.784274,1.462146,-0.741596
1.790997,1.465069,-0.743496
1.78632,1.456007,-0.746565
1.787489,1.459515,-0.74335
1.788658,1.458346,-0.739258
1.783104,1.457761,-0.742034
1.788951,1.45513,-0.733704
1.78135,1.453084,-0.734288
1.791581,1.452499,-0.73765
1.793043,1.454545,-0.735019
1.794505,1.460976,-0.738381
1.790997,1.460392,-0.743058
1.786027,1.466238,-0.739842
1.794797,1.46273,-0.740134
1.788074,1.461561,-0.737796
1.788366,1.460684,-0.737065
1.787781,1.464484,-0.736188
1.789828,1.456007,-0.745688
1.789535,1.458053,-0.740281
1.79012,1.463899,-0.73268
1.785151,1.461853,-0.753142
1.783104,1.45893,-0.744373
1.786612,1.459222,-0.747004
1.789828,1.456299,-0.739842
1.789828,1.456299,-0.734434
1.789828,1.461561,-0.740719
1.783981,1.460684,-0.740865
1.783397,1.459222,-0.747004
1.778427,1.460392,-0.742911
1.780766,1.446945,-0.749196
1.783104,1.459807,-0.738819
1.786904,1.457176,-0.736042
1.788951,1.457469,-0.757527
1.79012,1.457469,-0.745835
1.786027,1.457176,-0.744373
1.780474,1.457176,-0.754312
1.785151,1.456299,-0.753142
1.785151,1.451038,-0.750365
1.77872,1.458346,-0.746273
1.780181,1.461269,-0.747881
1.780766,1.457176,-0.739988
1.784858,1.455715,-0.737357
1.790704,1.45893,-0.745396
1.788074,1.461269,-0.751681
1.791874,1.463607,-0.739111
1.793043,1.460099,-0.741742
1.791874,1.461269,-0.746711
1.784274,1.459222,-0.755042
1.790997,1.456884,-0.756212
1.786904,1.461853,-0.739111
1.784566,1.453084,-0.751973
1.792458,1.463899,-0.745835
1.785735,1.463899,-0.740719
1.788074,1.46273,-0.742327
1.784566,1.454545,-0.748612
1.786612,1.461269,-0.745396
1.783689,1.455715,-0.740427
1.788366,1.458053,-0.751535
1.785151,1.458638,-0.743642
1.793335,1.460099,-0.740573
1.78632,1.458053,-0.743642
1.786904,1.455715,-0.740865
1.790997,1.461853,-0.743935
1.788951,1.456592,-0.73955
1.791874,1.421806,-0.745396
1.791581,1.46653,-0.748027
1.785735,1.458638,-0.744665
1.792166,1.465069,-0.738381
1.787781,1.465653,-0.748319
1.782812,1.463899,-0.73765
1.793335,1.465069,-0.744081
1.784566,1.458638,-0.743788
1.792751,1.456884,-0.737796
1.785735,1.460976,-0.749781
1.794797,1.454545,-0.744227
1.793335,1.458346,-0.742034
1.79012,1.456299,-0.740281
1.795674,1.451038,-0.747881
1.788951,1.453376,-0.750365
1.782812,1.45513,-0.742765
1.788366,1.453961,-0.742765
1.790704,1.448407,-0.738965
1.790997,1.454545,-0.738088
1.795674,1.456299,-0.738673
1.786027,1.456592,-0.741158
1.790997,1.459807,-0.727273
1.793043,1.457176,-0.737942
1.796551,1.457176,-0.736773
1.794797,1.454253,-0.73765
1.784274,1.446945,-0.735457
1.783104,1.456884,-0.741596
1.792751,1.450161,-0.730927
1.787781,1.451915,-0.742619
1.792458,1.453961,-0.730196
1.790704,1.456299,-0.741742
1.793043,1.452499,-0.740573
1.794797,1.458638,-0.728734
1.80152,1.454545,-0.731511
1.792458,1.454838,-0.734727
1.795381,1.456884,-0.736334
1.787781,1.457469,-0.738088
1.793335,1.459222,-0.731511
1.791874,1.456592,-0.740865
1.794212,1.460392,-0.729904
1.79392,1.458346,-0.748027
1.798889,1.457761,-0.731219
1.804151,1.455422,-0.713242
1.79392,1.455422,-0.748173
1.794797,1.450453,-0.742765
1.79392,1.450453,-0.738381
1.788951,1.446945,-0.744665
1.792166,1.456592,-0.737796
1.792751,1.453961,-0.737211
1.796258,1.454838,-0.743788
1.791289,1.455422,-0.738234
1.792166,1.458053,-0.740865
1.793335,1.450161,-0.745542
1.790704,1.461269,-0.751242
1.796551,1.462146,-0.733996
1.794505,1.461269,-0.744373
1.790704,1.456007,-0.742181
1.790997,1.453376,-0.743058
1.793335,1.454545,-0.750804
1.79012,1.448992,-0.739404
1.796258,1.451622,-0.743204
1.787781,1.455715,-0.740281
1.787781,1.45513,-0.752119
1.796551,1.458638,-0.748758
1.793043,1.458346,-0.747735
1.786027,1.451622,-0.730342
1.788366,1.454545,-0.739988
1.793335,1.453961,-0.741742
1.795381,1.45513,-0.740719
1.792458,1.454545,-0.751096
1.792751,1.457176,-0.73955
1.79012,1.452499,-0.739988
1.790997,1.453961,-0.744081
1.788366,1.453376,-0.738965
1.792166,1.452792,-0.739988
1.791581,1.456007,-0.733557
1.788658,1.451622,-0.736919
1.790412,1.45513,-0.743058
1.794212,1.464192,-0.735165
1.794212,1.455715,-0.735165
1.790412,1.457761,-0.734142
1.791581,1.456884,-0.736627
1.800935,1.459515,-0.746565
1.796258,1.453961,-0.737942
1.79012,1.453376,-0.749488
1.800643,1.458346,-0.73955
1.793628,1.460392,-0.733557
1.795674,1.457761,-0.736188
1.788074,1.458053,-0.729611
1.793335,1.451622,-0.736042
1.794212,1.45893,-0.742765
1.79772,1.451915,-0.740719
1.793043,1.454545,-0.748465
1.790412,1.454253,-0.744665
1.788366,1.456884,-0.752996
1.796258,1.452499,-0.74525
1.785151,1.459222,-0.736188
1.794797,1.455422,-0.741304
1.788951,1.456299,-0.742181
1.790704,1.458638,-0.736481
1.79012,1.447238,-0.738819
1.797135,1.460684,-0.736773
1.795089,1.456884,-0.740134
1.802982,1.45513,-0.733265
1.791581,1.451038,-0.746127
1.796551,1.460099,-0.734581
1.800643,1.454838,-0.749488
1.785735,1.445484,-0.735311
1.798889,1.458053,-0.734581
1.793335,1.458638,-0.733119
1.794505,1.458346,-0.744811
1.790704,1.459807,-0.740573
1.788658,1.453084,-0.731804
1.790997,1.455422,-0.733557
1.794212,1.456884,-0.742911
1.793628,1.454838,-0.738819
1.795966,1.446361,-0.732534
1.791289,1.454545,-0.738234
1.788074,1.453961,-0.744227
1.797135,1.454253,-0.747004
1.795381,1.457469,-0.747004
1.795966,1.455715,-0.744811
1.789828,1.455715,-0.73575
1.79012,1.458346,-0.739111
1.790704,1.452207,-0.742181
1.798012,1.456592,-0.742034
1.80152,1.452207,-0.735457
1.793043,1.451622,-0.738527
1.797428,1.458053,-0.739842
1.796551,1.462438,-0.752412
1.795674,1.456884,-0.733557
1.797135,1.461561,-0.739696
1.80532,1.452207,-0.740281
1.795089,1.463315,-0.741888
1.791874,1.453376,-0.741742
1.792458,1.453668,-0.726396
1.803859,1.455422,-0.739258
1.791581,1.458638,-0.745542
1.80152,1.465069,-0.746711
1.791581,1.451915,-0.73385
1.794505,1.463315,-0.735311
1.79392,1.455715,-0.736919
1.796843,1.452499,-0.738527
1.798012,1.461269,-0.737211
1.795381,1.457761,-0.742034
1.800643,1.456299,-0.745835
1.791581,1.453668,-0.737357
1.795966,1.450161,-0.739258
1.793628,1.449284,-0.742911
1.796843,1.450453,-0.749488
1.786612,1.453084,-0.744519
1.789828,1.458346,-0.737065
1.792458,1.45513,-0.73765
1.792751,1.456884,-0.738088
1.790412,1.455715,-0.735165
1.796258,1.454253,-0.737942
1.793628,1.461853,-0.735896
1.787197,1.458346,-0.733411
1.790997,1.448699,-0.730196
1.792458,1.448407,-0.737357
1.800351,1.452207,-0.736627
1.795674,1.453668,-0.732534
1.795674,1.456007,-0.732973
1.797428,1.459515,-0.732242
1.792166,1.45513,-0.727419
1.794212,1.451038,-0.736919
1.795966,1.453961,-0.738673
1.792166,1.454253,-0.725957
1.793043,1.451038,-0.736188
1.799766,1.445192,-0.738234
1.794505,1.44753,-0.736188
1.795381,1.456007,-0.736334
1.794797,1.456007,-0.739842
1.793628,1.454253,-0.73955
1.798889,1.450453,-0.735165
1.793335,1.45133,-0.735896
1.759719,1.451038,-0.730196
1.793043,1.452207,-0.738819
1.790997,1.447822,-0.736919
1.794212,1.451038,-0.737211
1.790704,1.44373,-0.740134
1.795381,1.450453,-0.72698
1.787781,1.446945,-0.731804
1.792458,1.456007,-0.733265
1.789243,1.449868,-0.736773
1.793043,1.449576,-0.737796
1.797135,1.454545,-0.728734
1.79772,1.456884,-0.727565
1.790997,1.449868,-0.714849
1.798305,1.453961,-0.725519
1.791874,1.447238,-0.733411
1.792458,1.446653,-0.72435
1.78632,1.450453,-0.735604
1.787489,1.453668,-0.734288
1.791874,1.451038,-0.736773
1.796258,1.456007,-0.734142
1.797135,1.457761,-0.735457
1.795381,1.449576,-0.728442
1.800643,1.450161,-0.730196
1.798305,1.454545,-0.733557
1.792458,1.452499,-0.723765
1.795966,1.448992,-0.725957
1.794505,1.452207,-0.743496
1.789535,1.449868,-0.737357
1.798012,1.45133,-0.722011
1.793043,1.45133,-0.732096
1.795089,1.448699,-0.729611
1.789535,1.453084,-0.73955
1.794505,1.448115,-0.722742
1.791289,1.442268,-0.730927
1.795381,1.447238,-0.724057
1.797135,1.446361,-0.727127
1.79772,1.452792,-0.729319
1.793043,1.458053,-0.732534
1.794797,1.450453,-0.727711
1.788951,1.455715,-0.733704
1.791289,1.448699,-0.72698
1.79772,1.449576,-0.735457
1.794797,1.448407,-0.727711
1.792458,1.447238,-0.736773
1.791874,1.448699,-0.742034
1.791874,1.449868,-0.729611
1.799766,1.444899,-0.731511
1.796551,1.44753,-0.73005
1.793043,1.451038,-0.737357
1.799182,1.441099,-0.735165
1.802689,1.44753,-0.738088
1.793043,1.449284,-0.728442
1.795381,1.451038,-0.733704
1.793043,1.448407,-0.723473
1.796258,1.445484,-0.713096
1.795966,1.444314,-0.726396
1.790412,1.447822,-0.720257
1.795674,1.449284,-0.73195
1.800935,1.453961,-0.740134
1.798889,1.444899,-0.738527
1.797135,1.450453,-0.72625
1.793628,1.447822,-0.733996
1.783981,1.45513,-0.723034
1.791874,1.45133,-0.726834
1.796551,1.453084,-0.730342
1.79392,1.444314,-0.738381
1.792166,1.448115,-0.718503
1.794212,1.447822,-0.731804
1.797135,1.446068,-0.733411
1.796843,1.444607,-0.721573
1.796551,1.445776,-0.738088
1.798889,1.446068,-0.729611
1.800351,1.446361,-0.732388
1.798889,1.445776,-0.73575
1.796843,1.442561,-0.723911
1.794797,1.443145,-0.734581
1.795674,1.441976,-0.742765
1.796258,1.446068,-0.726103
1.797135,1.449868,-0.729465
1.79392,1.446945,-0.722888
1.791874,1.449284,-0.731365
1.795381,1.449284,-0.722157
1.794505,1.451915,-0.727127
1.795966,1.445192,-0.73955
1.796258,1.453961,-0.720842
1.794212,1.454545,-0.740281
1.801228,1.45133,-0.736773
1.83309,1.448115,-0.728442
1.801812,1.446361,-0.729904
1.79772,1.451622,-0.730342
1.796258,1.456884,-0.730342
1.795966,1.449284,-0.742034
1.800643,1.442268,-0.736773
1.801228,1.451622,-0.724057
1.795674,1.448407,-0.746565
1.795381,1.447238,-0.727127
1.795089,1.449868,-0.733996
1.798305,1.451915,-0.733119
1.794797,1.438176,-0.731657
1.799766,1.445484,-0.723034
1.806197,1.448115,-0.731804
1.800351,1.445484,-0.726542
1.799182,1.446653,-0.739258
1.798597,1.450161,-0.719526
1.800935,1.445192,-0.727273
1.808828,1.442853,-0.714996
1.804735,1.446068,-0.733557
1.803566,1.445776,-0.733411
1.798597,1.448699,-0.729611
1.804735,1.441976,-0.72245
1.802397,1.444314,-0.735165
1.797428,1.444022,-0.725957
1.793043,1.44373,-0.721134
1.800058,1.442853,-0.725373
1.804735,1.439345,-0.726834
1.800351,1.443145,-0.726103
1.797428,1.445484,-0.72888
1.801228,1.441976,-0.729465
1.802105,1.446068,-0.716019
1.802105,1.448115,-0.728296
1.799766,1.443145,-0.72698
1.801812,1.441391,-0.718065
1.796258,1.442561,-0.725811
1.799766,1.446945,-0.719088
1.800643,1.443145,-0.72625
1.80152,1.448699,-0.726688
1.796258,1.441976,-0.726396
1.801228,1.440514,-0.718796
1.801812,1.444022,-0.729027
1.80152,1.444607,-0.734727
1.802689,1.444314,-0.715726
1.799766,1.437884,-0.724203
1.799766,1.445484,-0.722303
1.80152,1.443145,-0.729611
1.808828,1.439053,-0.72128
1.808535,1.436714,-0.730488
1.809997,1.43993,-0.725665
1.810874,1.449868,-0.732096
1.802397,1.442561,-0.719088
1.79392,1.441976,-0.732096
1.800643,1.437007,-0.730488
1.805612,1.441099,-0.724788
1.802397,1.442268,-0.732388
1.799474,1.446945,-0.710611
1.802982,1.441391,-0.722742
1.800643,1.446361,-0.727127
1.802982,1.435545,-0.72245
1.803859,1.441099,-0.707249
1.804443,1.444899,-0.727273
1.804151,1.441099,-0.722742
1.799182,1.446945,-0.717919
1.803859,1.446361,-0.717042
1.809412,1.445776,-0.727127
1.800643,1.441391,-0.722742
1.799182,1.448699,-0.733265
1.802689,1.437884,-0.71938
1.794797,1.445192,-0.72888
1.805905,1.441099,-0.718065
1.803859,1.443145,-0.728004
1.803274,1.440514,-0.718357
1.802982,1.446945,-0.722303
1.809997,1.444899,-0.716749
1.80152,1.437884,-0.717188
1.807074,1.446068,-0.719673
1.806782,1.447822,-0.722157
1.797135,1.445484,-0.723619
1.80152,1.445484,-0.713096
1.800058,1.435545,-0.724934
1.799766,1.445776,-0.730342
1.802397,1.451622,-0.721573
1.802689,1.446361,-0.714557
1.802105,1.44373,-0.72128
1.796843,1.440807,-0.723473
1.802982,1.450453,-0.72245
1.805028,1.440807,-0.727127
1.802689,1.449576,-0.727857
1.800643,1.445192,-0.737211
1.800935,1.446361,-0.724057
1.79772,1.448115,-0.728734
1.80532,1.448407,-0.729027
1.803859,1.445484,-0.725227
1.802105,1.441976,-0.729027
1.799766,1.436422,-0.732242
1.803566,1.445192,-0.737504
1.797428,1.441391,-0.726396
1.797135,1.43993,-0.727857
1.802397,1.451915,-0.729465
1.796843,1.445484,-0.731073
1.803859,1.445484,-0.722888
1.798889,1.446068,-0.723473
1.79772,1.444607,-0.719819
1.798012,1.453376,-0.722596
1.805028,1.445776,-0.717919
1.808828,1.44373,-0.727273
1.798305,1.445776,-0.72128
1.801812,1.448115,-0.719965
1.794505,1.444899,-0.723911
1.798012,1.438176,-0.72435
1.802689,1.445776,-0.726542
1.799766,1.441099,-0.726688
1.801228,1.44373,-0.72245
1.798012,1.441391,-0.723327
1.800058,1.441684,-0.729904
1.803566,1.437007,-0.722742
1.799766,1.43233,-0.717334
1.798305,1.439345,-0.715288
1.799474,1.439345,-0.715288
1.801812,1.436422,-0.715726
1.801228,1.441684,-0.72508
1.803859,1.440514,-0.717334
1.800351,1.441684,-0.72055
1.799766,1.43993,-0.715288
1.796258,1.441391,-0.726103
1.802397,1.438176,-0.723765
1.800058,1.440222,-0.724788
1.79772,1.441976,-0.714703
1.800935,1.446068,-0.712219
1.796843,1.441684,-0.720696
1.798889,1.442268,-0.726834
1.803274,1.43993,-0.728734
1.801812,1.444314,-0.718211
1.799182,1.448115,-0.714265
1.802982,1.442561,-0.719088
1.797135,1.441976,-0.721719
1.800643,1.43993,-0.70608
1.796258,1.444899,-0.72245
1.806197,1.445484,-0.721426
1.799182,1.442268,-0.725227
1.807074,1.447822,-0.732388
1.799474,1.441684,-0.726834
1.79772,1.446653,-0.713096
1.806197,1.441099,-0.716311
1.802397,1.443438,-0.716896
1.805028,1.438468,-0.723473
1.801228,1.442268,-0.716311
1.80532,1.448992,-0.72245
1.802105,1.438761,-0.716603
1.802397,1.437299,-0.728734
1.799474,1.442268,-0.715726
1.801228,1.447238,-0.724788
1.802982,1.441391,-0.710757
1.801228,1.441391,-0.710757
1.805905,1.437299,-0.719819
1.800643,1.438761,-0.718065
1.797135,1.437299,-0.713388
1.800643,1.438761,-0.720696
1.797135,1.444899,-0.723619
1.800935,1.448699,-0.710757
1.800351,1.436422,-0.71558
1.800351,1.444607,-0.717188
1.799474,1.435838,-0.72815
1.802397,1.446945,-0.725665
1.800351,1.437299,-0.72318
1.799474,1.442268,-0.712511
1.800351,1.441684,-0.710757
1.801228,1.444022,-0.71178
1.798889,1.443438,-0.714411
1.799474,1.451622,-0.715873
1.806782,1.429991,-0.719965
1.809412,1.444022,-0.714557
1.807659,1.446361,-0.722742
1.796258,1.440807,-0.722596
1.801812,1.43613,-0.715288
1.801812,1.439638,-0.705203
1.800058,1.435545,-0.720842
1.802982,1.439638,-0.721134
1.793335,1.439638,-0.719673
1.803274,1.44373,-0.701695
1.811751,1.449284,-0.709296
1.802397,1.442853,-0.714703
1.803859,1.441684,-0.718942
1.807366,1.442268,-0.721134
1.806489,1.44373,-0.723619
1.797135,1.438761,-0.717626
1.805905,1.439053,-0.71558
1.801812,1.438468,-0.713826
1.806782,1.440807,-0.725519
1.809412,1.441684,-0.713388
1.803859,1.43116,-0.718796
1.811751,1.437299,-0.71938
1.802982,1.440514,-0.718942
1.802982,1.441099,-0.720111
1.809412,1.437884,-0.717334
1.80532,1.440514,-0.703595
1.802397,1.439053,-0.715434
1.804151,1.442561,-0.717919
1.814382,1.445192,-0.715726
1.800935,1.441391,-0.714411
1.799182,1.44753,-0.710319
1.800935,1.434668,-0.713534
1.807659,1.434668,-0.712803
1.804735,1.439345,-0.71748
1.808243,1.445484,-0.72435
1.808535,1.438468,-0.714703
1.811166,1.438176,-0.707542
1.810289,1.439053,-0.718211
1.808828,1.43993,-0.713096
1.807951,1.440514,-0.722596
1.805028,1.443438,-0.716603
1.801228,1.444022,-0.718357
1.804735,1.438468,-0.720403
1.800058,1.438761,-0.714265
1.801812,1.435838,-0.717188
1.804735,1.435545,-0.709296
1.804151,1.446361,-0.718357
1.809997,1.439053,-0.723619
1.804443,1.437299,-0.71368
1.804735,1.442853,-0.723619
1.807951,1.441684,-0.716603
1.810582,1.441391,-0.721426
1.806782,1.43993,-0.719673
1.808243,1.438468,-0.713973
1.798305,1.439053,-0.715726
1.803566,1.438176,-0.722596
1.802397,1.437591,-0.715726
1.802689,1.441391,-0.724642
1.808243,1.436422,-0.726688
1.807074,1.436714,-0.724496
1.803274,1.43993,-0.708711
1.798597,1.440222,-0.718796
1.794505,1.440222,-0.718065
1.801228,1.43613,-0.728734
1.80532,1.438468,-0.717626
1.804735,1.438468,-0.723619
1.799182,1.439638,-0.720842
1.798889,1.435838,-0.717773
1.807366,1.438761,-0.733557
1.798012,1.43496,-0.714265
1.799766,1.437007,-0.717919
1.808828,1.443145,-0.720257
1.795089,1.442853,-0.730342
1.800643,1.43233,-0.721719
1.804735,1.440807,-0.723327
1.805028,1.42853,-0.724203
1.809412,1.444022,-0.729611
1.805612,1.441099,-0.724496
1.799766,1.444314,-0.727565
1.806197,1.433791,-0.715142
1.807074,1.438761,-0.73385
1.802982,1.435838,-0.718942
1.799182,1.433207,-0.724934
1.802105,1.444314,-0.729319
1.801812,1.440514,-0.722157
1.811166,1.444899,-0.710465
1.800351,1.437299,-0.712949
1.806489,1.447822,-0.719819
1.800935,1.442561,-0.721719
1.804735,1.441684,-0.720988
1.80152,1.445776,-0.719234
1.811459,1.43993,-0.709296
1.806489,1.449284,-0.722742
1.79772,1.442268,-0.718357
1.804151,1.441684,-0.720988
1.807951,1.452499,-0.722888
1.800643,1.441099,-0.709588
1.807659,1.439053,-0.711488
1.811166,1.43993,-0.708857
1.803859,1.442853,-0.731219
1.809412,1.439053,-0.711196
1.803566,1.441099,-0.71938
1.800935,1.43613,-0.712511
1.807659,1.440222,-0.712803
1.80912,1.441976,-0.704765
1.804735,1.431453,-0.705495
1.807366,1.43613,-0.706519
1.808535,1.437299,-0.713096
1.80912,1.441391,-0.70228
1.803274,1.43993,-0.706957
1.802982,1.438761,-0.718065
1.809997,1.435253,-0.71558
1.80912,1.441684,-0.716457
1.806782,1.431453,-0.702865
1.812336,1.434084,-0.714411
1.803566,1.438761,-0.713826
1.808535,1.439638,-0.711049
1.808535,1.440807,-0.71558
1.804151,1.432037,-0.700526
1.812043,1.433207,-0.707249
1.807074,1.439638,-0.71178
1.806489,1.44373,-0.708126
1.807659,1.442561,-0.711196
1.805905,1.433207,-0.716311
1.817889,1.440807,-0.706957
1.808535,1.440807,-0.708419
1.81292,1.443438,-0.708419
1.814089,1.434376,-0.705934
1.803859,1.439053,-0.714119
1.803274,1.437299,-0.718796
1.809997,1.429114,-0.710903
1.807951,1.431745,-0.720403
1.809997,1.430868,-0.711196
1.808535,1.435545,-0.707834
1.80532,1.43613,-0.676118
1.810289,1.430576,-0.702718
1.811751,1.433207,-0.705642
1.807074,1.437299,-0.709442
1.812336,1.43496,-0.707395
1.811166,1.43613,-0.716896
1.803859,1.433791,-0.708419
1.808243,1.434084,-0.715288
1.807366,1.440222,-0.703011
1.811166,1.439345,-0.714849
1.795966,1.433207,-0.704765
1.810874,1.438176,-0.707395
1.809997,1.43613,-0.714849
1.809412,1.437299,-0.711342
1.804735,1.438761,-0.707834
1.803274,1.438176,-0.71178
1.804735,1.434084,-0.714849
1.80532,1.428237,-0.714849
1.807951,1.43116,-0.713534
1.804735,1.42853,-0.714411
1.80912,1.43233,-0.705642
1.810582,1.43233,-0.708419
1.80532,1.434376,-0.706226
1.810582,1.429114,-0.710903
1.808535,1.43496,-0.716019
1.803274,1.432622,-0.710319
1.807074,1.438761,-0.707249
1.811459,1.430868,-0.723034
1.807659,1.433207,-0.711342
1.812628,1.431745,-0.712511
1.805905,1.43496,-0.701403
1.809412,1.429699,-0.705057
1.804735,1.433791,-0.708272
1.806489,1.432914,-0.712219
1.817889,1.430576,-0.715726
1.807074,1.440222,-0.708857
1.798889,1.429114,-0.721573
1.808535,1.42853,-0.715288
1.812336,1.425606,-0.714119
1.805905,1.428237,-0.710903
1.807951,1.433499,-0.716019
1.809997,1.429407,-0.712365
1.80912,1.429699,-0.714996
1.803859,1.431745,-0.710319
1.802689,1.43116,-0.723619
1.805905,1.434376,-0.714849
1.803859,1.422683,-0.707688
1.807074,1.429991,-0.714119
1.800058,1.427068,-0.715726
1.80532,1.419176,-0.711049
1.807659,1.419468,-0.70608
1.806782,1.429407,-0.67568
1.809997,1.430868,-0.705349
1.804151,1.429991,-0.71865
1.809997,1.427068,-0.712803
1.802397,1.426484,-0.718942
1.807366,1.427068,-0.703742
1.807659,1.432622,-0.716019
1.811751,1.43613,-0.717334
1.805905,1.424437,-0.702572
1.809997,1.432622,-0.712365
1.807659,1.431745,-0.70418
1.807659,1.429991,-0.705495
1.805028,1.432037,-0.704911
1.804151,1.431453,-0.710172
1.804443,1.425606,-0.718796
1.807074,1.433791,-0.72435
1.80532,1.43613,-0.709149
1.808243,1.438468,-0.710611
1.814382,1.437299,-0.712365
1.812043,1.432037,-0.708272
1.808828,1.429699,-0.699503
1.802689,1.429114,-0.709296
1.80152,1.430868,-0.710757
1.80532,1.422976,-0.703157
1.808243,1.425606,-0.707834
1.813213,1.43233,-0.712657
1.807659,1.432914,-0.711342
1.810289,1.434376,-0.716165
1.807659,1.42853,-0.713826
1.808828,1.42853,-0.703742
1.809997,1.433207,-0.707249
1.812043,1.432037,-0.712219
1.813505,1.429699,-0.704911
1.808828,1.42853,-0.711196
1.802397,1.428237,-0.705057
1.80912,1.427653,-0.710172
1.799182,1.437299,-0.71178
1.807074,1.434668,-0.71938
1.807951,1.43116,-0.711196
1.812336,1.429114,-0.708272
1.809705,1.434668,-0.699065
1.814382,1.429699,-0.701403
1.815551,1.434668,-0.714703
1.812043,1.437591,-0.717188
1.812336,1.426191,-0.706957
1.812336,1.423853,-0.715434
1.80912,1.425606,-0.716019
1.812043,1.42736,-0.711342
1.810874,1.422391,-0.715288
1.818766,1.427653,-0.71558
1.814674,1.424145,-0.704472
1.808828,1.428237,-0.715434
1.812043,1.426191,-0.691172
1.813213,1.421806,-0.70228
1.813797,1.418006,-0.70418
1.809412,1.422976,-0.704326
1.809705,1.422391,-0.695995
1.814966,1.421222,-0.699942
1.812043,1.429114,-0.697749
1.817597,1.456884,-0.701257
1.809997,1.42473,-0.699503
1.810874,1.417422,-0.70418
1.814382,1.422099,-0.706372
1.816428,1.417422,-0.692926
1.813505,1.41976,-0.706226
1.812043,1.43116,-0.702134
1.814382,1.418299,-0.710465
1.804735,1.41713,-0.704472
1.810289,1.421806,-0.705788
1.815551,1.425314,-0.700234
1.811459,1.42473,-0.707249
1.819351,1.422099,-0.68898
1.817889,1.420345,-0.700234
1.821982,1.419176,-0.705349
1.818182,1.421806,-0.685911
1.821397,1.418591,-0.699065
1.818766,1.423853,-0.695265
1.818474,1.420637,-0.70798
1.821982,1.425314,-0.699065
1.819936,1.42473,-0.700818
1.821397,1.426191,-0.703449
1.818182,1.421222,-0.707103
1.821397,1.421222,-0.705934
1.809997,1.422099,-0.695995
1.817597,1.428822,-0.701403
1.812043,1.420345,-0.70418
1.819351,1.421514,-0.701549
1.819059,1.427945,-0.703011
1.815259,1.42356,-0.69848
1.818182,1.426191,-0.706665
1.817597,1.42093,-0.707249
1.806782,1.423853,-0.71368
1.815259,1.422976,-0.703303
1.813797,1.425022,-0.699065
1.813797,1.42736,-0.709588
1.819643,1.426484,-0.693803
1.817889,1.424145,-0.703449
1.816136,1.423268,-0.699357
1.813505,1.418591,-0.698772
1.809997,1.42093,-0.708565
1.82052,1.417422,-0.703157
1.811751,1.418006,-0.711196
1.818182,1.419468,-0.699211
1.815551,1.42473,-0.701988
1.818474,1.425022,-0.705934
1.812336,1.417714,-0.708126
1.817597,1.421806,-0.700234
1.811166,1.42356,-0.699357
1.814089,1.425606,-0.701695
1.813505,1.418883,-0.704326
1.815259,1.423268,-0.699211
1.815551,1.42473,-0.706665
1.814674,1.416545,-0.698918
1.816428,1.387021,-0.699503
1.80912,1.421222,-0.708419
1.817305,1.429114,-0.701403
1.814966,1.425899,-0.701842
1.820228,1.422391,-0.710319
1.814966,1.422976,-0.708711
1.816136,1.42093,-0.70608
1.810874,1.425606,-0.703742
1.817889,1.42736,-0.70038
1.814089,1.422099,-0.700526
1.82052,1.426484,-0.70038
1.815259,1.422391,-0.697749
1.807074,1.426484,-0.701403
1.811459,1.417714,-0.714411
1.81292,1.421514,-0.699065
1.813797,1.425022,-0.695849
1.812628,1.421806,-0.702134
1.813505,1.415668,-0.699065
1.815843,1.431745,-0.698334
1.820813,1.419468,-0.697018
1.823151,1.425022,-0.704034
1.807366,1.429699,-0.692634
1.810289,1.429407,-0.70228
1.818474,1.426484,-0.704326
1.817889,1.424145,-0.702718
1.82169,1.427068,-0.702865
1.817889,1.422683,-0.703303
1.821397,1.427653,-0.705057
1.816428,1.422099,-0.699503
1.820228,1.425314,-0.699211
1.818766,1.423853,-0.705788
1.817597,1.424437,-0.697457
1.82052,1.42853,-0.696726
1.816136,1.428237,-0.703742
1.822274,1.418299,-0.702572
1.822274,1.419468,-0.699357
1.818182,1.418883,-0.694826
1.816136,1.42356,-0.698334
1.813505,1.418299,-0.699795
1.819059,1.426776,-0.701988
1.82052,1.425022,-0.700672
1.820813,1.427653,-0.694534
1.813505,1.42473,-0.687811
1.816428,1.421514,-0.693657
1.815551,1.421806,-0.702134
1.814089,1.422391,-0.706372
1.813505,1.422391,-0.703449
1.826367,1.41976,-0.709296
1.810582,1.421514,-0.707834
1.815259,1.426191,-0.700088
1.813505,1.429699,-0.702572
1.817597,1.42473,-0.701988
1.811166,1.427068,-0.699649
1.814382,1.458346,-0.694095
1.807951,1.429699,-0.694534
1.814674,1.427653,-0.709442
1.809997,1.426191,-0.704765
1.815843,1.423268,-0.695703
1.813797,1.427945,-0.693218
1.813213,1.422976,-0.703157
1.81292,1.418883,-0.691318
1.812628,1.418591,-0.693072
1.815259,1.425606,-0.698188
1.810582,1.424437,-0.697311
1.824613,1.421514,-0.696288
1.814674,1.421222,-0.691903
1.815843,1.421222,-0.700672
1.808243,1.425899,-0.685911
1.81672,1.416837,-0.704326
1.814089,1.42736,-0.692488
1.811166,1.416837,-0.693949
1.811166,1.413329,-0.684449
1.82432,1.42093,-0.693365
1.818766,1.420053,-0.694826
1.820228,1.418006,-0.69848
1.814382,1.42356,-0.697749
1.817597,1.419468,-0.693072
1.813797,1.424145,-0.688688
1.815259,1.41976,-0.694534
1.814382,1.417714,-0.690003
1.809412,1.419468,-0.700234
1.819936,1.416545,-0.693072
1.823151,1.420637,-0.697603
1.82432,1.422683,-0.693218
1.818766,1.422976,-0.690734
1.817597,1.428822,-0.698188
1.819059,1.420637,-0.693072
1.812336,1.42093,-0.697895
1.815551,1.427068,-0.699211
1.820228,1.42356,-0.684741
1.819351,1.421222,-0.686934
1.817013,1.427653,-0.688688
1.817013,1.424145,-0.701549
1.820228,1.421514,-0.690003
1.813797,1.420053,-0.68328
1.818766,1.420345,-0.693218
1.823443,1.427945,-0.68518
1.818474,1.41976,-0.685472
1.81672,1.411576,-0.694826
1.82169,1.418591,-0.695411
1.818766,1.414499,-0.690149
1.813505,1.415083,-0.693072
1.818182,1.41216,-0.689564
1.82432,1.412452,-0.695265
1.819351,1.413037,-0.698626
1.822859,1.415668,-0.68898
1.820228,1.419176,-0.679918
1.820813,1.413914,-0.695995
1.817305,1.418299,-0.69278
1.818182,1.419468,-0.696434
1.818182,1.413037,-0.69278
1.819643,1.416837,-0.691903
1.809412,1.415083,-0.69468
1.817889,1.41713,-0.698918
1.82052,1.416253,-0.694241
1.80912,1.412452,-0.695411
1.810289,1.413622,-0.696726
1.817013,1.41596,-0.698626
1.815259,1.41596,-0.691757
1.813505,1.41976,-0.694826
1.818182,1.416545,-0.691757
1.819936,1.425314,-0.690588
1.820813,1.420637,-0.691611
1.822274,1.420637,-0.69278
1.81672,1.421806,-0.691464
1.820228,1.417422,-0.688395
1.813213,1.421222,-0.693365
1.820228,1.421806,-0.695265
1.817305,1.416253,-0.69088
1.816428,1.421806,-0.697895
1.816428,1.420345,-0.702134
1.81672,1.415083,-0.69658
1.808243,1.418299,-0.691026
1.814089,1.420053,-0.692488
1.815843,1.410699,-0.692926
1.816428,1.410991,-0.703449
1.81292,1.417422,-0.701257
1.817305,1.416253,-0.699649
1.811166,1.41216,-0.687957
1.814382,1.420345,-0.692634
1.807366,1.413329,-0.689418
1.806782,1.406022,-0.691903
1.809997,1.419176,-0.684887
1.81672,1.414206,-0.696141
1.814089,1.417714,-0.696141
1.811459,1.408945,-0.700818
1.809997,1.411283,-0.692341
1.810289,1.418006,-0.690734
1.813505,1.414791,-0.693657
1.81292,1.421806,-0.689418
1.823443,1.418883,-0.68898
1.822274,1.414499,-0.695849
1.819351,1.407483,-0.688395
1.819351,1.412745,-0.690734
1.820813,1.413037,-0.689126
1.815843,1.415083,-0.700818
1.820813,1.416545,-0.695703
1.814089,1.422391,-0.699795
1.818766,1.418006,-0.687226
1.821397,1.414499,-0.688103
1.821397,1.41596,-0.698334
1.818766,1.410991,-0.688395
1.825782,1.416253,-0.689564
1.813797,1.414791,-0.70038
1.817597,1.412745,-0.703742
1.82169,1.411868,-0.699649
1.822274,1.413329,-0.693218
1.817889,1.416545,-0.688541
1.817305,1.422099,-0.697018
1.821105,1.416545,-0.692049
1.816136,1.413622,-0.686934
1.813213,1.416837,-0.687226
1.817013,1.417714,-0.686203
1.816428,1.416837,-0.692488
1.822859,1.411576,-0.695557
1.819351,1.415083,-0.699503
1.821397,1.418591,-0.691026
1.818182,1.413329,-0.696726
1.817597,1.41713,-0.697749
1.817597,1.416253,-0.687664
1.82812,1.418006,-0.68898
1.817889,1.418299,-0.688541
1.817597,1.416253,-0.693949
1.816428,1.420345,-0.696726
1.818182,1.414206,-0.679626
1.817597,1.414206,-0.694095
1.822567,1.414499,-0.695118
1.811751,1.417714,-0.681087
1.817889,1.423268,-0.695118
1.823151,1.414791,-0.694388
1.817597,1.453084,-0.682841
1.818474,1.454253,-0.695118
1.820813,1.407776,-0.688395
1.822274,1.418883,-0.683426
1.817889,1.41713,-0.691757
1.818474,1.416545,-0.688249
1.824905,1.42356,-0.684303
1.823736,1.41216,-0.693072
1.824905,1.414499,-0.682695
1.819936,1.419468,-0.693511
1.821397,1.410991,-0.695411
1.828997,1.409822,-0.686203
1.828705,1.412745,-0.69278
1.825197,1.416253,-0.68211
1.830751,1.412745,-0.68211
1.82169,1.408652,-0.678018
1.830459,1.415083,-0.673633
1.82929,1.411283,-0.68211
1.822567,1.406314,-0.682695
1.826659,1.409237,-0.692049
1.824905,1.41976,-0.68328
1.82549,1.41216,-0.690295
1.828705,1.413914,-0.692341
1.826367,1.413914,-0.679918
1.823736,1.41216,-0.694826
1.827536,1.40836,-0.684011
1.823443,1.404268,-0.689418
1.830751,1.40456,-0.692341
1.831044,1.407191,-0.69278
1.830167,1.40836,-0.687518
1.828997,1.398714,-0.698772
1.81672,1.407776,-0.68328
1.828413,1.404852,-0.679334
1.830751,1.402514,-0.688541
1.825197,1.405437,-0.67948
1.82169,1.413914,-0.682987
1.825782,1.408945,-0.675241
1.831336,1.413329,-0.68138
1.824905,1.409529,-0.676849
1.831044,1.416253,-0.686934
1.827536,1.40836,-0.68021
1.824028,1.403098,-0.682403
1.824905,1.406606,-0.680503
1.826074,1.408945,-0.682549
1.821397,1.404268,-0.683718
1.824905,1.411283,-0.685911
1.826074,1.408068,-0.692341
1.831628,1.403098,-0.67948
1.826074,1.403391,-0.694826
1.820813,1.40836,-0.678749
1.824905,1.403683,-0.698918
1.826367,1.402514,-0.697603
1.831336,1.405145,-0.695557
1.827243,1.409237,-0.696434
1.818766,1.410699,-0.694095
1.815843,1.406606,-0.686787
1.832797,1.401345,-0.678164
1.821105,1.411868,-0.691026
1.82549,1.413037,-0.695118
1.82432,1.412745,-0.686495
1.82169,1.40456,-0.687811
1.826074,1.410114,-0.689272
1.82549,1.406022,-0.693657
1.821982,1.407483,-0.701257
1.827828,1.404852,-0.686641
1.825782,1.407776,-0.676703
1.826074,1.41216,-0.682403
1.826951,1.405729,-0.695849
1.821982,1.40836,-0.689857
1.82812,1.401345,-0.686495
1.819059,1.409822,-0.681234
1.827828,1.407483,-0.68328
1.825197,1.405145,-0.687518
1.821105,1.407191,-0.688834
1.824613,1.408068,-0.693803
1.826659,1.406606,-0.695265
1.824028,1.413914,-0.688103
1.821982,1.406314,-0.690149
1.821397,1.399591,-0.698918
1.827536,1.410699,-0.690441
1.825197,1.412452,-0.695411
1.824905,1.404268,-0.698772
1.819351,1.41596,-0.691757
1.824905,1.406314,-0.686057
1.831628,1.415376,-0.694534
1.827536,1.409822,-0.678895
1.827243,1.413914,-0.691318
1.825197,1.407776,-0.695849
1.824028,1.406314,-0.693218
1.815259,1.402806,-0.69088
1.826074,1.410699,-0.695265
1.814966,1.399006,-0.697895
1.821397,1.410406,-0.691318
1.817597,1.409822,-0.694972
1.82052,1.410114,-0.683718
1.826951,1.409237,-0.682403
1.826659,1.406022,-0.685472
1.821397,1.406899,-0.681087
1.827536,1.406899,-0.683426
1.827536,1.409529,-0.689418
1.821397,1.410699,-0.689272
1.823443,1.406606,-0.692341
1.821397,1.409822,-0.695265
1.821105,1.407191,-0.699503
1.826951,1.412745,-0.688834
1.82549,1.414791,-0.689418
1.82549,1.407191,-0.68138
1.823736,1.40456,-0.684595
1.818474,1.408652,-0.679187
1.823736,1.404852,-0.691172
1.82929,1.407483,-0.687226
1.824613,1.406899,-0.685764
1.822274,1.413037,-0.677433
1.829582,1.40836,-0.691172
1.82929,1.413622,-0.699795
1.82432,1.408945,-0.697311
1.818766,1.414791,-0.693365
1.819936,1.408068,-0.694534
1.821397,1.405437,-0.686349
1.82052,1.405437,-0.691026
1.82812,1.411868,-0.683134
1.827828,1.411868,-0.684887
1.827536,1.407483,-0.690003
1.82052,1.409237,-0.679918
1.824613,1.405729,-0.692341
1.82549,1.409237,-0.685764
1.827536,1.40456,-0.691026
1.824905,1.405729,-0.690149
1.825197,1.408652,-0.683864
1.826367,1.407776,-0.691172
1.818182,1.405437,-0.687957
1.824028,1.406606,-0.691757
1.822274,1.408068,-0.684303
1.819643,1.406606,-0.680064
1.822274,1.409822,-0.692488
1.824613,1.40456,-0.67758
1.823736,1.409237,-0.67948
1.82549,1.399883,-0.679772
1.828997,1.410114,-0.690003
1.82929,1.404852,-0.685034
1.825782,1.402222,-0.674218
1.829874,1.409822,-0.675533
1.832213,1.405145,-0.68518
1.828413,1.406022,-0.676264
1.831044,1.403391,-0.668956
1.830167,1.40456,-0.683572
1.826659,1.404268,-0.687372
1.834259,1.399298,-0.675095
1.799182,1.401345,-0.673633
1.867583,1.403975,-0.680941
1.824028,1.402806,-0.671149
1.826367,1.397545,-0.678018
1.831044,1.401637,-0.685034
1.838644,1.408068,-0.675095
1.828413,1.403683,-0.673195
1.826951,1.401929,-0.671149
1.829874,1.399883,-0.678018
1.830751,1.406314,-0.675972
1.825782,1.399006,-0.674364
1.837767,1.396668,-0.669395
1.830167,1.398129,-0.688688
1.827828,1.399883,-0.680064
1.827243,1.39696,-0.687811
1.838936,1.399006,-0.675826
1.834259,1.399883,-0.68021
1.829874,1.392283,-0.684157
1.835721,1.397252,-0.68518
1.826659,1.401345,-0.683718
1.832213,1.397545,-0.682403
1.831628,1.39316,-0.670272
1.831336,1.402222,-0.676995
1.828997,1.399883,-0.686495
1.837182,1.402806,-0.692049
1.832213,1.394621,-0.678018
1.835721,1.399591,-0.672756
1.831336,1.402222,-0.684595
1.83309,1.403975,-0.674072
1.831628,1.401929,-0.670856
1.830751,1.400468,-0.671733
1.834259,1.405437,-0.675095
1.832213,1.400175,-0.680941
1.832213,1.402514,-0.672903
1.829874,1.397252,-0.678749
1.82929,1.396375,-0.680649
1.832505,1.393452,-0.679772
1.831628,1.397837,-0.676849
1.82929,1.396668,-0.671003
1.826951,1.398422,-0.673926
1.830167,1.39316,-0.67451
1.826074,1.396375,-0.665887
1.833382,1.393744,-0.671587
1.828705,1.395206,-0.676703
1.830751,1.399298,-0.670126
1.826074,1.394914,-0.67451
1.825782,1.391991,-0.67451
1.826951,1.401345,-0.679187
1.828413,1.406899,-0.666472
1.839228,1.395206,-0.676557
1.834259,1.398714,-0.663841
1.834259,1.396375,-0.673926
1.834259,1.392283,-0.67071
1.834844,1.396375,-0.67948
1.834551,1.396668,-0.673341
1.838059,1.399591,-0.675387
1.833382,1.391406,-0.678603
1.835136,1.394914,-0.673633
1.828997,1.401345,-0.678457
1.831336,1.399883,-0.67758
1.824613,1.400468,-0.675095
1.833674,1.394621,-0.674949
1.835136,1.390821,-0.671003
1.828997,1.394914,-0.676995
1.828997,1.392575,-0.683572
1.83309,1.392575,-0.679772
1.832213,1.389944,-0.674949
1.832213,1.393744,-0.679918
1.825782,1.395791,-0.684595
1.832213,1.395498,-0.681526
1.835428,1.406314,-0.676849
1.831921,1.393744,-0.675387
1.831336,1.396668,-0.68138
1.826367,1.395498,-0.667495
1.830459,1.387606,-0.674364
1.836013,1.396083,-0.67378
1.831336,1.395498,-0.680795
1.827536,1.399006,-0.683134
1.82929,1.399006,-0.671003
1.829582,1.395498,-0.670856
1.831628,1.396668,-0.672172
1.827536,1.395791,-0.67758
1.825782,1.401637,-0.66881
1.827828,1.397837,-0.671587
1.834259,1.396083,-0.669103
1.82929,1.401345,-0.67188
1.827828,1.40076,-0.682987
1.797135,1.395791,-0.673926
1.828413,1.394621,-0.679772
1.836013,1.395791,-0.679041
1.830167,1.398714,-0.675095
1.832213,1.396375,-0.679041
1.831921,1.400468,-0.673195
1.837474,1.399591,-0.677141
1.834551,1.399006,-0.669249
1.830459,1.394329,-0.671587
1.833382,1.39696,-0.677433
1.831336,1.398129,-0.675533
1.830167,1.394037,-0.673195
1.825197,1.394621,-0.680941
1.828997,1.397837,-0.686787
1.831628,1.401052,-0.677141
1.82929,1.395498,-0.680941
1.833382,1.401637,-0.677287
1.829582,1.394914,-0.678018
1.834844,1.401345,-0.676849
1.834259,1.393744,-0.677872
1.835721,1.402806,-0.683426
1.83689,1.397545,-0.676557
1.838059,1.404852,-0.674657
1.830751,1.398422,-0.68138
1.835721,1.400175,-0.67948
1.838059,1.400175,-0.680357
1.833382,1.396668,-0.685326
1.830751,1.40076,-0.677872
1.828997,1.394914,-0.680503
1.832797,1.395498,-0.678749
1.831044,1.396375,-0.679041
1.830459,1.401929,-0.683864
1.83689,1.401929,-0.672172
1.830459,1.398129,-0.671587
1.831921,1.391991,-0.67378
1.832797,1.399883,-0.675241
1.825782,1.397252,-0.671003
1.831336,1.404852,-0.685764
1.837767,1.399006,-0.67378
1.832797,1.395791,-0.663987
1.830459,1.39316,-0.670564
1.834551,1.396375,-0.670856
1.838644,1.39316,-0.674364
1.83689,1.398422,-0.672464
1.835721,1.396668,-0.66998
1.837767,1.399591,-0.673341
1.833967,1.401637,-0.67188
1.839228,1.402806,-0.680503
1.843028,1.399006,-0.672903
1.835136,1.395791,-0.675241
1.837767,1.391698,-0.667495
1.838644,1.395791,-0.672318
1.839228,1.394037,-0.671441
1.834844,1.396083,-0.680941
1.827828,1.392575,-0.668079
1.84449,1.394329,-0.661356
1.831921,1.392575,-0.668518
1.841859,1.400175,-0.677287
1.843028,1.392868,-0.662379
1.839813,1.394329,-0.672903
1.838644,1.394329,-0.670126
1.84069,1.393452,-0.668079
1.832797,1.388191,-0.674218
1.833674,1.398714,-0.669249
1.840105,1.391114,-0.668956
1.83689,1.392575,-0.673195
1.836305,1.389944,-0.661941
1.842151,1.393744,-0.671149
1.84069,1.392868,-0.679918
1.838644,1.389652,-0.673195
1.842736,1.394914,-0.664864
1.835136,1.389068,-0.669249
1.840105,1.387314,-0.673341
1.841567,1.387606,-0.679918
1.828997,1.399883,-0.670272
1.831044,1.392868,-0.672464
1.835136,1.39316,-0.672464
1.837767,1.384975,-0.676264
1.835428,1.395498,-0.664572
1.837474,1.387314,-0.667933
1.826951,1.396083,-0.671149
1.828997,1.388191,-0.649664
1.83309,1.395206,-0.676995
1.831336,1.387021,-0.667495
1.829874,1.395791,-0.667641
1.843321,1.398714,-0.669541
1.839228,1.394037,-0.675241
1.834844,1.391991,-0.669687
1.838059,1.392868,-0.674949
1.83309,1.395791,-0.671295
1.843321,1.391991,-0.673633
1.834551,1.391698,-0.666764
1.836305,1.386729,-0.663695
1.841859,1.388775,-0.673341
1.839813,1.389652,-0.667495
1.839813,1.388775,-0.67071
1.83689,1.388191,-0.667641
1.842736,1.391698,-0.672756
1.845367,1.398129,-0.673487
1.838059,1.394914,-0.661064
1.843613,1.397252,-0.677141
1.846828,1.394037,-0.682403
1.841274,1.39316,-0.674949
1.831921,1.394037,-0.663841
1.834551,1.401929,-0.665449
1.833674,1.390237,-0.672903
1.835721,1.39696,-0.678164
1.839813,1.39696,-0.669833
1.839813,1.389944,-0.671733
1.839521,1.394037,-0.677433
1.840982,1.398129,-0.675972
1.838936,1.402222,-0.680795
1.840105,1.396083,-0.677726
1.839521,1.397252,-0.676264
1.839228,1.398129,-0.675533
1.837182,1.393744,-0.672903
1.831336,1.386729,-0.663841
1.837474,1.390529,-0.679334
1.838351,1.390529,-0.670418
1.836305,1.389068,-0.673049
1.83689,1.393744,-0.678164
1.833382,1.396375,-0.668518
1.840982,1.393452,-0.663841
1.839813,1.395498,-0.669249
1.84069,1.39696,-0.673633
1.840398,1.396668,-0.671733
1.84069,1.393744,-0.677726
1.840105,1.388775,-0.677141
1.836597,1.397252,-0.670272
1.834259,1.398714,-0.673049
1.843028,1.395791,-0.679187
1.838644,1.396375,-0.704911
1.842444,1.392283,-0.670126
1.837474,1.388483,-0.668372
1.835428,1.392868,-0.662672
1.835721,1.38936,-0.665595
1.838351,1.387314,-0.657849
1.83689,1.391991,-0.666326
1.828705,1.39696,-0.66881
1.832797,1.392575,-0.667933
1.834844,1.394037,-0.673487
1.836305,1.392283,-0.664572
1.838644,1.394621,-0.664133
1.840982,1.397252,-0.667495
1.835136,1.397252,-0.665303
1.843905,1.394037,-0.677433
1.834844,1.390529,-0.667933
1.836305,1.390821,-0.670856
1.838351,1.395206,-0.65931
1.836305,1.394037,-0.671295
1.84069,1.392283,-0.671295
1.835136,1.382929,-0.662672
1.843321,1.393744,-0.667056
1.835428,1.392283,-0.667203
1.835721,1.389652,-0.670126
1.835721,1.389652,-0.667933
1.836305,1.387606,-0.670272
1.835136,1.386437,-0.663695
1.837767,1.394329,-0.665887
1.838351,1.38556,-0.667203
1.840105,1.391406,-0.665449
1.837182,1.391114,-0.662818
1.840398,1.392868,-0.66691
1.837767,1.393452,-0.667495
1.843321,1.393452,-0.664572
1.83689,1.390821,-0.665449
1.834551,1.386729,-0.669103
1.840105,1.383514,-0.660333
1.841567,1.389944,-0.66311
1.835136,1.391406,-0.664718
1.839813,1.391698,-0.670418
1.833674,1.379714,-0.672464
1.832213,1.389652,-0.661356
1.835721,1.383221,-0.666472
1.838644,1.386144,-0.668956
1.840982,1.383221,-0.669249
1.833674,1.379129,-0.65551
1.842736,1.384975,-0.65171
1.84069,1.387898,-0.670272
1.842151,1.388191,-0.653756
1.838936,1.378837,-0.66311
1.840398,1.390237,-0.658579
1.838936,1.384975,-0.653318
1.842151,1.379714,-0.658287
1.838936,1.384098,-0.666179
1.84449,1.389652,-0.658141
1.84829,1.389652,-0.664572
1.847413,1.383221,-0.658287
1.838059,1.386144,-0.664133
1.844782,1.387898,-0.668226
1.84829,1.38439,-0.659456
1.840982,1.390237,-0.655656
1.84449,1.380883,-0.649225
1.845659,1.386729,-0.658872
1.842151,1.37796,-0.652002
1.843028,1.384098,-0.66121
1.846828,1.386729,-0.648495
1.850921,1.387606,-0.662672
1.850336,1.386144,-0.660333
1.845075,1.383221,-0.659602
1.848582,1.387606,-0.658872
1.849167,1.380006,-0.651856
1.848582,1.386437,-0.666618
1.84449,1.380883,-0.665449
1.855013,1.384098,-0.651418
1.849167,1.387898,-0.661502
1.853844,1.39316,-0.659602
1.846244,1.387314,-0.662964
1.848875,1.38176,-0.64791
1.849752,1.382344,-0.655364
1.850628,1.381175,-0.657995
1.842151,1.378544,-0.656387
1.850336,1.380883,-0.661356
1.845951,1.381175,-0.656972
1.84449,1.375329,-0.655218
1.850921,1.380883,-0.659602
1.849752,1.379714,-0.661649
1.846828,1.385267,-0.659456
1.852382,1.386729,-0.649372
1.849167,1.388191,-0.657995
1.851213,1.377667,-0.661064
1.848582,1.378544,-0.661356
1.852675,1.385852,-0.67071
1.847998,1.377083,-0.66501
1.845951,1.380883,-0.662672
1.847998,1.383806,-0.663549
1.852382,1.382929,-0.662233
1.839228,1.379421,-0.656241
1.845367,1.386437,-0.668226
1.841859,1.387314,-0.668956
1.847705,1.382929,-0.664133
1.846244,1.382637,-0.659602
1.847121,1.379714,-0.652879
1.846536,1.373283,-0.659749
1.857936,1.38176,-0.66311
1.841567,1.378837,-0.659895
1.843028,1.379421,-0.650248
1.847413,1.383514,-0.668956
1.848875,1.381175,-0.656095
1.84829,1.383221,-0.642941
1.848875,1.36919,-0.655072
1.84829,1.378252,-0.653318
1.838936,1.374452,-0.66121
1.841274,1.376206,-0.658433
1.839813,1.376206,-0.662379
1.845659,1.378252,-0.663987
1.843321,1.38059,-0.658433
1.851798,1.379714,-0.65931
1.846536,1.380298,-0.653025
1.838351,1.378544,-0.673049
1.848875,1.375037,-0.648933
1.84069,1.377083,-0.656095
1.842151,1.382344,-0.658433
1.839228,1.382637,-0.648641
1.838936,1.382052,-0.664572
1.843321,1.377667,-0.659602
1.845075,1.378544,-0.648495
1.843321,1.378252,-0.659602
1.847998,1.377375,-0.668956
1.844198,1.376206,-0.653756
1.840398,1.382929,-0.660333
1.847121,1.382929,-0.649956
1.846536,1.37416,-0.656533
1.846828,1.38176,-0.650979
1.843905,1.382637,-0.646156
1.84069,1.371236,-0.657995
1.84449,1.382344,-0.652879
1.847705,1.382052,-0.652002
1.852675,1.377083,-0.666179
1.848875,1.387314,-0.654487
1.840982,1.379714,-0.655656
1.851213,1.382637,-0.658872
1.846828,1.378544,-0.654925
1.845075,1.382052,-0.65551
1.843321,1.38059,-0.656825
1.847121,1.381175,-0.663695
1.850336,1.376498,-0.651125
1.849752,1.381467,-0.654779
1.850628,1.385267,-0.646156
1.851213,1.383806,-0.653902
1.845367,1.372113,-0.657118
1.845951,1.383806,-0.662526
1.846828,1.385267,-0.658579
1.841274,1.382052,-0.658579
1.845367,1.384975,-0.663987
1.851505,1.386437,-0.655949
1.840982,1.386729,-0.652879
1.845951,1.386144,-0.65551
1.847121,1.38176,-0.654925
1.848582,1.384683,-0.65741
1.842444,1.374744,-0.658579
1.842444,1.380006,-0.664718
1.841859,1.381467,-0.664426
1.840105,1.379421,-0.659749
1.840105,1.381467,-0.660187
1.842151,1.382637,-0.662379
1.841859,1.382344,-0.657995
1.847121,1.378837,-0.656825
1.852382,1.377083,-0.650395
1.845367,1.378252,-0.659749
1.846244,1.379421,-0.655218
1.84449,1.371529,-0.656972
1.854136,1.372113,-0.656972
1.852382,1.375329,-0.653172
1.850336,1.375329,-0.65171
1.852382,1.374452,-0.652295
1.852382,1.380006,-0.642356
1.851798,1.377083,-0.656387
1.853844,1.37796,-0.663841
1.85209,1.374452,-0.639871
1.847998,1.372698,-0.646741
1.84829,1.374452,-0.645864
1.843613,1.37416,-0.652002
1.846244,1.37416,-0.649079
1.855013,1.375914,-0.643671
1.847705,1.37416,-0.646448
1.84829,1.381467,-0.650687
1.855013,1.376206,-0.646741
1.855013,1.376206,-0.655364
1.849167,1.382637,-0.655802
1.847121,1.380883,-0.657849
1.838351,1.379129,-0.649518
1.851213,1.379421,-0.656679
1.84829,1.37416,-0.644841
1.847121,1.375037,-0.659749
1.853259,1.375621,-0.657995
1.849752,1.37299,-0.64411
1.857936,1.375914,-0.656241
1.854429,1.383806,-0.651272
1.851213,1.378544,-0.650833
1.85209,1.378252,-0.657118
1.854429,1.374744,-0.648787
1.849752,1.37679,-0.658579
1.857352,1.376206,-0.649956
1.853844,1.376498,-0.652148
1.847413,1.373867,-0.649664
1.85209,1.368313,-0.648933
1.850044,1.369775,-0.662233
1.855013,1.370067,-0.648056
1.84449,1.365683,-0.657118
1.854136,1.382052,-0.644548
1.864952,1.373283,-0.643379
1.854721,1.377083,-0.656972
1.857059,1.371236,-0.653464
1.852967,1.375621,-0.649664
1.854721,1.375329,-0.66121
1.849752,1.37416,-0.651564
1.850336,1.372698,-0.656533
1.850921,1.377083,-0.649664
1.855305,1.373867,-0.647618
1.859105,1.375329,-0.655656
1.857644,1.377375,-0.653318
1.853259,1.37796,-0.643379
1.850921,1.37416,-0.650541
1.853844,1.37416,-0.643233
1.850044,1.370652,-0.651856
1.856475,1.374744,-0.648056
1.852675,1.376206,-0.648056
1.853844,1.37416,-0.641333
1.853844,1.376498,-0.658433
1.85209,1.375621,-0.646595
1.854721,1.379714,-0.66311
1.856182,1.378837,-0.652295
1.857644,1.367436,-0.647471
1.858813,1.372698,-0.654779
1.850921,1.381467,-0.647325
1.851213,1.37416,-0.640748
1.853259,1.372113,-0.652587
1.852382,1.373283,-0.650833
1.856182,1.367729,-0.651856
1.850044,1.373867,-0.649372
1.852967,1.371529,-0.660772
1.853552,1.370944,-0.648202
1.849752,1.372113,-0.649956
1.857936,1.37796,-0.645425
1.852967,1.379129,-0.646741
1.846536,1.373283,-0.646595
1.851798,1.368021,-0.634025
1.855013,1.372698,-0.651272
1.85209,1.370944,-0.648348
1.855598,1.370652,-0.639579
1.858813,1.372406,-0.64981
1.856475,1.367729,-0.638264
1.849459,1.365098,-0.637533
1.853259,1.370067,-0.639141
1.855013,1.375329,-0.63461
1.857059,1.373283,-0.64221
1.851505,1.362759,-0.649372
1.855598,1.367436,-0.649225
1.856767,1.369483,-0.649079
1.857936,1.38176,-0.645425
1.847705,1.37679,-0.661356
1.853259,1.375037,-0.652295
1.855598,1.374744,-0.648348
1.855013,1.37679,-0.645279
1.85589,1.375037,-0.649956
1.855598,1.369775,-0.648056
1.852675,1.373867,-0.649225
1.846244,1.378544,-0.648202
1.852382,1.372113,-0.655072
1.849459,1.364221,-0.635194
1.851505,1.37299,-0.650395
1.852967,1.367436,-0.648348
1.85209,1.376498,-0.654779
1.849459,1.368898,-0.656679
1.846536,1.379421,-0.654341
1.860275,1.376206,-0.652295
1.853844,1.377375,-0.650833
1.851505,1.37416,-0.642794
1.855598,1.370944,-0.643964
1.850628,1.374744,-0.651272
1.860275,1.375914,-0.648787
1.855305,1.374744,-0.646302
1.854721,1.377667,-0.644987
1.849459,1.377083,-0.649079
1.852675,1.368606,-0.653902
1.850628,1.370067,-0.655218
1.855305,1.376206,-0.648933
1.852675,1.37796,-0.649518
1.857352,1.368606,-0.646302
1.853259,1.37036,-0.64221
1.847413,1.377375,-0.650979
1.849752,1.377083,-0.646741
1.853844,1.378252,-0.647179
1.854429,1.377667,-0.641333
1.851798,1.375037,-0.648495
1.850628,1.37299,-0.635925
1.857936,1.374744,-0.642941
1.850921,1.371821,-0.647618
1.859982,1.373867,-0.64221
1.852675,1.372406,-0.650395
1.853259,1.370067,-0.639579
1.856767,1.376498,-0.640164
1.848582,1.366267,-0.639141
1.848875,1.368606,-0.635925
1.846244,1.36919,-0.635633
1.85969,1.371821,-0.641771
1.859105,1.367729,-0.636071
1.85209,1.370944,-0.644402
1.851505,1.366852,-0.64411
1.856475,1.369775,-0.645864
1.855598,1.363929,-0.643671
1.852967,1.365098,-0.630517
1.857352,1.365683,-0.636364
1.859105,1.370944,-0.64981
1.857644,1.37036,-0.637094
1.854721,1.362759,-0.648495
1.850921,1.357498,-0.633294
1.856767,1.364806,-0.639287
1.852382,1.361298,-0.639871
1.855305,1.363929,-0.642941
1.852675,1.360713,-0.641187
1.84829,1.36159,-0.640748
1.848582,1.368313,-0.635194
1.85589,1.368898,-0.649079
1.855305,1.365683,-0.633587
1.852382,1.364221,-0.64411
1.850921,1.364221,-0.646448
1.848875,1.363344,-0.630517
1.854136,1.369483,-0.646741
1.851505,1.36539,-0.64601
1.858229,1.362759,-0.636656
1.853844,1.369483,-0.639287
1.862029,1.366852,-0.635048
1.858229,1.363929,-0.639141
1.860859,1.360713,-0.638264
1.861152,1.360421,-0.645133
1.853552,1.356329,-0.637533
1.851505,1.36539,-0.656241
1.860859,1.358667,-0.651564
1.862029,1.364513,-0.648641
1.856767,1.363636,-0.63461
1.85209,1.363344,-0.648495
1.857936,1.359836,-0.639287
1.852675,1.358375,-0.641625
1.856475,1.363052,-0.646302
1.85969,1.358375,-0.643379
1.849459,1.358667,-0.634025
1.85969,1.356913,-0.645425
1.853844,1.354867,-0.63344
1.859982,1.356036,-0.638702
1.852967,1.360713,-0.637679
1.858813,1.363929,-0.638264
1.859398,1.358667,-0.637533
1.854136,1.361298,-0.642064
1.857352,1.358082,-0.601432
1.851798,1.360421,-0.632125
1.852675,1.367144,-0.654195
1.860567,1.36539,-0.63154
1.852675,1.360421,-0.642648
1.849459,1.36656,-0.639141
1.855305,1.367729,-0.649225
1.855598,1.367436,-0.65171
1.856182,1.365098,-0.649079
1.864952,1.36919,-0.645571
1.86349,1.364806,-0.645133
1.857936,1.368313,-0.636071
1.854721,1.365683,-0.636217
1.855598,1.362759,-0.643379
1.858229,1.369775,-0.641333
1.858229,1.362759,-0.638848
1.850628,1.365683,-0.639141
1.858813,1.36539,-0.638848
1.853552,1.367436,-0.636948
1.857936,1.368313,-0.642356
1.859398,1.36919,-0.648202
1.85969,1.366852,-0.638848
1.854136,1.365975,-0.64221
1.856182,1.364221,-0.646595
1.862029,1.361006,-0.655218
1.859105,1.36656,-0.644987
1.853259,1.365975,-0.645279
1.855013,1.365683,-0.646448
1.859398,1.36656,-0.647033
1.857059,1.368898,-0.639871
1.864075,1.359836,-0.639287
1.85209,1.357206,-0.642356
1.858813,1.366267,-0.639871
1.861444,1.363636,-0.64411
1.857936,1.360129,-0.640018
1.859982,1.361298,-0.643525
1.854429,1.366852,-0.640164
1.856475,1.36919,-0.645718
1.861444,1.363344,-0.640018
1.863198,1.368021,-0.642648
1.853259,1.36539,-0.645279
1.857644,1.361882,-0.643379
1.855305,1.367144,-0.642648
1.858229,1.372113,-0.647325
1.854721,1.363929,-0.639287
1.857644,1.356621,-0.641918
1.858229,1.364806,-0.646302
1.85209,1.364221,-0.648348
1.848875,1.365683,-0.639871
1.854136,1.364806,-0.647618
1.851213,1.364513,-0.64981
1.853259,1.365098,-0.638556
1.858813,1.365098,-0.641625
1.857352,1.366852,-0.650979
1.855598,1.368606,-0.635487
1.85969,1.37036,-0.645718
1.855305,1.36159,-0.646302
1.858229,1.36539,-0.635925
1.855598,1.368021,-0.642502
1.854136,1.363636,-0.643379
1.854429,1.360129,-0.640164
1.859398,1.368313,-0.643964
1.858813,1.368898,-0.636656
1.859105,1.366267,-0.638556
1.856475,1.36919,-0.644987
1.862613,1.368898,-0.645279
1.863783,1.366267,-0.629202
1.858813,1.368898,-0.648348
1.85589,1.36159,-0.639579
1.864659,1.365098,-0.630956
1.861152,1.36539,-0.646595
1.860859,1.36919,-0.640748
1.861444,1.356913,-0.643379
1.859398,1.358959,-0.641479
1.85209,1.359544,-0.652148
1.85589,1.36656,-0.641333
1.859982,1.356621,-0.636948
1.858813,1.36159,-0.629494
1.856475,1.359252,-0.641041
1.862029,1.365975,-0.633879
1.865536,1.365975,-0.639141
1.863198,1.358375,-0.63344
1.857059,1.358082,-0.633294
1.865244,1.356621,-0.633587
1.866998,1.363052,-0.641918
1.86729,1.358375,-0.638702
1.868752,1.354575,-0.624671
1.861444,1.352821,-0.637825
1.866998,1.355452,-0.632271
1.862906,1.354867,-0.641041
1.862029,1.353113,-0.639141
1.860275,1.353113,-0.643233
1.868459,1.35399,-0.631687
1.874013,1.354575,-0.633002
1.862906,1.346682,-0.635925
1.863198,1.351652,-0.632564
1.866413,1.346682,-0.637679
1.863783,1.384098,-0.644402
1.868167,1.353405,-0.629494
1.860275,1.360129,-0.630956
1.860275,1.349021,-0.633148
1.864367,1.353113,-0.640602
1.864952,1.351359,-0.635633
1.866998,1.344636,-0.626571
1.867583,1.354282,-0.63081
1.862906,1.349898,-0.637387
1.866998,1.352821,-0.640894
1.863783,1.351067,-0.632856
1.867875,1.349021,-0.644695
1.864659,1.348144,-0.619702
1.862029,1.354282,-0.636656
1.860567,1.349313,-0.640456
1.869921,1.358959,-0.637387
1.866121,1.351359,-0.639287
1.865536,1.347559,-0.638556
1.865244,1.354282,-0.630956
1.864952,1.351652,-0.63081
1.866998,1.350775,-0.640018
1.870213,1.350482,-0.636364
1.862029,1.35019,-0.629056
1.865244,1.35019,-0.631248
1.866706,1.35399,-0.633587
1.865536,1.35019,-0.633733
1.87606,1.353698,-0.633587
1.871967,1.356036,-0.627594
1.874306,1.345513,-0.651272
1.868459,1.345513,-0.637825
1.868459,1.351359,-0.637825
1.865829,1.349313,-0.634171
1.866121,1.351359,-0.638848
1.862029,1.349605,-0.632856
1.86729,1.343759,-0.63271
1.866413,1.351944,-0.629933
1.861444,1.349898,-0.639871
1.866998,1.352821,-0.634317
1.868752,1.351359,-0.636217
1.87489,1.348728,-0.63154
1.860859,1.345513,-0.63081
1.871967,1.355744,-0.630079
1.868459,1.354575,-0.619117
1.872844,1.346098,-0.62701
1.864952,1.350775,-0.628763
1.875183,1.313066,-0.629202
1.86729,1.345805,-0.636948
1.87109,1.348436,-0.628763
1.866706,1.348144,-0.624817
1.862906,1.351359,-0.626425
1.863198,1.337621,-0.639141
1.859105,1.348436,-0.625256
1.863783,1.348436,-0.638264
1.868167,1.340251,-0.63841
1.869336,1.342882,-0.625987
1.865536,1.341128,-0.631979
1.866706,1.341128,-0.627594
1.863198,1.350775,-0.634025
1.860859,1.341713,-0.642356
1.857352,1.345805,-0.629787
1.865244,1.345513,-0.639287
1.865536,1.347852,-0.633879
1.864367,1.343759,-0.631394
1.87109,1.342298,-0.62774
1.864952,1.352236,-0.62964
1.866706,1.349898,-0.632417
1.861152,1.343759,-0.635779
1.865829,1.347852,-0.631394
1.871383,1.34639,-0.636217
1.856767,1.349605,-0.646156
1.862613,1.351359,-0.64221
1.864367,1.348144,-0.639579
1.855013,1.349898,-0.632564
1.865244,1.352528,-0.635194
1.868459,1.346682,-0.632125
1.866413,1.353405,-0.644841
1.86729,1.349605,-0.640894
1.867875,1.345513,-0.630956
1.864075,1.351944,-0.630664
1.867875,1.348728,-0.637387
1.866121,1.347267,-0.636948
1.870213,1.344636,-0.640894
1.861444,1.349605,-0.640894
1.866121,1.348728,-0.631248
1.87109,1.35019,-0.63651
1.864367,1.355159,-0.630225
1.860859,1.382637,-0.640164
1.866121,1.353405,-0.630371
1.866706,1.358959,-0.636364
1.857644,1.350482,-0.634171
1.86349,1.350775,-0.625987
1.864075,1.352236,-0.63154
1.866413,1.353405,-0.638994
1.869044,1.343174,-0.640164
1.86349,1.35019,-0.628617
1.864367,1.356913,-0.637387
1.857059,1.355452,-0.637533
1.870798,1.348728,-0.643964
1.866998,1.349898,-0.628617
1.861444,1.364221,-0.636217
1.870506,1.351067,-0.634464
1.873137,1.349021,-0.63154
1.865829,1.349313,-0.630664
1.870213,1.343467,-0.626133
1.872552,1.350482,-0.637533
1.862906,1.346098,-0.62964
1.877229,1.349313,-0.639725
1.866998,1.354282,-0.639141
1.869044,1.347852,-0.637679
1.871675,1.346098,-0.624233
1.868167,1.344636,-0.635341
1.869921,1.35399,-0.635194
1.867583,1.344928,-0.63841
1.873429,1.345805,-0.621017
1.873137,1.347852,-0.627156
1.867583,1.342005,-0.634464
1.867583,1.344051,-0.636656
1.866413,1.339667,-0.635487
1.87109,1.34639,-0.630664
1.869044,1.340836,-0.629933
1.865244,1.33879,-0.642356
1.870798,1.342298,-0.637094
1.876937,1.344344,-0.635779
1.871967,1.343174,-0.638264
1.873429,1.342005,-0.636364
1.873429,1.342298,-0.637825
1.875767,1.348144,-0.634464
1.869921,1.34639,-0.632564
1.87606,1.339959,-0.636656
1.866121,1.339374,-0.635048
1.871967,1.346975,-0.599825
1.869336,1.338498,-0.622625
1.87606,1.340544,-0.623648
1.870798,1.343174,-0.629202
1.870213,1.337328,-0.639433
1.833967,1.335574,-0.637241
1.864952,1.342882,-0.636071
1.869629,1.341128,-0.635779
1.874598,1.34639,-0.635194
1.868459,1.339082,-0.628471
1.871383,1.339667,-0.63461
1.862029,1.339667,-0.631102
1.870506,1.345221,-0.632271
1.867875,1.345513,-0.632271
1.874013,1.340836,-0.62891
1.867583,1.332651,-0.63344
1.868752,1.334697,-0.62891
1.866121,1.335867,-0.633002
1.866998,1.33879,-0.631248
1.865244,1.339959,-0.62891
1.870506,1.330897,-0.626863
1.869044,1.329144,-0.62964
1.874306,1.339374,-0.636071
1.869629,1.336159,-0.621017
1.87109,1.337621,-0.644695
1.87226,1.343759,-0.617363
1.864952,1.338205,-0.626133
1.866998,1.337328,-0.627887
1.866121,1.33499,-0.63154
1.865536,1.329436,-0.627887
1.866121,1.341713,-0.634756
1.865536,1.336159,-0.633002
1.864075,1.337328,-0.629933
1.863783,1.347852,-0.629348
1.869629,1.344051,-0.631833
1.862029,1.339959,-0.629933
1.867583,1.349898,-0.629787
1.867875,1.340836,-0.633148
1.866706,1.338498,-0.637533
1.871967,1.335574,-0.634025
1.861444,1.337913,-0.627887
1.864075,1.33499,-0.635925
1.868167,1.333236,-0.629348
1.833967,1.333236,-0.635633
1.874306,1.337036,-0.618825
1.872844,1.342005,-0.628033
1.869629,1.333236,-0.622479
1.876644,1.341128,-0.624525
1.871675,1.34639,-0.62584
1.868459,1.33499,-0.627302
1.869629,1.341421,-0.642794
1.867583,1.341421,-0.641333
1.862906,1.337913,-0.641625
1.869629,1.344636,-0.637971
1.869921,1.336159,-0.631394
1.872552,1.339374,-0.628033
1.874013,1.337913,-0.62014
1.864367,1.340544,-0.625402
1.866998,1.337621,-0.62511
1.865536,1.343759,-0.623502
1.873429,1.335867,-0.633002
1.872552,1.340251,-0.629202
1.864659,1.341713,-0.63344
1.861444,1.346098,-0.637825
1.869336,1.337328,-0.632125
1.87226,1.344636,-0.631833
1.87606,1.339667,-0.637533
1.867875,1.334697,-0.630664
1.877229,1.339667,-0.635925
1.87606,1.335574,-0.643525
1.874598,1.33499,-0.635048
1.871383,1.33382,-0.630517
1.882198,1.337328,-0.626717
1.87489,1.338205,-0.636217
1.877229,1.338498,-0.630225
1.873137,1.341421,-0.638264
1.871967,1.334405,-0.639287
1.87489,1.339374,-0.63461
1.868459,1.336744,-0.62774
1.873429,1.340836,-0.631833
1.870798,1.339374,-0.62964
1.870213,1.347267,-0.67261
1.87489,1.377667,-0.626571
1.872844,1.343759,-0.637387
1.904414,1.340836,-0.628763
1.871675,1.34639,-0.619848
1.871383,1.339667,-0.629202
1.87226,1.335867,-0.627448
1.867875,1.339959,-0.627594
1.869921,1.337328,-0.633148
1.871967,1.338205,-0.625256
1.867875,1.341128,-0.627594
1.872844,1.334697,-0.636656
1.866706,1.335867,-0.624525
1.876352,1.337913,-0.635048
1.877813,1.334405,-0.630956
1.868752,1.335574,-0.630079
1.87986,1.334697,-0.635048
1.87986,1.341713,-0.632856
1.875183,1.33879,-0.63461
1.881321,1.336159,-0.621456
1.87226,1.342298,-0.626863
1.87489,1.334405,-0.62584
1.87489,1.340251,-0.631979
1.870506,1.339082,-0.632125
1.870506,1.328267,-0.632417
1.878398,1.339374,-0.622771
1.875475,1.335867,-0.634756
1.87606,1.332944,-0.62891
1.87109,1.337328,-0.622771
1.875767,1.33499,-0.62321
1.873137,1.332067,-0.624963
1.876644,1.332651,-0.633002
1.868752,1.335867,-0.636656
1.878398,1.328851,-0.625402
1.87226,1.336451,-0.63154
1.871967,1.332944,-0.62964
1.877229,1.334113,-0.620725
1.877521,1.33879,-0.634902
1.871967,1.334405,-0.632271
1.868459,1.337913,-0.62891
1.874306,1.33499,-0.628325
1.879567,1.336744,-0.63461
1.878106,1.337621,-0.626863
1.877521,1.33002,-0.618386
1.880444,1.33499,-0.630517
1.878983,1.337328,-0.622186
1.87986,1.327974,-0.619263
1.877813,1.329728,-0.618533
1.874598,1.339082,-0.62584
1.883952,1.33119,-0.626133
1.907337,1.330605,-0.62131
1.87489,1.328559,-0.624233
1.874598,1.330897,-0.634171
1.873429,1.333236,-0.627302
1.876644,1.33119,-0.622186
1.874013,1.327097,-0.627302
1.87606,1.335867,-0.624086
1.880152,1.337621,-0.629494
1.874013,1.326513,-0.63154
1.878106,1.320959,-0.624086
1.876352,1.326513,-0.629494
1.876352,1.328267,-0.624379
1.871383,1.331482,-0.633733
1.87606,1.324759,-0.621894
1.87489,1.332651,-0.634464
1.869629,1.333528,-0.628617
1.869044,1.327097,-0.623356
1.87489,1.334697,-0.635779
1.874598,1.335574,-0.62321
1.865829,1.328267,-0.629056
1.869336,1.328559,-0.625987
1.876352,1.333236,-0.621748
1.877229,1.329144,-0.621602
1.879275,1.326805,-0.626133
1.866998,1.328851,-0.627887
1.875475,1.334113,-0.638556
1.87606,1.332944,-0.626571
1.873429,1.332067,-0.625548
1.879567,1.325928,-0.625256
1.87869,1.331482,-0.627448
1.881906,1.329436,-0.640894
1.87986,1.334697,-0.640164
1.878983,1.337036,-0.629787
1.874306,1.335282,-0.630664
1.868459,1.330313,-0.63344
1.875183,1.325343,-0.62321
1.881906,1.32242,-0.627448
1.875475,1.329728,-0.631248
1.878106,1.324174,-0.624525
1.876937,1.334697,-0.627302
1.876644,1.323005,-0.636217
1.872844,1.33119,-0.634464
1.881906,1.332651,-0.600994
1.874598,1.327682,-0.626717
1.880737,1.327974,-0.626863
1.873137,1.325928,-0.622479
1.873137,1.32739,-0.629202
1.873137,1.329436,-0.630664
1.878398,1.322128,-0.623502
1.872552,1.333528,-0.62204
1.872552,1.323005,-0.623502
1.834259,1.325636,-0.633879
1.87109,1.329144,-0.624671
1.867583,1.32739,-0.627594
1.875475,1.334697,-0.624379
1.875183,1.32739,-0.623063
1.870798,1.327682,-0.626863
1.883075,1.324759,-0.62394
1.878983,1.326805,-0.62701
1.868752,1.324467,-0.626133
1.87606,1.327974,-0.625402
1.875183,1.332944,-0.621456
1.872844,1.322713,-0.635487
1.871675,1.33119,-0.630956
1.884244,1.332067,-0.63344
1.880152,1.329436,-0.626571
1.885121,1.327974,-0.62774
1.886875,1.327682,-0.632564
1.878398,1.31979,-0.635194
1.87869,1.330313,-0.633002
1.875767,1.327682,-0.635341
1.876644,1.32739,-0.627448
1.875767,1.324467,-0.637971
1.876352,1.32622,-0.621163
1.874598,1.31979,-0.629348
1.878398,1.325051,-0.622917
1.871383,1.329436,-0.61824
1.871967,1.327097,-0.617363
1.869629,1.320959,-0.619556
1.878398,1.328267,-0.626863
1.878106,1.332651,-0.628617
1.872844,1.325928,-0.618971
1.87869,1.327974,-0.624963
1.87869,1.33002,-0.631833
1.866121,1.32359,-0.631833
1.870798,1.324174,-0.61824
1.876352,1.323297,-0.62701
1.870213,1.325636,-0.624233
1.878106,1.32622,-0.627887
1.869336,1.325343,-0.629056
1.878398,1.324759,-0.622186
1.872844,1.327682,-0.639579
1.877229,1.32242,-0.626863
1.873721,1.331774,-0.628763
1.876937,1.327682,-0.621017
1.876352,1.326513,-0.62584
1.869336,1.322713,-0.630517
1.875475,1.324759,-0.630371
1.876937,1.327682,-0.624525
1.87489,1.328267,-0.633733
1.873429,1.324759,-0.624233
1.870798,1.327097,-0.62701
1.87109,1.33382,-0.627302
1.869629,1.333236,-0.626425
1.874306,1.333236,-0.624817
1.879567,1.329144,-0.629787
1.877813,1.334405,-0.62204
1.874306,1.334113,-0.626717
1.870213,1.326513,-0.618094
1.87109,1.334405,-0.619263
1.874598,1.328851,-0.630664
1.869336,1.318913,-0.632125
1.875767,1.322128,-0.641041
1.874013,1.324174,-0.625694
1.877813,1.317743,-0.624817
1.876644,1.327974,-0.621456
1.875767,1.317743,-0.625256
1.876937,1.320082,-0.616633
1.87489,1.312482,-0.618094
1.882783,1.316866,-0.618094
1.875475,1.311897,-0.61824
1.87869,1.32359,-0.612686
1.87489,1.320959,-0.621017
1.871383,1.318036,-0.613709
1.870506,1.315113,-0.618386
1.878398,1.325636,-0.624525
1.883075,1.317159,-0.627156
1.878983,1.31979,-0.619117
1.873429,1.31862,-0.612832
1.877813,1.324174,-0.62511
1.878983,1.31979,-0.615756
1.882198,1.315697,-0.625694
1.881906,1.317159,-0.61444
1.880737,1.320959,-0.626279
1.881614,1.317159,-0.617363
1.885706,1.312189,-0.612979
1.880444,1.309266,-0.621456
1.884537,1.31102,-0.607279
1.881906,1.310143,-0.613856
1.886875,1.314236,-0.631687
1.87986,1.31482,-0.62394
1.882783,1.316282,-0.624817
1.879567,1.314528,-0.620725
1.882198,1.315405,-0.615025
1.888629,1.312189,-0.621163
1.887752,1.31102,-0.617656
1.888629,1.320374,-0.619556
1.886291,1.312189,-0.615317
1.892137,1.306051,-0.616486
1.884244,1.316282,-0.619702
1.881321,1.315113,-0.616925
1.883952,1.310728,-0.617802
1.881321,1.318913,-0.613563
1.882198,1.316574,-0.618094
1.884829,1.314528,-0.622186
1.890091,1.306343,-0.618679
1.890383,1.308682,-0.618679
1.881614,1.309851,-0.617509
1.884829,1.305759,-0.617363
1.882198,1.313066,-0.621456
1.880152,1.308682,-0.622186
1.882783,1.313651,-0.616486
1.880444,1.310143,-0.61444
1.881614,1.306051,-0.618825
1.885121,1.317159,-0.616048
1.885998,1.311897,-0.624817
1.889214,1.304297,-0.619994
1.888337,1.313651,-0.619117
1.885706,1.314528,-0.613856
1.882491,1.310143,-0.611956
1.885706,1.313943,-0.619117
1.88366,1.312482,-0.62014
1.897398,1.312482,-0.608155
1.889506,1.317451,-0.611517
1.887752,1.31102,-0.616779
1.877813,1.319497,-0.624086
1.882783,1.304882,-0.619117
1.881614,1.31482,-0.617071
1.880152,1.307805,-0.610494
1.88746,1.310436,-0.62014
1.887752,1.308389,-0.624233
1.884244,1.311897,-0.623063
1.87869,1.304297,-0.61824
1.889798,1.311605,-0.619702
1.87489,1.311897,-0.628617
1.888044,1.306051,-0.614586
1.886583,1.311605,-0.614586
1.881906,1.309266,-0.615025
1.885706,1.311897,-0.622333
1.879567,1.310143,-0.622186
1.885121,1.312189,-0.619263
1.882783,1.315989,-0.621163
1.884829,1.310143,-0.618386
1.884537,1.312482,-0.623648
1.87986,1.306928,-0.614294
1.876644,1.306928,-0.607717
1.881906,1.308389,-0.625987
1.880737,1.306635,-0.620286
1.883367,1.308682,-0.62204
1.886583,1.316282,-0.613125
1.886583,1.315405,-0.617509
1.88366,1.312189,-0.616779
1.876644,1.308682,-0.621163
1.877521,1.310143,-0.621163
1.880152,1.311605,-0.615902
1.882198,1.313066,-0.608594
1.880444,1.307512,-0.613271
1.884829,1.315113,-0.614879
1.882783,1.315697,-0.616633
1.886583,1.314236,-0.611809
1.881614,1.312774,-0.613563
1.88746,1.311605,-0.62584
1.87606,1.309266,-0.609325
1.881906,1.312774,-0.62131
1.881906,1.31979,-0.620871
1.88366,1.307805,-0.616633
1.886291,1.312482,-0.60304
1.885998,1.311312,-0.616194
1.877813,1.311605,-0.616194
1.885121,1.312189,-0.622625
1.875767,1.312774,-0.626717
1.88366,1.313066,-0.628033
1.883367,1.309559,-0.613271
1.875475,1.308974,-0.625694
1.878106,1.301374,-0.62964
1.878106,1.306928,-0.617509
1.87986,1.304589,-0.628325
1.883367,1.30722,-0.62774
1.883952,1.309266,-0.623063
1.883952,1.305759,-0.617217
1.888044,1.313651,-0.622625
1.880737,1.316574,-0.618825
1.882783,1.312482,-0.615025
1.888337,1.313359,-0.61064
1.883367,1.310143,-0.633879
1.88366,1.315989,-0.636656
1.890383,1.307512,-0.614879
1.883075,1.308097,-0.609909
1.881906,1.305759,-0.619848
1.876644,1.313066,-0.624963
1.880444,1.308389,-0.621748
1.881614,1.306343,-0.615609
1.879275,1.305759,-0.620725
1.881906,1.310143,-0.617363
1.887167,1.315113,-0.608594
1.87986,1.308682,-0.625256
1.887167,1.303712,-0.62701
1.882198,1.306928,-0.621163
1.882198,1.305174,-0.615902
1.890091,1.302543,-0.622771
1.882491,1.304297,-0.622479
1.892137,1.303712,-0.611663
1.888337,1.301374,-0.614586
1.879275,1.308389,-0.618825
1.886583,1.296989,-0.606548
1.889506,1.302543,-0.611809
1.889214,1.303712,-0.604794
1.889506,1.306635,-0.616633
1.88746,1.30342,-0.617802
1.884244,1.31102,-0.614002
1.884537,1.305759,-0.608594
1.897691,1.305466,-0.618386
1.880737,1.307805,-0.604063
1.888629,1.307512,-0.612686
1.893598,1.311312,-0.61634
1.892137,1.305759,-0.614586
1.888921,1.308682,-0.611079
1.88746,1.305759,-0.607279
1.886875,1.313359,-0.604063
1.885706,1.308682,-0.612979
1.885998,1.309559,-0.610786
1.887752,1.306635,-0.606694
1.887167,1.306635,-0.612686
1.886291,1.31482,-0.609471
1.884244,1.302835,-0.613709
1.884829,1.303712,-0.609617
1.882198,1.306635,-0.612248
1.89126,1.305759,-0.606255
1.883952,1.306635,-0.612832
1.887752,1.303128,-0.611371
1.888044,1.30722,-0.609179
1.886583,1.302251,-0.611225
1.890091,1.309851,-0.613563
1.886291,1.310436,-0.612686
1.887752,1.30342,-0.611517
1.882198,1.305759,-0.615902
1.884829,1.301082,-0.598801
1.883367,1.305759,-0.615756
1.881614,1.306051,-0.624525
1.88746,1.296405,-0.615463
1.888044,1.303128,-0.612248
1.886875,1.296112,-0.615025
1.893014,1.31102,-0.623502
1.885414,1.304297,-0.608009
1.883367,1.30342,-0.614879
1.888629,1.30342,-0.621602
1.890091,1.307805,-0.612832
1.883075,1.304882,-0.611225
1.882783,1.302543,-0.608594
1.878983,1.30722,-0.619556
1.884829,1.305759,-0.616779
1.890675,1.30342,-0.612832
1.883367,1.300205,-0.626863
1.886583,1.301958,-0.616779
1.885121,1.297866,-0.616486
1.879275,1.300789,-0.621894
1.882783,1.302835,-0.616048
1.888629,1.308682,-0.606109
1.887752,1.300789,-0.615171
1.890968,1.298158,-0.614148
1.890383,1.303712,-0.604209
1.874013,1.299035,-0.602894
1.887167,1.303128,-0.612102
1.878106,1.299912,-0.599825
1.88746,1.309559,-0.619117
1.886291,1.304882,-0.613417
1.881321,1.306343,-0.611956
1.881029,1.299035,-0.609325
1.883367,1.298158,-0.612979
1.886291,1.295235,-0.609763
1.883952,1.29962,-0.602894
1.890091,1.307512,-0.612394
1.886583,1.306635,-0.611517
1.886583,1.301082,-0.606548
1.883952,1.305466,-0.607425
1.879567,1.306051,-0.611517
1.882783,1.307512,-0.606548
1.885706,1.299912,-0.61444
1.888629,1.29962,-0.620871
1.883367,1.301958,-0.616048
1.888337,1.310436,-0.613563
1.888921,1.305174,-0.607863
1.885998,1.304005,-0.607425
1.883952,1.308389,-0.614294
1.887167,1.304005,-0.610202
1.89126,1.310728,-0.601432
1.886291,1.293189,-0.600555
1.887167,1.300789,-0.604648
1.887752,1.300205,-0.605963
1.884537,1.305174,-0.612102
1.890383,1.27302,-0.620579
1.879275,1.30722,-0.610932
1.884244,1.30342,-0.610348
1.880444,1.308974,-0.616925
1.888044,1.303712,-0.612394
1.883075,1.309266,-0.614879
1.885706,1.311312,-0.608886
1.884244,1.307805,-0.607132
1.881029,1.304297,-0.602017
1.885121,1.309559,-0.616048
1.885998,1.300497,-0.610932
1.883075,1.30342,-0.62131
1.883952,1.312189,-0.611225
1.882783,1.31102,-0.62511
1.88366,1.30722,-0.621602
1.887752,1.309851,-0.618533
1.888337,1.312774,-0.615025
1.880152,1.310436,-0.611371
1.887752,1.309266,-0.619848
1.884537,1.307512,-0.608448
1.888921,1.302543,-0.623063
1.885414,1.305759,-0.620871
1.88746,1.305759,-0.619702
1.885998,1.30722,-0.620871
1.893598,1.306635,-0.614879
1.885998,1.302251,-0.623063
1.886875,1.30722,-0.61444
1.878983,1.312482,-0.611663
1.885998,1.300205,-0.605963
1.888337,1.304005,-0.611371
1.886583,1.313359,-0.611371
1.884244,1.29962,-0.615025
1.884829,1.304589,-0.608155
1.888337,1.304297,-0.611079
1.88366,1.309851,-0.607279
1.884244,1.302251,-0.604502
1.883075,1.300789,-0.605232
1.882783,1.296989,-0.612102
1.888921,1.306928,-0.603478
1.881906,1.303128,-0.604794
1.87869,1.30342,-0.612394
1.889506,1.29582,-0.610494
1.881906,1.304882,-0.609763
1.884537,1.296405,-0.620286
1.886291,1.306343,-0.606255
1.888629,1.296405,-0.618094
1.881321,1.305466,-0.612102
1.893598,1.302543,-0.604502
1.884244,1.300789,-0.613856
1.89126,1.29962,-0.610494
1.886291,1.294358,-0.61254
1.896229,1.299328,-0.610202
1.890968,1.302835,-0.611517
1.893598,1.304297,-0.615902
1.896229,1.301374,-0.604063
1.894183,1.300497,-0.615171
1.893014,1.29962,-0.600702
1.888629,1.295235,-0.593394
1.890675,1.296989,-0.614294
1.888044,1.295528,-0.606548
1.898275,1.294651,-0.607132
1.889506,1.294358,-0.613271
1.886291,1.296697,-0.603625
1.896521,1.297866,-0.607863
1.890675,1.295528,-0.607279
1.892137,1.29582,-0.611371
1.893598,1.293774,-0.597486
1.894183,1.297282,-0.617802
1.888044,1.294066,-0.611371
1.886291,1.293774,-0.604648
1.889798,1.290851,-0.605817
1.896521,1.299328,-0.607279
1.892721,1.29582,-0.609179
1.895937,1.297574,-0.607132
1.890091,1.296697,-0.611079
1.890091,1.300789,-0.602309
1.891845,1.294066,-0.610056
1.889214,1.291435,-0.608886
1.883075,1.295235,-0.616779
1.889798,1.297866,-0.619263
1.896521,1.294651,-0.596901
1.893306,1.300789,-0.609325
1.884244,1.297282,-0.605525
1.894183,1.296989,-0.605379
1.886291,1.29582,-0.619117
1.880444,1.297282,-0.615902
1.888921,1.297282,-0.608594
1.889214,1.30342,-0.619556
1.89126,1.296697,-0.613856
1.888629,1.296405,-0.605232
1.890091,1.290851,-0.606986
1.894183,1.293481,-0.616194
1.899152,1.293481,-0.593978
1.898568,1.295235,-0.614002
1.894768,1.295528,-0.613709
1.898568,1.296405,-0.606694
1.896229,1.304882,-0.614294
1.900322,1.302835,-0.615609
1.890968,1.297282,-0.609032
1.893306,1.293189,-0.611225
1.897398,1.299035,-0.610056
1.89126,1.298743,-0.610786
1.894183,1.29202,-0.607279
1.88746,1.296989,-0.613271
1.894768,1.302835,-0.609179
1.895645,1.302543,-0.605379
1.895937,1.290851,-0.606548
1.893306,1.295235,-0.599386
1.894768,1.288512,-0.605963
1.896814,1.294943,-0.619263
1.894183,1.287051,-0.59544
1.889214,1.29582,-0.602017
1.895645,1.290266,-0.611517
1.892429,1.292604,-0.602748
1.898275,1.298451,-0.609325
1.894475,1.300205,-0.600555
1.888337,1.296989,-0.609763
1.888921,1.296112,-0.610056
1.890091,1.295528,-0.602602
1.900029,1.300497,-0.603917
1.895352,1.297574,-0.603186
1.897106,1.291143,-0.60874
1.892721,1.299328,-0.602455
1.89126,1.292312,-0.603478
1.89126,1.295528,-0.610494
1.897398,1.298451,-0.595732
1.896521,1.29582,-0.599094
1.900029,1.297574,-0.607863
1.896521,1.295528,-0.605525
1.892137,1.300789,-0.613417
1.893598,1.297866,-0.613709
1.897691,1.298743,-0.609032
1.897983,1.296989,-0.612248
1.895352,1.300497,-0.605232
1.898275,1.294358,-0.602894
1.890091,1.295528,-0.613417
1.894768,1.295235,-0.60874
1.894768,1.284127,-0.610202
1.89886,1.29582,-0.606986
1.894768,1.285589,-0.609617
1.895937,1.294358,-0.609032
1.892721,1.294066,-0.605963
1.893891,1.296697,-0.604648
1.898568,1.292312,-0.614879
1.895937,1.294943,-0.609179
1.89506,1.298451,-0.61064
1.894768,1.292312,-0.603478
1.894183,1.297866,-0.61941
1.895352,1.291143,-0.603917
1.896521,1.298158,-0.611517
1.889506,1.298158,-0.616779
1.896814,1.294943,-0.616048
1.893598,1.296112,-0.60304
1.897983,1.297282,-0.605232
1.895645,1.292604,-0.613563
1.888921,1.289097,-0.598363
1.894183,1.297574,-0.600409
1.898275,1.298743,-0.609325
1.894475,1.293774,-0.609909
1.892137,1.296112,-0.603478
1.888921,1.287928,-0.610202
1.893891,1.291728,-0.603332
1.893598,1.296697,-0.595148
1.895937,1.299328,-0.608155
1.890091,1.288804,-0.605671
1.889798,1.289389,-0.60114
1.897691,1.291728,-0.603186
1.901491,1.286758,-0.60494
1.894475,1.286758,-0.60684
1.900906,1.285004,-0.605817
1.895645,1.285004,-0.604648
1.900614,1.286758,-0.605086
1.893598,1.289389,-0.600555
1.903245,1.283835,-0.604209
1.898275,1.283543,-0.59544
1.896814,1.288804,-0.609763
1.90266,1.282081,-0.60494
1.894183,1.289681,-0.600848
1.897106,1.280912,-0.604794
1.892721,1.27565,-0.603625
1.896229,1.283835,-0.601725
1.900906,1.282081,-0.607863
1.905583,1.284712,-0.598801
1.901783,1.283543,-0.603917
1.901199,1.278866,-0.59734
1.900614,1.276235,-0.605232
1.899152,1.275358,-0.598071
1.89506,1.281789,-0.59924
1.905583,1.277989,-0.604794
1.899445,1.283251,-0.604648
1.897983,1.278281,-0.601578
1.909091,1.283835,-0.614002
1.904706,1.282958,-0.600117
1.904706,1.275358,-0.599532
1.901199,1.279743,-0.602163
1.897398,1.282081,-0.599386
1.897398,1.277112,-0.603625
1.905291,1.28062,-0.608155
1.907922,1.279158,-0.603771
1.902952,1.278574,-0.597925
1.901491,1.280035,-0.60684
1.897691,1.287928,-0.606255
1.900614,1.278281,-0.60304
1.895352,1.284127,-0.602455
1.898568,1.274773,-0.605232
1.904122,1.268927,-0.600848
1.900029,1.279743,-0.597486
1.901783,1.275358,-0.616486
1.901783,1.281789,-0.598363
1.901199,1.281497,-0.59734
1.898275,1.277404,-0.604209
1.909675,1.27945,-0.595586
1.899152,1.275066,-0.594124
1.903829,1.277697,-0.596171
1.900322,1.277697,-0.600263
1.897691,1.278574,-0.588571
1.895645,1.281789,-0.602455
1.902952,1.282666,-0.602163
1.893598,1.279158,-0.590032
1.90266,1.28442,-0.594124
1.901783,1.279743,-0.598363
1.895645,1.287051,-0.601578
1.905875,1.279158,-0.596025
1.904414,1.282081,-0.60304
1.89886,1.28062,-0.593101
1.90266,1.279743,-0.60304
1.904706,1.27565,-0.593394
1.897106,1.279743,-0.605232
1.897106,1.285589,-0.597778
1.899737,1.284712,-0.59164
1.900322,1.279158,-0.600848
1.909383,1.283543,-0.602017
1.902075,1.280035,-0.602309
1.901199,1.286466,-0.603625
1.903829,1.281204,-0.603771
1.905875,1.277697,-0.609032
1.90266,1.276527,-0.605379
1.901783,1.27945,-0.596609
1.906752,1.282666,-0.595148
1.901199,1.282958,-0.601871
1.905583,1.280035,-0.601286
1.905875,1.278574,-0.611371
1.90266,1.272727,-0.606255
1.898568,1.277697,-0.608448
1.90266,1.283251,-0.600117
1.897398,1.277989,-0.635779
1.901199,1.288804,-0.604794
1.897398,1.289389,-0.599094
1.904414,1.282081,-0.605379
1.902368,1.282374,-0.598801
1.904122,1.27682,-0.601432
1.900614,1.282081,-0.606255
1.901199,1.282666,-0.597632
1.906168,1.277989,-0.608594
1.907337,1.273604,-0.611371
1.905583,1.28062,-0.610786
1.900614,1.283543,-0.616194
1.900906,1.280035,-0.611225
1.898275,1.282958,-0.617217
1.907337,1.276527,-0.608155
1.906168,1.280035,-0.608155
1.900029,1.280912,-0.602163
1.902368,1.280327,-0.610786
1.897983,1.280035,-0.606986
1.896229,1.282374,-0.604209
1.901199,1.278866,-0.608594
1.900906,1.285004,-0.609325
1.900614,1.278281,-0.606109
1.902075,1.27945,-0.608009
1.902952,1.279158,-0.600409
1.902952,1.278574,-0.602602
1.898275,1.282081,-0.602163
1.900322,1.273604,-0.604794
1.901199,1.278574,-0.599386
1.900906,1.282081,-0.608302
1.900029,1.277697,-0.598071
1.904414,1.281497,-0.620871
1.900029,1.273312,-0.611956
1.896814,1.280035,-0.600994
1.900906,1.286758,-0.605817
1.897106,1.278281,-0.609032
1.895352,1.277697,-0.611079
1.895352,1.270681,-0.59924
1.897983,1.284712,-0.604063
1.896814,1.270973,-0.609032
1.897398,1.276235,-0.61254
1.905583,1.27565,-0.609032
1.898568,1.282374,-0.604355
1.897398,1.287635,-0.601286
1.901783,1.275066,-0.600994
1.899152,1.279743,-0.599971
1.902075,1.277989,-0.604648
1.899445,1.281497,-0.604502
1.89506,1.273897,-0.597778
1.897398,1.273897,-0.602163
1.908799,1.278574,-0.602309
1.909091,1.271266,-0.608448
1.912306,1.277697,-0.610494
1.914353,1.274189,-0.61064
1.899737,1.282081,-0.609617
1.907629,1.280912,-0.599825
1.904122,1.271266,-0.598071
1.90266,1.274481,-0.605963
1.903245,1.275358,-0.598655
1.909968,1.27682,-0.596025
1.900029,1.265712,-0.600555
1.907337,1.274481,-0.594563
1.91026,1.275943,-0.595878
1.900029,1.270389,-0.58974
1.905583,1.270973,-0.592809
1.89886,1.273897,-0.606986
1.907045,1.274189,-0.597048
1.903245,1.273897,-0.592224
1.937445,1.27565,-0.604355
1.873429,1.27565,-0.602455
1.906168,1.266296,-0.596901
1.89886,1.268343,-0.591055
1.91406,1.271558,-0.595878
1.910553,1.270681,-0.591201
1.914645,1.275358,-0.600263
1.912599,1.269512,-0.598509
1.904122,1.272143,-0.599825
1.899737,1.267466,-0.589886
1.899445,1.265419,-0.594563
1.89886,1.272143,-0.593394
1.904706,1.26922,-0.596171
1.908506,1.273312,-0.596317
1.906168,1.271558,-0.597632
1.905583,1.275943,-0.593394
1.899445,1.27945,-0.588863
1.905291,1.274773,-0.597048
1.902368,1.266004,-0.606109
1.899737,1.266296,-0.59354
1.906168,1.275358,-0.597632
1.905583,1.266881,-0.59734
1.899737,1.272727,-0.598217
1.901783,1.263373,-0.598801
1.91406,1.263666,-0.596463
1.902952,1.259866,-0.594709
1.907922,1.261912,-0.592224
1.900322,1.267173,-0.603332
1.908214,1.266004,-0.597194
1.902075,1.273312,-0.594271
1.905875,1.268343,-0.590032
1.906752,1.267173,-0.590617
1.903829,1.269804,-0.589301
1.907045,1.265712,-0.596317
1.907045,1.273897,-0.591786
1.902075,1.26805,-0.594124
1.904414,1.274773,-0.59544
1.903245,1.274189,-0.599532
1.902368,1.268635,-0.595294
1.900029,1.270973,-0.595732
1.898275,1.274189,-0.58404
1.905291,1.267466,-0.563724
1.907045,1.26922,-0.601871
1.904414,1.272143,-0.595148
1.908799,1.270681,-0.62891
1.912599,1.274189,-0.565624
1.900614,1.271558,-0.593394
1.904706,1.275943,-0.600994
1.900029,1.27565,-0.597778
1.904122,1.240281,-0.602309
1.897691,1.275358,-0.599825
1.897691,1.266004,-0.60494
1.907045,1.267466,-0.595001
1.905875,1.266004,-0.604794
1.911137,1.275943,-0.599532
1.905875,1.26805,-0.599386
1.906752,1.270973,-0.596755
1.913183,1.27565,-0.600555
1.904706,1.267173,-0.58974
1.909383,1.26805,-0.596025
1.899152,1.267758,-0.601578
1.912599,1.264835,-0.59734
1.907922,1.270973,-0.598071
1.909968,1.268343,-0.602455
1.899737,1.268927,-0.601871
1.904999,1.269804,-0.595732
1.906752,1.274189,-0.605963
1.908214,1.263666,-0.611517
1.906752,1.270973,-0.592517
1.906168,1.275358,-0.605817
1.90266,1.278574,-0.606402
1.900906,1.268635,-0.605086
1.900322,1.270973,-0.605086
1.900614,1.273604,-0.607863
1.906752,1.268927,-0.604502
1.902075,1.275066,-0.591494
1.903829,1.274189,-0.604063
1.902075,1.27302,-0.600702
1.90646,1.26805,-0.592517
1.908506,1.268927,-0.604063
1.899152,1.275358,-0.594417
1.903245,1.267173,-0.596171
1.904706,1.271266,-0.593832
1.907922,1.269804,-0.598655
1.907045,1.273897,-0.599971
1.904122,1.269804,-0.600994
1.907922,1.271266,-0.601432
1.904706,1.277404,-0.596901
1.899152,1.27185,-0.594124
1.903245,1.268635,-0.595148
1.911137,1.271266,-0.602455
1.901783,1.271266,-0.592078
1.900029,1.275066,-0.598655
1.905875,1.269804,-0.592809
1.90266,1.26805,-0.602163
1.89886,1.265712,-0.591201
1.90646,1.264543,-0.592371
1.909968,1.264835,-0.589594
1.901491,1.26425,-0.592663
1.90646,1.269804,-0.602602
1.904122,1.262204,-0.592517
1.912014,1.265419,-0.590178
1.901783,1.272143,-0.589301
1.89886,1.266296,-0.597632
1.901199,1.263666,-0.598071
1.90266,1.268635,-0.588278
1.901199,1.265712,-0.595148
1.908506,1.269512,-0.599094
1.907045,1.27185,-0.601725
1.900906,1.270681,-0.596755
1.901783,1.274481,-0.599532
1.909675,1.270973,-0.602309
1.900029,1.273897,-0.603625
1.911137,1.270973,-0.598217
1.900029,1.266881,-0.599971
1.89886,1.270096,-0.600117
1.907629,1.266881,-0.596755
1.903537,1.262789,-0.600702
1.907045,1.266004,-0.596609
1.91026,1.265712,-0.593248
1.904414,1.268927,-0.609909
1.908214,1.263958,-0.593832
1.905875,1.268927,-0.562555
1.901199,1.267173,-0.598655
1.910553,1.26805,-0.602017
1.900906,1.266004,-0.600994
1.906168,1.265712,-0.601286
1.909675,1.267466,-0.600848
1.904706,1.258989,-0.597778
1.909383,1.261619,-0.592809
1.873429,1.259866,-0.602309
1.907629,1.262204,-0.605086
1.903829,1.261912,-0.608448
1.910845,1.255773,-0.604209
1.905291,1.26922,-0.600994
1.918737,1.265712,-0.595878
1.910553,1.26425,-0.590471
1.907045,1.261035,-0.601725
1.911722,1.258696,-0.599532
1.906752,1.261035,-0.587109
1.903245,1.260158,-0.599532
1.904999,1.270389,-0.585501
1.908799,1.258404,-0.591348
1.912014,1.262789,-0.597486
1.900614,1.256942,-0.600117
1.905875,1.26045,-0.606402
1.915229,1.263958,-0.599532
1.908799,1.262789,-0.609325
1.907337,1.261912,-0.59354
1.907045,1.26045,-0.596317
1.916399,1.264835,-0.592517
1.919906,1.259866,-0.599094
1.913183,1.260158,-0.593248
1.907337,1.27185,-0.593101
1.914937,1.266004,-0.590324
1.912891,1.263958,-0.595586
1.910845,1.257235,-0.592809
1.908506,1.262789,-0.603332
1.914645,1.263373,-0.598509
1.913183,1.266589,-0.587255
1.907629,1.267173,-0.592078
1.911722,1.26805,-0.595586
1.908214,1.258404,-0.592517
1.908506,1.272727,-0.590909
1.911722,1.266589,-0.597194
1.912891,1.263958,-0.587401
1.903245,1.260158,-0.592955
1.907922,1.255481,-0.595732
1.911722,1.256065,-0.587109
1.912306,1.258696,-0.590324
1.90266,1.263081,-0.599532
1.905583,1.259281,-0.591786
1.907337,1.259281,-0.590324
1.909968,1.261327,-0.602602
1.909968,1.257235,-0.597778
1.910845,1.26045,-0.589009
1.91406,1.255189,-0.63081
1.907337,1.26425,-0.584186
1.91026,1.259866,-0.587255
1.907922,1.255189,-0.608448
1.908506,1.265419,-0.594271
1.907629,1.263081,-0.591932
1.913768,1.262789,-0.590178
1.908214,1.263373,-0.58404
1.909383,1.261327,-0.596171
1.911722,1.25665,-0.593832
1.914645,1.256065,-0.592955
1.91026,1.251973,-0.590178
1.913183,1.249342,-0.591201
1.913768,1.25285,-0.586817
1.914645,1.259281,-0.593394
1.912599,1.251388,-0.59734
1.91406,1.257527,-0.594563
1.915229,1.266004,-0.598071
1.908799,1.259281,-0.59354
1.916983,1.262789,-0.595878
1.912891,1.268635,-0.599532
1.911722,1.259573,-0.594709
1.911429,1.255773,-0.588717
1.911722,1.24905,-0.595878
1.908214,1.254896,-0.594271
1.913476,1.256065,-0.586232
1.913476,1.259573,-0.592955
1.904414,1.259866,-0.602017
1.912306,1.264835,-0.591932
1.911429,1.261327,-0.591055
1.913476,1.267758,-0.594563
1.909383,1.26045,-0.578778
1.912014,1.25285,-0.589155
1.902952,1.265127,-0.586671
1.91026,1.259866,-0.593978
1.907629,1.255189,-0.588717
1.909968,1.260742,-0.590032
1.905291,1.258404,-0.58784
1.912306,1.260742,-0.586086
1.907922,1.26045,-0.599386
1.908214,1.258989,-0.592809
1.909968,1.263958,-0.596317
1.915229,1.258989,-0.589009
1.909383,1.263081,-0.593248
1.917568,1.260742,-0.585647
1.916983,1.263081,-0.593832
1.916983,1.258696,-0.587694
1.911137,1.262496,-0.595878
1.913476,1.249635,-0.585063
1.909383,1.25285,-0.597632
1.874306,1.258404,-0.590617
1.938614,1.265419,-0.585355
1.907922,1.259573,-0.593394
1.911137,1.259573,-0.594417
1.910553,1.259866,-0.590909
1.913476,1.260742,-0.597194
1.911722,1.263081,-0.590617
1.915229,1.262789,-0.602309
1.913476,1.252265,-0.595732
1.910845,1.254604,-0.591786
1.903829,1.258404,-0.592224
1.917568,1.263373,-0.59734
1.91026,1.258112,-0.595294
1.910553,1.259573,-0.597486
1.910845,1.260742,-0.589594
1.908799,1.262496,-0.593978
1.912306,1.260742,-0.599386
1.917276,1.264835,-0.599825
1.916691,1.255189,-0.588424
1.909675,1.259573,-0.588571
1.916106,1.255773,-0.607279
1.917568,1.259281,-0.603771
1.912891,1.258404,-0.591932
1.915522,1.25285,-0.586963
1.914353,1.260742,-0.596463
1.909968,1.253727,-0.593686
1.907337,1.250219,-0.589301
1.917568,1.255481,-0.594563
1.911429,1.25665,-0.600702
1.911722,1.254896,-0.605379
1.902952,1.256358,-0.585501
1.909383,1.248758,-0.592078
1.907922,1.249635,-0.588132
1.913476,1.250512,-0.595294
1.911429,1.24525,-0.590909
1.91406,1.255773,-0.590178
1.912306,1.248465,-0.588132
1.908799,1.242327,-0.582432
1.917568,1.248465,-0.588132
1.911137,1.248758,-0.596025
1.913183,1.254019,-0.593394
1.913183,1.252265,-0.597486
1.912891,1.247881,-0.595294
1.911137,1.242911,-0.588278
1.908799,1.248465,-0.59544
1.91026,1.24525,-0.589155
1.912014,1.257235,-0.592663
1.908799,1.255773,-0.594563
1.913183,1.252265,-0.588571
1.915229,1.251973,-0.592663
1.911722,1.245835,-0.592809
1.919322,1.258696,-0.592955
1.912014,1.257819,-0.578193
1.918737,1.248758,-0.591786
1.912014,1.248758,-0.589448
1.91406,1.243788,-0.583017
1.919029,1.251973,-0.588278
1.916983,1.241742,-0.595586
1.909383,1.247881,-0.598217
1.914937,1.249342,-0.587401
1.916399,1.247296,-0.59544
1.918153,1.242619,-0.599386
1.918153,1.245835,-0.585209
1.91406,1.242327,-0.595001
1.920199,1.243788,-0.59164
1.924583,1.24905,-0.597778
1.921368,1.25285,-0.594124
1.909091,1.251096,-0.591055
1.912014,1.244081,-0.595001
1.915229,1.24905,-0.593248
1.916106,1.246711,-0.589155
1.916983,1.247004,-0.581555
1.915814,1.247881,-0.585647
1.913476,1.247004,-0.594271
1.923122,1.247004,-0.589301
1.910553,1.246127,-0.584478
1.917568,1.247004,-0.582724
1.921076,1.249635,-0.578486
1.911137,1.251973,-0.586671
1.907045,1.247004,-0.578047
1.914937,1.250512,-0.587109
1.915814,1.247881,-0.591932
1.912891,1.242911,-0.588571
1.911137,1.237357,-0.588424
1.91406,1.252558,-0.592517
1.912891,1.250219,-0.581555
1.913183,1.237942,-0.580532
1.909091,1.246711,-0.58974
1.916983,1.241158,-0.580824
1.910845,1.243204,-0.574832
1.919029,1.247296,-0.589009
1.917568,1.246127,-0.577463
1.913476,1.249927,-0.589009
1.905875,1.248173,-0.588571
1.912891,1.239988,-0.589155
1.913768,1.239988,-0.585209
1.915229,1.250804,-0.587401
1.916983,1.24525,-0.584186
1.920199,1.243788,-0.597632
1.918737,1.244081,-0.584332
1.916983,1.246711,-0.590471
1.911722,1.242911,-0.594563
1.916983,1.246127,-0.59354
1.913183,1.241158,-0.58784
1.913476,1.246127,-0.582286
1.920199,1.248758,-0.591932
1.921368,1.251096,-0.597486
1.917276,1.240281,-0.586378
1.913768,1.251096,-0.589301
1.907337,1.246127,-0.58594
1.913768,1.249635,-0.599094
1.916399,1.242619,-0.584332
1.919029,1.245542,-0.59354
1.909968,1.246127,-0.591348
1.920199,1.245542,-0.579509
1.919029,1.24525,-0.59544
1.91786,1.246419,-0.592809
1.913183,1.245542,-0.585501
1.918153,1.250512,-0.602455
1.919906,1.241742,-0.592078
1.914645,1.249635,-0.585501
1.914353,1.246711,-0.593248
1.921953,1.244373,-0.591055
1.915814,1.250804,-0.592517
1.915814,1.246711,-0.593101
1.917276,1.250512,-0.590909
1.920491,1.246711,-0.588571
1.913476,1.251096,-0.586963
1.918445,1.240865,-0.575124
1.917568,1.253435,-0.589448
1.912599,1.250512,-0.591494
1.92283,1.24525,-0.588717
1.919322,1.251973,-0.587986
1.912599,1.24905,-0.583455
1.918153,1.248173,-0.589009
1.920783,1.244081,-0.585209
1.915522,1.249927,-0.590324
1.912599,1.248173,-0.591055
1.924876,1.245835,-0.593978
1.91786,1.25665,-0.583309
1.912891,1.244958,-0.589009
1.912891,1.255773,-0.588424
1.909675,1.253435,-0.593394
1.913476,1.254019,-0.580678
1.912599,1.247588,-0.593101
1.919322,1.247004,-0.585501
1.915814,1.250512,-0.590178
1.912306,1.249342,-0.583163
1.916983,1.240281,-0.579801
1.915229,1.247881,-0.585501
1.909968,1.249635,-0.583309
1.912891,1.24905,-0.576293
1.916106,1.248173,-0.568693
1.911429,1.248758,-0.573516
1.907629,1.244373,-0.590763
1.913183,1.249927,-0.592224
1.917568,1.249635,-0.593832
1.918153,1.244958,-0.586671
1.918153,1.244958,-0.589301
1.918445,1.24145,-0.583017
1.920783,1.243788,-0.584186
1.91406,1.23765,-0.586817
1.912306,1.247004,-0.578486
1.919614,1.236188,-0.579655
1.921953,1.236773,-0.58097
1.916983,1.247004,-0.589448
1.922245,1.242034,-0.581117
1.921953,1.239404,-0.594855
1.917568,1.238819,-0.58024
1.916106,1.245542,-0.586378
1.919029,1.246419,-0.577901
1.918445,1.248465,-0.579509
1.919906,1.240865,-0.581994
1.922537,1.239988,-0.592371
1.92283,1.242327,-0.584771
1.918737,1.248465,-0.588717
1.918737,1.237357,-0.586524
1.91786,1.24905,-0.579217
1.926922,1.236188,-0.580532
1.920491,1.244373,-0.581701
1.924876,1.238819,-0.589886
1.924291,1.244665,-0.584332
1.924291,1.246127,-0.595294
1.916983,1.242619,-0.588717
1.92166,1.242034,-0.58287
1.919029,1.243204,-0.593248
1.916106,1.235604,-0.580094
1.921953,1.237065,-0.583017
1.918445,1.242619,-0.589301
1.91786,1.241158,-0.587694
1.916106,1.242034,-0.584478
1.927507,1.243204,-0.593101
1.92283,1.238819,-0.586963
1.921076,1.239988,-0.593394
1.925168,1.238234,-0.580824
1.922245,1.239988,-0.571909
1.923122,1.240573,-0.592955
1.92283,1.246127,-0.590617
1.925753,1.240573,-0.585647
1.923122,1.236773,-0.58784
1.926045,1.241742,-0.590324
1.92546,1.245835,-0.587986
1.924583,1.247588,-0.591932
1.914353,1.237065,-0.577317
1.921368,1.240865,-0.589009
1.914645,1.242327,-0.590909
1.926045,1.241158,-0.58974
1.91026,1.241158,-0.580094
1.926337,1.240865,-0.592078
1.922537,1.245542,-0.587986
1.921953,1.242034,-0.600702
1.924876,1.247004,-0.600409
1.91786,1.235604,-0.590178
1.916106,1.24525,-0.589594
1.915522,1.240865,-0.587401
1.918737,1.240865,-0.584771
1.920491,1.242034,-0.587694
1.920199,1.241742,-0.59164
1.918153,1.239696,-0.58097
1.920491,1.243204,-0.583017
1.914353,1.24905,-0.589886
1.924291,1.245835,-0.595001
1.914937,1.240865,-0.592078
1.916983,1.239696,-0.586963
1.919614,1.245835,-0.586963
1.919906,1.23765,-0.589448
1.92283,1.242327,-0.583894
1.91406,1.243788,-0.583455
1.919906,1.239696,-0.577901
1.916691,1.235896,-0.592809
1.917276,1.249342,-0.579947
1.921953,1.238234,-0.578047
1.923414,1.237357,-0.581117
1.923707,1.239696,-0.589594
1.922245,1.238234,-0.596317
1.92663,1.242619,-0.582432
1.917568,1.237942,-0.585794
1.924583,1.239111,-0.579363
1.92283,1.238234,-0.585355
1.919614,1.236773,-0.584186
1.919029,1.236188,-0.579217
1.920783,1.235604,-0.583455
1.916399,1.241158,-0.58287
1.914645,1.238527,-0.584478
1.919614,1.244373,-0.590178
1.920491,1.238819,-0.593832
1.916691,1.23765,-0.581555
1.923414,1.242911,-0.595586
1.919906,1.234434,-0.59354
1.918445,1.240573,-0.586232
1.920783,1.240573,-0.583601
1.916691,1.235604,-0.586671
1.920783,1.237357,-0.587694
1.92663,1.230342,-0.590471
1.921076,1.239696,-0.588863
1.91786,1.238527,-0.580094
1.925168,1.243496,-0.593248
1.918153,1.242034,-0.581994
1.916106,1.238819,-0.586378
1.924583,1.238527,-0.58594
1.922245,1.243496,-0.592517
1.923707,1.237065,-0.575855
1.917276,1.23765,-0.594124
1.917568,1.24525,-0.589301
1.924291,1.240865,-0.593248
1.923414,1.24145,-0.595732
1.922245,1.243496,-0.579363
1.923999,1.232681,-0.57717
1.928676,1.239696,-0.58594
1.92166,1.245542,-0.590617
1.92283,1.244373,-0.584624
1.923122,1.244665,-0.58594
1.926922,1.241158,-0.593832
1.92926,1.248465,-0.584771
1.926045,1.244373,-0.589886
1.922245,1.237942,-0.588571
1.92166,1.239111,-0.589448
1.92166,1.237357,-0.59354
1.912891,1.240281,-0.587547
1.92283,1.24145,-0.578193
1.923707,1.245542,-0.595001
1.924583,1.237357,-0.595148
1.915229,1.244373,-0.583747
1.914353,1.248173,-0.58594
1.920491,1.238527,-0.58974
1.923999,1.232388,-0.590763
1.918445,1.229465,-0.586524
1.923122,1.234434,-0.579947
1.924291,1.231511,-0.577755
1.92166,1.234434,-0.599094
1.924876,1.231511,-0.583163
1.921076,1.231219,-0.586524
1.920199,1.234434,-0.591786
1.924291,1.230634,-0.57644
1.916983,1.232096,-0.586671
1.92283,1.22625,-0.589594
1.919322,1.231219,-0.595732
1.920199,1.231219,-0.585063
1.925753,1.229465,-0.574686
1.927507,1.234434,-0.584917
1.917568,1.230927,-0.592078
1.923707,1.240281,-0.583747
1.923414,1.23005,-0.590763
1.927214,1.225665,-0.586378
1.927799,1.231511,-0.593248
1.924876,1.235311,-0.595148
1.93043,1.229757,-0.586232
1.92926,1.22625,-0.586671
1.921953,1.229173,-0.596901
1.928676,1.231511,-0.591201
1.928091,1.223619,-0.590471
1.918737,1.229173,-0.580824
1.927214,1.227127,-0.588717
1.928676,1.23005,-0.590178
1.922245,1.233265,-0.592224
1.929553,1.230634,-0.57834
1.929553,1.227127,-0.579217
1.926337,1.231511,-0.576732
1.920783,1.228004,-0.587986
1.926922,1.227419,-0.588132
1.927214,1.235604,-0.583894
1.931014,1.227711,-0.587109
1.928676,1.232973,-0.582578
1.919029,1.232973,-0.579655
1.932476,1.230342,-0.590324
1.930137,1.239988,-0.57264
1.923414,1.231219,-0.578778
1.930722,1.229465,-0.57907
1.923707,1.230927,-0.572201
1.924291,1.230342,-0.584771
1.918445,1.23005,-0.584624
1.919906,1.235019,-0.578193
1.921368,1.231804,-0.588424
1.919906,1.227711,-0.57907
1.927214,1.223327,-0.577463
1.92546,1.228588,-0.590032
1.921368,1.223911,-0.580386
1.923707,1.226834,-0.586817
1.925753,1.223619,-0.590617
1.922537,1.224496,-0.588132
1.918445,1.217188,-0.58594
1.928676,1.221573,-0.591348
1.924583,1.231219,-0.578778
1.927214,1.228004,-0.586378
1.922245,1.22508,-0.588132
1.931014,1.226834,-0.579655
1.92926,1.22625,-0.581263
1.924583,1.227127,-0.57834
1.928091,1.225957,-0.570593
1.928676,1.224788,-0.583601
1.929845,1.227419,-0.583455
1.92663,1.22888,-0.581701
1.927214,1.220696,-0.582286
1.92663,1.226542,-0.583894
1.924291,1.22508,-0.583455
1.928968,1.225665,-0.584186
1.93043,1.225665,-0.589301
1.924583,1.223619,-0.583747
1.93803,1.22508,-0.593248
1.926922,1.229173,-0.583747
1.92546,1.222157,-0.577609
1.930722,1.223619,-0.58214
1.931014,1.22245,-0.576878
1.923999,1.225373,-0.58784
1.92166,1.224496,-0.573516
1.927214,1.228588,-0.583163
1.92283,1.221865,-0.576293
1.921076,1.22128,-0.578778
1.928091,1.223327,-0.577317
1.922537,1.220988,-0.574978
1.926045,1.228004,-0.571324
1.926045,1.224788,-0.581994
1.925753,1.234434,-0.568547
1.919029,1.223327,-0.583747
1.923999,1.228588,-0.576586
1.927507,1.221865,-0.587109
1.927507,1.224496,-0.583455
1.925753,1.227711,-0.593686
1.926922,1.221865,-0.574101
1.924876,1.223034,-0.574393
1.927507,1.235896,-0.584478
1.928676,1.225957,-0.577024
1.923414,1.228588,-0.58404
1.920491,1.220988,-0.575417
1.92663,1.229465,-0.581701
1.92283,1.225373,-0.58214
1.927507,1.232681,-0.581994
1.927799,1.228296,-0.577024
1.927799,1.23005,-0.591055
1.924583,1.232388,-0.592809
1.929845,1.224788,-0.569424
1.925168,1.227419,-0.58974
1.92166,1.224203,-0.578924
1.919906,1.224788,-0.572055
1.920783,1.223911,-0.579801
1.923122,1.225957,-0.582724
1.92166,1.230342,-0.583894
1.921953,1.229465,-0.58214
1.931307,1.223911,-0.589594
1.923414,1.224203,-0.575124
1.931014,1.232681,-0.587109
1.923707,1.227127,-0.583017
1.923414,1.224496,-0.580532
1.930137,1.232973,-0.576147
1.923707,1.226542,-0.572493
1.925753,1.223619,-0.578486
1.922245,1.221573,-0.588278
1.92663,1.22128,-0.585794
1.928091,1.228588,-0.579947
1.923707,1.219819,-0.574686
1.923707,1.226834,-0.585209
1.928968,1.222742,-0.583309
1.924291,1.232973,-0.580532
1.926337,1.23385,-0.570155
1.929845,1.232681,-0.57717
1.927507,1.229173,-0.578486
1.926045,1.223619,-0.588571
1.919906,1.224203,-0.577609
1.924291,1.23005,-0.577317
1.923122,1.223034,-0.583163
1.922537,1.224203,-0.589886
1.932768,1.227419,-0.584624
1.924876,1.234434,-0.591055
1.928091,1.228296,-0.58214
1.926922,1.226542,-0.571763
1.931307,1.223619,-0.578193
1.935399,1.213973,-0.566647
1.927507,1.22508,-0.578486
1.931599,1.22128,-0.572347
1.93423,1.213973,-0.579217
1.92926,1.216311,-0.569863
1.936276,1.217773,-0.582578
1.933061,1.223619,-0.581994
1.935691,1.218065,-0.578924
1.93043,1.229465,-0.575563
1.933061,1.21865,-0.580532
1.928676,1.219234,-0.578778
1.935984,1.222157,-0.58287
1.936861,1.216311,-0.577609
1.935691,1.214849,-0.587986
1.930722,1.223327,-0.578193
1.932768,1.216896,-0.585501
1.925753,1.229173,-0.576586
1.930722,1.217188,-0.581994
1.931891,1.217773,-0.587109
1.933353,1.217773,-0.579801
1.921076,1.223034,-0.580678
1.925753,1.220403,-0.586086
1.926922,1.217188,-0.581117
1.925753,1.221573,-0.583894
1.926337,1.219234,-0.581409
1.929553,1.213973,-0.585794
1.926922,1.214557,-0.587401
1.92166,1.220696,-0.578486
1.927799,1.214265,-0.577024
1.926922,1.215142,-0.581847
1.922537,1.220696,-0.574978
1.92546,1.218357,-0.568401
1.921953,1.213096,-0.575709
1.920491,1.220696,-0.574832
1.923707,1.218942,-0.573955
1.929553,1.216311,-0.57644
1.923999,1.21748,-0.577024
1.928676,1.219234,-0.575709
1.932184,1.21748,-0.583894
1.924291,1.21368,-0.58404
1.93043,1.216603,-0.575417
1.931599,1.212219,-0.579947
1.919322,1.219526,-0.570447
1.921076,1.216896,-0.591786
1.928091,1.218942,-0.578193
1.92283,1.21865,-0.568986
1.925753,1.214849,-0.579947
1.922537,1.221865,-0.579655
1.92926,1.220111,-0.572201
1.940076,1.22245,-0.584478
1.93043,1.219526,-0.582286
1.930722,1.210465,-0.570886
1.924876,1.221865,-0.574686
1.928676,1.219819,-0.57907
1.931599,1.224788,-0.568109
1.937737,1.213096,-0.57717
1.928383,1.213388,-0.574247
1.935984,1.213388,-0.580678
1.925168,1.212803,-0.584478
1.924583,1.220403,-0.583601
1.927507,1.220403,-0.578924
1.926922,1.214265,-0.571616
1.928091,1.215434,-0.588717
1.929845,1.211634,-0.574101
1.929553,1.215726,-0.579217
1.929845,1.219819,-0.58024
1.929845,1.221865,-0.57264
1.929845,1.222157,-0.573955
1.933937,1.211634,-0.564309
1.932184,1.217188,-0.567524
1.929845,1.218357,-0.573663
1.926337,1.211342,-0.563432
1.93423,1.215142,-0.570593
1.92663,1.221573,-0.577024
1.935107,1.216019,-0.580678
1.935691,1.217773,-0.58024
1.935691,1.220988,-0.572786
1.934522,1.220111,-0.576878
1.935399,1.22128,-0.581994
1.93043,1.220696,-0.563432
1.931014,1.22245,-0.578193
1.927799,1.218065,-0.571763
1.928968,1.216019,-0.580386
1.935691,1.215726,-0.57834
1.93423,1.218942,-0.568109
1.92926,1.219526,-0.587255
1.928968,1.22128,-0.571178
1.931599,1.217773,-0.570009
1.931014,1.215142,-0.578047
1.928383,1.219526,-0.574101
1.931599,1.211926,-0.564893
1.928091,1.216019,-0.577755
1.928676,1.218065,-0.578632
1.930722,1.216019,-0.572786
1.929553,1.21865,-0.571763
1.932768,1.217188,-0.573516
1.935399,1.224203,-0.574978
1.937153,1.214849,-0.571909
1.939199,1.21368,-0.576732
1.935399,1.21865,-0.586963
1.928968,1.21865,-0.573224
1.933353,1.215726,-0.57147
1.928676,1.216019,-0.57264
1.93423,1.220111,-0.579947
1.936276,1.210757,-0.573516
1.92926,1.220111,-0.58287
1.931014,1.219819,-0.585647
1.935691,1.21368,-0.571909
1.933645,1.214265,-0.580094
1.939784,1.21748,-0.580678
1.933061,1.213388,-0.581994
1.928383,1.213096,-0.573955
1.935691,1.223327,-0.584478
1.933061,1.220988,-0.588424
1.933061,1.219234,-0.566939
1.933645,1.218065,-0.582578
1.93423,1.222742,-0.573663
1.935107,1.219819,-0.580532
1.930722,1.218942,-0.574978
1.928383,1.21865,-0.57834
1.927507,1.220403,-0.581117
1.92546,1.212803,-0.579363
1.928383,1.216019,-0.58404
1.931599,1.20988,-0.583163
1.935691,1.214557,-0.581994
1.931307,1.220696,-0.578632
1.937737,1.216019,-0.564309
1.934814,1.219819,-0.578632
1.92926,1.209296,-0.580678
1.931307,1.205788,-0.575563
1.930722,1.213096,-0.589009
1.936861,1.216896,-0.575124
1.935691,1.21748,-0.566063
1.932184,1.213388,-0.572786
1.938614,1.21368,-0.566355
1.932768,1.219234,-0.574686
1.937153,1.216019,-0.574247
1.935107,1.212803,-0.57337
1.930722,1.218357,-0.57834
1.931891,1.213973,-0.576293
1.932768,1.213973,-0.588863
1.937153,1.211342,-0.581701
1.933061,1.204619,-0.573078
1.934814,1.20608,-0.569863
1.933645,1.20988,-0.584478
1.941538,1.216019,-0.57644
1.935107,1.209296,-0.586817
1.929845,1.210757,-0.583894
1.930722,1.214265,-0.582578
1.936568,1.211634,-0.585794
1.934522,1.213973,-0.578486
1.927507,1.210757,-0.577755
1.931307,1.208711,-0.572055
1.93043,1.217773,-0.578632
1.934814,1.211926,-0.576586
1.933937,1.211342,-0.583747
1.930722,1.203449,-0.584478
1.929845,1.207834,-0.579801
1.931307,1.206665,-0.581409
1.927214,1.20988,-0.584917
1.935691,1.20608,-0.577755
1.931014,1.209003,-0.585063
1.938614,1.210465,-0.592224
1.933061,1.207834,-0.587694
1.937445,1.205495,-0.578193
1.936276,1.209296,-0.577901
1.933937,1.210757,-0.586378
1.937445,1.204619,-0.586232
1.933061,1.215142,-0.583017
1.935984,1.203742,-0.573809
1.939199,1.210465,-0.576732
1.932476,1.200818,-0.581847
1.942122,1.202572,-0.584771
1.934522,1.211926,-0.585355
1.930722,1.205203,-0.575709
1.931599,1.206957,-0.576147
1.926337,1.204326,-0.575563
1.931891,1.20988,-0.57834
1.932184,1.208126,-0.573224
1.937445,1.207542,-0.58287
1.931891,1.209588,-0.57147
1.941245,1.211049,-0.580678
1.937737,1.210757,-0.583309
1.935984,1.206665,-0.579217
1.939199,1.20608,-0.579509
1.93423,1.210172,-0.573955
1.938907,1.209588,-0.585647
1.931307,1.214265,-0.58097
1.930722,1.207834,-0.575563
1.932476,1.20988,-0.562847
1.930137,1.205788,-0.575563
1.93043,1.206665,-0.584332
1.928383,1.202865,-0.56577
1.941245,1.206372,-0.570009
1.937737,1.211342,-0.578632
1.932768,1.201988,-0.581701
1.938322,1.207542,-0.587255
1.939784,1.209296,-0.576293
1.936276,1.200818,-0.57074
1.933353,1.210465,-0.58287
1.944753,1.216603,-0.569716
1.939199,1.21368,-0.574832
1.935107,1.209588,-0.583163
1.932184,1.208711,-0.57337
1.939491,1.211926,-0.58404
1.92663,1.20228,-0.575855
1.933645,1.203157,-0.573809
1.935107,1.205495,-0.567378
1.932768,1.209588,-0.572932
1.929845,1.213973,-0.570155
1.934814,1.205788,-0.58214
1.927507,1.208419,-0.587694
1.929553,1.214557,-0.577901
1.932768,1.211049,-0.589594
1.935107,1.208126,-0.585209
1.93803,1.213096,-0.584771
1.92926,1.204911,-0.588863
1.931891,1.212219,-0.572493
1.928676,1.212803,-0.581409
1.933645,1.211634,-0.58404
1.935107,1.211342,-0.574686
1.933061,1.20608,-0.57834
1.933645,1.209296,-0.584771
1.93423,1.211049,-0.583017
1.935691,1.200818,-0.576293
1.928676,1.213973,-0.573809
1.92926,1.204619,-0.582432
1.931891,1.205203,-0.58097
1.931307,1.206957,-0.582578
1.93423,1.209296,-0.591786
1.93803,1.211634,-0.575417
1.93803,1.206372,-0.577463
1.936276,1.208419,-0.577317
1.931599,1.206665,-0.572932
1.931307,1.211926,-0.586378
1.93043,1.203742,-0.576293
1.939199,1.211342,-0.58287
1.940368,1.204326,-0.575563
1.93423,1.207834,-0.577317
1.937445,1.207542,-0.584186
1.939199,1.202572,-0.574832
1.937737,1.200818,-0.579217
1.937153,1.207542,-0.583455
1.929553,1.206665,-0.578486
1.937737,1.202572,-0.581117
1.933645,1.214557,-0.576293
1.937445,1.209588,-0.579801
1.936568,1.208711,-0.576147
1.928091,1.203157,-0.589886
1.936276,1.208419,-0.591786
1.928968,1.203449,-0.583017
1.931891,1.208711,-0.579947
1.923122,1.205495,-0.577755
1.925168,1.199649,-0.584186
1.931891,1.19848,-0.579947
1.935107,1.201403,-0.585647
1.939199,1.204911,-0.568401
1.942999,1.207249,-0.58024
1.935984,1.205203,-0.57527
1.935984,1.202865,-0.580824
1.934522,1.195849,-0.57907
1.932768,1.205495,-0.575563
1.938614,1.199357,-0.581701
1.940953,1.201111,-0.57454
1.940661,1.193803,-0.572201
1.939784,1.195265,-0.571032
1.935691,1.192341,-0.58097
1.943584,1.201403,-0.585647
1.950891,1.192926,-0.574832
1.940953,1.193218,-0.571763
1.936568,1.197603,-0.570447
1.940076,1.199357,-0.570447
1.940076,1.190295,-0.574393
1.942707,1.191465,-0.581994
1.947091,1.192341,-0.573955
1.941538,1.198188,-0.566939
1.946507,1.190588,-0.569716
1.947676,1.188541,-0.56884
1.940953,1.197895,-0.585501
1.949722,1.187372,-0.574101
1.943584,1.187957,-0.578632
1.935691,1.188541,-0.574101
1.939491,1.191172,-0.568109
1.941538,1.196726,-0.580386
1.942415,1.194972,-0.576586
1.940661,1.195557,-0.57264
1.943876,1.204619,-0.565186
1.939784,1.197311,-0.585355
1.939491,1.197603,-0.565478
1.948261,1.196434,-0.568109
1.938322,1.188249,-0.574101
1.938907,1.195849,-0.570301
1.938907,1.194972,-0.563724
1.936276,1.196726,-0.576147
1.937153,1.191172,-0.56884
1.943291,1.191172,-0.567086
1.945922,1.187372,-0.571032
1.936861,1.194388,-0.570009
1.944461,1.191757,-0.572347
1.947968,1.184449,-0.569863
1.937445,1.187372,-0.575124
1.937737,1.199065,-0.578047
1.945922,1.196434,-0.581701
1.945045,1.197895,-0.58024
1.939199,1.188249,-0.566501
1.948845,1.189711,-0.570593
1.946507,1.161649,-0.581409
1.94563,1.231219,-0.562847
1.94183,1.193218,-0.581994
1.936276,1.201695,-0.571324
1.935691,1.196726,-0.570155
1.947384,1.190003,-0.579363
1.942415,1.19088,-0.575417
1.943876,1.19848,-0.56387
1.954692,1.188541,-0.57454
1.939784,1.191757,-0.583894
1.942999,1.190003,-0.577609
1.947676,1.189418,-0.578924
1.94563,1.185618,-0.577317
1.947384,1.190003,-0.580094
1.936861,1.188541,-0.577609
1.940953,1.182987,-0.581263
1.942415,1.185326,-0.567232
1.937153,1.188834,-0.569863
1.936568,1.186495,-0.57717
1.939491,1.185911,-0.581847
1.937153,1.186203,-0.570886
1.946507,1.193511,-0.58214
1.942122,1.193218,-0.574686
1.944168,1.189711,-0.572786
1.940368,1.185326,-0.579509
1.937445,1.18328,-0.570155
1.948261,1.197603,-0.56767
1.93803,1.191757,-0.579363
1.944461,1.193803,-0.567378
1.940368,1.19088,-0.572932
1.94563,1.191172,-0.573663
1.944168,1.192926,-0.573809
1.942415,1.182403,-0.581409
1.947676,1.195265,-0.572932
1.942707,1.190003,-0.589594
1.93423,1.186203,-0.585501
1.945922,1.197018,-0.566209
1.942999,1.195849,-0.570593
1.942999,1.192634,-0.585794
1.943876,1.194095,-0.567232
1.942999,1.197018,-0.578778
1.943584,1.197018,-0.577609
1.940953,1.194095,-0.572201
1.939199,1.192634,-0.584478
1.940076,1.19088,-0.562409
1.944753,1.186787,-0.576878
1.938614,1.192049,-0.57264
1.942122,1.190588,-0.579655
1.936276,1.188249,-0.570593
1.938907,1.188249,-0.578047
1.939199,1.193511,-0.584478
1.941538,1.188249,-0.572786
1.945922,1.186495,-0.565916
1.942415,1.190588,-0.581409
1.937445,1.188834,-0.586086
1.933645,1.186495,-0.575855
1.95323,1.194095,-0.57644
1.942122,1.19468,-0.585501
1.933353,1.195265,-0.581994
1.948261,1.188541,-0.585501
1.943291,1.193803,-0.583309
1.943584,1.199649,-0.58287
1.932184,1.19848,-0.579801
1.942707,1.192634,-0.580824
1.945045,1.190295,-0.584917
1.954984,1.192049,-0.585063
1.946507,1.193803,-0.570155
1.945045,1.195557,-0.573809
1.944168,1.197311,-0.574978
1.944461,1.191757,-0.573955
1.940953,1.19468,-0.575855
1.952061,1.197603,-0.572932
1.944461,1.194388,-0.574393
1.942122,1.19088,-0.579217
1.939491,1.189126,-0.576878
1.940661,1.189418,-0.57834
1.948553,1.186203,-0.57717
1.946507,1.18708,-0.582724
1.940953,1.193511,-0.569424
1.941245,1.192926,-0.572932
1.943584,1.193218,-0.572932
1.945922,1.188541,-0.576147
1.948553,1.184741,-0.584478
1.948845,1.18708,-0.581117
1.947968,1.188541,-0.562262
1.951769,1.18708,-0.586232
1.943876,1.19088,-0.574393
1.947968,1.187664,-0.576586
1.946215,1.186203,-0.584478
1.94943,1.195557,-0.574978
1.947968,1.185618,-0.573078
1.943584,1.194095,-0.581409
1.948261,1.186787,-0.584478
1.941538,1.179772,-0.572347
1.942415,1.185911,-0.585209
1.951476,1.188249,-0.572786
1.946507,1.189126,-0.571324
1.948261,1.190003,-0.580094
1.946507,1.186787,-0.573516
1.951184,1.184741,-0.570301
1.947968,1.188249,-0.571909
1.94563,1.187372,-0.57074
1.946215,1.184449,-0.569424
1.944753,1.182403,-0.578193
1.941245,1.190003,-0.571616
1.937153,1.191172,-0.579509
1.940953,1.185618,-0.57454
1.946507,1.194095,-0.578632
1.951769,1.18708,-0.589155
1.949722,1.181818,-0.579801
1.944168,1.182111,-0.577901
1.950891,1.184449,-0.583017
1.952061,1.18328,-0.577024
1.949138,1.184741,-0.569716
1.954399,1.187372,-0.573516
1.946799,1.182695,-0.576001
1.952061,1.182987,-0.576586
1.948845,1.182695,-0.572932
1.945922,1.186203,-0.579801
1.946215,1.180649,-0.574832
1.952061,1.181818,-0.570009
1.95323,1.185618,-0.571178
1.954984,1.182403,-0.582578
1.952061,1.183864,-0.584917
1.950307,1.177726,-0.581409
1.944461,1.18708,-0.583455
1.949722,1.183572,-0.577901
1.949138,1.186787,-0.571909
1.949722,1.185034,-0.58097
1.958199,1.182403,-0.57147
1.952645,1.189711,-0.56767
1.94563,1.19088,-0.568401
1.942999,1.179772,-0.568547
1.950599,1.189126,-0.57074
1.952061,1.183572,-0.568986
1.949138,1.181526,-0.571324
1.947384,1.180649,-0.572786
1.953815,1.185034,-0.558901
1.944461,1.184449,-0.567816
1.954399,1.178603,-0.565332
1.941245,1.184741,-0.575855
1.950891,1.183864,-0.568547
1.951476,1.180064,-0.569424
1.959953,1.187664,-0.590909
1.948553,1.182111,-0.573809
1.947968,1.184741,-0.562701
1.946215,1.180357,-0.56767
1.952938,1.187372,-0.567963
1.947091,1.182695,-0.558901
1.952061,1.186787,-0.58097
1.95323,1.179187,-0.573663
1.947676,1.179187,-0.574247
1.948553,1.191172,-0.576586
1.948553,1.193218,-0.581555
1.950015,1.18328,-0.581409
1.947676,1.182695,-0.571178
1.948845,1.195557,-0.58214
1.950599,1.188541,-0.58214
1.94183,1.181234,-0.58214
1.952353,1.185326,-0.570593
1.947091,1.185326,-0.56884
1.943291,1.180649,-0.578924
1.945338,1.181818,-0.578632
1.946215,1.185326,-0.573809
1.939784,1.179772,-0.57717
1.948261,1.186787,-0.570593
1.949138,1.181818,-0.576293
1.943876,1.184157,-0.571178
1.944461,1.178018,-0.579947
1.947091,1.186203,-0.565332
1.952938,1.184157,-0.571763
1.951769,1.184741,-0.581263
1.942122,1.184449,-0.57147
1.933937,1.186787,-0.589886
1.947384,1.187664,-0.576293
1.94183,1.186203,-0.574686
1.952061,1.17831,-0.578047
1.947968,1.175387,-0.579363
1.947384,1.187664,-0.573955
1.952645,1.187372,-0.573663
1.952645,1.186203,-0.56197
1.951184,1.184741,-0.567232
1.945338,1.187372,-0.57644
1.947676,1.181234,-0.57074
1.950015,1.181526,-0.579363
1.948845,1.187957,-0.575563
1.951769,1.188541,-0.566501
1.950015,1.179187,-0.568693
1.947968,1.180357,-0.573078
1.947676,1.184741,-0.573224
1.950891,1.185618,-0.574247
1.955276,1.185034,-0.581555
1.950307,1.182403,-0.569863
1.948261,1.189126,-0.571324
1.950307,1.194972,-0.575709
1.947968,1.182987,-0.571763
1.952938,1.184741,-0.582432
1.951476,1.182111,-0.576293
1.951769,1.184449,-0.570593
1.952061,1.182111,-0.576293
1.950891,1.186495,-0.584186
1.952645,1.185326,-0.57527
1.948553,1.185911,-0.578486
1.94943,1.184741,-0.56767
1.955276,1.187664,-0.580386
1.948845,1.181526,-0.571324
1.948553,1.179772,-0.584624
1.950891,1.182695,-0.566355
1.948553,1.189126,-0.579509
1.953815,1.194095,-0.581994
1.956445,1.188541,-0.576293
1.948261,1.176557,-0.576586
1.94563,1.183572,-0.578924
1.949722,1.184449,-0.584332
1.948553,1.176557,-0.577901
1.945922,1.191172,-0.576732
1.939784,1.185911,-0.575563
1.946215,1.185326,-0.571324
1.951769,1.178895,-0.57074
1.950307,1.174218,-0.575709
1.950599,1.181818,-0.570155
1.949138,1.179772,-0.58287
1.946215,1.184449,-0.577755
1.947968,1.17568,-0.585647
1.942999,1.174803,-0.577463
1.943876,1.173049,-0.56767
1.94563,1.176849,-0.581263
1.953815,1.177141,-0.571763
1.950015,1.177726,-0.57264
1.955569,1.185326,-0.572493
1.947968,1.186495,-0.586963
1.953815,1.182111,-0.574101
1.947676,1.181818,-0.572786
1.951476,1.185911,-0.586086
1.952061,1.182695,-0.579655
1.959076,1.173633,-0.570155
1.946215,1.171295,-0.587694
1.946215,1.176264,-0.58097
1.95323,1.17948,-0.594563
1.953522,1.172172,-0.570886
1.956153,1.184157,-0.570593
1.94943,1.17568,-0.581117
1.96083,1.177141,-0.57834
1.950599,1.172172,-0.583747
1.96083,1.172172,-0.570593
1.954692,1.173926,-0.57147
1.958492,1.171587,-0.567524
1.95323,1.17188,-0.579947
1.953522,1.177141,-0.576732
1.954692,1.182987,-0.583309
1.94943,1.177141,-0.581409
1.950307,1.17948,-0.57454
1.946799,1.173341,-0.575709
1.949722,1.173049,-0.579655
1.958199,1.182695,-0.583601
1.955276,1.178603,-0.578486
1.953522,1.178603,-0.577463
1.947091,1.178603,-0.58097
1.945045,1.175387,-0.572493
1.951769,1.177433,-0.572493
1.950015,1.181234,-0.576001
1.950891,1.176557,-0.57527
1.950891,1.168372,-0.577755
1.950891,1.176264,-0.574978
1.955276,1.183864,-0.571032
1.953522,1.175095,-0.57644
1.946799,1.175095,-0.588571
1.951476,1.178018,-0.583747
1.943584,1.176849,-0.58287
1.950891,1.178895,-0.57644
1.958492,1.174803,-0.571178
1.955569,1.178018,-0.569863
1.951769,1.173341,-0.579509
1.952061,1.180064,-0.577755
1.95323,1.169249,-0.588863
1.950015,1.173926,-0.581847
1.946799,1.171295,-0.578632
1.947968,1.175387,-0.58097
1.952645,1.175387,-0.584624
1.945045,1.175387,-0.590178
1.944168,1.173633,-0.580532
1.947091,1.189126,-0.58404
1.943876,1.177726,-0.584771
1.945045,1.173633,-0.582286
1.950307,1.181526,-0.584771
1.952938,1.173049,-0.581701
1.947091,1.16691,-0.578193
1.950599,1.172757,-0.588717
1.944461,1.173341,-0.574686
1.947091,1.176557,-0.586524
1.93803,1.174803,-0.578486
1.947968,1.170418,-0.573663
1.94563,1.174218,-0.579947
1.943291,1.174218,-0.573955
1.94183,1.171295,-0.577609
1.945922,1.171295,-0.576001
1.953815,1.169249,-0.580094
1.949138,1.173049,-0.575855
1.944168,1.174218,-0.591932
1.947384,1.176849,-0.581555
1.947091,1.173926,-0.573955
1.943291,1.170418,-0.581847
1.938907,1.176264,-0.58214
1.944168,1.172464,-0.580532
1.94563,1.172757,-0.58784
1.941538,1.17831,-0.588863
1.940661,1.184741,-0.585794
1.940953,1.170418,-0.565332
1.941245,1.170418,-0.580386
1.936861,1.17568,-0.584917
1.952061,1.176557,-0.585501
1.942999,1.167787,-0.584332
1.952353,1.180649,-0.57834
1.94563,1.173341,-0.584917
1.949722,1.171587,-0.572786
1.939784,1.180649,-0.573516
1.946799,1.16691,-0.588132
1.952938,1.179772,-0.575855
1.912014,1.17188,-0.580678
1.942999,1.17568,-0.576878
1.945922,1.169833,-0.57074
1.950891,1.171587,-0.58214
1.954692,1.179187,-0.57644
1.953815,1.178603,-0.573516
1.946507,1.178895,-0.574832
1.94943,1.170126,-0.576732
1.948845,1.17071,-0.577609
1.954399,1.174218,-0.576147
1.954692,1.180941,-0.581555
1.947676,1.17568,-0.57454
1.955569,1.176557,-0.579801
1.954692,1.180064,-0.579217
1.962584,1.177433,-0.58024
1.955276,1.181818,-0.571909
1.956738,1.170418,-0.572201
1.954984,1.180357,-0.572347
1.948553,1.176264,-0.575124
1.95323,1.178018,-0.579363
1.950307,1.174218,-0.578047
1.951476,1.173633,-0.569863
1.951476,1.167495,-0.572347
1.953815,1.17568,-0.570593
1.951476,1.172172,-0.574686
1.951476,1.161649,-0.581994
1.948553,1.168664,-0.563724
1.954107,1.175387,-0.584917
1.951769,1.162526,-0.572347
1.950599,1.163987,-0.57907
1.952645,1.165156,-0.575855
1.95323,1.171003,-0.579801
1.951184,1.164572,-0.572055
1.950599,1.171295,-0.586963
1.94943,1.161356,-0.577317
1.949138,1.163403,-0.574247
1.955861,1.171295,-0.567232
1.956445,1.162526,-0.579947
1.958199,1.157264,-0.570301
1.960245,1.17071,-0.58404
1.954107,1.165741,-0.578047
1.950307,1.165156,-0.58287
1.95703,1.165156,-0.574978
1.95703,1.16691,-0.567232
1.953815,1.169833,-0.574832
1.960538,1.164864,-0.56387
1.960538,1.17188,-0.575563
1.955276,1.167203,-0.576293
1.959076,1.162526,-0.581263
1.960245,1.163695,-0.575417
1.958199,1.169249,-0.568401
1.955861,1.163987,-0.579217
1.957322,1.160187,-0.568693
1.957322,1.174803,-0.56577
1.955569,1.163987,-0.56884
1.950307,1.172464,-0.579801
1.956445,1.159018,-0.570593
1.954107,1.164572,-0.585209
1.966969,1.168372,-0.576732
1.956445,1.164279,-0.57527
1.95703,1.160187,-0.56767
1.953522,1.16311,-0.571616
1.961999,1.157264,-0.582432
1.954692,1.15931,-0.56957
1.952061,1.163695,-0.578486
1.961123,1.160479,-0.567378
1.953522,1.159018,-0.570593
1.954107,1.159895,-0.566209
1.954692,1.16311,-0.570886
1.958199,1.15551,-0.568401
1.954692,1.162526,-0.568986
1.953522,1.171003,-0.569716
1.954692,1.161064,-0.565186
1.949138,1.155218,-0.583163
1.947384,1.166033,-0.57264
1.957322,1.164572,-0.560362
1.955276,1.161649,-0.576001
1.950891,1.167203,-0.574101
1.959661,1.16311,-0.577901
1.946799,1.154633,-0.573224
1.959076,1.160187,-0.569716
1.952061,1.160187,-0.575709
1.957322,1.170126,-0.57337
1.957907,1.165156,-0.580824
1.954984,1.169541,-0.584332
1.955569,1.164279,-0.573809
1.961707,1.159018,-0.598217
1.965215,1.158141,-0.573078
1.958784,1.166033,-0.577317
1.961123,1.164572,-0.563432
1.954399,1.163695,-0.568693
1.948553,1.195849,-0.571032
1.95703,1.162818,-0.559924
1.955861,1.159018,-0.578924
1.952353,1.168956,-0.567378
1.957615,1.162818,-0.568693
1.961123,1.167787,-0.566939
1.958784,1.166618,-0.570447
1.959076,1.168664,-0.574978
1.959076,1.163695,-0.571763
1.958784,1.161356,-0.564893
1.96083,1.166326,-0.575563
1.957907,1.162233,-0.577317
1.955276,1.159018,-0.565478
1.959076,1.163695,-0.574247
1.957907,1.159895,-0.566793
1.960538,1.171295,-0.566647
1.951769,1.164572,-0.57907
1.954107,1.17071,-0.570155
1.954399,1.167203,-0.566939
1.951769,1.163987,-0.565039
1.954692,1.171295,-0.568255
1.957322,1.176557,-0.584771
1.951769,1.169833,-0.56577
1.947968,1.168372,-0.580532
1.953522,1.168079,-0.565624
1.956738,1.167495,-0.574101
1.950599,1.155218,-0.57074
1.958492,1.167495,-0.569424
1.951769,1.166033,-0.568986
1.961999,1.16691,-0.573078
1.953522,1.165741,-0.564601
1.966676,1.169541,-0.560216
1.952353,1.168664,-0.564309
1.958784,1.165156,-0.566939
1.960245,1.163403,-0.571616
1.958784,1.16691,-0.58097
1.95323,1.160772,-0.572786
1.959369,1.164572,-0.58214
1.958784,1.164864,-0.579655
1.952645,1.166618,-0.575855
1.958492,1.154925,-0.565478
1.954107,1.163695,-0.564747
1.957322,1.166618,-0.569424
1.952645,1.15931,-0.565916
1.955569,1.165449,-0.572055
1.956445,1.159895,-0.576001
1.947091,1.164572,-0.575855
1.960245,1.165156,-0.574247
1.961123,1.159018,-0.572932
1.958492,1.160479,-0.573663
1.956738,1.155802,-0.566063
1.948261,1.161649,-0.570301
1.956738,1.165449,-0.565332
1.961123,1.163695,-0.574393
1.956153,1.166033,-0.578778
1.95703,1.164279,-0.581117
1.961707,1.166033,-0.579363
1.963753,1.168372,-0.572932
1.961999,1.164864,-0.570447
1.955276,1.169541,-0.57337
1.957322,1.166326,-0.570009
1.958784,1.16691,-0.579655
1.954692,1.165156,-0.565186
1.959369,1.168664,-0.567378
1.954692,1.159018,-0.571909
1.956153,1.166326,-0.575124
1.957322,1.158141,-0.57717
1.954399,1.160479,-0.573663
1.952645,1.162233,-0.576147
1.958492,1.166618,-0.582286
1.960538,1.161064,-0.576001
1.949138,1.158433,-0.578778
1.949722,1.165449,-0.580678
1.956738,1.163403,-0.56884
1.951184,1.159895,-0.564016
1.959369,1.159895,-0.569132
1.959953,1.159602,-0.57264
1.959076,1.158433,-0.569716
1.962584,1.160772,-0.574101
1.955861,1.166033,-0.578486
1.956445,1.155218,-0.567524
1.950015,1.156387,-0.558609
1.956153,1.159602,-0.57834
1.962292,1.148495,-0.568547
1.957907,1.158726,-0.57264
1.958199,1.158433,-0.572932
1.959076,1.158433,-0.570447
1.960538,1.161064,-0.578632
1.958492,1.156095,-0.572347
1.967261,1.16691,-0.567232
1.958784,1.162818,-0.578778
1.960245,1.159018,-0.57264
1.959369,1.156679,-0.570155
1.962584,1.159895,-0.576732
1.965799,1.159895,-0.572493
1.962292,1.16311,-0.57907
1.951476,1.162233,-0.573955
1.958492,1.165156,-0.566355
1.960538,1.157264,-0.575563
1.959369,1.159895,-0.578486
1.959661,1.154341,-0.572932
1.957322,1.164279,-0.574393
1.966384,1.156095,-0.572201
1.960538,1.154925,-0.577901
1.959076,1.162233,-0.577609
1.959369,1.156387,-0.572493
1.957907,1.156972,-0.568547
1.961999,1.153756,-0.571616
1.954107,1.152879,-0.565916
1.959661,1.158726,-0.575563
1.957322,1.154341,-0.569424
1.962876,1.157849,-0.58097
1.955276,1.161356,-0.575417
1.960538,1.162233,-0.584186
1.957907,1.155218,-0.571324
1.954107,1.157556,-0.573516
1.959369,1.162818,-0.575124
1.96083,1.157849,-0.567232
1.961415,1.157556,-0.574247
1.955569,1.152587,-0.573809
1.957615,1.159018,-0.572347
1.954692,1.165449,-0.574978
1.957615,1.163403,-0.57147
1.957615,1.16311,-0.57527
1.957615,1.160187,-0.575563
1.956445,1.152002,-0.578486
1.947091,1.154049,-0.568986
1.950891,1.168664,-0.573516
1.952938,1.192926,-0.579509
1.957615,1.158141,-0.578778
1.955861,1.156679,-0.563578
1.959076,1.164572,-0.567086
1.954692,1.162233,-0.57454
1.956445,1.163403,-0.571616
1.957322,1.153464,-0.572347
1.956738,1.160187,-0.568401
1.954399,1.158726,-0.571763
1.957322,1.160479,-0.582724
1.959661,1.159018,-0.573516
1.956738,1.155218,-0.576586
1.952938,1.159602,-0.56884
1.952645,1.158433,-0.579655
1.961123,1.156387,-0.56767
1.957322,1.160479,-0.579801
1.958784,1.160187,-0.57454
1.95323,1.154925,-0.570301
1.94943,1.155802,-0.572493
1.952645,1.159018,-0.567378
1.956153,1.154633,-0.58024
1.954399,1.159018,-0.57337
1.957615,1.162526,-0.575709
1.965799,1.157264,-0.583601
1.960245,1.150248,-0.588424
1.956153,1.154049,-0.571763
1.957907,1.15931,-0.568109
1.957322,1.156972,-0.578047
1.955276,1.150248,-0.578632
1.958199,1.157264,-0.567963
1.959661,1.162233,-0.577755
1.959661,1.159018,-0.574686
1.955569,1.161356,-0.577901
1.950891,1.161649,-0.567232
1.954692,1.159018,-0.587255
1.955861,1.157264,-0.567232
1.950307,1.159602,-0.57264
1.951769,1.153464,-0.57074
1.959661,1.161941,-0.575563
1.958199,1.161941,-0.578193
1.960245,1.162526,-0.579217
1.957907,1.158726,-0.58097
1.948261,1.160479,-0.572055
1.956738,1.156679,-0.577755
1.956153,1.156679,-0.575417
1.954107,1.158433,-0.575124
1.958784,1.154341,-0.564455
1.956153,1.123356,-0.573224
1.952061,1.151418,-0.559632
1.956153,1.15931,-0.573224
1.956445,1.16311,-0.58404
1.953815,1.16311,-0.579947
1.963461,1.156679,-0.574686
1.962292,1.159018,-0.581555
1.967846,1.162233,-0.581263
1.96083,1.161356,-0.583017
1.957322,1.162526,-0.577317
1.958784,1.164279,-0.566063
1.959953,1.164572,-0.578632
1.954107,1.162233,-0.571909
1.964923,1.158141,-0.574101
1.961123,1.166326,-0.568986
1.958199,1.161064,-0.575124
1.958492,1.154049,-0.580678
1.952353,1.156387,-0.583163
1.955276,1.156387,-0.574978
1.95703,1.158726,-0.582578
1.958784,1.152002,-0.587109
1.954107,1.154633,-0.56957
1.955861,1.160187,-0.575855
1.956153,1.160772,-0.577755
1.963753,1.164279,-0.555101
1.954107,1.154633,-0.572786
1.962292,1.160479,-0.566793
1.962584,1.153464,-0.575709
1.959953,1.152587,-0.581409
1.966092,1.154925,-0.584186
1.956445,1.148787,-0.576293
1.96083,1.153172,-0.580678
1.955569,1.151418,-0.566793
1.961123,1.153464,-0.576293
1.958784,1.157556,-0.57264
1.956445,1.147033,-0.564455
1.957615,1.146741,-0.580386
1.961415,1.154049,-0.565478
1.955569,1.152879,-0.570009
1.956738,1.148202,-0.581117
1.957322,1.142941,-0.577901
1.955276,1.152002,-0.575709
1.961999,1.154049,-0.571032
1.960538,1.146741,-0.57074
1.955861,1.152295,-0.57907
1.957615,1.148787,-0.583455
1.959369,1.141187,-0.571763
1.95703,1.151125,-0.578778
1.961123,1.155802,-0.572347
1.961415,1.150541,-0.577901
1.956738,1.14791,-0.573663
1.960538,1.153464,-0.570447
1.957615,1.143525,-0.57147
1.952938,1.148202,-0.572055
1.956738,1.141771,-0.570301
1.95703,1.144402,-0.571616
1.955861,1.144695,-0.574247
1.959369,1.149372,-0.567816
1.960538,1.148202,-0.569424
1.963169,1.149372,-0.579801
1.953522,1.143818,-0.572932
1.957907,1.153172,-0.567086
1.966676,1.147033,-0.578778
1.959369,1.139141,-0.575563
1.951184,1.147325,-0.567816
1.959076,1.146741,-0.569278
1.956738,1.148202,-0.564747
1.955276,1.154049,-0.577755
1.954692,1.156095,-0.575417
1.964338,1.155802,-0.579363
1.964046,1.15171,-0.571909
1.956445,1.149372,-0.572932
1.958199,1.154049,-0.579217
1.956738,1.142356,-0.580386
1.952645,1.152002,-0.58404
1.957907,1.152879,-0.575563
1.95323,1.152002,-0.572201
1.95703,1.146448,-0.577024
1.957615,1.151418,-0.565332
1.952645,1.152002,-0.573224
1.959953,1.159895,-0.570886
1.964923,1.14791,-0.568693
1.953815,1.151418,-0.585355
1.962292,1.147325,-0.576586
1.963169,1.150541,-0.573663
1.962876,1.149664,-0.576147
1.953815,1.150248,-0.570886
1.956738,1.154049,-0.582286
1.956445,1.155802,-0.574393
1.96083,1.148495,-0.580824
1.954984,1.151125,-0.576147
1.921076,1.152587,-0.566209
1.952061,1.14791,-0.581263
1.951769,1.154049,-0.575124
1.958492,1.154341,-0.578486
1.957322,1.143818,-0.580094
1.947384,1.148495,-0.57907
1.960245,1.146448,-0.578193
1.963753,1.14791,-0.581263
1.961999,1.151125,-0.574247
1.953815,1.15171,-0.572201
1.954984,1.152879,-0.579947
1.965215,1.15171,-0.58594
1.959661,1.143525,-0.565332
1.958492,1.153172,-0.579655
1.956738,1.147033,-0.568986
1.952061,1.152002,-0.568986
1.946507,1.150248,-0.56007
1.952645,1.147325,-0.577609
1.964338,1.142356,-0.56767
1.954692,1.147325,-0.572932
1.953815,1.147618,-0.57074
1.958199,1.147618,-0.569424
1.951184,1.144695,-0.572347
1.954984,1.15171,-0.580094
1.956445,1.148495,-0.571909
1.95323,1.153756,-0.56957
1.965799,1.149079,-0.572347
1.953815,1.148202,-0.577463
1.950015,1.149079,-0.580094
1.959369,1.147033,-0.578632
1.950307,1.152587,-0.577024
1.955276,1.149372,-0.576732
1.95323,1.154049,-0.569424
1.951769,1.155802,-0.585063
1.956738,1.148495,-0.587401
1.956153,1.148787,-0.575855
1.956445,1.152295,-0.574978
1.952645,1.15171,-0.577755
1.959953,1.163695,-0.579363
1.953815,1.156387,-0.580824
1.956153,1.156972,-0.570447
1.952938,1.146156,-0.58097
1.951769,1.148202,-0.577755
1.951184,1.155218,-0.58974
1.956738,1.154341,-0.579801
1.955569,1.153756,-0.582724
1.959076,1.15551,-0.590032
1.956153,1.152587,-0.571909
1.957322,1.152002,-0.585355
1.958784,1.154633,-0.577901
1.955569,1.153172,-0.58287
1.952061,1.156387,-0.56957
1.958199,1.148495,-0.571763
1.957907,1.152295,-0.579217
1.958199,1.155802,-0.570447
1.952645,1.155218,-0.58214
1.961707,1.146741,-0.572347
1.961123,1.149956,-0.579217
1.96083,1.154925,-0.581263
1.957322,1.150833,-0.578047
1.96083,1.150833,-0.58097
1.959661,1.158726,-0.57337
1.955861,1.152002,-0.576586
1.955569,1.140018,-0.576147
1.953815,1.152002,-0.570593
1.957322,1.14411,-0.57454
1.954984,1.148495,-0.573224
1.959369,1.141479,-0.56957
1.966676,1.148787,-0.583017
1.966676,1.142941,-0.571032
1.959076,1.146448,-0.582432
1.956445,1.145571,-0.584624
1.963753,1.148787,-0.584771
1.961123,1.147325,-0.570593
1.963169,1.145279,-0.582578
1.957907,1.143818,-0.57907
1.962584,1.150833,-0.570593
1.957322,1.142941,-0.569278
1.968723,1.140018,-0.582286
1.96463,1.142356,-0.576001
1.957907,1.147033,-0.57907
1.958492,1.133587,-0.575124
1.957907,1.131541,-0.578486
1.964338,1.14031,-0.577901
1.969892,1.143525,-0.58404
1.966969,1.138848,-0.584624
1.961123,1.139141,-0.595878
1.961415,1.137094,-0.576147
1.958784,1.137971,-0.578486
1.963753,1.137679,-0.56884
1.96083,1.138264,-0.581117
1.965799,1.140895,-0.581555
1.958492,1.137679,-0.577463
1.962292,1.130664,-0.581117
1.959953,1.14031,-0.581263
1.965799,1.139725,-0.581117
1.959953,1.139433,-0.576878
1.962584,1.137094,-0.58287
1.958199,1.141771,-0.587547
1.955569,1.137387,-0.575563
1.962584,1.142356,-0.578047
1.961415,1.142356,-0.572493
1.963461,1.145864,-0.582724
1.966969,1.142941,-0.574101
1.959369,1.141771,-0.591786
1.959076,1.140895,-0.581555
1.964046,1.142648,-0.587255
1.966092,1.141187,-0.583309
1.963753,1.14791,-0.578924
1.955569,1.137971,-0.577901
1.964338,1.141479,-0.589009
1.960538,1.140018,-0.580678
1.959076,1.139725,-0.575124
1.964338,1.144695,-0.586524
1.966092,1.144987,-0.581994
1.965215,1.143818,-0.577901
1.959953,1.14031,-0.590032
1.959076,1.137971,-0.578632
1.959661,1.13651,-0.576586
1.962584,1.138848,-0.578486
1.961415,1.139725,-0.580824
1.96463,1.129787,-0.579509
1.966676,1.141187,-0.576147
1.965215,1.142941,-0.579655
1.966384,1.134464,-0.574101
1.963461,1.135925,-0.582286
1.958784,1.142356,-0.574393
1.96843,1.136802,-0.592371
1.966969,1.140018,-0.576001
1.96843,1.143525,-0.590324
1.966969,1.140895,-0.580532
1.966092,1.140602,-0.57907
1.96463,1.139433,-0.585794
1.966676,1.140018,-0.581847
1.960538,1.145864,-0.58097
1.965215,1.131541,-0.586817
1.969599,1.137679,-0.581555
1.964046,1.143818,-0.580678
1.961999,1.143818,-0.590032
1.962584,1.143818,-0.588863
1.956445,1.139141,-0.579509
1.962876,1.139141,-0.583894
1.954107,1.139141,-0.58024
1.962584,1.139725,-0.585063
1.961415,1.146448,-0.579509
1.964338,1.139433,-0.578778
1.965507,1.138848,-0.584624
1.965799,1.140018,-0.579217
1.963753,1.141771,-0.578778
1.959076,1.141187,-0.584624
1.972523,1.143818,-0.583309
1.964338,1.137387,-0.58214
1.959953,1.139433,-0.58594
1.962876,1.142064,-0.578193
1.965215,1.143818,-0.577024
1.96463,1.151418,-0.579947
1.97223,1.140895,-0.586378
1.962876,1.138848,-0.579801
1.970769,1.146741,-0.580824
1.966969,1.135341,-0.59164
1.963461,1.137679,-0.579363
1.961707,1.141187,-0.579655
1.963753,1.132417,-0.579363
1.963169,1.143525,-0.573078
1.968138,1.142064,-0.579947
1.967846,1.133294,-0.584771
1.966676,1.138848,-0.58287
1.969015,1.133294,-0.590763
1.960245,1.136217,-0.592224
1.959953,1.135341,-0.583601
1.963461,1.134464,-0.584186
1.956153,1.140895,-0.585209
1.969599,1.142064,-0.579217
1.964046,1.141479,-0.586086
1.965799,1.146448,-0.572055
1.968723,1.135341,-0.581117
1.963169,1.140602,-0.584917
1.966676,1.136217,-0.585209
1.962876,1.135925,-0.579509
1.971646,1.136802,-0.577024
1.965215,1.132125,-0.568547
1.961707,1.140895,-0.579947
1.970184,1.138556,-0.582578
1.967261,1.139141,-0.587986
1.966969,1.142064,-0.581994
1.970184,1.143525,-0.58287
1.966676,1.131248,-0.584771
1.965507,1.139141,-0.56767
1.971646,1.137679,-0.574686
1.969892,1.128617,-0.578486
1.965215,1.128617,-0.583601
1.971353,1.133879,-0.582286
1.972815,1.136217,-0.574247
1.974861,1.137971,-0.582286
1.969892,1.139433,-0.577463
1.971353,1.138556,-0.595878
1.969015,1.138848,-0.574832
1.972523,1.136217,-0.585063
1.966969,1.138556,-0.577755
1.973692,1.145279,-0.58097
1.967846,1.145279,-0.585209
1.967553,1.135048,-0.577901
1.9734,1.135925,-0.569863
1.969892,1.138264,-0.586086
1.963753,1.140895,-0.578047
1.973984,1.14031,-0.578632
1.966969,1.135341,-0.586963
1.970184,1.137387,-0.583455
1.970184,1.133879,-0.573663
1.967846,1.130079,-0.579655
1.967261,1.135633,-0.583309
1.959661,1.137679,-0.58404
1.965215,1.133587,-0.575563
1.965799,1.137971,-0.58214
1.965507,1.137387,-0.579655
1.966969,1.140602,-0.571616
1.961999,1.141479,-0.580532
1.966969,1.143818,-0.575709
1.963169,1.138848,-0.574393
1.960538,1.14031,-0.580094
1.954984,1.13651,-0.586232
1.96083,1.132417,-0.583017
1.967553,1.134756,-0.579655
1.968723,1.14031,-0.588717
1.961707,1.137679,-0.58287
1.958199,1.145279,-0.584186
1.964923,1.145571,-0.591055
1.958199,1.141479,-0.583894
1.966969,1.135633,-0.586232
1.961999,1.140895,-0.581994
1.959369,1.130956,-0.57527
1.962292,1.135633,-0.580386
1.96463,1.138556,-0.58287
1.966969,1.139725,-0.579363
1.962292,1.133294,-0.58404
1.966676,1.133879,-0.572201
1.956153,1.134756,-0.570886
1.960245,1.133002,-0.570447
1.962292,1.14411,-0.583747
1.961415,1.141479,-0.584771
1.964338,1.132417,-0.583894
1.963753,1.139725,-0.579509
1.969599,1.137679,-0.579801
1.961415,1.139433,-0.584478
1.959076,1.139141,-0.579947
1.969307,1.137971,-0.580678
1.96463,1.135048,-0.57644
1.962584,1.140018,-0.593101
1.969892,1.137679,-0.58097
1.95703,1.131833,-0.589301
1.957907,1.132125,-0.584771
1.961415,1.138848,-0.582432
1.958199,1.143525,-0.577901
1.958492,1.133587,-0.57644
1.961999,1.133879,-0.57717
1.952061,1.139725,-0.586524
1.958784,1.13651,-0.588571
1.967553,1.141479,-0.588278
1.969015,1.137387,-0.584478
1.9734,1.145864,-0.573516
1.961707,1.140602,-0.584478
1.960245,1.138556,-0.587255
1.962292,1.145279,-0.57454
1.96463,1.136802,-0.581409
1.966969,1.138848,-0.578778
1.96083,1.141771,-0.57527
1.96843,1.131248,-0.586232
1.969599,1.139433,-0.572493
1.963461,1.135925,-0.57907
1.966676,1.133587,-0.580094
1.964923,1.139725,-0.57337
1.966676,1.131541,-0.573663
1.969892,1.141479,-0.58287
1.962292,1.132417,-0.587986
1.966969,1.135341,-0.584332
1.966384,1.136217,-0.582432
1.959369,1.140018,-0.583163
1.964338,1.135633,-0.583455
1.963753,1.142356,-0.584771
1.958784,1.136217,-0.585355
1.963753,1.134464,-0.574832
1.96463,1.137971,-0.579509
1.969892,1.139433,-0.576586
1.961999,1.145864,-0.581994
1.963753,1.136802,-0.578486
1.966092,1.140018,-0.58404
1.965507,1.139433,-0.580094
1.961415,1.135633,-0.577463
1.966969,1.137094,-0.587109
1.958784,1.14411,-0.580094
1.967553,1.140018,-0.580824
1.964923,1.142941,-0.579363
1.974277,1.146741,-0.581847
1.967846,1.138264,-0.573078
1.961707,1.138848,-0.576878
1.963169,1.141771,-0.576147
1.965799,1.139725,-0.583455
1.969307,1.140602,-0.577317
1.965215,1.146448,-0.590178
1.966384,1.142356,-0.576732
1.969015,1.137387,-0.579947
1.96843,1.14411,-0.580678
1.969307,1.143818,-0.573516
1.969892,1.138264,-0.577755
1.961999,1.133879,-0.587547
1.963753,1.138848,-0.586671
1.949138,1.144402,-0.577024
1.957322,1.134756,-0.581847
1.961999,1.136802,-0.57834
1.953815,1.137094,-0.582432
1.970184,1.138556,-0.576001
1.957615,1.141771,-0.57717
1.96843,1.137971,-0.581701
1.961123,1.139433,-0.578924
1.961415,1.135633,-0.573078
1.954692,1.138264,-0.590763
1.960538,1.133002,-0.578486
1.961123,1.143818,-0.584332
1.967261,1.13651,-0.575709
1.960245,1.138848,-0.575417
1.962876,1.14031,-0.57454
1.962584,1.144695,-0.57834
1.962584,1.137387,-0.578778
1.967261,1.134171,-0.574101
1.959661,1.130956,-0.576293
1.961999,1.137387,-0.579217
1.957615,1.134171,-0.583601
1.96083,1.136217,-0.579947
1.966676,1.134171,-0.580824
1.967846,1.132417,-0.57717
1.968138,1.134171,-0.584186
1.962876,1.138264,-0.58024
1.965799,1.134756,-0.582432
1.971938,1.140602,-0.572347
1.969307,1.130956,-0.580824
1.973692,1.130956,-0.591201
1.962584,1.136217,-0.574686
1.963753,1.132417,-0.572201
1.970477,1.128617,-0.584624
1.967261,1.131248,-0.58287
1.964923,1.128325,-0.58784
1.96843,1.126863,-0.581847
1.964338,1.131833,-0.588278
1.96843,1.137971,-0.578632
1.96843,1.127448,-0.571909
1.962292,1.129202,-0.579363
1.965799,1.126863,-0.580678
1.966676,1.124233,-0.576293
1.966969,1.131541,-0.584186
1.966384,1.126279,-0.583894
1.966384,1.133587,-0.578924
1.966384,1.135341,-0.578486
1.964046,1.125402,-0.576878
1.961707,1.12891,-0.587255
1.967553,1.136802,-0.577755
1.963461,1.128617,-0.571324
1.964046,1.132417,-0.574978
1.965507,1.129202,-0.577901
1.966676,1.129494,-0.578486
1.96463,1.128325,-0.570155
1.971353,1.124817,-0.581409
1.970477,1.129202,-0.574393
1.966092,1.127448,-0.584332
1.966092,1.130371,-0.576001
1.962584,1.121894,-0.572786
1.958199,1.120433,-0.585209
1.963753,1.126571,-0.578924
1.970477,1.123356,-0.569278
1.965507,1.125987,-0.574247
1.969015,1.130371,-0.572347
1.961999,1.125694,-0.574832
1.96083,1.129202,-0.575124
1.963461,1.131248,-0.58287
1.963753,1.135925,-0.578193
1.965799,1.131248,-0.581409
1.971061,1.133294,-0.581701
1.96463,1.125694,-0.584332
1.95703,1.131248,-0.585209
1.96843,1.12891,-0.574978
1.973692,1.133294,-0.57907
1.958784,1.123356,-0.577024
1.967553,1.12891,-0.577609
1.970769,1.135048,-0.58214
1.971938,1.126571,-0.57527
1.971646,1.130371,-0.577024
1.968723,1.133587,-0.57834
1.971353,1.134756,-0.581117
1.968723,1.131248,-0.575855
1.969307,1.128325,-0.592955
1.965507,1.122187,-0.579947
1.967261,1.121894,-0.584771
1.965507,1.12891,-0.582432
1.968138,1.12891,-0.579363
1.957615,1.12774,-0.579947
1.96843,1.132125,-0.581847
1.966969,1.133002,-0.575124
1.963169,1.125694,-0.581994
1.972523,1.126863,-0.57644
1.970477,1.12394,-0.579801
1.967261,1.131541,-0.585209
1.967846,1.12394,-0.577024
1.968138,1.132417,-0.57834
1.95703,1.127448,-0.587401
1.971353,1.131248,-0.58784
1.965799,1.132417,-0.57834
1.963169,1.128325,-0.589594
1.964338,1.129202,-0.581555
1.967846,1.12511,-0.582724
1.969892,1.131833,-0.583601
1.961707,1.129494,-0.581409
1.966676,1.126863,-0.580678
1.967553,1.130664,-0.579801
1.958784,1.13271,-0.58287
1.965799,1.128617,-0.58404
1.969599,1.124233,-0.577317
1.970477,1.126863,-0.584917
1.96843,1.132125,-0.587255
1.963753,1.127448,-0.587401
1.975153,1.129787,-0.58784
1.964046,1.128325,-0.587694
1.971646,1.133587,-0.573078
1.965799,1.128617,-0.579655
1.970769,1.132417,-0.577901
1.966676,1.134464,-0.579363
1.969599,1.125402,-0.57907
1.969015,1.129787,-0.583601
1.966969,1.134756,-0.58214
1.966969,1.12891,-0.577024
1.969599,1.132125,-0.584478
1.963753,1.126863,-0.583455
1.971353,1.12891,-0.567963
1.965507,1.136802,-0.578193
1.963169,1.130664,-0.581701
1.959369,1.128033,-0.564016
1.964046,1.129202,-0.577463
1.966676,1.132125,-0.569424
1.964338,1.131541,-0.582432
1.961707,1.13271,-0.57147
1.965507,1.125402,-0.567816
1.959953,1.127448,-0.563432
1.962292,1.134756,-0.576732
1.962584,1.133002,-0.563432
1.962876,1.131833,-0.574832
1.96843,1.12774,-0.573955
1.965507,1.130079,-0.574832
1.964046,1.131833,-0.58214
1.955569,1.12774,-0.57527
1.970769,1.131248,-0.576147
1.962876,1.129202,-0.577609
1.961999,1.130371,-0.577609
1.962876,1.127448,-0.580678
1.966384,1.131248,-0.578486
1.962584,1.12394,-0.580824
1.966969,1.133002,-0.570155
1.97223,1.133294,-0.573224
1.95703,1.133587,-0.578047
1.963461,1.12891,-0.587547
1.968723,1.130079,-0.581263
1.969015,1.126279,-0.577024
1.965507,1.12394,-0.57454
1.962292,1.126863,-0.57834
1.971061,1.125694,-0.57454
1.965215,1.124233,-0.581847
1.962584,1.119556,-0.576001
1.959369,1.120433,-0.58287
1.961707,1.126863,-0.579363
1.964923,1.131541,-0.565039
1.966092,1.129494,-0.573078
1.973692,1.12774,-0.576878
1.966092,1.130664,-0.577463
1.96463,1.128617,-0.578924
1.966384,1.128325,-0.576293
1.962876,1.129787,-0.57834
1.968138,1.132417,-0.583455
1.963753,1.131833,-0.583309
1.959661,1.127156,-0.582724
1.964923,1.126279,-0.57907
1.964338,1.127448,-0.576586
1.971938,1.138264,-0.569132
1.962876,1.125694,-0.572786
1.964338,1.122187,-0.578047
1.961707,1.128617,-0.578632
1.963461,1.124525,-0.579655
1.966384,1.121894,-0.58404
1.969015,1.120433,-0.580386
1.962876,1.121602,-0.584771
1.964923,1.128617,-0.577901
1.966969,1.125402,-0.586378
1.963461,1.133294,-0.578778
1.964046,1.120725,-0.577755
1.967553,1.12891,-0.577755
1.96843,1.126863,-0.58097
1.977492,1.125694,-0.575855
1.96463,1.126279,-0.574978
1.960245,1.122771,-0.583455
1.965507,1.121894,-0.575709
1.967846,1.136802,-0.577317
1.969599,1.127448,-0.581117
1.960245,1.12014,-0.577609
1.96843,1.123063,-0.585647
1.964046,1.125694,-0.577901
1.966969,1.119263,-0.578924
1.969307,1.125402,-0.57907
1.96843,1.12511,-0.586378
1.974277,1.128033,-0.582286
1.981,1.124817,-0.571616
1.969015,1.127448,-0.59354
1.970184,1.129494,-0.598801
1.969015,1.126279,-0.59164
1.966676,1.125987,-0.590032
1.966676,1.130371,-0.588132
1.965799,1.124233,-0.584771
1.970184,1.121894,-0.590909
1.973692,1.124817,-0.580386
1.967553,1.123356,-0.587255
1.964046,1.125987,-0.57834
1.972815,1.128325,-0.585355
1.974277,1.121894,-0.575855
1.965215,1.118679,-0.585647
1.964923,1.118679,-0.582286
1.971353,1.124233,-0.590178
1.9734,1.119263,-0.589594
1.968138,1.125987,-0.581555
1.972815,1.125987,-0.583894
1.970477,1.121602,-0.572055
1.974861,1.114294,-0.583017
1.969599,1.125694,-0.573224
1.966969,1.12774,-0.575855
1.9772,1.121602,-0.582286
1.97603,1.127156,-0.574832
1.969307,1.12774,-0.584624
1.968723,1.124233,-0.584624
1.980707,1.12891,-0.583309
1.97603,1.131541,-0.590617
1.972815,1.128617,-0.58024
1.969599,1.124817,-0.57264
1.963461,1.126279,-0.595732
1.962876,1.118679,-0.573663
1.97223,1.124525,-0.586963
1.962292,1.118971,-0.580532
1.966092,1.119263,-0.580532
1.966676,1.126279,-0.570447
1.965507,1.115463,-0.583017
1.970477,1.118679,-0.589301
1.966092,1.125694,-0.579363
1.967846,1.12394,-0.587694
1.97603,1.122479,-0.589009
1.964046,1.129202,-0.58784
1.973984,1.124817,-0.583309
1.964338,1.134171,-0.577024
1.967261,1.121602,-0.587986
1.97603,1.125694,-0.582578
1.962584,1.123648,-0.588717
1.961999,1.121894,-0.583017
1.969599,1.130371,-0.584332
1.969015,1.128617,-0.582286
1.974861,1.130079,-0.588717
1.9772,1.12394,-0.585355
1.96843,1.133294,-0.585647
1.971353,1.135925,-0.588132
1.980415,1.127156,-0.585209
1.963461,1.126863,-0.583309
1.976615,1.128033,-0.585355
1.968138,1.117509,-0.593101
1.974277,1.129494,-0.584917
1.978369,1.12394,-0.592224
1.970184,1.127156,-0.587547
1.97223,1.125987,-0.575709
1.971061,1.129494,-0.586378
1.96843,1.124525,-0.585647
1.969892,1.129202,-0.589448
1.965507,1.129494,-0.580824
1.974277,1.124525,-0.587401
1.977784,1.124233,-0.58287
1.966969,1.125987,-0.581117
1.971353,1.130664,-0.58404
1.9772,1.126571,-0.575855
1.977492,1.126571,-0.574832
1.96843,1.156387,-0.585063
1.976323,1.087109,-0.582286
1.963169,1.126863,-0.578778
1.971353,1.12131,-0.574978
1.97603,1.120433,-0.588717
1.971353,1.12014,-0.584186
1.971646,1.121602,-0.590324
1.96083,1.128325,-0.585794
1.965507,1.114294,-0.580094
1.962584,1.122187,-0.586817
1.971353,1.122187,-0.579801
1.965799,1.116633,-0.578924
1.96843,1.12511,-0.584478
1.969599,1.118386,-0.572347
1.968723,1.125402,-0.578193
1.969015,1.119848,-0.574393
1.96463,1.124525,-0.577609
1.971938,1.123648,-0.568547
1.96843,1.11634,-0.593248
1.966384,1.118971,-0.580678
1.964046,1.122479,-0.590324
1.970477,1.12131,-0.57834
1.967846,1.126863,-0.57907
1.966384,1.115756,-0.591786
1.958199,1.121602,-0.590032
1.964338,1.125694,-0.593101
1.973107,1.120725,-0.584917
1.959661,1.118094,-0.579363
1.969599,1.12014,-0.578924
1.964338,1.116925,-0.589155
1.967553,1.120433,-0.585063
1.970769,1.115171,-0.586817
1.965507,1.11634,-0.57717
1.970769,1.119848,-0.585794
1.961123,1.123356,-0.584478
1.965215,1.122771,-0.58404
1.969015,1.118386,-0.59544
1.964338,1.123648,-0.588863
1.965799,1.118971,-0.595732
1.964046,1.12774,-0.584624
1.965215,1.12131,-0.585209
1.965215,1.122187,-0.584478
1.965507,1.119848,-0.579217
1.961707,1.117802,-0.583017
1.963753,1.12131,-0.58214
1.965507,1.117217,-0.583309
1.972815,1.122187,-0.57907
1.973692,1.119263,-0.58214
1.971353,1.121894,-0.594855
1.962584,1.117217,-0.589594
1.971353,1.123356,-0.585647
1.964338,1.119556,-0.589594
1.963169,1.124817,-0.596609
1.964923,1.116925,-0.594855
1.962292,1.113417,-0.595878
1.964338,1.120433,-0.589301
1.969015,1.126863,-0.595732
1.966676,1.119263,-0.595148
1.973692,1.117802,-0.596609
1.970769,1.120433,-0.590909
1.973107,1.130079,-0.590617
1.966676,1.122771,-0.598801
1.966676,1.129494,-0.590032
1.963753,1.117802,-0.586671
1.961415,1.126571,-0.591786
1.967261,1.127448,-0.595148
1.964046,1.125694,-0.584478
1.962876,1.12014,-0.583455
1.961999,1.118094,-0.593394
1.968723,1.115756,-0.588571
1.966384,1.125402,-0.588278
1.962876,1.12014,-0.593978
1.96463,1.114586,-0.595001
1.963753,1.125402,-0.592371
1.972815,1.123356,-0.587694
1.967846,1.121894,-0.590763
1.966092,1.12774,-0.597925
1.970769,1.12394,-0.596317
1.964046,1.121017,-0.585355
1.969015,1.12014,-0.591932
1.965799,1.120433,-0.588863
1.965799,1.12131,-0.592663
1.963753,1.124525,-0.592663
1.964923,1.114879,-0.595586
1.961415,1.12131,-0.586086
1.96843,1.124233,-0.591932
1.970769,1.119263,-0.593686
1.965215,1.124817,-0.590471
1.969015,1.120725,-0.590763
1.970184,1.116048,-0.594271
1.971646,1.116925,-0.598217
1.966676,1.116633,-0.581555
1.966384,1.111663,-0.588278
1.968723,1.116925,-0.588278
1.96843,1.127448,-0.594709
1.96843,1.12014,-0.583455
1.962292,1.157264,-0.595878
1.963753,1.109032,-0.580824
1.96463,1.118386,-0.589155
1.96843,1.119556,-0.601578
1.970477,1.123356,-0.585209
1.969015,1.119263,-0.589009
1.968138,1.114002,-0.591932
1.974277,1.113709,-0.582432
1.96843,1.119556,-0.581555
1.972815,1.12131,-0.597048
1.972523,1.119848,-0.583017
1.961999,1.124233,-0.590178
1.958492,1.124817,-0.589448
1.963461,1.11254,-0.589301
1.970184,1.117509,-0.579509
1.971646,1.127448,-0.591201
1.961999,1.12394,-0.588571
1.968138,1.119263,-0.58974
1.967846,1.118971,-0.596317
1.968723,1.121017,-0.585647
1.969307,1.119848,-0.586524
1.974277,1.123356,-0.584478
1.971938,1.133879,-0.592078
1.966676,1.123063,-0.589594
1.969892,1.130664,-0.583017
1.96843,1.127448,-0.592224
1.966969,1.13271,-0.590178
1.9734,1.122771,-0.588424
1.958492,1.115171,-0.586963
1.965215,1.122771,-0.575709
1.961415,1.11634,-0.587694
1.964046,1.12511,-0.593101
1.964338,1.130079,-0.576147
1.967261,1.125402,-0.579947
1.970769,1.12511,-0.581994
1.958199,1.123356,-0.593832
1.965507,1.121894,-0.586086
1.970184,1.119263,-0.590032
1.963461,1.118971,-0.588132
1.965799,1.08594,-0.592224
1.96843,1.124525,-0.592663
1.967553,1.122771,-0.580532
1.967553,1.127448,-0.580678
1.966092,1.123648,-0.59164
1.966676,1.127156,-0.584771
1.966676,1.122479,-0.595294
1.964338,1.118094,-0.587547
1.961123,1.121602,-0.581117
1.966092,1.119263,-0.588571
1.964046,1.113709,-0.599971
1.968138,1.121017,-0.588717
1.962584,1.121017,-0.589155
1.96083,1.115463,-0.590763
1.966092,1.124525,-0.581409
1.964338,1.112833,-0.594709
1.959953,1.117217,-0.587986
1.965507,1.11634,-0.58097
1.970477,1.114879,-0.580678
1.96463,1.116048,-0.580386
1.961415,1.123356,-0.590471
1.957907,1.121017,-0.589448
1.961999,1.118971,-0.595294
1.969307,1.118386,-0.593686
1.958492,1.11634,-0.581263
1.970184,1.117802,-0.593248
1.967261,1.125694,-0.591932
1.959076,1.116925,-0.586086
1.962876,1.111956,-0.587694
1.962876,1.114879,-0.595732
1.969892,1.117217,-0.588278
1.970184,1.120725,-0.585209
1.962876,1.121602,-0.58287
1.968138,1.119263,-0.582432
1.969307,1.124817,-0.592955
1.968723,1.124817,-0.579655
1.963753,1.117217,-0.591932
1.965799,1.119556,-0.585355
1.969015,1.116925,-0.588863
1.966969,1.114294,-0.586378
1.961415,1.118386,-0.585794
1.963169,1.115171,-0.592371
1.959661,1.117217,-0.57907
1.959953,1.123356,-0.57454
1.957907,1.12511,-0.590324
1.970477,1.115171,-0.591055
1.967261,1.118386,-0.586671
1.966384,1.124817,-0.586963
1.963169,1.117509,-0.587401
1.964338,1.110786,-0.590763
1.961707,1.121017,-0.600409
1.968723,1.121894,-0.58784
1.97223,1.121894,-0.596609
1.974569,1.121602,-0.590471
1.968723,1.109617,-0.589886
1.969307,1.122771,-0.593101
1.961999,1.114294,-0.596025
1.966384,1.110202,-0.591494
1.971061,1.111079,-0.589886
1.967261,1.114294,-0.60304
1.968138,1.11634,-0.60114
1.96463,1.113125,-0.592078
1.96463,1.117509,-0.587255
1.967846,1.118679,-0.587986
1.972523,1.119848,-0.590178
1.976323,1.12394,-0.59924
1.968138,1.126863,-0.590763
1.972815,1.113125,-0.596171
1.974277,1.112833,-0.603771
1.969015,1.120725,-0.586817
1.967261,1.114879,-0.592955
1.965507,1.119556,-0.590178
1.971061,1.117509,-0.598801
1.968138,1.114586,-0.585501
1.975446,1.114879,-0.598655
1.970769,1.109617,-0.586378
1.960538,1.110202,-0.598801
1.965507,1.114879,-0.593686
1.966092,1.109909,-0.599825
1.963461,1.109325,-0.598217
1.969599,1.116925,-0.594709
1.961415,1.119556,-0.599678
1.972815,1.116925,-0.595001
1.964923,1.12014,-0.591494
1.971061,1.119556,-0.59164
1.969015,1.119556,-0.594417
1.96843,1.122479,-0.606986
1.971938,1.123356,-0.593978
1.971646,1.119556,-0.634171
1.964338,1.11634,-0.589594
1.966384,1.118971,-0.594563
1.967846,1.113709,-0.591932
1.966969,1.11254,-0.591932
1.967846,1.115171,-0.590763
1.968138,1.119848,-0.595586
1.965507,1.117802,-0.589594
1.967553,1.117217,-0.597048
1.961999,1.118679,-0.591786
1.961999,1.115463,-0.587694
1.972815,1.12014,-0.589301
1.9734,1.105525,-0.596317
1.966092,1.111956,-0.593978
1.970769,1.109909,-0.600848
1.96463,1.113417,-0.59734
1.962876,1.119848,-0.596755
1.960245,1.118679,-0.596463
1.966384,1.111956,-0.590324
1.963753,1.111663,-0.587401
1.967553,1.113125,-0.590178
1.956445,1.109617,-0.592809
1.970477,1.114002,-0.596025
1.968138,1.120433,-0.596171
1.969599,1.114002,-0.595148
1.972815,1.115756,-0.591786
1.959369,1.115171,-0.595732
1.968138,1.114879,-0.585209
1.966384,1.113709,-0.597632
1.974569,1.114586,-0.586086
1.969599,1.108155,-0.586671
1.96463,1.119556,-0.592224
1.96843,1.116925,-0.58214
1.973984,1.124817,-0.589448
1.967261,1.113709,-0.590763
1.965799,1.117509,-0.589886
1.959953,1.107571,-0.587694
1.959953,1.114879,-0.594124
1.967261,1.115171,-0.60114
1.965799,1.117802,-0.589155
1.969892,1.119848,-0.59354
1.96463,1.107571,-0.595732
1.966092,1.115171,-0.597486
1.973984,1.114002,-0.60494
1.965507,1.12131,-0.589448
1.973107,1.117802,-0.594271
1.966969,1.113709,-0.589155
1.963169,1.111663,-0.601578
1.964923,1.113417,-0.587986
1.969307,1.10874,-0.587401
1.962876,1.112248,-0.63081
1.97603,1.102309,-0.576878
1.967846,1.111079,-0.589009
1.96843,1.106109,-0.596609
1.970184,1.109617,-0.600555
1.970184,1.106986,-0.592517
1.973107,1.109032,-0.596317
1.967261,1.110202,-0.596025
1.970769,1.109617,-0.592809
1.964338,1.105525,-0.599094
1.965507,1.115463,-0.598509
1.963169,1.110494,-0.593248
1.962876,1.109032,-0.594417
1.964338,1.109325,-0.584771
1.961707,1.111371,-0.600848
1.96463,1.109032,-0.59734
1.970477,1.109325,-0.600117
1.970184,1.115756,-0.583601
1.971938,1.105817,-0.597048
1.969015,1.109617,-0.596755
1.963753,1.110202,-0.595148
1.958199,1.112248,-0.597925
1.96843,1.108448,-0.594855
1.962584,1.114586,-0.594855
1.96843,1.10494,-0.599094
1.962584,1.109032,-0.593394
1.972523,1.114586,-0.600117
1.966092,1.110494,-0.590617
1.975738,1.109032,-0.594709
1.970769,1.109325,-0.598509
1.970769,1.111371,-0.598801
1.97603,1.111371,-0.593248
1.964923,1.112248,-0.59544
1.973692,1.110786,-0.595294
1.966384,1.113417,-0.600994
1.976615,1.116633,-0.596463
1.966384,1.111079,-0.594417
1.967553,1.111956,-0.59924
1.970184,1.111079,-0.596025
1.965507,1.110786,-0.600702
1.969307,1.114294,-0.598071
1.970769,1.111079,-0.607279
1.972523,1.115756,-0.602748
1.971353,1.116925,-0.596901
1.958492,1.112833,-0.597778
1.968138,1.114294,-0.590324
1.960245,1.104355,-0.607279
1.967846,1.109617,-0.605379
1.960538,1.111079,-0.592809
1.965799,1.105232,-0.58784
1.969307,1.10494,-0.594855
1.966676,1.107279,-0.589448
1.962876,1.103186,-0.599825
1.975153,1.10874,-0.601578
1.971353,1.109909,-0.58784
1.966384,1.106402,-0.594417
1.969892,1.109909,-0.586963
1.972523,1.102894,-0.630517
1.964338,1.111371,-0.630079
1.963753,1.102894,-0.597925
1.968138,1.116925,-0.597048
1.968723,1.112248,-0.592809
1.970184,1.110786,-0.600263
1.970184,1.110494,-0.586963
1.962876,1.113709,-0.596171
1.969599,1.106402,-0.596171
1.967261,1.117802,-0.600409
1.96843,1.119556,-0.603478
1.976323,1.116048,-0.592809
1.969307,1.114586,-0.583017
1.97603,1.117509,-0.592809
1.969599,1.111371,-0.597486
1.973984,1.109032,-0.591055
1.970769,1.109325,-0.59734
1.96463,1.115171,-0.582286
1.978661,1.113417,-0.596609
1.975153,1.104355,-0.593832
1.96843,1.109909,-0.590617
1.971938,1.110494,-0.602602
1.969892,1.10494,-0.590471
1.9734,1.108155,-0.587401
1.965507,1.106402,-0.601725
1.961999,1.109325,-0.596025
1.971061,1.109325,-0.590032
1.975446,1.116633,-0.597632
1.974861,1.108448,-0.592955
1.974569,1.111371,-0.589155
1.981292,1.109325,-0.589301
1.969307,1.107863,-0.596755
1.969015,1.110786,-0.596901
1.972523,1.106986,-0.606694
1.971646,1.111663,-0.582432
1.972523,1.113125,-0.594855
1.969599,1.111956,-0.597048
1.969015,1.109909,-0.594855
1.964923,1.106986,-0.587694
1.976323,1.106402,-0.590617
1.968138,1.105232,-0.590324
1.967261,1.106986,-0.593978
1.973107,1.108155,-0.592955
1.970769,1.105232,-0.597632
1.970477,1.111371,-0.592371
1.966676,1.110494,-0.600263
1.970477,1.107863,-0.599386
1.974277,1.11634,-0.596025
1.97223,1.111371,-0.592809
1.97603,1.110786,-0.629787
1.974277,1.105525,-0.562701
1.9734,1.107571,-0.595586
1.971646,1.108155,-0.593248
1.969892,1.120433,-0.595294
1.967553,1.109909,-0.597778
1.961707,1.106694,-0.594124
1.970477,1.111663,-0.592955
1.96843,1.107863,-0.594271
1.964046,1.109617,-0.594709
1.967846,1.107571,-0.597778
1.969599,1.105232,-0.592955
1.967846,1.110494,-0.602163
1.972523,1.113417,-0.590763
1.966969,1.106402,-0.602894
1.967553,1.109909,-0.584624
1.972523,1.10874,-0.600702
1.978661,1.107571,-0.59924
1.971061,1.109032,-0.60304
1.966676,1.116925,-0.587986
1.976323,1.115463,-0.592224
1.962876,1.114586,-0.598801
1.963753,1.111956,-0.606986
1.971938,1.113417,-0.598217
1.969892,1.12131,-0.600263
1.967553,1.112248,-0.593832
1.965799,1.109909,-0.595586
1.962584,1.110202,-0.597632
1.963461,1.110494,-0.595148
1.961415,1.112833,-0.591932
1.963753,1.111371,-0.598801
1.967846,1.111663,-0.59354
1.971061,1.115756,-0.605232
1.969599,1.119848,-0.605963
1.967553,1.114879,-0.588278
1.972815,1.109617,-0.598509
1.969892,1.113125,-0.593248
1.962292,1.112248,-0.589448
1.969015,1.117802,-0.597194
1.960245,1.111956,-0.605232
1.954399,1.118679,-0.597925
1.965215,1.116048,-0.59354
1.964923,1.121894,-0.602017
1.966092,1.113709,-0.592809
1.970477,1.109617,-0.598509
1.968723,1.110202,-0.592809
1.970184,1.111371,-0.592663
1.964923,1.114586,-0.592663
1.964046,1.114586,-0.600555
1.969892,1.117802,-0.597194
1.974277,1.117217,-0.596463
1.966969,1.109325,-0.605817
1.970184,1.113125,-0.601725
1.967553,1.116048,-0.608302
1.96843,1.116048,-0.610348
1.965215,1.109032,-0.606402
1.96463,1.108155,-0.599825
1.969599,1.11254,-0.595732
1.962292,1.108155,-0.614586
1.97223,1.111956,-0.596901
1.967846,1.111956,-0.597048
1.968138,1.10874,-0.593101
1.966676,1.113417,-0.596463
1.964923,1.12131,-0.592078
1.969599,1.115171,-0.596755
1.966384,1.117802,-0.603332
1.958492,1.114002,-0.600994
1.963753,1.117509,-0.601578
1.963753,1.109909,-0.596317
1.965215,1.11634,-0.598363
1.954399,1.11254,-0.600702
1.96083,1.110494,-0.598948
1.956738,1.115756,-0.598071
1.957322,1.102309,-0.599094
1.96083,1.108155,-0.609032
1.966384,1.112833,-0.595586
1.96083,1.111663,-0.608594
1.961999,1.10874,-0.594124
1.960245,1.114586,-0.603625
1.961999,1.106986,-0.601578
1.962584,1.111663,-0.604355
1.955861,1.113125,-0.603917
1.96463,1.119848,-0.594855
1.958492,1.114294,-0.607717
1.971646,1.114294,-0.595732
1.961707,1.116925,-0.589448
1.959076,1.114002,-0.603332
1.963169,1.116048,-0.604648
1.962292,1.115463,-0.609325
1.959953,1.104648,-0.596317
1.965215,1.117509,-0.598801
1.96463,1.113125,-0.600848
1.963461,1.119556,-0.59924
1.968723,1.120725,-0.601578
1.962584,1.116633,-0.588278
1.961123,1.118679,-0.590909
1.959661,1.114879,-0.577755
1.960538,1.111956,-0.600994
1.965507,1.118386,-0.595732
1.962292,1.117217,-0.601578
1.966092,1.118386,-0.587986
1.961415,1.115463,-0.589448
1.962876,1.112248,-0.595148
1.967261,1.109325,-0.594271
1.969015,1.113417,-0.600117
1.968138,1.119556,-0.602017
1.962292,1.116925,-0.598217
1.966092,1.119848,-0.600263
1.962876,1.115756,-0.602017
1.966092,1.113417,-0.599386
1.966969,1.113709,-0.596171
1.963753,1.117802,-0.591348
1.965215,1.116925,-0.595001
1.964338,1.118094,-0.598801
1.958492,1.106694,-0.603625
1.969892,1.107863,-0.602748
1.965799,1.11254,-0.599386
1.966676,1.11634,-0.601725
1.967261,1.119263,-0.593686
1.959369,1.115171,-0.593394
1.965215,1.111371,-0.588863
1.964338,1.114294,-0.596609
1.967261,1.115756,-0.598509
1.964338,1.113709,-0.599825
1.971061,1.116925,-0.605232
1.965799,1.107571,-0.600409
1.969307,1.124817,-0.604648
1.969015,1.117217,-0.596609
1.959953,1.11254,-0.598217
1.963753,1.11254,-0.59544
1.971646,1.111371,-0.603771
1.974569,1.114879,-0.602309
1.967261,1.109617,-0.610786
1.965215,1.114294,-0.593832
1.958199,1.111079,-0.59734
1.961415,1.117509,-0.601578
1.968723,1.10874,-0.602894
1.968723,1.106986,-0.601286
1.965215,1.113125,-0.595294
1.966092,1.118094,-0.595732
1.964338,1.109032,-0.597925
1.971938,1.109909,-0.608155
1.965799,1.113709,-0.602455
1.959953,1.109909,-0.603625
1.965507,1.113417,-0.59924
1.969892,1.112248,-0.610494
1.965799,1.113125,-0.601578
1.963753,1.118679,-0.604063
1.957907,1.120433,-0.607279
1.973107,1.116633,-0.60684
1.96843,1.117509,-0.612832
1.969892,1.113709,-0.600848
1.971353,1.116633,-0.599825
1.969892,1.118679,-0.601578
1.969307,1.115463,-0.605379
1.969599,1.112833,-0.606109
1.974277,1.115171,-0.595878
1.969307,1.114002,-0.609032
1.965507,1.118679,-0.599971
1.961999,1.107863,-0.610494
1.963169,1.111371,-0.60684
1.960538,1.111663,-0.607425
1.969892,1.11254,-0.603332
1.96083,1.111079,-0.600702
1.965215,1.116925,-0.598801
1.960245,1.106109,-0.602309
1.967261,1.110786,-0.607279
1.973692,1.116048,-0.595878
1.968723,1.106694,-0.597194
1.969307,1.115756,-0.602455
1.971646,1.111079,-0.600117
1.969892,1.114002,-0.601432
1.965799,1.110202,-0.604063
1.97603,1.109909,-0.604502
1.963461,1.112248,-0.616048
1.966384,1.109325,-0.600848
1.961123,1.111956,-0.599678
1.966092,1.114879,-0.599971
1.966676,1.109909,-0.605232
1.961415,1.114879,-0.59544
1.965799,1.113709,-0.596609
1.96843,1.119556,-0.597486
1.968723,1.109032,-0.595586
1.976323,1.105525,-0.600994
1.964338,1.108155,-0.601578
1.964338,1.111956,-0.590763
1.968723,1.104355,-0.598801
1.967846,1.111956,-0.602894
1.965799,1.109032,-0.604063
1.96843,1.10874,-0.599532
1.970477,1.114294,-0.602748
1.967553,1.116925,-0.600702
1.966969,1.112248,-0.601286
1.966969,1.106986,-0.602309
1.966676,1.107279,-0.602163
1.970769,1.11634,-0.608448
1.966676,1.102309,-0.615463
1.96463,1.105232,-0.597778
1.970769,1.104355,-0.596901
1.96463,1.104355,-0.607132
1.976323,1.109909,-0.61254
1.96843,1.114002,-0.606109
1.968138,1.108448,-0.60494
1.969599,1.112833,-0.604794
1.971938,1.105525,-0.601871
1.973692,1.113125,-0.604209
1.977492,1.100263,-0.611371
1.969892,1.103771,-0.608155
1.970769,1.114294,-0.608155
1.975153,1.109617,-0.605963
1.982169,1.110786,-0.609325
1.962584,1.10874,-0.602748
1.972523,1.105525,-0.603478
1.969892,1.106109,-0.607571
1.969892,1.107863,-0.603625
1.969307,1.109909,-0.600409
1.970769,1.110786,-0.602163
1.971938,1.111956,-0.59544
1.971353,1.114879,-0.605525
1.975153,1.114294,-0.598655
1.967846,1.11634,-0.605525
1.973984,1.107571,-0.608302
1.966092,1.109325,-0.607863
1.966384,1.110494,-0.614733
1.964046,1.111079,-0.597194
1.967261,1.106109,-0.605379
1.962584,1.109325,-0.597632
1.9734,1.112833,-0.599532
1.968138,1.110786,-0.597925
1.971061,1.112833,-0.602455
1.968723,1.116633,-0.603625
1.969892,1.111663,-0.596317
1.970184,1.112833,-0.605963
1.973984,1.109617,-0.60684
1.970769,1.107571,-0.603771
1.97223,1.102309,-0.601286
1.973692,1.109325,-0.606694
1.975153,1.116633,-0.590324
1.975738,1.105525,-0.60684
1.972815,1.114002,-0.605232
1.969892,1.105525,-0.611079
1.966092,1.106986,-0.599678
1.980707,1.113125,-0.599825
1.969599,1.108448,-0.600848
1.972523,1.10874,-0.609617
1.968138,1.099971,-0.608448
1.965799,1.110786,-0.607425
1.966676,1.110202,-0.604063
1.966384,1.105232,-0.599678
1.974861,1.106402,-0.608886
1.969015,1.110786,-0.600994
1.971646,1.112248,-0.60304
1.969015,1.113417,-0.605086
1.979538,1.107863,-0.603917
1.975738,1.111371,-0.602455
1.970184,1.10494,-0.604648
1.970477,1.106402,-0.596901
1.967553,1.10494,-0.601871
1.971938,1.112833,-0.595148
1.967553,1.109325,-0.599825
1.965215,1.108448,-0.607571
1.967846,1.112833,-0.599971
1.976323,1.104355,-0.594124
1.970477,1.114879,-0.595001
1.972523,1.114586,-0.609909
1.965215,1.114586,-0.596317
1.96463,1.110786,-0.607717
1.961707,1.111371,-0.607425
1.964046,1.106694,-0.604794
1.967261,1.115171,-0.606402
1.971646,1.11254,-0.602017
1.964923,1.115463,-0.595294
1.967553,1.11254,-0.599971
1.967261,1.115463,-0.593832
1.969599,1.110202,-0.602163
1.967261,1.106694,-0.600994
1.977784,1.111663,-0.600555
1.972523,1.110786,-0.600117
1.976615,1.116048,-0.597632
1.971938,1.106109,-0.607863
1.967261,1.112248,-0.609617
1.966384,1.112248,-0.604209
1.978661,1.121017,-0.60114
1.968723,1.111371,-0.597778
1.977784,1.110786,-0.604355
1.963753,1.108448,-0.606694
1.969599,1.108155,-0.597925
1.971646,1.110786,-0.610494
1.96843,1.109909,-0.609909
1.969307,1.107863,-0.612102
1.963753,1.109325,-0.608009
1.970769,1.110202,-0.609325
1.975738,1.107571,-0.601725
1.976323,1.104355,-0.606548
1.970769,1.104355,-0.604794
1.968723,1.113417,-0.60684
1.969307,1.109909,-0.617802
1.965507,1.110786,-0.615171
1.971938,1.109909,-0.604794
1.969599,1.110786,-0.605817
1.974569,1.119263,-0.613125
1.971938,1.111663,-0.607425
1.967553,1.111956,-0.604502
1.97603,1.110202,-0.606986
1.972523,1.109032,-0.611225
1.971938,1.105232,-0.608886
1.973692,1.109032,-0.607717
1.967553,1.109909,-0.602748
1.978661,1.111079,-0.603186
1.973107,1.110494,-0.605525
1.974277,1.107279,-0.609763
1.969015,1.109617,-0.611809
1.975446,1.10494,-0.606109
1.975446,1.106694,-0.605963
1.967846,1.103186,-0.605963
1.969599,1.110494,-0.565332
1.972815,1.105232,-0.595001
1.966384,1.110786,-0.610056
1.96843,1.111956,-0.59924
1.9734,1.106402,-0.606986
1.972523,1.111079,-0.614879
1.972523,1.110202,-0.609179
1.967846,1.113125,-0.601871
1.96843,1.108448,-0.610786
1.973984,1.107863,-0.594417
1.972815,1.109325,-0.611517
1.972523,1.109325,-0.60114
1.971061,1.110786,-0.609617
1.968723,1.099386,-0.60874
1.973984,1.111371,-0.598655
1.976907,1.107571,-0.604063
1.967846,1.108155,-0.611809
1.968138,1.102894,-0.615756
1.971353,1.107279,-0.607863
1.967553,1.102309,-0.615317
1.96463,1.10114,-0.608886
1.972523,1.108155,-0.609909
1.973107,1.099386,-0.610202
1.97223,1.102017,-0.613709
1.967553,1.103186,-0.612832
1.966969,1.10114,-0.612686
1.970184,1.100555,-0.61634
1.962584,1.102602,-0.613125
1.96083,1.106694,-0.612102
1.962292,1.106402,-0.615609
1.969307,1.096463,-0.608448
1.968723,1.109909,-0.609325
1.969599,1.100263,-0.608155
1.96843,1.107863,-0.61254
1.978369,1.106694,-0.614002
1.964338,1.110786,-0.608594
1.965215,1.109909,-0.609471
1.971646,1.10494,-0.610348
1.970184,1.106694,-0.60684
1.971646,1.110786,-0.613417
1.971646,1.111371,-0.618094
1.973692,1.113709,-0.618386
1.969892,1.109325,-0.60684
1.965215,1.109325,-0.606255
1.968138,1.103479,-0.610348
1.96843,1.104355,-0.617948
1.966676,1.11254,-0.609325
1.964046,1.103479,-0.61941
1.961707,1.099971,-0.615317
1.970184,1.106109,-0.618533
1.96843,1.10494,-0.607863
1.973984,1.111956,-0.615171
1.966384,1.097048,-0.61824
1.963169,1.111079,-0.608594
1.972523,1.103479,-0.605817
1.970184,1.100263,-0.615609
1.971938,1.107571,-0.612979
1.971646,1.107279,-0.611663
1.965799,1.109909,-0.609325
1.972815,1.100848,-0.611371
1.971353,1.101432,-0.606986
1.965799,1.102309,-0.606109
1.970769,1.102017,-0.597194
1.969015,1.096755,-0.605379
1.968138,1.107863,-0.615025
1.966676,1.108155,-0.61254
1.965799,1.107571,-0.612248
1.970184,1.102602,-0.612248
1.967261,1.098801,-0.608886
1.965507,1.107571,-0.600848
1.965215,1.105525,-0.608448
1.965799,1.109909,-0.60494
1.966092,1.102602,-0.60494
1.975446,1.109617,-0.621894
1.969015,1.100263,-0.611663
1.971061,1.109032,-0.609909
1.961999,1.104648,-0.614586
1.958784,1.103479,-0.611517
1.965215,1.106694,-0.608009
1.970769,1.105525,-0.613709
1.976615,1.107571,-0.60874
1.967846,1.101725,-0.617217
1.968723,1.105232,-0.610348
1.965215,1.111956,-0.608448
1.964923,1.106694,-0.608448
1.958199,1.109325,-0.617509
1.964338,1.102894,-0.621017
1.970769,1.107571,-0.609617
1.97223,1.100263,-0.602602
1.977492,1.104648,-0.618533
1.971061,1.106986,-0.62204
1.96843,1.107863,-0.609909
1.968138,1.102309,-0.613709
1.966384,1.104355,-0.602894
1.970477,1.106694,-0.609325
1.965799,1.110786,-0.613709
1.966676,1.107279,-0.609032
1.969307,1.106109,-0.605232
1.971353,1.104355,-0.613125
1.976615,1.103186,-0.60304
1.969599,1.105232,-0.61254
1.972523,1.102309,-0.615609
1.96463,1.100848,-0.604794
1.969599,1.109032,-0.60304
1.973107,1.104063,-0.608448
1.972815,1.107571,-0.60494
1.972523,1.104355,-0.609032
1.970769,1.100263,-0.608155
1.971061,1.10114,-0.601286
1.964338,1.106694,-0.607425
1.957907,1.106986,-0.614148
1.969015,1.104063,-0.604502
1.966676,1.102894,-0.602017
1.970769,1.100555,-0.613856
1.96463,1.107279,-0.605232
1.961415,1.102602,-0.609763
1.966092,1.104063,-0.602309
1.969307,1.109617,-0.611225
1.969892,1.109032,-0.611517
1.969599,1.109325,-0.614002
1.96843,1.110494,-0.61444
1.969892,1.10494,-0.609909
1.964046,1.106986,-0.603771
1.966676,1.10874,-0.61634
1.960538,1.105232,-0.608155
1.966969,1.10494,-0.61444
1.965215,1.107279,-0.60874
1.970477,1.110494,-0.614148
1.967261,1.111663,-0.623063
1.972523,1.10874,-0.621017
1.959076,1.109617,-0.623648
1.970184,1.10494,-0.606548
1.966092,1.107863,-0.615609
1.968138,1.113125,-0.625694
1.961999,1.105525,-0.616194
1.963753,1.104648,-0.617656
1.971938,1.105525,-0.609763
1.969307,1.10494,-0.618971
1.967261,1.108448,-0.618386
1.970769,1.105525,-0.611663
1.966969,1.109032,-0.621456
1.963169,1.109032,-0.619263
1.965215,1.110786,-0.62014
1.962876,1.105232,-0.615609
1.966384,1.111663,-0.626425
1.969307,1.109617,-0.62131
1.968723,1.108448,-0.609617
1.970184,1.107863,-0.615317
1.974569,1.114002,-0.605817
1.969015,1.11254,-0.621017
1.9734,1.10494,-0.611956
1.971938,1.107863,-0.619702
1.966969,1.106986,-0.625694
1.969015,1.109032,-0.627448
1.970184,1.107279,-0.626571
1.966092,1.109325,-0.627156
1.966676,1.109617,-0.611809
1.963753,1.10494,-0.623794
1.967261,1.100555,-0.616633
1.963169,1.103771,-0.612832
1.96843,1.105232,-0.616048
1.966092,1.103479,-0.623356
1.967261,1.107571,-0.617802
1.963753,1.103771,-0.620579
1.965507,1.103771,-0.609909
1.966969,1.106402,-0.620433
1.964338,1.106986,-0.62204
1.967553,1.101432,-0.63651
1.971646,1.109909,-0.615902
1.957322,1.106402,-0.610494
1.968723,1.104648,-0.60684
1.964046,1.108448,-0.619556
1.963169,1.107571,-0.623794
1.971646,1.10874,-0.618825
1.965215,1.110202,-0.62964
1.970184,1.108448,-0.63841
1.969015,1.104355,-0.621748
1.973984,1.106694,-0.630664
1.973107,1.110202,-0.618971
1.973107,1.110494,-0.618971
1.969892,1.107571,-0.628033
1.969599,1.109617,-0.622186
1.969599,1.10494,-0.620725
1.971938,1.111956,-0.62584
1.96463,1.108448,-0.621456
1.974861,1.114879,-0.614002
1.961999,1.106109,-0.625694
1.969892,1.113125,-0.620286
1.96463,1.109325,-0.626425
1.960538,1.10494,-0.619263
1.964923,1.099971,-0.62204
1.976615,1.112248,-0.615317
1.972815,1.11254,-0.61254
1.973107,1.106694,-0.616486
1.975446,1.112833,-0.615756
1.973692,1.105525,-0.619848
1.975446,1.109909,-0.615902
1.971353,1.111371,-0.612102
1.969599,1.110786,-0.626133
1.972523,1.114586,-0.622333
1.976323,1.112833,-0.618971
1.972523,1.113417,-0.623356
1.972523,1.113417,-0.615025
1.979831,1.114002,-0.61824
1.974861,1.110494,-0.616194
1.968138,1.110786,-0.612979
1.970769,1.10874,-0.628763
1.970184,1.109032,-0.615317
1.969307,1.109617,-0.616779
1.965215,1.110494,-0.62014
1.965215,1.111663,-0.626133
1.969015,1.106694,-0.630956
1.965215,1.108155,-0.613271
1.96463,1.109617,-0.620433
1.965215,1.109909,-0.625987
1.970477,1.103479,-0.614148
1.964338,1.110202,-0.61824
1.967846,1.102017,-0.617656
1.967846,1.107863,-0.614586
1.966676,1.10874,-0.61254
1.971353,1.112248,-0.616194
1.964046,1.109617,-0.62014
1.961123,1.10494,-0.620871
1.965799,1.110202,-0.626863
1.97223,1.105232,-0.612394
1.958199,1.114879,-0.617509
1.969015,1.103186,-0.616925
1.963753,1.10494,-0.615171
1.967553,1.110786,-0.610932
1.970477,1.110786,-0.612686
1.967846,1.106694,-0.630517
1.967846,1.105817,-0.615756
1.96843,1.107571,-0.616194
1.964046,1.106109,-0.620286
1.969892,1.114879,-0.626425
1.96463,1.114879,-0.605525
1.968138,1.107279,-0.61444
1.965215,1.117217,-0.619848
1.966969,1.109617,-0.619556
1.961999,1.109617,-0.624817
1.966676,1.109909,-0.619848
1.963753,1.110202,-0.612686
1.969892,1.111079,-0.62701
1.971646,1.110786,-0.624379
1.969015,1.111079,-0.619556
1.964046,1.107863,-0.623794
1.965507,1.105817,-0.626279
1.965799,1.11634,-0.623356
1.965215,1.116048,-0.627594
1.966384,1.11254,-0.616925
1.969892,1.111663,-0.62964
1.968723,1.109617,-0.628763
1.97223,1.110202,-0.63344
1.964338,1.105525,-0.62394
1.966969,1.107571,-0.633879
1.969599,1.106402,-0.62891
1.961123,1.106694,-0.635194
1.970769,1.111956,-0.624817
1.963753,1.114002,-0.614148
1.967261,1.111371,-0.63154
1.978369,1.111079,-0.625402
1.96463,1.109617,-0.613709
1.970184,1.106694,-0.627448
1.969599,1.110786,-0.630517
1.962876,1.106694,-0.627594
1.971061,1.109909,-0.622625
1.970477,1.110494,-0.622625
1.97223,1.104355,-0.628471
1.971061,1.111663,-0.631833
1.972815,1.108448,-0.63461
1.967261,1.111956,-0.620871
1.969015,1.10874,-0.622625
1.965507,1.111371,-0.62964
1.962876,1.105232,-0.618533
1.971353,1.110786,-0.624817
1.966676,1.111371,-0.62891
1.967553,1.108448,-0.61824
1.967261,1.102017,-0.627594
1.958199,1.114879,-0.634464
1.969307,1.107863,-0.624086
1.97223,1.109032,-0.627448
1.966676,1.107863,-0.624233
1.971061,1.11254,-0.634756
1.961707,1.106986,-0.632125
1.964338,1.108448,-0.621748
1.969015,1.110786,-0.628325
1.971646,1.108155,-0.626279
1.968723,1.109617,-0.62774
1.97223,1.106986,-0.62321
1.966092,1.10874,-0.628471
1.964046,1.114294,-0.628763
1.968723,1.10874,-0.617217
1.964338,1.110786,-0.624233
1.967846,1.109032,-0.624086
1.970477,1.105232,-0.62014
1.959076,1.108448,-0.620286
1.96843,1.115463,-0.615756
1.966092,1.105525,-0.625402
1.97223,1.108155,-0.627887
1.969015,1.11254,-0.616779
1.973107,1.108155,-0.63461
1.964923,1.113709,-0.62774
1.961123,1.111371,-0.622333
1.970769,1.118971,-0.623794
1.966092,1.107863,-0.619994
1.970477,1.116925,-0.623502
1.971061,1.115463,-0.62131
1.96843,1.111956,-0.625548
1.971353,1.109032,-0.619702
1.966384,1.111371,-0.62701
1.967261,1.110494,-0.624525
1.963753,1.106402,-0.626425
1.974277,1.105817,-0.627302
1.970184,1.110494,-0.61444
1.964338,1.109032,-0.619117
1.974277,1.104648,-0.626571
1.973984,1.111956,-0.630956
1.970184,1.106402,-0.622917
1.964338,1.10494,-0.624817
1.968723,1.113709,-0.616194
1.971061,1.104355,-0.617948
1.973984,1.112248,-0.630517
1.973107,1.106402,-0.615609
1.970184,1.098217,-0.623063
1.978369,1.106986,-0.626863
1.965215,1.106402,-0.629494
1.971353,1.107571,-0.628471
1.963169,1.103771,-0.621017
1.964338,1.106986,-0.630225
1.969307,1.109617,-0.630517
1.971938,1.112248,-0.624086
1.973692,1.10874,-0.62701
1.96843,1.113125,-0.626425
1.965799,1.111956,-0.614879
1.969015,1.110202,-0.620871
1.968723,1.108155,-0.63081
1.972523,1.105525,-0.629056
1.973692,1.118971,-0.630956
1.972815,1.113125,-0.626279
1.976323,1.117217,-0.627156
1.974277,1.113417,-0.624671
1.972815,1.111079,-0.622625
1.978369,1.111663,-0.622186
1.978077,1.111371,-0.627156
1.966676,1.109032,-0.617509
1.978369,1.112248,-0.628179
1.973692,1.110786,-0.62394
1.976323,1.109909,-0.627448
1.978661,1.106402,-0.627156
1.975446,1.109032,-0.626571
1.96843,1.109325,-0.634464
1.971646,1.110202,-0.627594
1.971353,1.109032,-0.630664
1.972523,1.113709,-0.62891
1.971061,1.10874,-0.630956
1.96843,1.109032,-0.626279
1.966676,1.108448,-0.63271
1.969307,1.104648,-0.621163
1.963461,1.099678,-0.624233
1.968723,1.105232,-0.630956
1.966676,1.104648,-0.618533
1.959661,1.099094,-0.618825
1.96843,1.105817,-0.629494
1.967846,1.10494,-0.628763
1.966969,1.105232,-0.631394
1.971938,1.109617,-0.624086
1.96843,1.103771,-0.613271
1.960538,1.103186,-0.632564
1.967553,1.103186,-0.62584
1.96843,1.104063,-0.62394
1.965507,1.104355,-0.621748
1.967553,1.101432,-0.62394
1.966969,1.100263,-0.623648
1.969892,1.099971,-0.619117
1.967846,1.098801,-0.622333
1.969015,1.099971,-0.629494
1.971353,1.107863,-0.635048
1.969892,1.107571,-0.631248
1.963169,1.106109,-0.635048
1.968723,1.109325,-0.631394
1.970477,1.105525,-0.628325
1.965799,1.109325,-0.632856
1.967261,1.107863,-0.627156
1.966969,1.103771,-0.621017
1.971061,1.106402,-0.624233
1.969599,1.099971,-0.628763
1.967261,1.094417,-0.624233
1.973107,1.104648,-0.620433
1.972523,1.099971,-0.621602
1.966384,1.099386,-0.620433
1.967261,1.107279,-0.630225
1.969307,1.11254,-0.626279
1.965215,1.105525,-0.625548
1.965799,1.10874,-0.625256
1.967261,1.104063,-0.63081
1.973107,1.106109,-0.63271
1.969015,1.111079,-0.622479
1.960245,1.102309,-0.622917
1.970477,1.107279,-0.619848
1.964923,1.101725,-0.628325
1.964046,1.105525,-0.627302
1.963461,1.103479,-0.620871
1.96463,1.10494,-0.631394
1.965507,1.104648,-0.641918
1.971938,1.102894,-0.635048
1.964046,1.095878,-0.629787
1.961707,1.111079,-0.629494
1.964046,1.100555,-0.619994
1.962292,1.104648,-0.628471
1.962292,1.103186,-0.635341
1.96083,1.106694,-0.633587
1.958492,1.099386,-0.630225
1.95703,1.100555,-0.627302
1.959953,1.104355,-0.660918
1.958199,1.101725,-0.628471
1.966384,1.094417,-0.634025
1.96463,1.095586,-0.628033
1.963169,1.102017,-0.640456
1.964046,1.096755,-0.623356
1.964338,1.104063,-0.628325
1.966676,1.104355,-0.630517
1.970184,1.10494,-0.622625
1.966384,1.107571,-0.629202
1.969015,1.107571,-0.625256
1.965215,1.105817,-0.642064
1.969599,1.112833,-0.624525
1.964338,1.106402,-0.632417
1.965215,1.103771,-0.641333
1.968723,1.102017,-0.63154
1.965799,1.109909,-0.633294
1.960245,1.102309,-0.637679
1.96463,1.102894,-0.634025
1.969015,1.107571,-0.633733
1.961415,1.106694,-0.632271
1.962292,1.107863,-0.630079
1.973692,1.108448,-0.622625
1.965799,1.102894,-0.626133
1.966092,1.10874,-0.620725
1.958199,1.105817,-0.618386
1.966969,1.106986,-0.627156
1.964923,1.107279,-0.629348
1.961999,1.101725,-0.621456
1.964046,1.109909,-0.626571
1.96843,1.103186,-0.635341
1.964923,1.100263,-0.629202
1.964923,1.107279,-0.632271
1.966969,1.103771,-0.628179
1.965799,1.101432,-0.632564
1.966676,1.109032,-0.631833
1.965799,1.102017,-0.631979
1.964338,1.107279,-0.62774
1.962292,1.102309,-0.627887
1.96463,1.104648,-0.629494
1.959661,1.109032,-0.616925
1.963753,1.104355,-0.626717
1.965799,1.102602,-0.630664
1.96083,1.104063,-0.620871
1.957907,1.105232,-0.63271
1.966969,1.108155,-0.62701
1.967261,1.096755,-0.630079
1.961415,1.106694,-0.599678
1.964338,1.106402,-0.627302
1.967846,1.104355,-0.667641
1.961123,1.10494,-0.62131
1.966092,1.11254,-0.669249
1.966384,1.103479,-0.625402
1.958199,1.102894,-0.634902
1.959369,1.102602,-0.630371
1.956738,1.110494,-0.62321
1.966092,1.103479,-0.619702
1.961415,1.102894,-0.622479
1.96083,1.106986,-0.638994
1.962876,1.105232,-0.628471
1.963753,1.114586,-0.630225
1.966092,1.107863,-0.630956
1.969599,1.112833,-0.618679
1.973107,1.111371,-0.627302
1.966092,1.110494,-0.628325
1.967846,1.10874,-0.62321
1.967846,1.110202,-0.631248
1.963169,1.117217,-0.62701
1.964923,1.117509,-0.628763
1.966384,1.104063,-0.631394
1.96463,1.111079,-0.631394
1.966384,1.112833,-0.62701
1.971353,1.111079,-0.629056
1.967553,1.110494,-0.632564
1.969307,1.105525,-0.634025
1.975738,1.102602,-0.628325
1.971938,1.10874,-0.631979
1.968723,1.105232,-0.634317
1.973692,1.105817,-0.63344
1.969307,1.116633,-0.624817
1.969892,1.109617,-0.636217
1.964338,1.111371,-0.628617
1.971938,1.104355,-0.624525
1.95703,1.107863,-0.630956
1.966676,1.10494,-0.633294
1.96083,1.099094,-0.636802
1.966676,1.107279,-0.629933
1.963753,1.108448,-0.634171
1.959661,1.103771,-0.619117
1.960245,1.100263,-0.632271
1.963461,1.105525,-0.626133
1.96843,1.105525,-0.639287
1.961999,1.101725,-0.63271
1.960245,1.109909,-0.636948
1.961999,1.108155,-0.631102
1.965215,1.107279,-0.641187
1.958492,1.106402,-0.636071
1.958199,1.100555,-0.633587
1.967846,1.114879,-0.671149
1.968723,1.111079,-0.641771
1.959076,1.114294,-0.633002
1.959369,1.11634,-0.634025
1.965215,1.115171,-0.637679
1.963169,1.111371,-0.62891
1.96463,1.105525,-0.628763
1.964923,1.112248,-0.64221
1.959369,1.106986,-0.628763
1.965799,1.111371,-0.633148
1.964923,1.109909,-0.629933
1.954399,1.102894,-0.63154
1.962876,1.115756,-0.626571
1.963461,1.109909,-0.638702
1.965799,1.107863,-0.627302
1.965507,1.109617,-0.64031
1.959076,1.104355,-0.630225
1.961707,1.110494,-0.630517
1.962584,1.103771,-0.635048
1.966092,1.109909,-0.633002
1.962292,1.105525,-0.633879
1.961123,1.109909,-0.628471
1.971646,1.117802,-0.64221
1.961415,1.11254,-0.645425
1.960245,1.102894,-0.635779
1.959076,1.107279,-0.635048
1.961123,1.110786,-0.632856
1.961123,1.113125,-0.63841
1.96083,1.114002,-0.640018
1.961123,1.111663,-0.63841
1.960538,1.116048,-0.633294
1.955861,1.112833,-0.633879
1.96083,1.115463,-0.639141
1.967846,1.109617,-0.638994
1.958492,1.114002,-0.640748
1.956738,1.104063,-0.641625
1.964338,1.113125,-0.633733
1.958199,1.114294,-0.624525
1.967261,1.109617,-0.636071
1.957615,1.113709,-0.647618
1.954399,1.105817,-0.638994
1.959661,1.109617,-0.63154
1.952061,1.110786,-0.644841
1.952938,1.107863,-0.630664
1.955276,1.111956,-0.627302
1.958199,1.106986,-0.639141
1.957907,1.107863,-0.635487
1.956445,1.113125,-0.645133
1.95703,1.115756,-0.644987
1.953815,1.115171,-0.640602
1.951184,1.109909,-0.638264
1.959369,1.110786,-0.641918
1.955569,1.106402,-0.636217
1.962876,1.109325,-0.638848
1.962292,1.110786,-0.605817
1.961707,1.115756,-0.636948
1.961999,1.11254,-0.629202
1.964046,1.109325,-0.626863
1.961999,1.109032,-0.642064
1.962292,1.106109,-0.63344
1.959953,1.109325,-0.626717
1.961415,1.109325,-0.640018
1.959369,1.109325,-0.643087
1.956738,1.106986,-0.639287
1.960245,1.112248,-0.640018
1.962584,1.116048,-0.635633
1.954107,1.115171,-0.638117
1.959953,1.112833,-0.638117
1.962292,1.111956,-0.638264
1.953522,1.111956,-0.635048
1.963753,1.116048,-0.630079
1.959953,1.109909,-0.64601
1.960538,1.111371,-0.63651
1.957322,1.114294,-0.63344
1.955569,1.106694,-0.631833
1.968138,1.113125,-0.627302
1.956738,1.117509,-0.638264
1.960538,1.116633,-0.631833
1.955276,1.111663,-0.628033
1.966969,1.106402,-0.638117
1.969307,1.112833,-0.639579
1.962292,1.10494,-0.627887
1.961123,1.11254,-0.627448
1.960245,1.111663,-0.626571
1.965215,1.107279,-0.645864
1.955861,1.111956,-0.654487
1.961999,1.107863,-0.63081
1.961999,1.111956,-0.633002
1.958784,1.114879,-0.630225
1.959661,1.110786,-0.643087
1.961123,1.105817,-0.637387
1.954399,1.108448,-0.639579
1.961999,1.105525,-0.640894
1.957907,1.109325,-0.638994
1.962876,1.10494,-0.641333
1.961123,1.116633,-0.642502
1.961999,1.109325,-0.635779
1.966676,1.111663,-0.64791
1.961123,1.114294,-0.635779
1.965507,1.109032,-0.60874
1.958492,1.109617,-0.639141
1.963753,1.107279,-0.673195
1.965799,1.107863,-0.638264
1.969599,1.113709,-0.637971
1.968723,1.105232,-0.641771
1.967553,1.110494,-0.641187
1.957907,1.113125,-0.626717
1.957615,1.098801,-0.640164
1.964338,1.109032,-0.639579
1.961415,1.111371,-0.627156
1.966676,1.117217,-0.642648
1.96463,1.107863,-0.637533
1.959369,1.110202,-0.629933
1.96083,1.108448,-0.643818
1.961415,1.110202,-0.647325
1.964338,1.111371,-0.641333
1.962292,1.111956,-0.636364
1.961999,1.112248,-0.64791
1.96463,1.11254,-0.635487
1.965799,1.11634,-0.639433
1.964923,1.110786,-0.626863
1.963461,1.115756,-0.639579
1.954107,1.114002,-0.649079
1.961415,1.115171,-0.643379
1.954984,1.11254,-0.639871
1.952645,1.115756,-0.637971
1.958492,1.113125,-0.638994
1.964046,1.117217,-0.647325
1.959953,1.109032,-0.643087
1.959076,1.11254,-0.640456
1.96463,1.110202,-0.636071
1.951476,1.108448,-0.640748
1.955276,1.104063,-0.640164
1.955861,1.104648,-0.64031
1.949722,1.105525,-0.654487
1.950307,1.107279,-0.643671
1.954399,1.118386,-0.637094
1.956738,1.110494,-0.63841
1.95323,1.111663,-0.639141
1.955569,1.107279,-0.642356
1.957907,1.104063,-0.650248
1.959369,1.111956,-0.647179
1.963753,1.109325,-0.649372
1.961415,1.105817,-0.641333
1.954984,1.112248,-0.636071
1.957322,1.114002,-0.651418
1.96463,1.110202,-0.650541
1.956445,1.110786,-0.650102
1.962876,1.114879,-0.642941
1.961999,1.119556,-0.64221
1.956738,1.114002,-0.644987
1.947384,1.114002,-0.645425
1.958784,1.115171,-0.610494
1.955861,1.112248,-0.649664
1.956445,1.112248,-0.65931
1.952353,1.111956,-0.649664
1.959076,1.109032,-0.648641
1.959661,1.106109,-0.648933
1.954399,1.112833,-0.648933
1.946799,1.11254,-0.642794
1.954692,1.107279,-0.65741
1.952645,1.110786,-0.650979
1.961123,1.116048,-0.65361
1.958784,1.115756,-0.641333
1.959369,1.110786,-0.639579
1.950599,1.103771,-0.653318
1.951769,1.115171,-0.643964
1.961415,1.114879,-0.643818
1.961415,1.116048,-0.635341
1.962292,1.116633,-0.636364
1.959953,1.111663,-0.639871
1.958492,1.109617,-0.647764
1.949722,1.107863,-0.642064
1.958784,1.114294,-0.637971
1.950891,1.105232,-0.639725
1.946215,1.114294,-0.643818
1.957322,1.109909,-0.648202
1.953815,1.10494,-0.629787
1.958784,1.106694,-0.642648
1.956153,1.104355,-0.642941
1.95703,1.098509,-0.646887
1.954984,1.106694,-0.641333
1.952645,1.112248,-0.631979
1.956153,1.106986,-0.637679
1.95703,1.109617,-0.646887
1.950015,1.115171,-0.648348
1.959369,1.108155,-0.63651
1.959953,1.109617,-0.634025
1.962292,1.106402,-0.629056
1.956153,1.106109,-0.640894
1.955861,1.10494,-0.642064
1.952938,1.106109,-0.652002
1.953522,1.109909,-0.644548
1.958492,1.107863,-0.64031
1.959076,1.108448,-0.639287
1.956738,1.111079,-0.641479
1.954984,1.104063,-0.644548
1.967553,1.109617,-0.637825
1.958492,1.113417,-0.641771
1.961123,1.114002,-0.641041
1.958784,1.116048,-0.639579
1.96463,1.111079,-0.648787
1.959953,1.11634,-0.647471
1.957615,1.11254,-0.636802
1.959661,1.10874,-0.672903
1.957615,1.111371,-0.646595
1.962292,1.115171,-0.636948
1.956738,1.109325,-0.647471
1.95323,1.110786,-0.637094
1.956445,1.110494,-0.652002
1.959953,1.106986,-0.65361
1.959953,1.113125,-0.642794
1.955569,1.114002,-0.635048
1.959661,1.114879,-0.650395
1.956738,1.106109,-0.644402
1.959661,1.107863,-0.636802
1.959953,1.113709,-0.632564
1.957322,1.114002,-0.64411
1.963753,1.110202,-0.637971
1.956153,1.109325,-0.64791
1.952645,1.109909,-0.646887
1.959076,1.111079,-0.64791
1.957322,1.111663,-0.639871
1.961415,1.109617,-0.653902
1.954984,1.117217,-0.637241
1.958199,1.113709,-0.643525
1.95703,1.113125,-0.645718
1.957907,1.112248,-0.650833
1.954107,1.106694,-0.64031
1.960538,1.109032,-0.636364
1.954399,1.115756,-0.639287
1.95703,1.113709,-0.647471
1.957322,1.114586,-0.641041
1.95703,1.113125,-0.635779
1.960538,1.11634,-0.638702
1.956445,1.111663,-0.653025
1.954107,1.117217,-0.639871
1.955276,1.113709,-0.632417
1.951476,1.120725,-0.638556
1.956445,1.107279,-0.635633
1.959953,1.118094,-0.638264
1.952938,1.114294,-0.636364
1.953522,1.112833,-0.640894
1.958784,1.108155,-0.639871
1.96083,1.109617,-0.647618
1.960245,1.107863,-0.640018
1.962292,1.110494,-0.647618
1.959953,1.117217,-0.636071
1.957615,1.111371,-0.628617
1.957322,1.114294,-0.653318
1.95703,1.117217,-0.634902
1.96083,1.109325,-0.640456
1.958784,1.11254,-0.639433
1.959369,1.109325,-0.64221
1.957615,1.115756,-0.638848
1.956153,1.111371,-0.637533
1.960245,1.118386,-0.640748
1.956153,1.107863,-0.643233
1.964338,1.150541,-0.636948
1.952645,1.115756,-0.64981
1.954984,1.117217,-0.639287
1.951184,1.113125,-0.640456
1.952645,1.118094,-0.651125
1.950891,1.108448,-0.651856
1.949138,1.110494,-0.642941
1.96083,1.116633,-0.640018
1.954984,1.117217,-0.639287
1.951769,1.113125,-0.649079
1.95703,1.117802,-0.643379
1.954984,1.111371,-0.654487
1.952061,1.118971,-0.653172
1.954107,1.118971,-0.642502
1.963753,1.12131,-0.633148
1.951769,1.122479,-0.651564
1.957615,1.116633,-0.647471
1.959369,1.117509,-0.64221
1.955569,1.121602,-0.644402
1.957322,1.108155,-0.647325
1.960538,1.115756,-0.654049
1.955276,1.113125,-0.655802
1.953815,1.114294,-0.644256
1.954984,1.123648,-0.648056
1.954692,1.116048,-0.648641
1.95703,1.119263,-0.654633
1.956738,1.116925,-0.648202
1.964338,1.110494,-0.639871
1.96083,1.115171,-0.637241
1.959661,1.115756,-0.652002
1.962292,1.116925,-0.646448
1.95323,1.118679,-0.649956
1.951769,1.116925,-0.650979
1.957615,1.117802,-0.641333
1.953815,1.11634,-0.637533
1.952061,1.114879,-0.650102
1.954984,1.11634,-0.657556
1.964338,1.122187,-0.644548
1.950307,1.109617,-0.646448
1.958784,1.115756,-0.659018
1.955861,1.115463,-0.644548
1.954107,1.114879,-0.660041
1.956445,1.118094,-0.656533
1.954692,1.114294,-0.638848
1.956153,1.111371,-0.655364
1.957615,1.118094,-0.649372
1.950015,1.117802,-0.652441
1.958199,1.115171,-0.656972
1.951769,1.110786,-0.651272
1.961415,1.114294,-0.656387
1.949138,1.109032,-0.650541
1.955861,1.11254,-0.631979
1.95323,1.115756,-0.654925
1.952645,1.111079,-0.656095
1.955569,1.111371,-0.643233
1.953522,1.124525,-0.65551
1.948261,1.109032,-0.650833
1.952645,1.114879,-0.654925
1.959076,1.116048,-0.657849
1.955569,1.117217,-0.65551
1.960538,1.106109,-0.652587
1.957907,1.12394,-0.661502
1.952061,1.118971,-0.654049
1.94943,1.115756,-0.655364
1.956445,1.113125,-0.649956
1.959661,1.112248,-0.658141
1.947968,1.111956,-0.644548
1.952645,1.122187,-0.636948
1.956445,1.116633,-0.646741
1.952645,1.117802,-0.645133
1.954984,1.116048,-0.654341
1.954107,1.116925,-0.648641
1.952938,1.114002,-0.654049
1.954399,1.113417,-0.64791
1.954107,1.117217,-0.652148
1.959369,1.115463,-0.657264
1.953522,1.120433,-0.652002
1.962584,1.12131,-0.646741
1.956153,1.118386,-0.649372
1.959661,1.116925,-0.651125
1.958492,1.112833,-0.650102
1.957907,1.114586,-0.647325
1.958784,1.118679,-0.656679
1.958199,1.110494,-0.660041
1.953815,1.114586,-0.645864
1.956153,1.114294,-0.662087
1.952353,1.124233,-0.655072
1.951769,1.117509,-0.657118
1.961123,1.111663,-0.661941
1.958492,1.120433,-0.659018
1.965507,1.111956,-0.650395
1.953522,1.112833,-0.650248
1.954984,1.111663,-0.653025
1.960538,1.114879,-0.652295
1.961999,1.116633,-0.658433
1.959661,1.113709,-0.659164
1.965215,1.116925,-0.648641
1.963753,1.120433,-0.65361
1.96463,1.117217,-0.653318
1.957322,1.116925,-0.650395
1.967846,1.126571,-0.659018
1.959076,1.117217,-0.659018
1.960245,1.114879,-0.656241
1.958199,1.115756,-0.646156
1.95703,1.116048,-0.648056
1.957615,1.116925,-0.653902
1.966092,1.117802,-0.644841
1.955276,1.112833,-0.642502
1.967553,1.117802,-0.641771
1.958492,1.113125,-0.648641
1.96083,1.112833,-0.639725
1.957322,1.118094,-0.643087
1.954984,1.120433,-0.64981
1.96083,1.115463,-0.647764
1.960245,1.110202,-0.646887
1.963753,1.107571,-0.65171
1.962584,1.110494,-0.653025
1.958492,1.116048,-0.652002
1.96083,1.120433,-0.640748
1.966384,1.113417,-0.641625
1.959661,1.122187,-0.651856
1.959953,1.12131,-0.65361
1.959661,1.124525,-0.64221
1.963461,1.11634,-0.644256
1.953815,1.119848,-0.64221
1.954984,1.121017,-0.652441
1.959076,1.116925,-0.659164
1.955276,1.122187,-0.655802
1.963461,1.121602,-0.656825
1.962876,1.115463,-0.658579
1.961707,1.113709,-0.658726
1.954984,1.112248,-0.664133
1.957907,1.117509,-0.660479
1.960245,1.121602,-0.654195
1.957615,1.116048,-0.652148
1.957615,1.114294,-0.659164
1.958492,1.117802,-0.655072
1.953522,1.121602,-0.664133
1.960245,1.119556,-0.644695
1.957615,1.121017,-0.660918
1.954984,1.116633,-0.64981
1.958784,1.126863,-0.661502
1.957322,1.109325,-0.658579
1.956445,1.117217,-0.657995
1.958784,1.12014,-0.659602
1.962584,1.119848,-0.667203
1.950307,1.115171,-0.657849
1.949138,1.117217,-0.65171
1.953522,1.120725,-0.661356
1.954984,1.125402,-0.654341
1.96083,1.134464,-0.657702
1.962292,1.122187,-0.651856
1.959661,1.12774,-0.654487
1.956738,1.124525,-0.658287
1.953522,1.118094,-0.655218
1.961999,1.128033,-0.668226
1.957907,1.131541,-0.667203
1.96083,1.124525,-0.657995
1.957615,1.125987,-0.667641
1.966969,1.125402,-0.644695
1.962292,1.121602,-0.642794
1.95323,1.120725,-0.651272
1.955861,1.12014,-0.658141
1.959076,1.159018,-0.65551
1.951476,1.123356,-0.672172
1.955861,1.125987,-0.656972
1.958784,1.12131,-0.671441
1.957615,1.118094,-0.658726
1.958784,1.123356,-0.662379
1.955861,1.120725,-0.654341
1.959369,1.126863,-0.671587
1.957322,1.120725,-0.664572
1.961415,1.124233,-0.656679
1.952061,1.126571,-0.646887
1.957907,1.125694,-0.648641
1.958199,1.12014,-0.647179
1.961123,1.121894,-0.657264
1.953522,1.118971,-0.656533
1.957322,1.118679,-0.644987
1.959661,1.117802,-0.652002
1.955276,1.121602,-0.654487
1.956153,1.122771,-0.654779
1.950599,1.116633,-0.661502
1.955569,1.111371,-0.662964
1.965507,1.122187,-0.665303
1.954984,1.119556,-0.665595
1.957615,1.114879,-0.659456
1.959369,1.118679,-0.656533
1.952061,1.114002,-0.661356
1.948553,1.116048,-0.666326
1.96083,1.122187,-0.646887
1.960538,1.116925,-0.665741
1.954984,1.112833,-0.655072
1.957322,1.114294,-0.651272
1.954984,1.119848,-0.652587
1.954399,1.117509,-0.663549
1.952061,1.115463,-0.658872
1.95703,1.126279,-0.650102
1.957322,1.125402,-0.654049
1.957907,1.12014,-0.666326
1.959953,1.115171,-0.654633
1.956738,1.126571,-0.657995
1.957322,1.12014,-0.656825
1.961123,1.127448,-0.665741
1.965507,1.118971,-0.662526
1.954984,1.114879,-0.661649
1.955569,1.125402,-0.659456
1.961123,1.126863,-0.667933
1.955569,1.122771,-0.650833
1.959661,1.125987,-0.660041
1.963169,1.12394,-0.650248
1.959661,1.128033,-0.661356
1.959369,1.125987,-0.659602
1.958199,1.124817,-0.662526
1.956738,1.118386,-0.659456
1.961415,1.124233,-0.662087
1.960245,1.126863,-0.656095
1.959076,1.123648,-0.64981
1.955569,1.114879,-0.644841
1.950015,1.113709,-0.663841
1.954692,1.11634,-0.660479
1.960245,1.117217,-0.658433
1.956738,1.123063,-0.650833
1.963461,1.120725,-0.656095
1.956445,1.125402,-0.648933
1.949138,1.121017,-0.667056
1.956738,1.122771,-0.674803
1.950307,1.125694,-0.656679
1.961415,1.121017,-0.661502
1.957907,1.124817,-0.659164
1.957907,1.121602,-0.661795
1.951476,1.124233,-0.66121
1.952353,1.120725,-0.663549
1.952353,1.117217,-0.661649
1.957615,1.119848,-0.662526
1.952353,1.12131,-0.668079
1.949722,1.12131,-0.658433
1.959076,1.118094,-0.654925
1.952353,1.116633,-0.664718
1.956153,1.123063,-0.656679
1.953815,1.117217,-0.667349
1.955276,1.11634,-0.66311
1.958784,1.114002,-0.666033
1.954984,1.123648,-0.657556
1.959661,1.123063,-0.661649
1.948553,1.12131,-0.654195
1.958492,1.118679,-0.654341
1.952645,1.114879,-0.663841
1.951184,1.114002,-0.662087
1.956738,1.114879,-0.658433
1.952645,1.122771,-0.653318
1.956445,1.119263,-0.649079
1.950599,1.12131,-0.66501
1.949722,1.11634,-0.662818