ch1,ch2,ch3
1.915229,1.224788,-0.67451
1.920199,1.219526,-0.662087
1.914353,1.218942,-0.661502
1.922537,1.208126,-0.657264
1.913476,1.211926,-0.661649
1.920783,1.208419,-0.65741
1.920783,1.210172,-0.653318
1.913183,1.208419,-0.648056
1.921368,1.206665,-0.645425
1.923414,1.204911,-0.648348
1.925168,1.199942,-0.641479
1.922537,1.198772,-0.641041
1.915814,1.181526,-0.647471
1.926045,1.193218,-0.646741
1.916399,1.190295,-0.646741
1.92546,1.191757,-0.630664
1.917568,1.17948,-0.635194
1.923707,1.177433,-0.62701
1.915522,1.176264,-0.63344
1.919614,1.179772,-0.624379
1.919906,1.173926,-0.629348
1.920783,1.172172,-0.617656
1.918737,1.169249,-0.622333
1.920491,1.164864,-0.614879
1.920783,1.166326,-0.624086
1.921953,1.167787,-0.622771
1.922537,1.159895,-0.61444
1.917568,1.157264,-0.614294
1.926922,1.161356,-0.619263
1.918153,1.155802,-0.619556
1.919322,1.154633,-0.613709
1.914937,1.152587,-0.606694
1.918153,1.145571,-0.606694
1.915814,1.146448,-0.613709
1.914645,1.149664,-0.600555
1.91406,1.141187,-0.608009
1.910553,1.142356,-0.598948
1.917276,1.137679,-0.594709
1.903245,1.140602,-0.605086
1.908214,1.136217,-0.604794
1.909675,1.134464,-0.593248
1.910845,1.127448,-0.591201
1.901783,1.134756,-0.586524
1.904999,1.136217,-0.592517
1.90646,1.136802,-0.592663
1.89886,1.132417,-0.590909
1.908506,1.132125,-0.58404
1.941538,1.133294,-0.599094
1.896521,1.129494,-0.581994
1.90266,1.127448,-0.579947
1.898568,1.125694,-0.591494
1.899737,1.124817,-0.588132
1.894768,1.123648,-0.583309
1.893306,1.118386,-0.584771
1.894475,1.127156,-0.580824
1.888629,1.117509,-0.587547
1.882783,1.116633,-0.583309
1.885706,1.115171,-0.603917
1.87986,1.114879,-0.587255
1.876644,1.121602,-0.58214
1.877229,1.123648,-0.581555
1.871967,1.119848,-0.597194
1.876644,1.11634,-0.593248
1.871967,1.115171,-0.587547
1.873429,1.115756,-0.587986
1.865244,1.116633,-0.592517
1.866706,1.114294,-0.589009
1.868459,1.121602,-0.594417
1.86349,1.115756,-0.588278
1.866706,1.114586,-0.592078
1.864075,1.116925,-0.595732
1.859105,1.12014,-0.585794
1.85209,1.12014,-0.596317
1.85589,1.120433,-0.59354
1.843321,1.116048,-0.599386
1.850921,1.127448,-0.597486
1.847998,1.130371,-0.59354
1.847121,1.127156,-0.601725
1.847998,1.121894,-0.601578
1.846536,1.127156,-0.597194
1.84449,1.129202,-0.603332
1.845659,1.133294,-0.600263
1.841274,1.130664,-0.60114
1.839228,1.140018,-0.565039
1.836013,1.13651,-0.63154
1.838351,1.133294,-0.633148
1.837474,1.133587,-0.607717
1.82432,1.133587,-0.598509
1.800935,1.137679,-0.607425
1.833674,1.140018,-0.603186
1.866413,1.135341,-0.609471
1.831921,1.143233,-0.609763
1.826951,1.149079,-0.619848
1.830167,1.148202,-0.615756
1.823443,1.144987,-0.611517
1.824028,1.143233,-0.616779
1.82052,1.147325,-0.616486
1.821982,1.152295,-0.61824
1.811166,1.149372,-0.615317
1.819643,1.160772,-0.618386
1.820228,1.146448,-0.617509
1.82169,1.15551,-0.614586
1.816428,1.15171,-0.622333
1.814966,1.15931,-0.627302
1.810289,1.156679,-0.628763
1.812043,1.162526,-0.621748
1.810582,1.158433,-0.636071
1.802397,1.164864,-0.617071
1.812628,1.167787,-0.635194
1.807659,1.160772,-0.623502
1.812628,1.16691,-0.637971
1.808243,1.17568,-0.638994
1.807951,1.170418,-0.647033
1.798597,1.176264,-0.654779
1.810289,1.169833,-0.658726
1.795966,1.181818,-0.645133
1.803859,1.181818,-0.65171
1.799474,1.186203,-0.657995
1.802689,1.188249,-0.652295
1.800643,1.183864,-0.649518
1.80532,1.196434,-0.657118
1.794505,1.196141,-0.663549
1.801812,1.196434,-0.660333
1.79392,1.200234,-0.660626
1.795381,1.200818,-0.67831
1.790412,1.203742,-0.672756
1.795966,1.203157,-0.668956
1.787781,1.207834,-0.672903
1.786612,1.195557,-0.68138
1.784274,1.206665,-0.673487
1.789243,1.216019,-0.668226
1.781935,1.213096,-0.680064
1.794212,1.216311,-0.678164
1.795089,1.218357,-0.679626
1.796551,1.220403,-0.695557
1.794505,1.226542,-0.682549
1.794505,1.21748,-0.687957
1.795674,1.223034,-0.685764
1.783397,1.234727,-0.685764
1.78632,1.233265,-0.688541
1.785443,1.238527,-0.70228
1.783104,1.237065,-0.693949
1.781935,1.239111,-0.695995
1.788366,1.24145,-0.703595
1.791874,1.24525,-0.703595
1.792751,1.247881,-0.700672
1.792751,1.243788,-0.696434
1.782227,1.254312,-0.703449
1.784858,1.254896,-0.713096
1.781935,1.24905,-0.706519
1.786027,1.25285,-0.711926
1.788366,1.258404,-0.723619
1.78632,1.258112,-0.712949
1.788074,1.256065,-0.731365
1.780766,1.257527,-0.719234
1.781643,1.265127,-0.721719
1.785151,1.267758,-0.713096
1.781058,1.267758,-0.72625
1.784858,1.26805,-0.726834
1.783397,1.271558,-0.732096
1.78252,1.285297,-0.732242
1.795381,1.279743,-0.72245
1.78135,1.282374,-0.732973
1.787489,1.281497,-0.737065
1.791581,1.284127,-0.736919
1.787489,1.289974,-0.732534
1.78252,1.286758,-0.750073
1.788658,1.296405,-0.749196
1.786027,1.290558,-0.743788
1.788074,1.28822,-0.746127
1.782812,1.299035,-0.746858
1.792751,1.292897,-0.73765
1.792166,1.289681,-0.747442
1.787781,1.301082,-0.750658
1.798597,1.299035,-0.742181
1.794797,1.30342,-0.746419
1.802689,1.309851,-0.753289
1.800351,1.301666,-0.755042
1.800935,1.301666,-0.761912
1.800643,1.301374,-0.760889
1.802982,1.311312,-0.75475
1.805905,1.307512,-0.757673
1.806489,1.310728,-0.764543
1.805612,1.308097,-0.75855
1.803859,1.308974,-0.761327
1.810874,1.312189,-0.758842
1.800935,1.315697,-0.755189
1.803859,1.315405,-0.770973
1.810582,1.313943,-0.765127
1.801812,1.315113,-0.766004
1.802689,1.31482,-0.759281
1.80912,1.315405,-0.754165
1.805905,1.320082,-0.759281
1.817013,1.329436,-0.751827
1.809412,1.32739,-0.757381
1.813797,1.32242,-0.771412
1.814382,1.327097,-0.773897
1.819351,1.321836,-0.77375
1.82052,1.320959,-0.760304
1.821105,1.322128,-0.761327
1.826367,1.315989,-0.766004
1.818182,1.323005,-0.766443
1.826367,1.315405,-0.767758
1.827536,1.321543,-0.777989
1.830167,1.320374,-0.76045
1.834259,1.319205,-0.766443
1.840105,1.316574,-0.759427
1.84449,1.314236,-0.769512
1.839813,1.318036,-0.770243
1.845659,1.318328,-0.766589
1.842444,1.317451,-0.762058
1.841859,1.318913,-0.754312
1.838351,1.316574,-0.763227
1.850628,1.312482,-0.751388
1.838644,1.311897,-0.757673
1.856182,1.315405,-0.754604
1.850044,1.304882,-0.754019
1.849167,1.31482,-0.748027
1.859982,1.312774,-0.744958
1.854136,1.303712,-0.756358
1.858229,1.305759,-0.761473
1.859398,1.306051,-0.745981
1.861152,1.306635,-0.746565
1.861444,1.308682,-0.780035
1.858229,1.304882,-0.777258
1.868167,1.304589,-0.741011
1.865244,1.304297,-0.741011
1.874306,1.341128,-0.73765
1.865244,1.297574,-0.749781
1.872552,1.29962,-0.737357
1.876352,1.295528,-0.730488
1.875183,1.294943,-0.736773
1.881029,1.292604,-0.741596
1.876937,1.296697,-0.735457
1.875767,1.294358,-0.729173
1.879275,1.287343,-0.729611
1.888337,1.281497,-0.728004
1.884537,1.283543,-0.719526
1.883367,1.281204,-0.721865
1.886583,1.277112,-0.71748
1.891552,1.281204,-0.712657
1.894183,1.270389,-0.707834
1.894183,1.276527,-0.703449
1.893014,1.270096,-0.706226
1.895937,1.263958,-0.706665
1.897983,1.26805,-0.701111
1.903829,1.259281,-0.696141
1.897983,1.259281,-0.697457
1.902075,1.262789,-0.704765
1.900322,1.250512,-0.695118
1.899152,1.256358,-0.699357
1.909383,1.253727,-0.692634
1.901199,1.254312,-0.687226
1.911137,1.250512,-0.687226
1.902368,1.240573,-0.683134
1.912306,1.245542,-0.688249
1.906168,1.243204,-0.68138
1.905875,1.24145,-0.667787
1.911429,1.230634,-0.664864
1.915814,1.236773,-0.678895
1.913183,1.229757,-0.673341
1.912306,1.235019,-0.665303
1.916106,1.235604,-0.660041
1.918445,1.217773,-0.675241
1.916983,1.22245,-0.668518
1.912306,1.214557,-0.660772
1.919906,1.21368,-0.668372
1.912014,1.209003,-0.665887
1.917568,1.215142,-0.663695
1.921953,1.216311,-0.643087
1.925753,1.212511,-0.646887
1.924291,1.196726,-0.65741
1.915522,1.203742,-0.64791
1.919322,1.20228,-0.654049
1.914645,1.197895,-0.644841
1.915814,1.19468,-0.644695
1.920491,1.194972,-0.643818
1.919906,1.188249,-0.636656
1.919322,1.19088,-0.642941
1.916983,1.185326,-0.629933
1.916399,1.182695,-0.62891
1.919906,1.171587,-0.624525
1.917568,1.175095,-0.628325
1.920491,1.17568,-0.625548
1.920199,1.168079,-0.62774
1.923999,1.165449,-0.617071
1.91026,1.159018,-0.612686
1.919322,1.168372,-0.611225
1.919906,1.163695,-0.61444
1.923707,1.157264,-0.612832
1.916691,1.15931,-0.615609
1.918153,1.151418,-0.619263
1.920199,1.153172,-0.615463
1.911137,1.144987,-0.604502
1.918737,1.155218,-0.606255
1.916106,1.142941,-0.605379
1.913476,1.143818,-0.605963
1.912306,1.14411,-0.604063
1.912891,1.136802,-0.600555
1.917568,1.143818,-0.592078
1.919906,1.139725,-0.596025
1.916399,1.135341,-0.596609
1.913768,1.13271,-0.586963
1.909675,1.12891,-0.590471
1.900614,1.130956,-0.590763
1.912306,1.121602,-0.595294
1.906752,1.129202,-0.594855
1.905875,1.130371,-0.589009
1.900906,1.134464,-0.584917
1.897106,1.120433,-0.590471
1.902952,1.131541,-0.595148
1.904706,1.12511,-0.592955
1.895937,1.121602,-0.585355
1.891845,1.125987,-0.580678
1.896814,1.125987,-0.59164
1.894183,1.128617,-0.593978
1.890091,1.12394,-0.577901
1.895937,1.126571,-0.583309
1.892137,1.131248,-0.587547
1.889798,1.120725,-0.57644
1.890968,1.128617,-0.586524
1.887752,1.123063,-0.586671
1.887167,1.125987,-0.584332
1.880444,1.118386,-0.587547
1.883952,1.12891,-0.587986
1.881906,1.129787,-0.57717
1.87226,1.119263,-0.585355
1.880444,1.121602,-0.581701
1.879567,1.116925,-0.581701
1.872844,1.118386,-0.58404
1.876352,1.113709,-0.583601
1.867583,1.118386,-0.589009
1.870506,1.12394,-0.594855
1.863198,1.124233,-0.590471
1.860859,1.118971,-0.586086
1.862321,1.122771,-0.591786
1.864952,1.126571,-0.584478
1.860275,1.118094,-0.602748
1.869336,1.114879,-0.591201
1.869044,1.118386,-0.595001
1.858521,1.125987,-0.586524
1.852382,1.120725,-0.592224
1.850628,1.120433,-0.595148
1.849752,1.118679,-0.592371
1.853259,1.123356,-0.596171
1.847413,1.122187,-0.606402
1.853552,1.130371,-0.599386
1.849459,1.127448,-0.596609
1.849167,1.128617,-0.602163
1.845659,1.131248,-0.59924
1.839521,1.142064,-0.605817
1.843905,1.134464,-0.609325
1.845659,1.135925,-0.602602
1.834551,1.137387,-0.603478
1.834844,1.140895,-0.607717
1.843028,1.14031,-0.607717
1.83689,1.143525,-0.615756
1.836597,1.152002,-0.611079
1.82549,1.142356,-0.614294
1.82169,1.147033,-0.619702
1.82432,1.152879,-0.621748
1.828705,1.150248,-0.619556
1.822274,1.146156,-0.62584
1.819059,1.151418,-0.622625
1.816428,1.154341,-0.60874
1.819351,1.150541,-0.624525
1.819936,1.161941,-0.625694
1.817013,1.16311,-0.630079
1.818766,1.169541,-0.633002
1.819936,1.159602,-0.635487
1.821982,1.166618,-0.62131
1.813797,1.172172,-0.634756
1.808243,1.169249,-0.643087
1.810582,1.168079,-0.638264
1.810874,1.171295,-0.641918
1.812628,1.172172,-0.636802
1.804735,1.180357,-0.641771
1.81292,1.172172,-0.642794
1.804735,1.173633,-0.641187
1.807366,1.181526,-0.656972
1.807366,1.18328,-0.640456
1.799474,1.184741,-0.651564
1.805028,1.181818,-0.644987
1.790704,1.194972,-0.660772
1.80152,1.189711,-0.66501
1.802982,1.19468,-0.653025
1.795966,1.194095,-0.673049
1.80152,1.199649,-0.671441
1.800935,1.199357,-0.666326
1.792166,1.205495,-0.667641
1.791289,1.20228,-0.666472
1.795089,1.210172,-0.668664
1.792458,1.209296,-0.674218
1.79012,1.209588,-0.665449
1.788366,1.220696,-0.682257
1.781643,1.21748,-0.684595
1.786904,1.220403,-0.688249
1.79392,1.215434,-0.688249
1.795381,1.224496,-0.68138
1.784858,1.226542,-0.695411
1.791581,1.224496,-0.687664
1.784274,1.235604,-0.692926
1.788658,1.239111,-0.694972
1.791874,1.229757,-0.690441
1.780766,1.239988,-0.695995
1.783981,1.230342,-0.700672
1.787197,1.238819,-0.704326
1.783981,1.242327,-0.70038
1.78632,1.243496,-0.698188
1.785443,1.251096,-0.694972
1.784566,1.259866,-0.706519
1.788658,1.254604,-0.702718
1.788366,1.256065,-0.717626
1.785735,1.258989,-0.707834
1.787197,1.263958,-0.711196
1.772581,1.259573,-0.716165
1.788366,1.261912,-0.72128
1.786027,1.265712,-0.709734
1.785151,1.261912,-0.719526
1.785735,1.266296,-0.707834
1.787197,1.274773,-0.730342
1.781643,1.274481,-0.732534
1.787489,1.274189,-0.736627
1.786612,1.274773,-0.72888
1.783104,1.26922,-0.732096
1.783981,1.281497,-0.721426
1.781058,1.286758,-0.739111
1.79012,1.283835,-0.727273
1.786904,1.289389,-0.732388
1.797135,1.287051,-0.741742
1.796843,1.294651,-0.748612
1.791874,1.296989,-0.740719
1.795674,1.298158,-0.743935
1.792458,1.298743,-0.749635
1.795966,1.298158,-0.746273
1.797135,1.294943,-0.744665
1.795381,1.301958,-0.750804
1.793335,1.300205,-0.754458
1.802982,1.306343,-0.75095
1.802105,1.304589,-0.756796
1.794505,1.301082,-0.749927
1.795381,1.304297,-0.761912
1.796258,1.306928,-0.763958
1.798305,1.308389,-0.758112
1.795674,1.301082,-0.752996
1.799182,1.301958,-0.763081
1.803274,1.31482,-0.762643
1.799474,1.315989,-0.757381
1.802397,1.313066,-0.761912
1.800935,1.315989,-0.760596
1.810874,1.320082,-0.762204
1.80912,1.314528,-0.760596
1.809997,1.320374,-0.766296
1.812043,1.317743,-0.758404
1.811751,1.32242,-0.752996
1.814966,1.31862,-0.766735
1.817305,1.321251,-0.759281
1.813797,1.31979,-0.763081
1.817013,1.325343,-0.750658
1.817305,1.325928,-0.758989
1.821397,1.323882,-0.768927
1.824613,1.31862,-0.766296
1.823443,1.321251,-0.760742
1.821105,1.323882,-0.770973
1.82169,1.324467,-0.766004
1.82812,1.31862,-0.77112
1.823736,1.321251,-0.767466
1.824905,1.32359,-0.76615
1.829582,1.324467,-0.763373
1.835136,1.322713,-0.757381
1.838644,1.318913,-0.761912
1.836013,1.320082,-0.764104
1.838351,1.320666,-0.76425
1.834551,1.321543,-0.763519
1.82812,1.314528,-0.759719
1.840982,1.320666,-0.756942
1.841859,1.319497,-0.75855
1.841859,1.314528,-0.768635
1.848582,1.318036,-0.758989
1.851505,1.318913,-0.763373
1.84449,1.317743,-0.761327
1.847413,1.320959,-0.765858
1.847705,1.314528,-0.758696
1.852967,1.315405,-0.744373
1.856182,1.313359,-0.745542
1.855013,1.312482,-0.749196
1.862029,1.305466,-0.760158
1.861444,1.310143,-0.744665
1.864659,1.304005,-0.747735
1.86729,1.303128,-0.741596
1.86729,1.298451,-0.738819
1.866998,1.301082,-0.742473
1.869336,1.293774,-0.735019
1.869921,1.298158,-0.734434
1.870506,1.286466,-0.736919
1.874013,1.293481,-0.719965
1.87606,1.285881,-0.726542
1.881321,1.287928,-0.716896
1.882783,1.289389,-0.735896
1.884244,1.284127,-0.720988
1.881029,1.276527,-0.718357
1.884829,1.280035,-0.72245
1.885121,1.281789,-0.718065
1.890675,1.277989,-0.715142
1.892429,1.278574,-0.712219
1.897398,1.280327,-0.705349
1.896229,1.272435,-0.695849
1.899445,1.269804,-0.707542
1.897106,1.265712,-0.703742
1.897106,1.258404,-0.707249
1.897983,1.257235,-0.697165
1.903245,1.254312,-0.699942
1.900029,1.259573,-0.695118
1.906752,1.258404,-0.701403
1.907922,1.25665,-0.699065
1.909383,1.252265,-0.68898
1.903829,1.251681,-0.690295
1.915814,1.253142,-0.695411
1.913183,1.248758,-0.676264
1.904706,1.240865,-0.675972
1.903245,1.232681,-0.678164
1.90646,1.235896,-0.676557
1.913476,1.231804,-0.676118
1.908506,1.238527,-0.678895
1.905875,1.224788,-0.664279
1.916983,1.232681,-0.667933
1.911429,1.227711,-0.658141
1.919614,1.223619,-0.659895
1.916399,1.216311,-0.658726
1.915229,1.211634,-0.662233
1.92166,1.216896,-0.660626
1.915814,1.21865,-0.661502
1.917276,1.214849,-0.662087
1.918737,1.208711,-0.654049
1.91406,1.208419,-0.65361
1.918153,1.197895,-0.653172
1.924291,1.203742,-0.644548
1.918737,1.193803,-0.638117
1.922245,1.184741,-0.645571
1.918737,1.200526,-0.628763
1.916399,1.190588,-0.628763
1.91406,1.18708,-0.628471
1.923122,1.184741,-0.626571
1.916691,1.184157,-0.627448
1.91786,1.183864,-0.629056
1.916691,1.169833,-0.630371
1.913183,1.178895,-0.626425
1.920783,1.175095,-0.622333
1.919906,1.174218,-0.619263
1.919322,1.172757,-0.611663
1.925753,1.17071,-0.620725
1.913768,1.162526,-0.611079
1.913768,1.165741,-0.607279
1.914937,1.164864,-0.609471
1.915522,1.158726,-0.607571
1.914353,1.156387,-0.615171
1.915229,1.156972,-0.605232
1.912891,1.145279,-0.605086
1.912891,1.156679,-0.605817
1.909675,1.144987,-0.599971
1.905583,1.143818,-0.610932
1.899445,1.135341,-0.614148
1.906168,1.140895,-0.608594
1.904999,1.137387,-0.605817
1.905875,1.139725,-0.597925
1.908799,1.140018,-0.598071
1.900029,1.142356,-0.589009
1.909383,1.135341,-0.59544
1.904706,1.129202,-0.595001
1.903245,1.133294,-0.593832
1.901199,1.128033,-0.593978
1.901199,1.131833,-0.588863
1.900614,1.125987,-0.586086
1.899152,1.134171,-0.588278
1.897106,1.127156,-0.57644
1.894768,1.123063,-0.576001
1.887167,1.12131,-0.585794
1.89126,1.12014,-0.57644
1.888044,1.121894,-0.57264
1.891845,1.121894,-0.57834
1.892137,1.122187,-0.575855
1.889214,1.125694,-0.581263
1.890091,1.118386,-0.587547
1.881321,1.12014,-0.592517
1.888044,1.11634,-0.58024
1.885414,1.117217,-0.576732
1.879567,1.151125,-0.57264
1.881906,1.121017,-0.585647
1.877229,1.118679,-0.587255
1.871383,1.12014,-0.586817
1.879567,1.122187,-0.596901
1.868167,1.124817,-0.590178
1.870798,1.113417,-0.582724
1.867875,1.121894,-0.58097
1.865536,1.11634,-0.584771
1.871967,1.122479,-0.58974
1.869336,1.118679,-0.595294
1.862906,1.121602,-0.576586
1.861736,1.116633,-0.587109
1.856475,1.12131,-0.583017
1.85969,1.121017,-0.576001
1.860859,1.122187,-0.590032
1.863198,1.121894,-0.583747
1.857644,1.122187,-0.596463
1.854429,1.122771,-0.587109
1.849167,1.131248,-0.585501
1.845659,1.126571,-0.596025
1.844782,1.129494,-0.588132
1.845075,1.123648,-0.592955
1.850921,1.132417,-0.600409
1.843613,1.132125,-0.598655
1.838059,1.130956,-0.594124
1.832797,1.128033,-0.598655
1.834844,1.132417,-0.600409
1.833674,1.135341,-0.604063
1.830167,1.133002,-0.609763
1.831336,1.140602,-0.60874
1.835428,1.140602,-0.610494
1.823151,1.142356,-0.605379
1.831336,1.142064,-0.613563
1.82812,1.145864,-0.613125
1.828413,1.149079,-0.620871
1.829874,1.138848,-0.616925
1.82169,1.14031,-0.613417
1.828997,1.154633,-0.631833
1.827828,1.149664,-0.620871
1.816136,1.150248,-0.628325
1.814089,1.154633,-0.621894
1.824613,1.149956,-0.617071
1.818182,1.156387,-0.626425
1.814674,1.161064,-0.623356
1.814674,1.160772,-0.629933
1.813797,1.148787,-0.636217
1.806782,1.155218,-0.63154
1.808535,1.158141,-0.627302
1.804151,1.166326,-0.629787
1.80912,1.170126,-0.626571
1.810874,1.165449,-0.64031
1.80912,1.170418,-0.644987
1.811751,1.16691,-0.641187
1.804443,1.172464,-0.648056
1.800935,1.17568,-0.648056
1.802397,1.183572,-0.649079
1.79772,1.17948,-0.652879
1.801228,1.178895,-0.649518
1.803274,1.190295,-0.652587
1.804151,1.188834,-0.667056
1.792751,1.188541,-0.659456
1.79772,1.193511,-0.661064
1.800643,1.195849,-0.661795
1.797428,1.208419,-0.66121
1.800643,1.198188,-0.663987
1.79772,1.201988,-0.676264
1.791289,1.201111,-0.659456
1.786904,1.203742,-0.673195
1.796258,1.215726,-0.677287
1.79012,1.214849,-0.673195
1.798597,1.22128,-0.683426
1.795966,1.209296,-0.684011
1.789535,1.215434,-0.683864
1.788074,1.214265,-0.695703
1.785443,1.214849,-0.678457
1.785151,1.223327,-0.681087
1.786904,1.228588,-0.684011
1.790704,1.228588,-0.693657
1.789243,1.22888,-0.688249
1.787197,1.231511,-0.694826
1.785151,1.239696,-0.699357
1.780766,1.237942,-0.699795
1.786027,1.237942,-0.696141
1.791581,1.242327,-0.696141
1.787781,1.24525,-0.703157
1.785735,1.243204,-0.703742
1.795381,1.254019,-0.710611
1.788074,1.250512,-0.709588
1.78135,1.253142,-0.707395
1.777258,1.253727,-0.716457
1.777843,1.251096,-0.716311
1.783104,1.255481,-0.710903
1.785443,1.257527,-0.709149
1.786612,1.266589,-0.723765
1.786027,1.266589,-0.720403
1.783981,1.262789,-0.724057
1.788658,1.267758,-0.72318
1.788074,1.267466,-0.732388
1.782812,1.277112,-0.728004
1.785151,1.275066,-0.723911
1.791581,1.277697,-0.730634
1.787197,1.280912,-0.735311
1.785735,1.279743,-0.736773
1.783689,1.279158,-0.741011
1.786612,1.282958,-0.733557
1.785735,1.282374,-0.740573
1.792458,1.285297,-0.744811
1.783104,1.289389,-0.742034
1.787197,1.29582,-0.754312
1.788366,1.292604,-0.746565
1.789828,1.30342,-0.74905
1.791289,1.289097,-0.747735
1.785151,1.291728,-0.754312
1.788074,1.297282,-0.749196
1.793043,1.296697,-0.744519
1.796843,1.308389,-0.755335
1.795381,1.297282,-0.752558
1.791581,1.300497,-0.761181
1.797135,1.299035,-0.756942
1.796843,1.302543,-0.754896
1.799182,1.306635,-0.76045
1.801228,1.308389,-0.756504
1.795381,1.309851,-0.771558
1.808535,1.305466,-0.759427
1.806489,1.31482,-0.763812
1.812336,1.308682,-0.76615
1.806782,1.308974,-0.770096
1.80912,1.310728,-0.762204
1.805905,1.323005,-0.767904
1.802689,1.310143,-0.757381
1.810582,1.312189,-0.759135
1.811751,1.31979,-0.763666
1.817597,1.314236,-0.755773
1.818182,1.317743,-0.760889
1.813797,1.314528,-0.754604
1.815259,1.31482,-0.764396
1.815843,1.313066,-0.754165
1.814089,1.320374,-0.759719
1.820813,1.310728,-0.77302
1.82812,1.318328,-0.767173
1.822859,1.316866,-0.761035
1.820813,1.331482,-0.763666
1.829874,1.320374,-0.758696
1.827828,1.315989,-0.763227
1.830459,1.315989,-0.76805
1.831921,1.315405,-0.769073
1.835428,1.320082,-0.766296
1.837182,1.320374,-0.766004
1.836597,1.315113,-0.769804
1.833674,1.313943,-0.764396
1.847121,1.320959,-0.758842
1.839813,1.318913,-0.759427
1.845951,1.316866,-0.767173
1.84829,1.31482,-0.77185
1.848582,1.317743,-0.759573
1.856767,1.309559,-0.74715
1.847121,1.307805,-0.746565
1.852967,1.306051,-0.742327
1.85589,1.308974,-0.747735
1.857936,1.308682,-0.744227
1.861736,1.31482,-0.746273
1.862321,1.308974,-0.736481
1.862906,1.298158,-0.747442
1.861444,1.298743,-0.743204
1.86729,1.297866,-0.74715
1.865536,1.301958,-0.743642
1.86729,1.295235,-0.738673
1.871383,1.294651,-0.738088
1.870213,1.293189,-0.736627
1.876644,1.299035,-0.743642
1.87869,1.295235,-0.728004
1.876937,1.291728,-0.739988
1.874306,1.296989,-0.736042
1.87489,1.282374,-0.725519
1.888044,1.281204,-0.731365
1.884244,1.282081,-0.735165
1.888044,1.278866,-0.730634
1.886875,1.27682,-0.729465
1.87986,1.280327,-0.718796
1.888921,1.27682,-0.716457
1.885706,1.277112,-0.712803
1.894183,1.268927,-0.71178
1.89126,1.268343,-0.715726
1.894475,1.264543,-0.711049
1.894475,1.261327,-0.699211
1.897106,1.255773,-0.710757
1.899152,1.265712,-0.709296
1.896814,1.258696,-0.700088
1.892721,1.252265,-0.695118
1.897691,1.25285,-0.690441
1.900614,1.258989,-0.691903
1.905583,1.249927,-0.691757
1.904122,1.247004,-0.686495
1.903537,1.248173,-0.682549
1.90266,1.245835,-0.683572
1.904122,1.243496,-0.683426
1.909675,1.242327,-0.673926
1.904122,1.236773,-0.676557
1.90646,1.230342,-0.679334
1.915522,1.228296,-0.675826
1.914353,1.23005,-0.665595
1.915814,1.218942,-0.678603
1.912891,1.218357,-0.669687
1.911429,1.217188,-0.667056
1.919614,1.217188,-0.669103
1.919906,1.212511,-0.66121
1.913768,1.211049,-0.661941
1.908506,1.203157,-0.647325
1.917568,1.207834,-0.647179
1.917276,1.204911,-0.661356
1.909383,1.205788,-0.656972
1.916983,1.200234,-0.64601
1.920783,1.201695,-0.638117
1.912599,1.193803,-0.63841
1.912891,1.189711,-0.63841
1.923122,1.190588,-0.640018
1.917568,1.185034,-0.648202
1.911722,1.183572,-0.649518
1.916106,1.186203,-0.62964
1.918737,1.190003,-0.646741
1.917568,1.178018,-0.625402
1.921368,1.178018,-0.627448
1.916399,1.166033,-0.622771
1.924876,1.162818,-0.622479
1.917276,1.163403,-0.626571
1.916691,1.162233,-0.614879
1.91786,1.163403,-0.616925
1.911137,1.159602,-0.61254
1.917568,1.161941,-0.611517
1.916691,1.156972,-0.604648
1.912891,1.154925,-0.610932
1.91786,1.152879,-0.618679
1.923414,1.148787,-0.605232
1.917276,1.145864,-0.614002
1.915814,1.144987,-0.609471
1.912891,1.147618,-0.588278
1.913476,1.145571,-0.611663
1.907337,1.142941,-0.600702
1.91406,1.140895,-0.599386
1.912891,1.135633,-0.589448
1.911722,1.139141,-0.596463
1.902952,1.134756,-0.588424
1.91026,1.141187,-0.588278
1.901491,1.134171,-0.589009
1.904999,1.134756,-0.58594
1.906752,1.136802,-0.582578
1.908506,1.125987,-0.588863
1.907629,1.125987,-0.589155
1.906168,1.12891,-0.597194
1.899152,1.125402,-0.589594
1.900029,1.127448,-0.587986
1.892137,1.128617,-0.597048
1.90266,1.121017,-0.596901
1.899737,1.120433,-0.57834
1.894183,1.128325,-0.580532
1.891845,1.11634,-0.585063
1.89126,1.118971,-0.583017
1.890675,1.115463,-0.592955
1.894183,1.118679,-0.57717
1.885998,1.106109,-0.561824
1.890675,1.126279,-0.551885
1.870506,1.146741,-0.543847
1.853259,1.164572,-0.521193
1.839813,1.211634,-0.517831
1.830167,1.262496,-0.539754
1.806782,1.301374,-0.571178
1.787489,1.349898,-0.587255
1.78252,1.391991,-0.61824
1.770827,1.433791,-0.648348
1.760012,1.471792,-0.689418
1.759135,1.492254,-0.715873
1.762058,1.505408,-0.717919
1.761766,1.511839,-0.751096
1.764104,1.5057,-0.756504
1.758842,1.504238,-0.75665
1.769658,1.512716,-0.769512
1.775212,1.515639,-0.769073
1.776966,1.517393,-0.772143
1.776089,1.515346,-0.789243
1.779597,1.512423,-0.781789
1.783689,1.510669,-0.779158
1.785151,1.508623,-0.783104
1.785443,1.508623,-0.785151
1.794212,1.5057,-0.784127
1.792751,1.505992,-0.777404
1.794797,1.500438,-0.776966
1.793043,1.497808,-0.773458
1.795966,1.494008,-0.772581
1.795381,1.497223,-0.770681
1.798012,1.493423,-0.765858
1.804735,1.495177,-0.770243
1.809412,1.495469,-0.770096
1.800935,1.491961,-0.767173
1.814089,1.48553,-0.757819
1.815551,1.487869,-0.765858
1.82169,1.491961,-0.762496
1.829874,1.486115,-0.766443
1.821982,1.476177,-0.755627
1.819351,1.478223,-0.76235
1.827243,1.478515,-0.753581
1.822859,1.4715,-0.752704
1.834844,1.473838,-0.751973
1.824905,1.4715,-0.748465
1.832797,1.467115,-0.751535
1.831628,1.465361,-0.748027
1.832797,1.469746,-0.740719
1.835721,1.458638,-0.738088
1.839521,1.456007,-0.736773
1.838644,1.450745,-0.739842
1.845951,1.450161,-0.734727
1.84829,1.446068,-0.728442
1.848875,1.45513,-0.714119
1.84829,1.448992,-0.724496
1.849752,1.43993,-0.727857
1.853552,1.440514,-0.708419
1.852967,1.436422,-0.710611
1.85209,1.436422,-0.714119
1.858229,1.433791,-0.708419
1.856767,1.420637,-0.718065
1.855598,1.430284,-0.699065
1.860859,1.418299,-0.70418
1.855305,1.423853,-0.703742
1.863198,1.420345,-0.683572
1.869921,1.41596,-0.690588
1.870798,1.407191,-0.691757
1.868167,1.409822,-0.690441
1.868459,1.410991,-0.690149
1.875475,1.413622,-0.685764
1.904706,1.402806,-0.683426
1.87606,1.403391,-0.678164
1.868167,1.394621,-0.67568
1.866121,1.397252,-0.675241
1.87869,1.38439,-0.666472
1.872844,1.390821,-0.657702
1.873429,1.384683,-0.656533
1.881029,1.379714,-0.652295
1.883367,1.372113,-0.642794
1.881906,1.372698,-0.653756
1.881906,1.373283,-0.650979
1.885414,1.37679,-0.650395
1.882783,1.37036,-0.640018
1.877813,1.364221,-0.641918
1.881321,1.359836,-0.641333
1.881906,1.362467,-0.629787
1.889798,1.351359,-0.632417
1.87489,1.35019,-0.621017
1.888337,1.352821,-0.627156
1.888044,1.346682,-0.622479
1.884537,1.338205,-0.624817
1.880152,1.346682,-0.62321
1.884829,1.34259,-0.610056
1.886583,1.335574,-0.610202
1.88366,1.332944,-0.617217
1.892429,1.326513,-0.612394
1.888629,1.324759,-0.602748
1.893306,1.325051,-0.600263
1.892721,1.317451,-0.605232
1.888921,1.323005,-0.595001
1.890383,1.313943,-0.585794
1.886291,1.310143,-0.593394
1.888337,1.323297,-0.585209
1.887167,1.309851,-0.591786
1.884537,1.299912,-0.588717
1.888044,1.302543,-0.584771
1.883952,1.296697,-0.58097
1.888044,1.297866,-0.583455
1.884244,1.297866,-0.571324
1.87869,1.288512,-0.583894
1.881321,1.294358,-0.577901
1.887167,1.293774,-0.572347
1.881906,1.297574,-0.579509
1.887167,1.28062,-0.56957
1.886583,1.288804,-0.565478
1.880152,1.28442,-0.567086
1.88366,1.27682,-0.561093
1.878983,1.277404,-0.548085
1.878983,1.277404,-0.553347
1.877229,1.265712,-0.554809
1.883075,1.264543,-0.55817
1.876937,1.26805,-0.546185
1.877229,1.266881,-0.546478
1.873137,1.269804,-0.545601
1.869044,1.26045,-0.545162
1.881614,1.260158,-0.551447
1.869921,1.258112,-0.551447
1.865536,1.251096,-0.548816
1.871675,1.255481,-0.541654
1.870506,1.256065,-0.533616
1.868167,1.254604,-0.542678
1.859982,1.250219,-0.544578
1.858229,1.256358,-0.53727
1.863783,1.254312,-0.543847
1.856182,1.247881,-0.534347
1.857644,1.248173,-0.543555
1.850044,1.253435,-0.53157
1.854136,1.243788,-0.537708
1.848875,1.242911,-0.53727
1.848582,1.246711,-0.534493
1.845075,1.242327,-0.54107
1.848582,1.239696,-0.535808
1.839813,1.240281,-0.532154
1.845367,1.247881,-0.533177
1.835428,1.234434,-0.537854
1.831336,1.233265,-0.535662
1.82929,1.230634,-0.532885
1.835428,1.231511,-0.530985
1.827828,1.235019,-0.540047
1.822859,1.239111,-0.544431
1.821397,1.199942,-0.540485
1.828413,1.241158,-0.534347
1.819351,1.244081,-0.532008
1.818182,1.237357,-0.531131
1.819936,1.238819,-0.533762
1.818182,1.242034,-0.548816
1.811751,1.237357,-0.531131
1.808535,1.239111,-0.548378
1.809705,1.243496,-0.545016
1.807366,1.238234,-0.547062
1.795966,1.240281,-0.545601
1.800643,1.243496,-0.551885
1.795966,1.243204,-0.552324
1.796843,1.235896,-0.552178
1.790704,1.23765,-0.558901
1.795674,1.243496,-0.547501
1.787781,1.249635,-0.549547
1.787489,1.241742,-0.549985
1.784858,1.252558,-0.565916
1.784858,1.251681,-0.559339
1.783397,1.251096,-0.549401
1.786027,1.25285,-0.552324
1.776673,1.254896,-0.563724
1.78135,1.258989,-0.563578
1.775504,1.25665,-0.575563
1.768781,1.261327,-0.578193
1.769073,1.26425,-0.576732
1.76615,1.264835,-0.579363
1.764396,1.26805,-0.580094
1.764981,1.263373,-0.576878
1.761181,1.273604,-0.576732
1.755335,1.268343,-0.584478
1.76615,1.277112,-0.593978
1.755042,1.27565,-0.581263
1.759719,1.282958,-0.592809
1.754458,1.292312,-0.590763
1.752704,1.290558,-0.592224
1.749781,1.287635,-0.590763
1.750365,1.292312,-0.604648
1.745688,1.294358,-0.609909
1.747735,1.293481,-0.610202
1.742765,1.297866,-0.609617
1.741011,1.297282,-0.618971
1.738088,1.310728,-0.619848
1.739258,1.345221,-0.620871
1.738673,1.316574,-0.634464
1.727565,1.314528,-0.626133
1.727857,1.315113,-0.630225
1.732534,1.313651,-0.631833
1.730196,1.31979,-0.638556
1.73195,1.320959,-0.644987
1.728734,1.323882,-0.652295
1.721719,1.332944,-0.645425
1.729319,1.332067,-0.64791
1.72055,1.338498,-0.659164
1.722888,1.33382,-0.658579
1.716165,1.339374,-0.665449
1.719673,1.340544,-0.666764
1.718503,1.353405,-0.67378
1.715873,1.346098,-0.66881
1.716749,1.359836,-0.675533
1.715873,1.358959,-0.682841
1.714996,1.355452,-0.674072
1.718796,1.361882,-0.687372
1.710026,1.366852,-0.681234
1.709442,1.371821,-0.687957
1.710319,1.371236,-0.699942
1.710026,1.38059,-0.697311
1.706811,1.378837,-0.694241
1.704765,1.384975,-0.706519
1.71178,1.387898,-0.717334
1.707396,1.390237,-0.712803
1.705934,1.400175,-0.721573
1.70418,1.392575,-0.715288
1.704472,1.398422,-0.729611
1.703888,1.403098,-0.727127
1.710319,1.409822,-0.732534
1.70798,1.413329,-0.747735
1.709149,1.409822,-0.728588
1.707688,1.424437,-0.742181
1.703303,1.431745,-0.755189
1.703303,1.425606,-0.743788
1.70418,1.431453,-0.75095
1.705934,1.429991,-0.74525
1.710611,1.441684,-0.761766
1.704472,1.438468,-0.765566
1.703888,1.444899,-0.763081
1.709149,1.444899,-0.77302
1.708857,1.450161,-0.774773
1.709442,1.456007,-0.768343
1.703011,1.456884,-0.777404
1.704765,1.456299,-0.772873
1.71178,1.465069,-0.773312
1.705349,1.466238,-0.761327
1.711196,1.465653,-0.780181
1.716165,1.467992,-0.785004
1.714119,1.471207,-0.786758
1.715288,1.473838,-0.774335
1.716457,1.482315,-0.783543
1.72318,1.476469,-0.793043
1.717042,1.480561,-0.785589
1.725227,1.4943,-0.788512
1.726396,1.491377,-0.780766
1.730196,1.494884,-0.795089
1.733411,1.491084,-0.789389
1.729904,1.492546,-0.789828
1.73078,1.487869,-0.798743
1.733996,1.491961,-0.790558
1.736042,1.5019,-0.802105
1.744227,1.4981,-0.798743
1.738381,1.504238,-0.805028
1.741888,1.501315,-0.804735
1.744519,1.504238,-0.807659
1.746858,1.5095,-0.811605
1.741596,1.499562,-0.815989
1.750073,1.4981,-0.805905
1.754165,1.500146,-0.805759
1.756212,1.5057,-0.809705
1.753581,1.507162,-0.806635
1.755042,1.508916,-0.799766
1.760304,1.504531,-0.807951
1.760889,1.507454,-0.800497
1.764981,1.508331,-0.802689
1.767319,1.505992,-0.806343
1.758842,1.510377,-0.804005
1.767904,1.505992,-0.812774
1.774043,1.504823,-0.808974
1.769658,1.512131,-0.804005
1.779012,1.509792,-0.79582
1.78135,1.5171,-0.798597
1.781935,1.513592,-0.802982
1.78135,1.499269,-0.784858
1.784566,1.507162,-0.788951
1.787197,1.5057,-0.784858
1.783689,1.5057,-0.792312
1.788366,1.513885,-0.783543
1.795089,1.512423,-0.781935
1.793335,1.503946,-0.782812
1.788074,1.502192,-0.778427
1.796258,1.506577,-0.793335
1.80532,1.500146,-0.778866
1.807659,1.499854,-0.789828
1.804735,1.501608,-0.784858
1.805028,1.500438,-0.775943
1.803566,1.497515,-0.748612
1.815843,1.493423,-0.770681
1.818474,1.496638,-0.782227
1.809412,1.491377,-0.777989
1.821397,1.486115,-0.764104
1.819351,1.497223,-0.775212
1.82432,1.489915,-0.765419
1.818474,1.477638,-0.765712
1.815551,1.484361,-0.760889
1.825782,1.470915,-0.761473
1.82052,1.481438,-0.748465
1.830751,1.474423,-0.749196
1.82432,1.470623,-0.750365
1.823443,1.468284,-0.751973
1.831628,1.468576,-0.736481
1.843613,1.473253,-0.737504
1.842444,1.469161,-0.72435
1.848875,1.461853,-0.735165
1.843028,1.460099,-0.73268
1.845367,1.45893,-0.731657
1.84829,1.458346,-0.730927
1.847121,1.450745,-0.721426
1.841859,1.449576,-0.708419
1.842736,1.444314,-0.729465
1.854721,1.447822,-0.718211
1.850336,1.448115,-0.707249
1.854429,1.43613,-0.709734
1.851798,1.440807,-0.717042
1.855598,1.43496,-0.714996
1.858521,1.437007,-0.714703
1.858229,1.43233,-0.716165
1.862029,1.423268,-0.695849
1.861736,1.421806,-0.699503
1.857936,1.418591,-0.689126
1.864367,1.416545,-0.686203
1.865536,1.420345,-0.690149
1.869921,1.411283,-0.69278
1.862906,1.406899,-0.68021
1.857352,1.403975,-0.681964
1.869921,1.406022,-0.67451
1.870213,1.401345,-0.671003
1.865244,1.398422,-0.67831
1.868459,1.392575,-0.661356
1.877229,1.392868,-0.669395
1.871383,1.397837,-0.652295
1.870798,1.392575,-0.663987
1.869629,1.376498,-0.654049
1.881321,1.378252,-0.64791
1.877521,1.379714,-0.645425
1.881321,1.374744,-0.643233
1.877521,1.368021,-0.632271
1.87606,1.372113,-0.640602
1.877813,1.365683,-0.648202
1.878106,1.367729,-0.646595
1.884829,1.364221,-0.636948
1.884244,1.361298,-0.632856
1.881029,1.357498,-0.625694
1.874306,1.349313,-0.626863
1.884829,1.349313,-0.624233
1.884829,1.346975,-0.620871
1.881614,1.347559,-0.612102
1.87489,1.335867,-0.607863
1.876937,1.339667,-0.610202
1.876352,1.337328,-0.610202
1.877229,1.334697,-0.602017
1.879275,1.322713,-0.603771
1.879567,1.325051,-0.598655
1.880737,1.323297,-0.595148
1.88746,1.32242,-0.600994
1.884244,1.317451,-0.591786
1.887167,1.314236,-0.590909
1.884537,1.309266,-0.590178
1.883075,1.311312,-0.581555
1.873429,1.310728,-0.579655
1.881029,1.307512,-0.584917
1.880444,1.307805,-0.590324
1.884829,1.295235,-0.586232
1.880152,1.295528,-0.575563
1.877813,1.298158,-0.571763
1.882198,1.293189,-0.572932
1.876937,1.291143,-0.562116
1.881321,1.291728,-0.568547
1.876937,1.287928,-0.562409
1.88746,1.283543,-0.570009
1.881906,1.283835,-0.562993
1.878106,1.277989,-0.561239
1.877813,1.278866,-0.557001
1.878398,1.273897,-0.557147
1.87869,1.277404,-0.553055
1.877813,1.305466,-0.538147
1.870798,1.262789,-0.547793
1.902368,1.268343,-0.543701
1.864952,1.258989,-0.547793
1.862029,1.259866,-0.546185
1.865244,1.260158,-0.544578
1.86349,1.254604,-0.544431
1.865244,1.267758,-0.557147
1.862029,1.263081,-0.533908
1.860567,1.257235,-0.533908
1.853552,1.256942,-0.530839
1.858521,1.258112,-0.54487
1.85209,1.263373,-0.545016
1.841567,1.289681,-0.539316
1.814966,1.33499,-0.575563
1.793043,1.384975,-0.610202
1.776381,1.439053,-0.645718
1.767904,1.471207,-0.691464
1.761181,1.5095,-0.710172
1.74335,1.520608,-0.746127
1.745104,1.51827,-0.759135
1.745688,1.519439,-0.78252
1.753289,1.512716,-0.798597
1.765858,1.495177,-0.813359
1.775797,1.453084,-0.814674
1.791581,1.413329,-0.80722
1.810582,1.378544,-0.796843
1.817013,1.352528,-0.77872
1.818766,1.342005,-0.775066
1.826367,1.32242,-0.751535
1.824028,1.310728,-0.754019
1.835428,1.296405,-0.749488
1.838351,1.278866,-0.753142
1.840105,1.280327,-0.733704
1.842444,1.270973,-0.73078
1.84069,1.261035,-0.730196
1.845367,1.251973,-0.718503
1.849167,1.252265,-0.712072
1.851505,1.254019,-0.710611
1.857936,1.242911,-0.707395
1.861444,1.244958,-0.712219
1.861736,1.23385,-0.721865
1.857644,1.235604,-0.719526
1.863783,1.240573,-0.699211
1.856182,1.240281,-0.70228
1.847705,1.235311,-0.706665
1.850921,1.228296,-0.692049
1.854721,1.201111,-0.70228
1.85969,1.201988,-0.706519
1.85589,1.235311,-0.707395
1.859105,1.223327,-0.70418
1.863198,1.221573,-0.699065
1.863198,1.214849,-0.690734
1.866706,1.220988,-0.701111
1.86729,1.226542,-0.693218
1.866121,1.21865,-0.707542
1.859398,1.222742,-0.698772
1.858521,1.221865,-0.701549
1.859105,1.220111,-0.695849
1.86349,1.212803,-0.696726
1.858229,1.211342,-0.693511
1.86729,1.207542,-0.688688
1.859982,1.21865,-0.686495
1.869921,1.212219,-0.684449
1.866998,1.214265,-0.693072
1.869044,1.21368,-0.686203
1.866121,1.216603,-0.678018
1.863783,1.210172,-0.691611
1.864952,1.208711,-0.696288
1.87606,1.210757,-0.684887
1.865536,1.211049,-0.679772
1.872844,1.211342,-0.68898
1.874306,1.209003,-0.676264
1.872844,1.207542,-0.689564
1.870506,1.207249,-0.688688
1.871383,1.208126,-0.684011
1.873137,1.209003,-0.67831
1.866706,1.203742,-0.681234
1.871675,1.209003,-0.682695
1.878106,1.210757,-0.678018
1.873137,1.205788,-0.676849
1.880444,1.201111,-0.684741
1.873137,1.202572,-0.667056
1.876644,1.207542,-0.673341
1.871675,1.203742,-0.668226
1.87109,1.206665,-0.673487
1.882783,1.204326,-0.666033
1.885121,1.203157,-0.682987
1.883952,1.197018,-0.681672
1.87986,1.197895,-0.678895
1.881906,1.190588,-0.677726
1.881321,1.196434,-0.671003
1.874598,1.196726,-0.675387
1.879567,1.19468,-0.678603
1.87986,1.19468,-0.675387
1.873137,1.189126,-0.70988
1.873137,1.187957,-0.685034
1.87986,1.190295,-0.675972
1.884244,1.188541,-0.672903
1.882491,1.186787,-0.671587
1.881321,1.191757,-0.674949
1.876644,1.183864,-0.674072
1.885706,1.187664,-0.666472
1.885121,1.18328,-0.662233
1.880152,1.178018,-0.668079
1.883952,1.18708,-0.663402
1.884537,1.180941,-0.658872
1.876644,1.180649,-0.665449
1.885414,1.182695,-0.660479
1.887167,1.182987,-0.652002
1.885998,1.18328,-0.662379
1.880152,1.183572,-0.66311
1.881906,1.180357,-0.654925
1.883367,1.184449,-0.660479
1.890968,1.177433,-0.660041
1.886583,1.174218,-0.664572
1.880444,1.172464,-0.662526
1.886291,1.17188,-0.654633
1.881029,1.171587,-0.660041
1.881614,1.170418,-0.66691
1.882783,1.171587,-0.668518
1.889214,1.167203,-0.660333
1.880152,1.168956,-0.658726
1.88366,1.171295,-0.649956
1.881906,1.165156,-0.660333
1.881029,1.17071,-0.656679
1.885121,1.164279,-0.66311
1.880444,1.164279,-0.659456
1.878106,1.164572,-0.645425
1.872552,1.174218,-0.659456
1.879567,1.169249,-0.666472
1.876937,1.169249,-0.661064
1.874598,1.173341,-0.662964
1.886875,1.161649,-0.666472
1.878106,1.17071,-0.644256
1.878398,1.165741,-0.655218
1.876644,1.160187,-0.652587
1.873429,1.162818,-0.651564
1.875183,1.159602,-0.65171
1.881614,1.156387,-0.657849
1.870506,1.156679,-0.649225
1.880737,1.165741,-0.649664
1.872844,1.159018,-0.641041
1.877813,1.155802,-0.649372
1.87986,1.163403,-0.645864
1.866706,1.163695,-0.64601
1.869629,1.160187,-0.648641
1.870506,1.158141,-0.648348
1.870798,1.157264,-0.645279
1.874306,1.153464,-0.646156
1.874013,1.161064,-0.642064
1.872552,1.158433,-0.647471
1.874013,1.153464,-0.633002
1.877229,1.161649,-0.646887
1.874306,1.15551,-0.645718
1.836013,1.159018,-0.642941
1.864367,1.149956,-0.649956
1.863198,1.164279,-0.643233
1.863783,1.159018,-0.642794
1.864952,1.160772,-0.649518
1.866413,1.164279,-0.640894
1.873721,1.162526,-0.649225
1.864075,1.159602,-0.655072
1.864659,1.156387,-0.647033
1.866998,1.157849,-0.64791
1.862906,1.163403,-0.652587
1.863198,1.157264,-0.651564
1.854429,1.159602,-0.649664
1.856767,1.159602,-0.643964
1.868167,1.167203,-0.642794
1.856182,1.164864,-0.644548
1.856182,1.156972,-0.652441
1.860567,1.165741,-0.644695
1.85589,1.166033,-0.650248
1.851505,1.168372,-0.650833
1.853259,1.16691,-0.650102
1.853844,1.164572,-0.646448
1.84069,1.167787,-0.662087
1.850921,1.168372,-0.645425
1.859105,1.17188,-0.648933
1.85209,1.163695,-0.656387
1.847121,1.163695,-0.654487
1.847121,1.17071,-0.656387
1.850628,1.160187,-0.648056
1.850628,1.17071,-0.655364
1.850628,1.16691,-0.645279
1.845659,1.166326,-0.64601
1.846536,1.170126,-0.655218
1.846244,1.169833,-0.659456
1.841567,1.171003,-0.661356
1.840105,1.17948,-0.658141
1.845659,1.17568,-0.650248
1.845659,1.170418,-0.650102
1.838351,1.182111,-0.663549
1.833382,1.173926,-0.658726
1.840982,1.173341,-0.646156
1.835136,1.180357,-0.65931
1.837182,1.175095,-0.657995
1.840398,1.177141,-0.675972
1.833967,1.171003,-0.66121
1.838059,1.185911,-0.655364
1.840105,1.175387,-0.666764
1.845075,1.182695,-0.651272
1.836013,1.185326,-0.666326
1.838644,1.189126,-0.654925
1.82929,1.183864,-0.65361
1.835428,1.183864,-0.663549
1.835721,1.189418,-0.662964
1.843028,1.182695,-0.658433
1.831921,1.185034,-0.672318
1.831336,1.17948,-0.67261
1.834844,1.182987,-0.671149
1.835136,1.180941,-0.677141
1.839228,1.185911,-0.670418
1.826367,1.189126,-0.676118
1.833967,1.187664,-0.666618
1.830167,1.190003,-0.670564
1.839813,1.184449,-0.681234
1.838936,1.198772,-0.675972
1.833382,1.195265,-0.673341
1.830751,1.184449,-0.67568
1.840982,1.199357,-0.68328
1.837474,1.191757,-0.679626
1.834844,1.193218,-0.673341
1.834551,1.192049,-0.681964
1.83689,1.201988,-0.67831
1.833967,1.200526,-0.673926
1.828705,1.205495,-0.68138
1.832213,1.207249,-0.684595
1.832797,1.201695,-0.686349
1.833674,1.203157,-0.684449
1.827243,1.206372,-0.681526
1.831336,1.203449,-0.687664
1.836597,1.19848,-0.678457
1.830167,1.198772,-0.685326
1.831628,1.210757,-0.677872
1.831628,1.199942,-0.67758
1.829582,1.205788,-0.687372
1.832213,1.212803,-0.677872
1.829874,1.215726,-0.681087
1.825197,1.209296,-0.682403
1.832213,1.210172,-0.688249
1.82929,1.210465,-0.689711
1.828997,1.207542,-0.684741
1.828705,1.210172,-0.67948
1.839521,1.215142,-0.694972
1.834551,1.21748,-0.685472
1.843321,1.223034,-0.687664
1.840982,1.215142,-0.695995
1.837767,1.22245,-0.684011
1.83689,1.216603,-0.690003
1.835428,1.22128,-0.691318
1.846244,1.214849,-0.698188
1.840105,1.216019,-0.695995
1.840105,1.21865,-0.699065
1.838059,1.224496,-0.688103
1.833967,1.223034,-0.680941
1.835721,1.225665,-0.702572
1.838351,1.223327,-0.702134
1.834551,1.224496,-0.699795
1.834844,1.220988,-0.701111
1.837767,1.222157,-0.699942
1.844782,1.219526,-0.709588
1.838351,1.223619,-0.707834
1.841859,1.216019,-0.701842
1.844198,1.230634,-0.711926
1.841859,1.226542,-0.705934
1.834844,1.226542,-0.69848
1.841859,1.224203,-0.697603
1.840982,1.220696,-0.707542
1.836013,1.223327,-0.705788
1.835428,1.22245,-0.705642
1.84069,1.233557,-0.700672
1.841274,1.230342,-0.70038
1.838351,1.227711,-0.702865
1.837767,1.225957,-0.709003
1.834259,1.230634,-0.711634
1.839813,1.225957,-0.713534
1.840982,1.222157,-0.702426
1.838644,1.23385,-0.703595
1.842736,1.220696,-0.708126
1.841274,1.226542,-0.707688
1.835721,1.232388,-0.71368
1.839813,1.229173,-0.70228
1.851505,1.229757,-0.711049
1.839813,1.226834,-0.710903
1.853259,1.232681,-0.708857
1.841274,1.23385,-0.704472
1.847998,1.232388,-0.702718
1.858813,1.225373,-0.704326
1.850921,1.225373,-0.704034
1.847998,1.233557,-0.709003
1.847998,1.225373,-0.701842
1.854429,1.22508,-0.704472
1.857644,1.223034,-0.701988
1.857352,1.222742,-0.716896
1.855013,1.227127,-0.706957
1.85209,1.228588,-0.703449
1.857352,1.231804,-0.712803
1.858521,1.224788,-0.699065
1.861152,1.229173,-0.709734
1.854429,1.231804,-0.70608
1.861444,1.224203,-0.705057
1.856475,1.22625,-0.692195
1.857352,1.231219,-0.699795
1.859398,1.228296,-0.697457
1.858229,1.225373,-0.696726
1.867875,1.230927,-0.701403
1.870798,1.223619,-0.692341
1.866706,1.224496,-0.70228
1.860859,1.225373,-0.679334
1.861736,1.220696,-0.693072
1.861444,1.214849,-0.685472
1.860859,1.223034,-0.691903
1.85969,1.222157,-0.693657
1.863198,1.218065,-0.700672
1.863783,1.21865,-0.692488
1.861736,1.22128,-0.695849
1.869336,1.219234,-0.695411
1.868752,1.218065,-0.698041
1.870213,1.207834,-0.69658
1.862613,1.21865,-0.684011
1.864659,1.216896,-0.686641
1.867583,1.214849,-0.683426
1.864075,1.212803,-0.685911
1.868459,1.211342,-0.694241
1.871967,1.211342,-0.689418
1.871675,1.206665,-0.688103
1.866998,1.210465,-0.691026
1.870213,1.211342,-0.70038
1.870798,1.214265,-0.680795
1.875475,1.207834,-0.681526
1.877521,1.207249,-0.697895
1.860859,1.204619,-0.691172
1.865244,1.210172,-0.689564
1.870798,1.204326,-0.696872
1.87226,1.20608,-0.692634
1.87109,1.212511,-0.684011
1.875475,1.213388,-0.693072
1.872844,1.210172,-0.693657
1.878983,1.202865,-0.685764
1.871675,1.20228,-0.686934
1.873721,1.208419,-0.688834
1.874306,1.209296,-0.696434
1.871967,1.200234,-0.68138
1.87869,1.20228,-0.678749
1.870506,1.204619,-0.682257
1.881321,1.20228,-0.676118
1.875475,1.192049,-0.683572
1.866998,1.198772,-0.677872
1.880152,1.20228,-0.677726
1.873137,1.185618,-0.682549
1.87489,1.183864,-0.667787
1.884244,1.197895,-0.678749
1.877813,1.189711,-0.68328
1.874306,1.188249,-0.678895
1.877521,1.193511,-0.67568
1.885706,1.194972,-0.67641
1.873429,1.188834,-0.676995
1.874598,1.184449,-0.668226
1.881906,1.192049,-0.684157
1.880737,1.18708,-0.66501
1.871675,1.187372,-0.673633
1.879567,1.189418,-0.673633
1.884829,1.187957,-0.662818
1.884537,1.184157,-0.668664
1.879275,1.178603,-0.669687
1.880737,1.180357,-0.661356
1.87869,1.184157,-0.665887
1.880444,1.180064,-0.666033
1.885414,1.172172,-0.667349
1.885121,1.180649,-0.666472
1.887752,1.170126,-0.655802
1.884537,1.171587,-0.657702
1.888629,1.184157,-0.65171
1.875767,1.181818,-0.660187
1.883075,1.17188,-0.655364
1.881321,1.178603,-0.654779
1.886583,1.170126,-0.663549
1.876644,1.168079,-0.657995
1.878106,1.162233,-0.661941
1.887167,1.168372,-0.657264
1.879275,1.162818,-0.655072
1.877521,1.163695,-0.657264
1.886583,1.165449,-0.674218
1.883075,1.168956,-0.656972
1.887167,1.169833,-0.654487
1.885998,1.160772,-0.659018
1.884829,1.168664,-0.654779
1.881614,1.171003,-0.655218
1.883367,1.161356,-0.662818
1.882491,1.168956,-0.650395
1.874306,1.163403,-0.65551
1.879275,1.155802,-0.659018
1.879567,1.161064,-0.654925
1.881614,1.159018,-0.658726
1.877229,1.156679,-0.641187
1.883367,1.158141,-0.653902
1.878398,1.159018,-0.648641
1.879567,1.161941,-0.639141
1.874306,1.155802,-0.657556
1.882491,1.158141,-0.645133
1.87986,1.163403,-0.655072
1.880152,1.160772,-0.659456
1.875767,1.162818,-0.652587
1.881321,1.158726,-0.650979
1.881321,1.156972,-0.650979
1.881321,1.159602,-0.64411
1.882491,1.129787,-0.610932
1.886875,1.113417,-0.582724
1.885414,1.114294,-0.562262
1.881906,1.123648,-0.527185
1.862613,1.149079,-0.523093
1.838936,1.195557,-0.520754
1.826951,1.227711,-0.531862
1.819936,1.26425,-0.545893
1.807366,1.307512,-0.568986
1.786027,1.348144,-0.587401
1.780474,1.382052,-0.618971
1.763812,1.434668,-0.646887
1.763812,1.471207,-0.67758
1.752996,1.487869,-0.726396
1.753581,1.506577,-0.749342
1.76235,1.508331,-0.763812
1.776381,1.505116,-0.779597
1.776089,1.507162,-0.786466
1.779597,1.501315,-0.788366
1.786904,1.499562,-0.805174
1.792166,1.502485,-0.801374
1.799766,1.486992,-0.803859
1.797135,1.480854,-0.802397
1.801228,1.482023,-0.797428
1.810874,1.4715,-0.78632
1.809997,1.459807,-0.802543
1.819643,1.460392,-0.785443
1.819059,1.453961,-0.799035
1.82432,1.451038,-0.787489
1.82432,1.44753,-0.783543
1.823736,1.451915,-0.783835
1.824613,1.446653,-0.784566
1.825197,1.442561,-0.781643
1.842444,1.432914,-0.773604
1.837767,1.440222,-0.781497
1.839228,1.437591,-0.775358
1.841859,1.434668,-0.778427
1.844198,1.426191,-0.774189
1.846536,1.425606,-0.774773
1.841859,1.42473,-0.775358
1.847998,1.421514,-0.76805
1.843905,1.413329,-0.751096
1.861152,1.416253,-0.760889
1.854429,1.413914,-0.744373
1.858229,1.41976,-0.749342
1.861152,1.407191,-0.741742
1.865244,1.406314,-0.744811
1.870506,1.410991,-0.740573
1.863783,1.406022,-0.731657
1.866121,1.396083,-0.736481
1.867875,1.401637,-0.729904
1.87109,1.396375,-0.726542
1.875475,1.387898,-0.725957
1.867875,1.403683,-0.725957
1.875475,1.389652,-0.721719
1.883367,1.390821,-0.716311
1.878983,1.389652,-0.71178
1.881614,1.38936,-0.724934
1.887167,1.38059,-0.711634
1.880444,1.382052,-0.700818
1.885121,1.377083,-0.695995
1.89126,1.37416,-0.697603
1.891845,1.370944,-0.687518
1.89886,1.365975,-0.691757
1.896814,1.362467,-0.680941
1.893598,1.346098,-0.677872
1.889506,1.352821,-0.676557
1.900906,1.351359,-0.674803
1.903537,1.351944,-0.67758
1.899737,1.352528,-0.670856
1.902075,1.34259,-0.650687
1.896521,1.336744,-0.661064
1.913183,1.343467,-0.653464
1.900322,1.331774,-0.66501
1.899737,1.333236,-0.654341
1.902075,1.32739,-0.640456
1.900029,1.32739,-0.652733
1.901491,1.32359,-0.637679
1.904414,1.315113,-0.643233
1.90646,1.313651,-0.642064
1.910845,1.306051,-0.639871
1.907629,1.313651,-0.632417
1.906752,1.304005,-0.627448
1.874013,1.302835,-0.624086
1.901491,1.300789,-0.634025
1.909383,1.290558,-0.62891
1.907629,1.298158,-0.620579
1.909968,1.291435,-0.623648
1.906752,1.288804,-0.623063
1.908799,1.277989,-0.612686
1.913768,1.286466,-0.612686
1.912014,1.277989,-0.619556
1.905291,1.276235,-0.616486
1.911722,1.26922,-0.607571
1.911722,1.265419,-0.608594
1.907629,1.262496,-0.592224
1.90646,1.261912,-0.594563
1.903537,1.259281,-0.596755
1.909675,1.258404,-0.589301
1.907337,1.248465,-0.580678
1.900029,1.251681,-0.580532
1.908506,1.243788,-0.57527
1.910553,1.246127,-0.564309
1.911429,1.238819,-0.57454
1.907337,1.247296,-0.576001
1.912891,1.242034,-0.567232
1.907045,1.235896,-0.571032
1.900029,1.237357,-0.567378
1.903829,1.235019,-0.564309
1.907922,1.22625,-0.568255
1.900614,1.224788,-0.557293
1.911137,1.220988,-0.553493
1.906168,1.218065,-0.559486
1.904122,1.213096,-0.554516
1.900906,1.213388,-0.547062
1.904122,1.211049,-0.54487
1.897106,1.207834,-0.54487
1.89886,1.213096,-0.541654
1.898568,1.208711,-0.544285
1.894183,1.195557,-0.54677
1.890675,1.205495,-0.550132
1.895352,1.200526,-0.520462
1.89126,1.195265,-0.53157
1.891552,1.185618,-0.532447
1.888044,1.192634,-0.531424
1.888044,1.189711,-0.529085
1.888921,1.193803,-0.529377
1.89126,1.182987,-0.536101
1.889506,1.182403,-0.521631
1.880444,1.183864,-0.534347
1.881906,1.17948,-0.532885
1.883075,1.175972,-0.5285
1.88746,1.186203,-0.520754
1.88366,1.17831,-0.521485
1.87226,1.168664,-0.527477
1.866706,1.171295,-0.514323
1.869044,1.171295,-0.519
1.869921,1.177726,-0.516077
1.866121,1.174803,-0.524408
1.877229,1.173049,-0.52397
1.873137,1.173341,-0.5114
1.856767,1.169249,-0.534347
1.862321,1.169833,-0.525723
1.858229,1.166033,-0.517539
1.856767,1.166618,-0.529962
1.855598,1.161941,-0.521193
1.853844,1.155802,-0.529816
1.848875,1.159602,-0.514762
1.846244,1.160772,-0.515493
1.843321,1.168079,-0.522216
1.84449,1.160479,-0.513739
1.843905,1.166618,-0.533177
1.836013,1.161941,-0.533762
1.832505,1.167787,-0.533616
1.839813,1.163695,-0.52777
1.842444,1.168956,-0.535224
1.833382,1.170126,-0.539462
1.833967,1.173341,-0.528208
1.827536,1.171003,-0.533908
1.822274,1.176849,-0.538439
1.823151,1.174803,-0.542531
1.815259,1.173633,-0.543262
1.821105,1.175387,-0.527185
1.812336,1.175972,-0.546331
1.817597,1.182403,-0.546478
1.802397,1.185618,-0.548231
1.801228,1.181234,-0.536539
1.797428,1.187957,-0.548378
1.802689,1.186203,-0.547647
1.796258,1.185618,-0.548816
1.798305,1.188834,-0.561239
1.79012,1.18708,-0.551593
1.795089,1.187664,-0.569132
1.785151,1.197311,-0.560801
1.789535,1.200526,-0.561532
1.793628,1.195557,-0.557878
1.78135,1.203742,-0.55627
1.776673,1.211634,-0.57907
1.776381,1.203157,-0.570886
1.769658,1.203157,-0.580532
1.772289,1.207834,-0.591786
1.778427,1.210465,-0.594124
1.772873,1.218065,-0.595586
1.769073,1.220696,-0.590909
1.767027,1.223327,-0.596901
1.762643,1.224788,-0.594563
1.764689,1.22888,-0.603332
1.760596,1.233265,-0.603917
1.755335,1.230634,-0.617071
1.757381,1.234434,-0.613271
1.74715,1.232973,-0.616925
1.752119,1.243788,-0.620579
1.748612,1.247881,-0.62394
1.749781,1.258112,-0.615171
1.752412,1.257235,-0.627594
1.747442,1.253435,-0.642794
1.741011,1.259281,-0.637971
1.75095,1.266296,-0.634171
1.739258,1.267466,-0.648787
1.744519,1.269512,-0.641625
1.729904,1.272143,-0.641333
1.731657,1.273604,-0.666033
1.73575,1.277404,-0.657556
1.730488,1.28062,-0.662379
1.725811,1.285589,-0.667933
1.72318,1.294066,-0.68211
1.730488,1.294066,-0.664718
1.732242,1.303128,-0.672318
1.72815,1.298451,-0.677141
1.726688,1.299328,-0.67758
1.725227,1.307805,-0.689272
1.731073,1.31102,-0.686203
1.721426,1.318913,-0.690734
1.725519,1.318036,-0.696141
1.721134,1.324759,-0.694972
1.729027,1.33002,-0.698772
1.72318,1.33499,-0.699649
1.724934,1.338498,-0.708565
1.724057,1.340251,-0.710611
1.726688,1.345805,-0.73268
1.715873,1.351359,-0.71938
1.717626,1.355744,-0.718503
1.717334,1.355744,-0.722011
1.72435,1.352236,-0.730342
1.717042,1.361006,-0.737357
1.721134,1.365683,-0.736334
1.723765,1.364806,-0.734727
1.717626,1.365683,-0.736481
1.716165,1.369483,-0.756065
1.718796,1.375329,-0.736919
1.720257,1.378544,-0.737942
1.714411,1.391114,-0.747588
1.721134,1.38556,-0.753142
1.724057,1.386144,-0.753873
1.722888,1.389944,-0.758112
1.73195,1.399006,-0.774043
1.714996,1.397545,-0.762496
1.727273,1.405145,-0.776089
1.725227,1.413037,-0.770681
1.720842,1.403975,-0.775066
1.72815,1.414206,-0.772873
1.725811,1.416253,-0.784566
1.72815,1.416545,-0.79012
1.726688,1.418006,-0.783981
1.732242,1.420637,-0.784858
1.738088,1.423853,-0.794505
1.733996,1.426191,-0.790412
1.738088,1.430868,-0.794212
1.733411,1.436714,-0.787343
1.740427,1.427653,-0.790997
1.742181,1.432914,-0.812189
1.745104,1.438176,-0.801082
1.742765,1.437591,-0.799912
1.739842,1.446361,-0.803859
1.750658,1.447238,-0.803712
1.722011,1.450453,-0.806197
1.756504,1.444899,-0.803712
1.755919,1.454253,-0.811605
1.757673,1.448115,-0.811459
1.758258,1.445776,-0.808536
1.759719,1.454253,-0.809412
1.767319,1.463022,-0.818328
1.760304,1.451915,-0.804735
1.757966,1.454838,-0.808536
1.771704,1.453376,-0.805759
1.768489,1.459222,-0.809705
1.766443,1.462438,-0.818328
1.770827,1.457761,-0.813066
1.767904,1.461269,-0.821836
1.776089,1.459807,-0.81292
1.784274,1.458638,-0.806489
1.783104,1.465069,-0.80152
1.786027,1.465946,-0.802689
1.789243,1.46273,-0.809266
1.791581,1.460099,-0.81482
1.792751,1.460099,-0.806782
1.788074,1.456884,-0.809997
1.800643,1.457761,-0.810289
1.798012,1.452499,-0.802835
1.802982,1.457176,-0.810289
1.798012,1.457469,-0.804589
1.803566,1.456007,-0.791289
1.806782,1.453376,-0.794505
1.809412,1.453084,-0.800205
1.810289,1.456299,-0.798305
1.819643,1.456592,-0.790997
1.819936,1.452207,-0.793774
1.824905,1.460392,-0.793628
1.817889,1.452207,-0.785443
1.830751,1.459515,-0.787489
1.832797,1.457176,-0.783251
1.842736,1.451622,-0.787197
1.831336,1.44753,-0.784566
1.826074,1.45133,-0.778135
1.83309,1.444314,-0.771412
1.84069,1.441976,-0.754604
1.842444,1.448115,-0.78442
1.837767,1.438761,-0.777989
1.848582,1.434376,-0.774335
1.846244,1.434376,-0.768489
1.850628,1.429699,-0.765419
1.848582,1.428822,-0.760742
1.852675,1.431745,-0.757089
1.859105,1.423853,-0.762789
1.858521,1.429114,-0.752996
1.854429,1.42473,-0.749196
1.861152,1.420345,-0.75095
1.863198,1.418591,-0.73268
1.863783,1.414206,-0.73765
1.874306,1.41713,-0.738673
1.868752,1.412745,-0.742181
1.869629,1.410114,-0.736334
1.876352,1.407191,-0.732388
1.873429,1.402222,-0.727419
1.87606,1.403975,-0.722888
1.87606,1.398422,-0.730196
1.87986,1.395498,-0.722742
1.884537,1.39316,-0.724203
1.882783,1.396083,-0.707834
1.884829,1.384098,-0.720988
1.882491,1.382929,-0.713242
1.888921,1.375914,-0.713534
1.883952,1.377083,-0.701111
1.885706,1.375914,-0.713388
1.89126,1.371236,-0.705642
1.894768,1.374744,-0.689272
1.893598,1.369775,-0.691611
1.899152,1.367144,-0.683134
1.883075,1.371821,-0.687811
1.884537,1.390529,-0.676703
1.87226,1.41976,-0.688395
1.850921,1.440514,-0.677287
1.823151,1.461269,-0.668518
1.802397,1.467115,-0.65931
1.778427,1.461269,-0.667349
1.764396,1.456299,-0.66998
1.75095,1.449868,-0.681234
1.730488,1.42853,-0.67378
1.732534,1.423268,-0.673633
1.717042,1.403391,-0.687811
1.736042,1.391698,-0.691903
1.721134,1.393744,-0.698041
1.716457,1.386729,-0.697018
1.718211,1.381467,-0.701403
1.718503,1.381175,-0.706811
1.72055,1.375037,-0.708126
1.726688,1.371821,-0.709296
1.71938,1.37299,-0.710757
1.720842,1.36539,-0.727273
1.720257,1.36919,-0.713973
1.721719,1.371821,-0.720696
1.726688,1.373867,-0.729904
1.713826,1.373575,-0.728004
1.725519,1.348728,-0.736481
1.685764,1.38059,-0.734581
1.725519,1.378837,-0.73005
1.718796,1.378837,-0.743788
1.72435,1.391406,-0.734142
1.721426,1.385852,-0.741011
1.722303,1.390529,-0.741888
1.72318,1.392868,-0.748904
1.717919,1.394037,-0.750219
1.723765,1.398714,-0.750073
1.717919,1.398714,-0.752558
1.721719,1.399591,-0.754019
1.726103,1.403975,-0.762643
1.72698,1.400468,-0.761035
1.724057,1.410114,-0.755335
1.719673,1.411868,-0.77185
1.724642,1.420345,-0.774627
1.727857,1.419468,-0.780766
1.722011,1.426484,-0.773312
1.729611,1.428822,-0.779597
1.725811,1.433499,-0.772143
1.727273,1.432037,-0.782227
1.73078,1.430868,-0.778574
1.729904,1.433207,-0.791728
1.734873,1.445484,-0.792605
1.725811,1.437884,-0.795528
1.736334,1.439053,-0.795235
1.730196,1.444607,-0.798158
1.725811,1.448992,-0.787635
1.733411,1.446361,-0.789681
1.742765,1.45133,-0.800643
1.738965,1.453961,-0.791435
1.74335,1.454545,-0.795674
1.732827,1.454838,-0.788366
1.743935,1.462146,-0.791143
1.748904,1.465069,-0.806635
1.748904,1.460684,-0.800935
1.742473,1.459515,-0.805612
1.750365,1.462438,-0.804297
1.751535,1.473838,-0.802543
1.750073,1.475884,-0.811605
1.751242,1.472961,-0.795674
1.756212,1.475007,-0.800497
1.791581,1.475884,-0.810728
1.722596,1.472961,-0.813651
1.760304,1.483484,-0.805028
1.763227,1.483192,-0.806782
1.763519,1.481146,-0.816574
1.769658,1.484946,-0.819643
1.76615,1.480854,-0.809705
1.769366,1.475592,-0.811605
1.774627,1.482607,-0.814528
1.777258,1.483192,-0.807659
1.782812,1.478223,-0.801228
1.788658,1.482023,-0.812336
1.783689,1.476177,-0.804589
1.790704,1.47793,-0.810143
1.793335,1.484069,-0.801666
1.795966,1.48553,-0.810874
1.796843,1.487284,-0.806343
1.804735,1.47793,-0.798597
1.802105,1.484069,-0.805759
1.808243,1.485238,-0.803566
1.809412,1.480561,-0.801812
1.810582,1.485238,-0.804005
1.812043,1.4791,-0.802982
1.812628,1.476761,-0.802982
1.818474,1.475884,-0.793774
1.814382,1.477054,-0.800789
1.819643,1.480854,-0.792897
1.830751,1.4753,-0.778427
1.82929,1.469746,-0.783981
1.832505,1.460684,-0.780474
1.833674,1.464776,-0.778866
1.831921,1.460684,-0.770096
1.835136,1.457176,-0.768781
1.84449,1.460099,-0.772289
1.838351,1.452792,-0.764981
1.840982,1.457761,-0.770535
1.840982,1.453376,-0.77872
1.851505,1.452207,-0.755919
1.857936,1.44373,-0.772435
1.861152,1.440514,-0.756796
1.858229,1.444607,-0.765127
1.864659,1.443145,-0.759427
1.864952,1.446361,-0.74145
1.863198,1.43613,-0.73955
1.869629,1.433207,-0.742034
1.869629,1.428237,-0.74145
1.878398,1.426191,-0.728588
1.880152,1.420637,-0.740573
1.876644,1.417422,-0.721426
1.88746,1.421222,-0.724788
1.876644,1.422099,-0.725811
1.878983,1.407776,-0.727565
1.886291,1.413622,-0.720257
1.893306,1.409822,-0.71865
1.897398,1.403683,-0.715434
1.890383,1.396375,-0.707103
1.894183,1.397252,-0.710465
1.896814,1.395498,-0.695849
1.896229,1.39316,-0.696726
1.899152,1.385267,-0.692049
1.905291,1.380006,-0.693657
1.907922,1.386437,-0.688541
1.908214,1.380006,-0.67071
1.909091,1.368606,-0.684157
1.902952,1.362175,-0.676849
1.90266,1.356913,-0.675387
1.911429,1.355159,-0.672172
1.908214,1.353405,-0.65931
1.916691,1.34639,-0.655656
1.909091,1.340836,-0.655802
1.916106,1.342298,-0.65551
1.91406,1.341128,-0.658433
1.91786,1.33879,-0.641333
1.91406,1.334113,-0.653025
1.915522,1.327974,-0.633002
1.912599,1.321251,-0.640164
1.923707,1.319497,-0.634464
1.918737,1.310436,-0.634902
1.916106,1.308097,-0.62584
1.919906,1.301666,-0.628325
1.919322,1.29962,-0.616633
1.919029,1.301082,-0.621894
1.921953,1.290558,-0.62891
1.922245,1.292604,-0.613271
1.92283,1.284712,-0.606694
1.923707,1.287343,-0.603917
1.930722,1.283835,-0.600117
1.916983,1.272435,-0.597486
1.912891,1.270973,-0.590032
1.923707,1.267466,-0.583894
1.920491,1.266296,-0.586086
1.925168,1.262204,-0.583747
1.922245,1.255773,-0.580094
1.925753,1.256358,-0.573224
1.919614,1.247004,-0.568109
1.923999,1.237065,-0.56197
1.920199,1.244081,-0.574978
1.919906,1.23005,-0.57074
1.916983,1.232096,-0.567524
1.915522,1.235604,-0.576001
1.923414,1.223327,-0.564309
1.919029,1.230634,-0.560362
1.913476,1.223619,-0.553785
1.910553,1.227127,-0.565332
1.916399,1.208419,-0.558609
1.913183,1.213096,-0.547939
1.91026,1.21368,-0.550424
1.915814,1.211049,-0.548816
1.912014,1.207834,-0.546916
1.91026,1.201695,-0.542531
1.904414,1.209588,-0.527039
1.901199,1.204034,-0.53727
1.90646,1.198188,-0.531716
1.909675,1.199357,-0.528354
1.90266,1.196141,-0.539024
1.899445,1.195265,-0.52587
1.900906,1.198772,-0.5228
1.900906,1.199065,-0.526308
1.895352,1.190588,-0.531716
1.891845,1.185618,-0.53537
1.89126,1.174218,-0.533616
1.890383,1.178895,-0.521339
1.884537,1.17188,-0.515785
1.885414,1.167787,-0.528793
1.890383,1.171003,-0.535077
1.878983,1.171295,-0.527331
1.881321,1.172172,-0.534054
1.876937,1.173633,-0.522947
1.871383,1.170126,-0.52017
1.869629,1.173633,-0.521193
1.865536,1.169833,-0.53347
1.865536,1.170418,-0.512423
1.854721,1.165156,-0.511254
1.856475,1.165449,-0.528647
1.858521,1.170418,-0.524262
1.847413,1.173926,-0.525285
1.847998,1.173341,-0.516369
1.847413,1.173341,-0.525723
1.847998,1.175095,-0.511839
1.847705,1.170126,-0.5304
1.847705,1.171295,-0.520316
1.843321,1.163403,-0.5209
1.833382,1.168079,-0.534931
1.831921,1.180064,-0.523239
1.836597,1.164572,-0.524847
1.832213,1.167203,-0.532447
1.827536,1.174218,-0.540924
1.824028,1.175095,-0.528354
1.822274,1.174218,-0.540047
1.821982,1.173341,-0.538439
1.81672,1.175972,-0.541362
1.814089,1.182111,-0.541508
1.813797,1.172757,-0.542824
1.811459,1.183572,-0.541508
1.808828,1.177433,-0.543555
1.802397,1.185326,-0.550716
1.805028,1.186495,-0.54867
1.803859,1.184449,-0.545893
1.795674,1.18708,-0.546478
1.79772,1.192049,-0.544285
1.798305,1.180649,-0.543847
1.792751,1.197603,-0.571178
1.789828,1.189418,-0.559047
1.795089,1.199065,-0.565624
1.791874,1.195849,-0.56767
1.788658,1.203157,-0.560655
1.788658,1.203157,-0.578486
1.784858,1.199357,-0.562847
1.779889,1.205203,-0.574393
1.77492,1.206372,-0.58024
1.774043,1.218065,-0.590909
1.77375,1.22128,-0.579217
1.771704,1.210757,-0.591055
1.770827,1.219234,-0.585501
1.774627,1.222742,-0.58594
1.765566,1.23005,-0.598655
1.764689,1.224788,-0.604355
1.761473,1.227419,-0.595294
1.761181,1.228296,-0.593248
1.764689,1.237065,-0.605817
1.756212,1.239111,-0.607132
1.760304,1.240865,-0.614002
1.753873,1.246127,-0.613856
1.752704,1.248173,-0.610202
1.753289,1.245835,-0.617217
1.753289,1.247881,-0.608886
1.750073,1.255773,-0.620579
1.745104,1.257235,-0.614294
1.751535,1.257527,-0.622771
1.745104,1.259866,-0.641187
1.746273,1.262496,-0.637825
1.743642,1.263666,-0.636217
1.74715,1.277112,-0.633587
1.742473,1.282374,-0.645571
1.730196,1.278866,-0.655364
1.745104,1.281789,-0.655218
1.737504,1.294943,-0.643671
1.739842,1.292312,-0.659602
1.739258,1.292312,-0.666472
1.729319,1.295235,-0.657849
1.732242,1.298743,-0.663549
1.730196,1.301082,-0.663256
1.72815,1.304589,-0.665887
1.729027,1.317159,-0.666033
1.73078,1.30722,-0.680795
1.690441,1.311897,-0.684741
1.727273,1.31482,-0.688688
1.725811,1.31979,-0.685472
1.729319,1.322128,-0.702426
1.715873,1.329728,-0.698334
1.722596,1.328851,-0.696141
1.72435,1.332944,-0.695849
1.719088,1.341128,-0.703595
1.723473,1.339959,-0.704619
1.722888,1.346975,-0.705057
1.721719,1.349313,-0.707395
1.715288,1.349605,-0.714119
1.722011,1.350775,-0.70798
1.717626,1.358082,-0.717334
1.722888,1.368898,-0.726103
1.712072,1.365098,-0.739258
1.724057,1.36919,-0.727127
1.722011,1.37036,-0.731073
1.723473,1.375329,-0.727127
1.722011,1.37679,-0.731219
1.715873,1.381175,-0.738088
1.724057,1.38439,-0.742181
1.718211,1.382637,-0.746127
1.718211,1.389068,-0.74715
1.721134,1.398129,-0.748173
1.715873,1.402514,-0.75475
1.722888,1.40076,-0.76805
1.717919,1.394914,-0.753581
1.725519,1.404852,-0.76732
1.721134,1.409529,-0.755189
1.729027,1.41216,-0.767173
1.72318,1.41216,-0.758696
1.731657,1.41713,-0.766004
1.723473,1.422683,-0.761327
1.728734,1.421806,-0.779012
1.727857,1.433499,-0.770243
1.726396,1.427068,-0.769073
1.72815,1.434668,-0.77492
1.730196,1.42853,-0.776235
1.733411,1.438176,-0.785881
1.729319,1.438176,-0.781789
1.734581,1.437884,-0.787928
1.732534,1.44753,-0.775797
1.730488,1.450161,-0.784712
1.738381,1.440222,-0.793774
1.739258,1.457761,-0.801228
1.73575,1.448115,-0.783104
1.741596,1.453084,-0.799474
1.74335,1.453668,-0.796843
1.743642,1.458346,-0.800497
1.740134,1.457176,-0.798451
1.740719,1.456592,-0.793335
1.747442,1.468576,-0.798889
1.743058,1.469746,-0.806051
1.746273,1.461269,-0.81292
1.751535,1.460099,-0.81672
1.754165,1.4677,-0.807951
1.754458,1.468869,-0.811459
1.752704,1.470038,-0.804297
1.753289,1.478807,-0.810874
1.762935,1.468869,-0.810143
1.752704,1.476761,-0.806197
1.768781,1.474423,-0.805759
1.771996,1.481438,-0.80342
1.769073,1.48173,-0.805028
1.77375,1.484946,-0.810728
1.773166,1.475007,-0.793335
1.778427,1.479977,-0.798743
1.786612,1.483484,-0.805466
1.790704,1.478807,-0.807659
1.779012,1.482607,-0.807512
1.788951,1.484361,-0.806051
1.788366,1.48173,-0.799035
1.790997,1.482315,-0.798889
1.789243,1.478223,-0.805905
1.788951,1.478807,-0.795381
1.789243,1.483192,-0.795235
1.797428,1.475007,-0.798012
1.799182,1.479684,-0.799474
1.805028,1.475592,-0.794797
1.802982,1.4715,-0.802397
1.812628,1.474715,-0.749781
1.815843,1.477054,-0.75475
1.819351,1.470915,-0.78442
1.814674,1.470038,-0.790997
1.819351,1.464192,-0.786758
1.827536,1.467115,-0.779889
1.823736,1.460099,-0.788512
1.830751,1.460976,-0.784566
1.828997,1.457761,-0.776673
1.826659,1.463022,-0.779597
1.835428,1.461269,-0.771558
1.839813,1.456884,-0.773458
1.838059,1.457761,-0.780181
1.851213,1.457761,-0.772873
1.848875,1.457469,-0.761912
1.853259,1.44373,-0.762204
1.847705,1.445484,-0.770827
1.853844,1.444314,-0.772143
1.864367,1.440514,-0.752996
1.853259,1.434084,-0.748027
1.86729,1.43613,-0.747004
1.873137,1.427945,-0.749635
1.867583,1.43116,-0.752412
1.874306,1.42736,-0.746273
1.874598,1.422099,-0.740134
1.876937,1.424145,-0.733119
1.878398,1.422099,-0.731219
1.884537,1.415668,-0.722596
1.875767,1.418591,-0.731073
1.878983,1.410699,-0.717626
1.889798,1.405437,-0.707834
1.888629,1.401929,-0.718211
1.888337,1.39696,-0.709442
1.892721,1.382052,-0.701257
1.889798,1.382637,-0.706372
1.900322,1.384098,-0.706226
1.896229,1.389068,-0.691318
1.899445,1.382052,-0.697165
1.903537,1.384975,-0.687518
1.895937,1.384683,-0.690441
1.904414,1.375329,-0.678895
1.909968,1.365683,-0.676264
1.905291,1.364806,-0.682841
1.907337,1.36159,-0.674657
1.901491,1.351652,-0.65931
1.903829,1.351067,-0.659602
1.912014,1.344051,-0.652441
1.910553,1.335282,-0.653464
1.91406,1.334113,-0.64411
1.918153,1.332651,-0.635341
1.922245,1.333528,-0.638556
1.919614,1.330897,-0.646448
1.915229,1.32359,-0.628471
1.920783,1.313943,-0.628471
1.923707,1.315697,-0.629202
1.917276,1.304589,-0.625987
1.920199,1.306928,-0.62131
1.913183,1.303128,-0.619263
1.919322,1.305759,-0.607571
1.924876,1.30342,-0.611956
1.919614,1.300789,-0.612979
1.925753,1.289097,-0.612102
1.921953,1.28822,-0.591932
1.920783,1.280035,-0.597486
1.915814,1.281204,-0.59544
1.931014,1.280327,-0.587401
1.92546,1.276527,-0.593394
1.93043,1.268635,-0.580532
1.924583,1.26425,-0.585647
1.926045,1.25665,-0.582724
1.931307,1.258989,-0.583601
1.933353,1.262789,-0.586232
1.928091,1.242327,-0.561824
1.923707,1.242911,-0.573663
1.924876,1.244958,-0.564747
1.924291,1.239696,-0.56387
1.923999,1.237942,-0.565332
1.916106,1.230634,-0.556562
1.919029,1.225957,-0.550278
1.918737,1.220111,-0.554809
1.919029,1.222742,-0.55057
1.915814,1.220988,-0.549839
1.915229,1.221865,-0.544139
1.91406,1.209588,-0.540778
1.909675,1.214265,-0.538439
1.91026,1.211342,-0.547647
1.914645,1.207249,-0.536977
1.913476,1.203742,-0.536685
1.904414,1.204619,-0.537854
1.902952,1.195849,-0.540193
1.908799,1.197018,-0.529816
1.907337,1.201403,-0.518562
1.89886,1.189126,-0.537562
1.899445,1.191465,-0.52397
1.893598,1.185618,-0.519146
1.890383,1.18708,-0.526747
1.896814,1.187664,-0.523239
1.888921,1.185618,-0.531716
1.888629,1.189711,-0.530693
1.892721,1.190588,-0.530108
1.885998,1.180649,-0.517977
1.879275,1.181526,-0.525139
1.878983,1.17948,-0.523239
1.879567,1.17831,-0.517977
1.875183,1.179772,-0.5266
1.875183,1.175387,-0.528793
1.864367,1.171003,-0.536247
1.877229,1.163403,-0.522362
1.867583,1.170418,-0.519877
1.866998,1.174218,-0.520754
1.86349,1.175972,-0.52397
1.859398,1.173049,-0.517977
1.861152,1.166618,-0.524847
1.864075,1.171587,-0.524554
1.857936,1.168079,-0.519439
1.853552,1.17071,-0.525139
1.851798,1.172464,-0.527331
1.850044,1.172172,-0.529524
1.847998,1.17071,-0.526162
1.850044,1.169249,-0.55627
1.845367,1.173049,-0.539608
1.84069,1.175972,-0.531862
1.834551,1.169833,-0.533908
1.834844,1.179772,-0.533616
1.834844,1.17948,-0.530108
1.82929,1.180941,-0.540485
1.821982,1.177433,-0.540485
1.826951,1.177726,-0.540485
1.814674,1.176557,-0.536685
1.813505,1.173926,-0.541362
1.813797,1.17948,-0.539608
1.811751,1.185326,-0.545162
1.811751,1.184157,-0.549693
1.806489,1.195849,-0.561678
1.806197,1.188249,-0.548962
1.808535,1.17948,-0.556709
1.796551,1.19088,-0.560947
1.800935,1.19088,-0.551739
1.794797,1.19088,-0.557732
1.797135,1.195557,-0.562409
1.79392,1.199649,-0.559339
1.792751,1.20228,-0.56577
1.793335,1.196726,-0.565186
1.791289,1.205788,-0.57264
1.787489,1.201988,-0.569716
1.782812,1.206957,-0.57147
1.781643,1.208419,-0.584624
1.784566,1.211049,-0.57834
1.771996,1.220111,-0.590471
1.777258,1.21865,-0.589448
1.769073,1.22245,-0.603478
1.770827,1.224788,-0.595148
1.76995,1.230634,-0.608302
1.759427,1.227419,-0.599678
1.767027,1.232096,-0.589009
1.761473,1.232388,-0.611517
1.758258,1.239988,-0.604648
1.760304,1.245835,-0.604355
1.759135,1.247588,-0.606694
1.757966,1.252265,-0.611517
1.755919,1.253142,-0.61444
1.756212,1.251681,-0.615317
1.750365,1.256065,-0.627302
1.751535,1.264543,-0.620725
1.748027,1.263958,-0.618533
1.752996,1.263081,-0.62701
1.746273,1.272435,-0.629494
1.741888,1.27945,-0.638556
1.736919,1.273897,-0.626863
1.739258,1.276527,-0.64221
1.744519,1.279743,-0.636071
1.740719,1.275358,-0.653172
1.741011,1.287635,-0.652587
1.733996,1.28822,-0.654779
1.738673,1.289681,-0.652295
1.733119,1.292312,-0.662379
1.736042,1.298158,-0.662526
1.731073,1.300205,-0.666326
1.735165,1.300497,-0.673633
1.732534,1.314236,-0.679626
1.735457,1.308097,-0.679918
1.73575,1.322128,-0.684595
1.739258,1.324467,-0.684595
1.731365,1.325636,-0.697895
1.735457,1.324467,-0.695995
1.726688,1.331482,-0.685326
1.729904,1.32739,-0.691464
1.719965,1.332944,-0.696288
1.726688,1.343759,-0.69658
1.723765,1.348144,-0.700818
1.725227,1.340836,-0.709442
1.728734,1.35399,-0.713096
1.724057,1.350482,-0.721426
1.72318,1.351944,-0.718942
1.721719,1.359252,-0.725811
1.72055,1.36539,-0.710319
1.721719,1.361298,-0.728588
1.716457,1.367729,-0.735311
1.713534,1.37416,-0.736188
1.719673,1.37036,-0.736919
1.722303,1.37299,-0.732973
1.724934,1.380883,-0.740134
1.717919,1.384683,-0.744373
1.717626,1.388191,-0.748465
1.722888,1.394037,-0.747588
1.717919,1.400468,-0.756358
1.718796,1.405437,-0.76045
1.722011,1.404852,-0.748173
1.719088,1.403391,-0.755919
1.721719,1.404852,-0.760596
1.71938,1.407191,-0.761619
1.727565,1.417422,-0.76995
1.721719,1.413037,-0.766443
1.724934,1.418883,-0.769073
1.684595,1.415083,-0.759719
1.722888,1.422099,-0.773312
1.718211,1.43116,-0.775943
1.726396,1.427068,-0.775797
1.722303,1.437007,-0.785443
1.729027,1.436422,-0.78252
1.72815,1.442853,-0.79202
1.725227,1.440222,-0.78062
1.729027,1.440807,-0.791728
1.727857,1.439053,-0.779597
1.732827,1.439345,-0.790266
1.733411,1.445776,-0.784566
1.732534,1.447822,-0.799182
1.733704,1.457469,-0.799766
1.740427,1.458053,-0.789828
1.74335,1.463022,-0.800351
1.738965,1.456299,-0.794651
1.741596,1.461853,-0.801228
1.73195,1.461561,-0.809559
1.745104,1.465653,-0.810874
1.741596,1.465069,-0.814528
1.739842,1.472084,-0.804443
1.746565,1.470038,-0.815551
1.753873,1.47413,-0.807659
1.752119,1.478807,-0.81672
1.753873,1.47413,-0.805612
1.756796,1.471792,-0.810728
1.764396,1.474423,-0.808974
1.758842,1.478807,-0.813359
1.752412,1.467992,-0.810874
1.753873,1.475592,-0.814089
1.761473,1.484069,-0.815405
1.769658,1.48173,-0.810436
1.768781,1.482607,-0.819205
1.762058,1.483192,-0.808682
1.776381,1.481146,-0.806343
1.776381,1.480854,-0.80912
1.780181,1.4753,-0.81482
1.784566,1.486115,-0.807805
1.787489,1.47793,-0.80722
1.782227,1.474423,-0.808682
1.787781,1.482315,-0.818474
1.794797,1.481438,-0.813359
1.795966,1.485238,-0.811751
1.794797,1.482607,-0.807074
1.795966,1.476761,-0.814674
1.798012,1.4829,-0.808536
1.805905,1.480561,-0.798158
1.804151,1.483192,-0.80722
1.811751,1.483192,-0.810582
1.815551,1.480269,-0.800351
1.816428,1.472669,-0.794066
1.819643,1.476177,-0.796258
1.811751,1.463315,-0.790558
1.831921,1.473838,-0.793189
1.823443,1.469746,-0.803859
1.827828,1.47033,-0.788658
1.834259,1.473838,-0.785735
1.833382,1.464192,-0.773604
1.843028,1.463022,-0.78822
1.840982,1.462438,-0.772581
1.847121,1.458638,-0.771558
1.845659,1.460392,-0.771412
1.842736,1.457176,-0.763958
1.85589,1.457469,-0.780035
1.853259,1.453668,-0.771412
1.853844,1.445484,-0.764981
1.855305,1.447822,-0.761766
1.855013,1.437591,-0.748027
1.864952,1.435838,-0.742473
1.865536,1.435838,-0.745835
1.873721,1.437007,-0.743935
1.868752,1.434084,-0.747588
1.872552,1.428822,-0.736919
1.877229,1.422683,-0.742327
1.874306,1.423853,-0.734581
1.881614,1.410114,-0.736188
1.884829,1.413914,-0.722303
1.889798,1.40836,-0.720842
1.888337,1.406606,-0.708857
1.887752,1.409822,-0.711342
1.896229,1.400468,-0.714119
1.893598,1.396083,-0.700672
1.894475,1.397252,-0.697895
1.895352,1.38439,-0.701257
1.897691,1.383221,-0.694388
1.898275,1.376206,-0.689564
1.897983,1.386437,-0.701403
1.901783,1.373575,-0.679918
1.909383,1.375329,-0.687518
1.901783,1.375329,-0.684303
1.907045,1.361882,-0.67758
1.89886,1.363636,-0.67758
1.91026,1.359252,-0.669541
1.914353,1.356621,-0.672172
1.911722,1.349605,-0.652879
1.912306,1.353405,-0.662233
1.912014,1.339667,-0.65361
1.912306,1.343174,-0.643964
1.912306,1.337913,-0.660041
1.921076,1.329728,-0.650687
1.91786,1.328267,-0.647471
1.917276,1.327097,-0.638117
1.923414,1.313651,-0.63344
1.919906,1.306928,-0.62701
1.919029,1.305759,-0.628179
1.918737,1.306051,-0.622625
1.92283,1.303128,-0.617509
1.919906,1.299035,-0.606694
1.925753,1.294651,-0.603625
1.929845,1.292312,-0.614002
1.921368,1.284127,-0.606548
1.918153,1.285881,-0.603771
1.917568,1.274189,-0.600994
1.923122,1.273897,-0.590324
1.919029,1.270681,-0.597194
1.922245,1.278574,-0.589448
1.923999,1.270096,-0.580094
1.924291,1.260742,-0.590032
1.922245,1.266296,-0.592517
1.918153,1.256065,-0.579217
1.926922,1.249635,-0.567816
1.92283,1.250512,-0.577317
1.924583,1.245835,-0.567086
1.919029,1.242327,-0.564893
1.916399,1.247004,-0.560655
1.923999,1.23765,-0.562116
1.922245,1.234142,-0.572786
1.92546,1.232973,-0.564747
1.921076,1.227419,-0.555978
1.913183,1.223327,-0.543262
1.913476,1.22625,-0.559924
1.904414,1.212803,-0.555832
1.91026,1.216311,-0.534639
1.902368,1.203449,-0.549255
1.90266,1.210172,-0.529085
1.906752,1.209588,-0.538878
1.909383,1.208419,-0.538147
1.904999,1.198188,-0.539024
1.899152,1.189126,-0.538585
1.904706,1.192049,-0.531862
1.897398,1.192634,-0.521631
1.896229,1.190295,-0.529085
1.890968,1.193803,-0.516808
1.898275,1.190295,-0.516808
1.888629,1.188541,-0.556124
1.885414,1.190295,-0.513885
1.880444,1.173049,-0.516077
1.886875,1.177141,-0.514762
1.876352,1.182987,-0.5209
1.874013,1.175095,-0.508477
1.878398,1.177726,-0.516954
1.871675,1.17188,-0.519
1.87869,1.179772,-0.525723
1.877229,1.17071,-0.513593
1.874306,1.168664,-0.524554
1.868459,1.165741,-0.514762
1.862029,1.169541,-0.524847
1.862613,1.171295,-0.523531
1.861444,1.173926,-0.519585
1.858813,1.166326,-0.519731
1.857059,1.166033,-0.516516
1.854721,1.173926,-0.519146
1.849167,1.169249,-0.521046
1.849752,1.169541,-0.5228
1.847413,1.17451,-0.517393
1.848875,1.170418,-0.5228
1.839813,1.17071,-0.526893
1.842444,1.166326,-0.515931
1.831336,1.172757,-0.527623
1.831921,1.176557,-0.525285
1.832213,1.173049,-0.517246
1.827828,1.172464,-0.523239
1.825197,1.180941,-0.522508
1.823736,1.177726,-0.532739
1.822859,1.176557,-0.534493
1.821397,1.174218,-0.53347
1.816136,1.169249,-0.534931
1.82549,1.171587,-0.533031
1.819936,1.175972,-0.5285
1.812043,1.178603,-0.539608
1.802982,1.187664,-0.540485
1.809412,1.178895,-0.537854
1.810289,1.182695,-0.538878
1.799766,1.185034,-0.545162
1.798889,1.179772,-0.543847
1.799182,1.183864,-0.554955
1.798012,1.19088,-0.53917
1.79772,1.193218,-0.552762
1.796843,1.19468,-0.548378
1.790704,1.198188,-0.562555
1.79012,1.199065,-0.553493
1.789535,1.20228,-0.551447
1.783981,1.20228,-0.557001
1.783397,1.199649,-0.569424
1.780766,1.206957,-0.565186
1.782227,1.205495,-0.576293
1.774043,1.210172,-0.571032
1.781935,1.219234,-0.575709
1.77755,1.22245,-0.57907
1.770535,1.20988,-0.592224
1.771412,1.221573,-0.581263
1.767904,1.223327,-0.586086
1.761473,1.229757,-0.585647
1.764396,1.228004,-0.605525
1.762935,1.232096,-0.606694
1.757381,1.23385,-0.609909
1.756796,1.238819,-0.609471
1.755042,1.240281,-0.614148
1.75475,1.244665,-0.610494
1.749488,1.247881,-0.613856
1.756212,1.249635,-0.619263
1.755335,1.258696,-0.623356
1.754165,1.256942,-0.624233
1.756796,1.258404,-0.635633
1.754165,1.262496,-0.629348
1.745396,1.268927,-0.646448
1.744811,1.267466,-0.640018
1.747735,1.270096,-0.62964
1.741011,1.268343,-0.634025
1.750365,1.278281,-0.628471
1.741304,1.278281,-0.648202
1.741888,1.289097,-0.646595
1.732827,1.293189,-0.650979
1.736334,1.290851,-0.642502
1.733996,1.303712,-0.658433
1.732242,1.296989,-0.649518
1.723765,1.301666,-0.662379
1.722596,1.304882,-0.664133
1.732534,1.31102,-0.666326
1.73078,1.302251,-0.665887
1.727857,1.31482,-0.672464
1.730488,1.305174,-0.667787
1.730488,1.310728,-0.675387
1.72698,1.316866,-0.684741
1.731657,1.321251,-0.694241
1.725811,1.329728,-0.691026
1.727565,1.332651,-0.691026
1.726688,1.335282,-0.699649
1.724934,1.341713,-0.701988
1.724642,1.341128,-0.706665
1.71938,1.340251,-0.706519
1.717042,1.344636,-0.720111
1.716457,1.346975,-0.718211
1.713826,1.351652,-0.709003
1.713242,1.356913,-0.708565
1.717334,1.360421,-0.714265
1.725811,1.362467,-0.727857
1.714996,1.367729,-0.729173
1.714703,1.380006,-0.727127
1.714119,1.378544,-0.732973
1.720257,1.382344,-0.738965
1.720257,1.380883,-0.751096
1.718211,1.384975,-0.741158
1.720842,1.387021,-0.733704
1.714996,1.393452,-0.74335
1.714411,1.392283,-0.73765
1.721426,1.401637,-0.739988
1.721134,1.398714,-0.748904
1.729904,1.399591,-0.750512
1.723765,1.402514,-0.751681
1.717626,1.406314,-0.756504
1.722596,1.411868,-0.768927
1.717626,1.412745,-0.766296
1.718796,1.417422,-0.761766
1.718796,1.425314,-0.774335
1.722011,1.422099,-0.77302
1.722596,1.425899,-0.770973
1.725811,1.425899,-0.775358
1.723473,1.429991,-0.776381
1.72815,1.426484,-0.768196
1.727273,1.433791,-0.78632
1.724642,1.441684,-0.78252
1.725227,1.437007,-0.774189
1.721426,1.442268,-0.778574
1.733996,1.439345,-0.786612
1.742181,1.448992,-0.786612
1.741304,1.449284,-0.79582
1.735457,1.446945,-0.794212
1.742181,1.450453,-0.787197
1.736042,1.452499,-0.794212
1.735165,1.458346,-0.793335
1.740427,1.457176,-0.792751
1.737796,1.459807,-0.799474
1.744519,1.464776,-0.80342
1.742181,1.463899,-0.806782
1.748612,1.47413,-0.804882
1.747442,1.465653,-0.801374
1.752996,1.467407,-0.803128
1.751827,1.468284,-0.808389
1.757966,1.46653,-0.803128
1.760889,1.463022,-0.804297
1.756796,1.474715,-0.808536
1.760012,1.4753,-0.811166
1.756504,1.477346,-0.810874
1.770243,1.471207,-0.813505
1.768781,1.477638,-0.803566
1.77492,1.481438,-0.823736
1.781058,1.477638,-0.804005
1.772581,1.476177,-0.804443
1.77375,1.472669,-0.802251
1.77755,1.468576,-0.809266
1.779597,1.476761,-0.810143
1.785443,1.479684,-0.806635
1.787781,1.476761,-0.804151
1.791289,1.482315,-0.802251
1.789243,1.4829,-0.808389
1.797428,1.475884,-0.801228
1.797428,1.475592,-0.800935
1.802982,1.4791,-0.791874
1.805612,1.4715,-0.791728
1.803274,1.4791,-0.794358
1.810874,1.479684,-0.796258
1.809412,1.4753,-0.805759
1.817889,1.4791,-0.796697
1.82052,1.479684,-0.791289
1.82052,1.467115,-0.79772
1.825782,1.4677,-0.798158
1.833674,1.469746,-0.788658
1.830459,1.468284,-0.784712
1.838936,1.470038,-0.778427
1.842444,1.460099,-0.775212
1.831336,1.469453,-0.780035
1.838936,1.456884,-0.77755
1.846536,1.460099,-0.762789
1.845367,1.449284,-0.775504
1.852967,1.446653,-0.771704
1.854429,1.446945,-0.76805
1.857352,1.444899,-0.766735
1.857644,1.444899,-0.760596
1.855013,1.446361,-0.760158
1.859982,1.438761,-0.753289
1.860859,1.434084,-0.745981
1.864659,1.43613,-0.765858
1.864075,1.432037,-0.755042
1.87109,1.425899,-0.747296
1.867875,1.429114,-0.747004
1.874013,1.425899,-0.734873
1.877813,1.387021,-0.736042
1.881906,1.416253,-0.734727
1.886291,1.409237,-0.72625
1.885998,1.407776,-0.714849
1.885998,1.404268,-0.725811
1.886875,1.400175,-0.717042
1.893598,1.403098,-0.701403
1.888629,1.398129,-0.711488
1.893014,1.396375,-0.701403
1.906168,1.392868,-0.703449
1.897398,1.387314,-0.703888
1.901199,1.378837,-0.692195
1.89886,1.373575,-0.690003
1.900614,1.374744,-0.685472
1.903829,1.369775,-0.688834
1.910553,1.37416,-0.679334
1.907629,1.361006,-0.67071
1.915814,1.360421,-0.672756
1.901783,1.351944,-0.668079
1.909968,1.348144,-0.670418
1.901199,1.347267,-0.658579
1.906168,1.339959,-0.653318
1.911722,1.344344,-0.652002
1.91786,1.33002,-0.652148
1.914937,1.32622,-0.657849
1.912306,1.324174,-0.637533
1.920491,1.325928,-0.638264
1.913476,1.308389,-0.64411
1.916106,1.318036,-0.643233
1.914937,1.308974,-0.633294
1.917568,1.304297,-0.633879
1.911722,1.301958,-0.625694
1.920199,1.300497,-0.622771
1.924876,1.296112,-0.617656
1.922245,1.296405,-0.61941
1.915522,1.286466,-0.617802
1.918153,1.27565,-0.610932
1.917276,1.287928,-0.606109
1.921076,1.274481,-0.604355
1.922245,1.270096,-0.596901
1.919322,1.273897,-0.594417
1.920491,1.26425,-0.593978
1.922245,1.258989,-0.589301
1.914353,1.254604,-0.59544
1.919614,1.253727,-0.581994
1.916983,1.246419,-0.584624
1.919029,1.248465,-0.573955
1.923122,1.248758,-0.567086
1.929845,1.243204,-0.575563
1.921368,1.241158,-0.563286
1.921953,1.238819,-0.570593
1.916983,1.239988,-0.555539
1.916399,1.23765,-0.560362
1.919322,1.232096,-0.559486
1.911429,1.222742,-0.554078
1.919029,1.224788,-0.55437
1.906752,1.216896,-0.563578
1.902075,1.207542,-0.55817
1.905291,1.205203,-0.547501
1.901783,1.206957,-0.536393
1.900322,1.210172,-0.54107
1.901783,1.193511,-0.548085
1.900906,1.19848,-0.531716
1.901491,1.194972,-0.536977
1.903537,1.199357,-0.548524
1.883367,1.194095,-0.532447
1.900029,1.188834,-0.53537
1.894768,1.186787,-0.532154
1.890968,1.187664,-0.531716
1.888629,1.184157,-0.529231
1.886875,1.182695,-0.529816
1.890968,1.17568,-0.527623
1.89126,1.175095,-0.527477
1.886291,1.17568,-0.523385
1.890968,1.17188,-0.525577
1.885121,1.167787,-0.529377
1.873721,1.167203,-0.535662
1.878983,1.171295,-0.536101
1.874013,1.173341,-0.532008
1.871383,1.169833,-0.527331
1.87869,1.173049,-0.521193
1.867583,1.176264,-0.521631
1.855598,1.196141,-0.515054
1.840105,1.247004,-0.532008
1.821982,1.286174,-0.558755
1.800935,1.356329,-0.58974
1.765273,1.39316,-0.609325
1.76995,1.420637,-0.635779
1.760596,1.449576,-0.653902
1.764981,1.451622,-0.656387
1.765273,1.445192,-0.668079
1.793043,1.439638,-0.670126
1.760012,1.452792,-0.660479
1.762935,1.465361,-0.679626
1.756504,1.469161,-0.685618
1.761766,1.473838,-0.689126
1.763227,1.479977,-0.694972
1.763227,1.480269,-0.693072
1.767319,1.479977,-0.701403
1.770827,1.486408,-0.70798
1.765858,1.4829,-0.701257
1.767027,1.485823,-0.71865
1.769366,1.489915,-0.716457
1.760889,1.489623,-0.700965
1.767319,1.484361,-0.70228
1.776381,1.482023,-0.706665
1.770243,1.492838,-0.706519
1.768489,1.483192,-0.702718
1.773166,1.491084,-0.716165
1.772873,1.483484,-0.710172
1.762643,1.489038,-0.706957
1.77492,1.484654,-0.710465
1.772581,1.482607,-0.708272
1.774335,1.488746,-0.707395
1.781643,1.490208,-0.695849
1.780181,1.491377,-0.702718
1.77872,1.484069,-0.700672
1.78135,1.4905,-0.706665
1.781643,1.482315,-0.700818
1.780181,1.485238,-0.705934
1.783689,1.483777,-0.705203
1.781058,1.485823,-0.706519
1.777843,1.476469,-0.702718
1.783397,1.479977,-0.698626
1.779597,1.484654,-0.699795
1.783397,1.475007,-0.694095
1.787781,1.479977,-0.701549
1.784566,1.481438,-0.698918
1.787197,1.470623,-0.698626
1.792458,1.47413,-0.700672
1.788074,1.473546,-0.688395
1.781058,1.4829,-0.694826
1.788074,1.47793,-0.690734
1.793043,1.47793,-0.696434
1.792751,1.47413,-0.689272
1.791874,1.477638,-0.689272
1.795089,1.472084,-0.683426
1.794505,1.474715,-0.679626
1.802689,1.4715,-0.688395
1.795089,1.472669,-0.691318
1.796258,1.463022,-0.687811
1.796843,1.463899,-0.688541
1.799766,1.461561,-0.67758
1.793628,1.460099,-0.679626
1.797428,1.458053,-0.669249
1.794505,1.463899,-0.685472
1.800351,1.465946,-0.681964
1.80532,1.4677,-0.678603
1.804735,1.462146,-0.675241
1.799474,1.45893,-0.677287
1.802982,1.457761,-0.675826
1.799766,1.458638,-0.675241
1.795381,1.459222,-0.657702
1.800935,1.460684,-0.673341
1.808243,1.458346,-0.671149
1.796551,1.452207,-0.660187
1.803859,1.452207,-0.659749
1.795966,1.45133,-0.66691
1.803566,1.449868,-0.662233
1.801228,1.453668,-0.660333
1.803274,1.448407,-0.666472
1.81292,1.455715,-0.661941
1.803859,1.443145,-0.655949
1.805028,1.453376,-0.646302
1.798597,1.443145,-0.656679
1.800935,1.453961,-0.666033
1.805612,1.448115,-0.661502
1.803274,1.441391,-0.656972
1.811459,1.437299,-0.651564
1.803566,1.437884,-0.652002
1.808243,1.440222,-0.652879
1.803566,1.446361,-0.652148
1.813213,1.439638,-0.639725
1.811166,1.43993,-0.637971
1.808828,1.437591,-0.655949
1.805905,1.430284,-0.637094
1.805905,1.427653,-0.647179
1.813213,1.432037,-0.657264
1.802982,1.426484,-0.64411
1.80532,1.43116,-0.654633
1.807366,1.435253,-0.642648
1.814674,1.429407,-0.641333
1.80532,1.427068,-0.623794
1.803566,1.424437,-0.629787
1.807366,1.422099,-0.624817
1.808535,1.424145,-0.634902
1.809412,1.424145,-0.62701
1.811166,1.41596,-0.630225
1.807074,1.416253,-0.637971
1.803566,1.41976,-0.631102
1.79772,1.408652,-0.616486
1.804151,1.416253,-0.625694
1.813213,1.415668,-0.624233
1.803859,1.414206,-0.624233
1.807366,1.40836,-0.627156
1.806197,1.41216,-0.625694
1.810289,1.408068,-0.618094
1.802982,1.410406,-0.61941
1.801228,1.411283,-0.618825
1.805028,1.411283,-0.631979
1.809997,1.403683,-0.626717
1.800643,1.408652,-0.623502
1.803274,1.398714,-0.628763
1.803566,1.401345,-0.625987
1.802105,1.402222,-0.622186
1.808535,1.409237,-0.620725
1.803566,1.407776,-0.606548
1.797428,1.401637,-0.620286
1.801812,1.409237,-0.618533
1.798012,1.40456,-0.623794
1.800643,1.405145,-0.61634
1.799474,1.403683,-0.62204
1.796258,1.410991,-0.621602
1.798305,1.400175,-0.622479
1.798012,1.396375,-0.611079
1.800935,1.399298,-0.62014
1.800058,1.400175,-0.604648
1.790997,1.401637,-0.618533
1.792166,1.396083,-0.610932
1.788658,1.403975,-0.612686
1.796551,1.409529,-0.612686
1.794505,1.406606,-0.609471
1.789535,1.401929,-0.618533
1.792458,1.397252,-0.613563
1.789535,1.399006,-0.617071
1.788951,1.403391,-0.612248
1.795674,1.409529,-0.604063
1.788951,1.399006,-0.604063
1.789243,1.403098,-0.613709
1.79012,1.402514,-0.606694
1.784858,1.401345,-0.611225
1.791289,1.401052,-0.61634
1.787489,1.398422,-0.614002
1.790997,1.404268,-0.613709
1.79012,1.409529,-0.615463
1.791289,1.403975,-0.612979
1.780181,1.405437,-0.621163
1.780181,1.403391,-0.615025
1.789535,1.406899,-0.615902
1.787197,1.399591,-0.613125
1.784566,1.395498,-0.602602
1.779889,1.402806,-0.613125
1.786612,1.398422,-0.603771
1.782812,1.406022,-0.613417
1.780474,1.404852,-0.608594
1.774043,1.399591,-0.612248
1.770827,1.403975,-0.611079
1.783981,1.407483,-0.612248
1.783689,1.40456,-0.614879
1.77755,1.402514,-0.610786
1.781643,1.403391,-0.612394
1.78135,1.404268,-0.616194
1.776966,1.398714,-0.621163
1.779304,1.403391,-0.609179
1.771704,1.414791,-0.618533
1.781935,1.410991,-0.619117
1.775504,1.414791,-0.62014
1.769073,1.410991,-0.621017
1.772581,1.412745,-0.614879
1.774335,1.412452,-0.615609
1.769366,1.412745,-0.626133
1.767612,1.413914,-0.625256
1.76615,1.406606,-0.617656
1.769366,1.413622,-0.621456
1.765858,1.410406,-0.622479
1.759427,1.40836,-0.614002
1.756212,1.408945,-0.615171
1.763812,1.413037,-0.627594
1.769073,1.416545,-0.631394
1.764104,1.414499,-0.63461
1.761181,1.414791,-0.629787
1.765566,1.417422,-0.634756
1.760596,1.419176,-0.637825
1.76995,1.417422,-0.642502
1.760596,1.422391,-0.631979
1.763227,1.421222,-0.637094
1.758258,1.422976,-0.62774
1.761473,1.421222,-0.619117
1.753873,1.420345,-0.620579
1.757673,1.423853,-0.631687
1.755042,1.424145,-0.632564
1.760889,1.426776,-0.625987
1.757089,1.426484,-0.634025
1.757089,1.42736,-0.634025
1.755627,1.430284,-0.635194
1.760012,1.422683,-0.626863
1.758258,1.430284,-0.631102
1.760304,1.426776,-0.64221
1.756212,1.422976,-0.638264
1.760596,1.429699,-0.639579
1.760012,1.434084,-0.642941
1.749488,1.43116,-0.650102
1.749196,1.429114,-0.637387
1.756212,1.437299,-0.654049
1.752704,1.43613,-0.646302
1.746273,1.438761,-0.650541
1.75095,1.433791,-0.647179
1.748319,1.442561,-0.644256
1.744519,1.435253,-0.642064
1.737796,1.437591,-0.651418
1.743935,1.43613,-0.656972
1.742473,1.438468,-0.653756
1.749781,1.44753,-0.646448
1.735457,1.444314,-0.64981
1.739842,1.44753,-0.656241
1.748904,1.453961,-0.656095
1.746273,1.45133,-0.669687
1.743058,1.447238,-0.680357
1.743642,1.451622,-0.671003
1.748027,1.453376,-0.660333
1.735457,1.452499,-0.675387
1.740719,1.45893,-0.663402
1.748612,1.465361,-0.672026
1.745396,1.463899,-0.681964
1.738088,1.4715,-0.678457
1.738965,1.465069,-0.676849
1.740134,1.462146,-0.67071
1.741011,1.459807,-0.673341
1.744227,1.472669,-0.684303
1.743058,1.4677,-0.687226
1.742473,1.463607,-0.684595
1.741888,1.475884,-0.684303
1.747442,1.47033,-0.687518
1.745396,1.475884,-0.690149
1.743935,1.476761,-0.691611
1.748027,1.482315,-0.696141
1.748612,1.475884,-0.702426
1.740719,1.478223,-0.700526
1.748904,1.473253,-0.695118
1.748319,1.483192,-0.695703
1.749196,1.480561,-0.704619
1.743058,1.481146,-0.690003
1.746273,1.486115,-0.695265
1.750365,1.484069,-0.704765
1.753289,1.491961,-0.695995
1.744519,1.488746,-0.702718
1.749196,1.487577,-0.696726
1.749196,1.487869,-0.702718
1.748904,1.489038,-0.695557
1.748319,1.489038,-0.710172
1.752412,1.491084,-0.715288
1.743935,1.463315,-0.708565
1.748319,1.499854,-0.717773
1.752119,1.496638,-0.706957
1.750365,1.486115,-0.712511
1.748319,1.497808,-0.713534
1.752119,1.5019,-0.722742
1.750365,1.498977,-0.705203
1.75095,1.497223,-0.710611
1.75095,1.494592,-0.70038
1.752996,1.492546,-0.719819
1.749488,1.494884,-0.712657
1.74715,1.495469,-0.709734
1.750365,1.495762,-0.726688
1.755042,1.498977,-0.712072
1.755335,1.491669,-0.710903
1.760304,1.495177,-0.70798
1.754458,1.498392,-0.720111
1.758842,1.4943,-0.721573
1.75855,1.489915,-0.696726
1.764104,1.493423,-0.709588
1.765858,1.496638,-0.708565
1.762643,1.497223,-0.709442
1.758842,1.490208,-0.72055
1.760012,1.491377,-0.718503
1.76615,1.500146,-0.706811
1.767612,1.497515,-0.710465
1.764689,1.497808,-0.704326
1.766443,1.4981,-0.709003
1.765566,1.485823,-0.71178
1.765858,1.489623,-0.712072
1.769366,1.497223,-0.696141
1.768781,1.492254,-0.710903
1.772581,1.487869,-0.709442
1.776381,1.494592,-0.712511
1.777843,1.490208,-0.704911
1.776089,1.4905,-0.696434
1.77492,1.489331,-0.708126
1.77492,1.491084,-0.700965
1.77492,1.4981,-0.697895
1.775212,1.490792,-0.69468
1.78252,1.4943,-0.701695
1.772873,1.486115,-0.709149
1.779304,1.487577,-0.702426
1.783397,1.487869,-0.709296
1.783397,1.493715,-0.703303
1.784858,1.491377,-0.70418
1.788658,1.487284,-0.704034
1.786027,1.4829,-0.699503
1.791581,1.486408,-0.699503
1.79772,1.488454,-0.700965
1.788366,1.481146,-0.699065
1.788366,1.484069,-0.684303
1.790704,1.48553,-0.686495
1.790412,1.48173,-0.69848
1.793628,1.475007,-0.693365
1.788366,1.4715,-0.694241
1.795381,1.474423,-0.695118
1.790997,1.47793,-0.690149
1.79012,1.4715,-0.692049
1.795674,1.47033,-0.692926
1.79392,1.473546,-0.683134
1.795089,1.468869,-0.681964
1.78632,1.469746,-0.694388
1.796258,1.468576,-0.684157
1.799766,1.473253,-0.674949
1.794797,1.4753,-0.679918
1.790997,1.473838,-0.680357
1.797428,1.47033,-0.68138
1.799182,1.468576,-0.684595
1.795674,1.465946,-0.673195
1.798889,1.467992,-0.681234
1.798889,1.470623,-0.675095
1.797428,1.463607,-0.687664
1.797428,1.463022,-0.665303
1.800935,1.45893,-0.670418
1.798012,1.462146,-0.68021
1.795674,1.459222,-0.67261
1.800935,1.454545,-0.669103
1.809705,1.45513,-0.666179
1.805028,1.459222,-0.666764
1.800935,1.456007,-0.673195
1.807951,1.454545,-0.662233
1.804735,1.453961,-0.66311
1.807074,1.460099,-0.662233
1.800643,1.448407,-0.656825
1.799766,1.447238,-0.654195
1.798305,1.444899,-0.652295
1.799766,1.449576,-0.659018
1.801812,1.445776,-0.653025
1.808828,1.434084,-0.650395
1.800643,1.442853,-0.652002
1.800935,1.444607,-0.657118
1.793043,1.455715,-0.649664
1.800058,1.442268,-0.648495
1.804443,1.439053,-0.653902
1.80532,1.442268,-0.648933
1.801812,1.434668,-0.646448
1.802105,1.440514,-0.637387
1.80912,1.432914,-0.648348
1.803566,1.439638,-0.648933
1.80912,1.437007,-0.636364
1.808828,1.433791,-0.641333
1.798012,1.437299,-0.630664
1.807659,1.434376,-0.641187
1.806197,1.431745,-0.631833
1.801812,1.427945,-0.633879
1.804735,1.425899,-0.639433
1.807074,1.430284,-0.628763
1.810582,1.426191,-0.646156
1.811459,1.425899,-0.629494
1.805028,1.427653,-0.63271
1.80912,1.422099,-0.670272
1.811459,1.420637,-0.633148
1.802397,1.421222,-0.63344
1.800643,1.420637,-0.626863
1.815843,1.420637,-0.634464
1.802105,1.418883,-0.63271
1.807366,1.415668,-0.624963
1.800351,1.416545,-0.630664
1.800058,1.414206,-0.62891
1.810289,1.412745,-0.616486
1.804151,1.410114,-0.624086
1.804443,1.414499,-0.611225
1.801812,1.41216,-0.613563
1.806782,1.420345,-0.628325
1.806197,1.414791,-0.61064
1.807659,1.410991,-0.624086
1.798305,1.410114,-0.614586
1.812336,1.41596,-0.627156
1.806782,1.410699,-0.617656
1.809412,1.409822,-0.621456
1.794797,1.415376,-0.617948
1.806782,1.416545,-0.626279
1.803274,1.416253,-0.618825
1.810874,1.405145,-0.610786
1.799474,1.422976,-0.647033
1.788366,1.44373,-0.654195
1.774043,1.491084,-0.693218
1.758258,1.5095,-0.733557
1.739842,1.517393,-0.758112
1.747735,1.519146,-0.784858
1.75475,1.497515,-0.810289
1.771996,1.500438,-0.805759
1.770827,1.488454,-0.807659
1.768489,1.486408,-0.795381
1.77755,1.476177,-0.806635
1.782227,1.467115,-0.795235
1.785151,1.44753,-0.807805
1.789535,1.440222,-0.80342
1.791289,1.447822,-0.793481
1.795966,1.44373,-0.791874
1.796843,1.442853,-0.79012
1.803859,1.43496,-0.802251
1.809997,1.424437,-0.801228
1.812336,1.42473,-0.799766
1.814382,1.420345,-0.800205
1.814966,1.422099,-0.797574
1.824028,1.421806,-0.797428
1.817305,1.413622,-0.804297
1.828413,1.413622,-0.749635
1.832797,1.410991,-0.787928
1.827536,1.399298,-0.808974
1.837474,1.408945,-0.784858
1.836305,1.40456,-0.788366
1.837767,1.403975,-0.778574
1.837182,1.399298,-0.779889
1.840398,1.402222,-0.783689
1.846828,1.404268,-0.782666
1.840982,1.398422,-0.781643
1.849167,1.396375,-0.769804
1.844198,1.385267,-0.773458
1.859398,1.392868,-0.758989
1.851798,1.38556,-0.776235
1.863198,1.388191,-0.75855
1.862029,1.38059,-0.770973
1.865829,1.379129,-0.763227
1.86729,1.378837,-0.756942
1.866706,1.384098,-0.759866
1.870213,1.370944,-0.755042
1.878106,1.373283,-0.749927
1.881614,1.369483,-0.753727
1.87986,1.37036,-0.747296
1.882198,1.364221,-0.744373
1.881321,1.362175,-0.740427
1.888337,1.358959,-0.736334
1.895937,1.349898,-0.720842
1.895645,1.355452,-0.720257
1.888044,1.34639,-0.72698
1.896521,1.348436,-0.725665
1.898568,1.342005,-0.720257
1.902368,1.340836,-0.723619
1.899152,1.33382,-0.709003
1.900029,1.340544,-0.72508
1.900322,1.33879,-0.719088
1.899737,1.33119,-0.711488
1.900322,1.320374,-0.71368
1.897398,1.325636,-0.701257
1.904999,1.323297,-0.695265
1.907629,1.308682,-0.695995
1.910553,1.31482,-0.693657
1.908506,1.306635,-0.689272
1.907922,1.299328,-0.685911
1.914937,1.302835,-0.685326
1.920783,1.29962,-0.679626
1.912599,1.301666,-0.681964
1.913183,1.298158,-0.685764
1.915522,1.291435,-0.663987
1.915814,1.290851,-0.656095
1.911722,1.289097,-0.665887
1.917568,1.284712,-0.658872
1.916691,1.272435,-0.655802
1.924291,1.269804,-0.652879
1.914353,1.266589,-0.647618
1.927799,1.259573,-0.660041
1.925168,1.262496,-0.658141
1.928091,1.264835,-0.649225
1.926337,1.259281,-0.643087
1.919322,1.251973,-0.642356
1.923707,1.240573,-0.636656
1.932184,1.249635,-0.63344
1.928968,1.242327,-0.629348
1.933645,1.232973,-0.636948
1.926045,1.22888,-0.633733
1.923414,1.230342,-0.617948
1.928091,1.228296,-0.611371
1.923414,1.223911,-0.621748
1.927214,1.22508,-0.599386
1.924583,1.223619,-0.602602
1.924876,1.215142,-0.612832
1.919614,1.21368,-0.602894
1.920491,1.213096,-0.597048
1.92283,1.212511,-0.603186
1.92166,1.209003,-0.597486
1.931014,1.194972,-0.592663
1.926922,1.20228,-0.596463
1.922537,1.200234,-0.582578
1.914645,1.194095,-0.583017
1.922245,1.178895,-0.585209
1.91406,1.181818,-0.584917
1.921368,1.177141,-0.571616
1.92283,1.178603,-0.580386
1.913183,1.17568,-0.57147
1.916691,1.169833,-0.581555
1.912599,1.175387,-0.562847
1.916106,1.171587,-0.572786
1.915522,1.166326,-0.557147
1.910553,1.160772,-0.562116
1.913768,1.161649,-0.56197
1.910845,1.165449,-0.559047
1.912014,1.158433,-0.551739
1.909968,1.155802,-0.564163
1.908214,1.148495,-0.559193
1.907629,1.148787,-0.546478
1.912306,1.147325,-0.546185
1.905583,1.141771,-0.549108
1.900906,1.150248,-0.549255
1.875183,1.144695,-0.545893
1.903537,1.133587,-0.54677
1.896229,1.138556,-0.542678
1.904999,1.137387,-0.552324
1.896814,1.133587,-0.543993
1.896229,1.141771,-0.54677
1.894183,1.132417,-0.552032
1.89126,1.134464,-0.546916
1.888337,1.137679,-0.539462
1.881321,1.134756,-0.546185
1.888629,1.127448,-0.553493
1.883367,1.133879,-0.556124
1.883075,1.135341,-0.549839
1.877521,1.130956,-0.543847
1.875767,1.126571,-0.550862
1.870798,1.126863,-0.550424
1.871675,1.126863,-0.548524
1.863783,1.131541,-0.54107
1.870213,1.128033,-0.545162
1.867875,1.128617,-0.544724
1.859398,1.128617,-0.552908
1.864659,1.129494,-0.544139
1.861444,1.135048,-0.563578
1.858229,1.123063,-0.545162
1.851505,1.129494,-0.545308
1.851798,1.12511,-0.553347
1.843028,1.130956,-0.550862
1.847413,1.13271,-0.559632
1.845659,1.134171,-0.56577
1.846536,1.130956,-0.546916
1.842151,1.126863,-0.563432
1.840105,1.130664,-0.559486
1.832797,1.12774,-0.563724
1.829582,1.135341,-0.572932
1.836597,1.134171,-0.558901
1.827536,1.141479,-0.553493
1.828705,1.137387,-0.569132
1.825782,1.139725,-0.564455
1.822567,1.142941,-0.560509
1.823443,1.142648,-0.576147
1.815551,1.144402,-0.562262
1.811459,1.145279,-0.569278
1.815259,1.147618,-0.573516
1.817889,1.152002,-0.575563
1.805612,1.150833,-0.573224
1.818182,1.160479,-0.577317
1.811459,1.153464,-0.589886
1.804443,1.155218,-0.585501
1.802105,1.15551,-0.583309
1.800935,1.158726,-0.586232
1.803566,1.16311,-0.587109
1.791581,1.161356,-0.587986
1.792458,1.162233,-0.596171
1.791289,1.170418,-0.599971
1.79392,1.17071,-0.602894
1.790997,1.168664,-0.598948
1.786904,1.172464,-0.602455
1.790412,1.182111,-0.603478
1.792166,1.180649,-0.617071
1.792166,1.182403,-0.619263
1.786027,1.182403,-0.605232
1.788951,1.188541,-0.606986
1.78252,1.189126,-0.610932
1.781935,1.189126,-0.610494
1.783104,1.198772,-0.612832
1.782812,1.192341,-0.619556
1.774335,1.196726,-0.625256
1.780766,1.20608,-0.625548
1.77492,1.201403,-0.640748
1.779889,1.20988,-0.642356
1.768781,1.216603,-0.634902
1.768489,1.215142,-0.639287
1.769658,1.216019,-0.653902
1.765566,1.21368,-0.656095
1.764981,1.222157,-0.640602
1.765858,1.22508,-0.655364
1.767319,1.223034,-0.661502
1.767319,1.228004,-0.660187
1.762643,1.233557,-0.660479
1.762643,1.240281,-0.666033
1.761181,1.242619,-0.67261
1.758842,1.239988,-0.664718
1.72815,1.243496,-0.667495
1.755919,1.24525,-0.675972
1.749781,1.250804,-0.674364
1.754165,1.243496,-0.679334
1.750073,1.253435,-0.699065
1.753289,1.258696,-0.685764
1.747442,1.265127,-0.68518
1.754165,1.274189,-0.693072
1.755042,1.275358,-0.687226
1.748612,1.272727,-0.693657
1.746858,1.26805,-0.705203
1.743935,1.28062,-0.690588
1.742765,1.281497,-0.71368
1.747442,1.280912,-0.713826
1.749488,1.291143,-0.700088
1.737211,1.287635,-0.706519
1.744519,1.291728,-0.708126
1.742765,1.296405,-0.717919
1.744519,1.302543,-0.733265
1.738965,1.302835,-0.716165
1.737796,1.300497,-0.720403
1.741596,1.306928,-0.724203
1.747735,1.310143,-0.729465
1.742473,1.314528,-0.72698
1.746858,1.320959,-0.719234
1.749196,1.315989,-0.735896
1.745981,1.316574,-0.740134
1.747442,1.32622,-0.749196
1.746273,1.332944,-0.740719
1.749488,1.332067,-0.73955
1.743935,1.339667,-0.757381
1.748904,1.33499,-0.746565
1.747735,1.344928,-0.763519
1.748612,1.343174,-0.748465
1.750365,1.33879,-0.76805
1.747735,1.338205,-0.762204
1.743642,1.347267,-0.763958
1.747442,1.355159,-0.765419
1.748027,1.350775,-0.771266
1.751827,1.362175,-0.774043
1.759427,1.367144,-0.77755
1.752996,1.370944,-0.775797
1.751242,1.358082,-0.777989
1.755919,1.37036,-0.787928
1.758842,1.370652,-0.780181
1.757381,1.371236,-0.787781
1.76235,1.379714,-0.782812
1.758258,1.382929,-0.783543
1.753873,1.382637,-0.794797
1.764396,1.38059,-0.789974
1.769366,1.383806,-0.783981
1.767904,1.387606,-0.782081
1.769366,1.392575,-0.78442
1.767027,1.387021,-0.794505
1.767027,1.386144,-0.787197
1.769366,1.392868,-0.796258
1.76995,1.394621,-0.797428
1.771996,1.397837,-0.800789
1.780766,1.400175,-0.805466
1.768781,1.398714,-0.806343
1.776673,1.399298,-0.810436
1.781058,1.40456,-0.801228
1.781058,1.40076,-0.804735
1.785735,1.405145,-0.801082
1.788074,1.397837,-0.804151
1.787197,1.406899,-0.805905
1.788951,1.401345,-0.800205
1.782227,1.401929,-0.790997
1.791581,1.408068,-0.805466
1.793628,1.409237,-0.801666
1.788951,1.406899,-0.798012
1.793043,1.40836,-0.803712
1.799182,1.408652,-0.805466
1.802397,1.40836,-0.810436
1.806782,1.406606,-0.806051
1.804443,1.412452,-0.796405
1.807366,1.402222,-0.805028
1.802397,1.410991,-0.806782
1.809997,1.409237,-0.801228
1.812043,1.411283,-0.795528
1.814674,1.405145,-0.806782
1.818474,1.405145,-0.800789
1.824613,1.401052,-0.792605
1.824905,1.40076,-0.801374
1.82169,1.40456,-0.804882
1.823151,1.401345,-0.800789
1.826951,1.407191,-0.788658
1.832797,1.404268,-0.794797
1.839228,1.400468,-0.796258
1.841274,1.40076,-0.794651
1.842444,1.394621,-0.788804
1.836013,1.388191,-0.786174
1.841859,1.392868,-0.77872
1.847998,1.394914,-0.780474
1.844198,1.386729,-0.770389
1.847998,1.385267,-0.777404
1.857059,1.386729,-0.764396
1.858229,1.375914,-0.76922
1.862906,1.375914,-0.765858
1.865536,1.376498,-0.777404
1.868459,1.374744,-0.770535
1.869336,1.374744,-0.760158
1.871675,1.366852,-0.767027
1.873429,1.370944,-0.769658
1.881029,1.372406,-0.756796
1.87986,1.368021,-0.757235
1.880737,1.366852,-0.754165
1.885998,1.364221,-0.754312
1.888337,1.35399,-0.74335
1.883952,1.353405,-0.730342
1.884537,1.347267,-0.741158
1.89126,1.351652,-0.737942
1.890091,1.344636,-0.733996
1.897983,1.339374,-0.729757
1.891845,1.34259,-0.720403
1.89126,1.339374,-0.720842
1.894768,1.330897,-0.71938
1.897983,1.331774,-0.720988
1.899445,1.325928,-0.710172
1.896521,1.325636,-0.705495
1.899737,1.323005,-0.707395
1.89886,1.318328,-0.703742
1.909383,1.322128,-0.699211
1.902368,1.311605,-0.687957
1.908799,1.315989,-0.691757
1.914645,1.30342,-0.687811
1.911137,1.304297,-0.68138
1.91026,1.305466,-0.668956
1.913183,1.301666,-0.68328
1.914353,1.289097,-0.67188
1.912306,1.290851,-0.673487
1.907922,1.296405,-0.664718
1.916106,1.285297,-0.663256
1.916691,1.281204,-0.662526
1.919614,1.28062,-0.658579
1.915229,1.273897,-0.660626
1.915814,1.266004,-0.658287
1.922537,1.261035,-0.657556
1.919322,1.258696,-0.643233
1.92283,1.251388,-0.638702
1.917276,1.259573,-0.639579
1.921953,1.256358,-0.637971
1.922537,1.258696,-0.646448
1.921953,1.247588,-0.637679
1.924291,1.243496,-0.626425
1.930722,1.243496,-0.623648
1.931891,1.245542,-0.63154
1.932184,1.234142,-0.620871
1.92546,1.235019,-0.62321
1.924583,1.230634,-0.618679
1.922537,1.230927,-0.619702
1.924583,1.224203,-0.615317
1.92663,1.216019,-0.613563
1.924583,1.221573,-0.606694
1.932768,1.210172,-0.604355
1.919322,1.212803,-0.607132
1.92926,1.20228,-0.603186
1.929553,1.20608,-0.608886
1.933353,1.203449,-0.593686
1.927507,1.192341,-0.588717
1.921368,1.194095,-0.586232
1.926045,1.187664,-0.587547
1.928968,1.18328,-0.589009
1.922537,1.182695,-0.576001
1.930722,1.180357,-0.580824
1.927507,1.181234,-0.584332
1.918445,1.171587,-0.57337
1.920491,1.173633,-0.577317
1.921368,1.17568,-0.576001
1.918445,1.171587,-0.569132
1.923414,1.17071,-0.532885
1.919322,1.166326,-0.56007
1.91406,1.164572,-0.567816
1.921368,1.156679,-0.579801
1.916106,1.15171,-0.565332
1.912891,1.161064,-0.565478
1.910553,1.14791,-0.562993
1.905291,1.154925,-0.550862
1.910553,1.146741,-0.566209
1.91026,1.147618,-0.561239
1.904706,1.146156,-0.552908
1.902368,1.145864,-0.555247
1.893306,1.144402,-0.548524
1.897691,1.142064,-0.560947
1.897106,1.134464,-0.547355
1.892429,1.138556,-0.54297
1.895352,1.140018,-0.558316
1.888337,1.135341,-0.553785
1.882198,1.139725,-0.540485
1.888629,1.125987,-0.551155
1.888337,1.139141,-0.547939
1.880444,1.137679,-0.542239
1.879567,1.145279,-0.535808
1.871675,1.156972,-0.519
1.859398,1.17831,-0.512131
1.85209,1.236188,-0.540047
1.809412,1.289389,-0.548816
1.794797,1.345805,-0.581263
1.77872,1.390821,-0.608594
1.76995,1.428822,-0.633879
1.765566,1.452207,-0.669103
1.758842,1.465653,-0.675387
1.749488,1.479684,-0.692488
1.760304,1.487284,-0.707688
1.752119,1.496054,-0.717188
1.754458,1.5057,-0.736481
1.757381,1.510962,-0.743935
1.749781,1.513008,-0.735311
1.75855,1.514177,-0.738965
1.763227,1.511254,-0.752119
1.758842,1.511546,-0.740865
1.76995,1.517393,-0.753727
1.767027,1.510085,-0.758258
1.769658,1.516808,-0.757673
1.76235,1.515639,-0.752558
1.77375,1.5095,-0.744811
1.782812,1.513008,-0.755042
1.771704,1.512716,-0.712657
1.778135,1.510377,-0.753581
1.780181,1.505408,-0.745396
1.775797,1.508623,-0.743058
1.784274,1.507746,-0.742765
1.790997,1.508623,-0.762204
1.784858,1.502777,-0.752412
1.791581,1.507454,-0.743788
1.795674,1.504238,-0.725519
1.794797,1.508039,-0.743935
1.792751,1.500146,-0.739696
1.80152,1.4943,-0.742765
1.800643,1.498685,-0.735165
1.792458,1.499269,-0.737796
1.797135,1.491961,-0.742181
1.803274,1.489331,-0.737504
1.802982,1.489915,-0.736773
1.805612,1.490208,-0.724496
1.810289,1.491961,-0.719234
1.812336,1.493131,-0.72128
1.811166,1.491669,-0.725519
1.814382,1.481146,-0.711488
1.80912,1.481438,-0.719673
1.812336,1.479392,-0.725957
1.81672,1.477054,-0.719673
1.82052,1.477638,-0.728588
1.814966,1.472961,-0.717773
1.817305,1.472669,-0.713242
1.819643,1.469161,-0.703449
1.827536,1.47033,-0.71558
1.826074,1.468869,-0.696434
1.820813,1.465946,-0.697749
1.818182,1.460392,-0.706226
1.827243,1.463022,-0.699357
1.831044,1.457761,-0.693365
1.829874,1.459222,-0.702134
1.830751,1.454838,-0.697311
1.825782,1.459807,-0.684887
1.831628,1.448115,-0.681087
1.833382,1.44753,-0.695703
1.832213,1.445484,-0.681087
1.831336,1.449868,-0.677872
1.831336,1.444314,-0.682695
1.831921,1.446653,-0.66881
1.831628,1.443438,-0.671149
1.837474,1.441099,-0.676557
1.838351,1.440807,-0.667787
1.840398,1.440807,-0.668079
1.832797,1.42473,-0.666179
1.841567,1.438176,-0.661795
1.843613,1.427653,-0.664426
1.843028,1.422976,-0.650687
1.839813,1.421806,-0.659018
1.84449,1.41596,-0.657702
1.845075,1.418591,-0.649372
1.845659,1.418299,-0.650248
1.850336,1.412452,-0.654341
1.843905,1.412745,-0.649664
1.842151,1.407191,-0.651856
1.84829,1.403098,-0.651125
1.84829,1.402222,-0.643818
1.845659,1.398714,-0.643818
1.842151,1.401929,-0.638702
1.854136,1.394914,-0.632125
1.852675,1.390821,-0.622333
1.842151,1.395498,-0.623356
1.837474,1.392868,-0.625548
1.851213,1.391114,-0.623502
1.844198,1.388191,-0.624379
1.845075,1.378837,-0.609763
1.848875,1.381175,-0.605232
1.853259,1.375621,-0.610348
1.849752,1.370652,-0.612832
1.842736,1.377667,-0.614294
1.850628,1.374744,-0.610348
1.843028,1.373283,-0.600555
1.838059,1.37036,-0.604209
1.842151,1.36539,-0.604502
1.846244,1.36159,-0.614148
1.84069,1.367436,-0.605086
1.843905,1.358375,-0.603625
1.843321,1.357206,-0.597778
1.843613,1.360421,-0.598217
1.843028,1.354282,-0.592663
1.850336,1.359836,-0.599094
1.840398,1.351359,-0.589009
1.846828,1.345513,-0.585501
1.847413,1.346098,-0.593978
1.841859,1.353113,-0.592663
1.843613,1.338205,-0.592224
1.838351,1.345805,-0.595732
1.847121,1.332067,-0.58214
1.843613,1.339959,-0.580824
1.844198,1.335867,-0.581847
1.842444,1.34639,-0.583309
1.836597,1.337913,-0.576878
1.838059,1.327097,-0.569424
1.841567,1.332944,-0.581409
1.839521,1.328267,-0.581994
1.838644,1.328851,-0.574978
1.82812,1.335574,-0.578778
1.832213,1.337621,-0.580824
1.833382,1.334405,-0.568693
1.83309,1.329144,-0.574686
1.835428,1.334405,-0.567378
1.834844,1.329436,-0.574978
1.825782,1.324174,-0.566063
1.830751,1.318913,-0.576586
1.830459,1.323005,-0.566355
1.826659,1.325928,-0.568986
1.822567,1.31862,-0.557147
1.817889,1.311605,-0.562555
1.825782,1.318036,-0.564309
1.823151,1.327097,-0.557732
1.824028,1.31862,-0.56197
1.819643,1.320082,-0.568693
1.821105,1.315989,-0.564309
1.817597,1.318328,-0.562262
1.818182,1.31979,-0.568401
1.81672,1.313066,-0.567086
1.816136,1.315113,-0.566647
1.810874,1.310143,-0.558609
1.821397,1.310143,-0.562262
1.814674,1.306635,-0.567816
1.802982,1.310728,-0.567524
1.799766,1.318913,-0.558755
1.808828,1.313651,-0.564016
1.808535,1.31862,-0.566063
1.798597,1.311312,-0.560216
1.790997,1.310436,-0.574393
1.795381,1.312482,-0.566939
1.795381,1.315697,-0.596171
1.797135,1.308974,-0.570593
1.796551,1.318913,-0.566793
1.793628,1.314528,-0.568547
1.790997,1.313943,-0.574101
1.789243,1.313066,-0.58287
1.788658,1.315697,-0.572493
1.789243,1.320374,-0.580386
1.787781,1.319497,-0.566793
1.78135,1.325636,-0.578632
1.779597,1.32242,-0.569424
1.775797,1.32622,-0.567378
1.775504,1.321251,-0.573078
1.772873,1.324759,-0.566063
1.773166,1.329728,-0.579801
1.771412,1.32359,-0.57644
1.778135,1.32359,-0.578047
1.768781,1.32622,-0.590471
1.765566,1.332359,-0.589155
1.764981,1.334113,-0.588278
1.757089,1.334697,-0.594709
1.762058,1.329144,-0.590909
1.758258,1.337328,-0.599532
1.761473,1.337913,-0.606255
1.761766,1.342005,-0.602748
1.767319,1.344051,-0.598071
1.754458,1.350482,-0.614586
1.753873,1.353113,-0.608009
1.759427,1.352236,-0.601578
1.750073,1.347267,-0.61634
1.746858,1.356036,-0.613856
1.752119,1.356036,-0.610202
1.746273,1.354575,-0.612102
1.743642,1.354575,-0.61064
1.74715,1.355452,-0.617509
1.748027,1.361006,-0.621017
1.743058,1.361006,-0.629202
1.740719,1.36656,-0.629348
1.741011,1.365975,-0.617656
1.73575,1.368898,-0.627887
1.740719,1.364221,-0.625987
1.737211,1.370944,-0.633002
1.741596,1.376498,-0.626717
1.736627,1.382637,-0.638848
1.733119,1.379421,-0.602017
1.730488,1.381467,-0.644256
1.733704,1.387898,-0.632417
1.72815,1.385267,-0.636948
1.726688,1.388775,-0.654779
1.731073,1.395206,-0.658726
1.724642,1.393452,-0.661502
1.72698,1.391406,-0.66311
1.725519,1.38936,-0.662526
1.727565,1.392868,-0.666033
1.725811,1.406314,-0.675241
1.720257,1.403683,-0.667933
1.716457,1.40456,-0.672318
1.717042,1.410991,-0.671587
1.713242,1.414791,-0.688249
1.726396,1.413329,-0.681818
1.720257,1.416253,-0.682403
1.715873,1.42356,-0.691611
1.71558,1.422683,-0.688103
1.715873,1.430284,-0.69468
1.719088,1.433207,-0.694826
1.716457,1.433791,-0.706811
1.719673,1.433499,-0.692634
1.717626,1.435838,-0.700526
1.719965,1.439345,-0.701988
1.712949,1.444022,-0.69468
1.721719,1.446361,-0.699065
1.712072,1.448699,-0.712365
1.717334,1.449284,-0.709296
1.717334,1.455422,-0.713388
1.711196,1.457761,-0.715288
1.713242,1.46273,-0.709296
1.713826,1.462146,-0.727565
1.711196,1.463899,-0.720257
1.714411,1.463899,-0.725957
1.716749,1.468869,-0.725227
1.712365,1.469161,-0.741011
1.71178,1.467407,-0.735604
1.709149,1.473546,-0.73005
1.715288,1.4753,-0.737796
1.718796,1.478223,-0.738965
1.710903,1.479392,-0.747296
1.716457,1.484946,-0.739842
1.709734,1.484946,-0.744519
1.712657,1.484946,-0.751242
1.711196,1.484069,-0.744958
1.71558,1.490792,-0.74335
1.724057,1.490792,-0.751973
1.719673,1.497515,-0.754312
1.727857,1.502485,-0.753727
1.724642,1.461269,-0.749342
1.72698,1.464192,-0.749781
1.724057,1.506285,-0.762789
1.733704,1.504823,-0.76732
1.726688,1.5019,-0.760012
1.726103,1.5095,-0.759281
1.734288,1.5133,-0.758258
1.737796,1.5095,-0.760304
1.729611,1.503946,-0.768781
1.736919,1.513592,-0.753581
1.738965,1.513592,-0.764396
1.73955,1.519146,-0.76732
1.744227,1.515054,-0.772727
1.745104,1.515639,-0.766296
1.744519,1.512131,-0.764689
1.74335,1.518854,-0.777697
1.745104,1.519731,-0.770096
1.741011,1.512716,-0.764981
1.748904,1.518562,-0.767612
1.748027,1.515346,-0.761035
1.759135,1.521193,-0.773897
1.754165,1.524993,-0.761619
1.751535,1.523823,-0.761766
1.758258,1.514762,-0.771704
1.757381,1.519439,-0.76045
1.762935,1.514762,-0.765127
1.762058,1.522654,-0.757235
1.771412,1.520023,-0.763373
1.774043,1.518562,-0.771266
1.769658,1.516223,-0.766735
1.771704,1.515931,-0.760304
1.770243,1.515931,-0.749635
1.774627,1.509208,-0.763081
1.779012,1.51827,-0.755481
1.770243,1.514177,-0.750073
1.77375,1.520316,-0.758696
1.78252,1.519439,-0.754165
1.784858,1.518854,-0.746273
1.788951,1.517393,-0.753142
1.791581,1.516808,-0.753289
1.788366,1.511839,-0.746711
1.791289,1.511254,-0.755627
1.792458,1.5133,-0.747296
1.793628,1.516516,-0.747004
1.791289,1.504238,-0.742619
1.791289,1.504531,-0.744227
1.794505,1.507746,-0.740281
1.795966,1.507454,-0.726688
1.798597,1.503946,-0.747588
1.798597,1.502777,-0.741158
1.803274,1.500146,-0.737065
1.802397,1.503946,-0.740134
1.811166,1.500146,-0.739258
1.806197,1.504823,-0.736627
1.807659,1.499854,-0.733704
1.809705,1.489331,-0.734873
1.81292,1.499854,-0.723911
1.813797,1.4943,-0.720111
1.81672,1.489331,-0.717919
1.814674,1.488161,-0.711049
1.817013,1.485238,-0.721719
1.81292,1.481146,-0.715142
1.816136,1.481438,-0.713973
1.816136,1.483484,-0.708126
1.814966,1.484361,-0.709734
1.826951,1.4791,-0.714119
1.815551,1.473253,-0.701695
1.827536,1.4715,-0.703303
1.824613,1.47413,-0.707834
1.822567,1.475884,-0.693803
1.819351,1.460684,-0.695411
1.827243,1.465069,-0.699795
1.836305,1.459222,-0.699065
1.829582,1.469453,-0.696872
1.826951,1.460684,-0.69848
1.830751,1.460392,-0.701695
1.832505,1.452792,-0.693511
1.836305,1.453084,-0.693511
1.828705,1.462438,-0.68708
1.826074,1.463022,-0.679626
1.805612,1.468576,-0.691757
1.785735,1.469746,-0.680357
1.760889,1.461853,-0.677141
1.750365,1.452792,-0.663695
1.735457,1.415083,-0.677726
1.73195,1.400468,-0.68021
1.717919,1.381467,-0.687664
1.717334,1.356329,-0.679334
1.727565,1.326805,-0.687372
1.73575,1.306343,-0.68518
1.740134,1.290851,-0.687372
1.750365,1.283251,-0.695849
1.750658,1.274773,-0.696726
1.756796,1.278281,-0.705349
1.759427,1.27185,-0.697311
1.764396,1.266004,-0.706519
1.768196,1.26922,-0.704765
1.771704,1.256358,-0.708565
1.779889,1.256358,-0.709149
1.772289,1.259573,-0.705788
1.786027,1.268635,-0.710465
1.781058,1.261619,-0.704472
1.786612,1.258696,-0.717188
1.784566,1.264835,-0.720403
1.780766,1.266881,-0.715288
1.784566,1.258404,-0.710026
1.781058,1.254604,-0.721573
1.77872,1.259866,-0.724057
1.788074,1.266296,-0.718942
1.780181,1.259866,-0.724788
1.779597,1.27302,-0.715873
1.784274,1.275358,-0.719088
1.781643,1.272727,-0.724203
1.785443,1.268635,-0.733411
1.782227,1.279158,-0.734581
1.78135,1.280327,-0.735896
1.786904,1.280035,-0.725373
1.793043,1.281497,-0.733996
1.785151,1.285881,-0.747004
1.787489,1.287051,-0.741304
1.786904,1.280327,-0.746273
1.792458,1.296405,-0.737796
1.787489,1.287051,-0.742034
1.790412,1.294066,-0.738527
1.785735,1.290266,-0.74905
1.787197,1.294358,-0.742327
1.796843,1.293481,-0.748465
1.795674,1.301374,-0.750219
1.791289,1.299328,-0.751535
1.788658,1.298451,-0.750365
1.790412,1.298158,-0.750804
1.790412,1.304882,-0.751827
1.790704,1.296405,-0.748027
1.796843,1.307512,-0.754458
1.795089,1.310143,-0.758696
1.803859,1.307512,-0.759281
1.801812,1.305466,-0.752996
1.80152,1.31102,-0.757673
1.800351,1.346098,-0.763227
1.800058,1.309851,-0.762935
1.798305,1.311897,-0.768489
1.801812,1.311897,-0.766881
1.802982,1.320374,-0.768781
1.801228,1.320666,-0.764835
1.802689,1.32242,-0.775358
1.811459,1.311605,-0.759135
1.814089,1.317159,-0.772873
1.816136,1.319205,-0.781643
1.809997,1.321836,-0.777989
1.813797,1.322713,-0.782227
1.820813,1.32359,-0.776966
1.812336,1.320374,-0.769512
1.816136,1.315989,-0.759573
1.821982,1.316866,-0.76235
1.815259,1.323005,-0.768927
1.823443,1.319497,-0.767173
1.819643,1.319497,-0.770973
1.817889,1.320666,-0.779889
1.831628,1.324759,-0.770681
1.835136,1.320082,-0.775212
1.827536,1.326805,-0.770973
1.838936,1.318036,-0.768927
1.836013,1.320082,-0.763373
1.831044,1.320959,-0.775066
1.834551,1.323882,-0.770243
1.838936,1.327974,-0.762496
1.842736,1.32242,-0.768343
1.844782,1.32242,-0.77185
1.850044,1.324467,-0.767466
1.850628,1.327682,-0.761327
1.849167,1.323005,-0.758989
1.848875,1.320082,-0.761766
1.853844,1.320666,-0.751535
1.850921,1.31102,-0.756796
1.861152,1.317451,-0.77185
1.85589,1.311312,-0.763666
1.856767,1.306928,-0.759573
1.864952,1.31482,-0.761473
1.86349,1.310143,-0.745104
1.862029,1.308389,-0.74905
1.860859,1.309266,-0.746858
1.867875,1.306051,-0.74145
1.87109,1.306051,-0.732388
1.867583,1.294943,-0.753142
1.870506,1.297574,-0.729757
1.876644,1.297866,-0.725519
1.878106,1.306051,-0.736481
1.880152,1.292897,-0.735604
1.874306,1.298158,-0.727419
1.880737,1.289974,-0.722303
1.893014,1.301374,-0.739404
1.893306,1.289097,-0.725373
1.886875,1.283835,-0.724496
1.890968,1.290558,-0.729904
1.892137,1.283251,-0.71558
1.891552,1.283835,-0.724496
1.888629,1.277112,-0.712511
1.890383,1.280327,-0.713242
1.896229,1.273897,-0.706519
1.894475,1.27682,-0.710026
1.892721,1.274189,-0.711926
1.900614,1.272435,-0.697895
1.905583,1.266881,-0.707395
1.903537,1.266589,-0.697311
1.907337,1.267173,-0.703742
1.900029,1.259866,-0.704765
1.909091,1.26045,-0.700818
1.90646,1.261619,-0.699649
1.904999,1.259866,-0.686203
1.913183,1.262496,-0.67568
1.906752,1.249342,-0.671733
1.906752,1.240281,-0.681672
1.919322,1.244373,-0.679041
1.910553,1.241742,-0.677726
1.907629,1.249927,-0.685764
1.913768,1.244665,-0.675241
1.909675,1.239111,-0.684449
1.916691,1.244081,-0.666033
1.911137,1.228588,-0.663256
1.919614,1.232388,-0.66881
1.914645,1.224496,-0.656972
1.91406,1.220696,-0.664426
1.928383,1.214849,-0.660479
1.925753,1.217773,-0.666179
1.913768,1.209296,-0.661795
1.921368,1.211926,-0.650102
1.927214,1.211342,-0.653902
1.918737,1.213388,-0.645133
1.916106,1.209588,-0.650248
1.921368,1.199942,-0.644987
1.919614,1.206957,-0.635779
1.925168,1.206665,-0.635341
1.921953,1.205203,-0.638994
1.919029,1.193803,-0.638117
1.921953,1.201403,-0.641333
1.925753,1.189126,-0.637825
1.927214,1.19468,-0.637679
1.929553,1.181818,-0.624233
1.926922,1.185911,-0.633733
1.926045,1.175387,-0.624525
1.929845,1.176557,-0.629348
1.928091,1.175095,-0.623356
1.927799,1.172464,-0.629056
1.917568,1.173926,-0.617948
1.916399,1.171295,-0.615756
1.921953,1.169833,-0.613125
1.92166,1.167203,-0.624379
1.92166,1.17451,-0.616048
1.923999,1.156387,-0.60874
1.912306,1.161064,-0.615463
1.916399,1.148787,-0.610348
1.907629,1.150248,-0.614733
1.917568,1.151125,-0.611956
1.916399,1.154633,-0.612394
1.917276,1.149956,-0.602894
1.914645,1.143233,-0.598363
1.915814,1.146741,-0.610494
1.913183,1.137679,-0.603332
1.915814,1.143233,-0.592078
1.916399,1.140018,-0.590178
1.908506,1.138848,-0.595732
1.904122,1.141479,-0.598509
1.903829,1.140602,-0.593394
1.908799,1.137094,-0.595294
1.906168,1.138848,-0.582578
1.901783,1.128033,-0.586524
1.905875,1.137094,-0.581409
1.902368,1.131541,-0.58097
1.904999,1.130371,-0.585063
1.89886,1.138264,-0.594563
1.895352,1.128325,-0.58594
1.899737,1.131248,-0.591348
1.891845,1.12394,-0.591932
1.892137,1.12511,-0.590909
1.89506,1.126571,-0.594709
1.890383,1.118971,-0.588132
1.87869,1.122187,-0.585063
1.886875,1.120725,-0.586378
1.881321,1.121602,-0.591348
1.883075,1.120725,-0.597194
1.885121,1.122187,-0.587986
1.880444,1.113417,-0.583309
1.87869,1.120433,-0.57454
1.873721,1.125402,-0.578486
1.870506,1.122479,-0.587986
1.870798,1.115463,-0.587255
1.873137,1.08594,-0.592809
1.871383,1.126571,-0.585647
1.871383,1.124817,-0.591201
1.868459,1.121894,-0.587255
1.865536,1.121894,-0.592663
1.862321,1.123648,-0.591348
1.863198,1.126863,-0.589448
1.870213,1.12131,-0.597194
1.856475,1.11634,-0.595294
1.860275,1.123356,-0.588132
1.853552,1.130079,-0.587109
1.850336,1.122187,-0.593248
1.854721,1.126571,-0.597486
1.844782,1.129202,-0.595586
1.853259,1.12891,-0.588132
1.851213,1.132417,-0.595878
1.845075,1.130371,-0.594417
1.848875,1.133587,-0.594271
1.852967,1.133587,-0.594855
1.842151,1.126863,-0.606402
1.84829,1.130956,-0.597194
1.840105,1.13271,-0.601578
1.834551,1.137971,-0.598363
1.83689,1.141479,-0.610786
1.836305,1.134464,-0.610932
1.837767,1.137387,-0.602602
1.831921,1.138848,-0.620579
1.830751,1.149372,-0.614294
1.824905,1.149372,-0.611809
1.818474,1.151125,-0.617948
1.82812,1.144402,-0.613856
1.825197,1.148202,-0.602017
1.822567,1.157556,-0.612102
1.823151,1.159895,-0.617217
1.826951,1.163403,-0.621894
1.82052,1.166618,-0.622333
1.819059,1.164572,-0.62701
1.815551,1.157556,-0.62774
1.819643,1.164279,-0.630956
1.82549,1.16691,-0.623794
1.819351,1.159602,-0.63271
1.816136,1.169249,-0.629202
1.807659,1.173049,-0.62701
1.806489,1.162526,-0.624233
1.803566,1.174803,-0.635048
1.812628,1.178895,-0.626571
1.814674,1.181234,-0.635633
1.810874,1.17948,-0.650833
1.808535,1.178603,-0.642064
1.812628,1.182403,-0.649079
1.808243,1.180649,-0.646156
1.804443,1.196434,-0.661064
1.801812,1.194388,-0.646156
1.812336,1.196141,-0.646302
1.806489,1.198772,-0.658579
1.798597,1.197018,-0.66311
1.802105,1.197311,-0.668518
1.797135,1.204619,-0.662964
1.796258,1.195557,-0.660041
1.792751,1.201695,-0.661502
1.795381,1.204326,-0.661941
1.796258,1.209296,-0.662818
1.792458,1.209588,-0.671441
1.795089,1.210465,-0.673633
1.802689,1.213973,-0.677433
1.793335,1.213973,-0.673633
1.79012,1.223619,-0.674364
1.79772,1.212803,-0.683134
1.789535,1.219526,-0.68138
1.79012,1.214557,-0.68518
1.788658,1.22625,-0.690003
1.787489,1.223619,-0.680941
1.791874,1.23765,-0.686495
1.798597,1.233265,-0.682549
1.789828,1.232681,-0.696434
1.790412,1.239696,-0.698772
1.788951,1.231804,-0.704619
1.779012,1.242619,-0.70418
1.786027,1.236773,-0.704326
1.788366,1.245835,-0.708419
1.793043,1.251388,-0.707103
1.786027,1.249342,-0.71178
1.785443,1.244081,-0.714411
1.790997,1.251973,-0.705203
1.784566,1.257527,-0.708272
1.789535,1.256358,-0.711926
1.790412,1.260742,-0.713096
1.783104,1.25665,-0.714996
1.78252,1.261035,-0.719819
1.780181,1.266004,-0.716019
1.791874,1.27302,-0.725373
1.784274,1.268927,-0.719088
1.786612,1.275358,-0.722596
1.785443,1.278574,-0.730488
1.788951,1.280912,-0.739988
1.788951,1.277989,-0.738381
1.79392,1.280327,-0.735019
1.785151,1.286466,-0.73268
1.793335,1.286758,-0.73385
1.782812,1.289097,-0.738965
1.791581,1.29202,-0.742911
1.791581,1.287051,-0.735311
1.788951,1.294943,-0.744958
1.782812,1.292312,-0.740281
1.790412,1.294358,-0.747442
1.788074,1.285589,-0.749781
1.794212,1.297282,-0.750365
1.791874,1.299035,-0.755042
1.788951,1.306051,-0.752996
1.79392,1.302251,-0.747881
1.787489,1.302251,-0.74525
1.789243,1.305174,-0.74905
1.794505,1.313066,-0.755335
1.788074,1.308097,-0.756796
1.793043,1.308097,-0.762496
1.794797,1.315405,-0.758112
1.798597,1.31482,-0.761327
1.799766,1.316574,-0.764981
1.802982,1.315405,-0.756942
1.805905,1.317451,-0.756796
1.803859,1.315697,-0.758696
1.805905,1.316574,-0.761766
1.808243,1.31482,-0.757235
1.812628,1.31862,-0.764835
1.814382,1.317451,-0.76995
1.814674,1.329144,-0.774043
1.808828,1.321543,-0.77755
1.807659,1.325051,-0.76615
1.808535,1.320374,-0.76615
1.81292,1.320374,-0.762204
1.814089,1.327097,-0.768635
1.824028,1.315405,-0.77872
1.821397,1.319497,-0.766004
1.819059,1.319205,-0.777258
1.819936,1.31979,-0.766735
1.826367,1.324759,-0.766004
1.823736,1.320374,-0.75855
1.823443,1.32739,-0.76235
1.822274,1.324174,-0.767758
1.837182,1.32242,-0.764689
1.832213,1.320082,-0.766881
1.830167,1.325636,-0.764396
1.832505,1.324759,-0.757381
1.835721,1.31979,-0.772143
1.83309,1.32359,-0.758404
1.842736,1.32242,-0.759866
1.839521,1.323882,-0.754312
1.849459,1.319205,-0.755481
1.843905,1.313651,-0.753142
1.846828,1.31482,-0.760742
1.853844,1.31482,-0.759427
1.854429,1.318328,-0.763812
1.847705,1.313651,-0.764689
1.855598,1.311312,-0.757819
1.855013,1.308974,-0.759427
1.853259,1.304297,-0.762204
1.857059,1.305759,-0.747588
1.864659,1.310728,-0.75095
1.869629,1.305759,-0.742181
1.866706,1.301374,-0.736773
1.86729,1.298158,-0.748612
1.87489,1.301958,-0.75095
1.869044,1.300789,-0.737942
1.874598,1.298158,-0.743788
1.870213,1.295235,-0.737065
1.874013,1.29582,-0.741304
1.873429,1.297866,-0.728004
1.884829,1.292604,-0.732534
1.881614,1.285004,-0.723327
1.878983,1.286174,-0.731219
1.887167,1.282666,-0.715288
1.891552,1.283251,-0.713973
1.888337,1.277989,-0.72128
1.894475,1.279743,-0.709149
1.888044,1.28062,-0.716457
1.889506,1.277404,-0.715142
1.892137,1.269512,-0.715726
1.888629,1.270096,-0.717334
1.895352,1.256358,-0.718065
1.888337,1.261912,-0.708419
1.890968,1.261912,-0.706372
1.896521,1.256942,-0.707103
1.896521,1.261327,-0.711634
1.901783,1.257527,-0.700818
1.900614,1.256942,-0.694972
1.894768,1.262204,-0.689711
1.902952,1.257819,-0.688688
1.903537,1.24525,-0.688395
1.87606,1.244373,-0.684157
1.878398,1.243496,-0.687811
1.908506,1.242034,-0.68328
1.903537,1.239404,-0.686934
1.910845,1.242619,-0.68708
1.907922,1.242034,-0.673487
1.909968,1.232681,-0.661941
1.906168,1.235604,-0.662964
1.907337,1.231219,-0.661356
1.907922,1.220988,-0.658287
1.907922,1.22245,-0.666618
1.919322,1.21865,-0.660187
1.908214,1.224496,-0.666033
1.912306,1.213096,-0.653464
1.915814,1.219234,-0.666179
1.918153,1.211342,-0.656095
1.911722,1.204619,-0.664426
1.915814,1.204034,-0.651856
1.914645,1.202865,-0.650833
1.919906,1.202865,-0.640602
1.917568,1.205495,-0.644256
1.91786,1.192049,-0.639287
1.916106,1.203742,-0.648933
1.919614,1.191757,-0.63461
1.92166,1.19848,-0.636948
1.919029,1.194388,-0.60874
1.921076,1.181818,-0.626717
1.918153,1.178895,-0.619994
1.92166,1.178018,-0.621748
1.918737,1.178895,-0.620433
1.923414,1.183572,-0.628325
1.919906,1.17188,-0.621456
1.919614,1.17188,-0.61444
1.922537,1.169249,-0.617217
1.913476,1.170126,-0.60874
1.917276,1.165156,-0.608155
1.91406,1.168956,-0.614002
1.92166,1.163987,-0.615902
1.914353,1.161064,-0.613709
1.91406,1.161064,-0.608009
1.915229,1.154341,-0.616486
1.907337,1.15171,-0.610056
1.916983,1.148787,-0.601871
1.911429,1.144695,-0.605379
1.909675,1.152295,-0.595148
1.907629,1.137679,-0.594709
1.907922,1.142064,-0.589009
1.916399,1.137094,-0.590909
1.907045,1.139141,-0.588571
1.900029,1.130956,-0.587547
1.904999,1.138264,-0.585501
1.937153,1.144402,-0.585501
1.902075,1.139725,-0.587694
1.904414,1.135925,-0.586524
1.898275,1.135633,-0.598948
1.903537,1.129494,-0.595294
1.899445,1.128617,-0.586817
1.902368,1.128033,-0.592078
1.901199,1.123648,-0.58974
1.890383,1.122479,-0.58594
1.888337,1.130664,-0.590617
1.888921,1.12131,-0.59164
1.891845,1.125402,-0.585063
1.893014,1.126279,-0.585063
1.888337,1.120433,-0.588717
1.885121,1.117217,-0.578193
1.886583,1.120433,-0.582578
1.879567,1.115756,-0.594124
1.884537,1.124233,-0.597925
1.883367,1.117217,-0.581117
1.878106,1.12131,-0.586671
1.882491,1.121017,-0.583163
1.873429,1.116925,-0.583747
1.87109,1.116633,-0.576293
1.87226,1.119556,-0.581263
1.871967,1.117217,-0.592078
1.870213,1.119848,-0.593832
1.868752,1.12014,-0.598948
1.864367,1.124233,-0.58214
1.866998,1.130956,-0.588278
1.86349,1.124525,-0.601432
1.865536,1.117217,-0.596901
1.858521,1.123063,-0.602455
1.864952,1.120433,-0.594855
1.855013,1.125402,-0.596025
1.861444,1.124233,-0.600117
1.852382,1.128617,-0.588863
1.846536,1.126863,-0.59544
1.850628,1.127156,-0.599386
1.852382,1.133002,-0.563724
1.841859,1.124525,-0.568693
1.849459,1.130371,-0.597194
1.843905,1.128033,-0.597048
1.847413,1.132125,-0.596025
1.847121,1.12891,-0.601871
1.833967,1.126863,-0.604794
1.835428,1.135341,-0.606986
1.839521,1.137971,-0.604355
1.843905,1.135633,-0.610494
1.838059,1.133879,-0.614002
1.832213,1.133294,-0.613563
1.835136,1.143818,-0.618094
1.82929,1.140602,-0.622333
1.823443,1.146741,-0.627887
1.826659,1.140018,-0.636364
1.822567,1.146448,-0.620286
1.823443,1.146448,-0.625256
1.822567,1.15171,-0.62891
1.822274,1.153464,-0.623356
1.818766,1.149956,-0.61824
1.820813,1.155802,-0.627302
1.817013,1.153172,-0.624086
1.81672,1.156972,-0.63344
1.816428,1.159602,-0.634464
1.81292,1.165156,-0.640894
1.814382,1.168664,-0.636364
1.811166,1.164279,-0.627887
1.805612,1.170126,-0.635925
1.81292,1.168956,-0.634171
1.808243,1.172172,-0.643087
1.811166,1.17071,-0.635194
1.803859,1.175387,-0.650541
1.810874,1.177141,-0.654341
1.805905,1.177433,-0.646887
1.798597,1.181526,-0.662379
1.795381,1.186203,-0.65551
1.802105,1.182987,-0.655802
1.797428,1.18708,-0.66691
1.795674,1.184449,-0.654195
1.798012,1.194095,-0.665887
1.797428,1.196141,-0.660772
1.803274,1.196726,-0.672756
1.799474,1.197018,-0.67188
1.798597,1.195265,-0.673195
1.787781,1.199942,-0.662233
1.794212,1.211926,-0.667495
1.792751,1.210172,-0.709149
1.79392,1.206957,-0.675095
1.789535,1.207542,-0.679041
1.792166,1.21748,-0.679772
1.792751,1.211634,-0.680357
1.791289,1.218942,-0.685472
1.794505,1.217188,-0.691757
1.785735,1.219234,-0.688103
1.787197,1.22508,-0.688834
1.786904,1.232388,-0.685034
1.787197,1.229173,-0.695995
1.790997,1.231804,-0.695995
1.789535,1.238819,-0.696872
1.778427,1.235604,-0.691464
1.784274,1.242327,-0.699503
1.786027,1.240281,-0.700526
1.78252,1.24145,-0.700234
1.786904,1.243204,-0.702426
1.783689,1.250512,-0.702865
1.787489,1.243788,-0.706811
1.788951,1.250219,-0.694388
1.790704,1.253435,-0.715434
1.788074,1.256358,-0.712949
1.788951,1.261035,-0.714557
1.783981,1.256942,-0.71748
1.791874,1.263666,-0.712949
1.789535,1.259866,-0.72318
1.787197,1.265127,-0.720111
1.781935,1.268635,-0.734434
1.787197,1.274773,-0.726542
1.781058,1.273312,-0.725957
1.785151,1.265419,-0.734873
1.790997,1.271266,-0.739258
1.786904,1.266881,-0.734873
1.790997,1.275358,-0.739258
1.779597,1.277112,-0.736627
1.78135,1.278574,-0.744811
1.78252,1.27945,-0.740573
1.787197,1.288804,-0.751535
1.779012,1.289097,-0.74715
1.78632,1.290558,-0.747735
1.797135,1.283543,-0.744373
1.786612,1.285297,-0.742765
1.789535,1.293189,-0.749488
1.789535,1.295528,-0.753873
1.801812,1.303128,-0.759281
1.792166,1.301958,-0.762058
1.793043,1.300205,-0.759427
1.792166,1.304297,-0.75285
1.793335,1.302251,-0.756504
1.798889,1.298158,-0.749635
1.796843,1.309266,-0.759866
1.799474,1.299035,-0.763081
1.801812,1.306928,-0.755189
1.802397,1.297866,-0.760158
1.804443,1.302543,-0.76235
1.795966,1.315405,-0.764543
1.802397,1.307805,-0.767758
1.804443,1.309851,-0.763519
1.807659,1.305759,-0.76732
1.809705,1.31482,-0.762789
1.811751,1.324174,-0.764396
1.809997,1.317159,-0.77492
1.814674,1.322128,-0.764981
1.813797,1.321836,-0.768927
1.810582,1.318913,-0.771558
1.814966,1.312482,-0.76995
1.82052,1.322128,-0.766296
1.818766,1.322128,-0.757819
1.824028,1.318036,-0.772289
1.819351,1.32622,-0.76045
1.814382,1.320666,-0.76235
1.82169,1.330605,-0.774043
1.828997,1.320959,-0.770535
1.824905,1.320959,-0.768489
1.831628,1.32242,-0.755042
1.827828,1.321543,-0.767027
1.827828,1.319205,-0.777843
1.833967,1.31979,-0.764543
1.836597,1.318328,-0.770973
1.843321,1.320082,-0.771266
1.847413,1.328851,-0.762058
1.84449,1.325928,-0.764835
1.84449,1.318036,-0.763812
1.837767,1.318036,-0.752412
1.845951,1.32242,-0.754604
1.840398,1.319497,-0.753873
1.857352,1.31862,-0.757235
1.850628,1.31979,-0.754312
1.846828,1.304297,-0.758258
1.851213,1.306343,-0.741888
1.859398,1.31102,-0.753142
1.857352,1.311312,-0.757673
1.856767,1.308097,-0.77565
1.865829,1.311897,-0.745542
1.855013,1.274481,-0.742765
1.860567,1.340544,-0.749488
1.859982,1.304589,-0.74145
1.864659,1.310143,-0.72698
1.863198,1.302543,-0.730196
1.835136,1.301666,-0.736188
1.865536,1.310728,-0.740573
1.873137,1.297282,-0.727857
1.875475,1.299912,-0.742473
1.875183,1.302543,-0.73195
1.878398,1.294066,-0.723327
1.877521,1.297574,-0.718942
1.875475,1.295235,-0.723473
1.877521,1.293189,-0.711926
1.875767,1.29202,-0.716896
1.888044,1.286174,-0.721573
1.881029,1.280035,-0.714557
1.888337,1.280912,-0.705203
1.891845,1.282958,-0.717773
1.892137,1.277112,-0.704326
1.888921,1.276527,-0.699357
1.890091,1.274189,-0.705057
1.895645,1.272435,-0.697311
1.902368,1.273897,-0.701549
1.897691,1.270389,-0.708565
1.900614,1.267173,-0.705934
1.899737,1.264543,-0.698041
1.897691,1.256358,-0.690149
1.897398,1.260742,-0.693218
1.905291,1.259866,-0.697749
1.902075,1.252265,-0.689564
1.896521,1.261912,-0.692634
1.906752,1.246711,-0.688395
1.905583,1.257819,-0.680795
1.903829,1.251388,-0.681964
1.904706,1.24525,-0.684887
1.906168,1.246127,-0.667933
1.916691,1.240281,-0.663987
1.918153,1.243496,-0.67261
1.911722,1.235896,-0.66691
1.923122,1.233557,-0.651418
1.916106,1.231219,-0.650833
1.913476,1.228296,-0.66311
1.910553,1.223034,-0.662672
1.906168,1.21865,-0.663402
1.91026,1.220111,-0.653464
1.912014,1.219526,-0.646448
1.917568,1.215434,-0.643525
1.911429,1.214265,-0.638702
1.913183,1.208711,-0.648641
1.920783,1.206372,-0.651856
1.916691,1.199942,-0.637971
1.911722,1.192049,-0.643233
1.913768,1.198188,-0.638117
1.912306,1.203157,-0.643818
1.916106,1.19848,-0.636802
1.91786,1.205788,-0.629202
1.911429,1.188834,-0.628325
1.921368,1.191465,-0.624817
1.913476,1.182695,-0.625402
1.907337,1.183864,-0.63081
1.917276,1.17948,-0.621894
1.922537,1.17568,-0.612394
1.917568,1.172757,-0.610056
1.917568,1.175972,-0.603478
1.919322,1.176264,-0.60874
1.915522,1.172464,-0.608594
1.919322,1.161941,-0.609032
1.92166,1.159895,-0.607425
1.915229,1.162233,-0.60494
1.920199,1.15171,-0.603625
1.909675,1.156095,-0.601432
1.908799,1.153756,-0.606255
1.912306,1.157556,-0.604502
1.904706,1.158726,-0.596463
1.907922,1.149956,-0.589594
1.912306,1.152002,-0.595878
1.911429,1.152587,-0.588424
1.908214,1.150833,-0.584917
1.915522,1.143818,-0.590178
1.904122,1.137094,-0.585501
1.903245,1.137094,-0.581994
1.912306,1.137971,-0.589886
1.900614,1.142064,-0.581263
1.901199,1.136217,-0.588132
1.908506,1.137387,-0.591348
1.906752,1.14411,-0.597778
1.897106,1.137679,-0.58214
1.902075,1.137971,-0.58024
1.90266,1.134464,-0.577755
1.90266,1.129494,-0.586524
1.895937,1.129494,-0.596755
1.89126,1.124817,-0.581409
1.885121,1.126571,-0.583017
1.890968,1.12774,-0.584771
1.894183,1.12774,-0.583894
1.884537,1.12394,-0.579801
1.886291,1.122479,-0.576586
1.886291,1.116048,-0.581701
1.887752,1.126571,-0.591786
1.884537,1.122479,-0.589155
1.879275,1.128325,-0.581994
1.876644,1.128617,-0.580532
1.87489,1.119848,-0.582724
1.873137,1.120725,-0.577609
1.879275,1.118094,-0.582432
1.876352,1.121017,-0.58594
1.869921,1.117509,-0.581847
1.872552,1.128617,-0.56957
1.862029,1.122187,-0.572932
1.863198,1.116048,-0.581994
1.864367,1.116048,-0.57644
1.873721,1.121602,-0.596171
1.862613,1.124233,-0.588863
1.858521,1.124233,-0.584771
1.852675,1.122187,-0.593394
1.86729,1.126863,-0.590471
1.85589,1.123063,-0.594124
1.856182,1.121894,-0.59734
1.851505,1.126571,-0.595294
1.854429,1.134464,-0.587547
1.856475,1.140895,-0.596609
1.851505,1.134756,-0.591932
1.847998,1.141187,-0.583309
1.853259,1.138556,-0.597194
1.849752,1.133879,-0.598509
1.845367,1.130371,-0.598509
1.844782,1.135341,-0.605963
1.834551,1.136802,-0.595148
1.838644,1.140602,-0.600409
1.839521,1.143233,-0.606548
1.826659,1.142941,-0.599678
1.834844,1.142356,-0.598655
1.827828,1.144695,-0.598655
1.823443,1.14031,-0.610202
1.824028,1.145571,-0.603478
1.822859,1.146448,-0.613709
1.823736,1.138556,-0.611663
1.815259,1.142941,-0.614148
1.823151,1.147618,-0.61064
1.814089,1.155802,-0.607717
1.81292,1.153756,-0.616925
1.817597,1.154925,-0.615609
1.819936,1.158726,-0.622186
1.810874,1.160187,-0.623794
1.813213,1.161064,-0.630517
1.812043,1.161064,-0.62774
1.817305,1.168956,-0.639287
1.810874,1.164279,-0.635633
1.807074,1.171003,-0.64031
1.802105,1.168664,-0.641333
1.806489,1.175095,-0.647179
1.812043,1.176557,-0.631394
1.800058,1.176849,-0.638264
1.802982,1.180357,-0.632271
1.80532,1.182695,-0.643087
1.800058,1.173049,-0.642502
1.795674,1.178018,-0.646595
1.802689,1.188541,-0.653464
1.805028,1.194388,-0.653172
1.799182,1.192049,-0.64981
1.795674,1.192634,-0.643818
1.799766,1.191172,-0.662526
1.806782,1.199065,-0.650687
1.792458,1.192341,-0.659456
1.792751,1.204034,-0.66998
1.789243,1.195557,-0.665303
1.79392,1.209003,-0.674657
1.78632,1.207542,-0.668226
1.790412,1.217188,-0.680649
1.798305,1.216311,-0.710611
1.79012,1.218942,-0.667056
1.793043,1.223911,-0.672903
1.790704,1.217773,-0.677726
1.789828,1.227127,-0.681526
1.788074,1.218357,-0.680064
1.789535,1.229465,-0.68898
1.79012,1.231511,-0.679041
1.787781,1.224203,-0.684595
1.79392,1.236481,-0.691318
1.786904,1.242034,-0.704765
1.790997,1.241742,-0.700234
1.784566,1.241158,-0.704472
1.785443,1.237065,-0.705788
1.786904,1.242034,-0.709149
1.785151,1.248465,-0.701403
1.788074,1.247004,-0.697457
1.79012,1.246419,-0.712949
1.788658,1.255773,-0.712072
1.794212,1.248758,-0.700672
1.794212,1.258112,-0.712803
1.788951,1.263958,-0.715434
1.792166,1.263666,-0.714849
1.781935,1.259573,-0.715873
1.780766,1.266296,-0.71938
1.787197,1.265419,-0.718503
1.781643,1.272435,-0.713826
1.78632,1.276235,-0.719819
1.785735,1.282666,-0.72625
1.79392,1.282374,-0.720988
1.79012,1.272143,-0.732242
1.787197,1.277697,-0.743204
1.784858,1.280035,-0.733119
1.792166,1.284127,-0.737211
1.788366,1.290558,-0.731804
1.794797,1.289389,-0.72245
1.784274,1.302251,-0.732534
1.794505,1.291435,-0.736042
1.788658,1.296112,-0.741742
1.789535,1.296697,-0.734288
1.795966,1.290851,-0.736481
1.795674,1.297282,-0.735457
1.792166,1.29962,-0.739696
1.794212,1.296989,-0.732534
1.789243,1.294358,-0.747296
1.798597,1.299035,-0.740427
1.791289,1.302543,-0.746273
1.800351,1.298743,-0.715288
1.799766,1.301958,-0.739988
1.802105,1.302543,-0.755042
1.805612,1.307512,-0.755481
1.803566,1.304297,-0.747296
1.803566,1.305759,-0.767173
1.802982,1.309559,-0.754019
1.803859,1.317159,-0.762935
1.799474,1.31482,-0.768489
1.807366,1.316574,-0.758404
1.803274,1.320666,-0.761766
1.802105,1.31482,-0.763958
1.807366,1.318328,-0.752119
1.81292,1.320082,-0.762058
1.811459,1.320374,-0.763373
1.811751,1.31979,-0.774043
1.813797,1.321836,-0.760596
1.810874,1.321251,-0.762789
1.815259,1.323297,-0.760158
1.817597,1.31979,-0.757235
1.816136,1.32242,-0.768635
1.824028,1.315989,-0.768343
1.815843,1.328851,-0.76045
1.830459,1.321251,-0.767758
1.817305,1.325051,-0.764689
1.821105,1.318328,-0.762204
1.823736,1.323297,-0.750512
1.82812,1.324174,-0.763227
1.823736,1.319205,-0.765273
1.82549,1.325051,-0.758258
1.836597,1.324759,-0.765858
1.845075,1.320082,-0.766881
1.83689,1.323297,-0.76615
1.843613,1.319205,-0.753289
1.836305,1.321251,-0.763227
1.844198,1.322713,-0.758989
1.844782,1.320082,-0.748758
1.850628,1.321836,-0.753435
1.843905,1.315405,-0.752704
1.855305,1.317159,-0.750658
1.855305,1.31482,-0.722596
1.858521,1.306928,-0.756358
1.857644,1.310436,-0.74525
1.855013,1.309851,-0.755335
1.860275,1.304882,-0.745104
1.858521,1.274773,-0.730927
1.85969,1.317159,-0.745688
1.835428,1.313651,-0.744373
1.868167,1.300789,-0.735311
1.874306,1.310143,-0.73575
1.870798,1.309559,-0.732827
1.87109,1.300205,-0.731219
1.873137,1.298158,-0.732973
1.880152,1.296989,-0.735457
1.881906,1.295235,-0.72625
1.882198,1.289389,-0.736188
1.878983,1.291435,-0.733411
1.880152,1.291435,-0.736919
1.880737,1.284712,-0.725665
1.882783,1.285004,-0.716896
1.889798,1.283251,-0.711926
1.880152,1.282374,-0.720111
1.88366,1.282374,-0.710611
1.889506,1.277112,-0.707395
1.885706,1.274481,-0.709734
1.893014,1.279743,-0.700088
1.890675,1.279743,-0.710319
1.902075,1.272727,-0.709149
1.899445,1.270096,-0.704911
1.895352,1.263666,-0.701695
1.902075,1.266589,-0.704034
1.903537,1.26045,-0.692926
1.893014,1.255481,-0.687957
1.902368,1.261327,-0.683718
1.905583,1.251388,-0.697457
1.903537,1.257527,-0.674364
1.903245,1.248465,-0.68021
1.905291,1.248758,-0.676703
1.904706,1.243788,-0.673487
1.902075,1.245835,-0.675972
1.902368,1.241742,-0.676703
1.912014,1.241742,-0.674072
1.902952,1.234142,-0.673049
1.909091,1.228296,-0.667787
1.909383,1.234142,-0.665595
1.912306,1.23385,-0.66121
1.916106,1.23005,-0.653172
1.90646,1.22625,-0.656679
1.904999,1.227419,-0.656972
1.912891,1.221865,-0.663549
1.914645,1.224496,-0.655949
1.915522,1.213973,-0.659018
1.913768,1.216603,-0.65741
1.91406,1.208126,-0.653172
1.919614,1.21368,-0.64031
1.912891,1.214557,-0.64981
1.911429,1.205495,-0.648933
1.927214,1.207542,-0.644841
1.912891,1.206372,-0.642502
1.920199,1.196141,-0.635779
1.919029,1.204619,-0.634464
1.924291,1.196141,-0.640018
1.919614,1.194095,-0.636656
1.916399,1.192341,-0.623648
1.915814,1.189126,-0.626133
1.916399,1.188249,-0.629056
1.918445,1.178018,-0.618094
1.917276,1.180649,-0.617363
1.913183,1.175095,-0.616925
1.914353,1.17188,-0.621017
1.915522,1.167787,-0.616048
1.923999,1.172172,-0.618679
1.919322,1.177433,-0.618094
1.921368,1.162526,-0.608886
1.918153,1.165156,-0.601871
1.91406,1.160772,-0.610056
1.916983,1.153172,-0.607717
1.918737,1.158141,-0.609032
1.912014,1.160479,-0.611371
1.915522,1.154341,-0.607279
1.908799,1.150833,-0.610494
1.911429,1.153756,-0.603186
1.911722,1.146156,-0.610494
1.908506,1.148787,-0.598801
1.916106,1.14031,-0.593394
1.912891,1.146741,-0.583163
1.908214,1.134464,-0.595001
1.907629,1.135925,-0.590471
1.904122,1.138848,-0.592955
1.904999,1.134756,-0.58974
1.907045,1.141479,-0.586086
1.90266,1.133294,-0.590178
1.900906,1.128617,-0.589155
1.904706,1.128617,-0.591786
1.900322,1.128033,-0.595586
1.899445,1.126279,-0.590324
1.89506,1.131833,-0.57264
1.888629,1.129494,-0.571032
1.890383,1.129787,-0.584917
1.898275,1.12394,-0.587694
1.896229,1.12014,-0.580386
1.89506,1.114879,-0.585355
1.889506,1.126571,-0.586378
1.888921,1.118971,-0.58404
1.887752,1.115463,-0.574247
1.881906,1.127156,-0.538585
1.906168,1.146448,-0.523823
1.85969,1.165741,-0.51827
1.831921,1.22128,-0.524408
1.814966,1.255481,-0.5323
1.801228,1.306928,-0.56884
1.78632,1.349898,-0.590909
1.780181,1.386437,-0.614586
1.769366,1.418006,-0.639871
1.765273,1.451915,-0.683572
1.76615,1.480269,-0.712365
1.761473,1.497515,-0.739111
1.760304,1.495762,-0.740719
1.763812,1.508331,-0.746127
1.764689,1.514762,-0.748904
1.768196,1.513592,-0.760012
1.770243,1.514177,-0.754312
1.77375,1.511254,-0.770973
1.78252,1.506285,-0.771266
1.789243,1.503362,-0.774043
1.783689,1.511254,-0.776673
1.786027,1.511546,-0.768196
1.786027,1.507162,-0.773897
1.786904,1.503654,-0.77492
1.795381,1.498977,-0.772727
1.793335,1.492254,-0.77112
1.796551,1.5019,-0.771412
1.800058,1.495762,-0.773312
1.805905,1.494592,-0.762643
1.804151,1.484946,-0.768489
1.808243,1.486408,-0.768196
1.82052,1.491961,-0.761766
1.818474,1.487577,-0.757089
1.809705,1.491961,-0.776089
1.817597,1.481146,-0.753581
1.824028,1.478515,-0.754458
1.824028,1.479684,-0.755335
1.826367,1.473253,-0.757819
1.825197,1.477638,-0.753581
1.830167,1.477054,-0.741888
1.836013,1.46653,-0.739111
1.826367,1.467115,-0.753435
1.832797,1.453961,-0.741011
1.830751,1.458053,-0.737065
1.836305,1.45893,-0.721134
1.832505,1.457176,-0.736334
1.840398,1.457761,-0.717773
1.84069,1.459515,-0.743935
1.84449,1.442853,-0.723765
1.849167,1.451915,-0.726542
1.850628,1.454545,-0.713973
1.850628,1.448115,-0.710611
1.852967,1.441099,-0.716311
1.850628,1.440807,-0.712365
1.853259,1.446653,-0.710172
1.851213,1.440222,-0.702572
1.855013,1.42473,-0.705788
1.856475,1.426191,-0.698918
1.863783,1.425606,-0.709296
1.857644,1.423853,-0.701988
1.862613,1.419176,-0.700526
1.862613,1.425899,-0.698334
1.863198,1.413622,-0.688688
1.856475,1.418006,-0.691903
1.864659,1.411868,-0.688834
1.875475,1.413329,-0.672318
1.867583,1.40836,-0.68021
1.871967,1.40076,-0.686495
1.868752,1.398422,-0.679772
1.871675,1.391406,-0.67188
1.875183,1.396083,-0.661649
1.884829,1.387898,-0.665595
1.872552,1.392868,-0.661649
1.882491,1.383806,-0.663549
1.87869,1.382929,-0.654195
1.886875,1.379714,-0.656095
1.887167,1.37679,-0.652587
1.885706,1.370944,-0.652733
1.874013,1.376498,-0.646302
1.883952,1.367729,-0.640602
1.87226,1.36539,-0.638994
1.880737,1.362467,-0.641918
1.881906,1.359252,-0.641771
1.882491,1.358667,-0.631102
1.886291,1.346975,-0.630371
1.887167,1.343467,-0.628763
1.885121,1.350775,-0.623648
1.886291,1.344051,-0.618679
1.879567,1.338498,-0.613417
1.881321,1.335867,-0.604502
1.884244,1.339959,-0.612248
1.876644,1.330313,-0.602455
1.885414,1.333528,-0.618825
1.886291,1.323297,-0.605232
1.883367,1.319497,-0.600409
1.883952,1.31979,-0.601578
1.885414,1.313943,-0.592371
1.888044,1.306051,-0.597778
1.885706,1.306635,-0.592955
1.888921,1.306928,-0.590909
1.879567,1.304882,-0.591348
1.889506,1.303712,-0.588717
1.886291,1.297866,-0.588278
1.89506,1.299912,-0.580824
1.883367,1.289389,-0.583601
1.881906,1.293774,-0.579801
1.895645,1.292312,-0.575855
1.889214,1.287928,-0.575417
1.890968,1.289389,-0.576147
1.885121,1.291728,-0.563724
1.888044,1.283543,-0.561386
1.883075,1.280912,-0.566939
1.880737,1.277989,-0.56767
1.882198,1.279158,-0.564309
1.885414,1.265419,-0.551155
1.876937,1.273897,-0.560509
1.875183,1.271266,-0.555832
1.873137,1.27185,-0.552908
1.877813,1.262496,-0.549547
1.874306,1.263958,-0.536831
1.875183,1.263666,-0.553932
1.880152,1.257235,-0.547793
1.86729,1.259281,-0.543993
1.863198,1.258989,-0.54677
1.862613,1.257527,-0.541508
1.855598,1.249635,-0.546331
1.864659,1.258989,-0.537854
1.861736,1.247881,-0.537708
1.861444,1.251388,-0.535808
1.857644,1.249635,-0.538001
1.854429,1.249927,-0.540778
1.85969,1.251388,-0.545601
1.868167,1.249342,-0.536539
1.851213,1.24525,-0.532593
1.846828,1.240281,-0.538731
1.845075,1.242034,-0.533177
1.84829,1.241742,-0.525723
1.843905,1.240573,-0.531424
1.844782,1.236773,-0.533324
1.841567,1.235604,-0.53727
1.843321,1.231804,-0.536539
1.851505,1.240865,-0.539754
1.840105,1.242327,-0.54297
1.835136,1.23765,-0.536831
1.835428,1.236773,-0.530839
1.831921,1.235019,-0.525139
1.821105,1.235311,-0.521193
1.826951,1.232681,-0.526162
1.82929,1.233557,-0.532008
1.825782,1.237357,-0.538001
1.817889,1.233557,-0.531277
1.813505,1.239111,-0.531424
1.811166,1.237065,-0.53347
1.811751,1.234434,-0.549547
1.812336,1.245542,-0.536831
1.807951,1.228588,-0.536539
1.800643,1.238234,-0.53917
1.800058,1.229465,-0.555101
1.805612,1.235604,-0.54297
1.799182,1.243204,-0.553055
1.799766,1.23765,-0.546478
1.793043,1.235604,-0.550862
1.790412,1.239111,-0.556416
1.788658,1.247004,-0.564163
1.786904,1.248465,-0.55437
1.782227,1.249635,-0.561386
1.775504,1.247004,-0.571032
1.781935,1.243788,-0.561239
1.781643,1.250804,-0.57527
1.774335,1.253435,-0.567378
1.77755,1.250512,-0.57264
1.782812,1.257819,-0.57337
1.77112,1.259866,-0.573809
1.773166,1.257235,-0.577755
1.761181,1.265419,-0.57717
1.764689,1.266004,-0.581117
1.766443,1.270973,-0.58097
1.764104,1.273312,-0.582724
1.762058,1.269512,-0.590763
1.756212,1.269512,-0.592078
1.752412,1.283251,-0.586524
1.75095,1.277697,-0.600994
1.746565,1.281204,-0.561532
1.746273,1.280912,-0.610056
1.749781,1.286466,-0.609179
1.746273,1.289097,-0.613563
1.752996,1.286758,-0.613417
1.745396,1.294066,-0.622333
1.742473,1.292897,-0.62964
1.737504,1.293189,-0.611956
1.735165,1.307512,-0.624233
1.734873,1.305759,-0.624233
1.732242,1.308389,-0.628763
1.733411,1.317743,-0.63344
1.730488,1.323297,-0.635925
1.729319,1.309559,-0.629494
1.72698,1.322713,-0.641479
1.729611,1.32622,-0.647325
1.726688,1.325636,-0.639871
1.729904,1.32242,-0.640164
1.726396,1.336159,-0.651272
1.724642,1.329728,-0.668956
1.720257,1.340251,-0.64601
1.716457,1.344344,-0.660187
1.712657,1.346975,-0.66881
1.713826,1.348436,-0.677287
1.721134,1.352236,-0.654195
1.710319,1.35779,-0.669687
1.711488,1.367144,-0.675241
1.711488,1.355452,-0.685034
1.712657,1.363052,-0.694388
1.71178,1.371529,-0.695118
1.698918,1.375037,-0.686349
1.705934,1.371821,-0.687957
1.712365,1.378837,-0.708272
1.710026,1.380298,-0.702865
1.705934,1.385852,-0.713242
1.699211,1.385852,-0.703011
1.708857,1.392575,-0.710172
1.704765,1.398129,-0.719088
1.698334,1.404268,-0.717042
1.697749,1.401345,-0.725373
1.70038,1.405145,-0.729757
1.705349,1.412452,-0.726834
1.706226,1.400175,-0.727565
1.700965,1.410406,-0.729611
1.698042,1.41713,-0.737065
1.703888,1.418299,-0.745835
1.700965,1.433499,-0.751535
1.702718,1.436422,-0.756504
1.701549,1.435838,-0.75475
1.698918,1.446068,-0.75855
1.707688,1.443438,-0.75475
1.70418,1.452207,-0.766881
1.703888,1.447822,-0.765127
1.708272,1.450161,-0.770973
1.70798,1.455422,-0.770389
1.708565,1.455422,-0.775943
1.710319,1.457176,-0.773458
1.713534,1.467115,-0.77682
1.715873,1.464776,-0.788951
1.712657,1.473546,-0.785297
1.716457,1.472961,-0.791581
1.712657,1.472376,-0.785297
1.71558,1.476761,-0.791143
1.712365,1.475592,-0.785297
1.717919,1.488161,-0.786027
1.720842,1.484654,-0.794066
1.718796,1.492546,-0.796843
1.722303,1.498977,-0.783543
1.725227,1.495469,-0.79962
1.718503,1.487284,-0.792897
1.727273,1.492254,-0.798158
1.73078,1.495469,-0.813213
1.736334,1.488746,-0.80722
1.733996,1.498977,-0.798158
1.723473,1.497808,-0.803859
1.739842,1.493423,-0.806782
1.738088,1.502485,-0.793774
1.734581,1.503946,-0.808828
1.740427,1.504238,-0.798743
1.746858,1.502777,-0.806928
1.750365,1.499269,-0.808682
1.742473,1.504531,-0.792605
1.746273,1.506285,-0.799474
1.750658,1.508916,-0.806928
1.752704,1.509208,-0.806782
1.764981,1.506577,-0.800497
1.764396,1.506577,-0.794943
1.761766,1.508039,-0.799766
1.757673,1.513592,-0.80722
1.765858,1.505408,-0.804005
1.764104,1.511254,-0.799182
1.776381,1.508623,-0.802689
1.771412,1.5095,-0.795528
1.774335,1.507162,-0.799035
1.774043,1.513592,-0.804735
1.777843,1.508039,-0.789389
1.776381,1.506577,-0.790704
1.78252,1.509208,-0.79392
1.784274,1.496931,-0.79012
1.791581,1.508916,-0.795528
1.789828,1.503362,-0.790412
1.825782,1.508623,-0.796989
1.784858,1.500438,-0.790412
1.792166,1.498977,-0.791874
1.794505,1.500146,-0.791435
1.800351,1.5019,-0.785151
1.799766,1.494884,-0.783835
1.799182,1.494884,-0.790412
1.802982,1.493715,-0.796258
1.80532,1.493131,-0.787197
1.818766,1.491084,-0.776966
1.815259,1.491377,-0.778427
1.819351,1.489915,-0.769804
1.817305,1.489038,-0.77112
1.82432,1.484361,-0.773312
1.823736,1.486115,-0.772289
1.821397,1.484654,-0.770535
1.822567,1.484069,-0.770535
1.828997,1.478515,-0.775066
1.825197,1.466823,-0.759573
1.82812,1.47033,-0.76425
1.834844,1.468869,-0.763227
1.826659,1.471207,-0.753142
1.834551,1.463899,-0.732534
1.837474,1.462146,-0.741596
1.835428,1.466823,-0.745542
1.837474,1.456007,-0.733119
1.838351,1.457176,-0.734727
1.839813,1.453668,-0.731511
1.845075,1.453084,-0.733411
1.850628,1.450161,-0.725957
1.845659,1.445776,-0.725957
1.855598,1.448115,-0.720403
1.856182,1.439053,-0.719526
1.851798,1.446068,-0.72508
1.845951,1.433207,-0.71938
1.859105,1.437007,-0.718796
1.853844,1.433207,-0.748173
1.851213,1.427945,-0.715726
1.861152,1.426484,-0.710611
1.85589,1.422391,-0.706519
1.862906,1.418299,-0.705495
1.861444,1.419176,-0.693949
1.858521,1.41596,-0.691464
1.858813,1.418883,-0.685472
1.876937,1.415668,-0.684449
1.870213,1.408068,-0.687518
1.865536,1.398129,-0.696434
1.869336,1.40076,-0.682987
1.870213,1.399298,-0.672464
1.872844,1.395498,-0.675826
1.873137,1.395206,-0.670564
1.873429,1.391114,-0.667203
1.873429,1.387898,-0.667203
1.884829,1.382637,-0.656095
1.87109,1.378252,-0.651272
1.876644,1.376498,-0.665741
1.890091,1.379714,-0.65551
1.87489,1.375329,-0.644987
1.875475,1.367729,-0.650248
1.87986,1.369775,-0.645718
1.880444,1.368898,-0.645425
1.877813,1.366267,-0.645425
1.883367,1.362467,-0.638848
1.882783,1.361006,-0.633002
1.885121,1.356621,-0.630517
1.876644,1.358959,-0.63081
1.885998,1.348436,-0.63344
1.882491,1.351067,-0.628763
1.881906,1.341128,-0.615025
1.890675,1.343759,-0.617948
1.88746,1.346975,-0.612102
1.889798,1.341128,-0.608448
1.89126,1.341713,-0.60874
1.890968,1.33382,-0.599971
1.885121,1.33002,-0.603478
1.884244,1.327682,-0.609032
1.884537,1.318036,-0.599825
1.887167,1.321836,-0.592663
1.89126,1.315405,-0.591494
1.893014,1.313651,-0.582578
1.882198,1.312189,-0.581117
1.885706,1.312482,-0.584186
1.881614,1.307805,-0.586378
1.887752,1.299035,-0.581117
1.883075,1.301666,-0.571324
1.88366,1.293774,-0.578632
1.88366,1.298451,-0.577609
1.880152,1.301082,-0.572932
1.87489,1.292312,-0.572201
1.876644,1.291435,-0.565332
1.88366,1.286466,-0.569716
1.881906,1.288804,-0.573516
1.880152,1.282081,-0.557585
1.882491,1.284712,-0.567963
1.883075,1.274481,-0.550716
1.876644,1.276527,-0.567086
1.883075,1.280327,-0.557585
1.877813,1.267466,-0.552616
1.877229,1.267466,-0.561093
1.876644,1.265127,-0.561386
1.87109,1.268927,-0.553493
1.869044,1.260742,-0.553201
1.87489,1.258112,-0.547501
1.863198,1.254019,-0.526454
1.866121,1.259866,-0.543993
1.860275,1.249635,-0.54487
1.860567,1.251388,-0.549108
1.86349,1.253142,-0.546624
1.86349,1.251388,-0.533031
1.856767,1.244958,-0.535224
1.847998,1.256358,-0.550132
1.843905,1.292312,-0.548524
1.825197,1.330605,-0.560947
1.809412,1.380298,-0.593101
1.788658,1.428237,-0.632564
1.771996,1.4677,-0.675095
1.760596,1.507162,-0.722303
1.760889,1.5209,-0.738965
1.752412,1.52967,-0.763227
1.753873,1.528208,-0.795528
1.765273,1.520608,-0.802689
1.770535,1.48173,-0.805028
1.789828,1.457469,-0.820959
1.763519,1.423268,-0.794943
1.810289,1.372406,-0.784127
1.825782,1.356329,-0.780181
1.82812,1.344928,-0.787051
1.837182,1.325636,-0.765273
1.837182,1.320666,-0.768781
1.844198,1.301374,-0.74525
1.846244,1.289389,-0.743788
1.845367,1.280912,-0.740281
1.854429,1.275943,-0.738673
1.846828,1.271558,-0.713826
1.856767,1.262496,-0.716896
1.853552,1.249635,-0.714265
1.862029,1.247881,-0.713388
1.862029,1.244081,-0.722303
1.864952,1.246419,-0.713973
1.861736,1.239696,-0.716457
1.864952,1.247296,-0.710611
1.856475,1.237357,-0.700818
1.862321,1.234727,-0.698041
1.861736,1.236773,-0.684449
1.865829,1.233557,-0.699211
1.862613,1.235019,-0.70038
1.874306,1.233557,-0.710611
1.86729,1.227419,-0.698772
1.866413,1.22625,-0.695557
1.873137,1.227127,-0.687518
1.873429,1.227711,-0.701549
1.868752,1.223619,-0.694826
1.871967,1.228004,-0.689711
1.866998,1.228588,-0.697018
1.867875,1.224203,-0.694826
1.869044,1.228004,-0.69088
1.874306,1.219819,-0.696141
1.874598,1.217773,-0.684887
1.876937,1.216311,-0.690149
1.885998,1.219819,-0.686057
1.87489,1.21368,-0.686349
1.87226,1.219819,-0.688834
1.873137,1.215434,-0.685472
1.874306,1.209588,-0.685618
1.880152,1.208126,-0.689126
1.874306,1.211634,-0.679918
1.875475,1.211342,-0.693072
1.882491,1.216311,-0.68138
1.86729,1.204911,-0.675826
1.878106,1.217188,-0.694388
1.875767,1.213388,-0.686349
1.879275,1.210172,-0.67831
1.880152,1.204034,-0.68708
1.875767,1.213388,-0.683864
1.87226,1.205203,-0.679187
1.871967,1.207249,-0.688688
1.874013,1.20228,-0.684449
1.877521,1.206372,-0.685911
1.87986,1.202572,-0.681818
1.875767,1.19848,-0.68211
1.873137,1.205495,-0.680649
1.876644,1.199065,-0.688541
1.877229,1.196141,-0.687518
1.880444,1.192049,-0.681818
1.881029,1.201111,-0.674364
1.882783,1.189711,-0.672318
1.880737,1.186203,-0.671003
1.875475,1.199357,-0.67758
1.874013,1.200234,-0.689564
1.876644,1.206957,-0.676995
1.877813,1.199065,-0.686787
1.883952,1.186203,-0.67641
1.887167,1.184449,-0.672318
1.878106,1.191757,-0.673487
1.886583,1.188541,-0.678164
1.886583,1.187372,-0.644841
1.885121,1.195265,-0.68211
1.882198,1.191757,-0.672318
1.882198,1.186495,-0.670126
1.884244,1.192634,-0.674072
1.881614,1.191172,-0.666472
1.886875,1.192926,-0.670272
1.887167,1.177141,-0.66998
1.89126,1.177726,-0.664864
1.87869,1.178895,-0.655072
1.885121,1.179187,-0.661649
1.886583,1.17948,-0.672172
1.890968,1.176849,-0.66691
1.879567,1.172757,-0.670418
1.883075,1.173341,-0.666326
1.886875,1.170126,-0.671003
1.888629,1.17451,-0.668079
1.878398,1.177433,-0.659749
1.884244,1.174218,-0.666618
1.887167,1.172464,-0.670272
1.873137,1.167787,-0.663256
1.880737,1.165449,-0.657702
1.881906,1.169249,-0.653318
1.885121,1.168664,-0.661502
1.880152,1.169541,-0.65551
1.880444,1.164572,-0.662964
1.87986,1.167495,-0.657556
1.885414,1.166033,-0.666472
1.883952,1.165156,-0.653756
1.881029,1.171587,-0.650395
1.882198,1.168372,-0.647618
1.880737,1.161649,-0.661941
1.877521,1.167495,-0.664864
1.882198,1.162233,-0.660041
1.877813,1.166033,-0.655072
1.880152,1.162233,-0.655218
1.877229,1.162233,-0.653464
1.877229,1.152002,-0.648933
1.87606,1.154049,-0.646887
1.884829,1.156387,-0.649956
1.883367,1.157849,-0.655364
1.878983,1.195849,-0.655949
1.876644,1.164572,-0.654195
1.87489,1.159602,-0.647618
1.878398,1.166033,-0.642064
1.875183,1.158433,-0.650979
1.877813,1.157849,-0.640894
1.87109,1.154049,-0.654779
1.873721,1.156387,-0.651856
1.870506,1.163987,-0.637971
1.870798,1.165741,-0.657702
1.868459,1.158433,-0.656095
1.877229,1.157556,-0.656679
1.871967,1.154049,-0.643964
1.874013,1.155802,-0.643964
1.874598,1.15551,-0.649079
1.872552,1.164572,-0.660772
1.870213,1.159018,-0.648495
1.857936,1.153172,-0.652002
1.86349,1.15931,-0.644548
1.867875,1.161064,-0.648787
1.876937,1.161064,-0.647764
1.865536,1.159602,-0.643964
1.866413,1.163695,-0.650979
1.864952,1.153464,-0.65361
1.860567,1.156679,-0.653318
1.861444,1.153172,-0.649956
1.859105,1.156095,-0.656241
1.862906,1.15551,-0.655218
1.853552,1.158726,-0.641625
1.856767,1.168079,-0.652002
1.857352,1.160479,-0.652733
1.857059,1.161649,-0.65361
1.854136,1.165449,-0.647179
1.859982,1.162818,-0.652879
1.860275,1.163695,-0.641771
1.860275,1.160187,-0.658726
1.856475,1.161941,-0.653172
1.85969,1.164279,-0.654049
1.852382,1.165156,-0.650102
1.846828,1.160479,-0.654633
1.853844,1.165156,-0.657702
1.849167,1.173341,-0.653756
1.847998,1.168664,-0.658726
1.848582,1.173926,-0.654487
1.851798,1.165741,-0.652295
1.850628,1.172172,-0.655218
1.846536,1.163695,-0.658433
1.851505,1.169249,-0.667495
1.850044,1.173049,-0.650395
1.845659,1.172464,-0.65741
1.85209,1.170418,-0.667787
1.850336,1.175095,-0.66121
1.846828,1.17568,-0.658726
1.846536,1.177433,-0.645133
1.845367,1.17451,-0.648787
1.849167,1.176264,-0.657556
1.843613,1.178018,-0.657995
1.846828,1.184741,-0.665303
1.852382,1.179772,-0.668372
1.844198,1.182695,-0.671733
1.847413,1.181234,-0.655656
1.864952,1.19088,-0.665303
1.843905,1.187664,-0.670272
1.838936,1.183864,-0.662087
1.843028,1.178603,-0.660772
1.840105,1.179187,-0.665741
1.84449,1.193803,-0.669833
1.841274,1.186787,-0.658872
1.837182,1.187957,-0.66881
1.844782,1.18328,-0.668226
1.83689,1.189418,-0.663841
1.841859,1.197603,-0.66691
1.842736,1.187372,-0.666179
1.838644,1.196141,-0.679334
1.838059,1.190588,-0.669687
1.837182,1.199649,-0.66691
1.834551,1.196726,-0.664279
1.842444,1.206665,-0.674803
1.835136,1.197018,-0.675095
1.84069,1.196726,-0.680357
1.839228,1.20228,-0.679918
1.828705,1.193803,-0.673195
1.82929,1.201695,-0.677726
1.827828,1.193218,-0.682549
1.836305,1.206665,-0.676849
1.830167,1.201988,-0.672903
1.835721,1.202865,-0.673926
1.828413,1.204619,-0.679041
1.826367,1.201111,-0.681818
1.825197,1.204326,-0.687664
1.833382,1.207542,-0.682695
1.832213,1.197311,-0.682695
1.831044,1.203157,-0.688395
1.828413,1.210757,-0.689564
1.827536,1.207542,-0.690003
1.831921,1.210465,-0.692634
1.828997,1.210465,-0.690295
1.829874,1.212803,-0.68021
1.830751,1.21368,-0.688541
1.830751,1.206665,-0.692634
1.828997,1.218942,-0.69468
1.832505,1.217188,-0.699649
1.830459,1.214265,-0.689564
1.835136,1.213096,-0.693365
1.836013,1.216896,-0.697165
1.832505,1.219526,-0.687226
1.835721,1.216896,-0.692195
1.831336,1.216603,-0.693365
1.840398,1.211634,-0.703888
1.830751,1.211342,-0.696434
1.831336,1.215726,-0.704472
1.834259,1.216603,-0.708857
1.832797,1.218065,-0.694095
1.834259,1.224496,-0.691903
1.835136,1.224496,-0.69658
1.839521,1.226834,-0.696288
1.831336,1.227127,-0.693657
1.842151,1.230927,-0.692926
1.838351,1.226834,-0.697311
1.836597,1.227711,-0.699211
1.841859,1.22888,-0.695118
1.842444,1.228588,-0.698918
1.837474,1.231219,-0.693218
1.840105,1.23005,-0.696726
1.834551,1.220696,-0.699503
1.83689,1.229757,-0.705203
1.844782,1.232681,-0.707395
1.838936,1.243204,-0.697749
1.83689,1.22625,-0.702865
1.845659,1.229757,-0.699211
1.847413,1.23385,-0.721134
1.840398,1.231804,-0.695849
1.841567,1.227127,-0.704911
1.845367,1.233265,-0.702134
1.839521,1.236481,-0.712072
1.846244,1.232096,-0.702134
1.848582,1.229465,-0.701842
1.843905,1.230927,-0.699649
1.846536,1.232096,-0.706226
1.849167,1.268927,-0.706372
1.848582,1.235311,-0.713388
1.847998,1.232388,-0.70228
1.841274,1.234434,-0.703011
1.856475,1.231219,-0.700088
1.856767,1.235896,-0.704619
1.845367,1.228004,-0.706811
1.85589,1.237065,-0.714411
1.845075,1.232388,-0.704034
1.841567,1.231511,-0.702718
1.848582,1.230342,-0.713973
1.853259,1.237942,-0.706957
1.851798,1.238819,-0.707834
1.849752,1.232096,-0.71368
1.853844,1.230927,-0.699649
1.855598,1.237942,-0.705203
1.860859,1.235604,-0.708565
1.853552,1.23385,-0.710465
1.856767,1.23765,-0.707834
1.855305,1.240281,-0.707542
1.857352,1.22888,-0.691903
1.865829,1.231511,-0.69848
1.864367,1.231219,-0.698334
1.862906,1.230634,-0.691757
1.86349,1.230927,-0.708272
1.862613,1.239111,-0.709588
1.862029,1.233265,-0.702718
1.862906,1.23005,-0.705349
1.862321,1.229173,-0.704034
1.860859,1.232096,-0.698772
1.861444,1.22625,-0.694388
1.860859,1.233265,-0.704619
1.861736,1.231804,-0.692926
1.861152,1.222157,-0.697749
1.857644,1.226542,-0.697895
1.861444,1.227711,-0.704326
1.867875,1.228004,-0.692926
1.862029,1.224788,-0.69848
1.862906,1.227711,-0.692926
1.86729,1.223911,-0.70228
1.861736,1.220111,-0.702572
1.869336,1.224496,-0.690441
1.868752,1.220403,-0.693511
1.880152,1.222157,-0.692341
1.874598,1.213388,-0.684303
1.875475,1.217188,-0.695265
1.877521,1.219526,-0.695411
1.869044,1.213973,-0.689126
1.875183,1.210465,-0.688541
1.873429,1.21368,-0.683864
1.872552,1.222157,-0.683864
1.873721,1.209296,-0.681087
1.871967,1.206372,-0.675533
1.87226,1.204326,-0.683134
1.875183,1.206957,-0.689126
1.873137,1.20988,-0.689418
1.871675,1.207834,-0.685618
1.880737,1.210757,-0.684011
1.871967,1.204911,-0.685472
1.870213,1.205203,-0.68211
1.87869,1.204034,-0.685911
1.876352,1.205788,-0.676118
1.871383,1.213096,-0.683572
1.880152,1.211342,-0.674364
1.875475,1.206957,-0.679041
1.878398,1.203157,-0.684011
1.873721,1.199357,-0.672903
1.878398,1.210757,-0.679772
1.877229,1.200526,-0.67568
1.87869,1.200526,-0.677141
1.881614,1.206372,-0.674364
1.883075,1.201988,-0.668956
1.880152,1.203742,-0.67261
1.889214,1.201695,-0.674364
1.882783,1.188249,-0.67568
1.885414,1.201111,-0.666472
1.878983,1.196141,-0.671441
1.878398,1.189711,-0.686203
1.879567,1.187372,-0.674364
1.878983,1.197311,-0.682841
1.881906,1.186495,-0.672756
1.886875,1.185326,-0.685472
1.881321,1.193511,-0.66881
1.88366,1.187957,-0.675095
1.882491,1.195557,-0.668079
1.879275,1.187372,-0.678018
1.879275,1.185326,-0.679918
1.879567,1.182987,-0.654925
1.869921,1.186787,-0.678018
1.877521,1.180941,-0.665156
1.875183,1.188249,-0.670856
1.880152,1.18328,-0.657702
1.88366,1.186203,-0.658141
1.879275,1.176557,-0.664864
1.876937,1.176849,-0.665887
1.88366,1.17568,-0.662233
1.888921,1.185326,-0.659602
1.886583,1.179187,-0.666764
1.892721,1.178603,-0.666033
1.885706,1.168956,-0.664864
1.88366,1.17568,-0.664864
1.888629,1.175095,-0.667203
1.881906,1.172757,-0.66121
1.884537,1.173049,-0.670856
1.886875,1.176264,-0.661064
1.886583,1.177433,-0.673049
1.877229,1.169541,-0.66311
1.881029,1.168664,-0.650395
1.880152,1.176849,-0.657849
1.883075,1.168664,-0.654779
1.88366,1.171295,-0.655802
1.88746,1.165156,-0.652295
1.880737,1.17188,-0.64981
1.875767,1.165156,-0.649664
1.87986,1.161064,-0.656241
1.87869,1.165156,-0.645864
1.878106,1.164864,-0.646887
1.875767,1.160479,-0.652587
1.876644,1.169249,-0.655364
1.881906,1.169541,-0.649225
1.878398,1.160187,-0.647179
1.875767,1.15551,-0.638848
1.877813,1.164864,-0.651564
1.883367,1.159602,-0.644256
1.87606,1.168079,-0.653756
1.874306,1.159018,-0.63461
1.885706,1.161064,-0.649372
1.875183,1.156387,-0.642064
1.878398,1.164279,-0.649372
1.88366,1.156387,-0.638117
1.87869,1.150541,-0.63461
1.873137,1.133002,-0.604794
1.877813,1.12014,-0.576147
1.879567,1.086232,-0.558609
1.866706,1.140018,-0.529085
1.849167,1.177141,-0.517831
1.835721,1.215142,-0.534639
1.815259,1.249927,-0.542093
1.817013,1.29202,-0.556562
1.792751,1.321543,-0.581994
1.785735,1.373283,-0.609325
1.770243,1.416837,-0.643818
1.764981,1.456299,-0.669395
1.756796,1.477346,-0.695118
1.760012,1.505992,-0.727565
1.763519,1.510377,-0.751242
1.767319,1.513008,-0.777112
1.778135,1.506285,-0.779158
1.784566,1.509792,-0.794651
1.787489,1.504531,-0.790704
1.784274,1.495469,-0.790704
1.79012,1.489331,-0.798743
1.805028,1.492546,-0.797574
1.803566,1.483777,-0.800351
1.807951,1.472669,-0.791143
1.811751,1.476469,-0.78632
1.813797,1.463022,-0.788804
1.820813,1.458053,-0.784712
1.823736,1.463899,-0.779012
1.82812,1.452499,-0.786904
1.834551,1.454838,-0.783397
1.831336,1.451622,-0.787928
1.83309,1.452499,-0.781643
1.827243,1.440222,-0.774335
1.838059,1.442561,-0.776527
1.838059,1.445776,-0.76922
1.839521,1.434084,-0.774773
1.844198,1.435838,-0.760889
1.845659,1.431453,-0.77112
1.840982,1.42853,-0.769512
1.849459,1.426191,-0.755627
1.843028,1.418299,-0.754165
1.845659,1.416545,-0.76425
1.856182,1.418591,-0.754312
1.855305,1.418883,-0.743935
1.864075,1.413037,-0.739842
1.864367,1.416545,-0.739988
1.869044,1.410406,-0.745542
1.866121,1.404852,-0.730342
1.873721,1.409237,-0.731804
1.870506,1.398422,-0.725373
1.874013,1.399006,-0.726688
1.875475,1.391114,-0.73955
1.871967,1.389652,-0.72625
1.881029,1.387606,-0.720696
1.889214,1.387314,-0.713242
1.881614,1.38936,-0.716165
1.885414,1.383806,-0.706811
1.878398,1.382929,-0.705057
1.880737,1.37036,-0.707834
1.875475,1.37299,-0.694241
1.880152,1.376206,-0.696872
1.889506,1.372698,-0.694534
1.885998,1.367144,-0.688688
1.888921,1.359836,-0.694241
1.892721,1.356036,-0.685034
1.893891,1.355744,-0.679187
1.890383,1.348144,-0.675972
1.889798,1.349605,-0.67261
1.895937,1.347852,-0.681087
1.893014,1.344636,-0.665741
1.90266,1.342005,-0.667203
1.901199,1.341713,-0.662087
1.899445,1.334697,-0.659164
1.903245,1.33119,-0.662526
1.897106,1.32359,-0.659602
1.899737,1.323005,-0.659456
1.902075,1.326513,-0.654487
1.902952,1.327097,-0.648348
1.91026,1.318328,-0.643525
1.897398,1.317743,-0.647033
1.901199,1.31102,-0.638264
1.909968,1.307805,-0.643525
1.907629,1.303712,-0.639725
1.909968,1.300789,-0.646741
1.906752,1.294651,-0.634464
1.909968,1.292897,-0.632271
1.913476,1.294066,-0.624379
1.916399,1.28822,-0.617802
1.915522,1.284712,-0.617656
1.907922,1.28822,-0.60684
1.911722,1.278574,-0.599678
1.91026,1.285589,-0.601432
1.908506,1.27565,-0.607863
1.913768,1.308389,-0.600994
1.91026,1.267466,-0.597486
1.91026,1.266296,-0.596025
1.908799,1.263666,-0.594709
1.911722,1.264543,-0.59354
1.907629,1.253142,-0.577024
1.911137,1.256358,-0.581409
1.912306,1.252558,-0.588571
1.908799,1.250512,-0.584624
1.91026,1.245542,-0.581117
1.911429,1.24145,-0.573078
1.908214,1.23765,-0.574832
1.908214,1.234142,-0.577755
1.90266,1.23385,-0.568986
1.91026,1.226542,-0.579217
1.905583,1.23005,-0.559339
1.907337,1.221573,-0.566939
1.905583,1.225665,-0.561824
1.902075,1.223034,-0.556855
1.902952,1.214557,-0.557585
1.901199,1.215434,-0.554809
1.899152,1.210757,-0.549693
1.899445,1.210465,-0.547062
1.899737,1.207542,-0.544139
1.897106,1.205788,-0.538731
1.900906,1.213096,-0.544578
1.896814,1.20608,-0.536101
1.88746,1.196141,-0.545308
1.897398,1.204034,-0.546478
1.888044,1.193511,-0.533908
1.892137,1.192341,-0.532447
1.888044,1.192341,-0.548816
1.89506,1.19468,-0.542385
1.892137,1.189711,-0.533908
1.890675,1.182987,-0.538293
1.883367,1.19088,-0.538001
1.883952,1.178603,-0.539024
1.879275,1.17568,-0.53917
1.881906,1.180064,-0.546185
1.868752,1.183572,-0.536539
1.874013,1.180064,-0.524554
1.873429,1.181526,-0.54107
1.869336,1.17188,-0.533616
1.874013,1.181818,-0.544431
1.868752,1.175095,-0.537562
1.904706,1.181526,-0.528793
1.860859,1.169249,-0.529816
1.86349,1.172757,-0.529962
1.857936,1.17188,-0.525139
1.859398,1.170126,-0.531716
1.856475,1.171295,-0.527185
1.856767,1.173341,-0.538293
1.847413,1.168664,-0.527185
1.844198,1.170418,-0.541362
1.840105,1.168956,-0.523385
1.841567,1.174803,-0.529085
1.847705,1.173926,-0.540047
1.834551,1.172172,-0.536831
1.840982,1.170418,-0.542239
1.832213,1.173049,-0.53917
1.831044,1.170418,-0.536539
1.829874,1.180649,-0.548524
1.832505,1.177726,-0.547501
1.831044,1.181526,-0.535077
1.819643,1.182403,-0.552324
1.823151,1.180649,-0.54867
1.822274,1.18328,-0.548524
1.817305,1.180357,-0.556562
1.815843,1.185911,-0.55057
1.803859,1.184449,-0.555685
1.799182,1.191465,-0.55057
1.806489,1.188834,-0.545162
1.804735,1.182111,-0.557293
1.794505,1.182987,-0.564747
1.796258,1.197895,-0.554955
1.795381,1.184449,-0.571324
1.789243,1.190588,-0.570593
1.794505,1.194095,-0.572055
1.787489,1.199942,-0.578047
1.789535,1.203157,-0.569424
1.791581,1.200818,-0.569424
1.78632,1.196726,-0.58594
1.780766,1.208711,-0.580678
1.782812,1.206372,-0.592078
1.77872,1.212511,-0.588571
1.780474,1.222742,-0.605671
1.776381,1.216896,-0.598363
1.772581,1.220403,-0.604063
1.772873,1.224203,-0.604209
1.769366,1.225665,-0.608155
1.772289,1.229465,-0.607279
1.767612,1.22625,-0.617509
1.77112,1.234142,-0.613125
1.767612,1.23765,-0.611809
1.766443,1.235019,-0.614879
1.755335,1.238527,-0.626571
1.755627,1.247296,-0.621017
1.751535,1.254019,-0.62584
1.750365,1.255481,-0.63841
1.749781,1.262789,-0.646887
1.74715,1.258404,-0.651856
1.740427,1.269804,-0.646595
1.745396,1.263373,-0.64601
1.741011,1.272143,-0.650395
1.742181,1.271266,-0.651418
1.733704,1.275066,-0.653172
1.743935,1.276527,-0.657118
1.739842,1.289681,-0.675533
1.728442,1.285589,-0.671733
1.730488,1.294943,-0.668518
1.72815,1.292312,-0.670418
1.734581,1.297574,-0.672756
1.725811,1.294943,-0.683572
1.720257,1.293774,-0.686787
1.719088,1.308974,-0.686641
1.729027,1.307805,-0.688834
1.716457,1.308974,-0.700526
1.71938,1.313359,-0.701988
1.713534,1.32242,-0.705203
1.720257,1.326805,-0.704326
1.725227,1.324467,-0.706519
1.721134,1.329436,-0.711488
1.721426,1.339374,-0.710757
1.720257,1.335282,-0.712511
1.71938,1.344344,-0.720257
1.715288,1.344636,-0.726396
1.717334,1.345513,-0.723619
1.717626,1.355159,-0.739258
1.714996,1.354867,-0.725957
1.724057,1.363052,-0.725227
1.724057,1.363929,-0.738381
1.716749,1.36159,-0.739696
1.722011,1.367144,-0.785443
1.722888,1.36919,-0.711926
1.715873,1.380298,-0.760742
1.721134,1.382929,-0.761035
1.714996,1.372113,-0.762935
1.722596,1.383221,-0.767173
1.683718,1.392283,-0.767027
1.757381,1.394621,-0.770973
1.722303,1.392868,-0.778135
1.727273,1.403391,-0.77755
1.729611,1.402806,-0.785004
1.729319,1.408945,-0.788074
1.727565,1.414499,-0.786027
1.73195,1.41216,-0.791581
1.731657,1.420345,-0.79012
1.735165,1.417422,-0.801082
1.731365,1.43233,-0.796258
1.732242,1.423853,-0.80152
1.735165,1.427068,-0.805759
1.73078,1.42736,-0.796112
1.734581,1.426484,-0.805905
1.737504,1.43613,-0.811166
1.734581,1.432622,-0.808828
1.742181,1.440222,-0.801666
1.743642,1.444607,-0.810728
1.747735,1.445484,-0.804297
1.741888,1.443145,-0.804589
1.745688,1.439053,-0.805905
1.744811,1.446361,-0.817597
1.751535,1.450745,-0.819497
1.753581,1.45133,-0.82052
1.756212,1.458346,-0.824905
1.760889,1.453376,-0.82432
1.760304,1.456592,-0.821251
1.761473,1.463607,-0.826513
1.762058,1.468284,-0.828413
1.765566,1.453961,-0.832067
1.767904,1.460976,-0.815405
1.773458,1.46273,-0.815113
1.768781,1.46273,-0.817743
1.770827,1.461853,-0.815697
1.777258,1.469161,-0.817597
1.774335,1.471792,-0.807074
1.778427,1.47033,-0.810436
1.782812,1.467115,-0.808536
1.788074,1.460099,-0.818182
1.786612,1.461853,-0.818182
1.792458,1.460684,-0.815405
1.790704,1.462146,-0.817305
1.788658,1.458346,-0.809412
1.796258,1.465069,-0.817743
1.796258,1.458346,-0.800643
1.80532,1.460099,-0.817159
1.802105,1.453668,-0.802689
1.807074,1.454838,-0.799766
1.807074,1.457469,-0.808389
1.813505,1.451915,-0.811312
1.805905,1.453961,-0.804589
1.814674,1.456007,-0.815843
1.811459,1.443438,-0.789974
1.821397,1.453961,-0.804443
1.82169,1.453376,-0.795235
1.827536,1.450161,-0.787197
1.831044,1.458638,-0.788074
1.829582,1.446068,-0.78822
1.832505,1.448992,-0.779889
1.836305,1.446361,-0.790704
1.829874,1.446945,-0.779743
1.828413,1.440807,-0.783104
1.834259,1.445192,-0.775212
1.834551,1.436422,-0.774189
1.841274,1.437884,-0.769512
1.836597,1.438761,-0.777404
1.849459,1.430576,-0.771704
1.851213,1.428237,-0.771704
1.849459,1.43496,-0.772873
1.848875,1.419176,-0.760012
1.849167,1.420637,-0.762204
1.852382,1.420053,-0.749488
1.866413,1.418883,-0.744958
1.864659,1.421514,-0.745542
1.865244,1.413329,-0.732388
1.86729,1.416545,-0.739258
1.866706,1.408068,-0.744081
1.871967,1.410699,-0.739988
1.87226,1.403391,-0.745542
1.873429,1.405145,-0.74335
1.876937,1.406606,-0.730488
1.873137,1.396668,-0.729904
1.874306,1.398714,-0.725811
1.876937,1.391114,-0.721865
1.87606,1.393744,-0.713096
1.871967,1.391698,-0.717042
1.877521,1.394914,-0.706372
1.890383,1.41596,-0.714265
1.880444,1.374452,-0.703303
1.885998,1.371821,-0.709149
1.883075,1.377083,-0.685764
1.889798,1.37679,-0.700672
1.888629,1.376206,-0.697603
1.892429,1.374744,-0.691757
1.894475,1.36656,-0.688688
1.892721,1.364806,-0.689418
1.889506,1.373283,-0.676995
1.880737,1.388775,-0.681087
1.861444,1.411868,-0.679918
1.850044,1.443145,-0.680941
1.816428,1.456884,-0.675826
1.791289,1.464192,-0.668518
1.764981,1.463899,-0.665887
1.764396,1.455715,-0.674072
1.740719,1.445192,-0.679187
1.738088,1.427653,-0.682257
1.725227,1.41976,-0.694095
1.720842,1.411576,-0.696726
1.717334,1.394329,-0.699795
1.703888,1.384975,-0.701549
1.715288,1.38936,-0.706226
1.710319,1.385852,-0.702865
1.714996,1.387021,-0.719819
1.714411,1.383514,-0.715288
1.716165,1.375037,-0.716311
1.720257,1.373575,-0.716603
1.718503,1.377375,-0.724934
1.710903,1.376206,-0.729465
1.709734,1.382637,-0.743496
1.711488,1.383221,-0.736627
1.71558,1.378837,-0.741742
1.718211,1.38059,-0.722742
1.718211,1.388775,-0.73955
1.722303,1.394037,-0.749927
1.721134,1.391698,-0.740134
1.723765,1.388191,-0.785589
1.718211,1.395206,-0.747442
1.715288,1.39316,-0.745104
1.715288,1.394621,-0.746273
1.717919,1.401637,-0.756796
1.713242,1.40456,-0.761619
1.722303,1.405145,-0.753873
1.725519,1.414499,-0.759281
1.724642,1.415083,-0.761766
1.721134,1.414499,-0.766443
1.722888,1.424437,-0.765273
1.727273,1.422683,-0.767612
1.728734,1.42736,-0.783981
1.724934,1.429991,-0.779304
1.72815,1.429991,-0.784712
1.737211,1.435253,-0.779158
1.725227,1.43496,-0.774773
1.730488,1.437591,-0.780327
1.725519,1.440807,-0.783104
1.733411,1.43613,-0.787489
1.735457,1.448407,-0.777697
1.731657,1.449576,-0.794212
1.727565,1.45133,-0.795528
1.730196,1.451038,-0.789828
1.737796,1.452792,-0.794651
1.736334,1.452207,-0.79962
1.73195,1.461269,-0.79772
1.739258,1.458638,-0.807805
1.740427,1.454838,-0.809705
1.748612,1.468284,-0.808828
1.741011,1.460684,-0.803712
1.741304,1.463022,-0.807805
1.745104,1.470038,-0.807074
1.750365,1.467992,-0.802543
1.752412,1.465361,-0.822567
1.752704,1.469746,-0.811605
1.753873,1.473546,-0.818474
1.752996,1.475592,-0.820374
1.752996,1.479392,-0.815259
1.756212,1.481146,-0.809266
1.757673,1.48173,-0.814966
1.765566,1.478515,-0.818766
1.765858,1.489623,-0.81789
1.76615,1.476761,-0.81979
1.771412,1.484361,-0.818328
1.775797,1.480854,-0.823443
1.77755,1.487869,-0.817743
1.780766,1.478807,-0.815843
1.779012,1.482023,-0.807366
1.788658,1.4753,-0.825928
1.784566,1.484654,-0.822713
1.785151,1.474715,-0.820374
1.792166,1.482607,-0.807659
1.799474,1.482315,-0.821543
1.80152,1.481146,-0.815551
1.798305,1.4867,-0.814674
1.804735,1.48173,-0.808243
1.808828,1.4791,-0.808243
1.809705,1.484654,-0.801666
1.811166,1.488161,-0.805174
1.812336,1.474423,-0.800058
1.814089,1.477638,-0.804005
1.819643,1.476469,-0.801374
1.82052,1.469161,-0.796405
1.820813,1.46273,-0.798597
1.82052,1.470623,-0.788366
1.830167,1.463315,-0.792458
1.82929,1.46653,-0.794651
1.836305,1.46653,-0.787197
1.843321,1.46273,-0.781204
1.84069,1.469453,-0.791289
1.841274,1.456884,-0.786466
1.853844,1.450745,-0.770827
1.846244,1.458053,-0.769366
1.857059,1.457176,-0.780327
1.861444,1.448115,-0.774627
1.858521,1.451915,-0.76425
1.855305,1.448699,-0.770243
1.866413,1.449868,-0.762643
1.869921,1.446361,-0.759719
1.859398,1.439345,-0.765566
1.865536,1.430576,-0.743935
1.869336,1.430576,-0.750658
1.877813,1.426191,-0.753289
1.881029,1.42736,-0.742619
1.877813,1.415083,-0.736042
1.880444,1.413914,-0.726688
1.882198,1.414206,-0.737211
1.881906,1.416253,-0.725811
1.882198,1.403683,-0.722011
1.885414,1.406022,-0.71865
1.890968,1.397837,-0.708857
1.899152,1.394037,-0.701111
1.889798,1.391991,-0.708857
1.889506,1.386437,-0.710319
1.891552,1.38176,-0.701403
1.896521,1.380883,-0.698041
1.904999,1.381467,-0.702134
1.901783,1.371821,-0.687372
1.90266,1.367729,-0.689711
1.905583,1.368021,-0.692488
1.901199,1.368021,-0.690295
1.903537,1.353113,-0.685472
1.915814,1.353113,-0.677141
1.912891,1.352528,-0.675241
1.90646,1.343174,-0.667495
1.91786,1.345513,-0.657995
1.919029,1.340544,-0.662233
1.910553,1.337621,-0.65171
1.923999,1.337036,-0.655949
1.918153,1.326805,-0.647764
1.916106,1.325928,-0.64981
1.922245,1.320082,-0.649079
1.925168,1.313651,-0.639433
1.918737,1.312482,-0.637971
1.92166,1.308974,-0.638117
1.923414,1.306051,-0.629056
1.920783,1.302543,-0.627887
1.92166,1.301082,-0.621017
1.922537,1.29582,-0.62584
1.927214,1.285589,-0.619848
1.927214,1.294651,-0.615025
1.916399,1.289974,-0.606548
1.926337,1.275358,-0.604648
1.923999,1.275943,-0.610202
1.915814,1.272727,-0.603917
1.913768,1.270681,-0.594417
1.920491,1.266589,-0.590763
1.917276,1.265419,-0.597486
1.92283,1.255189,-0.585355
1.925753,1.256942,-0.580532
1.921953,1.254604,-0.584771
1.919906,1.240865,-0.587547
1.918737,1.24145,-0.573663
1.915814,1.242327,-0.57527
1.916399,1.23005,-0.567524
1.918737,1.237357,-0.566063
1.918737,1.229757,-0.564016
1.916106,1.230342,-0.555539
1.917568,1.221865,-0.555101
1.917568,1.220696,-0.558316
1.907629,1.223327,-0.555685
1.903829,1.213388,-0.560509
1.912306,1.213096,-0.56007
1.904706,1.212219,-0.555685
1.909675,1.209003,-0.547501
1.912306,1.203449,-0.551739
1.904999,1.206665,-0.536977
1.906752,1.203742,-0.540778
1.907045,1.199357,-0.533908
1.901491,1.19468,-0.531862
1.896814,1.198188,-0.524408
1.900322,1.197895,-0.528062
1.89126,1.188541,-0.527477
1.894475,1.192049,-0.519146
1.895645,1.187957,-0.54107
1.89126,1.187372,-0.536101
1.889798,1.183864,-0.540193
1.888629,1.182695,-0.524262
1.885414,1.182695,-0.529524
1.87986,1.185034,-0.527331
1.886875,1.175095,-0.534639
1.87489,1.17451,-0.527331
1.867875,1.176849,-0.5228
1.87489,1.170126,-0.535662
1.878983,1.172757,-0.516954
1.869336,1.17568,-0.531424
1.869629,1.166326,-0.520316
1.864952,1.165156,-0.523239
1.861444,1.17071,-0.524262
1.862613,1.171003,-0.533616
1.865536,1.171003,-0.529962
1.848875,1.174218,-0.526162
1.853259,1.181526,-0.521923
1.844782,1.173049,-0.530547
1.839813,1.171295,-0.527477
1.850336,1.170418,-0.530839
1.845075,1.171003,-0.527039
1.842736,1.174218,-0.531716
1.844198,1.171003,-0.52967
1.838059,1.168956,-0.535662
1.835721,1.184157,-0.529231
1.835136,1.175387,-0.543116
1.830459,1.17568,-0.538585
1.822567,1.17948,-0.536539
1.831628,1.175387,-0.545162
1.82432,1.178018,-0.543116
1.817305,1.173049,-0.550716
1.819936,1.17831,-0.551008
1.81672,1.182111,-0.555247
1.80912,1.184157,-0.552762
1.810874,1.188541,-0.541947
1.808828,1.185326,-0.549693
1.809705,1.190588,-0.554955
1.807366,1.189711,-0.564309
1.800643,1.193803,-0.56577
1.800351,1.192634,-0.555247
1.79392,1.191465,-0.556124
1.798889,1.199357,-0.557878
1.791289,1.201695,-0.566063
1.794212,1.204326,-0.574686
1.779889,1.200234,-0.569424
1.783397,1.207542,-0.578486
1.794505,1.211634,-0.584771
1.781935,1.211634,-0.578193
1.792458,1.216311,-0.592078
1.776673,1.216311,-0.585063
1.775212,1.216311,-0.58784
1.772289,1.217773,-0.585501
1.771704,1.217188,-0.587109
1.775212,1.21865,-0.600994
1.771412,1.227711,-0.596463
1.770535,1.228296,-0.611371
1.766443,1.227419,-0.607132
1.760304,1.23385,-0.615902
1.762058,1.244373,-0.611663
1.766443,1.235311,-0.618679
1.762935,1.248173,-0.621894
1.756796,1.247296,-0.63271
1.749196,1.245542,-0.614294
1.758842,1.252265,-0.624817
1.756212,1.253142,-0.634464
1.752119,1.250512,-0.631833
1.753581,1.258404,-0.631979
1.748319,1.257527,-0.638702
1.755042,1.26425,-0.631687
1.748904,1.265419,-0.642356
1.745104,1.274481,-0.649225
1.742765,1.277112,-0.648056
1.740719,1.285297,-0.650248
1.738088,1.285881,-0.649225
1.732827,1.290851,-0.646156
1.739258,1.300497,-0.652879
1.736334,1.290558,-0.661064
1.733996,1.287928,-0.663256
1.741888,1.301958,-0.664279
1.737796,1.300789,-0.672172
1.731365,1.31102,-0.666764
1.734288,1.308097,-0.67261
1.731657,1.31102,-0.682987
1.73955,1.315113,-0.677433
1.732242,1.320666,-0.680649
1.731073,1.32359,-0.695703
1.725811,1.325928,-0.703157
1.733704,1.33002,-0.694241
1.733996,1.331482,-0.693657
1.734873,1.32739,-0.707249
1.716165,1.334405,-0.704034
1.720842,1.339082,-0.703888
1.720842,1.345221,-0.715726
1.714996,1.351067,-0.718942
1.730488,1.351359,-0.722011
1.719673,1.350482,-0.72055
1.724934,1.358375,-0.723034
1.71938,1.363052,-0.729611
1.72698,1.363636,-0.727273
1.717626,1.368021,-0.735896
1.715873,1.378544,-0.750365
1.721426,1.371529,-0.732242
1.726396,1.37679,-0.736481
1.727565,1.382344,-0.738234
1.719088,1.382637,-0.741011
1.718503,1.384975,-0.750365
1.718503,1.391406,-0.759719
1.720257,1.394914,-0.75095
1.722303,1.394037,-0.746419
1.71558,1.392575,-0.745542
1.719673,1.400175,-0.760889
1.725519,1.404852,-0.757235
1.719965,1.404268,-0.77302
1.718796,1.411868,-0.764981
1.722011,1.384683,-0.770389
1.714411,1.386437,-0.767466
1.724642,1.417422,-0.781058
1.755627,1.427068,-0.776966
1.726688,1.42853,-0.76922
1.721134,1.42853,-0.774189
1.721719,1.429114,-0.776089
1.730196,1.429407,-0.787051
1.725519,1.427945,-0.783689
1.727565,1.433207,-0.785297
1.729319,1.429699,-0.783981
1.733119,1.437007,-0.803859
1.729904,1.436714,-0.799766
1.729904,1.452207,-0.800497
1.73078,1.441684,-0.800497
1.733704,1.453084,-0.808097
1.737504,1.447238,-0.800058
1.745104,1.460976,-0.799766
1.745688,1.448407,-0.801228
1.744227,1.461269,-0.799912
1.741304,1.454545,-0.814966
1.743935,1.461269,-0.809705
1.74335,1.466823,-0.810143
1.749488,1.454253,-0.811605
1.743935,1.467115,-0.802397
1.752704,1.469453,-0.812336
1.742181,1.465069,-0.809997
1.74715,1.466238,-0.817159
1.753581,1.472669,-0.817597
1.760889,1.477054,-0.815113
1.754165,1.466238,-0.809851
1.757381,1.47033,-0.819936
1.755919,1.473838,-0.816136
1.764981,1.472961,-0.805612
1.770535,1.4753,-0.811605
1.769658,1.479684,-0.825051
1.771704,1.472376,-0.816428
1.774043,1.479684,-0.822274
1.77755,1.480854,-0.815843
1.776673,1.472376,-0.808974
1.777258,1.4829,-0.806051
1.788074,1.4791,-0.812189
1.785151,1.475592,-0.807074
1.783104,1.484361,-0.818474
1.791874,1.482315,-0.814236
1.795674,1.486992,-0.807659
1.799474,1.482607,-0.814966
1.795381,1.480561,-0.81102
1.800058,1.476177,-0.80722
1.799766,1.480269,-0.806489
1.815551,1.479684,-0.805028
1.811166,1.474715,-0.811751
1.815843,1.479977,-0.811605
1.822274,1.480269,-0.805612
1.822567,1.478807,-0.796258
1.827243,1.475884,-0.799035
1.821982,1.468576,-0.800205
1.829874,1.468576,-0.789828
1.833674,1.475007,-0.794358
1.835721,1.474715,-0.783835
1.845075,1.467115,-0.784127
1.847998,1.463022,-0.785589
1.838059,1.466823,-0.781497
1.843613,1.459222,-0.782081
1.84829,1.463315,-0.776527
1.846244,1.453376,-0.770096
1.850628,1.451915,-0.781497
1.852675,1.454253,-0.769073
1.857059,1.446653,-0.764981
1.857352,1.446653,-0.767904
1.861444,1.444314,-0.754312
1.857936,1.437007,-0.750804
1.86349,1.436714,-0.748319
1.870213,1.429699,-0.752412
1.879275,1.434376,-0.754019
1.871383,1.429407,-0.745835
1.874013,1.425022,-0.750365
1.877229,1.425606,-0.738673
1.87869,1.415083,-0.730196
1.881906,1.418006,-0.729904
1.88366,1.419176,-0.72245
1.885706,1.416545,-0.715873
1.890383,1.40456,-0.733119
1.890968,1.397837,-0.714411
1.886291,1.394329,-0.716165
1.888629,1.392283,-0.699795
1.886583,1.390237,-0.709442
1.894183,1.387021,-0.699357
1.891845,1.382929,-0.708565
1.895352,1.383221,-0.691757
1.904414,1.378544,-0.698041
1.905291,1.368898,-0.688103
1.892137,1.36919,-0.694534
1.897691,1.364806,-0.684741
1.873137,1.360129,-0.674364
1.905583,1.360713,-0.682695
1.909383,1.35399,-0.667495
1.90266,1.344928,-0.671441
1.904706,1.35019,-0.669833
1.911722,1.340836,-0.659018
1.909383,1.340251,-0.672318
1.916106,1.342298,-0.658579
1.926045,1.332944,-0.656533
1.919322,1.321543,-0.650541
1.918445,1.317159,-0.653464
1.916106,1.313066,-0.649225
1.918737,1.30722,-0.636656
1.92283,1.317159,-0.634171
1.916399,1.308389,-0.636802
1.914353,1.30342,-0.631687
1.916983,1.299912,-0.622186
1.925168,1.295235,-0.614586
1.923122,1.29202,-0.615463
1.919322,1.291143,-0.618825
1.925168,1.290266,-0.608886
1.919614,1.279158,-0.61064
1.92546,1.281204,-0.606548
1.92166,1.281789,-0.601432
1.926337,1.274773,-0.600702
1.921368,1.267466,-0.594709
1.923707,1.26805,-0.597486
1.927799,1.266881,-0.579655
1.923414,1.256942,-0.576293
1.919906,1.256942,-0.579509
1.918153,1.247296,-0.569132
1.912014,1.237942,-0.571032
1.920783,1.242911,-0.578778
1.919906,1.240865,-0.571616
1.921368,1.240865,-0.571178
1.915814,1.227711,-0.568986
1.944461,1.226542,-0.557878
1.916691,1.22245,-0.560216
1.913768,1.218942,-0.568547
1.907337,1.213096,-0.552762
1.908214,1.21748,-0.563724
1.913476,1.215434,-0.556124
1.910553,1.218942,-0.562993
1.912891,1.207249,-0.550278
1.907629,1.210465,-0.550862
1.904414,1.211634,-0.544285
1.902952,1.201988,-0.550278
1.905291,1.197018,-0.545601
1.897398,1.202572,-0.541216
1.900614,1.198772,-0.549255
1.896521,1.196726,-0.535954
1.898275,1.185618,-0.547939
1.888044,1.186203,-0.541801
1.89506,1.19088,-0.525723
1.890675,1.189126,-0.524554
1.883075,1.18708,-0.524993
1.88366,1.184157,-0.532447
1.883952,1.177141,-0.540485
1.879567,1.179187,-0.538147
1.879275,1.182403,-0.54107
1.871383,1.178603,-0.537562
1.872552,1.17451,-0.527185
1.87109,1.17568,-0.539901
1.867875,1.168664,-0.538878
1.870213,1.172757,-0.527916
1.861444,1.170126,-0.533616
1.863783,1.171295,-0.544139
1.861736,1.168956,-0.532593
1.858813,1.176849,-0.532593
1.857352,1.172464,-0.545893
1.852967,1.174803,-0.532739
1.854429,1.165156,-0.540339
1.849459,1.169249,-0.540339
1.850628,1.173926,-0.540193
1.849459,1.163695,-0.530985
1.84069,1.170126,-0.537854
1.846828,1.162526,-0.535808
1.836013,1.160772,-0.534639
1.836305,1.168956,-0.534639
1.828413,1.17071,-0.540631
1.82812,1.167203,-0.543555
1.82549,1.168079,-0.538001
1.827536,1.170418,-0.537854
1.824028,1.169249,-0.54867
1.824028,1.178895,-0.543116
1.812628,1.175972,-0.532885
1.816136,1.176264,-0.555539
1.811751,1.17568,-0.552178
1.812336,1.185034,-0.549693
1.804443,1.190295,-0.561239
1.797428,1.181526,-0.558316
1.800643,1.184157,-0.551447
1.802105,1.186495,-0.554078
1.798305,1.182111,-0.553785
1.796258,1.188249,-0.567963
1.792166,1.19088,-0.563432
1.792751,1.193511,-0.566209
1.786904,1.19088,-0.573224
1.785443,1.199942,-0.565624
1.780766,1.195849,-0.573078
1.783981,1.197603,-0.578632
1.780766,1.195265,-0.577755
1.78252,1.209003,-0.587694
1.781058,1.207542,-0.589301
1.77375,1.209003,-0.587547
1.768489,1.213096,-0.591055
1.775504,1.215726,-0.599971
1.769366,1.21865,-0.584332
1.77112,1.219234,-0.602309
1.768489,1.216896,-0.602163
1.761766,1.222742,-0.60684
1.761766,1.231511,-0.601725
1.756212,1.228004,-0.607717
1.766443,1.227127,-0.615171
1.75855,1.23385,-0.613417
1.748612,1.235311,-0.606402
1.753581,1.242911,-0.617802
1.748612,1.243496,-0.620725
1.745981,1.241158,-0.621163
1.752704,1.248465,-0.632271
1.748612,1.251973,-0.640456
1.741888,1.255189,-0.631248
1.743935,1.258112,-0.638556
1.741011,1.259866,-0.62774
1.742765,1.266589,-0.638264
1.740134,1.27302,-0.643087
1.745104,1.270389,-0.63651
1.747442,1.275066,-0.643671
1.738381,1.278574,-0.652441
1.737504,1.282958,-0.650248
1.736334,1.279743,-0.661649
1.736042,1.282958,-0.670272
1.741011,1.292604,-0.654633
1.722596,1.298451,-0.665156
1.731657,1.298158,-0.67261
1.726103,1.301666,-0.678164
1.72698,1.304005,-0.667641
1.728442,1.300497,-0.673926
1.725811,1.305466,-0.680503
1.722303,1.306343,-0.669103
1.717626,1.321543,-0.686934
1.715288,1.317451,-0.682549
1.718503,1.322713,-0.695995
1.724057,1.323297,-0.690441
1.72815,1.327097,-0.700088
1.713826,1.328559,-0.701403
1.71558,1.332359,-0.712657
1.717919,1.334113,-0.710903
1.712365,1.337328,-0.712949
1.718796,1.339082,-0.713973
1.715873,1.348436,-0.721719
1.716457,1.351067,-0.725957
1.720257,1.358082,-0.720403
1.708272,1.356329,-0.711049
1.710319,1.361298,-0.731804
1.714703,1.368898,-0.73005
1.720257,1.370067,-0.734873
1.720257,1.370067,-0.731073
1.715288,1.377667,-0.732096
1.71938,1.383514,-0.737942
1.709734,1.381175,-0.741304
1.722303,1.385852,-0.757966
1.718211,1.391114,-0.751535
1.714411,1.391406,-0.759427
1.71558,1.388775,-0.756796
1.716749,1.392868,-0.758696
1.721134,1.400468,-0.761766
1.723473,1.39696,-0.761766
1.719965,1.406606,-0.759719
1.710903,1.411576,-0.775066
1.71178,1.415083,-0.775212
1.720842,1.421514,-0.776527
1.724642,1.42093,-0.77302
1.724057,1.421806,-0.781789
1.71938,1.42853,-0.778281
1.724057,1.433207,-0.776673
1.72698,1.429699,-0.783689
1.728442,1.437007,-0.781643
1.731657,1.429991,-0.793774
1.72318,1.435253,-0.795089
1.72318,1.430284,-0.792312
1.733119,1.441976,-0.796697
1.734288,1.437884,-0.794358
1.736627,1.437591,-0.796697
1.731073,1.441099,-0.808828
1.738673,1.448992,-0.811897
1.737504,1.445192,-0.794358
1.731657,1.450745,-0.804151
1.734873,1.458346,-0.800351
1.739842,1.455422,-0.800351
1.737504,1.456299,-0.808682
1.740427,1.460684,-0.804443
1.741888,1.464776,-0.807074
1.743935,1.467407,-0.803566
1.740134,1.468284,-0.807659
1.748612,1.463899,-0.821105
1.749196,1.468869,-0.814382
1.755042,1.467992,-0.819497
1.755919,1.46653,-0.812774
1.750073,1.475007,-0.810289
1.755042,1.478515,-0.811751
1.757966,1.476469,-0.809412
1.759719,1.479392,-0.810436
1.769366,1.480269,-0.814528
1.767027,1.481146,-0.820666
1.763519,1.479977,-0.814966
1.774627,1.480561,-0.802982
1.767904,1.478223,-0.81102
1.77755,1.48173,-0.803566
1.780766,1.481146,-0.81482
1.781058,1.47793,-0.797574
1.780766,1.4829,-0.808097
1.779889,1.485238,-0.814528
1.788366,1.483777,-0.814089
1.79012,1.479684,-0.807805
1.788366,1.478515,-0.804589
1.796551,1.475592,-0.81102
1.796551,1.472961,-0.81482
1.800935,1.481146,-0.805174
1.794797,1.4753,-0.802251
1.804151,1.479392,-0.802689
1.812043,1.480269,-0.807659
1.80532,1.483192,-0.799328
1.817305,1.479684,-0.79962
1.817305,1.4715,-0.79772
1.823443,1.471792,-0.796112
1.824028,1.4715,-0.788658
1.820813,1.465361,-0.788951
1.83689,1.469453,-0.787343
1.82432,1.466238,-0.783104
1.825197,1.459515,-0.784274
1.831628,1.461269,-0.78062
1.840982,1.461269,-0.788366
1.843321,1.450745,-0.769073
1.842151,1.449284,-0.771412
1.845075,1.446945,-0.766881
1.845367,1.450161,-0.76732
1.845075,1.449576,-0.767612
1.85589,1.442561,-0.758404
1.856182,1.44373,-0.764543
1.862613,1.438176,-0.748612
1.859982,1.442561,-0.742473
1.860275,1.437884,-0.741742
1.873137,1.438761,-0.740281
1.870798,1.429114,-0.74335
1.871967,1.425606,-0.73955
1.876644,1.42356,-0.729611
1.882491,1.419468,-0.736188
1.87606,1.41713,-0.734142
1.882491,1.414206,-0.735604
1.882491,1.406606,-0.716749
1.888629,1.404852,-0.730488
1.889798,1.406899,-0.723619
1.886875,1.390821,-0.715726
1.889798,1.399883,-0.704034
1.901491,1.391991,-0.708711
1.895352,1.382637,-0.706372
1.895645,1.392575,-0.706811
1.900029,1.383514,-0.698334
1.899445,1.378544,-0.686641
1.897106,1.376206,-0.68021
1.898275,1.370652,-0.683572
1.903537,1.364513,-0.681087
1.910845,1.359836,-0.68328
1.91026,1.357498,-0.67378
1.911137,1.357498,-0.673049
1.907922,1.344928,-0.677872
1.906168,1.342298,-0.662379
1.911137,1.337621,-0.655072
1.913183,1.337621,-0.661941
1.911137,1.331774,-0.653172
1.915229,1.330313,-0.645133
1.916983,1.328851,-0.645425
1.918737,1.322128,-0.634025
1.919614,1.313943,-0.643525
1.914645,1.316574,-0.64031
1.920783,1.304882,-0.628179
1.913476,1.301082,-0.625256
1.916983,1.297574,-0.625987
1.926337,1.296989,-0.616486
1.923414,1.294358,-0.623648
1.919906,1.285881,-0.611517
1.921076,1.286174,-0.611371
1.917276,1.282374,-0.60494
1.914937,1.27945,-0.606109
1.914353,1.274773,-0.589155
1.923707,1.264835,-0.603186
1.92166,1.268927,-0.59354
1.919029,1.265419,-0.592955
1.91786,1.268927,-0.596025
1.919614,1.255481,-0.578193
1.926922,1.257527,-0.588132
1.908799,1.247881,-0.575563
1.918153,1.252558,-0.579947
1.920199,1.247004,-0.578047
1.920783,1.245542,-0.592955
1.919322,1.242911,-0.552762
1.91026,1.231219,-0.569132
1.909675,1.228004,-0.547647
1.911722,1.220696,-0.562701
1.916399,1.216311,-0.552032
1.916106,1.215726,-0.551301
1.908506,1.212803,-0.557293
1.909091,1.207834,-0.559047
1.912306,1.209003,-0.549839
1.909383,1.199942,-0.537124
1.90646,1.208711,-0.542531
1.906752,1.202572,-0.524116
1.903537,1.204911,-0.546039
1.904122,1.203742,-0.541216
1.902952,1.189126,-0.542824
1.899737,1.194972,-0.536977
1.891552,1.191172,-0.536247
1.889798,1.191172,-0.5152
1.894475,1.192341,-0.53537
1.893598,1.184157,-0.524847
1.887752,1.178603,-0.525285
1.893598,1.172464,-0.523093
1.883075,1.180357,-0.536977
1.882783,1.175095,-0.534639
1.885706,1.175972,-0.529085
1.882491,1.174218,-0.527185
1.883952,1.171003,-0.529962
1.887167,1.173633,-0.532154
1.871967,1.172757,-0.530108
1.878398,1.169833,-0.5228
1.865244,1.173049,-0.529816
1.860567,1.17188,-0.538585
1.856475,1.169249,-0.523531
1.871675,1.168079,-0.527331
1.859982,1.168664,-0.5209
1.861736,1.166618,-0.527331
1.852675,1.158141,-0.523677
1.855013,1.170126,-0.522654
1.849459,1.162526,-0.525723
1.851505,1.160187,-0.524262
1.84829,1.167203,-0.520754
1.847413,1.163403,-0.5323
1.847413,1.164864,-0.52397
1.841274,1.162818,-0.520608
1.837474,1.165156,-0.526162
1.839521,1.165449,-0.526308
1.834844,1.166033,-0.490061
1.82812,1.17071,-0.526893
1.824613,1.17188,-0.532885
1.828705,1.17071,-0.531277
1.819936,1.172464,-0.53537
1.819643,1.176557,-0.542678
1.816136,1.17948,-0.546331
1.818474,1.177141,-0.54487
1.811166,1.174218,-0.548085
1.815259,1.177726,-0.545601
1.808243,1.185034,-0.543847
1.805028,1.17948,-0.544724
1.806489,1.182987,-0.556562
1.764104,1.184741,-0.545893
1.796258,1.180941,-0.549108
1.801812,1.186203,-0.552908
1.795966,1.181818,-0.552762
1.790412,1.192634,-0.567378
1.796258,1.190295,-0.560216
1.791874,1.199065,-0.569278
1.786612,1.202865,-0.563139
1.786027,1.201403,-0.569424
1.779012,1.199942,-0.572201
1.775504,1.204911,-0.570886
1.779889,1.209588,-0.577901
1.778427,1.210757,-0.581555
1.776673,1.214849,-0.577024
1.778135,1.218942,-0.585647
1.77375,1.218942,-0.579801
1.766443,1.221865,-0.586671
1.772581,1.222157,-0.600702
1.776089,1.221865,-0.591786
1.761473,1.223619,-0.59924
1.762058,1.225373,-0.605817
1.757966,1.223619,-0.608009
1.755335,1.236481,-0.595148
1.762058,1.238527,-0.616194
1.764104,1.240281,-0.607425
1.750365,1.245542,-0.608302
1.75095,1.247881,-0.612248
1.752704,1.247588,-0.617217
1.748027,1.253727,-0.624671
1.743642,1.250512,-0.632564
1.750365,1.262496,-0.634464
1.748027,1.262789,-0.636948
1.750658,1.266881,-0.637679
1.74335,1.274773,-0.631687
1.741304,1.270681,-0.649664
1.735165,1.277112,-0.639871
1.743935,1.287635,-0.645133
1.735165,1.285297,-0.648348
1.741888,1.288512,-0.644256
1.733704,1.282374,-0.65361
1.731073,1.288512,-0.655656
1.736042,1.296697,-0.650102
1.728442,1.302835,-0.667933
1.731365,1.305174,-0.675095
1.722596,1.303712,-0.667203
1.722888,1.315697,-0.681526
1.739842,1.322128,-0.684303
1.730196,1.315113,-0.678603
1.731657,1.325928,-0.686495
1.726396,1.324174,-0.687957
1.72698,1.32622,-0.696288
1.725811,1.327974,-0.685472
1.723473,1.33382,-0.689272
1.722011,1.336744,-0.704765
1.722888,1.336744,-0.703011
1.727565,1.349313,-0.707834
1.72055,1.337328,-0.706372
1.724057,1.350775,-0.712511
1.72318,1.355159,-0.713826
1.717042,1.353698,-0.72318
1.721134,1.349021,-0.719673
1.719965,1.357498,-0.728588
1.711196,1.364806,-0.727565
1.715873,1.373283,-0.737357
1.721134,1.379421,-0.723034
1.716749,1.375037,-0.73765
1.717919,1.378837,-0.735896
1.717042,1.384975,-0.734727
1.712657,1.384683,-0.744519
1.716165,1.383806,-0.75475
1.713534,1.396083,-0.754019
1.719088,1.395791,-0.74525
1.717626,1.398129,-0.753435
1.720257,1.398422,-0.766004
1.712949,1.406022,-0.75475
1.718211,1.407776,-0.767173
1.722596,1.409529,-0.765858
1.716749,1.410406,-0.764396
1.71938,1.414499,-0.769658
1.717626,1.422683,-0.777989
1.71938,1.420637,-0.775358
1.723765,1.425314,-0.78442
1.71558,1.434376,-0.781789
1.714411,1.433791,-0.780327
1.721134,1.43116,-0.780912
1.722596,1.433207,-0.783689
1.725519,1.431453,-0.784566
1.729027,1.439638,-0.785004
1.731365,1.441684,-0.787489
1.721719,1.443145,-0.788951
1.732534,1.447238,-0.796989
1.73078,1.449868,-0.789681
1.737211,1.457469,-0.794066
1.736627,1.458346,-0.79202
1.736627,1.455715,-0.80532
1.740427,1.460976,-0.794797
1.741596,1.457761,-0.798889
1.749781,1.458346,-0.805612
1.740719,1.461853,-0.804443
1.735165,1.463607,-0.80912
1.746273,1.469453,-0.812043
1.741596,1.468869,-0.81292
1.749488,1.460099,-0.815843
1.747735,1.472376,-0.816428
1.761473,1.4715,-0.812482
1.748904,1.477346,-0.81672
1.755627,1.472376,-0.815405
1.756504,1.478223,-0.820813
1.764981,1.481438,-0.817743
1.757381,1.474423,-0.820813
1.763812,1.475592,-0.812336
1.761766,1.482023,-0.803712
1.767319,1.482315,-0.812774
1.767319,1.482023,-0.82549
1.77492,1.480561,-0.805174
1.773458,1.481146,-0.812043
1.773166,1.480561,-0.820374
1.776673,1.482315,-0.823736
1.781058,1.479392,-0.822128
1.788951,1.485823,-0.805759
1.783397,1.4829,-0.812043
1.789243,1.4791,-0.813505
1.787489,1.484361,-0.80912
1.795089,1.483777,-0.802982
1.798597,1.484361,-0.808097
1.803859,1.477054,-0.805174
1.802982,1.47793,-0.806782
1.800643,1.476761,-0.802105
1.801228,1.471207,-0.804151
1.809412,1.4753,-0.796989
1.816136,1.481146,-0.801228
1.819059,1.484361,-0.791289
1.816136,1.475884,-0.799912
1.82169,1.481146,-0.79012
1.819351,1.473253,-0.791289
1.829582,1.470038,-0.79012
1.82549,1.466823,-0.792458
1.829582,1.473838,-0.795381
1.834259,1.4677,-0.776966
1.842151,1.471207,-0.777404
1.844782,1.464776,-0.788658
1.850921,1.465946,-0.781058
1.848582,1.456592,-0.774773
1.846244,1.460684,-0.76922
1.856475,1.45133,-0.770535
1.852967,1.450453,-0.762643
1.858229,1.449576,-0.752119
1.856767,1.451622,-0.742034
1.85969,1.440222,-0.751535
1.857352,1.432914,-0.751535
1.865829,1.434376,-0.742181
1.871383,1.42853,-0.731657
1.867875,1.426484,-0.735019
1.873137,1.425606,-0.742765
1.884537,1.420053,-0.723765
1.88366,1.417422,-0.727419
1.884829,1.413329,-0.725227
1.885121,1.408945,-0.725957
1.880152,1.406606,-0.719234
1.885998,1.406314,-0.746711
1.891845,1.403683,-0.719673
1.889506,1.396375,-0.707542
1.892137,1.394037,-0.715142
1.895937,1.388483,-0.715873
1.897106,1.379714,-0.706372
1.89506,1.382929,-0.701988
1.896521,1.382929,-0.689564
1.900614,1.38059,-0.689418
1.897398,1.369483,-0.675095
1.901199,1.363344,-0.683572
1.902952,1.36539,-0.680357
1.900906,1.364513,-0.675533
1.912014,1.356621,-0.684449
1.911722,1.356329,-0.664718
1.911137,1.348436,-0.66501
1.916399,1.343174,-0.652587
1.905875,1.345221,-0.64791
1.91406,1.330605,-0.651564
1.923122,1.336159,-0.648641
1.922537,1.334697,-0.654779
1.923414,1.323297,-0.639579
1.92283,1.329436,-0.645425
1.920491,1.317159,-0.640018
1.922245,1.315989,-0.637679
1.916983,1.307512,-0.63081
1.927214,1.301082,-0.619994
1.925753,1.302251,-0.617509
1.923707,1.293481,-0.611079
1.924876,1.294066,-0.613271
1.919906,1.290266,-0.604648
1.921076,1.283835,-0.621456
1.921953,1.283543,-0.603186
1.925168,1.274481,-0.603186
1.923414,1.283835,-0.603917
1.920783,1.27682,-0.598509
1.922245,1.26922,-0.59924
1.924583,1.26805,-0.591494
1.914937,1.263958,-0.59544
1.922537,1.259866,-0.586817
1.91406,1.252558,-0.586963
1.918737,1.242911,-0.576878
1.920783,1.251388,-0.575417
1.920199,1.246127,-0.571178
1.917276,1.242327,-0.570009
1.918737,1.248173,-0.560216
1.919029,1.242619,-0.562993
1.92166,1.233265,-0.559778
1.922245,1.227419,-0.559486
1.919322,1.232388,-0.551885
1.91406,1.226834,-0.555685
1.911429,1.224788,-0.55247
1.910553,1.214265,-0.548962
1.908799,1.215726,-0.548962
1.905875,1.210465,-0.546624
1.909968,1.211049,-0.544431
1.907629,1.209296,-0.547062
1.901783,1.203742,-0.538001
1.898275,1.196141,-0.542531
1.904122,1.201111,-0.536685
1.899445,1.193218,-0.528939
1.895645,1.187957,-0.530693
1.89506,1.196141,-0.522362
1.899445,1.188541,-0.541216
1.892429,1.190588,-0.535808
1.896521,1.194972,-0.5285
1.887167,1.189126,-0.521193
1.898568,1.183864,-0.528208
1.88746,1.182403,-0.52397
1.88746,1.184741,-0.523239
1.88746,1.181818,-0.519146
1.878106,1.181526,-0.530547
1.875767,1.17948,-0.531131
1.880152,1.176264,-0.533324
1.879567,1.178895,-0.52967
1.87226,1.173633,-0.521923
1.87109,1.175387,-0.517685
1.869629,1.169833,-0.519
1.86349,1.174218,-0.521923
1.860859,1.19088,-0.532008
1.847705,1.221573,-0.532593
1.828413,1.261619,-0.544139
1.804735,1.311605,-0.558755
1.787197,1.372113,-0.612248
1.767612,1.403683,-0.62774
1.767027,1.435545,-0.651856
1.762935,1.457469,-0.66881
1.763812,1.44753,-0.668664
1.764981,1.445192,-0.663402
1.757966,1.444899,-0.67071
1.760012,1.460976,-0.67758
1.76615,1.473546,-0.679187
1.762643,1.475592,-0.687226
1.76235,1.481438,-0.689564
1.763519,1.482315,-0.706519
1.772873,1.477638,-0.708419
1.769366,1.486992,-0.701111
1.768196,1.484069,-0.710611
1.763227,1.484361,-0.709734
1.76615,1.492546,-0.697457
1.771996,1.491084,-0.706519
1.770243,1.494008,-0.721573
1.768196,1.490792,-0.707688
1.760889,1.493131,-0.704326
1.766735,1.491669,-0.705642
1.772873,1.491377,-0.700818
1.774043,1.487577,-0.707834
1.769073,1.496054,-0.705203
1.772873,1.489623,-0.711196
1.767904,1.491377,-0.704765
1.773458,1.483192,-0.707103
1.769073,1.497808,-0.689564
1.772581,1.478223,-0.695849
1.777258,1.486115,-0.700526
1.779012,1.480269,-0.683572
1.777843,1.484069,-0.700672
1.773166,1.482315,-0.70418
1.777258,1.483484,-0.691757
1.775504,1.492254,-0.701549
1.77492,1.481438,-0.703303
1.776673,1.478807,-0.711488
1.787197,1.483484,-0.693657
1.779889,1.472961,-0.700088
1.781058,1.483777,-0.704034
1.783689,1.474423,-0.696141
1.786904,1.482607,-0.694241
1.78632,1.476177,-0.691464
1.782812,1.477054,-0.67831
1.789535,1.47033,-0.699211
1.788074,1.476761,-0.687811
1.785735,1.470915,-0.685911
1.786904,1.469746,-0.680064
1.794212,1.470915,-0.683572
1.790997,1.471792,-0.68898
1.792166,1.466238,-0.677141
1.795674,1.461561,-0.688688
1.792166,1.469161,-0.688541
1.796258,1.467115,-0.676849
1.795089,1.464192,-0.684011
1.796843,1.464484,-0.681818
1.799182,1.465946,-0.676849
1.798889,1.461853,-0.680503
1.798305,1.468284,-0.67758
1.796843,1.465069,-0.667349
1.796551,1.466823,-0.666326
1.796551,1.46653,-0.66881
1.79392,1.460392,-0.678603
1.802982,1.464192,-0.670126
1.798012,1.460684,-0.675095
1.795966,1.457761,-0.67188
1.803274,1.458638,-0.665595
1.801812,1.453961,-0.667056
1.798597,1.448699,-0.669103
1.797428,1.451622,-0.658872
1.798889,1.449576,-0.657556
1.807951,1.448115,-0.666179
1.798597,1.448699,-0.662964
1.798889,1.450745,-0.652879
1.800643,1.454253,-0.652733
1.804735,1.45513,-0.652002
1.804443,1.457176,-0.660479
1.799766,1.451622,-0.648641
1.802689,1.452499,-0.652295
1.808535,1.45133,-0.650979
1.806489,1.443145,-0.646887
1.806489,1.445484,-0.658579
1.800935,1.439638,-0.652587
1.803566,1.449868,-0.650102
1.803859,1.43993,-0.641771
1.806489,1.448115,-0.646887
1.799766,1.435545,-0.643087
1.809997,1.43496,-0.646448
1.799182,1.439638,-0.649079
1.809412,1.43496,-0.643818
1.802689,1.425606,-0.637387
1.801228,1.427945,-0.637679
1.802105,1.425899,-0.636364
1.803274,1.434084,-0.638994
1.80152,1.429407,-0.642064
1.801812,1.429699,-0.638556
1.805905,1.431745,-0.635633
1.808243,1.424437,-0.638117
1.804151,1.425022,-0.641625
1.808828,1.423268,-0.631248
1.808243,1.421222,-0.630956
1.806197,1.43233,-0.624233
1.804443,1.422683,-0.630517
1.800935,1.425606,-0.63461
1.805612,1.416837,-0.631248
1.802397,1.418591,-0.632417
1.80532,1.420637,-0.624671
1.804151,1.416253,-0.631394
1.803274,1.415083,-0.629202
1.805612,1.410699,-0.625694
1.806782,1.410114,-0.626717
1.802982,1.414499,-0.624963
1.797135,1.411283,-0.620286
1.800935,1.41713,-0.630371
1.80532,1.410991,-0.616048
1.804443,1.413622,-0.631833
1.808828,1.420637,-0.618094
1.807951,1.410406,-0.62774
1.80152,1.408652,-0.625256
1.808535,1.409529,-0.623648
1.804151,1.415083,-0.617363
1.792751,1.410699,-0.617948
1.798305,1.406899,-0.61824
1.79772,1.397252,-0.610786
1.799182,1.400175,-0.60874
1.79772,1.408068,-0.603917
1.790704,1.406606,-0.619117
1.797135,1.411576,-0.617071
1.795089,1.406606,-0.612394
1.799474,1.397545,-0.614002
1.796258,1.407483,-0.614002
1.791581,1.402514,-0.598655
1.794797,1.408652,-0.606694
1.794212,1.408068,-0.60304
1.793628,1.409237,-0.608155
1.795089,1.413037,-0.613417
1.790412,1.40456,-0.615902
1.788658,1.409237,-0.613563
1.789243,1.406314,-0.615609
1.785735,1.408068,-0.606402
1.789535,1.398422,-0.609763
1.787489,1.401929,-0.611517
1.790412,1.411576,-0.610056
1.784858,1.408652,-0.617802
1.78632,1.408652,-0.612686
1.781058,1.403098,-0.628763
1.77872,1.409237,-0.609763
1.784566,1.405729,-0.60494
1.782812,1.404268,-0.611956
1.783689,1.406022,-0.609032
1.786027,1.398422,-0.600848
1.781058,1.402806,-0.606255
1.77755,1.405437,-0.616779
1.781935,1.403098,-0.612394
1.777258,1.401637,-0.605817
1.77872,1.398714,-0.61254
1.772873,1.403683,-0.609471
1.779304,1.400175,-0.611663
1.777843,1.406899,-0.608886
1.77112,1.40836,-0.620725
1.778135,1.405729,-0.60494
1.76995,1.407776,-0.607132
1.784566,1.410699,-0.611371
1.777258,1.407191,-0.612686
1.771996,1.407776,-0.626133
1.77492,1.405145,-0.622771
1.772873,1.401929,-0.621163
1.768196,1.409822,-0.617363
1.769366,1.409237,-0.62321
1.770535,1.415376,-0.626863
1.773166,1.416837,-0.619848
1.767904,1.405729,-0.614733
1.768489,1.407191,-0.624086
1.76995,1.407191,-0.617802
1.764104,1.409822,-0.631248
1.765566,1.412745,-0.621894
1.765858,1.406899,-0.62204
1.757089,1.407191,-0.627302
1.763227,1.408945,-0.629933
1.757089,1.413329,-0.621748
1.765566,1.410406,-0.622771
1.763812,1.411868,-0.624963
1.759135,1.413037,-0.634464
1.762935,1.418591,-0.626133
1.757966,1.410114,-0.625402
1.754165,1.414791,-0.63081
1.75855,1.418299,-0.633294
1.753873,1.420053,-0.631248
1.759135,1.430284,-0.605671
1.751535,1.420345,-0.638848
1.746858,1.415668,-0.637971
1.754458,1.415376,-0.63154
1.751242,1.418299,-0.635194
1.751535,1.42356,-0.636071
1.746565,1.422391,-0.633733
1.74335,1.42093,-0.637971
1.755042,1.420637,-0.641625
1.751242,1.422976,-0.642356
1.748904,1.433207,-0.634025
1.756212,1.425899,-0.642941
1.750365,1.42736,-0.633148
1.745688,1.424437,-0.636802
1.747735,1.422099,-0.649079
1.745688,1.426776,-0.640018
1.746858,1.43116,-0.649079
1.749781,1.429114,-0.650687
1.741304,1.434084,-0.656095
1.741596,1.43496,-0.650979
1.740719,1.435545,-0.66121
1.749196,1.439053,-0.653318
1.745104,1.434084,-0.652587
1.748904,1.43993,-0.656095
1.745981,1.443438,-0.654779
1.738965,1.448407,-0.663695
1.749781,1.441391,-0.657995
1.74335,1.444607,-0.663841
1.745688,1.441391,-0.651564
1.751242,1.454545,-0.662379
1.745688,1.449868,-0.66121
1.742765,1.45133,-0.665595
1.744227,1.44753,-0.67758
1.74715,1.45513,-0.676118
1.748027,1.45513,-0.670126
1.743058,1.453961,-0.666179
1.738965,1.451622,-0.672903
1.742473,1.456592,-0.67451
1.740427,1.461269,-0.669833
1.738088,1.457469,-0.682257
1.737211,1.462146,-0.677872
1.738673,1.464484,-0.684595
1.742181,1.467992,-0.671733
1.736919,1.463022,-0.671733
1.738381,1.468869,-0.685472
1.737796,1.467992,-0.677872
1.741888,1.463315,-0.676557
1.736919,1.466238,-0.686203
1.735165,1.473838,-0.695703
1.738673,1.469453,-0.698334
1.732242,1.469746,-0.698918
1.741304,1.471207,-0.693949
1.744227,1.480269,-0.696872
1.735457,1.481438,-0.694095
1.740134,1.467992,-0.690588
1.736042,1.4791,-0.687372
1.735457,1.485238,-0.696288
1.736627,1.478515,-0.697018
1.734288,1.47413,-0.703449
1.736919,1.482023,-0.709442
1.740427,1.484361,-0.705057
1.741888,1.484654,-0.70038
1.738088,1.484069,-0.709442
1.742181,1.483484,-0.708711
1.738673,1.48553,-0.708419
1.748319,1.491377,-0.717626
1.745104,1.484069,-0.705934
1.745104,1.487577,-0.702572
1.749488,1.491377,-0.71178
1.748904,1.489331,-0.708565
1.740134,1.495177,-0.707542
1.741011,1.493131,-0.710319
1.749781,1.495762,-0.70038
1.750658,1.494008,-0.709296
1.752704,1.4943,-0.699942
1.752412,1.501023,-0.711196
1.75855,1.489038,-0.709588
1.754165,1.487577,-0.715288
1.752704,1.499854,-0.707834
1.753289,1.491377,-0.712511
1.758258,1.489915,-0.712803
1.759719,1.491669,-0.717042
1.75855,1.492838,-0.716749
1.757673,1.488454,-0.711342
1.755335,1.492838,-0.718357
1.760304,1.489915,-0.713534
1.757381,1.4905,-0.715726
1.759427,1.489623,-0.713826
1.768781,1.495762,-0.713534
1.767612,1.489038,-0.70988
1.767612,1.491377,-0.720111
1.758258,1.487869,-0.719088
1.769073,1.492838,-0.708857
1.765273,1.493423,-0.703888
1.767612,1.491961,-0.700526
1.769073,1.492838,-0.707249
1.763227,1.487284,-0.703449
1.774043,1.487577,-0.710611
1.770243,1.489623,-0.701111
1.77112,1.4867,-0.705495
1.771704,1.488161,-0.695703
1.76615,1.4829,-0.698626
1.772581,1.4829,-0.698334
1.776673,1.484654,-0.700672
1.77872,1.482023,-0.700818
1.776089,1.487284,-0.705057
1.773166,1.486992,-0.70038
1.78252,1.481438,-0.692488
1.783689,1.480561,-0.69848
1.785151,1.475007,-0.700526
1.784274,1.476761,-0.702718
1.788074,1.487577,-0.693365
1.789243,1.489623,-0.695849
1.788658,1.484361,-0.698334
1.78252,1.487577,-0.692634
1.785151,1.485238,-0.684887
1.784274,1.481146,-0.692488
1.77755,1.47793,-0.699649
1.789535,1.478807,-0.689126
1.788366,1.480269,-0.688249
1.792166,1.472376,-0.685764
1.791874,1.473838,-0.68708
1.798012,1.473838,-0.68518
1.795089,1.477346,-0.687518
1.795381,1.475007,-0.683718
1.798889,1.475592,-0.682695
1.789243,1.471792,-0.686057
1.794212,1.471792,-0.676264
1.78632,1.463315,-0.678895
1.795674,1.460099,-0.687226
1.799182,1.463899,-0.679772
1.797428,1.464776,-0.679626
1.796843,1.459807,-0.678603
1.799182,1.468869,-0.668518
1.806197,1.464192,-0.678749
1.792458,1.460976,-0.679187
1.802397,1.462438,-0.676264
1.800935,1.465946,-0.672318
1.796258,1.458053,-0.667349
1.798305,1.458638,-0.671733
1.800351,1.457469,-0.665449
1.806489,1.461561,-0.660187
1.804443,1.459222,-0.656241
1.798889,1.460392,-0.658433
1.802397,1.453376,-0.673195
1.800058,1.451915,-0.647325
1.800058,1.452499,-0.658726
1.804151,1.443438,-0.646156
1.806489,1.446653,-0.662233
1.804443,1.44373,-0.656095
1.799766,1.452499,-0.650102
1.805905,1.446653,-0.649225
1.805612,1.437299,-0.655802
1.806782,1.451038,-0.648641
1.801812,1.440222,-0.655656
1.798305,1.440514,-0.644841
1.800351,1.442561,-0.646887
1.804443,1.43116,-0.656241
1.803566,1.438468,-0.653902
1.800935,1.432914,-0.647618
1.800058,1.439638,-0.655656
1.80532,1.435253,-0.642794
1.80152,1.435838,-0.633879
1.805905,1.431453,-0.636217
1.803859,1.43496,-0.646302
1.798012,1.425022,-0.645718
1.802689,1.424145,-0.63841
1.800351,1.421222,-0.628617
1.809997,1.422391,-0.638994
1.79772,1.421806,-0.641187
1.80152,1.429407,-0.629348
1.808243,1.425899,-0.641479
1.806489,1.416837,-0.637094
1.809705,1.426484,-0.639141
1.805905,1.41596,-0.635341
1.800058,1.426776,-0.635048
1.80912,1.424145,-0.62964
1.806782,1.426484,-0.637533
1.800058,1.418299,-0.637094
1.802397,1.425022,-0.634171
1.799182,1.427653,-0.622917
1.800935,1.416253,-0.624379
1.805612,1.412745,-0.618094
1.800935,1.410991,-0.621017
1.802397,1.410991,-0.628763
1.799182,1.412452,-0.618679
1.800643,1.410114,-0.61941
1.803274,1.409237,-0.630517
1.809412,1.41596,-0.622333
1.806489,1.411283,-0.606255
1.808243,1.413914,-0.622771
1.802689,1.411868,-0.610056
1.807366,1.407776,-0.609909
1.798012,1.399298,-0.613856
1.801812,1.404268,-0.616633
1.800058,1.408652,-0.609325
1.806197,1.411283,-0.60874
1.802689,1.408652,-0.60494
1.798889,1.406022,-0.611956
1.800935,1.409237,-0.608155
1.803859,1.412452,-0.611225
1.800643,1.411283,-0.614733
1.788951,1.427945,-0.625987
1.776966,1.464192,-0.661064
1.76995,1.497223,-0.70038
1.755335,1.517977,-0.737211
1.752704,1.526162,-0.771558
1.755042,1.515639,-0.79392
1.764396,1.512716,-0.802835
1.772873,1.494592,-0.809851
1.770243,1.486115,-0.806635
1.781935,1.486115,-0.801812
1.780766,1.47413,-0.810874
1.791289,1.466238,-0.812628
1.795966,1.458638,-0.815989
1.803859,1.450745,-0.812482
1.800643,1.445484,-0.811166
1.804735,1.439345,-0.809851
1.815843,1.435545,-0.79392
1.820228,1.42356,-0.801374
1.815551,1.422976,-0.807366
1.814966,1.422976,-0.807074
1.817597,1.430576,-0.800351
1.824028,1.422391,-0.810874
1.817597,1.419176,-0.790412
1.824613,1.41216,-0.800205
1.83309,1.41713,-0.79012
1.840982,1.409822,-0.789974
1.838644,1.406314,-0.789243
1.836013,1.40456,-0.788804
1.845075,1.398422,-0.77872
1.841567,1.394329,-0.777404
1.846244,1.398422,-0.778135
1.853259,1.397545,-0.77185
1.854429,1.397252,-0.768343
1.853259,1.390821,-0.769658
1.866121,1.395206,-0.772727
1.85969,1.390237,-0.765858
1.864367,1.38059,-0.775066
1.872844,1.38556,-0.764543
1.867875,1.383221,-0.755042
1.87109,1.378252,-0.751535
1.874306,1.377667,-0.76235
1.865829,1.377375,-0.750804
1.875767,1.377375,-0.743788
1.877521,1.367436,-0.732973
1.877521,1.367144,-0.746127
1.873721,1.360713,-0.738965
1.881029,1.36539,-0.738088
1.892429,1.359836,-0.733704
1.889506,1.356329,-0.731365
1.893306,1.355744,-0.722742
1.888629,1.35399,-0.729319
1.894768,1.347559,-0.725373
1.892721,1.344051,-0.71748
1.897106,1.332651,-0.715726
1.906752,1.340544,-0.706957
1.907045,1.329144,-0.707834
1.907922,1.331774,-0.700234
1.906168,1.33002,-0.699795
1.905583,1.321836,-0.701695
1.899737,1.32242,-0.706372
1.908799,1.313066,-0.692926
1.912014,1.306928,-0.700818
1.91406,1.313359,-0.683134
1.918153,1.305466,-0.69278
1.914645,1.303712,-0.686203
1.919322,1.300789,-0.667349
1.915522,1.294943,-0.682695
1.917568,1.298158,-0.678603
1.91406,1.289974,-0.667056
1.922537,1.292897,-0.671441
1.920783,1.290266,-0.669395
1.924876,1.285297,-0.663256
1.921953,1.279158,-0.66311
1.928676,1.278866,-0.654925
1.923707,1.274189,-0.644256
1.929845,1.261035,-0.652002
1.926045,1.267173,-0.656972
1.932184,1.264835,-0.643818
1.928383,1.263666,-0.642794
1.925753,1.25665,-0.637971
1.923999,1.257527,-0.631979
1.925753,1.253435,-0.63081
1.928383,1.244665,-0.628325
1.92926,1.237357,-0.628471
1.929553,1.239404,-0.625402
1.930137,1.232973,-0.621456
1.932768,1.225957,-0.619848
1.933645,1.235019,-0.61254
1.927507,1.227127,-0.604502
1.930722,1.222157,-0.608302
1.926045,1.215726,-0.593394
1.930722,1.218357,-0.604355
1.930722,1.212803,-0.605963
1.92926,1.209588,-0.605671
1.936568,1.208419,-0.563724
1.933645,1.192049,-0.593248
1.933937,1.194972,-0.562555
1.934522,1.190295,-0.580386
1.928676,1.192634,-0.589594
1.924583,1.188541,-0.586671
1.93043,1.182111,-0.583017
1.929553,1.182987,-0.584478
1.918153,1.180649,-0.582578
1.921076,1.177433,-0.577901
1.921076,1.168664,-0.579801
1.919029,1.172172,-0.576293
1.919322,1.169249,-0.578486
1.926045,1.16311,-0.571032
1.924583,1.171587,-0.562555
1.924876,1.165741,-0.573809
1.920491,1.158726,-0.566063
1.923414,1.156095,-0.558024
1.916691,1.152879,-0.567524
1.912014,1.158433,-0.556562
1.920491,1.151125,-0.554955
1.910553,1.154925,-0.55247
1.913768,1.149372,-0.546039
1.909968,1.154925,-0.551447
1.906752,1.147325,-0.545601
1.907629,1.141187,-0.559339
1.904414,1.140602,-0.551301
1.894475,1.147325,-0.542093
1.896814,1.140018,-0.555101
1.898568,1.140018,-0.546331
1.901783,1.132417,-0.557001
1.895937,1.132417,-0.549255
1.893891,1.136217,-0.541801
1.897398,1.131248,-0.55247
1.889798,1.128617,-0.542385
1.884829,1.133879,-0.547793
1.890383,1.137679,-0.529524
1.884244,1.130956,-0.544285
1.878398,1.130371,-0.549255
1.878106,1.127156,-0.551155
1.874013,1.13271,-0.545601
1.869921,1.130664,-0.549108
1.865536,1.131248,-0.543116
1.869336,1.126571,-0.54487
1.868459,1.127156,-0.544578
1.862906,1.117802,-0.544285
1.86349,1.126571,-0.543993
1.864075,1.125694,-0.550278
1.866706,1.127156,-0.545455
1.856767,1.125402,-0.562409
1.852967,1.132417,-0.545893
1.855598,1.128325,-0.549985
1.855305,1.133002,-0.556855
1.857936,1.133879,-0.553932
1.847413,1.123063,-0.55627
1.843028,1.133002,-0.556562
1.851798,1.132125,-0.56387
1.847998,1.135633,-0.564016
1.836013,1.138556,-0.558316
1.839521,1.138556,-0.562116
1.837474,1.13651,-0.557732
1.827828,1.135633,-0.560655
1.834844,1.144695,-0.556124
1.82929,1.144695,-0.572932
1.829874,1.144987,-0.581555
1.821105,1.14031,-0.566501
1.815259,1.139141,-0.575709
1.808243,1.143525,-0.574978
1.816136,1.148202,-0.571324
1.810582,1.144402,-0.572347
1.815259,1.156679,-0.583894
1.808243,1.154341,-0.576732
1.806489,1.152002,-0.57834
1.804151,1.161941,-0.581409
1.804735,1.15931,-0.588717
1.802689,1.161649,-0.592224
1.798889,1.159018,-0.598071
1.800643,1.163403,-0.599825
1.799474,1.169541,-0.600117
1.796258,1.171587,-0.603186
1.790412,1.171295,-0.591494
1.794505,1.177726,-0.592955
1.794505,1.180941,-0.611371
1.789828,1.187957,-0.604794
1.795381,1.17948,-0.618971
1.792751,1.18328,-0.608009
1.779012,1.189711,-0.622917
1.784274,1.192049,-0.614879
1.781058,1.199649,-0.621017
1.785735,1.197018,-0.622771
1.77872,1.200818,-0.63461
1.783397,1.201988,-0.633879
1.787489,1.210757,-0.623356
1.779597,1.206957,-0.627156
1.77755,1.204326,-0.639141
1.779597,1.216603,-0.634171
1.763227,1.223034,-0.643818
1.772289,1.227711,-0.64221
1.771412,1.227127,-0.648933
1.762058,1.22508,-0.64981
1.766735,1.231511,-0.650541
1.764981,1.233557,-0.646448
1.773458,1.236481,-0.664864
1.761473,1.246127,-0.67378
1.756796,1.242619,-0.670856
1.753289,1.242619,-0.667495
1.756504,1.242619,-0.665887
1.753581,1.255481,-0.658433
1.755919,1.256358,-0.663841
1.756796,1.257819,-0.67071
1.758258,1.261035,-0.682987
1.763227,1.266589,-0.67831
1.751535,1.26425,-0.676849
1.762058,1.263666,-0.679187
1.758842,1.271558,-0.685326
1.755919,1.268927,-0.69088
1.753289,1.280035,-0.695411
1.755335,1.282374,-0.694241
1.745688,1.284712,-0.701111
1.751535,1.287343,-0.709149
1.751827,1.286466,-0.708419
1.754458,1.282666,-0.712511
1.75095,1.29582,-0.710757
1.752704,1.292897,-0.715726
1.751535,1.305759,-0.722303
1.750658,1.302543,-0.71865
1.754458,1.305174,-0.722303
1.750365,1.308682,-0.725227
1.74715,1.305174,-0.719088
1.753289,1.310143,-0.721573
1.742473,1.316574,-0.732827
1.748904,1.324759,-0.735019
1.750365,1.321836,-0.736919
1.750658,1.321251,-0.742473
1.753873,1.320082,-0.741011
1.749781,1.330313,-0.736481
1.749488,1.33119,-0.739404
1.749488,1.336744,-0.740134
1.749196,1.344636,-0.783981
1.751242,1.343467,-0.751388
1.745396,1.34259,-0.763227
1.75095,1.335282,-0.754604
1.752119,1.343759,-0.766004
1.752704,1.35019,-0.764396
1.751535,1.353113,-0.772727
1.748612,1.360421,-0.766443
1.756504,1.356621,-0.766004
1.759719,1.358375,-0.768781
1.75855,1.361882,-0.770681
1.760304,1.363929,-0.767173
1.755335,1.366852,-0.769366
1.764104,1.364513,-0.771558
1.757381,1.367436,-0.77945
1.75855,1.375621,-0.773166
1.758258,1.370652,-0.774189
1.761473,1.371529,-0.776673
1.752412,1.384683,-0.773897
1.767319,1.376498,-0.788512
1.772581,1.375621,-0.784712
1.769366,1.38176,-0.792605
1.774043,1.390529,-0.788804
1.768196,1.393452,-0.783251
1.771996,1.38936,-0.789535
1.776966,1.393452,-0.798305
1.779597,1.398422,-0.79202
1.770243,1.393452,-0.791874
1.786612,1.394037,-0.792458
1.777843,1.39696,-0.788658
1.772289,1.400468,-0.809851
1.782812,1.398714,-0.804297
1.780181,1.392283,-0.806197
1.783981,1.394914,-0.80342
1.783397,1.402222,-0.809997
1.788366,1.399006,-0.788512
1.787197,1.406022,-0.805028
1.794797,1.402222,-0.799035
1.799182,1.398422,-0.801228
1.799474,1.409237,-0.800935
1.798889,1.400175,-0.801082
1.803859,1.407191,-0.804589
1.798012,1.404852,-0.794066
1.802982,1.408068,-0.799912
1.806782,1.409822,-0.789243
1.809412,1.40836,-0.787197
1.809997,1.407483,-0.794651
1.811166,1.403683,-0.79202
1.817305,1.403975,-0.785297
1.815551,1.398129,-0.796405
1.817305,1.402514,-0.791581
1.827536,1.402514,-0.793774
1.830459,1.406314,-0.793335
1.800351,1.409237,-0.793043
1.832213,1.39696,-0.791435
1.837474,1.40456,-0.78252
1.839228,1.399591,-0.783981
1.843321,1.39696,-0.775943
1.840398,1.399006,-0.78062
1.845367,1.40076,-0.772435
1.843613,1.392283,-0.775504
1.847998,1.393744,-0.775358
1.851213,1.395498,-0.772143
1.847705,1.388483,-0.764835
1.862029,1.386144,-0.770681
1.860275,1.389944,-0.77302
1.858813,1.384683,-0.775212
1.868167,1.377667,-0.77185
1.864367,1.363052,-0.76045
1.87489,1.373867,-0.760012
1.871675,1.367144,-0.761327
1.871675,1.370944,-0.753873
1.871675,1.375037,-0.752265
1.878983,1.365975,-0.745104
1.88366,1.370944,-0.739404
1.881906,1.363636,-0.743058
1.888044,1.364221,-0.739696
1.888629,1.352821,-0.73078
1.890383,1.355744,-0.731073
1.894768,1.351944,-0.730196
1.893891,1.351944,-0.725811
1.894768,1.347559,-0.72055
1.894768,1.341128,-0.726103
1.903245,1.339374,-0.724203
1.897106,1.331482,-0.712072
1.897983,1.332359,-0.712072
1.908214,1.33382,-0.710757
1.902952,1.322713,-0.700965
1.910553,1.317159,-0.701111
1.900322,1.318036,-0.695118
1.909675,1.314236,-0.691903
1.908506,1.31862,-0.690441
1.873721,1.303712,-0.686057
1.91406,1.30342,-0.68328
1.918737,1.305759,-0.676557
1.913476,1.299035,-0.682257
1.918737,1.296697,-0.67758
1.916691,1.293481,-0.67641
1.923999,1.294943,-0.662379
1.915522,1.292312,-0.666326
1.916691,1.282958,-0.659749
1.926337,1.285297,-0.652879
1.923707,1.281204,-0.648933
1.921076,1.27565,-0.650541
1.923414,1.268927,-0.65361
1.920491,1.261327,-0.653464
1.924583,1.262789,-0.644987
1.924876,1.257527,-0.649956
1.923707,1.252558,-0.64981
1.927799,1.251096,-0.641041
1.923999,1.248758,-0.63081
1.925168,1.247588,-0.629494
1.927214,1.242619,-0.620433
1.926045,1.240281,-0.619556
1.933353,1.244958,-0.626425
1.926922,1.232096,-0.61634
1.928676,1.237357,-0.624086
1.925753,1.228004,-0.621017
1.935691,1.233265,-0.611371
1.92546,1.22508,-0.603332
1.926337,1.22625,-0.60874
1.93043,1.216603,-0.600263
1.921368,1.218065,-0.601871
1.926045,1.216896,-0.593978
1.927507,1.209296,-0.583455
1.929845,1.204034,-0.584624
1.923999,1.205203,-0.592809
1.932768,1.193218,-0.582578
1.92166,1.196726,-0.580678
1.925168,1.190295,-0.575563
1.931891,1.191757,-0.56387
1.923999,1.185618,-0.577317
1.924876,1.183572,-0.574686
1.933061,1.173341,-0.562701
1.924583,1.175972,-0.565039
1.924583,1.172172,-0.577901
1.924876,1.171003,-0.565332
1.92283,1.168956,-0.556416
1.920491,1.170126,-0.563578
1.92166,1.165741,-0.56197
1.923999,1.169541,-0.556124
1.917568,1.170418,-0.56387
1.923707,1.162818,-0.558609
1.916983,1.152879,-0.554516
1.917568,1.154341,-0.555832
1.916691,1.157264,-0.555247
1.916983,1.15551,-0.547793
1.909968,1.147325,-0.546478
1.915814,1.145279,-0.538878
1.910553,1.143525,-0.545016
1.911429,1.142356,-0.538439
1.913183,1.141771,-0.535808
1.916399,1.13271,-0.533324
1.904999,1.137679,-0.539462
1.894183,1.12774,-0.539901
1.887167,1.136802,-0.540047
1.886875,1.130079,-0.533762
1.893014,1.130956,-0.53917
1.890091,1.13271,-0.536393
1.891552,1.131248,-0.538001
1.885998,1.134171,-0.534931
1.880737,1.129787,-0.540631
1.883952,1.12891,-0.536393
1.87489,1.133294,-0.521339
1.864659,1.15171,-0.517685
1.844198,1.182695,-0.516662
1.830459,1.246127,-0.52967
1.811751,1.296112,-0.551301
1.794797,1.346682,-0.583747
1.779889,1.393452,-0.606402
1.767319,1.421806,-0.624379
1.76615,1.451038,-0.65171
1.766443,1.469746,-0.686641
1.764396,1.475007,-0.691464
1.759135,1.487577,-0.693218
1.770535,1.487577,-0.71178
1.762058,1.499269,-0.712949
1.767319,1.507162,-0.724788
1.764981,1.510085,-0.729173
1.774627,1.501315,-0.737796
1.767612,1.503654,-0.737357
1.765273,1.513885,-0.747442
1.77492,1.510377,-0.74145
1.783104,1.507162,-0.749635
1.777258,1.519146,-0.73195
1.77375,1.514762,-0.739404
1.780181,1.511839,-0.739258
1.780766,1.514762,-0.750512
1.77492,1.512131,-0.748027
1.784566,1.514177,-0.749635
1.789535,1.511546,-0.748758
1.791874,1.507162,-0.739404
1.83309,1.504238,-0.745542
1.761181,1.511254,-0.737796
1.793335,1.507746,-0.742327
1.789243,1.501315,-0.746858
1.79012,1.504531,-0.73195
1.798889,1.498685,-0.740281
1.797428,1.5019,-0.736481
1.793335,1.493423,-0.732388
1.803274,1.496638,-0.72698
1.804735,1.496346,-0.731365
1.806782,1.493715,-0.718942
1.810289,1.492254,-0.722888
1.802689,1.4905,-0.724203
1.80152,1.485238,-0.726834
1.813797,1.481146,-0.717042
1.80912,1.487577,-0.719673
1.814382,1.48553,-0.718796
1.809705,1.485238,-0.705057
1.813797,1.479392,-0.714996
1.816136,1.476761,-0.699649
1.817889,1.475884,-0.708272
1.818766,1.477346,-0.705642
1.824613,1.4715,-0.692634
1.821397,1.472376,-0.698918
1.824028,1.466238,-0.694972
1.831628,1.463022,-0.701549
1.835136,1.460684,-0.690149
1.832505,1.461853,-0.687372
1.828997,1.453084,-0.677287
1.834551,1.448992,-0.691172
1.832797,1.450745,-0.684303
1.825197,1.454253,-0.688395
1.831336,1.454838,-0.681672
1.833967,1.449284,-0.676264
1.830751,1.441099,-0.682695
1.832213,1.445776,-0.678895
1.834551,1.44753,-0.67451
1.836013,1.442268,-0.675533
1.831044,1.438176,-0.672464
1.841859,1.428822,-0.666764
1.845659,1.439053,-0.661795
1.843321,1.430576,-0.662672
1.844198,1.428822,-0.660041
1.847998,1.428822,-0.665449
1.842736,1.42356,-0.666764
1.842151,1.453961,-0.655364
1.842736,1.420053,-0.65741
1.847705,1.41713,-0.65551
1.839521,1.413914,-0.644402
1.843613,1.413622,-0.641625
1.849752,1.407191,-0.64791
1.850044,1.414499,-0.648641
1.841567,1.406606,-0.634317
1.840105,1.397545,-0.633733
1.84449,1.399298,-0.633002
1.844782,1.398714,-0.633002
1.845367,1.391991,-0.627594
1.846244,1.394037,-0.623648
1.846244,1.390529,-0.620579
1.850044,1.394621,-0.618971
1.849459,1.390821,-0.620871
1.850628,1.388191,-0.615025
1.844198,1.387314,-0.617071
1.847998,1.386144,-0.619556
1.850921,1.384098,-0.606109
1.848875,1.375329,-0.62014
1.845075,1.374744,-0.597048
1.849167,1.38059,-0.605817
1.84069,1.374744,-0.604648
1.846244,1.379714,-0.61254
1.852382,1.371821,-0.610056
1.852382,1.364806,-0.599386
1.845951,1.369483,-0.602017
1.849752,1.35779,-0.606548
1.845659,1.36656,-0.591201
1.834259,1.360129,-0.599678
1.848582,1.35779,-0.592809
1.84829,1.357498,-0.587986
1.849167,1.355744,-0.578047
1.850044,1.354575,-0.590324
1.835428,1.355744,-0.585209
1.849459,1.348436,-0.58784
1.849752,1.357206,-0.587109
1.845367,1.351652,-0.585647
1.846244,1.34259,-0.581847
1.849752,1.344928,-0.580386
1.849459,1.349313,-0.573809
1.840398,1.33119,-0.574832
1.842736,1.341421,-0.563724
1.842736,1.336451,-0.567232
1.830167,1.337621,-0.569424
1.845951,1.333528,-0.56884
1.841567,1.329144,-0.561532
1.83689,1.331774,-0.558316
1.833674,1.325928,-0.564163
1.826367,1.324174,-0.566501
1.833674,1.33002,-0.558755
1.837474,1.328267,-0.556416
1.830751,1.31979,-0.561239
1.834844,1.327974,-0.567378
1.835428,1.318913,-0.559778
1.830751,1.318036,-0.559924
1.82812,1.320082,-0.557293
1.829874,1.319205,-0.551155
1.826367,1.313943,-0.556124
1.826074,1.317159,-0.554516
1.819643,1.316866,-0.547793
1.827243,1.318036,-0.554662
1.82052,1.313066,-0.553932
1.817305,1.315989,-0.555101
1.820813,1.319205,-0.547793
1.819059,1.318913,-0.553785
1.817889,1.313066,-0.554662
1.818474,1.317743,-0.553932
1.821397,1.310728,-0.551885
1.815843,1.316574,-0.545601
1.813505,1.307805,-0.561386
1.811751,1.313066,-0.553201
1.808535,1.313943,-0.551301
1.804735,1.319497,-0.555393
1.805612,1.315697,-0.565916
1.805028,1.314528,-0.555832
1.807659,1.324759,-0.569863
1.804443,1.319205,-0.559047
1.799182,1.313943,-0.570886
1.796551,1.317451,-0.549985
1.794212,1.318328,-0.558901
1.795381,1.313943,-0.554516
1.798305,1.320666,-0.557878
1.795381,1.322713,-0.561386
1.789828,1.320666,-0.557147
1.791874,1.320959,-0.564747
1.788074,1.321543,-0.564747
1.789243,1.325051,-0.566939
1.782812,1.323005,-0.568401
1.780181,1.328851,-0.566063
1.779597,1.324759,-0.56884
1.771996,1.320666,-0.56884
1.77375,1.32359,-0.579217
1.771412,1.323297,-0.578486
1.764981,1.327097,-0.579655
1.769073,1.327097,-0.579363
1.764981,1.32242,-0.58594
1.760889,1.32739,-0.589301
1.767319,1.330313,-0.584917
1.763227,1.332359,-0.588278
1.760889,1.33382,-0.592078
1.760889,1.33382,-0.587401
1.758842,1.339959,-0.596901
1.755042,1.338498,-0.594271
1.757089,1.340836,-0.600994
1.751535,1.344928,-0.59544
1.750073,1.352236,-0.606986
1.749781,1.346975,-0.597925
1.751827,1.354575,-0.597778
1.74715,1.349313,-0.59734
1.752119,1.351652,-0.593248
1.745688,1.350482,-0.604209
1.743935,1.358667,-0.597925
1.742765,1.363929,-0.602309
1.744227,1.357498,-0.609032
1.751827,1.360713,-0.623063
1.74715,1.360421,-0.621017
1.738965,1.368898,-0.618094
1.742765,1.373283,-0.619848
1.739258,1.36919,-0.62964
1.740719,1.36656,-0.638117
1.740134,1.374744,-0.631394
1.736042,1.371529,-0.631687
1.731657,1.37796,-0.628325
1.730196,1.378837,-0.633879
1.725811,1.391114,-0.644548
1.717042,1.387021,-0.637533
1.721719,1.390529,-0.638556
1.724642,1.389652,-0.646302
1.728734,1.394914,-0.649956
1.729319,1.394914,-0.644987
1.721134,1.400175,-0.658726
1.72055,1.398129,-0.660772
1.71938,1.396375,-0.667056
1.714703,1.405437,-0.656533
1.725519,1.402222,-0.672026
1.718796,1.409237,-0.660626
1.684011,1.414499,-0.659164
1.720842,1.416545,-0.679187
1.719088,1.423268,-0.666618
1.713534,1.422976,-0.678603
1.711196,1.423268,-0.672318
1.712365,1.42356,-0.673633
1.717919,1.421222,-0.683426
1.71558,1.430868,-0.679626
1.713826,1.43496,-0.682841
1.717334,1.442853,-0.685618
1.722888,1.452207,-0.693511
1.705642,1.438176,-0.685472
1.710319,1.43993,-0.693511
1.706226,1.443438,-0.701695
1.707688,1.445484,-0.710903
1.708565,1.454253,-0.708711
1.709149,1.452499,-0.703449
1.709442,1.454838,-0.702426
1.713242,1.460099,-0.717042
1.717042,1.464776,-0.713242
1.706811,1.463899,-0.723619
1.715288,1.468284,-0.720696
1.712949,1.470038,-0.725665
1.707688,1.469453,-0.725519
1.711196,1.476177,-0.723911
1.707396,1.475884,-0.74145
1.710903,1.484069,-0.725811
1.709734,1.478223,-0.729319
1.716165,1.477054,-0.733996
1.720842,1.482607,-0.743204
1.723765,1.489038,-0.736773
1.716749,1.487284,-0.740427
1.718211,1.493131,-0.744227
1.726688,1.498392,-0.735457
1.721719,1.491961,-0.746273
1.717042,1.487284,-0.751388
1.723765,1.496054,-0.747735
1.72435,1.495762,-0.750073
1.724934,1.501608,-0.750658
1.727857,1.496638,-0.754312
1.722596,1.496638,-0.745835
1.732242,1.504823,-0.755919
1.727565,1.504531,-0.76235
1.72815,1.507162,-0.71558
1.740134,1.5019,-0.761619
1.729319,1.5057,-0.759573
1.733704,1.512716,-0.756942
1.738673,1.506869,-0.757966
1.733704,1.512423,-0.760304
1.743058,1.512423,-0.767173
1.738381,1.515346,-0.757966
1.741011,1.507746,-0.75855
1.747735,1.517685,-0.770535
1.746858,1.518562,-0.773604
1.752996,1.522362,-0.758258
1.750658,1.520316,-0.76922
1.753289,1.520023,-0.754019
1.760304,1.5209,-0.757235
1.753873,1.5171,-0.758404
1.758258,1.514177,-0.768781
1.751827,1.508916,-0.758842
1.757381,1.518854,-0.770827
1.770243,1.516223,-0.757381
1.764689,1.513885,-0.753435
1.767612,1.519731,-0.764835
1.76995,1.518854,-0.748173
1.76995,1.512131,-0.761327
1.762643,1.518562,-0.758258
1.768196,1.515931,-0.748173
1.773166,1.5133,-0.749342
1.771412,1.510085,-0.754604
1.771996,1.508331,-0.753142
1.773166,1.511254,-0.760742
1.780181,1.510377,-0.750658
1.783689,1.505116,-0.753873
1.784858,1.510377,-0.758842
1.78632,1.516223,-0.758989
1.788366,1.499269,-0.753581
1.783104,1.502485,-0.749927
1.790704,1.505992,-0.740865
1.784566,1.504823,-0.759135
1.794797,1.5057,-0.743642
1.796551,1.501023,-0.740865
1.795089,1.507454,-0.744373
1.800935,1.503069,-0.743058
1.79012,1.498392,-0.742765
1.797135,1.496054,-0.728442
1.802689,1.499269,-0.733704
1.810874,1.499269,-0.728296
1.804735,1.501315,-0.73268
1.799182,1.494008,-0.739258
1.802982,1.488161,-0.727857
1.806782,1.487284,-0.728588
1.813213,1.492546,-0.719088
1.807951,1.489038,-0.72698
1.816428,1.477346,-0.715434
1.815551,1.482607,-0.711196
1.815843,1.484361,-0.715288
1.823736,1.475592,-0.707834
1.81672,1.480854,-0.703595
1.822859,1.479392,-0.697895
1.814674,1.463607,-0.706372
1.817597,1.468284,-0.701111
1.819936,1.467115,-0.696141
1.827536,1.472669,-0.698918
1.824613,1.465653,-0.696288
1.831044,1.468284,-0.698772
1.830751,1.467407,-0.699503
1.823443,1.463022,-0.692634
1.830459,1.455422,-0.697895
1.833967,1.45893,-0.695118
1.834844,1.464192,-0.683572
1.832213,1.454838,-0.689126
1.832213,1.450453,-0.69088
1.828997,1.452207,-0.689272
1.838059,1.444607,-0.67948
1.828705,1.450453,-0.682841
1.819936,1.454838,-0.679626
1.802105,1.45893,-0.669103
1.785151,1.459807,-0.664864
1.763227,1.463607,-0.668956
1.749781,1.438761,-0.671441
1.733119,1.41976,-0.665156
1.721426,1.390529,-0.679918
1.71938,1.373867,-0.684449
1.717626,1.352236,-0.680941
1.722303,1.324174,-0.700088
1.728442,1.301958,-0.696434
1.738088,1.279743,-0.691318
1.744811,1.287635,-0.695557
1.746565,1.283835,-0.695703
1.752119,1.281497,-0.704765
1.756796,1.273897,-0.70798
1.766443,1.266004,-0.700088
1.777843,1.266296,-0.747735
1.776673,1.264543,-0.701988
1.769658,1.271558,-0.702865
1.76995,1.272435,-0.708272
1.77755,1.260742,-0.705057
1.782227,1.26805,-0.70608
1.779304,1.26045,-0.709149
1.78135,1.263666,-0.71178
1.784566,1.258112,-0.704034
1.782812,1.26922,-0.716749
1.78252,1.265712,-0.713242
1.777843,1.267758,-0.71748
1.779012,1.270681,-0.710026
1.783104,1.272143,-0.719819
1.783689,1.277989,-0.718942
1.788951,1.275066,-0.727711
1.783981,1.279743,-0.721426
1.786027,1.281497,-0.732096
1.780181,1.277989,-0.729611
1.788951,1.275943,-0.725665
1.788074,1.282958,-0.729319
1.784566,1.281789,-0.718942
1.785735,1.285881,-0.733557
1.784566,1.287635,-0.72888
1.784566,1.289097,-0.733119
1.788366,1.297866,-0.734288
1.789535,1.287635,-0.735165
1.791581,1.291728,-0.743935
1.790704,1.294651,-0.736481
1.79392,1.292312,-0.741158
1.788366,1.296112,-0.734873
1.79012,1.296405,-0.747296
1.796843,1.297282,-0.754019
1.798305,1.300789,-0.751242
1.797428,1.302835,-0.74715
1.79772,1.307512,-0.755481
1.797428,1.301958,-0.745104
1.792751,1.296405,-0.751973
1.798597,1.313066,-0.749488
1.80152,1.316866,-0.746273
1.799766,1.307805,-0.764835
1.795966,1.309851,-0.750658
1.80152,1.31482,-0.747004
1.802105,1.313943,-0.756796
1.802397,1.316282,-0.764543
1.807366,1.315113,-0.765127
1.809412,1.319205,-0.766589
1.813797,1.316282,-0.761035
1.808535,1.321543,-0.76732
1.803274,1.32242,-0.766296
1.812043,1.319205,-0.762204
1.809412,1.32622,-0.764104
1.815259,1.32622,-0.766443
1.818766,1.320374,-0.764396
1.821105,1.331482,-0.757966
1.817305,1.31862,-0.767466
1.818474,1.329436,-0.771266
1.824028,1.32242,-0.758258
1.822859,1.324467,-0.767173
1.823736,1.321251,-0.772873
1.82549,1.32242,-0.76045
1.823151,1.325636,-0.767466
1.828997,1.324174,-0.762789
1.831921,1.324467,-0.757673
1.835136,1.324174,-0.77112
1.832797,1.321251,-0.763666
1.82929,1.329436,-0.762789
1.839813,1.318913,-0.764981
1.834551,1.325636,-0.750219
1.83309,1.324174,-0.762496
1.846244,1.321543,-0.761473
1.847413,1.328851,-0.76425
1.844782,1.318328,-0.751096
1.84829,1.328851,-0.744811
1.850044,1.313066,-0.759427
1.857644,1.315697,-0.757673
1.862906,1.317451,-0.751973
1.856767,1.316282,-0.755335
1.854429,1.320082,-0.764396
1.857059,1.315989,-0.737796
1.856475,1.308974,-0.741304
1.864952,1.31482,-0.754896
1.860275,1.308974,-0.751681
1.86729,1.306051,-0.743058
1.861152,1.309851,-0.75095
1.874306,1.306051,-0.744958
1.866998,1.301958,-0.740719
1.873137,1.301666,-0.740281
1.873137,1.297282,-0.745104
1.871675,1.29962,-0.732388
1.878398,1.297282,-0.732388
1.879567,1.296697,-0.724934
1.879275,1.296405,-0.725957
1.885706,1.288804,-0.713242
1.882783,1.28822,-0.73078
1.885706,1.286466,-0.725665
1.892721,1.282666,-0.724788
1.892429,1.28442,-0.71368
1.889214,1.281204,-0.711488
1.887167,1.278574,-0.70988
1.88746,1.271558,-0.716896
1.886291,1.27682,-0.709588
1.897691,1.267466,-0.706226
1.89506,1.267466,-0.711049
1.891552,1.26922,-0.698041
1.887752,1.260742,-0.699065
1.89886,1.263958,-0.700672
1.901783,1.257235,-0.698041
1.903537,1.255481,-0.691903
1.902952,1.258112,-0.693072
1.901199,1.257235,-0.691611
1.900029,1.25665,-0.688834
1.90266,1.255481,-0.685911
1.901783,1.248465,-0.680795
1.907337,1.249635,-0.692341
1.905875,1.239404,-0.679334
1.904999,1.238234,-0.675533
1.910845,1.24145,-0.67568
1.914353,1.237065,-0.680357
1.89886,1.227127,-0.675387
1.908799,1.226542,-0.667203
1.912306,1.224788,-0.672318
1.920491,1.223327,-0.667933
1.911137,1.218065,-0.668079
1.91406,1.219234,-0.662672
1.916691,1.223911,-0.653902
1.914645,1.214265,-0.659456
1.918737,1.214265,-0.661356
1.918445,1.216019,-0.652441
1.916106,1.216603,-0.656241
1.911429,1.204034,-0.659895
1.916691,1.204619,-0.644841
1.919322,1.207249,-0.639725
1.914645,1.204326,-0.64411
1.916106,1.204619,-0.644841
1.924583,1.203742,-0.642794
1.923414,1.23385,-0.644987
1.918153,1.194388,-0.63154
1.913768,1.195265,-0.629348
1.918445,1.187957,-0.630371
1.920491,1.17451,-0.632417
1.925168,1.180357,-0.625402
1.921076,1.171587,-0.624233
1.926337,1.178603,-0.621017
1.923122,1.177141,-0.620579
1.92283,1.168079,-0.611517
1.918445,1.167203,-0.615171
1.919029,1.163695,-0.613856
1.920491,1.168956,-0.613563
1.917568,1.160479,-0.602894
1.919614,1.16311,-0.611956
1.91406,1.156679,-0.609032
1.913476,1.158433,-0.611225
1.912891,1.148787,-0.614879
1.91026,1.158141,-0.605086
1.900906,1.146156,-0.588278
1.906752,1.145571,-0.597778
1.908214,1.144987,-0.596025
1.911137,1.151125,-0.60114
1.915814,1.147033,-0.605525
1.915814,1.141187,-0.597048
1.911429,1.139433,-0.607571
1.909968,1.141187,-0.593248
1.906752,1.133879,-0.594563
1.907337,1.140602,-0.58214
1.907922,1.137971,-0.592371
1.911137,1.133879,-0.593978
1.910553,1.125694,-0.578193
1.904999,1.12891,-0.593248
1.909091,1.124525,-0.58974
1.899445,1.126279,-0.588278
1.889506,1.123356,-0.585501
1.894768,1.12774,-0.581701
1.893598,1.119848,-0.592663
1.893306,1.123648,-0.569716
1.886875,1.12131,-0.578924
1.889506,1.122187,-0.586086
1.893306,1.131248,-0.590763
1.885121,1.119556,-0.59164
1.887167,1.090032,-0.591201
1.87986,1.117509,-0.581701
1.880737,1.125402,-0.587547
1.877521,1.128617,-0.587986
1.880444,1.119263,-0.586671
1.873721,1.117802,-0.576147
1.876644,1.126863,-0.585355
1.876352,1.126279,-0.581847
1.870798,1.12511,-0.574978
1.87109,1.125987,-0.568693
1.877521,1.122771,-0.586378
1.865536,1.118386,-0.584186
1.868459,1.120433,-0.588717
1.871383,1.120725,-0.593832
1.869629,1.12131,-0.584917
1.856182,1.125402,-0.588132
1.863783,1.123648,-0.590032
1.854429,1.120433,-0.587109
1.857936,1.127156,-0.591494
1.861152,1.127156,-0.598655
1.855305,1.12891,-0.590909
1.850921,1.128325,-0.59354
1.851505,1.130371,-0.592517
1.850044,1.130956,-0.584186
1.849167,1.13651,-0.588278
1.845075,1.131248,-0.591494
1.848875,1.132417,-0.598801
1.842736,1.130664,-0.606109
1.845075,1.131248,-0.606986
1.837767,1.133294,-0.595001
1.834551,1.13651,-0.603771
1.835136,1.136217,-0.602602
1.83689,1.137094,-0.60304
1.833967,1.134464,-0.600117
1.839228,1.142356,-0.601871
1.83689,1.145571,-0.608448
1.837767,1.143525,-0.610494
1.83309,1.153756,-0.611956
1.829582,1.146448,-0.61444
1.828413,1.147033,-0.603332
1.826367,1.14791,-0.618386
1.824905,1.149664,-0.612979
1.831336,1.154049,-0.62774
1.824613,1.164279,-0.610786
1.821397,1.154925,-0.616048
1.815259,1.156972,-0.622186
1.824905,1.161356,-0.619556
1.819643,1.161941,-0.620871
1.821105,1.163987,-0.63154
1.811459,1.176557,-0.62394
1.817013,1.173633,-0.619994
1.807659,1.167495,-0.632417
1.805905,1.168664,-0.63154
1.807366,1.180941,-0.643964
1.808243,1.177141,-0.637094
1.806782,1.176264,-0.649372
1.809412,1.177141,-0.641187
1.80532,1.177141,-0.637241
1.800643,1.183572,-0.639433
1.80532,1.184449,-0.644402
1.804443,1.18708,-0.646302
1.797428,1.188541,-0.648787
1.798889,1.191465,-0.657118
1.800058,1.204619,-0.654779
1.794505,1.206665,-0.666033
1.797428,1.207834,-0.656679
1.802397,1.202572,-0.668079
1.798012,1.196141,-0.656387
1.797428,1.216019,-0.665156
1.787781,1.207834,-0.667203
1.788951,1.205788,-0.665887
1.79392,1.214849,-0.66311
1.787489,1.218065,-0.676264
1.793628,1.223911,-0.677872
1.788658,1.224788,-0.67758
1.798012,1.222742,-0.69468
1.79012,1.222157,-0.683864
1.785735,1.225373,-0.682403
1.790704,1.224203,-0.682403
1.793043,1.228588,-0.682257
1.795089,1.232096,-0.688834
1.78632,1.238234,-0.683426
1.788951,1.236188,-0.687518
1.786904,1.234142,-0.695411
1.787197,1.241742,-0.694388
1.787489,1.251681,-0.710465
1.791289,1.247296,-0.712949
1.785443,1.242619,-0.709149
1.793043,1.250512,-0.676557
1.789243,1.256065,-0.673926
1.787197,1.250219,-0.746858
1.784566,1.267466,-0.708857
1.780766,1.264835,-0.709296
1.781643,1.258404,-0.715142
1.779597,1.263958,-0.715873
1.786027,1.26805,-0.723765
1.783981,1.260742,-0.715873
1.781643,1.262496,-0.724057
1.789828,1.268635,-0.72815
1.785443,1.26425,-0.72435
1.786612,1.267466,-0.724203
1.78135,1.27565,-0.729611
1.786904,1.274773,-0.718357
1.782227,1.281789,-0.72815
1.785151,1.277697,-0.72245
1.78632,1.289097,-0.736042
1.788366,1.282081,-0.736919
1.782227,1.285297,-0.73765
1.790704,1.291143,-0.721426
1.790704,1.293189,-0.725957
1.781643,1.292604,-0.74335
1.787489,1.289681,-0.738673
1.789243,1.300497,-0.725665
1.797428,1.295235,-0.734581
1.789828,1.297866,-0.744519
1.79392,1.300789,-0.738381
1.800351,1.293481,-0.755042
1.791581,1.30722,-0.743642
1.795381,1.301082,-0.743204
1.792751,1.303128,-0.747004
1.796843,1.307512,-0.749781
1.799182,1.298158,-0.752119
1.798305,1.303128,-0.753435
1.798597,1.307512,-0.752996
1.79772,1.307805,-0.747588
1.792751,1.312189,-0.757089
1.800643,1.309266,-0.754896
1.795674,1.312774,-0.760012
1.80532,1.313651,-0.762935
1.808535,1.317159,-0.750658
1.80912,1.311605,-0.754312
1.809412,1.317743,-0.757089
1.809412,1.316574,-0.763812
1.81292,1.314236,-0.754312
1.817013,1.317451,-0.749488
1.814966,1.319205,-0.750512
1.819643,1.316574,-0.752412
1.817013,1.31979,-0.763373
1.808243,1.322128,-0.755919
1.814089,1.313066,-0.752119
1.813213,1.319497,-0.760304
1.824028,1.315697,-0.762643
1.822274,1.311605,-0.764543
1.824028,1.314236,-0.759866
1.822567,1.314236,-0.769512
1.823151,1.312774,-0.769366
1.838644,1.321251,-0.756942
1.833967,1.321251,-0.767027
1.834259,1.323297,-0.760158
1.833674,1.324174,-0.759866
1.83689,1.321836,-0.759719
1.836597,1.320666,-0.752119
1.845075,1.315113,-0.76235
1.845659,1.319205,-0.755919
1.845659,1.320666,-0.751535
1.843321,1.316866,-0.755042
1.853844,1.320959,-0.74525
1.850336,1.313651,-0.752119
1.853552,1.313066,-0.764104
1.849752,1.312774,-0.749342
1.857352,1.309266,-0.759719
1.857936,1.311312,-0.744081
1.847705,1.301666,-0.752412
1.854429,1.307512,-0.739111
1.859105,1.305174,-0.748319
1.864659,1.304297,-0.746565
1.862906,1.299328,-0.750365
1.866413,1.302251,-0.737357
1.873137,1.297574,-0.744811
1.875767,1.298451,-0.731657
1.862906,1.292897,-0.72815
1.875767,1.296989,-0.736481
1.869921,1.29202,-0.744519
1.875767,1.287635,-0.722157
1.881029,1.297574,-0.725227
1.882491,1.292312,-0.732242
1.889214,1.288804,-0.734434
1.881906,1.289974,-0.731219
1.882491,1.293481,-0.722011
1.878983,1.282374,-0.715726
1.883075,1.282666,-0.725519
1.890091,1.281789,-0.711196
1.89126,1.279158,-0.722888
1.89506,1.28062,-0.712219
1.893306,1.281204,-0.70608
1.897398,1.27682,-0.71178
1.892429,1.271558,-0.696288
1.896229,1.266589,-0.708419
1.893306,1.263373,-0.706811
1.897983,1.269804,-0.70228
1.897983,1.266881,-0.705203
1.904414,1.261912,-0.695557
1.905291,1.262204,-0.697018
1.903245,1.255481,-0.679626
1.904999,1.259281,-0.695118
1.907629,1.255773,-0.682403
1.907922,1.258404,-0.687664
1.907922,1.248465,-0.681672
1.910553,1.246127,-0.680503
1.91406,1.242034,-0.677141
1.911722,1.239988,-0.67948
1.910845,1.242911,-0.680649
1.911137,1.234142,-0.675826
1.912306,1.229757,-0.675533
1.910845,1.228296,-0.675972
1.916983,1.229173,-0.665887
1.912306,1.227127,-0.660479
1.909968,1.216896,-0.657264
1.915229,1.221573,-0.652441
1.916983,1.224788,-0.658141
1.921368,1.211634,-0.662964
1.913476,1.211049,-0.652733
1.916399,1.211049,-0.649372
1.913476,1.20988,-0.644256
1.915522,1.201403,-0.653756
1.912599,1.197311,-0.644841
1.918445,1.201111,-0.655364
1.921953,1.195849,-0.63271
1.914645,1.18708,-0.635633
1.918153,1.190295,-0.63271
1.919906,1.189418,-0.616779
1.920783,1.184741,-0.635925
1.919614,1.188249,-0.634464
1.923414,1.192926,-0.628617
1.922245,1.184157,-0.619263
1.919906,1.175972,-0.628763
1.92926,1.174218,-0.619263
1.929845,1.178895,-0.623356
1.920491,1.167495,-0.616486
1.917276,1.163987,-0.611956
1.914937,1.165156,-0.610932
1.920491,1.162526,-0.620725
1.916106,1.162818,-0.611517
1.918153,1.157849,-0.601871
1.913476,1.155218,-0.605232
1.924583,1.158726,-0.598217
1.921368,1.150248,-0.604794
1.923707,1.151125,-0.600848
1.914353,1.148202,-0.604648
1.913476,1.143525,-0.601286
1.905583,1.15171,-0.594709
1.912306,1.146741,-0.597632
1.914937,1.140018,-0.595878
1.909968,1.142356,-0.592078
1.913183,1.135925,-0.593394
1.904999,1.135341,-0.595294
1.906168,1.140602,-0.589009
1.907922,1.135633,-0.599094
1.911429,1.137387,-0.580824
1.903829,1.133879,-0.582724
1.904414,1.133587,-0.579363
1.900614,1.129787,-0.58404
1.899152,1.123648,-0.575709
1.895937,1.120433,-0.582578
1.892137,1.130956,-0.575563
1.894183,1.125402,-0.584771
1.895645,1.121894,-0.587255
1.889214,1.123648,-0.578047
1.89126,1.122479,-0.591786
1.890968,1.126279,-0.579363
1.892429,1.117217,-0.585501
1.900029,1.119263,-0.589009
1.89886,1.121602,-0.58784
1.884537,1.121602,-0.586671
1.886583,1.116925,-0.58594
1.887167,1.117217,-0.58784
1.878983,1.123356,-0.580678
1.872844,1.118971,-0.58024
1.876352,1.117217,-0.583017
1.875475,1.116048,-0.565916
1.87489,1.116925,-0.57527
1.874306,1.120433,-0.573516
1.871675,1.118094,-0.576586
1.862029,1.11634,-0.576586
1.869629,1.112248,-0.583747
1.864659,1.111663,-0.585063
1.867583,1.122187,-0.578632
1.855305,1.124525,-0.57907
1.862613,1.114002,-0.582578
1.851213,1.111663,-0.585355
1.855013,1.115756,-0.56957
1.863198,1.123063,-0.588863
1.856182,1.118679,-0.580678
1.856182,1.120725,-0.586671
1.849459,1.117802,-0.592078
1.843028,1.123356,-0.590178
1.847998,1.122771,-0.588717
1.846244,1.123063,-0.587109
1.843321,1.119848,-0.594417
1.84449,1.12774,-0.599825
1.837182,1.122479,-0.594124
1.842151,1.130079,-0.590617
1.838059,1.134756,-0.589886
1.834551,1.137971,-0.58784
1.834551,1.137094,-0.598363
1.832797,1.135341,-0.595878
1.83309,1.135925,-0.605817
1.826951,1.138264,-0.602602
1.828705,1.130664,-0.595732
1.827536,1.138264,-0.598509
1.824028,1.138264,-0.607571
1.826951,1.135633,-0.607132
1.824613,1.143525,-0.613417
1.831336,1.137971,-0.615025
1.821982,1.138264,-0.62014
1.822274,1.149956,-0.624671
1.819059,1.150541,-0.623648
1.820228,1.149956,-0.62014
1.815843,1.156387,-0.613856
1.824028,1.152002,-0.627887
1.822567,1.158726,-0.62394
1.819351,1.156095,-0.626425
1.812336,1.156387,-0.621602
1.820813,1.162526,-0.619556
1.817889,1.16691,-0.635341
1.808535,1.163695,-0.632125
1.814089,1.167495,-0.628325
1.809705,1.172464,-0.62131
1.809705,1.164864,-0.640748
1.807366,1.174803,-0.637533
1.808535,1.17451,-0.637241
1.806489,1.177433,-0.648787
1.802982,1.177433,-0.641771
1.796843,1.181818,-0.643671
1.798889,1.181234,-0.633879
1.802982,1.186203,-0.648787
1.796258,1.195557,-0.653318
1.802689,1.183572,-0.65551
1.811459,1.186495,-0.654049
1.795381,1.192634,-0.656533
1.804151,1.199649,-0.650248
1.797135,1.199942,-0.660333
1.798889,1.196726,-0.663987
1.798597,1.203742,-0.666033
1.795089,1.206372,-0.665741
1.79012,1.206665,-0.664133
1.789535,1.211342,-0.673341
1.790997,1.21865,-0.667056
1.791581,1.217188,-0.683718
1.787781,1.21368,-0.681964
1.787489,1.215726,-0.691172
1.792458,1.215726,-0.689857
1.785151,1.22888,-0.690734
1.784566,1.220988,-0.684741
1.785735,1.225957,-0.684887
1.791874,1.225665,-0.685911
1.788074,1.226542,-0.696872
1.794212,1.235896,-0.685326
1.792166,1.23765,-0.686934
1.786612,1.234434,-0.698334
1.784566,1.24145,-0.701988
1.786027,1.247004,-0.697749
1.78632,1.250804,-0.706957
1.793628,1.255773,-0.696726
1.782227,1.254019,-0.702572
1.795089,1.260158,-0.708565
1.784858,1.261327,-0.709588
1.794797,1.256358,-0.708857
1.78135,1.267466,-0.71558
1.782227,1.259573,-0.716749
1.791289,1.262204,-0.721573
1.79012,1.267758,-0.723327
1.789535,1.271266,-0.72245
1.783397,1.272143,-0.72055
1.787781,1.272435,-0.722303
1.796258,1.275066,-0.725519
1.792458,1.272727,-0.72815
1.793043,1.276235,-0.726542
1.791289,1.281789,-0.724203
1.786904,1.282081,-0.738234
1.785735,1.28442,-0.729904
1.792166,1.28822,-0.722742
1.791289,1.282666,-0.723765
1.788366,1.285297,-0.744373
1.784274,1.297282,-0.741011
1.791289,1.285881,-0.748465
1.792751,1.292604,-0.744519
1.794212,1.296989,-0.740134
1.794212,1.287635,-0.744373
1.786612,1.301082,-0.732388
1.800351,1.298743,-0.734727
1.802689,1.302835,-0.738527
1.801812,1.298451,-0.744811
1.809412,1.299035,-0.748465
1.802689,1.306343,-0.751242
1.802397,1.307805,-0.732827
1.804151,1.312482,-0.759135
1.80532,1.313359,-0.737796
1.802397,1.311605,-0.745104
1.806489,1.315697,-0.747881
1.804443,1.309559,-0.746273
1.803859,1.317159,-0.760596
1.804443,1.320959,-0.761181
1.808828,1.320374,-0.763958
1.803566,1.315697,-0.76922
1.807074,1.32242,-0.758404
1.810874,1.318328,-0.764396
1.807951,1.323005,-0.765858
1.804735,1.31979,-0.761473
1.807659,1.315697,-0.759573
1.819351,1.325928,-0.765858
1.820813,1.31979,-0.764396
1.82052,1.320082,-0.758258
1.821397,1.32242,-0.766881
1.822274,1.321836,-0.755335
1.817305,1.318036,-0.768196
1.82432,1.315405,-0.76235
1.82169,1.320666,-0.754019
1.837474,1.31979,-0.758696
1.829582,1.32359,-0.755627
1.83689,1.317159,-0.765858
1.827828,1.324759,-0.759427
1.831336,1.317159,-0.766881
1.836305,1.31979,-0.758696
1.840105,1.315113,-0.765712
1.837182,1.319205,-0.766881
1.835428,1.32242,-0.75665
1.836305,1.323882,-0.764396
1.839521,1.323882,-0.767173
1.844198,1.320082,-0.752996
1.842151,1.317159,-0.747881
1.850044,1.32622,-0.750804
1.844198,1.318328,-0.758696
1.84829,1.310436,-0.754165
1.850044,1.313651,-0.750073
1.856767,1.313066,-0.744665
1.858229,1.317743,-0.738673
1.854429,1.309851,-0.741011
1.856475,1.313066,-0.741596
1.860275,1.306928,-0.739258
1.859982,1.306635,-0.729904
1.864952,1.303128,-0.731365
1.866121,1.301082,-0.72245
1.870506,1.305759,-0.732242
1.868167,1.305759,-0.731365
1.87226,1.301374,-0.736773
1.868459,1.300789,-0.726396
1.873721,1.297282,-0.720111
1.874598,1.297574,-0.737942
1.87606,1.284712,-0.716603
1.880737,1.292312,-0.72318
1.884244,1.292604,-0.723473
1.87986,1.286174,-0.715142
1.88746,1.286174,-0.713096
1.888044,1.276527,-0.711196
1.887167,1.27945,-0.70608
1.895937,1.283251,-0.706957
1.892721,1.283835,-0.704034
1.900614,1.283251,-0.706519
1.904414,1.273312,-0.708126
1.899152,1.271266,-0.693365
1.896814,1.266589,-0.699357
1.895645,1.266296,-0.695118
1.896229,1.263958,-0.692634
1.89506,1.249927,-0.693803
1.900322,1.260158,-0.692195
1.903829,1.256942,-0.68708
1.906168,1.252558,-0.686934
1.910845,1.253727,-0.679772
1.909675,1.258696,-0.675972
1.907337,1.251973,-0.67641
1.91406,1.244373,-0.675826
1.906752,1.250804,-0.674072
1.905875,1.242619,-0.675826
1.91026,1.236188,-0.668956
1.916106,1.239111,-0.664426
1.908214,1.242327,-0.666618
1.914937,1.237357,-0.666179
1.909968,1.231511,-0.660333
1.911429,1.223034,-0.664864
1.918737,1.230634,-0.658872
1.91406,1.220403,-0.651125
1.916691,1.215142,-0.663695
1.921953,1.221573,-0.648495
1.919906,1.21865,-0.644841
1.915229,1.211049,-0.663549
1.91786,1.211634,-0.647618
1.922245,1.210172,-0.652441
1.919614,1.199649,-0.647618
1.92926,1.200234,-0.64411
1.92166,1.20228,-0.645718
1.916983,1.191172,-0.636802
1.913476,1.195557,-0.64221
1.921076,1.193218,-0.63271
1.921076,1.188249,-0.636217
1.92283,1.185911,-0.620286
1.918737,1.182987,-0.620286
1.920199,1.178895,-0.630225
1.917276,1.177141,-0.622186
1.917568,1.17568,-0.623794
1.919029,1.177141,-0.625987
1.921076,1.171587,-0.615317
1.913476,1.170126,-0.612102
1.919614,1.167787,-0.618679
1.920491,1.171003,-0.611663
1.915814,1.161649,-0.608886
1.922245,1.16691,-0.607132
1.915522,1.161649,-0.609179
1.915814,1.157849,-0.607717
1.915522,1.154633,-0.613125
1.920491,1.15551,-0.611809
1.91406,1.151125,-0.605671
1.912306,1.147618,-0.597778
1.909383,1.145571,-0.602309
1.91786,1.155218,-0.593978
1.914353,1.145571,-0.596463
1.916983,1.14031,-0.601432
1.915522,1.147325,-0.602017
1.910845,1.147033,-0.600848
1.907922,1.136217,-0.597778
1.906168,1.142064,-0.587255
1.908506,1.135341,-0.592078
1.906168,1.133587,-0.582286
1.900029,1.138264,-0.588717
1.903829,1.131248,-0.586671
1.907045,1.126279,-0.590617
1.905291,1.129202,-0.577024
1.90646,1.122771,-0.586817
1.894475,1.119848,-0.583017
1.899737,1.124233,-0.584332
1.890383,1.12774,-0.577024
1.896229,1.120433,-0.587109
1.894183,1.128325,-0.588863
1.892137,1.117802,-0.590032
1.889506,1.126863,-0.578924
1.888629,1.119556,-0.59544
1.885414,1.125987,-0.581555
1.883367,1.117802,-0.588278
1.878398,1.120433,-0.572932
1.874306,1.127448,-0.592224
1.86349,1.119263,-0.579801
1.87606,1.121602,-0.567232
1.87489,1.124817,-0.585794
1.864952,1.121602,-0.585209
1.87226,1.127156,-0.576586
1.869044,1.118971,-0.584332
1.869044,1.123356,-0.586232
1.860859,1.121017,-0.588571
1.866413,1.126571,-0.584332
1.862029,1.126571,-0.58287
1.863198,1.12511,-0.592224
1.864367,1.123356,-0.580824
1.860859,1.130079,-0.589886
1.859982,1.124817,-0.598217
1.854429,1.124525,-0.589886
1.854429,1.121602,-0.595001
1.856767,1.119848,-0.590763
1.85589,1.122771,-0.598363
1.848582,1.132417,-0.593978
1.847998,1.125402,-0.590471
1.839813,1.128033,-0.60114
1.839813,1.133879,-0.585647
1.847998,1.127448,-0.594855
1.845951,1.133002,-0.596755
1.843028,1.131541,-0.597194
1.840398,1.133002,-0.607425
1.841274,1.13651,-0.59544
1.837182,1.13271,-0.601871
1.833967,1.141771,-0.602163
1.831921,1.137971,-0.597194
1.826074,1.141187,-0.603625
1.827243,1.142356,-0.606402
1.82169,1.142064,-0.605963
1.82549,1.142648,-0.608302
1.831044,1.143818,-0.615317
1.823151,1.149079,-0.616486
1.819059,1.146156,-0.612686
1.823151,1.149079,-0.606694
1.82549,1.149079,-0.620725
1.817305,1.157556,-0.609471
1.824028,1.154925,-0.618533
1.819351,1.158726,-0.618386
1.821397,1.159602,-0.636217
1.815259,1.163403,-0.621602
1.813213,1.162818,-0.626133
1.815843,1.167787,-0.617071
1.814674,1.165156,-0.640018
1.809705,1.177433,-0.635487
1.810582,1.168664,-0.636656
1.808535,1.172757,-0.628763
1.806489,1.181526,-0.635487
1.809997,1.174803,-0.628763
1.803859,1.168372,-0.637094
1.800058,1.178018,-0.637387
1.802105,1.182111,-0.651418
1.807366,1.183572,-0.650833
1.806197,1.189126,-0.653318
1.811751,1.186787,-0.644256
1.800643,1.187372,-0.642648
1.807951,1.192049,-0.658579
1.800935,1.195265,-0.658726
1.798889,1.190003,-0.652441
1.802397,1.201111,-0.657556
1.800058,1.203157,-0.662672
1.803859,1.205203,-0.664426
1.794797,1.207249,-0.667787
1.803274,1.209588,-0.671003
1.796843,1.211634,-0.667203
1.794797,1.212219,-0.67071
1.796551,1.206665,-0.667933
1.787781,1.211634,-0.644402
1.793043,1.214265,-0.673487
1.793043,1.218942,-0.682549
1.788658,1.222157,-0.683134
1.793628,1.221573,-0.677872
1.784858,1.22625,-0.686787
1.792458,1.231219,-0.682987
1.78632,1.235311,-0.68708
1.781935,1.23005,-0.681526
1.785443,1.234434,-0.693218
1.789828,1.23385,-0.703011
1.791289,1.237065,-0.71178
1.785735,1.235311,-0.700672
1.783689,1.242034,-0.703011
1.794212,1.248173,-0.703742
1.786904,1.251681,-0.710026
1.789243,1.252558,-0.715434
1.785151,1.25285,-0.70418
1.788951,1.253435,-0.711196
1.791289,1.255481,-0.711196
1.788074,1.25665,-0.707688
1.79012,1.256358,-0.717773
1.782812,1.259866,-0.714849
1.787781,1.261619,-0.705057
1.788658,1.263373,-0.714849
1.790704,1.264835,-0.711488
1.788366,1.264543,-0.707249
1.788366,1.268635,-0.716311
1.786612,1.273897,-0.727419
1.784858,1.266004,-0.726688
1.792751,1.272435,-0.719234
1.792166,1.275943,-0.729173
1.79012,1.275943,-0.728004
1.786612,1.283543,-0.735457
1.788658,1.27945,-0.734581
1.79392,1.288804,-0.744081
1.786612,1.284712,-0.730634
1.787197,1.287051,-0.738088
1.795089,1.290266,-0.73575
1.79392,1.28822,-0.737065
1.799766,1.288512,-0.735457
1.796551,1.294066,-0.743496
1.792166,1.297282,-0.741304
1.795089,1.30722,-0.750512
1.791289,1.296989,-0.742911
1.788658,1.302251,-0.751681
1.799474,1.30342,-0.75285
1.796258,1.300497,-0.743642
1.796551,1.272143,-0.745688
1.800058,1.302543,-0.755189
1.792458,1.308389,-0.74905
1.798889,1.312189,-0.758696
1.795674,1.308097,-0.761912
1.801228,1.303128,-0.750658
1.798889,1.314528,-0.753873
1.801228,1.310436,-0.747442
1.805905,1.311897,-0.76425
1.803859,1.313359,-0.754312
1.809997,1.315697,-0.74905
1.810582,1.313359,-0.757673
1.806489,1.315405,-0.756212
1.808828,1.313359,-0.761473
1.810874,1.319205,-0.761181
1.814674,1.317159,-0.768781
1.815843,1.318328,-0.759573
1.816136,1.323297,-0.757381
1.822274,1.323005,-0.760596
1.815843,1.319205,-0.762643
1.826367,1.318913,-0.759427
1.826074,1.320666,-0.767466
1.820813,1.319497,-0.75855
1.827536,1.321251,-0.76235
1.827536,1.32359,-0.765858
1.82812,1.316282,-0.765858
1.832213,1.317159,-0.761912
1.838059,1.321836,-0.765419
1.834844,1.313651,-0.757819
1.841567,1.317159,-0.761766
1.844198,1.32622,-0.751535
1.841859,1.327097,-0.767027
1.843321,1.32622,-0.758696
1.842444,1.326805,-0.755627
1.84829,1.327974,-0.751096
1.847705,1.32359,-0.757381
1.849459,1.318328,-0.750219
1.857352,1.314528,-0.74905
1.854429,1.313066,-0.752265
1.850628,1.345513,-0.746419
1.856475,1.305174,-0.747442
1.858521,1.310143,-0.750512
1.856475,1.310143,-0.736334
1.867583,1.305466,-0.743788
1.863198,1.306635,-0.740865
1.866998,1.299912,-0.745981
1.865829,1.295528,-0.733557
1.868459,1.293774,-0.727273
1.868167,1.299328,-0.729611
1.870798,1.294066,-0.729319
1.883075,1.297574,-0.73078
1.881321,1.28822,-0.728296
1.881029,1.288512,-0.742034
1.877813,1.293774,-0.718796
1.882783,1.287343,-0.727273
1.88366,1.282666,-0.716311
1.886291,1.292604,-0.713242
1.881614,1.277697,-0.716019
1.890968,1.282666,-0.710319
1.89126,1.273897,-0.708711
1.891845,1.277697,-0.717334
1.885414,1.272143,-0.708711
1.889798,1.270973,-0.708272
1.895645,1.270681,-0.705788
1.896814,1.27302,-0.709588
1.902075,1.272435,-0.707249
1.904122,1.266881,-0.709734
1.904414,1.265419,-0.68898
1.899152,1.261035,-0.693218
1.902368,1.256065,-0.682549
1.90266,1.263666,-0.697311
1.901783,1.250512,-0.695849
1.904414,1.256065,-0.692926
1.908214,1.258404,-0.680795
1.909968,1.253142,-0.693365
1.906752,1.251096,-0.682987
1.913183,1.249342,-0.679918
1.915522,1.248173,-0.691903
1.910553,1.237065,-0.67568
1.901783,1.240865,-0.678018
1.909968,1.232096,-0.667495
1.914353,1.237357,-0.675826
1.907922,1.236481,-0.660626
1.910845,1.231511,-0.673195
1.911137,1.230634,-0.671295
1.912599,1.218942,-0.664572
1.91026,1.223034,-0.661941
1.917276,1.21748,-0.655656
1.908799,1.219819,-0.659018
1.909091,1.21748,-0.650979
1.917568,1.211926,-0.653318
1.913183,1.207834,-0.644695
1.917568,1.204911,-0.644548
1.92283,1.201988,-0.641918
1.920199,1.199357,-0.639287
1.92546,1.202572,-0.645279
1.913768,1.199357,-0.649956
1.914645,1.201695,-0.639725
1.913476,1.199942,-0.632856
1.916106,1.182403,-0.625694
1.918445,1.193218,-0.62394
1.92283,1.185911,-0.63154
1.916983,1.182987,-0.634025
1.916691,1.180357,-0.628763
1.92166,1.178018,-0.622625
1.921953,1.173633,-0.623502
1.914937,1.170126,-0.617948
1.913476,1.165741,-0.62321
1.917568,1.168956,-0.61254
1.917276,1.165741,-0.62394
1.921368,1.168664,-0.615025
1.912891,1.161356,-0.612394
1.921076,1.15931,-0.609617
1.913183,1.153464,-0.605232
1.916691,1.149664,-0.602309
1.911722,1.14791,-0.606402
1.907922,1.153464,-0.608302
1.913476,1.146741,-0.598801
1.905875,1.143818,-0.593394
1.909675,1.148495,-0.590617
1.908214,1.14411,-0.587547
1.91406,1.142064,-0.599678
1.909091,1.143525,-0.600117
1.911137,1.139433,-0.59354
1.903537,1.133294,-0.588571
1.907337,1.139433,-0.597925
1.901783,1.131833,-0.592517
1.894768,1.134171,-0.58287
1.900614,1.127448,-0.592224
1.901199,1.130956,-0.589886
1.899152,1.132125,-0.581263
1.898275,1.126863,-0.580678
1.904122,1.134171,-0.592517
1.894183,1.128325,-0.58784
1.890091,1.127448,-0.584186
1.892721,1.128325,-0.586232
1.892721,1.133002,-0.584478
1.891845,1.121894,-0.581117
1.891845,1.119556,-0.583163
1.889798,1.118679,-0.591201
1.883075,1.127156,-0.584332
1.885998,1.114879,-0.578924
1.881906,1.114002,-0.574393
1.885998,1.113709,-0.558462
1.881029,1.125987,-0.547647
1.864075,1.14031,-0.525577
1.858813,1.170126,-0.512862
1.835721,1.218942,-0.526747
1.804151,1.262496,-0.536831
1.793043,1.310728,-0.577901
1.787781,1.353405,-0.592955
1.780181,1.38439,-0.611663
1.77112,1.419468,-0.650979
1.761766,1.45893,-0.676849
1.759427,1.491669,-0.711342
1.763227,1.503069,-0.729319
1.766735,1.504238,-0.755042
1.759427,1.513592,-0.74715
1.768781,1.510085,-0.748904
1.766735,1.5133,-0.754312
1.771412,1.511839,-0.764543
1.77755,1.518854,-0.758404
1.78252,1.508331,-0.757673
1.781935,1.504823,-0.775212
1.787197,1.520316,-0.76805
1.790704,1.508331,-0.773166
1.796258,1.508623,-0.776235
1.794797,1.504531,-0.765273
1.795089,1.493131,-0.773312
1.800058,1.494008,-0.765419
1.795966,1.492546,-0.763081
1.806197,1.489038,-0.756942
1.812336,1.484361,-0.762496
1.810582,1.489331,-0.76805
1.807951,1.485238,-0.763373
1.815843,1.479392,-0.76922
1.815843,1.482607,-0.767904
1.820228,1.472669,-0.756504
1.82052,1.480269,-0.753289
1.820813,1.476761,-0.723473
1.828413,1.469161,-0.752704
1.827536,1.481438,-0.783981
1.834551,1.472669,-0.740427
1.831921,1.472961,-0.743935
1.837767,1.472084,-0.737357
1.838351,1.470623,-0.740865
1.841567,1.458638,-0.738965
1.845951,1.461269,-0.73765
1.841859,1.458053,-0.721134
1.841859,1.465653,-0.722011
1.842151,1.45513,-0.725373
1.842444,1.45513,-0.725957
1.844782,1.44753,-0.72435
1.850628,1.450161,-0.720257
1.854429,1.445192,-0.724788
1.85969,1.448407,-0.70228
1.850044,1.431745,-0.703595
1.853844,1.43613,-0.705057
1.861152,1.431745,-0.713096
1.863198,1.434084,-0.693072
1.856767,1.428822,-0.690734
1.869336,1.425314,-0.700818
1.874598,1.424145,-0.688103
1.865244,1.420345,-0.686787
1.871967,1.414206,-0.677433
1.869336,1.413622,-0.691464
1.873429,1.410114,-0.685764
1.874306,1.40836,-0.677287
1.87606,1.406314,-0.679772
1.876644,1.403098,-0.681672
1.873137,1.401637,-0.664279
1.864659,1.397837,-0.668372
1.873721,1.399006,-0.661502
1.874306,1.391406,-0.663987
1.875767,1.390529,-0.666179
1.882491,1.380883,-0.656241
1.87986,1.379421,-0.658287
1.880737,1.377667,-0.647618
1.87606,1.381467,-0.653464
1.876352,1.374452,-0.641187
1.88366,1.370944,-0.638556
1.882198,1.372113,-0.643087
1.877813,1.368313,-0.634317
1.888044,1.370067,-0.637679
1.882198,1.359252,-0.62394
1.888044,1.35019,-0.632125
1.883367,1.353405,-0.61824
1.887167,1.348144,-0.620871
1.884537,1.348436,-0.616486
1.881029,1.342882,-0.62204
1.881614,1.341128,-0.620871
1.88366,1.341421,-0.612102
1.88366,1.339082,-0.610786
1.887167,1.326805,-0.607571
1.885121,1.329144,-0.600117
1.883952,1.323005,-0.60874
1.890968,1.327974,-0.60114
1.880152,1.313359,-0.601725
1.880737,1.314236,-0.602017
1.885121,1.317743,-0.590324
1.888337,1.314236,-0.588424
1.880737,1.308389,-0.576147
1.885414,1.308389,-0.592224
1.885121,1.303712,-0.590909
1.885706,1.304297,-0.572493
1.885706,1.301082,-0.589448
1.886875,1.292312,-0.573224
1.88366,1.295528,-0.57147
1.879275,1.293189,-0.569132
1.881906,1.29202,-0.562993
1.882198,1.292897,-0.56767
1.881321,1.284712,-0.57147
1.882491,1.283543,-0.570009
1.878106,1.279158,-0.567378
1.885414,1.282374,-0.541508
1.873721,1.270096,-0.550716
1.872552,1.266881,-0.554516
1.881029,1.269512,-0.551593
1.873721,1.271266,-0.546916
1.876644,1.271266,-0.54297
1.869921,1.266004,-0.546185
1.873429,1.270389,-0.543555
1.874013,1.25665,-0.543408
1.87606,1.261912,-0.547062
1.873137,1.263958,-0.535808
1.86729,1.256358,-0.538439
1.869629,1.259281,-0.540631
1.872552,1.253142,-0.543408
1.876937,1.253435,-0.526893
1.871383,1.25665,-0.537708
1.859982,1.239111,-0.531277
1.86729,1.248758,-0.530985
1.868752,1.237065,-0.536393
1.859105,1.244373,-0.531716
1.855305,1.240573,-0.530985
1.863783,1.236481,-0.526308
1.856182,1.244958,-0.529962
1.853552,1.237942,-0.521485
1.858229,1.23765,-0.521777
1.857059,1.241742,-0.52967
1.848582,1.244081,-0.521923
1.845659,1.23765,-0.527916
1.840105,1.241158,-0.525139
1.849459,1.245835,-0.522216
1.832797,1.232973,-0.528354
1.836013,1.229465,-0.530985
1.826074,1.237065,-0.541362
1.830751,1.230927,-0.5285
1.831336,1.235311,-0.529816
1.838351,1.236188,-0.527185
1.82812,1.237357,-0.532008
1.825197,1.235311,-0.542385
1.824028,1.227711,-0.529524
1.818474,1.234142,-0.54867
1.813797,1.239696,-0.535224
1.814966,1.237357,-0.54677
1.813213,1.246127,-0.538585
1.815259,1.236481,-0.53727
1.81292,1.244081,-0.539901
1.807951,1.240865,-0.538439
1.797135,1.234142,-0.549108
1.802397,1.24905,-0.537562
1.798597,1.241158,-0.539316
1.790704,1.237942,-0.542824
1.796258,1.244081,-0.541801
1.789535,1.241742,-0.538147
1.795381,1.241158,-0.545308
1.792166,1.243788,-0.556709
1.791874,1.252558,-0.552616
1.779304,1.251973,-0.554224
1.782812,1.254604,-0.553932
1.78252,1.253142,-0.56197
1.777258,1.253727,-0.555539
1.782227,1.252265,-0.5304
1.776673,1.256065,-0.57527
1.771704,1.260742,-0.563286
1.774043,1.26805,-0.564601
1.771996,1.27302,-0.562847
1.770827,1.269512,-0.57337
1.758258,1.263081,-0.576147
1.764689,1.271558,-0.578924
1.760304,1.273604,-0.581701
1.754458,1.268635,-0.589886
1.753289,1.282958,-0.579217
1.745981,1.279158,-0.582578
1.745981,1.278281,-0.590763
1.744227,1.278281,-0.603186
1.749196,1.281497,-0.59734
1.747442,1.283835,-0.598071
1.740427,1.292897,-0.609909
1.733704,1.296405,-0.613417
1.740719,1.292604,-0.611956
1.729904,1.301666,-0.61824
1.732534,1.304005,-0.61824
1.731657,1.310143,-0.628471
1.735457,1.307805,-0.617217
1.740719,1.310728,-0.625402
1.72698,1.318913,-0.637094
1.727565,1.315405,-0.641479
1.722596,1.320959,-0.648787
1.726103,1.316574,-0.630956
1.721134,1.333528,-0.646595
1.718211,1.328559,-0.650541
1.714411,1.337036,-0.656095
1.720257,1.342005,-0.659749
1.728734,1.339082,-0.656972
1.714411,1.340836,-0.65551
1.713826,1.341713,-0.660918
1.710903,1.349313,-0.658726
1.70418,1.344344,-0.667349
1.710026,1.353698,-0.67831
1.709734,1.350775,-0.675533
1.706519,1.361882,-0.684011
1.716165,1.367729,-0.674364
1.709442,1.369775,-0.685326
1.708272,1.37299,-0.69278
1.709442,1.372113,-0.690149
1.715873,1.380883,-0.701257
1.708272,1.376498,-0.705934
1.710319,1.387606,-0.704765
1.703595,1.387314,-0.708126
1.704472,1.397252,-0.715142
1.709734,1.399883,-0.717042
1.706519,1.403975,-0.730196
1.702134,1.402514,-0.724203
1.705934,1.413037,-0.730927
1.701549,1.41216,-0.727273
1.70418,1.416253,-0.729465
1.707396,1.416253,-0.736773
1.706811,1.429407,-0.73385
1.70418,1.424437,-0.741742
1.701842,1.432914,-0.750658
1.701257,1.433207,-0.744227
1.70798,1.435253,-0.758112
1.706519,1.43496,-0.755919
1.707688,1.43993,-0.751973
1.701549,1.450453,-0.768927
1.696288,1.446068,-0.761619
1.703595,1.451915,-0.76922
1.712072,1.458638,-0.762789
1.70798,1.460099,-0.764835
1.713826,1.463899,-0.76995
1.716457,1.466238,-0.775797
1.712949,1.469161,-0.778866
1.716165,1.465653,-0.776527
1.705642,1.478515,-0.78135
1.715873,1.480561,-0.791581
1.721426,1.474715,-0.783543
1.719673,1.47413,-0.775358
1.723765,1.477346,-0.783397
1.718796,1.486992,-0.778427
1.721719,1.488454,-0.788658
1.727565,1.485823,-0.789097
1.729027,1.490792,-0.793335
1.731657,1.492838,-0.790558
1.736627,1.493131,-0.793335
1.733119,1.491084,-0.788512
1.738088,1.499562,-0.812628
1.738965,1.500146,-0.798889
1.734873,1.507162,-0.78442
1.743642,1.507162,-0.807512
1.752704,1.512423,-0.797866
1.742181,1.506577,-0.804735
1.745981,1.504823,-0.799328
1.744227,1.508331,-0.802251
1.751242,1.509208,-0.807805
1.751535,1.509792,-0.796405
1.763812,1.509208,-0.796843
1.757966,1.510377,-0.803274
1.764981,1.5057,-0.795966
1.762058,1.506577,-0.798743
1.771412,1.508331,-0.791435
1.767027,1.509208,-0.797866
1.76615,1.504823,-0.803128
1.77755,1.505116,-0.786612
1.772581,1.508331,-0.80342
1.779012,1.517393,-0.79202
1.774627,1.5095,-0.808097
1.784858,1.511546,-0.78822
1.780474,1.5095,-0.793481
1.78252,1.515054,-0.793628
1.789828,1.511254,-0.797135
1.790704,1.510962,-0.799474
1.791874,1.505408,-0.791289
1.794505,1.506285,-0.788512
1.799182,1.505992,-0.78822
1.796258,1.503362,-0.782958
1.803566,1.5019,-0.782374
1.807951,1.503069,-0.786904
1.802105,1.499854,-0.778574
1.806489,1.501315,-0.776673
1.797135,1.493423,-0.778427
1.808243,1.493131,-0.779743
1.803859,1.493423,-0.785443
1.820813,1.491961,-0.776966
1.818182,1.491377,-0.780474
1.815551,1.489915,-0.757966
1.813213,1.487869,-0.769658
1.82169,1.491961,-0.769658
1.823736,1.481438,-0.772727
1.827243,1.479684,-0.759866
1.831336,1.483777,-0.771996
1.821982,1.473838,-0.759281
1.822274,1.469453,-0.755335
1.828705,1.476177,-0.74905
1.831336,1.47033,-0.747442
1.828997,1.464776,-0.734873
1.82812,1.465946,-0.742473
1.833382,1.463899,-0.741596
1.833967,1.464192,-0.736188
1.841567,1.460976,-0.727127
1.847413,1.461269,-0.735165
1.84449,1.465069,-0.727273
1.846828,1.457469,-0.726103
1.841274,1.452499,-0.730634
1.845075,1.450453,-0.718065
1.851213,1.439053,-0.713388
1.847705,1.448699,-0.74525
1.860567,1.441684,-0.712803
1.861152,1.437007,-0.700965
1.853259,1.439053,-0.716311
1.85589,1.434668,-0.707395
1.857936,1.427653,-0.704619
1.854721,1.42093,-0.692341
1.857644,1.421222,-0.689418
1.864367,1.42736,-0.68898
1.865829,1.429114,-0.68898
1.864659,1.415668,-0.68518
1.867875,1.418006,-0.680649
1.867875,1.411283,-0.685911
1.866998,1.411868,-0.684595
1.87489,1.406314,-0.671587
1.872844,1.407191,-0.681964
1.868459,1.406606,-0.673487
1.870213,1.393452,-0.658287
1.864075,1.399298,-0.668518
1.873137,1.39696,-0.652441
1.876644,1.388191,-0.649664
1.877229,1.387606,-0.648933
1.873721,1.381467,-0.653902
1.87869,1.37796,-0.651418
1.87986,1.371236,-0.642356
1.880152,1.368313,-0.646156
1.885414,1.371529,-0.634902
1.885998,1.372698,-0.64411
1.881614,1.367729,-0.631248
1.878106,1.362467,-0.630956
1.885121,1.357206,-0.643379
1.886875,1.353698,-0.633002
1.888044,1.351944,-0.621894
1.888629,1.358375,-0.624525
1.882783,1.347559,-0.622625
1.876937,1.34259,-0.620286
1.880444,1.344636,-0.610494
1.886583,1.332944,-0.609032
1.881614,1.333528,-0.606109
1.884537,1.327974,-0.610786
1.879567,1.332359,-0.60494
1.88366,1.318913,-0.565332
1.888629,1.318036,-0.597778
1.883367,1.317451,-0.601432
1.880152,1.319205,-0.596317
1.886583,1.283251,-0.595148
1.882491,1.272435,-0.587255
1.885414,1.310436,-0.592517
1.882783,1.301958,-0.579947
1.878983,1.305759,-0.586524
1.880152,1.308974,-0.587401
1.881614,1.30342,-0.578632
1.885414,1.296112,-0.575709
1.886291,1.292312,-0.577609
1.885121,1.293481,-0.572786
1.879567,1.283543,-0.576001
1.885121,1.291728,-0.581117
1.883367,1.285297,-0.566209
1.883075,1.280912,-0.558755
1.873721,1.27185,-0.56007
1.885121,1.282958,-0.562701
1.880737,1.272727,-0.567524
1.874013,1.272727,-0.562701
1.878398,1.269512,-0.55057
1.877229,1.262789,-0.535808
1.87606,1.26805,-0.538293
1.877521,1.265127,-0.547062
1.877813,1.262789,-0.529816
1.871675,1.261912,-0.543993
1.873721,1.255481,-0.53917
1.87109,1.257819,-0.530547
1.868167,1.261619,-0.529085
1.870506,1.258112,-0.536831
1.864659,1.250219,-0.531716
1.865536,1.255481,-0.533762
1.864367,1.249635,-0.530108
1.871675,1.253142,-0.536247
1.862613,1.25285,-0.530547
1.860567,1.249927,-0.526162
1.862029,1.244958,-0.526747
1.851505,1.253142,-0.532008
1.838059,1.288512,-0.544578
1.818766,1.325051,-0.574686
1.802397,1.379714,-0.606402
1.785151,1.451038,-0.640748
1.771996,1.472376,-0.689711
1.769073,1.508039,-0.705788
1.755919,1.515054,-0.741742
1.756796,1.520316,-0.74905
1.769073,1.524408,-0.790412
1.769658,1.511839,-0.801228
1.776966,1.482315,-0.801959
1.787489,1.455422,-0.796112
1.802105,1.412745,-0.800789
1.814966,1.37416,-0.778281
1.825197,1.354575,-0.767904
1.827243,1.344051,-0.768196
1.835136,1.327097,-0.755627
1.839228,1.320666,-0.756942
1.843321,1.303128,-0.745104
1.84449,1.29582,-0.740573
1.84449,1.278866,-0.736627
1.855305,1.275943,-0.723473
1.854721,1.27185,-0.721719
1.850921,1.261035,-0.719526
1.864952,1.247588,-0.718796
1.857352,1.248173,-0.70798
1.862029,1.243204,-0.706519
1.859982,1.240865,-0.705642
1.859982,1.244081,-0.710172
1.864659,1.238234,-0.716749
1.860275,1.246127,-0.699211
1.87226,1.230927,-0.702134
1.868167,1.238234,-0.700818
1.860567,1.239696,-0.70038
1.865244,1.23385,-0.700526
1.866121,1.22625,-0.696141
1.860567,1.225957,-0.704911
1.864659,1.230634,-0.699065
1.861736,1.226834,-0.698772
1.868752,1.21368,-0.707249
1.869629,1.224788,-0.698918
1.871967,1.215434,-0.684011
1.873137,1.223034,-0.690588
1.870213,1.219819,-0.685326
1.873721,1.216311,-0.692488
1.866998,1.211049,-0.698626
1.864952,1.21748,-0.692926
1.865244,1.211926,-0.68211
1.869336,1.215726,-0.685472
1.86349,1.217773,-0.687811
1.867583,1.212511,-0.67568
1.871383,1.221865,-0.687226
1.873137,1.216311,-0.68328
1.870213,1.218065,-0.691611
1.871383,1.216311,-0.684741
1.873721,1.211634,-0.680649
1.872552,1.212219,-0.67948
1.874306,1.207542,-0.688541
1.872844,1.212219,-0.671587
1.87489,1.207542,-0.675095
1.872844,1.213388,-0.672172
1.875183,1.208126,-0.670564
1.875475,1.206665,-0.682841
1.869336,1.210465,-0.677287
1.876352,1.209588,-0.686495
1.876937,1.204619,-0.681234
1.875183,1.204326,-0.677433
1.873137,1.205203,-0.682987
1.877813,1.201695,-0.681672
1.875183,1.203157,-0.669833
1.874306,1.205788,-0.678018
1.869921,1.191757,-0.671733
1.876352,1.191465,-0.672903
1.871967,1.195557,-0.669395
1.879567,1.192634,-0.667056
1.871967,1.196726,-0.675533
1.875475,1.193218,-0.669833
1.881029,1.190588,-0.669395
1.87226,1.192049,-0.680795
1.878983,1.192926,-0.67071
1.881906,1.191757,-0.674072
1.88366,1.19088,-0.681818
1.877521,1.187664,-0.662087
1.873429,1.184449,-0.681818
1.869921,1.186203,-0.669249
1.873721,1.182987,-0.681234
1.882783,1.185618,-0.674657
1.882491,1.188249,-0.665303
1.885414,1.187664,-0.671003
1.881321,1.180649,-0.669833
1.879275,1.186203,-0.659895
1.882198,1.185326,-0.670126
1.875767,1.180649,-0.671003
1.874013,1.17568,-0.66881
1.879567,1.173049,-0.662526
1.888629,1.175387,-0.658872
1.885414,1.17831,-0.65931
1.87986,1.173341,-0.65361
1.881614,1.179772,-0.657118
1.875475,1.174218,-0.651418
1.880737,1.176264,-0.651564
1.876352,1.169833,-0.670418
1.881029,1.170126,-0.666764
1.878983,1.171295,-0.653464
1.882783,1.165449,-0.651125
1.876937,1.16691,-0.650979
1.885414,1.17071,-0.661064
1.868167,1.168079,-0.651125
1.883075,1.170126,-0.64411
1.878106,1.167203,-0.65741
1.880737,1.166326,-0.650979
1.880444,1.15931,-0.65551
1.879567,1.166618,-0.652587
1.882491,1.16311,-0.651856
1.87109,1.163695,-0.646595
1.868459,1.17071,-0.645864
1.87489,1.163987,-0.638264
1.873137,1.163695,-0.644402
1.881321,1.157264,-0.649225
1.871383,1.159602,-0.641771
1.874598,1.154925,-0.650833
1.875475,1.158433,-0.652148
1.872552,1.150248,-0.65171
1.87986,1.156095,-0.642356
1.874306,1.154049,-0.646302
1.871967,1.161064,-0.641771
1.866413,1.154341,-0.647471
1.86349,1.152002,-0.643087
1.871675,1.15551,-0.648202
1.873721,1.151418,-0.643964
1.875183,1.156095,-0.641333
1.870213,1.153464,-0.632856
1.871967,1.160772,-0.637533
1.869629,1.160187,-0.634902
1.875767,1.154341,-0.642648
1.87109,1.152587,-0.641479
1.87109,1.156387,-0.647179
1.867875,1.156387,-0.644256
1.875767,1.146156,-0.643233
1.867875,1.164279,-0.600263
1.85969,1.152879,-0.645279
1.863783,1.158726,-0.639141
1.862906,1.153464,-0.63461
1.863198,1.154341,-0.643087
1.865244,1.160772,-0.636948
1.860275,1.153172,-0.64981
1.858229,1.15171,-0.653318
1.866121,1.15171,-0.648056
1.86349,1.157264,-0.64981
1.857644,1.157264,-0.648348
1.856767,1.148202,-0.646887
1.857644,1.162818,-0.640018
1.857936,1.15931,-0.647618
1.862906,1.163987,-0.63344
1.860859,1.166033,-0.650395
1.862906,1.158141,-0.648787
1.847705,1.157556,-0.641771
1.855305,1.163987,-0.652002
1.85209,1.156679,-0.63461
1.846828,1.153756,-0.637241
1.851213,1.164864,-0.64601
1.851213,1.165741,-0.646302
1.851213,1.160772,-0.645864
1.848582,1.163987,-0.640164
1.850336,1.168079,-0.649664
1.854721,1.156972,-0.65171
1.850336,1.164572,-0.654633
1.85209,1.167495,-0.666179
1.856767,1.167787,-0.654779
1.849459,1.160187,-0.649664
1.846536,1.169541,-0.648348
1.854429,1.173633,-0.64601
1.84829,1.168079,-0.653756
1.844782,1.172172,-0.646741
1.84829,1.174803,-0.667203
1.848875,1.167787,-0.647471
1.848582,1.175387,-0.656095
1.842151,1.17188,-0.653172
1.844198,1.171003,-0.657702
1.846244,1.173341,-0.656825
1.845075,1.173341,-0.64791
1.842444,1.173341,-0.654779
1.843905,1.166618,-0.66998
1.842151,1.172757,-0.664279
1.839813,1.171295,-0.658287
1.841859,1.17568,-0.651418
1.841567,1.184449,-0.65171
1.838059,1.182987,-0.667203
1.802689,1.181526,-0.671149
1.837767,1.181234,-0.657849
1.837767,1.186495,-0.670126
1.843613,1.184741,-0.659749
1.831628,1.185911,-0.656533
1.833674,1.184157,-0.663695
1.838059,1.182695,-0.668079
1.839228,1.182987,-0.662818
1.832505,1.179187,-0.672756
1.838644,1.189711,-0.657702
1.834844,1.190588,-0.672172
1.842444,1.189711,-0.670418
1.840105,1.195265,-0.675241
1.837767,1.189126,-0.675095
1.84069,1.192341,-0.673633
1.833674,1.197603,-0.676118
1.835136,1.192926,-0.676995
1.836597,1.190588,-0.669687
1.837474,1.192926,-0.671733
1.841274,1.192049,-0.663987
1.840982,1.199649,-0.672464
1.832505,1.199065,-0.676118
1.823443,1.20228,-0.674657
1.839228,1.194388,-0.675241
1.835721,1.200818,-0.68021
1.833382,1.206957,-0.67641
1.831336,1.210465,-0.686203
1.835428,1.209296,-0.67758
1.829874,1.210465,-0.687957
1.833674,1.215434,-0.680649
1.833382,1.203742,-0.676264
1.82432,1.213096,-0.679772
1.824905,1.211634,-0.684595
1.829874,1.205203,-0.673926
1.831921,1.205788,-0.685034
1.830167,1.216896,-0.683134
1.833967,1.208419,-0.692488
1.829582,1.218065,-0.683864
1.828705,1.216311,-0.694241
1.823443,1.213096,-0.689418
1.832213,1.217773,-0.682695
1.834844,1.21368,-0.689418
1.832213,1.212219,-0.690588
1.833674,1.214265,-0.690441
1.835428,1.22245,-0.702134
1.827243,1.218942,-0.693072
1.829874,1.220696,-0.706372
1.837182,1.217188,-0.695703
1.831921,1.223327,-0.693218
1.830751,1.221865,-0.697749
1.831044,1.218942,-0.691903
1.829874,1.225665,-0.691611
1.832505,1.222742,-0.702134
1.829582,1.225957,-0.688249
1.836305,1.219526,-0.702718
1.835428,1.224496,-0.699942
1.83689,1.220111,-0.694241
1.837474,1.22128,-0.69848
1.832797,1.22888,-0.698772
1.833674,1.218357,-0.701695
1.833674,1.222742,-0.692634
1.835428,1.227711,-0.700818
1.837767,1.215142,-0.694095
1.842736,1.228004,-0.696288
1.842151,1.231219,-0.706372
1.843905,1.223327,-0.697749
1.839228,1.225957,-0.693218
1.841859,1.233557,-0.700672
1.839228,1.22888,-0.697165
1.842151,1.232388,-0.704472
1.838644,1.232973,-0.692488
1.842736,1.236773,-0.700526
1.834551,1.234434,-0.700965
1.843028,1.229173,-0.69468
1.836013,1.230342,-0.703303
1.834551,1.228004,-0.70608
1.843613,1.232388,-0.703888
1.841567,1.229173,-0.698626
1.844782,1.226542,-0.69658
1.841567,1.231511,-0.699357
1.84449,1.237065,-0.693511
1.85209,1.233265,-0.700234
1.847705,1.230927,-0.69848
1.845075,1.231219,-0.699942
1.843613,1.227711,-0.706665
1.846244,1.230342,-0.703011
1.855305,1.227419,-0.701403
1.852675,1.228296,-0.686495
1.852382,1.231511,-0.704472
1.846536,1.227127,-0.695557
1.847998,1.223911,-0.697018
1.854721,1.228296,-0.709442
1.849459,1.223034,-0.70798
1.859398,1.232681,-0.70418
1.852382,1.232388,-0.695703
1.854429,1.230927,-0.697311
1.851213,1.225957,-0.705349
1.852967,1.230927,-0.695849
1.856475,1.228296,-0.695557
1.858229,1.225665,-0.698626
1.866706,1.224788,-0.69848
1.866413,1.223327,-0.698772
1.860567,1.226542,-0.700526
1.863198,1.22128,-0.695849
1.870213,1.222157,-0.700526
1.862029,1.223327,-0.693511
1.867875,1.215434,-0.70038
1.87109,1.229757,-0.690149
1.865536,1.224203,-0.698626
1.861444,1.223034,-0.688395
1.865536,1.224496,-0.693072
1.864075,1.222742,-0.688249
1.862029,1.212803,-0.688688
1.871383,1.216603,-0.685034
1.870798,1.214557,-0.686787
1.866998,1.210757,-0.679041
1.869044,1.216311,-0.680503
1.873721,1.209003,-0.692049
1.871383,1.209296,-0.693072
1.862321,1.218942,-0.690149
1.864367,1.209296,-0.692634
1.868752,1.204326,-0.681526
1.866413,1.208711,-0.692341
1.876937,1.211634,-0.683572
1.865829,1.20608,-0.688103
1.871675,1.206372,-0.688103
1.86729,1.208126,-0.691757
1.869336,1.200234,-0.685472
1.876644,1.205788,-0.688103
1.874598,1.204911,-0.685326
1.868459,1.199942,-0.694241
1.874013,1.199649,-0.684303
1.871967,1.209588,-0.677287
1.875183,1.204911,-0.678895
1.87226,1.207834,-0.676118
1.871675,1.202865,-0.677287
1.869921,1.205788,-0.684303
1.875183,1.200526,-0.684741
1.875183,1.199065,-0.680064
1.878398,1.200234,-0.679626
1.872844,1.19848,-0.678018
1.87986,1.194388,-0.675533
1.87109,1.191465,-0.660772
1.87226,1.20228,-0.67451
1.884244,1.189711,-0.666033
1.873721,1.19088,-0.676557
1.874598,1.189126,-0.676118
1.879275,1.191465,-0.665449
1.87986,1.198772,-0.670126
1.873429,1.182695,-0.67188
1.87489,1.180941,-0.675095
1.877521,1.183864,-0.684157
1.873137,1.181818,-0.670856
1.868752,1.183864,-0.676264
1.883367,1.184449,-0.676264
1.877521,1.187372,-0.666764
1.874013,1.184449,-0.674949
1.873721,1.183572,-0.682695
1.880152,1.17948,-0.676849
1.876644,1.181234,-0.670418
1.876352,1.180941,-0.661795
1.882491,1.181526,-0.669103
1.87489,1.181526,-0.666033
1.880152,1.184449,-0.662379
1.882491,1.181526,-0.695995
1.88746,1.185034,-0.66881
1.881321,1.17948,-0.66691
1.882198,1.181526,-0.678018
1.884829,1.180357,-0.669541
1.88366,1.182111,-0.664718
1.880737,1.171295,-0.658433
1.879275,1.174803,-0.65361
1.878398,1.176849,-0.657264
1.881321,1.180941,-0.653756
1.884829,1.174218,-0.654341
1.88746,1.171295,-0.652148
1.878983,1.172757,-0.656533
1.87986,1.167787,-0.656095
1.885706,1.165449,-0.65361
1.880444,1.168079,-0.656387
1.884829,1.166326,-0.650395
1.879275,1.165449,-0.649518
1.885121,1.171587,-0.655072
1.881029,1.17071,-0.65741
1.883952,1.168664,-0.66311
1.882783,1.168372,-0.658433
1.883075,1.173049,-0.655656
1.888044,1.172757,-0.655656
1.881614,1.171003,-0.662233
1.881321,1.169833,-0.647618
1.873137,1.166618,-0.651856
1.882783,1.168372,-0.654487
1.881321,1.166326,-0.648787
1.879567,1.165156,-0.653318
1.886875,1.161649,-0.655364
1.873137,1.17451,-0.649225
1.881321,1.165741,-0.654341
1.874013,1.164864,-0.638848
1.871675,1.16311,-0.647471
1.872844,1.163403,-0.643379
1.874306,1.160479,-0.644695
1.869044,1.165449,-0.640748
1.874306,1.161649,-0.652002
1.872844,1.165741,-0.645718
1.879275,1.161649,-0.635925
1.876644,1.159602,-0.64221
1.879275,1.157849,-0.638556
1.87226,1.130079,-0.605817
1.87489,1.122771,-0.567963
1.876937,1.123356,-0.541216
1.864659,1.13271,-0.518123
1.849459,1.17948,-0.517393
1.826659,1.212803,-0.522508
1.815259,1.246419,-0.532154
1.803859,1.287928,-0.551301
1.790704,1.329144,-0.574393
1.783689,1.367729,-0.606548
1.770243,1.420053,-0.622333
1.766443,1.45893,-0.664864
1.758258,1.482607,-0.701842
1.76995,1.507746,-0.72128
1.77112,1.510669,-0.749342
1.784858,1.510962,-0.764396
1.784566,1.5095,-0.777697
1.780474,1.503946,-0.785443
1.788658,1.502192,-0.782666
1.794212,1.495469,-0.782958
1.800058,1.496054,-0.778866
1.807659,1.493131,-0.78632
1.814674,1.485823,-0.790851
1.811459,1.473838,-0.781935
1.819059,1.472376,-0.78135
1.826074,1.455422,-0.779889
1.82169,1.458053,-0.781497
1.825197,1.451038,-0.78135
1.830459,1.455422,-0.783104
1.829582,1.454545,-0.777258
1.836305,1.447238,-0.776089
1.840982,1.453668,-0.775504
1.842151,1.440222,-0.763958
1.847705,1.441976,-0.770389
1.851505,1.439053,-0.768781
1.849167,1.432622,-0.758696
1.851505,1.426484,-0.765273
1.84829,1.433791,-0.751973
1.856475,1.427945,-0.763666
1.858229,1.422099,-0.756358
1.85589,1.422099,-0.747735
1.859105,1.411576,-0.747442
1.864659,1.415083,-0.738234
1.861152,1.406899,-0.75095
1.869044,1.405437,-0.731804
1.863198,1.406606,-0.743935
1.868459,1.397545,-0.731365
1.867875,1.398714,-0.735311
1.869336,1.388483,-0.728296
1.867583,1.387021,-0.717773
1.877229,1.386437,-0.713973
1.875475,1.384683,-0.724642
1.877229,1.38936,-0.71865
1.880152,1.381467,-0.722303
1.889214,1.378837,-0.720696
1.884244,1.380298,-0.701403
1.884244,1.371821,-0.705057
1.884537,1.375621,-0.692634
1.881321,1.365975,-0.686495
1.886583,1.363929,-0.67831
1.895645,1.362759,-0.689711
1.888921,1.351067,-0.676703
1.890675,1.35779,-0.678895
1.891552,1.358082,-0.683426
1.893891,1.352528,-0.680795
1.895645,1.348436,-0.669249
1.897106,1.346098,-0.667056
1.897106,1.349898,-0.662818
1.895352,1.342882,-0.657264
1.903829,1.343759,-0.658287
1.895937,1.331482,-0.663841
1.902368,1.33002,-0.655949
1.901199,1.33382,-0.643379
1.901491,1.324467,-0.651856
1.899737,1.323297,-0.648495
1.903245,1.303712,-0.636071
1.91026,1.315405,-0.638117
1.904414,1.313651,-0.633587
1.908506,1.306343,-0.637971
1.900906,1.310728,-0.626571
1.904414,1.301374,-0.637241
1.907337,1.291728,-0.633148
1.907045,1.299912,-0.624963
1.914353,1.290266,-0.615171
1.911722,1.287051,-0.616779
1.909968,1.287635,-0.608009
1.907629,1.281204,-0.622186
1.913183,1.278866,-0.614879
1.91026,1.272435,-0.602455
1.912014,1.274773,-0.605817
1.911429,1.270681,-0.601725
1.912306,1.254896,-0.596463
1.917276,1.270973,-0.587694
1.915229,1.263666,-0.596901
1.914937,1.260158,-0.574686
1.912599,1.255189,-0.58214
1.918445,1.257819,-0.581263
1.905291,1.253142,-0.579947
1.913476,1.244665,-0.58784
1.913476,1.241158,-0.57644
1.912599,1.239111,-0.584332
1.902368,1.237942,-0.577463
1.902368,1.23385,-0.571032
1.903829,1.237065,-0.572201
1.90646,1.232096,-0.56767
1.905291,1.227419,-0.575709
1.910845,1.229757,-0.563286
1.902075,1.228004,-0.570155
1.902075,1.223911,-0.560801
1.900906,1.218357,-0.556124
1.906752,1.213388,-0.554809
1.905875,1.211926,-0.554809
1.904414,1.205495,-0.552324
1.900322,1.207249,-0.551447
1.898568,1.21368,-0.548962
1.901783,1.197018,-0.54867
1.893891,1.191172,-0.546916
1.894475,1.192049,-0.547355
1.903537,1.192634,-0.545455
1.894475,1.19468,-0.545893
1.89126,1.178018,-0.533177
1.895352,1.188249,-0.540485
1.890675,1.188541,-0.529962
1.888629,1.185911,-0.527477
1.892721,1.192049,-0.53917
1.887167,1.185034,-0.531716
1.888337,1.185326,-0.527331
1.893306,1.18328,-0.536393
1.888044,1.177433,-0.542093
1.881906,1.178603,-0.530254
1.87606,1.17568,-0.529524
1.872844,1.172172,-0.52587
1.877813,1.17568,-0.487284
1.871383,1.17568,-0.516223
1.87489,1.172172,-0.521046
1.868459,1.171295,-0.518416
1.86729,1.167787,-0.51827
1.861444,1.169833,-0.524993
1.855305,1.170126,-0.5171
1.851213,1.169541,-0.511692
1.850921,1.169541,-0.532593
1.85589,1.176264,-0.524847
1.852675,1.167787,-0.525723
1.852675,1.169833,-0.528939
1.838351,1.169541,-0.535077
1.847998,1.173633,-0.529377
1.843905,1.173049,-0.517685
1.846828,1.165741,-0.515785
1.84449,1.161941,-0.533177
1.840982,1.170126,-0.536101
1.834844,1.171587,-0.524847
1.830459,1.169249,-0.534639
1.822567,1.17451,-0.530839
1.825782,1.166326,-0.532008
1.821982,1.167787,-0.534493
1.82052,1.172464,-0.535808
1.818766,1.172757,-0.545455
1.818182,1.171003,-0.551447
1.817597,1.172757,-0.55247
1.806489,1.169833,-0.553347
1.805612,1.174218,-0.549985
1.802689,1.180357,-0.546478
1.804443,1.172464,-0.558755
1.806782,1.18708,-0.554662
1.802982,1.175972,-0.55247
1.795381,1.186495,-0.561239
1.793628,1.185911,-0.572786
1.795381,1.187664,-0.572347
1.782812,1.185618,-0.563286
1.787197,1.186203,-0.564163
1.781935,1.195265,-0.562555
1.778427,1.19848,-0.579947
1.776089,1.200234,-0.578486
1.776089,1.199065,-0.57454
1.773166,1.204911,-0.596317
1.776966,1.204911,-0.583747
1.775504,1.204911,-0.594271
1.770243,1.21748,-0.590909
1.76995,1.215726,-0.589009
1.769658,1.213096,-0.598509
1.773166,1.21865,-0.598217
1.765566,1.217773,-0.605817
1.761766,1.230342,-0.612832
1.758842,1.227127,-0.605525
1.722596,1.232388,-0.604355
1.754458,1.243496,-0.618533
1.75475,1.236773,-0.624086
1.752996,1.241742,-0.621456
1.744227,1.243204,-0.62321
1.738673,1.248173,-0.634171
1.735457,1.252265,-0.625694
1.736334,1.258112,-0.627594
1.743058,1.259281,-0.637241
1.737211,1.26045,-0.641333
1.732242,1.265127,-0.641625
1.735165,1.268343,-0.634171
1.734288,1.267466,-0.654049
1.735457,1.273897,-0.647179
1.732827,1.281789,-0.64791
1.731365,1.283251,-0.647325
1.73195,1.286174,-0.656972
1.729027,1.293774,-0.662818
1.724934,1.294943,-0.668226
1.729904,1.294651,-0.679187
1.722596,1.299328,-0.68328
1.722596,1.301666,-0.686057
1.721426,1.306343,-0.684449
1.724642,1.313066,-0.686495
1.718796,1.309851,-0.692634
1.729611,1.317159,-0.685618
1.723765,1.316282,-0.695411
1.71938,1.324467,-0.693072
1.719088,1.324174,-0.699942
1.718503,1.333236,-0.701549
1.714411,1.330605,-0.711488
1.718211,1.334697,-0.717773
1.715288,1.341128,-0.72318
1.714996,1.344051,-0.725519
1.715873,1.349898,-0.725811
1.726688,1.358667,-0.735311
1.717042,1.359252,-0.733557
1.720257,1.360421,-0.744519
1.714411,1.368606,-0.740134
1.713242,1.367729,-0.755481
1.717626,1.367144,-0.75285
1.714703,1.375037,-0.755335
1.716457,1.378544,-0.750804
1.717334,1.386437,-0.754896
1.718211,1.382929,-0.755335
1.716749,1.389652,-0.765273
1.717919,1.394037,-0.761181
1.718503,1.388191,-0.776966
1.719673,1.40076,-0.772727
1.721719,1.398714,-0.780766
1.723473,1.402806,-0.782227
1.718796,1.410114,-0.778281
1.718211,1.406899,-0.789389
1.723765,1.418883,-0.784566
1.721719,1.416545,-0.792605
1.726396,1.414206,-0.787197
1.726396,1.420345,-0.793189
1.724057,1.420053,-0.794943
1.730488,1.425606,-0.79202
1.72698,1.422099,-0.799474
1.730196,1.430284,-0.783104
1.72815,1.430576,-0.789535
1.736919,1.430576,-0.796989
1.737796,1.437299,-0.798158
1.741596,1.438468,-0.813213
1.744227,1.444899,-0.801374
1.751242,1.441976,-0.806197
1.742181,1.444607,-0.808682
1.749488,1.454545,-0.807805
1.739842,1.446068,-0.799328
1.753873,1.456884,-0.807659
1.752704,1.449868,-0.804735
1.755627,1.460976,-0.808682
1.760596,1.457469,-0.804443
1.760304,1.457176,-0.810143
1.768781,1.460684,-0.817743
1.766443,1.457469,-0.808828
1.767319,1.462146,-0.813066
1.764689,1.455715,-0.807951
1.768489,1.466238,-0.807951
1.770243,1.463899,-0.813797
1.767904,1.457761,-0.81672
1.773166,1.460099,-0.806489
1.781058,1.465946,-0.815697
1.785735,1.465361,-0.810289
1.781643,1.45893,-0.800935
1.785443,1.463022,-0.81292
1.798597,1.456592,-0.809266
1.794505,1.455715,-0.801959
1.795966,1.457761,-0.810728
1.803859,1.465069,-0.805466
1.793628,1.461853,-0.809997
1.800351,1.459222,-0.79582
1.806782,1.457761,-0.810874
1.810874,1.457469,-0.814382
1.810289,1.451622,-0.793481
1.807366,1.459807,-0.805028
1.809412,1.458346,-0.807805
1.82052,1.458053,-0.798597
1.812043,1.453084,-0.795235
1.821105,1.452792,-0.797866
1.820813,1.444607,-0.793481
1.824905,1.448115,-0.799182
1.820813,1.445776,-0.787928
1.826951,1.445776,-0.780181
1.824028,1.435838,-0.786174
1.827828,1.438761,-0.784274
1.82812,1.444314,-0.782812
1.833674,1.436714,-0.780327
1.83689,1.430284,-0.783251
1.839521,1.431745,-0.780474
1.845075,1.431745,-0.775358
1.844782,1.433791,-0.775504
1.844198,1.427945,-0.771266
1.853259,1.425022,-0.76615
1.848875,1.426776,-0.764689
1.847998,1.420345,-0.76425
1.858521,1.425022,-0.760012
1.853552,1.421806,-0.758696
1.852967,1.417422,-0.746565
1.861152,1.424437,-0.739988
1.860567,1.410406,-0.736188
1.863198,1.413037,-0.732096
1.858229,1.405729,-0.74145
1.857059,1.410114,-0.733265
1.865244,1.395498,-0.73078
1.864952,1.404852,-0.73385
1.866706,1.398129,-0.723765
1.87109,1.406606,-0.720696
1.868459,1.394329,-0.715288
1.869336,1.392575,-0.714411
1.871967,1.394037,-0.710319
1.875183,1.381467,-0.708272
1.874013,1.37679,-0.707249
1.87489,1.374452,-0.709003
1.877813,1.370652,-0.696872
1.880152,1.374452,-0.703742
1.883952,1.365975,-0.695557
1.889798,1.364806,-0.688541
1.884244,1.365683,-0.691318
1.886583,1.35779,-0.691903
1.884829,1.354867,-0.683572
1.888921,1.347559,-0.685618
1.888044,1.353113,-0.686787
1.888629,1.359252,-0.681087
1.87226,1.392868,-0.675095
1.857352,1.404268,-0.671587
1.842736,1.435253,-0.660772
1.811751,1.453376,-0.667933
1.787781,1.459222,-0.671149
1.767319,1.448699,-0.661795
1.753289,1.446653,-0.671587
1.734288,1.437884,-0.674072
1.720257,1.431745,-0.683572
1.713242,1.407483,-0.684303
1.704765,1.403098,-0.686787
1.709442,1.398714,-0.69658
1.700088,1.39696,-0.699065
1.701257,1.398422,-0.705495
1.704472,1.390821,-0.704326
1.710903,1.388775,-0.712949
1.709734,1.375621,-0.720988
1.710611,1.375037,-0.70608
1.707688,1.373575,-0.72245
1.707688,1.373575,-0.723911
1.708272,1.38059,-0.732388
1.712657,1.387021,-0.719819
1.714411,1.375329,-0.729904
1.712072,1.38439,-0.726103
1.714119,1.390529,-0.73955
1.705642,1.383221,-0.741158
1.711196,1.392868,-0.756065
1.714411,1.391406,-0.74905
1.717334,1.391406,-0.748027
1.709734,1.394329,-0.738381
1.708857,1.399591,-0.745835
1.717042,1.401052,-0.754896
1.710611,1.397545,-0.745688
1.714703,1.401345,-0.752704
1.712365,1.408068,-0.756065
1.71558,1.408652,-0.762643
1.710611,1.415083,-0.763958
1.715288,1.417422,-0.762058
1.718211,1.423853,-0.767758
1.721719,1.424437,-0.76995
1.717919,1.427945,-0.781204
1.714411,1.426776,-0.775504
1.721134,1.424145,-0.77375
1.719088,1.424437,-0.778427
1.724642,1.432037,-0.781497
1.72698,1.428237,-0.780766
1.729319,1.42853,-0.792751
1.731365,1.43993,-0.797428
1.733704,1.441391,-0.794797
1.733119,1.442561,-0.796405
1.732534,1.44753,-0.808389
1.725519,1.449868,-0.798889
1.735165,1.454253,-0.792166
1.738088,1.452207,-0.79392
1.739258,1.458053,-0.787928
1.741011,1.452792,-0.79772
1.739258,1.451915,-0.802982
1.744519,1.454545,-0.804151
1.741596,1.459222,-0.802251
1.744227,1.461561,-0.800058
1.742181,1.456299,-0.802689
1.754458,1.45893,-0.808097
1.755335,1.465946,-0.806635
1.757966,1.4677,-0.800351
1.753581,1.470623,-0.795381
1.748904,1.472961,-0.805028
1.763812,1.477346,-0.812774
1.760596,1.477638,-0.803859
1.765273,1.479977,-0.814528
1.764104,1.480269,-0.801082
1.768489,1.477346,-0.818328
1.77112,1.473253,-0.802105
1.775212,1.472961,-0.813066
1.771412,1.476177,-0.808682
1.77492,1.472084,-0.82052
1.779597,1.480561,-0.810289
1.781643,1.482315,-0.824028
1.786612,1.480561,-0.802397
1.786027,1.482023,-0.806343
1.784858,1.479684,-0.80342
1.788658,1.481146,-0.807659
1.79772,1.482607,-0.812482
1.796843,1.484946,-0.800351
1.796843,1.480269,-0.807366
1.798305,1.475884,-0.802105
1.811751,1.476469,-0.796989
1.807951,1.4791,-0.790412
1.814674,1.481146,-0.802982
1.810289,1.475884,-0.791435
1.811459,1.465069,-0.806635
1.816136,1.474715,-0.792458
1.82169,1.468576,-0.789828
1.82812,1.472084,-0.789389
1.836597,1.472961,-0.788658
1.826074,1.469161,-0.787489
1.832797,1.465946,-0.788658
1.838936,1.469161,-0.775212
1.837474,1.464484,-0.784127
1.847705,1.463022,-0.779012
1.843028,1.451622,-0.783835
1.854136,1.454545,-0.78442
1.855013,1.452792,-0.782227
1.849459,1.448407,-0.763519
1.857059,1.449868,-0.753435
1.862029,1.450453,-0.759281
1.859105,1.451915,-0.756942
1.865536,1.439638,-0.758404
1.86349,1.445192,-0.75285
1.862613,1.437884,-0.747296
1.864367,1.434376,-0.744811
1.865536,1.425022,-0.739696
1.878106,1.420345,-0.727127
1.887167,1.413622,-0.733119
1.879567,1.414206,-0.728734
1.887752,1.41216,-0.72318
1.885121,1.411576,-0.712072
1.889506,1.403098,-0.721573
1.891552,1.402514,-0.707103
1.886583,1.403975,-0.711342
1.891845,1.396083,-0.715726
1.896814,1.390237,-0.705349
1.900614,1.384098,-0.702572
1.898275,1.377083,-0.709296
1.894183,1.38439,-0.695557
1.893598,1.379421,-0.686934
1.897106,1.375329,-0.691464
1.905583,1.37036,-0.685618
1.901199,1.359544,-0.674364
1.902368,1.353698,-0.673195
1.90646,1.361882,-0.680064
1.907922,1.351359,-0.660626
1.90646,1.34639,-0.668372
1.907922,1.350482,-0.661064
1.91026,1.344344,-0.663256
1.912014,1.335574,-0.657995
1.909968,1.335574,-0.649079
1.910845,1.329144,-0.645718
1.915229,1.324467,-0.659018
1.916983,1.322713,-0.650102
1.908506,1.312189,-0.641918
