ch1,ch2,ch3
12.0,1.300205,-0.801812
1.783981,1.300789,-0.799035
1.781643,1.301666,-0.801666
1.783689,1.305759,-0.802397
1.786027,1.307512,-0.797282
1.779597,1.314236,-0.81292
1.780474,1.309559,-0.802543
1.779012,1.315405,-0.807805
1.784274,1.307805,-0.808097
1.786904,1.315697,-0.819497
1.777258,1.31862,-0.819351
1.783689,1.32359,-0.821105
1.786027,1.332067,-0.823736
1.782812,1.324174,-0.826659
1.784566,1.326805,-0.826074
1.788658,1.335574,-0.832359
1.788366,1.334697,-0.84069
1.796843,1.339374,-0.834844
1.791581,1.341713,-0.832359
1.794505,1.337621,-0.831774
1.79392,1.340251,-0.840836
1.792458,1.349313,-0.837621
1.788658,1.347559,-0.848144
1.795674,1.35399,-0.832505
1.791581,1.352236,-0.845805
1.796258,1.356329,-0.833821
1.80152,1.354282,-0.834844
1.795674,1.361882,-0.851505
1.791874,1.352528,-0.838205
1.798597,1.352236,-0.850628
1.800935,1.356913,-0.850921
1.80152,1.361006,-0.854136
1.805612,1.363052,-0.863929
1.803274,1.35779,-0.852821
1.806197,1.373283,-0.854867
1.809705,1.367729,-0.857644
1.809412,1.366267,-0.845805
1.812336,1.366267,-0.827536
1.812628,1.362759,-0.856182
1.808243,1.369483,-0.855744
1.809997,1.368021,-0.860129
1.812336,1.379714,-0.85969
1.813213,1.382637,-0.849167
1.814382,1.372113,-0.849752
1.812628,1.374452,-0.858521
1.814089,1.374744,-0.85589
1.822859,1.371529,-0.861883
1.826659,1.370067,-0.855013
1.826074,1.37416,-0.857936
1.831921,1.37679,-0.867729
1.82812,1.373867,-0.856621
1.834551,1.37416,-0.869483
1.831628,1.377375,-0.853405
1.839521,1.372406,-0.867144
1.835721,1.380298,-0.861444
1.839228,1.380883,-0.864952
1.84449,1.375037,-0.862613
1.847121,1.381467,-0.857352
1.843321,1.373283,-0.856475
1.836597,1.380298,-0.860567
1.841274,1.38176,-0.858082
1.845075,1.376498,-0.869044
1.848875,1.373575,-0.849167
1.854136,1.379129,-0.863344
1.855013,1.371821,-0.85209
1.854429,1.368021,-0.835136
1.862613,1.375914,-0.848144
1.859105,1.36919,-0.850921
1.864659,1.363929,-0.83689
1.866121,1.366852,-0.844928
1.866121,1.365683,-0.840544
1.874013,1.36539,-0.837182
1.877521,1.365975,-0.838936
1.87606,1.363344,-0.839082
1.881614,1.363052,-0.837767
1.880152,1.360129,-0.837767
1.879567,1.360713,-0.826659
1.880152,1.350482,-0.834405
1.885121,1.349898,-0.823297
1.875475,1.346975,-0.853698
1.886875,1.352821,-0.823297
1.889506,1.349898,-0.81482
1.892721,1.351944,-0.816136
1.894183,1.344051,-0.80342
1.898275,1.341421,-0.82169
1.906752,1.332067,-0.801812
1.897691,1.33382,-0.80342
1.902952,1.338498,-0.798012
1.902075,1.332067,-0.798158
1.905583,1.32739,-0.802251
1.907045,1.327974,-0.790266
1.905583,1.319497,-0.784566
1.919906,1.328267,-0.785881
1.911137,1.329144,-0.78822
1.915814,1.312189,-0.782081
1.920491,1.313943,-0.785735
1.919614,1.311897,-0.777989
1.92283,1.306051,-0.769512
1.92283,1.304882,-0.77492
1.925753,1.306051,-0.767466
1.917568,1.297574,-0.767904
1.91786,1.298158,-0.761619
1.918153,1.294358,-0.765419
1.935107,1.290558,-0.76425
1.932184,1.292604,-0.751388
1.931307,1.282374,-0.756358
1.936568,1.284127,-0.752412
1.928676,1.285004,-0.763373
1.93423,1.276527,-0.743204
1.931891,1.273312,-0.747735
1.929845,1.273312,-0.738673
1.940368,1.270389,-0.734142
1.939784,1.267466,-0.731511
1.933937,1.257819,-0.735311
1.937737,1.26425,-0.73078
1.940368,1.257527,-0.734288
1.941538,1.254312,-0.733411
1.940368,1.25285,-0.737942
1.937445,1.251388,-0.72245
1.94183,1.254896,-0.727565
1.942707,1.251096,-0.720403
1.939784,1.242034,-0.718357
1.94563,1.238819,-0.720403
1.981292,1.239696,-0.717334
1.944461,1.23385,-0.70608
1.942415,1.239696,-0.702572
1.946799,1.225957,-0.716165
1.945922,1.230927,-0.703303
1.944753,1.223911,-0.704472
1.946507,1.226542,-0.704034
1.946215,1.218942,-0.693511
1.940953,1.216019,-0.690734
1.946215,1.21748,-0.688541
1.940076,1.211634,-0.680357
1.942707,1.214849,-0.676557
1.943584,1.204034,-0.676557
1.943584,1.203449,-0.671441
1.939491,1.199065,-0.676995
1.939199,1.200526,-0.681234
1.948553,1.194972,-0.667933
1.942707,1.190588,-0.674218
1.944168,1.186495,-0.662818
1.946507,1.190003,-0.668226
1.944753,1.180357,-0.659895
1.935984,1.176264,-0.658579
1.93803,1.183864,-0.66311
1.940076,1.173341,-0.653318
1.942122,1.181234,-0.659749
1.939199,1.176557,-0.654341
1.941538,1.17451,-0.645571
1.943876,1.173633,-0.647471
1.935399,1.168664,-0.642941
1.937737,1.165741,-0.641479
1.935399,1.161356,-0.649372
1.931014,1.162233,-0.648056
1.925168,1.16311,-0.63154
1.933353,1.162818,-0.637679
1.936568,1.160187,-0.639433
1.932184,1.153464,-0.636656
1.933937,1.157556,-0.633148
1.926922,1.162233,-0.638117
1.927507,1.149079,-0.634025
1.927214,1.152295,-0.63461
1.91786,1.150541,-0.63344
1.91786,1.154925,-0.637825
1.917568,1.151418,-0.639725
1.909968,1.153172,-0.628763
1.909383,1.148787,-0.640894
1.909675,1.146741,-0.63461
1.914937,1.14791,-0.624817
1.90266,1.135925,-0.628033
1.903829,1.143233,-0.62774
1.905875,1.134756,-0.627448
1.908214,1.143233,-0.624817
1.897691,1.141771,-0.639287
1.902075,1.143525,-0.635633
1.897691,1.141187,-0.63344
1.904414,1.146448,-0.635487
1.892721,1.140602,-0.631687
1.88746,1.142941,-0.63461
1.889798,1.134464,-0.634902
1.887752,1.135925,-0.63081
1.885998,1.144987,-0.628617
1.875183,1.148202,-0.63154
1.880737,1.137679,-0.63154
1.877813,1.140895,-0.637679
1.875183,1.142356,-0.642064
1.879567,1.147618,-0.643233
1.872844,1.143233,-0.647179
1.868752,1.145864,-0.650833
1.864075,1.141479,-0.652295
1.862613,1.141187,-0.647618
1.861736,1.147033,-0.652002
1.851505,1.147033,-0.641918
1.861444,1.148495,-0.652733
1.861736,1.152295,-0.650979
1.858229,1.154341,-0.654341
1.859398,1.152002,-0.660333
1.852967,1.147618,-0.650687
1.851505,1.150248,-0.661795
1.852675,1.145279,-0.655218
1.842444,1.154925,-0.666618
1.853844,1.158141,-0.673926
1.850921,1.158433,-0.665741
1.838644,1.162818,-0.674803
1.847998,1.154341,-0.661941
1.837767,1.162526,-0.705203
1.845075,1.171587,-0.670418
1.827243,1.173633,-0.674072
1.829874,1.167495,-0.673341
1.870506,1.169541,-0.66501
1.824028,1.176849,-0.671295
1.834844,1.181526,-0.687372
1.822859,1.174803,-0.692195
1.825197,1.182987,-0.691903
1.82549,1.180649,-0.696434
1.822859,1.186787,-0.697749
1.826951,1.185618,-0.691903
1.822567,1.188249,-0.698772
1.821982,1.186203,-0.693803
1.817305,1.190003,-0.692049
1.819936,1.193803,-0.699211
1.819351,1.197603,-0.692926
1.813213,1.20228,-0.710465
1.814089,1.20608,-0.702134
1.81672,1.205788,-0.711196
1.804151,1.206957,-0.714265
1.808243,1.210172,-0.704911
1.811166,1.20988,-0.712949
1.811459,1.215726,-0.72055
1.810874,1.221573,-0.723034
1.802689,1.217188,-0.723619
1.807366,1.220403,-0.723911
1.800935,1.223327,-0.733557
1.802689,1.228588,-0.735311
1.798597,1.227711,-0.736919
1.803566,1.227127,-0.729027
1.800058,1.235604,-0.742473
1.802982,1.236188,-0.742473
1.79392,1.237942,-0.744373
1.795089,1.242327,-0.742911
1.790412,1.240573,-0.748612
1.796843,1.254312,-0.750365
1.790704,1.249342,-0.746711
1.790704,1.247881,-0.757819
1.791581,1.25285,-0.751681
1.789535,1.256065,-0.753873
1.78632,1.258404,-0.76732
1.786612,1.267173,-0.750512
1.788658,1.258989,-0.773166
1.779012,1.265419,-0.770243
1.786027,1.267758,-0.77565
1.785735,1.269512,-0.771412
1.783104,1.274189,-0.793481
1.787489,1.286758,-0.763958
1.784858,1.283835,-0.786466
1.782227,1.282374,-0.78135
1.784858,1.285881,-0.786612
1.788658,1.28822,-0.792312
1.781935,1.292604,-0.790997
1.787197,1.295235,-0.787197
1.790997,1.29582,-0.792751
1.783981,1.301666,-0.786466
1.78135,1.295235,-0.796258
1.782812,1.29582,-0.787781
1.782812,1.301666,-0.806343
1.782812,1.307512,-0.808536
1.773458,1.306051,-0.804735
1.786027,1.309266,-0.812043
1.776673,1.315989,-0.799474
1.775504,1.307805,-0.812043
1.785151,1.313066,-0.821397
1.783397,1.317159,-0.817013
1.784858,1.324174,-0.833382
1.787489,1.311605,-0.827244
1.784858,1.325343,-0.830167
1.790704,1.332359,-0.82739
1.790997,1.331774,-0.830605
1.78135,1.332359,-0.821982
1.788951,1.336451,-0.831336
1.791581,1.335867,-0.830313
1.795089,1.340544,-0.83689
1.793043,1.337036,-0.840105
1.788951,1.344344,-0.838351
1.794212,1.345805,-0.846244
1.783689,1.310728,-0.845075
1.796258,1.38176,-0.842444
1.795966,1.355452,-0.844636
1.793043,1.353405,-0.840105
1.798597,1.353405,-0.842444
1.807951,1.361298,-0.844636
1.794212,1.358082,-0.84639
1.798597,1.358375,-0.845513
1.797428,1.358667,-0.845659
1.803566,1.368021,-0.851359
1.807366,1.365683,-0.863052
1.799766,1.362759,-0.864806
1.795674,1.360713,-0.851652
1.802105,1.36656,-0.853259
1.807074,1.364513,-0.855013
1.80532,1.365098,-0.870944
1.807951,1.371529,-0.866413
1.809997,1.375621,-0.855598
1.808243,1.370067,-0.865683
1.813505,1.36919,-0.857498
1.815259,1.373575,-0.856182
1.823151,1.382929,-0.863783
1.819351,1.37036,-0.861736
1.82549,1.372698,-0.864513
1.828705,1.372406,-0.857206
1.829582,1.372698,-0.859836
1.822274,1.381467,-0.86539
1.830751,1.375621,-0.864952
1.832505,1.378544,-0.86919
1.834844,1.378252,-0.862906
1.838644,1.378252,-0.866413
1.840105,1.372698,-0.851067
1.838351,1.375037,-0.864952
1.834844,1.387606,-0.855013
1.837767,1.396375,-0.868313
1.830751,1.432622,-0.865098
1.820813,1.450161,-0.877083
1.811751,1.503362,-0.877521
1.798012,1.52587,-0.863783
1.792751,1.542531,-0.836159
1.787489,1.541947,-0.809559
1.785443,1.516516,-0.769366
1.784566,1.512423,-0.764396
1.785151,1.492838,-0.743496
1.791289,1.477054,-0.744958
1.784274,1.460684,-0.735457
1.789828,1.456299,-0.721426
1.790997,1.435545,-0.70608
1.79012,1.41976,-0.694095
1.779889,1.412745,-0.688249
1.783689,1.410699,-0.707395
1.788951,1.399006,-0.684157
1.789535,1.395206,-0.680795
1.784566,1.388775,-0.69088
1.779889,1.391406,-0.684157
1.775212,1.382929,-0.68211
1.776673,1.384975,-0.678457
1.77375,1.387898,-0.676557
1.774335,1.383806,-0.672464
1.777258,1.384975,-0.685034
1.777258,1.384975,-0.685326
1.773458,1.388775,-0.679334
1.772289,1.383806,-0.678457
1.775212,1.382637,-0.686349
1.767319,1.383806,-0.690149
1.768489,1.385852,-0.691611
1.763227,1.387314,-0.685764
1.764104,1.390821,-0.695118
1.764981,1.394621,-0.699211
1.772873,1.397837,-0.691318
1.760596,1.391406,-0.681526
1.762643,1.393452,-0.694388
1.759135,1.388483,-0.687957
1.753873,1.388775,-0.692634
1.75855,1.399591,-0.686641
1.750365,1.396375,-0.69278
1.750073,1.399298,-0.710026
1.749488,1.394329,-0.702865
1.746273,1.404268,-0.699503
1.751242,1.397837,-0.699357
1.745104,1.405729,-0.713973
1.747735,1.405729,-0.707395
1.747442,1.409529,-0.715434
1.75095,1.413329,-0.708272
1.745396,1.415668,-0.723473
1.741888,1.413329,-0.722742
1.741304,1.415376,-0.72435
1.743935,1.415376,-0.730927
1.74715,1.420637,-0.718942
1.743058,1.425606,-0.723619
1.741596,1.42093,-0.715434
1.734288,1.421806,-0.742765
1.740427,1.43116,-0.731219
1.738673,1.425899,-0.735457
1.736334,1.425022,-0.735604
1.739842,1.441391,-0.734873
1.738381,1.442853,-0.734434
1.740427,1.438468,-0.737796
1.741888,1.441099,-0.743058
1.735165,1.437007,-0.744811
1.740427,1.447822,-0.742327
1.731365,1.440807,-0.74525
1.719965,1.445192,-0.741742
1.728734,1.443145,-0.748027
1.738673,1.452499,-0.764104
1.737796,1.45893,-0.757089
1.736627,1.465069,-0.761181
1.731657,1.463607,-0.763227
1.732242,1.465946,-0.757673
1.727273,1.465946,-0.763373
1.723473,1.46653,-0.776673
1.72698,1.46653,-0.76805
1.725519,1.466238,-0.775797
1.732534,1.469453,-0.77945
1.724934,1.477346,-0.772873
1.723473,1.473838,-0.780181
1.724057,1.471792,-0.778574
1.723473,1.472084,-0.775797
1.719965,1.479392,-0.783689
1.721426,1.479977,-0.776966
1.722888,1.487577,-0.789828
1.725227,1.481146,-0.784712
1.724934,1.482023,-0.788951
1.723473,1.485823,-0.783835
1.718796,1.491377,-0.783543
1.723765,1.501023,-0.78442
1.72698,1.502192,-0.794797
1.722011,1.492254,-0.801228
1.729319,1.509208,-0.80912
1.725227,1.495469,-0.795381
1.729319,1.5095,-0.806489
1.722888,1.506577,-0.809266
1.727565,1.512423,-0.801812
1.727565,1.510962,-0.800205
1.723473,1.522946,-0.796843
1.729904,1.512716,-0.810436
1.73078,1.517685,-0.813651
1.727565,1.522946,-0.802543
1.726396,1.520316,-0.807951
1.732827,1.518854,-0.813066
1.733411,1.5247,-0.808536
1.737211,1.520023,-0.81482
1.743058,1.51827,-0.813943
1.736627,1.51827,-0.810289
1.736042,1.519731,-0.808828
1.744519,1.5209,-0.816574
1.740134,1.524116,-0.820082
1.740719,1.520023,-0.815113
1.743642,1.525285,-0.812628
1.738965,1.529377,-0.81482
1.741596,1.520608,-0.818036
1.746273,1.529085,-0.827828
1.736334,1.53727,-0.815259
1.741888,1.536393,-0.808243
1.749196,1.531424,-0.823736
1.755919,1.530839,-0.817743
1.754165,1.530254,-0.818036
1.752704,1.526162,-0.822859
1.758842,1.53347,-0.810289
1.75095,1.531716,-0.822567
1.760889,1.5285,-0.817597
1.76235,1.52967,-0.813359
1.761766,1.526162,-0.817597
1.758842,1.530547,-0.819059
1.768196,1.530547,-0.815259
1.767612,1.526454,-0.818474
1.768489,1.531424,-0.805174
1.760304,1.531131,-0.816866
1.772581,1.5285,-0.811605
1.769073,1.529085,-0.800205
1.767612,1.525577,-0.809997
1.771996,1.523531,-0.800058
1.776673,1.524993,-0.808828
1.779304,1.523239,-0.804151
1.779304,1.529085,-0.802982
1.779597,1.527039,-0.802105
1.780474,1.526454,-0.812774
1.782227,1.526747,-0.804589
1.79012,1.531424,-0.806782
1.786027,1.5323,-0.799912
1.793043,1.52207,-0.804589
1.788366,1.522946,-0.796258
1.792751,1.522654,-0.792897
1.785151,1.52207,-0.790704
1.798012,1.524116,-0.802982
1.801228,1.511546,-0.794651
1.79772,1.515931,-0.793335
1.831336,1.511254,-0.800058
1.79772,1.507746,-0.79202
1.806489,1.510669,-0.793481
1.802689,1.512423,-0.786758
1.803566,1.510377,-0.777697
1.805028,1.509208,-0.78442
1.816428,1.506869,-0.776966
1.809705,1.505992,-0.776089
1.813505,1.492838,-0.789681
1.812043,1.504823,-0.778866
1.803859,1.502485,-0.782374
1.815551,1.494008,-0.778427
1.810289,1.500146,-0.785297
1.814966,1.492838,-0.771996
1.814674,1.500146,-0.77682
1.822859,1.494884,-0.764835
1.810874,1.485238,-0.764835
1.823443,1.489915,-0.773312
1.829874,1.492838,-0.772289
1.82052,1.489331,-0.763227
1.822567,1.489331,-0.771996
1.826367,1.481438,-0.757673
1.825782,1.482607,-0.759135
1.820813,1.489331,-0.76045
1.825782,1.476761,-0.756065
1.825782,1.487869,-0.75475
1.832797,1.470623,-0.760596
1.836013,1.474715,-0.759573
1.834259,1.471792,-0.752704
1.836013,1.466238,-0.748027
1.837767,1.462146,-0.757235
1.835721,1.460392,-0.748465
1.831628,1.460976,-0.749196
1.833382,1.461853,-0.741596
1.841274,1.464192,-0.741011
1.82812,1.458346,-0.729173
1.831921,1.453668,-0.733411
1.834551,1.454253,-0.736042
1.828413,1.451038,-0.729319
1.838644,1.451038,-0.72245
1.834551,1.450161,-0.73385
1.837767,1.448992,-0.734142
1.842736,1.439053,-0.72625
1.839521,1.445192,-0.724496
1.850628,1.441099,-0.724788
1.836013,1.438761,-0.723473
1.840105,1.435545,-0.725957
1.842736,1.43613,-0.717188
1.838351,1.429991,-0.720403
1.839813,1.428237,-0.718796
1.845951,1.434668,-0.720111
1.843905,1.433207,-0.710465
1.840398,1.42853,-0.697018
1.840398,1.426484,-0.709003
1.843905,1.426191,-0.693218
1.847998,1.418299,-0.697749
1.839228,1.418883,-0.693949
1.851798,1.422391,-0.689564
1.849167,1.414499,-0.693218
1.845075,1.412745,-0.687372
1.848582,1.419468,-0.706226
1.842151,1.411868,-0.688103
1.845659,1.403098,-0.684741
1.852382,1.405729,-0.697018
1.850628,1.404268,-0.692049
1.846828,1.405145,-0.682841
1.839521,1.40836,-0.691172
1.843028,1.406606,-0.693949
1.840982,1.403391,-0.678749
1.844782,1.401052,-0.677433
1.844198,1.396375,-0.675241
1.848875,1.395206,-0.669541
1.843905,1.396375,-0.678603
1.85209,1.399006,-0.674657
1.842444,1.396083,-0.67568
1.843613,1.390529,-0.670418
1.846828,1.394621,-0.669249
1.839228,1.387898,-0.659895
1.841859,1.384975,-0.674949
1.837474,1.387314,-0.662818
1.842151,1.38936,-0.673049
1.839228,1.381175,-0.660479
1.843613,1.382052,-0.680941
1.843613,1.377375,-0.657995
1.839521,1.379421,-0.662818
1.841859,1.377375,-0.664133
1.835428,1.375621,-0.670564
1.830751,1.377667,-0.668372
1.836013,1.377375,-0.667349
1.835721,1.37679,-0.654487
1.827536,1.372113,-0.664426
1.840398,1.37796,-0.655072
1.835721,1.37036,-0.652733
1.834259,1.376498,-0.661941
1.831336,1.364513,-0.660626
1.825197,1.376206,-0.653902
1.826951,1.370944,-0.655802
1.821982,1.375621,-0.662379
1.831336,1.36656,-0.655949
1.825197,1.367436,-0.652295
1.823151,1.372113,-0.654487
1.821982,1.368313,-0.668079
1.817889,1.373867,-0.64601
1.819059,1.364513,-0.661649
1.815843,1.363636,-0.650979
1.815259,1.364513,-0.653318
1.81672,1.359252,-0.655656
1.802982,1.364513,-0.660479
1.817597,1.36539,-0.655802
1.814382,1.36539,-0.662087
1.820228,1.365975,-0.651272
1.811166,1.367436,-0.659456
1.805905,1.36159,-0.660187
1.800643,1.362467,-0.664426
1.799182,1.368898,-0.652148
1.806782,1.371236,-0.654195
1.806489,1.360713,-0.657264
1.799182,1.361882,-0.664426
1.803859,1.37299,-0.653902
1.801228,1.363929,-0.657264
1.798889,1.363929,-0.652733
1.798305,1.37036,-0.661064
1.793628,1.365683,-0.670856
1.798889,1.37416,-0.673341
1.788366,1.369483,-0.664426
1.785735,1.364221,-0.666618
1.788658,1.377375,-0.668664
1.791289,1.372406,-0.666472
1.788658,1.368606,-0.675533
1.789243,1.364221,-0.672903
1.78632,1.377667,-0.660333
1.783981,1.368021,-0.67261
1.78135,1.380006,-0.674218
1.774043,1.377083,-0.667056
1.779012,1.379129,-0.675533
1.779889,1.385267,-0.685911
1.789243,1.383514,-0.68021
1.780181,1.377667,-0.678164
1.779597,1.38439,-0.693511
1.776381,1.382637,-0.681818
1.775212,1.382929,-0.687811
1.774335,1.382344,-0.690003
1.770535,1.383221,-0.688688
1.768781,1.387898,-0.682987
1.774043,1.388483,-0.698626
1.776966,1.387898,-0.687226
1.765566,1.393744,-0.699211
1.764396,1.387898,-0.708857
1.757381,1.383221,-0.704326
1.766735,1.389068,-0.692488
1.753581,1.395498,-0.698041
1.757089,1.400468,-0.69848
1.760889,1.397545,-0.70608
1.759719,1.40456,-0.706372
1.752704,1.401637,-0.693511
1.751242,1.406022,-0.706811
1.750365,1.406314,-0.709003
1.751242,1.406899,-0.703595
1.748904,1.409237,-0.711342
1.748904,1.408945,-0.709588
1.752119,1.413622,-0.709149
1.74715,1.41713,-0.705934
1.746273,1.41976,-0.724496
1.746858,1.420053,-0.716457
1.743642,1.427653,-0.714119
1.745688,1.421514,-0.719526
1.745104,1.423853,-0.726542
1.740719,1.425022,-0.725227
1.738965,1.429114,-0.729465
1.738673,1.427945,-0.73385
1.735165,1.433499,-0.73005
1.736627,1.440514,-0.73385
1.743058,1.441099,-0.746419
1.732242,1.440514,-0.737796
1.73575,1.437591,-0.74525
1.737211,1.438761,-0.740281
1.730488,1.444607,-0.740427
1.726396,1.444899,-0.745688
1.722303,1.446361,-0.742327
1.729904,1.452499,-0.747296
1.73195,1.453376,-0.751681
1.727565,1.456592,-0.760012
1.733996,1.458638,-0.755189
1.72815,1.455422,-0.756504
1.731073,1.459515,-0.774627
1.722596,1.460392,-0.770243
1.726103,1.465946,-0.761619
1.722596,1.466823,-0.76425
1.728442,1.462146,-0.775066
1.727565,1.468869,-0.76922
1.729027,1.473546,-0.784858
1.722596,1.476469,-0.78252
1.722303,1.4753,-0.77945
1.725519,1.476177,-0.782227
1.725227,1.48173,-0.788951
1.726688,1.483484,-0.790851
1.72815,1.482315,-0.787781
1.729611,1.489331,-0.796112
1.730488,1.486408,-0.798743
1.724642,1.488746,-0.793189
1.724642,1.492546,-0.805612
1.734873,1.503654,-0.789974
1.73078,1.503946,-0.789681
1.726396,1.503362,-0.812043
1.731073,1.5057,-0.806489
1.732242,1.508039,-0.811166
1.729904,1.5057,-0.807366
1.732534,1.5095,-0.809266
1.731657,1.513008,-0.811605
1.732534,1.514177,-0.802397
1.731365,1.516223,-0.810728
1.73575,1.516516,-0.81482
1.736919,1.520316,-0.810582
1.737211,1.515054,-0.824467
1.732242,1.519439,-0.815259
1.736919,1.527039,-0.820228
1.739842,1.523531,-0.817159
1.733411,1.522946,-0.804297
1.737211,1.522654,-0.818913
1.745104,1.527331,-0.818182
1.73955,1.524408,-0.816282
1.745688,1.536393,-0.817597
1.743058,1.529085,-0.823297
1.753289,1.538147,-0.818036
1.75475,1.531424,-0.815697
1.745396,1.530547,-0.823297
1.753581,1.536101,-0.815405
1.752412,1.535516,-0.823151
1.755042,1.538439,-0.822859
1.753873,1.539901,-0.822274
1.758842,1.533762,-0.835574
1.750365,1.534639,-0.826951
1.762058,1.534054,-0.826805
1.75475,1.535516,-0.817159
1.765566,1.534347,-0.813943
1.760012,1.534347,-0.815697
1.764981,1.534639,-0.827974
1.764981,1.541362,-0.823882
1.75855,1.539901,-0.817597
1.761473,1.539316,-0.817743
1.765273,1.533177,-0.821397
1.769073,1.541362,-0.82929
1.770827,1.536978,-0.82929
1.772289,1.540778,-0.816282
1.77492,1.546039,-0.819205
1.770535,1.538731,-0.817159
1.772581,1.532008,-0.821836
1.77492,1.531716,-0.817013
1.778427,1.533177,-0.812774
1.777843,1.539024,-0.808097
1.780766,1.54107,-0.805759
1.787489,1.538147,-0.806197
1.785735,1.534639,-0.818766
1.787781,1.538439,-0.808682
1.789828,1.532885,-0.805905
1.793043,1.5285,-0.801812
1.788658,1.5323,-0.806928
1.787489,1.534931,-0.807659
1.789535,1.524116,-0.805174
1.794797,1.510377,-0.804151
1.79392,1.5285,-0.806928
1.799182,1.523239,-0.818328
1.799474,1.5247,-0.806635
1.807951,1.526747,-0.80152
1.801228,1.519439,-0.806343
1.800351,1.5209,-0.791874
1.80532,1.521485,-0.791289
1.804151,1.520023,-0.787781
1.807659,1.515639,-0.789389
1.806489,1.514177,-0.785297
1.811166,1.512131,-0.786758
1.804735,1.507454,-0.789243
1.809997,1.512131,-0.784712
1.811166,1.506869,-0.780035
1.809412,1.5095,-0.787197
1.807951,1.508916,-0.781058
1.808535,1.504531,-0.775212
1.808828,1.498392,-0.764981
1.804443,1.498977,-0.765712
1.81292,1.4943,-0.768635
1.816428,1.499269,-0.774335
1.819351,1.497515,-0.778574
1.814382,1.488161,-0.765273
1.821397,1.484654,-0.763081
1.815843,1.488746,-0.76732
1.82169,1.485823,-0.759281
1.819936,1.487284,-0.759135
1.824613,1.484946,-0.767904
1.82169,1.4791,-0.756065
1.826659,1.473838,-0.76045
1.827243,1.472961,-0.749781
1.822859,1.477054,-0.754458
1.827828,1.471792,-0.757381
1.824905,1.4677,-0.742619
1.828413,1.464776,-0.750073
1.831044,1.4677,-0.747588
1.827828,1.460976,-0.74715
1.836305,1.46273,-0.734727
1.830459,1.460099,-0.730488
1.834844,1.460392,-0.733704
1.838644,1.453376,-0.73575
1.840398,1.459807,-0.733704
1.838059,1.453961,-0.727419
1.83689,1.461561,-0.726396
1.835721,1.454545,-0.733996
1.832505,1.449284,-0.730634
1.838351,1.442853,-0.720111
1.84069,1.440222,-0.720696
1.835136,1.440222,-0.716311
1.836305,1.446361,-0.729757
1.836305,1.439345,-0.719234
1.841859,1.436422,-0.712949
1.844198,1.432037,-0.709734
1.838059,1.437299,-0.708126
1.838351,1.429991,-0.706372
1.843321,1.432622,-0.714411
1.841274,1.428822,-0.707103
1.839228,1.425022,-0.706957
1.850044,1.428822,-0.710172
1.846536,1.429407,-0.707103
1.843028,1.420345,-0.700965
1.833674,1.416545,-0.703449
1.845659,1.418883,-0.693218
1.847413,1.422683,-0.688395
1.843613,1.420053,-0.687518
1.84069,1.414499,-0.686641
1.836013,1.404852,-0.694095
1.842736,1.408652,-0.690003
1.847413,1.408945,-0.683426
1.841859,1.405729,-0.697457
1.845659,1.394037,-0.700526
1.841859,1.399298,-0.694095
1.847121,1.397252,-0.692926
1.835721,1.403391,-0.691026
1.83689,1.399298,-0.679187
1.841567,1.395498,-0.68138
1.840398,1.394037,-0.676995
1.842736,1.392868,-0.682403
1.840398,1.395206,-0.67831
1.836305,1.391991,-0.67831
1.835136,1.385852,-0.636802
1.837474,1.390529,-0.673049
1.829582,1.387314,-0.671003
1.840398,1.388191,-0.664426
1.838936,1.38439,-0.666618
1.843028,1.388191,-0.665449
1.841567,1.381467,-0.657849
1.829874,1.382929,-0.658872
1.836013,1.379129,-0.660041
1.833674,1.384098,-0.665303
1.828705,1.383221,-0.663402
1.827536,1.386437,-0.650833
1.826659,1.384098,-0.66311
1.832505,1.381175,-0.659456
1.828997,1.375621,-0.657118
1.827828,1.380883,-0.660333
1.820228,1.375914,-0.656972
1.822274,1.382929,-0.653464
1.826367,1.37416,-0.648202
1.82812,1.372698,-0.652733
1.821982,1.37679,-0.656679
1.825197,1.37299,-0.660041
1.821397,1.36919,-0.661941
1.826367,1.373283,-0.656241
1.823443,1.36539,-0.669249
1.819059,1.36656,-0.662818
1.807074,1.369483,-0.657264
1.815551,1.366267,-0.665303
1.81672,1.367729,-0.672318
1.810874,1.363052,-0.657118
1.805028,1.366267,-0.667787
1.815259,1.363052,-0.65741
1.813505,1.372113,-0.666033
1.814674,1.389652,-0.676557
1.799474,1.403391,-0.689126
1.799182,1.439638,-0.720257
1.781058,1.484946,-0.746711
1.778427,1.516516,-0.789974
1.78135,1.535808,-0.828559
1.787197,1.545455,-0.865536
1.798305,1.532593,-0.863052
1.804151,1.522362,-0.860713
1.810582,1.524993,-0.861006
1.821982,1.520608,-0.869629
1.819643,1.512716,-0.872698
1.821397,1.503946,-0.872844
1.822567,1.492254,-0.861883
1.834551,1.477638,-0.870798
1.837767,1.477638,-0.865098
1.847121,1.473838,-0.854282
1.854136,1.465361,-0.850921
1.855013,1.455715,-0.850044
1.847998,1.453668,-0.855013
1.857352,1.453084,-0.851944
1.865536,1.443438,-0.850775
1.87109,1.447822,-0.838059
1.870213,1.445776,-0.852529
1.873721,1.439638,-0.848875
1.87489,1.430576,-0.84829
1.881906,1.432037,-0.837182
1.886291,1.429991,-0.836013
1.892429,1.420345,-0.829874
1.888044,1.42473,-0.827682
1.889214,1.413622,-0.824028
1.894475,1.402806,-0.82242
1.890675,1.415668,-0.817597
1.89886,1.405437,-0.813651
1.902075,1.407191,-0.808536
1.899737,1.401929,-0.822567
1.90646,1.400175,-0.813797
1.904706,1.391406,-0.806051
1.912599,1.394037,-0.801082
1.912891,1.397837,-0.795235
1.911137,1.38936,-0.797866
1.912306,1.391114,-0.801228
1.912599,1.383221,-0.777258
1.912306,1.38176,-0.782374
1.92546,1.375329,-0.776527
1.92283,1.367729,-0.779304
1.923122,1.366267,-0.775066
1.928676,1.363344,-0.772727
1.932184,1.360129,-0.757381
1.928676,1.359544,-0.754604
1.931891,1.356329,-0.75095
1.92546,1.343467,-0.745396
1.920199,1.342298,-0.754019
1.92283,1.339959,-0.741742
1.928676,1.329436,-0.743204
1.931307,1.326805,-0.736627
1.931891,1.329728,-0.735019
1.937153,1.32242,-0.725227
1.935691,1.32359,-0.730196
1.933353,1.313359,-0.715873
1.932184,1.31482,-0.718503
1.94563,1.315697,-0.720403
1.941538,1.308389,-0.709588
1.937445,1.308682,-0.712072
1.908214,1.303128,-0.705495
1.943584,1.29582,-0.692341
1.94563,1.289681,-0.702426
1.940368,1.29202,-0.698918
1.954984,1.286174,-0.687518
1.937153,1.284712,-0.684157
1.939491,1.280912,-0.675972
1.952353,1.26922,-0.682987
1.942415,1.266296,-0.684303
1.946215,1.269512,-0.671149
1.942122,1.259281,-0.676118
1.940661,1.262496,-0.673341
1.943584,1.247881,-0.66121
1.947384,1.245835,-0.660187
1.948261,1.23765,-0.658726
1.945338,1.249342,-0.65551
1.945045,1.246127,-0.653025
1.941538,1.240865,-0.653902
1.940953,1.241158,-0.650541
1.946215,1.239404,-0.639579
1.950599,1.232096,-0.650395
1.94563,1.229465,-0.641479
1.942707,1.232681,-0.62891
1.938907,1.224203,-0.625694
1.943876,1.223327,-0.639725
1.936568,1.220111,-0.629494
1.933061,1.214557,-0.621894
1.939784,1.217773,-0.623648
1.937445,1.211926,-0.614148
1.937445,1.206665,-0.626133
1.92283,1.199357,-0.630664
1.924291,1.201111,-0.610348
1.923707,1.197895,-0.616925
1.924583,1.198772,-0.607279
1.926045,1.192926,-0.603625
1.920491,1.200818,-0.614733
1.92283,1.193218,-0.611079
1.916399,1.182695,-0.609617
1.916106,1.188249,-0.604648
1.912306,1.178018,-0.604355
1.916106,1.177141,-0.601286
1.905583,1.180649,-0.602017
1.904122,1.177433,-0.606255
1.900614,1.17568,-0.605525
1.907337,1.175972,-0.603625
1.902368,1.18328,-0.602894
1.89886,1.173341,-0.612102
1.900029,1.175095,-0.596317
1.895645,1.172172,-0.60684
1.901491,1.172464,-0.611371
1.898275,1.174218,-0.611079
1.887752,1.166033,-0.604355
1.890968,1.172757,-0.606109
1.885998,1.171003,-0.609032
1.879275,1.170126,-0.604648
1.87606,1.165741,-0.60684
1.880152,1.165741,-0.597048
1.872844,1.170126,-0.600848
1.878398,1.171295,-0.616633
1.871967,1.163695,-0.614002
1.872552,1.161941,-0.611371
1.864659,1.161064,-0.613709
1.865536,1.169541,-0.607863
1.860275,1.166618,-0.611956
1.861444,1.157264,-0.610202
1.862029,1.171003,-0.614586
1.85589,1.173926,-0.609179
1.855598,1.172172,-0.621163
1.855013,1.175095,-0.62321
1.858229,1.181818,-0.616194
1.843321,1.176557,-0.621456
1.845367,1.178895,-0.62204
1.838644,1.177726,-0.625548
1.838644,1.180064,-0.614586
1.837767,1.180064,-0.617509
1.82549,1.184157,-0.629202
1.831044,1.189418,-0.618094
1.828413,1.183864,-0.635633
1.822274,1.184157,-0.631248
1.823443,1.18328,-0.633294
1.816136,1.182403,-0.636071
1.82052,1.189711,-0.636071
1.818182,1.194972,-0.638117
1.818182,1.187664,-0.63154
1.812336,1.188541,-0.638994
1.814089,1.194388,-0.655656
1.809412,1.203157,-0.655802
1.813797,1.198772,-0.647471
1.805028,1.195849,-0.654049
1.809997,1.203157,-0.664718
1.802397,1.203449,-0.668518
1.799474,1.206372,-0.659456
1.796551,1.211049,-0.657849
1.799182,1.219526,-0.670272
1.790997,1.218065,-0.656533
1.796258,1.217773,-0.710903
1.795966,1.216896,-0.670564
1.793335,1.217188,-0.677872
1.790704,1.224203,-0.672464
1.786612,1.229757,-0.68708
1.78632,1.224788,-0.685618
1.779012,1.234434,-0.692049
1.779304,1.232388,-0.680503
1.778427,1.237065,-0.691464
1.773458,1.239111,-0.695703
1.77375,1.246419,-0.700088
1.771412,1.243496,-0.701988
1.77112,1.244373,-0.715726
1.77375,1.255189,-0.707542
1.771412,1.256065,-0.716457
1.759135,1.251096,-0.71865
1.763812,1.259573,-0.720257
1.764396,1.270389,-0.720842
1.757966,1.26805,-0.728734
1.765858,1.273312,-0.729173
1.763227,1.276235,-0.734581
1.760304,1.275943,-0.737796
1.759719,1.277697,-0.738965
1.762643,1.273897,-0.73385
1.752996,1.290558,-0.738234
1.752412,1.294066,-0.745104
1.751827,1.298158,-0.756065
1.757089,1.29202,-0.75665
1.750365,1.293481,-0.752265
1.756796,1.303128,-0.77185
1.747442,1.299035,-0.769366
1.745688,1.308974,-0.758696
1.743642,1.308389,-0.770096
1.74715,1.313066,-0.77945
1.745981,1.314236,-0.783251
1.742765,1.320082,-0.77185
1.743642,1.327097,-0.776527
1.738381,1.327097,-0.78062
1.746858,1.329728,-0.787781
1.738088,1.32622,-0.794066
1.745688,1.335282,-0.797135
1.740427,1.334405,-0.800058
1.731073,1.336451,-0.801228
1.738965,1.343174,-0.796697
1.742473,1.351359,-0.800058
1.748319,1.354575,-0.80152
1.741888,1.355452,-0.809559
1.751535,1.363929,-0.81672
1.748612,1.36159,-0.815259
1.739842,1.360129,-0.807805
1.750658,1.368313,-0.820666
1.741596,1.379421,-0.816866
1.743058,1.381175,-0.824759
1.737504,1.377667,-0.815989
1.740719,1.378544,-0.825051
1.743058,1.383221,-0.835282
1.739842,1.389944,-0.82929
1.745104,1.391698,-0.842298
1.739258,1.399298,-0.847852
1.745688,1.391114,-0.843028
1.738673,1.393452,-0.84639
1.744519,1.398422,-0.851067
1.746273,1.399591,-0.850336
1.741596,1.398422,-0.852675
1.745688,1.410114,-0.852382
1.737211,1.412452,-0.854282
1.745688,1.413329,-0.849752
1.744811,1.41596,-0.856475
1.748027,1.413622,-0.861883
1.755042,1.415668,-0.858375
1.74715,1.416837,-0.857936
1.751535,1.420637,-0.851944
1.751827,1.42853,-0.855452
1.759135,1.425022,-0.864513
1.755335,1.426484,-0.869775
1.756504,1.433791,-0.866267
1.760889,1.435253,-0.868752
1.760596,1.438176,-0.867583
1.762935,1.428822,-0.862175
1.760304,1.430868,-0.87606
1.760889,1.445484,-0.877521
1.759135,1.444314,-0.87606
1.767904,1.443438,-0.886875
1.767027,1.449284,-0.871967
1.776673,1.451622,-0.884683
1.777258,1.457469,-0.884537
1.76995,1.455422,-0.889944
1.776966,1.455422,-0.880444
1.773458,1.458346,-0.890675
1.771996,1.458638,-0.899883
1.784274,1.464776,-0.886437
1.77872,1.465069,-0.884975
1.780181,1.460976,-0.885267
1.789828,1.466238,-0.887314
1.788951,1.46273,-0.884829
1.787197,1.464192,-0.87299
1.788074,1.466823,-0.885414
1.786904,1.465653,-0.887314
1.79392,1.46273,-0.894621
1.800351,1.467115,-0.871821
1.808535,1.465946,-0.886729
1.802105,1.46653,-0.881175
1.808243,1.475592,-0.889214
1.805905,1.463315,-0.881614
1.807659,1.467992,-0.886583
1.809412,1.463022,-0.878837
1.81292,1.464776,-0.879714
1.816136,1.470038,-0.87489
1.818766,1.465653,-0.889506
1.812628,1.470623,-0.896522
1.820813,1.463022,-0.890237
1.824613,1.463022,-0.887314
1.826367,1.46273,-0.879275
1.82812,1.451915,-0.87226
1.830167,1.457469,-0.882052
1.830751,1.456592,-0.878398
1.833382,1.458346,-0.873283
1.839813,1.454545,-0.866121
1.840398,1.455715,-0.870944
1.840982,1.458638,-0.85969
1.84069,1.445776,-0.861298
1.853844,1.448407,-0.851652
1.854136,1.448407,-0.856475
1.850628,1.447238,-0.849898
1.856475,1.439345,-0.861006
1.857352,1.436422,-0.846682
1.858229,1.438176,-0.845513
1.861736,1.440807,-0.847852
1.871675,1.437884,-0.842882
1.872844,1.433207,-0.831482
1.87489,1.424437,-0.830313
1.878983,1.426191,-0.827974
1.882783,1.425899,-0.83879
1.891552,1.418299,-0.829144
1.895937,1.422391,-0.816136
1.893306,1.413914,-0.814382
1.895352,1.412745,-0.815259
1.893014,1.407191,-0.807366
1.895937,1.405145,-0.807512
1.893598,1.397837,-0.80722
1.902952,1.406899,-0.798158
1.898568,1.392283,-0.798889
1.900906,1.384683,-0.800497
1.905583,1.386729,-0.785589
1.904706,1.381175,-0.780035
1.914937,1.382344,-0.794505
1.91406,1.382344,-0.785297
1.917568,1.376206,-0.773604
1.915814,1.370652,-0.770389
1.924583,1.362759,-0.757235
1.916399,1.363929,-0.768927
1.928383,1.365098,-0.758842
1.925753,1.356036,-0.752412
1.93043,1.349898,-0.749488
1.931891,1.355452,-0.748027
1.92926,1.352236,-0.750658
1.930722,1.345221,-0.74905
1.935399,1.338498,-0.740865
1.934814,1.335282,-0.735311
1.92663,1.337036,-0.737796
1.939784,1.33119,-0.729757
1.933353,1.326513,-0.726396
1.936276,1.31482,-0.727565
1.933353,1.312774,-0.715288
1.938614,1.342298,-0.716311
1.934522,1.311897,-0.713973
1.943584,1.300789,-0.707688
1.932476,1.300789,-0.702718
1.93803,1.299035,-0.702426
1.946215,1.299035,-0.709734
1.943584,1.285881,-0.689857
1.944168,1.280327,-0.692341
1.947384,1.282081,-0.674364
1.943291,1.278866,-0.68518
1.942707,1.277697,-0.669687
1.944753,1.273604,-0.669541
1.943876,1.26922,-0.664279
1.942122,1.270389,-0.665595
1.944168,1.263666,-0.677872
1.944461,1.266004,-0.659895
1.94183,1.25665,-0.661795
1.94563,1.242327,-0.671295
1.946507,1.248465,-0.653902
1.939784,1.246419,-0.640456
1.942415,1.244665,-0.648641
1.946215,1.239111,-0.636364
1.944461,1.228588,-0.639433
1.93803,1.238819,-0.631979
1.938907,1.232388,-0.638556
1.940953,1.228004,-0.640456
1.942707,1.220111,-0.633733
1.933645,1.216603,-0.641771
1.934814,1.215434,-0.626279
1.935984,1.21865,-0.626571
1.935691,1.210757,-0.631394
1.93423,1.209003,-0.622479
1.937445,1.20988,-0.618094
1.933937,1.211049,-0.61064
1.930137,1.199357,-0.611663
1.931014,1.194388,-0.608886
1.935984,1.194095,-0.613271
1.928676,1.19088,-0.610202
1.924583,1.183864,-0.603771
1.91786,1.186495,-0.566063
1.922537,1.188249,-0.599825
1.922245,1.179187,-0.61064
1.921368,1.190003,-0.593248
1.919906,1.184449,-0.599971
1.921076,1.185326,-0.595001
1.911722,1.188249,-0.599094
1.915522,1.179772,-0.606548
1.913768,1.181234,-0.600994
1.912891,1.182403,-0.590763
1.913476,1.176264,-0.594563
1.905875,1.180941,-0.591786
1.903537,1.180941,-0.593248
1.904999,1.172757,-0.592078
1.89886,1.171587,-0.599386
1.889214,1.17071,-0.610932
1.892721,1.170418,-0.602894
1.884244,1.167495,-0.602455
1.886291,1.165156,-0.609763
1.885706,1.16311,-0.594855
1.888337,1.165449,-0.609179
1.884829,1.171003,-0.610348
1.882783,1.160479,-0.59734
1.876937,1.167495,-0.600263
1.880444,1.162818,-0.596755
1.877229,1.162818,-0.589155
1.87489,1.164864,-0.590909
1.870798,1.171587,-0.602894
1.864659,1.165156,-0.607425
1.861444,1.168664,-0.605817
1.862029,1.166033,-0.603771
1.856767,1.171003,-0.60494
1.854429,1.165741,-0.601871
1.846828,1.165449,-0.61634
1.852675,1.178603,-0.611079
1.846536,1.173633,-0.614002
1.851505,1.169541,-0.610056
1.84069,1.172172,-0.61254
1.842151,1.173049,-0.622333
1.839228,1.173049,-0.614879
1.837182,1.17568,-0.613563
1.834844,1.18708,-0.623648
1.836597,1.181526,-0.610056
1.834844,1.18708,-0.636217
1.82549,1.184449,-0.638264
1.828705,1.185618,-0.63081
1.825782,1.184449,-0.636948
1.825197,1.193803,-0.630371
1.828705,1.194095,-0.636071
1.818766,1.197895,-0.650833
1.823151,1.199649,-0.63461
1.81672,1.197018,-0.643525
1.815551,1.197895,-0.653902
1.814674,1.212511,-0.659749
1.807074,1.20608,-0.652148
1.803566,1.21368,-0.656679
1.804443,1.208711,-0.652441
1.810289,1.209003,-0.666618
1.807659,1.216896,-0.663987
1.806197,1.218357,-0.671295
1.796551,1.210465,-0.662526
1.803859,1.217188,-0.676995
1.799182,1.228004,-0.662379
1.794505,1.230634,-0.681087
1.792751,1.228588,-0.680649
1.793628,1.230634,-0.67758
1.782812,1.230342,-0.68708
1.781058,1.235896,-0.692634
1.788951,1.232681,-0.685472
1.787489,1.242619,-0.698334
1.783981,1.242034,-0.700088
1.782812,1.248758,-0.699065
1.771996,1.250804,-0.702134
1.776381,1.247588,-0.711488
1.767027,1.250219,-0.708857
1.771996,1.253142,-0.713826
1.765858,1.266589,-0.716311
1.771996,1.263666,-0.710903
1.763812,1.263666,-0.719234
1.757673,1.268927,-0.723619
1.765858,1.266296,-0.721865
1.765858,1.270681,-0.722888
1.767904,1.285589,-0.740134
1.760889,1.28442,-0.736919
1.759135,1.283543,-0.740865
1.758842,1.290558,-0.749635
1.761766,1.289097,-0.741888
1.759135,1.294651,-0.741011
1.760596,1.300789,-0.754019
1.755335,1.297574,-0.758404
1.757673,1.304297,-0.753581
1.760889,1.307805,-0.757381
1.751827,1.305174,-0.765127
1.753873,1.310728,-0.777843
1.745396,1.316574,-0.764104
1.749781,1.312482,-0.768196
1.757966,1.316574,-0.775358
1.746565,1.321251,-0.780035
1.748904,1.324759,-0.797282
1.747735,1.328851,-0.782374
1.748319,1.334405,-0.798158
1.752996,1.335867,-0.799766
1.74715,1.340544,-0.79582
1.74335,1.348728,-0.806343
1.742181,1.349605,-0.800351
1.742765,1.355452,-0.801959
1.743935,1.356913,-0.802982
1.74715,1.363052,-0.817451
1.746858,1.359252,-0.811751
1.746858,1.361006,-0.82052
1.743935,1.368606,-0.827974
1.74335,1.365975,-0.824613
1.740719,1.373575,-0.809851
1.733996,1.374744,-0.824759
1.740719,1.376498,-0.816574
1.741888,1.386144,-0.824467
1.741304,1.390237,-0.839813
1.741596,1.387314,-0.833382
1.749196,1.389652,-0.832213
1.74715,1.390237,-0.839667
1.747442,1.399883,-0.836744
1.745396,1.401637,-0.846536
1.744227,1.405437,-0.844636
1.752119,1.406899,-0.845513
1.749781,1.408068,-0.851067
1.744811,1.408068,-0.84449
1.744227,1.415083,-0.855744
1.748027,1.418006,-0.848144
1.750365,1.418591,-0.862759
1.746565,1.41713,-0.863783
1.760304,1.422976,-0.859982
1.74715,1.422976,-0.862029
1.745981,1.427945,-0.862613
1.744519,1.425899,-0.855452
1.749196,1.430576,-0.86656
1.757381,1.437591,-0.871675
1.762643,1.426191,-0.865975
1.767027,1.437591,-0.871821
1.760889,1.431745,-0.869921
1.765858,1.441391,-0.877229
1.763812,1.443145,-0.877521
1.770535,1.44373,-0.878983
1.773166,1.45133,-0.878837
1.771996,1.449868,-0.889214
1.761181,1.457761,-0.885998
1.772873,1.460976,-0.890091
1.77492,1.451622,-0.878837
1.773166,1.459222,-0.879567
1.775797,1.457761,-0.883367
1.780474,1.456592,-0.886144
1.77872,1.460392,-0.886729
1.783104,1.42473,-0.880298
1.786904,1.458346,-0.878544
1.793043,1.459515,-0.886437
1.797135,1.465653,-0.882929
1.799766,1.463899,-0.882344
1.798597,1.46273,-0.902514
1.799474,1.451915,-0.895352
1.795966,1.459807,-0.88936
1.796843,1.465653,-0.890675
1.80532,1.467115,-0.897398
1.811751,1.465069,-0.875767
1.801228,1.461561,-0.883514
1.807074,1.456592,-0.881614
1.807366,1.460392,-0.883514
1.809997,1.486115,-0.887314
1.803566,1.505992,-0.888337
1.791581,1.528793,-0.87226
1.787197,1.535224,-0.84259
1.784858,1.540778,-0.818474
1.788074,1.517977,-0.791143
1.786612,1.506869,-0.783397
1.786027,1.5095,-0.760012
1.785443,1.496931,-0.751827
1.794505,1.497515,-0.754165
1.793335,1.502485,-0.768489
1.785735,1.496638,-0.745542
1.794797,1.484654,-0.744958
1.790704,1.473838,-0.738819
1.787197,1.473838,-0.72435
1.784858,1.471207,-0.724934
1.785151,1.472669,-0.727419
1.782812,1.468576,-0.71865
1.78252,1.463022,-0.726688
1.790412,1.459807,-0.716165
1.792166,1.465069,-0.733704
1.787489,1.460392,-0.731804
1.786612,1.453961,-0.716896
1.790412,1.452792,-0.712072
1.791581,1.448992,-0.710465
1.792458,1.453961,-0.703742
1.798305,1.458638,-0.711926
1.79012,1.457469,-0.704765
1.789243,1.445776,-0.706226
1.791581,1.458638,-0.711926
1.791581,1.453961,-0.714996
1.789243,1.453376,-0.710903
1.786612,1.45133,-0.699795
1.787197,1.447238,-0.705642
1.785151,1.452499,-0.714849
1.787781,1.447822,-0.710757
1.785735,1.44753,-0.705642
1.784274,1.444899,-0.707103
1.786612,1.448992,-0.71865
1.782812,1.442853,-0.712949
1.776966,1.452792,-0.714411
1.77492,1.446945,-0.706957
1.780474,1.452207,-0.707688
1.786612,1.446653,-0.704765
1.793043,1.451038,-0.712511
1.775212,1.456299,-0.712657
1.779012,1.449868,-0.722157
1.780766,1.447822,-0.719819
1.776966,1.452207,-0.710319
1.782227,1.448115,-0.709588
1.783689,1.449576,-0.714849
1.781935,1.445192,-0.720403
1.772289,1.443145,-0.712219
1.776089,1.448407,-0.712219
1.780474,1.457761,-0.706372
1.776673,1.453376,-0.710757
1.774043,1.448992,-0.710757
1.774043,1.448115,-0.713242
1.768489,1.44753,-0.704034
1.77755,1.452207,-0.727857
1.771412,1.450453,-0.723034
1.771996,1.452792,-0.725811
1.771412,1.457176,-0.725811
1.77112,1.456007,-0.714119
1.770243,1.445776,-0.717188
1.769658,1.454838,-0.727419
1.774627,1.450745,-0.719088
1.772873,1.458053,-0.723619
1.771996,1.454253,-0.721573
1.768781,1.453084,-0.720111
1.76615,1.453084,-0.719088
1.759719,1.457469,-0.72055
1.769366,1.460099,-0.72245
1.762058,1.464484,-0.723034
1.760889,1.422976,-0.722011
1.764981,1.460976,-0.725519
1.774043,1.460392,-0.719965
1.768196,1.460392,-0.727565
1.768781,1.467407,-0.736481
1.764104,1.465653,-0.726396
1.765858,1.462438,-0.729757
1.769073,1.466238,-0.716311
1.773458,1.463607,-0.733704
1.77375,1.472084,-0.726542
1.768489,1.468869,-0.723911
1.76615,1.460392,-0.728588
1.761766,1.469453,-0.74525
1.757966,1.466823,-0.732973
1.764981,1.467115,-0.737504
1.765566,1.465653,-0.741304
1.767319,1.470038,-0.731073
1.75475,1.467115,-0.738673
1.761473,1.4715,-0.729904
1.769073,1.478807,-0.733557
1.76615,1.477054,-0.740427
1.758842,1.474423,-0.736919
1.764104,1.481146,-0.744665
1.760304,1.476761,-0.737504
1.760596,1.479684,-0.744811
1.759135,1.480561,-0.740865
1.75855,1.477638,-0.737065
1.760596,1.482315,-0.74525
1.764689,1.474715,-0.750365
1.762643,1.485823,-0.751973
1.767904,1.4791,-0.742911
1.76235,1.480854,-0.741596
1.766735,1.487284,-0.741158
1.768196,1.487284,-0.734434
1.768196,1.486992,-0.734288
1.763227,1.48553,-0.73268
1.763812,1.487869,-0.744958
1.754458,1.486408,-0.73195
1.762058,1.485823,-0.741304
1.763812,1.478223,-0.74335
1.759427,1.480561,-0.736188
1.759427,1.482607,-0.742034
1.757381,1.4943,-0.738381
1.76235,1.4867,-0.748173
1.764104,1.496931,-0.740573
1.762935,1.493715,-0.738965
1.760596,1.4905,-0.733411
1.76235,1.487284,-0.736042
1.761473,1.489915,-0.74905
1.760596,1.482315,-0.744811
1.761181,1.484069,-0.74525
1.771996,1.490792,-0.741596
1.76235,1.486408,-0.745542
1.768781,1.48553,-0.746565
1.767027,1.4905,-0.748465
1.767904,1.4905,-0.732242
1.771996,1.488746,-0.748758
1.764396,1.492546,-0.751096
1.76615,1.492838,-0.750365
1.770535,1.486408,-0.749927
1.767904,1.491084,-0.748173
1.770535,1.485238,-0.749927
1.771704,1.483484,-0.739696
1.768489,1.4867,-0.76045
1.757673,1.484946,-0.743204
1.766443,1.488161,-0.748612
1.767612,1.487577,-0.745981
1.769658,1.488454,-0.754458
1.775212,1.483484,-0.752265
1.780181,1.490792,-0.749635
1.769073,1.483192,-0.742765
1.77375,1.488454,-0.742034
1.77375,1.483484,-0.747442
1.776381,1.491961,-0.746127
1.776966,1.489915,-0.755042
1.776381,1.487869,-0.753873
1.770243,1.483777,-0.743204
1.776381,1.486408,-0.744081
1.776966,1.483777,-0.748319
1.775504,1.484654,-0.741742
1.773458,1.484361,-0.754312
1.782227,1.484654,-0.752119
1.779012,1.489623,-0.756212
1.783104,1.485823,-0.734873
1.787489,1.482607,-0.736334
1.781935,1.480854,-0.757089
1.787489,1.478223,-0.745835
1.785151,1.485238,-0.745104
1.789535,1.484069,-0.740865
1.781935,1.488454,-0.734288
1.784274,1.485238,-0.743642
1.786904,1.482607,-0.752412
1.78632,1.482023,-0.740281
1.787781,1.4943,-0.732388
1.783981,1.472376,-0.733704
1.784566,1.483484,-0.741304
1.788074,1.47793,-0.743788
1.779304,1.483192,-0.745688
1.788074,1.481438,-0.74145
1.78252,1.4791,-0.740719
1.785735,1.475884,-0.744081
1.785151,1.482315,-0.738234
1.789535,1.4829,-0.745396
1.792166,1.4867,-0.742619
1.792458,1.473253,-0.734434
1.793043,1.474715,-0.734581
1.79392,1.490792,-0.73385
1.792751,1.478223,-0.728588
1.78632,1.482023,-0.740865
1.793628,1.485238,-0.732388
1.791581,1.483777,-0.726542
1.788658,1.4791,-0.734581
1.790997,1.483484,-0.733265
1.789243,1.479977,-0.728296
1.784858,1.473253,-0.732534
1.794797,1.466238,-0.739111
1.795089,1.4715,-0.72698
1.79012,1.465946,-0.739258
1.791289,1.467115,-0.733557
1.788951,1.464192,-0.73078
1.794797,1.475592,-0.73575
1.792458,1.469161,-0.720696
1.793628,1.4753,-0.72698
1.792458,1.470038,-0.729173
1.791289,1.470915,-0.723911
1.795966,1.468869,-0.720257
1.792751,1.465361,-0.733557
1.783981,1.4677,-0.720257
1.787197,1.464192,-0.730488
1.792166,1.468284,-0.720842
1.800643,1.473546,-0.733119
1.791289,1.465946,-0.72128
1.795381,1.472084,-0.729904
1.799182,1.473253,-0.718503
1.797135,1.464192,-0.722888
1.795674,1.469746,-0.721426
1.789243,1.469746,-0.727711
1.792458,1.464192,-0.717919
1.792751,1.462438,-0.721719
1.798305,1.466238,-0.720696
1.799474,1.466238,-0.724057
1.800058,1.4715,-0.72318
1.797428,1.45513,-0.71558
1.795966,1.460976,-0.712949
1.794212,1.460099,-0.708419
1.791581,1.457761,-0.720257
1.798889,1.4677,-0.722157
1.800351,1.460976,-0.717042
1.792166,1.463899,-0.713388
1.795966,1.460099,-0.709296
1.797135,1.464776,-0.712803
1.799766,1.463022,-0.719088
1.800643,1.461269,-0.715726
1.794505,1.457469,-0.710757
1.79012,1.460976,-0.711488
1.802982,1.459807,-0.715434
1.795674,1.455422,-0.699503
1.795674,1.488746,-0.712657
1.795674,1.457761,-0.712365
1.796843,1.456592,-0.713388
1.770243,1.457176,-0.720403
1.799182,1.456007,-0.707395
1.797135,1.460392,-0.714703
1.789535,1.457761,-0.717773
1.794505,1.453961,-0.713096
1.788366,1.450453,-0.709149
1.787489,1.453084,-0.71558
1.795089,1.453961,-0.718503
1.795381,1.456592,-0.705788
1.800935,1.455422,-0.717919
1.793628,1.44753,-0.709149
1.79392,1.448992,-0.713096
1.794212,1.454838,-0.71368
1.79012,1.456592,-0.723911
1.792166,1.458638,-0.715873
1.792458,1.463022,-0.699357
1.790997,1.452499,-0.705495
1.792166,1.457469,-0.706665
1.791874,1.453961,-0.699942
1.792166,1.450161,-0.709149
1.793043,1.453668,-0.695557
1.787489,1.452792,-0.709296
1.790997,1.456884,-0.711488
1.798012,1.457761,-0.708857
1.791874,1.450453,-0.709149
1.790412,1.457469,-0.706811
1.782812,1.454253,-0.711342
1.789243,1.453084,-0.710757
1.790704,1.448992,-0.714849
1.788074,1.452207,-0.710026
1.788074,1.451622,-0.711488
1.792166,1.451915,-0.709734
1.794797,1.456884,-0.708711
1.786027,1.456299,-0.714849
1.790704,1.454838,-0.710757
1.795089,1.455422,-0.708126
1.790704,1.463899,-0.707249
1.785443,1.461269,-0.700672
1.787781,1.460099,-0.708419
1.792751,1.456884,-0.708126
1.784858,1.452207,-0.70798
1.786612,1.455715,-0.707834
1.789535,1.454545,-0.70798
1.791581,1.454253,-0.70988
1.779304,1.448407,-0.74525
1.789828,1.45133,-0.711196
1.788366,1.44753,-0.707834
1.784858,1.441684,-0.708419
1.791289,1.441099,-0.704911
1.787781,1.448699,-0.705349
1.789243,1.45133,-0.706665
1.784566,1.452499,-0.70038
1.78632,1.456592,-0.708272
1.783104,1.451038,-0.705642
1.791581,1.448699,-0.713826
1.787781,1.448115,-0.714265
1.788366,1.454253,-0.704765
1.788366,1.451915,-0.708419
1.789535,1.449284,-0.706226
1.786027,1.448992,-0.711049
1.788658,1.450161,-0.704326
1.787197,1.451915,-0.712072
1.789243,1.451622,-0.708565
1.795381,1.452792,-0.702718
1.793043,1.453961,-0.699065
1.791581,1.452207,-0.698772
1.783981,1.459515,-0.697165
1.779597,1.442853,-0.690441
1.785735,1.454545,-0.706372
1.78632,1.447238,-0.70608
1.783689,1.448699,-0.704619
1.783104,1.448992,-0.719819
1.78252,1.449868,-0.713534
1.786612,1.451038,-0.713534
1.780181,1.460976,-0.705788
1.779304,1.449868,-0.711196
1.77492,1.456007,-0.699357
1.771704,1.453084,-0.704326
1.779889,1.452499,-0.704911
1.777843,1.45513,-0.709003
1.776673,1.45133,-0.702572
1.78252,1.456007,-0.701988
1.77112,1.454253,-0.705203
1.78252,1.456884,-0.709734
1.77872,1.445192,-0.709588
1.776966,1.449868,-0.72318
1.778135,1.447822,-0.71178
1.771412,1.451915,-0.704034
1.769658,1.450453,-0.709588
1.770535,1.452499,-0.710465
1.778427,1.450745,-0.714411
1.767027,1.452207,-0.713826
1.770827,1.451622,-0.710757
1.774043,1.455422,-0.721134
1.770243,1.452499,-0.713096
1.764981,1.459222,-0.710465
1.770535,1.457469,-0.715288
1.762935,1.451622,-0.719088
1.772873,1.461853,-0.713242
1.760889,1.461269,-0.723473
1.769658,1.457176,-0.716311
1.760304,1.464192,-0.713534
1.762935,1.455715,-0.734581
1.76235,1.467407,-0.727711
1.758258,1.465653,-0.719088
1.757089,1.456592,-0.731804
1.760889,1.462146,-0.730634
1.76615,1.463607,-0.731804
1.766443,1.463022,-0.715142
1.756796,1.461853,-0.719819
1.764981,1.467115,-0.72318
1.760012,1.4677,-0.722742
1.762643,1.463022,-0.727711
1.761181,1.466238,-0.722596
1.755627,1.467407,-0.722742
1.752412,1.464192,-0.722157
1.761181,1.47033,-0.718065
1.760012,1.468284,-0.723765
1.757966,1.473253,-0.729904
1.759719,1.470915,-0.725811
1.762935,1.478515,-0.721573
1.753289,1.470623,-0.72128
1.759719,1.470915,-0.738381
1.757673,1.472084,-0.73955
1.75855,1.47413,-0.727127
1.760596,1.4791,-0.728296
1.756504,1.475884,-0.742034
1.762058,1.478807,-0.736188
1.750658,1.479684,-0.741888
1.753581,1.488746,-0.736627
1.764104,1.482023,-0.72815
1.794797,1.477346,-0.729757
1.763812,1.475884,-0.73195
1.766735,1.482315,-0.736627
1.760596,1.475007,-0.741158
1.764396,1.482315,-0.745981
1.757381,1.482315,-0.744373
1.756796,1.482023,-0.731219
1.776089,1.485238,-0.752996
1.767904,1.4829,-0.741304
1.760012,1.486115,-0.741304
1.756212,1.4829,-0.742473
1.751827,1.481438,-0.741742
1.771412,1.489623,-0.740134
1.764981,1.496931,-0.746858
1.765566,1.490792,-0.741742
1.762058,1.490208,-0.745835
1.756796,1.489038,-0.748758
1.765273,1.494008,-0.746711
1.770535,1.484654,-0.744081
1.768781,1.486115,-0.745981
1.764981,1.486992,-0.749927
1.761181,1.482315,-0.747004
1.771996,1.489623,-0.74145
1.767904,1.491084,-0.755189
1.770827,1.484361,-0.759281
1.770535,1.4867,-0.751681
1.763227,1.484361,-0.761181
1.763227,1.484654,-0.75855
1.769658,1.486408,-0.761473
1.767319,1.490208,-0.757381
1.77112,1.484361,-0.750658
1.767904,1.499854,-0.751096
1.770535,1.488746,-0.754312
1.767904,1.494592,-0.755773
1.768489,1.488454,-0.750365
1.771996,1.484361,-0.750804
1.77375,1.486408,-0.748758
1.773166,1.500438,-0.75665
1.779012,1.494008,-0.753289
1.771996,1.492254,-0.755627
1.774335,1.493131,-0.753727
1.771412,1.48553,-0.75095
1.772581,1.490792,-0.763666
1.769366,1.488746,-0.752704
1.769073,1.48553,-0.757819
1.77492,1.490208,-0.750365
1.776089,1.473838,-0.755335
1.775504,1.481146,-0.762058
1.772873,1.486992,-0.759719
1.773166,1.483777,-0.746565
1.764981,1.48553,-0.755335
1.77872,1.48553,-0.753142
1.776089,1.478807,-0.743204
1.769658,1.480854,-0.752119
1.76995,1.486115,-0.745396
1.775504,1.489915,-0.753142
1.783104,1.487577,-0.750512
1.78135,1.484361,-0.751827
1.78252,1.485823,-0.756065
1.79012,1.48553,-0.748904
1.779597,1.489623,-0.742034
1.785443,1.4867,-0.742327
1.787489,1.493423,-0.748758
1.784566,1.488454,-0.749927
1.783397,1.482607,-0.738234
1.784274,1.481438,-0.736627
1.781935,1.4867,-0.738088
1.780474,1.483777,-0.738527
1.78632,1.486115,-0.749342
1.78252,1.488746,-0.747735
1.783104,1.480561,-0.745981
1.789535,1.488161,-0.74905
1.781935,1.4829,-0.724934
1.777843,1.487869,-0.742327
1.786904,1.483777,-0.747735
1.780181,1.487577,-0.732973
1.788366,1.487577,-0.740281
1.788366,1.487577,-0.73765
1.785735,1.481438,-0.740865
1.775504,1.475884,-0.739988
1.781058,1.47793,-0.739696
1.790704,1.477346,-0.740427
1.782812,1.47793,-0.739404
1.785443,1.4829,-0.738965
1.783981,1.469746,-0.733557
1.779597,1.476761,-0.746127
1.780181,1.474423,-0.744958
1.785735,1.479684,-0.739842
1.787197,1.478223,-0.747004
1.783397,1.471792,-0.746127
1.788658,1.469161,-0.739111
1.776673,1.466823,-0.735165
1.78632,1.466238,-0.727419
1.783981,1.472669,-0.73575
1.789828,1.466823,-0.737942
1.791874,1.460976,-0.734434
1.788074,1.46653,-0.741888
1.789828,1.465361,-0.726688
1.783689,1.4677,-0.731511
1.787781,1.462146,-0.731073
1.787781,1.463607,-0.724496
1.793043,1.480269,-0.742327
1.789243,1.4715,-0.727419
1.791581,1.465946,-0.729611
1.788366,1.467407,-0.718357
1.789535,1.467407,-0.731511
1.787197,1.457176,-0.723034
1.789828,1.455422,-0.723327
1.787489,1.463607,-0.725227
1.789243,1.462146,-0.722303
1.788658,1.459222,-0.72815
1.782227,1.460099,-0.717626
1.791874,1.468576,-0.729757
1.795674,1.455715,-0.735165
1.788366,1.460099,-0.727273
1.785443,1.457761,-0.729319
1.787489,1.460392,-0.717334
1.783981,1.451622,-0.710026
1.787489,1.473546,-0.715434
1.791874,1.465361,-0.722742
1.790704,1.459807,-0.717334
1.794212,1.467407,-0.725665
1.796843,1.463315,-0.727711
1.786027,1.461853,-0.725811
1.792166,1.464484,-0.727419
1.784274,1.458346,-0.722011
1.786027,1.457469,-0.717773
1.789535,1.464776,-0.722157
1.783689,1.459222,-0.714265
1.788951,1.454545,-0.72318
1.783397,1.452207,-0.712949
1.786027,1.465069,-0.719234
1.785443,1.461561,-0.716749
1.785151,1.458053,-0.713973
1.788951,1.455715,-0.706957
1.784858,1.45513,-0.718211
1.790704,1.458346,-0.707249
1.79012,1.452207,-0.710611
1.789828,1.456299,-0.71938
1.783689,1.461561,-0.717919
1.790412,1.462146,-0.715726
1.794212,1.456007,-0.710465
1.791289,1.461561,-0.71558
1.789243,1.451622,-0.71368
1.785735,1.453376,-0.715726
1.789828,1.45133,-0.725665
1.793043,1.456884,-0.709296
1.788366,1.459222,-0.715288
1.791289,1.461853,-0.710026
1.793335,1.452499,-0.718357
1.784858,1.450453,-0.706665
1.786612,1.453668,-0.717042
1.785151,1.452499,-0.709296
1.788074,1.450453,-0.713973
1.786612,1.45513,-0.711049
1.78632,1.451038,-0.716457
1.779889,1.457176,-0.704619
1.781643,1.457469,-0.710903
1.783104,1.460684,-0.708126
1.779012,1.456007,-0.720257
1.783981,1.459222,-0.710903
1.782812,1.476469,-0.733119
1.776966,1.501315,-0.743496
1.774335,1.52587,-0.800789
1.78135,1.543116,-0.822128
1.790412,1.540778,-0.847267
1.799182,1.524116,-0.86159
1.808243,1.496931,-0.879129
1.832797,1.465361,-0.862613
1.836305,1.427068,-0.863052
1.856767,1.384683,-0.844928
1.860859,1.349898,-0.833528
1.85969,1.319205,-0.82169
1.87109,1.296112,-0.803274
1.877813,1.290266,-0.805028
1.88366,1.282666,-0.78442
1.881321,1.266589,-0.788804
1.886583,1.251388,-0.774627
1.881906,1.245835,-0.783981
1.882198,1.237942,-0.759281
1.877521,1.232388,-0.765566
1.888921,1.227711,-0.754312
1.885706,1.227711,-0.768489
1.883367,1.22508,-0.75095
1.880737,1.220111,-0.760596
1.882198,1.224203,-0.751242
1.878398,1.22245,-0.746127
1.887167,1.219819,-0.742619
1.880737,1.219819,-0.739404
1.882491,1.217773,-0.756942
1.881614,1.209003,-0.746565
1.877813,1.212803,-0.749781
1.875475,1.213973,-0.749781
1.875475,1.212511,-0.744519
1.881321,1.214557,-0.747296
1.880444,1.209588,-0.743204
1.876644,1.212219,-0.743496
1.880152,1.213096,-0.745688
1.880444,1.212219,-0.744519
1.883367,1.213973,-0.745396
1.878106,1.203157,-0.740281
1.875475,1.207542,-0.741596
1.88366,1.211634,-0.733265
1.883075,1.207249,-0.738381
1.885706,1.216019,-0.751242
1.882783,1.216896,-0.740865
1.885121,1.206957,-0.744081
1.87986,1.200818,-0.748758
1.879275,1.203157,-0.742911
1.875767,1.200526,-0.753289
1.873721,1.208419,-0.738965
1.88366,1.203449,-0.742473
1.875767,1.205203,-0.754019
1.881906,1.207542,-0.751242
1.873429,1.20988,-0.750073
1.874306,1.207249,-0.748027
1.883367,1.209296,-0.752119
1.876644,1.205495,-0.749781
1.878983,1.206665,-0.738381
1.882783,1.192049,-0.740719
1.878983,1.197895,-0.753435
1.873721,1.202572,-0.75095
1.882198,1.215726,-0.757381
1.87489,1.195557,-0.753727
1.871675,1.199649,-0.751242
1.87489,1.209588,-0.748173
1.87489,1.208126,-0.743642
1.877229,1.209588,-0.742473
1.881614,1.204911,-0.755627
1.87606,1.207249,-0.738673
1.877229,1.205788,-0.740427
1.874598,1.211926,-0.743788
1.877813,1.205203,-0.742181
1.878398,1.204034,-0.743204
1.885706,1.209588,-0.753435
1.878398,1.211049,-0.747004
1.876352,1.202865,-0.748319
1.885706,1.206957,-0.747442
1.880737,1.211634,-0.750073
1.87606,1.204326,-0.751827
1.882491,1.211342,-0.753727
1.875183,1.211926,-0.76045
1.875183,1.209588,-0.746419
1.879567,1.206957,-0.752265
1.876644,1.209296,-0.763081
1.876937,1.211634,-0.746711
1.882198,1.207834,-0.741596
1.880444,1.216019,-0.75665
1.881614,1.216019,-0.756796
1.878983,1.20608,-0.739258
1.877521,1.198772,-0.750512
1.87869,1.207249,-0.757673
1.87489,1.210172,-0.751096
1.874013,1.211926,-0.747442
1.880737,1.207249,-0.741158
1.882491,1.201403,-0.746711
1.881906,1.20988,-0.76235
1.879567,1.205495,-0.736334
1.881906,1.207249,-0.748027
1.884244,1.203449,-0.742327
1.888044,1.218065,-0.741158
1.877521,1.215726,-0.758258
1.884244,1.207542,-0.741304
1.881029,1.209588,-0.757235
1.889214,1.211342,-0.737942
1.882783,1.203157,-0.744519
1.881029,1.212803,-0.739842
1.882198,1.215726,-0.75475
1.886291,1.211342,-0.751096
1.883952,1.212803,-0.751096
1.878398,1.216019,-0.740134
1.880152,1.212511,-0.755042
1.882491,1.208419,-0.746711
1.882491,1.210465,-0.746858
1.876352,1.211926,-0.747442
1.875475,1.212511,-0.746565
1.871967,1.208419,-0.753142
1.881321,1.206957,-0.744811
1.880737,1.210172,-0.738673
1.875767,1.204619,-0.748027
1.878983,1.210465,-0.748173
1.875475,1.21368,-0.739988
1.880444,1.211634,-0.753142
1.87489,1.213096,-0.748027
1.875475,1.209588,-0.748319
1.878983,1.210172,-0.753289
1.879567,1.204034,-0.742034
1.880737,1.207834,-0.738965
1.881321,1.213388,-0.742327
1.878106,1.212219,-0.744665
1.88366,1.210172,-0.745688
1.876352,1.208711,-0.74145
1.882783,1.210172,-0.760889
1.879567,1.216019,-0.749927
1.880737,1.210757,-0.713534
1.877521,1.208419,-0.739696
1.874306,1.213973,-0.737796
1.876644,1.207249,-0.743058
1.878106,1.206665,-0.738234
1.877229,1.210465,-0.743642
1.876352,1.206957,-0.740427
1.87869,1.224496,-0.74525
1.881906,1.216311,-0.747881
1.881321,1.210172,-0.739258
1.874306,1.211342,-0.744665
1.876644,1.213973,-0.749781
1.884244,1.211049,-0.752996
1.881029,1.211049,-0.733557
1.875183,1.199649,-0.746711
1.87606,1.211634,-0.737357
1.877229,1.211634,-0.744958
1.880152,1.215434,-0.741596
1.876937,1.207249,-0.747735
1.877813,1.208126,-0.750804
1.882198,1.207834,-0.754312
1.882491,1.210172,-0.747296
1.87489,1.208419,-0.737796
1.874306,1.210757,-0.746858
1.877229,1.20988,-0.742181
1.873137,1.20988,-0.754896
1.881906,1.213973,-0.738527
1.880152,1.208711,-0.751681
1.880152,1.205495,-0.745542
1.879567,1.212511,-0.744958
1.873721,1.213096,-0.742619
1.876644,1.212511,-0.73765
1.878983,1.211342,-0.735604
1.873429,1.214265,-0.740134
1.879275,1.210757,-0.748612
1.868167,1.20608,-0.739258
1.874598,1.208419,-0.738819
1.877229,1.215726,-0.75095
1.880444,1.211926,-0.749196
1.875767,1.218357,-0.753142
1.875767,1.218942,-0.735165
1.87869,1.212511,-0.742181
1.874306,1.214849,-0.744665
1.875767,1.212219,-0.738088
1.873429,1.218357,-0.734142
1.871967,1.213388,-0.744373
1.875475,1.216311,-0.744958
1.904414,1.214265,-0.749342
1.875475,1.217188,-0.745835
1.875183,1.218357,-0.741596
1.871967,1.220111,-0.747881
1.875767,1.215142,-0.734581
1.876937,1.21748,-0.735165
1.877813,1.208711,-0.746858
1.880444,1.210465,-0.734142
1.875475,1.217188,-0.738673
1.881029,1.216019,-0.732534
1.874598,1.216896,-0.743642
1.873429,1.204326,-0.743204
1.880152,1.211926,-0.744958
1.875475,1.216019,-0.74525
1.877813,1.212511,-0.739111
1.878983,1.20988,-0.75475
1.875767,1.21865,-0.748465
1.87109,1.206665,-0.735896
1.879275,1.214557,-0.745396
1.878983,1.210757,-0.748465
1.874598,1.211634,-0.756796
1.878398,1.211926,-0.749781
1.881614,1.215434,-0.742619
1.87869,1.212803,-0.73195
1.874598,1.211634,-0.753873
1.87869,1.21368,-0.73195
1.875767,1.208711,-0.741596
1.879567,1.20988,-0.740134
1.878983,1.209003,-0.743788
1.877521,1.204911,-0.746565
1.877229,1.211926,-0.750073
1.875475,1.213973,-0.750365
1.882491,1.216019,-0.741158
1.876352,1.213973,-0.75285
1.876644,1.212803,-0.752996
1.878106,1.211342,-0.734727
1.880152,1.202572,-0.722157
1.877813,1.211049,-0.746419
1.880737,1.206372,-0.744811
1.869629,1.211342,-0.753289
1.878106,1.211634,-0.753289
1.876352,1.213973,-0.749196
1.882783,1.207542,-0.747296
1.87606,1.213388,-0.756358
1.873721,1.209003,-0.742327
1.884244,1.208419,-0.744227
1.878983,1.208419,-0.744227
1.872844,1.204911,-0.748612
1.877229,1.199942,-0.743935
1.871383,1.205495,-0.744081
1.880444,1.205788,-0.743058
1.874598,1.209296,-0.745396
1.877813,1.206372,-0.733557
1.885121,1.203742,-0.746711
1.884244,1.210757,-0.740865
1.876352,1.215142,-0.739258
1.886291,1.221573,-0.742911
1.873137,1.210172,-0.739988
1.879567,1.204034,-0.75285
1.885121,1.206957,-0.738965
1.882491,1.206665,-0.746419
1.882491,1.21368,-0.748027
1.89126,1.206372,-0.74335
1.881321,1.209296,-0.749781
1.882491,1.209003,-0.746419
1.884537,1.21368,-0.745688
1.884244,1.208711,-0.75095
1.880152,1.207542,-0.739988
1.876352,1.212803,-0.745688
1.878106,1.211049,-0.747442
1.87986,1.211926,-0.758696
1.881321,1.209296,-0.744665
1.888337,1.210465,-0.746127
1.878398,1.212219,-0.742034
1.881029,1.206665,-0.753289
1.876644,1.204911,-0.740134
1.878106,1.209003,-0.744958
1.881906,1.205203,-0.753727
1.883952,1.208419,-0.756504
1.884829,1.200234,-0.759281
1.881614,1.201403,-0.740573
1.878983,1.209003,-0.754165
1.887167,1.206665,-0.753727
1.87606,1.201111,-0.761327
1.880444,1.207542,-0.748027
1.881906,1.204034,-0.752704
1.881906,1.206372,-0.755335
1.882491,1.205495,-0.766296
1.887167,1.209003,-0.756212
1.887167,1.203742,-0.751096
1.885706,1.196726,-0.750073
1.878398,1.196434,-0.764396
1.87869,1.202865,-0.755773
1.886875,1.211634,-0.761766
1.879567,1.201695,-0.754019
1.88366,1.213388,-0.754165
1.876352,1.207834,-0.752558
1.887752,1.204911,-0.755042
1.881906,1.20608,-0.755042
1.882783,1.208126,-0.758696
1.884244,1.202865,-0.747004
1.885706,1.201695,-0.754458
1.888629,1.203742,-0.759135
1.880152,1.204911,-0.758112
1.877521,1.204911,-0.762204
1.874306,1.204034,-0.750365
1.876937,1.201403,-0.751973
1.882783,1.199649,-0.760889
1.882491,1.201695,-0.746419
1.87869,1.206957,-0.744958
1.87869,1.207249,-0.745396
1.885121,1.205203,-0.755773
1.87986,1.198772,-0.756796
1.881321,1.201403,-0.748319
1.873721,1.207542,-0.761473
1.881906,1.20228,-0.763081
1.877229,1.204619,-0.75095
1.880444,1.204911,-0.759135
1.87986,1.206372,-0.751827
1.882783,1.203449,-0.745981
1.874013,1.204034,-0.744811
1.880152,1.204911,-0.755481
1.882198,1.20608,-0.753142
1.87986,1.20988,-0.748465
1.87986,1.200526,-0.750804
1.87606,1.202865,-0.75475
1.882198,1.205788,-0.748465
1.88366,1.206957,-0.745396
1.878106,1.210172,-0.747588
1.880152,1.207542,-0.75665
1.877229,1.214265,-0.742034
1.882783,1.211634,-0.751535
1.878983,1.206957,-0.756796
1.877229,1.20228,-0.751096
1.875475,1.207542,-0.752265
1.880152,1.209588,-0.748319
1.883075,1.213388,-0.754019
1.87869,1.211634,-0.744227
1.879567,1.205203,-0.750658
1.872844,1.201988,-0.748319
1.882198,1.199065,-0.744227
1.885998,1.210465,-0.744081
1.881614,1.205203,-0.753581
1.880737,1.208126,-0.753727
1.878106,1.20988,-0.751242
1.888629,1.209296,-0.750512
1.875183,1.205203,-0.753289
1.878106,1.211049,-0.749927
1.878398,1.209003,-0.749488
1.878983,1.20988,-0.750512
1.879567,1.210465,-0.764104
1.880152,1.210172,-0.755189
1.881029,1.206957,-0.750658
1.874598,1.21368,-0.751388
1.881906,1.216311,-0.753727
1.877521,1.206665,-0.753289
1.885998,1.20988,-0.760596
1.881614,1.209588,-0.751535
1.881321,1.215142,-0.747004
1.882491,1.214557,-0.757527
1.880444,1.207542,-0.748612
1.876644,1.219234,-0.740573
1.878983,1.212219,-0.746127
1.877813,1.210465,-0.741304
1.875475,1.206372,-0.749196
1.884537,1.213388,-0.757089
1.881614,1.210172,-0.753727
1.882783,1.20988,-0.759866
1.886875,1.20988,-0.748612
1.881614,1.206665,-0.746127
1.878983,1.206665,-0.749635
1.882491,1.211926,-0.74905
1.883075,1.212511,-0.754165
1.87606,1.207834,-0.755335
1.878106,1.20988,-0.753581
1.877229,1.215434,-0.762935
1.877229,1.216896,-0.759281
1.881321,1.216896,-0.751242
1.876352,1.207249,-0.751827
1.886583,1.213973,-0.752996
1.888629,1.21865,-0.740719
1.883367,1.219526,-0.760012
1.888921,1.215434,-0.750073
1.88366,1.223911,-0.744665
1.877521,1.212511,-0.758258
1.875183,1.212219,-0.74525
1.885706,1.214265,-0.749342
1.890383,1.210465,-0.742327
1.878983,1.213388,-0.753581
1.887752,1.216896,-0.741742
1.887752,1.211634,-0.751973
1.885121,1.208126,-0.744811
1.884244,1.215726,-0.749488
1.884829,1.20988,-0.744081
1.88746,1.209003,-0.743496
1.881321,1.214557,-0.749488
1.877813,1.211049,-0.74905
1.881906,1.204034,-0.733119
1.876937,1.208126,-0.733704
1.882198,1.208126,-0.748465
1.877229,1.213096,-0.733119
1.882783,1.218357,-0.742034
1.877813,1.212219,-0.744373
1.872844,1.211634,-0.747442
1.880444,1.20988,-0.74905
1.882491,1.208419,-0.747296
1.885998,1.205495,-0.733411
1.883952,1.209296,-0.734288
1.884244,1.207249,-0.730634
1.882783,1.201988,-0.740865
1.878983,1.20608,-0.758112
1.875183,1.206665,-0.747442
1.885121,1.216019,-0.746127
1.883367,1.209003,-0.752265
1.877521,1.208419,-0.745396
1.87489,1.212511,-0.734142
1.873721,1.211926,-0.743642
1.884537,1.207834,-0.74145
1.877813,1.214849,-0.741596
1.872552,1.210757,-0.739696
1.885414,1.210757,-0.743788
1.87986,1.216896,-0.74525
1.878106,1.217188,-0.737504
1.871383,1.214265,-0.74145
1.871675,1.214557,-0.737357
1.87109,1.21368,-0.73575
1.872844,1.212803,-0.744958
1.875475,1.214557,-0.746273
1.876644,1.213388,-0.741888
1.882198,1.209003,-0.74145
1.87606,1.214265,-0.744081
1.871675,1.214557,-0.737065
1.882198,1.215142,-0.748319
1.88366,1.217773,-0.734581
1.87489,1.209588,-0.746127
1.873721,1.215434,-0.745835
1.887752,1.221573,-0.751388
1.881029,1.213973,-0.746565
1.877521,1.211926,-0.739111
1.876937,1.210172,-0.743788
1.873721,1.213973,-0.746565
1.877521,1.215434,-0.758696
1.875183,1.215726,-0.744373
1.876937,1.208711,-0.748027
1.879567,1.213388,-0.756504
1.876937,1.213096,-0.750658
1.885121,1.20988,-0.753727
1.881906,1.217773,-0.747296
1.87606,1.216311,-0.737796
1.87986,1.221865,-0.752265
1.87986,1.21368,-0.744958
1.881614,1.220403,-0.749927
1.877229,1.220988,-0.754458
1.87986,1.215726,-0.778866
1.881321,1.220111,-0.783689
1.875475,1.221573,-0.751535
1.877521,1.216603,-0.742911
1.873721,1.216311,-0.754019
1.878106,1.219526,-0.736334
1.87606,1.217773,-0.753435
1.87869,1.215726,-0.74905
1.879275,1.221573,-0.744373
1.875475,1.21368,-0.745835
1.875183,1.216896,-0.748904
1.87606,1.21368,-0.757381
1.875767,1.212511,-0.751827
1.868459,1.221573,-0.753435
1.869044,1.223034,-0.738965
1.875767,1.216896,-0.754165
1.874013,1.212219,-0.742911
1.874306,1.214557,-0.741596
1.885998,1.213096,-0.740427
1.871967,1.209296,-0.740573
1.877813,1.21865,-0.737065
1.878398,1.216896,-0.75475
1.876352,1.217188,-0.747588
1.882783,1.220403,-0.756796
1.874013,1.21865,-0.755773
1.882491,1.220988,-0.747296
1.875475,1.21865,-0.752558
1.875183,1.212511,-0.753873
1.875183,1.21748,-0.745688
1.871967,1.213096,-0.746858
1.871675,1.213096,-0.760012
1.870213,1.214557,-0.753727
1.871675,1.220696,-0.754019
1.875767,1.226542,-0.747442
1.873721,1.224203,-0.757235
1.87226,1.218065,-0.740573
1.871967,1.214849,-0.748612
1.871967,1.217773,-0.737357
1.873137,1.223911,-0.747296
1.877229,1.223034,-0.74335
1.881321,1.216311,-0.740573
1.871383,1.226542,-0.74905
1.879567,1.21748,-0.757381
1.87489,1.220403,-0.752996
1.882783,1.216603,-0.738527
1.87489,1.219526,-0.744227
1.880444,1.220403,-0.747442
1.879275,1.218065,-0.75665
1.871383,1.218065,-0.747881
1.873137,1.213388,-0.75475
1.875475,1.216019,-0.751388
1.875475,1.215726,-0.745542
1.876937,1.220696,-0.748612
1.869336,1.221865,-0.749781
1.872844,1.22245,-0.758842
1.881321,1.223034,-0.751973
1.87226,1.219526,-0.748612
1.87606,1.216896,-0.754165
1.878106,1.211634,-0.74905
1.878983,1.212511,-0.749927
1.883075,1.222157,-0.74525
1.876352,1.221573,-0.743642
1.878106,1.218357,-0.751973
1.877229,1.215142,-0.734727
1.880152,1.222742,-0.755189
1.878106,1.215434,-0.75095
1.876937,1.210465,-0.751388
1.881906,1.217773,-0.756358
1.880152,1.21368,-0.760742
1.872844,1.210172,-0.747735
1.875767,1.21368,-0.756065
1.876352,1.21748,-0.747442
1.879275,1.216019,-0.758696
1.878398,1.213973,-0.753435
1.878398,1.219819,-0.758696
1.876937,1.217188,-0.757527
1.880152,1.225665,-0.752412
1.87986,1.216019,-0.749635
1.877229,1.217773,-0.785297
1.880444,1.218065,-0.743935
1.881614,1.210757,-0.746565
1.875475,1.21368,-0.752412
1.879567,1.210757,-0.763958
1.883367,1.21368,-0.760012
1.880737,1.212511,-0.752704
1.875475,1.210757,-0.742911
1.882783,1.214557,-0.74145
1.871675,1.216311,-0.75095
1.874598,1.214849,-0.747442
1.881906,1.21368,-0.745981
1.882491,1.213388,-0.753581
1.882491,1.214265,-0.758842
1.881906,1.219234,-0.751973
1.878983,1.223619,-0.762789
1.867583,1.246711,-0.778135
1.871967,1.291435,-0.812628
1.855305,1.341128,-0.828413
1.845951,1.393452,-0.862467
1.836013,1.446653,-0.875767
1.823443,1.48553,-0.878398
1.812043,1.515054,-0.849459
1.798597,1.526454,-0.841421
1.800351,1.532008,-0.830167
1.795674,1.531716,-0.813359
1.790412,1.528208,-0.789243
1.785443,1.503946,-0.757819
1.787781,1.474715,-0.732973
1.785735,1.445484,-0.698334
1.790412,1.403683,-0.680064
1.789828,1.372698,-0.655072
1.792166,1.347559,-0.654633
1.781058,1.316574,-0.639871
1.788951,1.306928,-0.654195
1.788074,1.300497,-0.646595
1.781643,1.292312,-0.646741
1.788951,1.27682,-0.645425
1.785151,1.266881,-0.601871
1.787489,1.252265,-0.646302
1.782227,1.256065,-0.663987
1.790704,1.258989,-0.644402
1.783981,1.258404,-0.646302
1.782812,1.248465,-0.650833
1.779597,1.250512,-0.648495
1.779012,1.250219,-0.64221
1.77755,1.253727,-0.666326
1.774627,1.263373,-0.667203
1.776089,1.258989,-0.674218
1.766443,1.268343,-0.673633
1.762643,1.263666,-0.673195
1.771996,1.26425,-0.67568
1.764981,1.274189,-0.688103
1.77112,1.268927,-0.688541
1.764689,1.272143,-0.687664
1.761473,1.286174,-0.699503
1.760596,1.285589,-0.69658
1.758842,1.28822,-0.707834
1.761181,1.287343,-0.713534
1.757381,1.289097,-0.70988
1.75475,1.295235,-0.716457
1.755627,1.289974,-0.71558
1.752412,1.297866,-0.725519
1.745981,1.296989,-0.724788
1.745104,1.300205,-0.725811
1.742765,1.309851,-0.72128
1.735165,1.316866,-0.726396
1.742181,1.313651,-0.731511
1.742181,1.318036,-0.73195
1.741596,1.319205,-0.735457
1.736919,1.320082,-0.75285
1.744519,1.324174,-0.750658
1.736919,1.328267,-0.741888
1.735457,1.33119,-0.749927
1.732242,1.333236,-0.763666
1.729319,1.334113,-0.761035
1.722888,1.344344,-0.767904
1.730488,1.349898,-0.774481
1.721719,1.347852,-0.774627
1.732242,1.35779,-0.778427
1.716457,1.358375,-0.780035
1.718503,1.363344,-0.773458
1.717919,1.359544,-0.779158
1.719088,1.368021,-0.793335
1.717626,1.371821,-0.765127
1.719965,1.382929,-0.796989
1.715288,1.386729,-0.789974
1.721426,1.390237,-0.801374
1.718796,1.384098,-0.805466
1.72055,1.396083,-0.807074
1.71558,1.392575,-0.822274
1.725227,1.396668,-0.821982
1.716457,1.404268,-0.819351
1.719088,1.401929,-0.823005
1.713826,1.408652,-0.824174
1.714703,1.41713,-0.824759
1.712657,1.422683,-0.842444
1.710319,1.415668,-0.839959
1.718211,1.427945,-0.849752
1.72435,1.429407,-0.841859
1.721426,1.42853,-0.844782
1.720842,1.434084,-0.839813
1.717042,1.441976,-0.854867
1.71938,1.448407,-0.844198
1.731657,1.445776,-0.846682
1.728734,1.450161,-0.857644
1.724934,1.454253,-0.857936
1.734581,1.45513,-0.856621
1.73078,1.452792,-0.863198
1.732534,1.458346,-0.862759
1.729904,1.463607,-0.866413
1.736334,1.45893,-0.869483
1.733411,1.468869,-0.863198
1.736042,1.472961,-0.87796
1.740719,1.48173,-0.871821
1.74335,1.468576,-0.870652
1.744811,1.475884,-0.870506
1.749781,1.486408,-0.884244
1.753581,1.483484,-0.884537
1.751535,1.481146,-0.887168
1.747442,1.491377,-0.87416
1.762643,1.485823,-0.890675
1.748027,1.492546,-0.876498
1.756504,1.488161,-0.888775
1.757673,1.496054,-0.886583
1.757966,1.494884,-0.890968
1.757673,1.495177,-0.893891
1.764981,1.499562,-0.920199
1.767904,1.497808,-0.889214
1.767904,1.502485,-0.884391
1.768489,1.464776,-0.88556
1.77492,1.493423,-0.883367
1.77112,1.507746,-0.882929
1.77375,1.506285,-0.890237
1.776089,1.5019,-0.87796
1.777258,1.508039,-0.878398
1.779012,1.504531,-0.882052
1.789535,1.503362,-0.878544
1.781643,1.502777,-0.874598
1.78252,1.497808,-0.874598
1.787197,1.507162,-0.888629
1.795089,1.504823,-0.869629
1.79012,1.497223,-0.879275
1.791581,1.499854,-0.885706
1.797428,1.495469,-0.876937
1.794212,1.508331,-0.875037
1.800058,1.502777,-0.874744
1.801812,1.502192,-0.877375
1.80912,1.504238,-0.866852
1.807074,1.499854,-0.875475
1.812628,1.504823,-0.869921
1.81672,1.495762,-0.87489
1.826367,1.497808,-0.87679
1.814674,1.494592,-0.860567
1.820813,1.488746,-0.863198
1.821105,1.497808,-0.861736
1.826951,1.491961,-0.864659
1.826951,1.493131,-0.856767
1.827536,1.490208,-0.846536
1.831628,1.490792,-0.858375
1.842151,1.484654,-0.852821
1.839228,1.4943,-0.847559
1.840982,1.493715,-0.838936
1.847998,1.486408,-0.846682
1.852967,1.485238,-0.845951
1.846536,1.479392,-0.84449
1.853552,1.476177,-0.847413
1.859105,1.477638,-0.838059
1.85969,1.468576,-0.842151
1.857352,1.467115,-0.832067
1.858813,1.466238,-0.826951
1.862321,1.472669,-0.822859
1.858521,1.465653,-0.83119
1.866413,1.494592,-0.814674
1.871675,1.454545,-0.819936
1.864952,1.454545,-0.811166
1.873429,1.453668,-0.810728
1.869336,1.453668,-0.799035
1.875183,1.44753,-0.804589
1.87869,1.44753,-0.80722
1.87986,1.452207,-0.799912
1.884244,1.448407,-0.785589
1.884829,1.442561,-0.798305
1.892721,1.443145,-0.783543
1.892721,1.43613,-0.788951
1.893891,1.437591,-0.780474
1.894768,1.433791,-0.786174
1.892137,1.426191,-0.780766
1.89886,1.425606,-0.788074
1.894475,1.42736,-0.772727
1.895645,1.414499,-0.774773
1.897983,1.413329,-0.765273
1.899445,1.403391,-0.768489
1.893891,1.401637,-0.764689
1.904414,1.403098,-0.752119
1.903537,1.397545,-0.747881
1.893598,1.389652,-0.75095
1.903537,1.39316,-0.749196
1.906752,1.389652,-0.741011
1.906752,1.38556,-0.748612
1.906752,1.386437,-0.741011
1.911137,1.381467,-0.72508
1.910553,1.379421,-0.73955
1.918737,1.37299,-0.722011
1.914937,1.372698,-0.727711
1.916983,1.36539,-0.723327
1.916691,1.367436,-0.719673
1.920199,1.362175,-0.717773
1.918153,1.357498,-0.717626
1.919614,1.357206,-0.697895
1.923414,1.358375,-0.703888
1.918153,1.354282,-0.699211
1.927214,1.351067,-0.705788
1.92546,1.345221,-0.690441
1.921953,1.344051,-0.693365
1.920199,1.331482,-0.697018
1.919029,1.333236,-0.694241
1.925168,1.333528,-0.685911
1.928091,1.321251,-0.689126
1.925168,1.31862,-0.673633
1.928383,1.322713,-0.681087
1.926922,1.311897,-0.685034
1.91786,1.313066,-0.677433
1.926922,1.306051,-0.673195
1.924583,1.303128,-0.67188
1.926337,1.298743,-0.677141
1.917276,1.296697,-0.661502
1.92546,1.300205,-0.661064
1.927799,1.294358,-0.652879
1.92546,1.290851,-0.657849
1.922245,1.282666,-0.659018
1.928091,1.280327,-0.65551
1.926922,1.276235,-0.644695
1.927507,1.281789,-0.650541
1.934522,1.27565,-0.645425
1.932768,1.268635,-0.647033
1.929845,1.271266,-0.640164
1.924876,1.268343,-0.637825
1.928091,1.267173,-0.63651
1.924876,1.262496,-0.641479
1.92283,1.253435,-0.640748
1.928968,1.261035,-0.63461
1.924583,1.257235,-0.629348
1.913476,1.248173,-0.630225
1.916983,1.248758,-0.612979
1.914937,1.244958,-0.626863
1.915522,1.237357,-0.614148
1.913476,1.236481,-0.609032
1.910845,1.237065,-0.606402
1.919614,1.240573,-0.611225
1.914353,1.240281,-0.603478
1.901491,1.226542,-0.601432
1.910553,1.230927,-0.608155
1.914937,1.233557,-0.605232
1.905875,1.220988,-0.617802
1.902075,1.226834,-0.614294
1.901199,1.221573,-0.603332
1.900029,1.228588,-0.59544
1.904414,1.229465,-0.600555
1.900614,1.206957,-0.598217
1.900322,1.210172,-0.598509
1.895352,1.215142,-0.598071
1.899152,1.210172,-0.602602
1.890383,1.201111,-0.595294
1.894768,1.206372,-0.596755
1.896814,1.208419,-0.602309
1.890968,1.205203,-0.598948
1.886583,1.209588,-0.596901
1.890091,1.212511,-0.597778
1.890091,1.206372,-0.589886
1.876352,1.202572,-0.591201
1.86729,1.202572,-0.592224
1.868752,1.196726,-0.591494
1.87606,1.203449,-0.599825
1.87226,1.209588,-0.592078
1.862906,1.20608,-0.592517
1.869921,1.205203,-0.598655
1.868459,1.205788,-0.600848
1.866998,1.197895,-0.603917
1.862029,1.206665,-0.604502
1.855598,1.199065,-0.594709
1.861444,1.209296,-0.604209
1.862613,1.204911,-0.607132
1.851798,1.201111,-0.601286
1.861152,1.205203,-0.613125
1.846536,1.204326,-0.606402
1.843321,1.204619,-0.609179
1.840398,1.209296,-0.604209
1.838644,1.213096,-0.608448
1.833382,1.20988,-0.615756
1.828413,1.208711,-0.611809
1.830751,1.203449,-0.626425
1.82432,1.210757,-0.62701
1.831921,1.211926,-0.623648
1.821982,1.207834,-0.627448
1.821982,1.211634,-0.61824
1.817305,1.219234,-0.624086
1.820228,1.216311,-0.622771
1.81672,1.227419,-0.62891
1.808243,1.220696,-0.63344
1.80532,1.22128,-0.634756
1.803274,1.22508,-0.637825
1.801812,1.230927,-0.646302
1.799182,1.231804,-0.657556
1.791289,1.239696,-0.644987
1.796551,1.236188,-0.654341
1.791874,1.231219,-0.65931
1.79772,1.242619,-0.651564
1.794797,1.243788,-0.658726
1.787197,1.242034,-0.659895
1.77872,1.241742,-0.662379
1.783397,1.248173,-0.668518
1.782227,1.251681,-0.673926
1.776966,1.253435,-0.667933
1.773166,1.254019,-0.677141
1.776381,1.256942,-0.68328
1.763812,1.268927,-0.68021
1.766735,1.263081,-0.689418
1.767027,1.270973,-0.681964
1.76615,1.270389,-0.695995
1.752996,1.273312,-0.68708
1.757673,1.273897,-0.706957
1.755627,1.280327,-0.700672
1.754458,1.292312,-0.714411
1.756796,1.290266,-0.710757
1.753873,1.289681,-0.721134
1.745981,1.292312,-0.722596
1.747442,1.306928,-0.726396
1.745688,1.298743,-0.727857
1.736334,1.307805,-0.737065
1.745981,1.311605,-0.724788
1.732534,1.304882,-0.737796
1.738965,1.318913,-0.741742
1.729904,1.312189,-0.744665
1.736919,1.320082,-0.756065
1.73575,1.320666,-0.755773
1.733411,1.328851,-0.762496
1.727857,1.325928,-0.762935
1.725519,1.33879,-0.760596
1.729027,1.338205,-0.768635
1.725811,1.343467,-0.765273
1.72435,1.352236,-0.775066
1.725519,1.351652,-0.777697
1.715873,1.352236,-0.787197
1.721426,1.351359,-0.780912
1.723765,1.36656,-0.785443
1.718796,1.362467,-0.789974
1.730196,1.367729,-0.794797
1.724642,1.372406,-0.787051
1.714411,1.380298,-0.79392
1.718503,1.382637,-0.796112
1.723473,1.388191,-0.808243
1.717919,1.385267,-0.806489
1.716165,1.396083,-0.816866
1.724934,1.394329,-0.821397
1.722596,1.398422,-0.813797
1.709734,1.406606,-0.814236
1.720842,1.410991,-0.817013
1.714996,1.411868,-0.82432
1.72055,1.415376,-0.819936
1.722596,1.423268,-0.830459
1.723765,1.425899,-0.83309
1.72055,1.429699,-0.838644
1.723473,1.430284,-0.833528
1.72055,1.418883,-0.833967
1.721719,1.438761,-0.842005
1.721426,1.433791,-0.851505
1.717334,1.434668,-0.846536
1.72815,1.447238,-0.843905
1.724642,1.448992,-0.859398
1.732827,1.456007,-0.855159
1.738381,1.452792,-0.860129
1.727273,1.451915,-0.853552
1.731365,1.463022,-0.864806
1.729611,1.450161,-0.86846
1.732827,1.467115,-0.872698
1.736919,1.465361,-0.875183
1.732827,1.467992,-0.868606
1.738088,1.470915,-0.86846
1.744811,1.47033,-0.873283
1.748612,1.469746,-0.873867
1.746273,1.481146,-0.873429
1.742181,1.478807,-0.880006
1.745688,1.480854,-0.881467
1.747735,1.480269,-0.870652
1.752119,1.489331,-0.893014
1.751242,1.48553,-0.885267
1.753289,1.498685,-0.878837
1.748612,1.491961,-0.879714
1.752704,1.498977,-0.873867
1.751827,1.491084,-0.884537
1.756796,1.493131,-0.881614
1.756212,1.501608,-0.889652
1.77112,1.500731,-0.885998
1.765858,1.500731,-0.881029
1.766735,1.498685,-0.886437
1.76615,1.502777,-0.888629
1.765273,1.500146,-0.881467
1.776381,1.502192,-0.886291
1.77492,1.498977,-0.879275
1.777843,1.501023,-0.885267
1.782812,1.506869,-0.888191
1.784566,1.505408,-0.878544
1.782227,1.501315,-0.886144
1.792751,1.505992,-0.883806
1.799766,1.506285,-0.874598
1.798305,1.504238,-0.889652
1.794797,1.498977,-0.880883
1.802397,1.504238,-0.87869
1.804735,1.495177,-0.866998
1.803566,1.505116,-0.86656
1.807074,1.503654,-0.873429
1.808535,1.501315,-0.878837
1.814674,1.497223,-0.875475
1.815551,1.501023,-0.873137
1.810582,1.500146,-0.866267
1.817889,1.497223,-0.856036
1.822859,1.496638,-0.855305
1.82169,1.492546,-0.860129
1.819351,1.491377,-0.857206
1.82169,1.492254,-0.852529
1.833382,1.483777,-0.849459
1.829582,1.489623,-0.851505
1.839228,1.487284,-0.843321
1.833382,1.489915,-0.854282
1.838936,1.492254,-0.844928
1.846536,1.479392,-0.846244
1.841859,1.477054,-0.846244
1.847413,1.483484,-0.847267
1.848875,1.475007,-0.839082
1.847998,1.469453,-0.842005
1.858521,1.464776,-0.830897
1.852382,1.469453,-0.831774
1.855598,1.468869,-0.82739
1.856767,1.461269,-0.820228
1.861152,1.465361,-0.819936
1.859982,1.454253,-0.820228
1.866706,1.461853,-0.804589
1.864075,1.451038,-0.81102
1.868459,1.451038,-0.812482
1.868752,1.458638,-0.801228
1.867875,1.445484,-0.800497
1.868459,1.446361,-0.791728
1.87489,1.444022,-0.794505
1.875475,1.442853,-0.795235
1.874306,1.435545,-0.782812
1.871675,1.439345,-0.789389
1.885121,1.431745,-0.781497
1.882491,1.428822,-0.776673
1.885414,1.430284,-0.782081
1.885121,1.422391,-0.768927
1.888044,1.425606,-0.762789
1.884829,1.41596,-0.775504
1.897691,1.410114,-0.763958
1.893306,1.409237,-0.77185
1.890675,1.409237,-0.752412
1.888044,1.397545,-0.763081
1.893598,1.404268,-0.765127
1.891845,1.397252,-0.749488
1.900906,1.400175,-0.71178
1.904122,1.391698,-0.74715
1.902075,1.389652,-0.749635
1.902075,1.38439,-0.738381
1.897983,1.386729,-0.740573
1.905875,1.37796,-0.737211
1.911722,1.374452,-0.720842
1.908799,1.37299,-0.725227
1.911429,1.374452,-0.72508
1.911722,1.363344,-0.726688
1.924291,1.359836,-0.731657
1.908214,1.360713,-0.720257
1.912891,1.354282,-0.701842
1.912306,1.352528,-0.713534
1.91406,1.347559,-0.701549
1.918737,1.341128,-0.704619
1.91406,1.348728,-0.695849
1.916691,1.342005,-0.705788
1.917276,1.331774,-0.693365
1.92166,1.33499,-0.702865
1.924876,1.339667,-0.691903
1.919029,1.325051,-0.687811
1.92546,1.32739,-0.679187
1.919906,1.319205,-0.676995
1.915229,1.322128,-0.674072
1.922245,1.322128,-0.681964
1.923414,1.320959,-0.674072
1.922245,1.310728,-0.67071
1.92166,1.308974,-0.667787
1.919906,1.304005,-0.661356
1.921076,1.292897,-0.660333
1.918445,1.296989,-0.662818
1.926045,1.292312,-0.659749
1.920783,1.287343,-0.660626
1.922537,1.281204,-0.650102
1.930722,1.284712,-0.650395
1.926045,1.286466,-0.642356
1.919906,1.276235,-0.635633
1.92663,1.275358,-0.642356
1.92663,1.266004,-0.639287
1.923999,1.264835,-0.63841
1.913768,1.26922,-0.601578
1.918737,1.265712,-0.628179
1.919614,1.266881,-0.625987
1.919614,1.258696,-0.635487
1.924876,1.257819,-0.620579
1.92663,1.250219,-0.63154
1.918153,1.253727,-0.622186
1.91786,1.246127,-0.618825
1.91786,1.247296,-0.619556
1.91786,1.245835,-0.610932
1.912891,1.239111,-0.62131
1.917276,1.23765,-0.614733
1.905583,1.238527,-0.609471
1.912306,1.236773,-0.614002
1.911429,1.229173,-0.603625
1.910553,1.231219,-0.610786
1.906168,1.223619,-0.605086
1.907045,1.232388,-0.59734
1.904999,1.223911,-0.600409
1.905583,1.226542,-0.597048
1.907337,1.225373,-0.601286
1.904706,1.222742,-0.598363
1.896814,1.216603,-0.592224
1.899445,1.22508,-0.600555
1.903245,1.216896,-0.596463
1.894768,1.220403,-0.604648
1.896229,1.217773,-0.596609
1.888921,1.210172,-0.590178
1.896521,1.212219,-0.589301
1.895645,1.217773,-0.604502
1.891552,1.210465,-0.594563
1.885998,1.205788,-0.586963
1.880444,1.204911,-0.590909
1.876644,1.210172,-0.590032
1.876352,1.203742,-0.593101
1.88366,1.202865,-0.594563
1.872552,1.20228,-0.59734
1.866121,1.20608,-0.595148
1.871383,1.210172,-0.605671
1.869044,1.201403,-0.608009
1.859105,1.207249,-0.597632
1.861444,1.210465,-0.587401
1.857644,1.232973,-0.562847
1.838059,1.253142,-0.570301
1.824905,1.298451,-0.624525
1.811166,1.366267,-0.658726
1.788951,1.437007,-0.692488
1.784274,1.481146,-0.725519
1.785735,1.508039,-0.762496
1.783981,1.523823,-0.77945
1.789828,1.527624,-0.806489
1.80152,1.534639,-0.826513
1.809412,1.534639,-0.83879
1.824905,1.513592,-0.855159
1.836305,1.479392,-0.874013
1.84829,1.453961,-0.855598
1.863198,1.420345,-0.855598
1.869629,1.396083,-0.835867
1.878106,1.391991,-0.847998
1.875475,1.380006,-0.835867
1.886875,1.358082,-0.827244
1.883367,1.345221,-0.834259
1.889798,1.335282,-0.82929
1.886875,1.320666,-0.814966
1.888337,1.317743,-0.800058
1.889506,1.318328,-0.812482
1.900906,1.311897,-0.812774
1.897983,1.304589,-0.800058
1.897398,1.303712,-0.793481
1.907629,1.292312,-0.799035
1.900029,1.285004,-0.798451
1.903829,1.285589,-0.784712
1.915229,1.277112,-0.789828
1.909091,1.275943,-0.785735
1.904122,1.277697,-0.783981
1.910845,1.272727,-0.780474
1.911722,1.267466,-0.781789
1.904414,1.265127,-0.772289
1.907337,1.263958,-0.788658
1.899737,1.259866,-0.772727
1.90646,1.261327,-0.772435
1.910845,1.262496,-0.78822
1.914937,1.261035,-0.775212
1.909968,1.249635,-0.770827
1.909675,1.252558,-0.769073
1.911137,1.254019,-0.772581
1.921368,1.257819,-0.775358
1.919322,1.247296,-0.758842
1.92663,1.255481,-0.752704
1.919029,1.247296,-0.765858
1.918445,1.247004,-0.749927
1.921953,1.251096,-0.748465
1.920491,1.251096,-0.748027
1.921076,1.243496,-0.739111
1.92926,1.243204,-0.738819
1.928676,1.238819,-0.744373
1.924291,1.242911,-0.753142
1.921953,1.239111,-0.744373
1.92663,1.232681,-0.738673
1.922245,1.232388,-0.745688
1.923414,1.234142,-0.738234
1.925168,1.231219,-0.735311
1.93043,1.230634,-0.747881
1.933061,1.220111,-0.734727
1.929553,1.224496,-0.736627
1.932768,1.230342,-0.729319
1.931307,1.227127,-0.727565
1.93043,1.216896,-0.735896
1.932184,1.209296,-0.722888
1.922245,1.211049,-0.720403
1.92283,1.215434,-0.728296
1.926337,1.209296,-0.731219
1.926922,1.210172,-0.719673
1.927799,1.203742,-0.712072
1.924583,1.207542,-0.723034
1.922537,1.20228,-0.717334
1.926337,1.206957,-0.712949
1.927507,1.189711,-0.711634
1.929845,1.203157,-0.710172
1.923999,1.196434,-0.701549
1.92283,1.192049,-0.711634
1.928676,1.202572,-0.716311
1.932768,1.196726,-0.708419
1.933937,1.193511,-0.699942
1.927214,1.191465,-0.71368
1.93043,1.186787,-0.69848
1.931307,1.187664,-0.690441
1.919322,1.182111,-0.696872
1.920783,1.179187,-0.704472
1.925168,1.177433,-0.696288
1.92283,1.173341,-0.693072
1.92926,1.190295,-0.689857
1.923999,1.175387,-0.698772
1.920783,1.171003,-0.693949
1.920199,1.173926,-0.693657
1.920199,1.167787,-0.689272
1.918445,1.166033,-0.689418
1.921076,1.172172,-0.68328
1.918445,1.163987,-0.682987
1.919906,1.167787,-0.681672
1.916983,1.166618,-0.668664
1.922537,1.161649,-0.681234
1.918153,1.161941,-0.67451
1.920199,1.161941,-0.679772
1.918153,1.151125,-0.676557
1.916399,1.160479,-0.677141
1.922537,1.164864,-0.682257
1.912306,1.154341,-0.680649
1.912599,1.161649,-0.677872
1.908799,1.157264,-0.67948
1.913476,1.161064,-0.675387
1.907045,1.156095,-0.67378
1.908214,1.154341,-0.671733
1.909675,1.150248,-0.680941
1.905583,1.153172,-0.668956
1.909675,1.148202,-0.663402
1.902368,1.144695,-0.66501
1.899737,1.154925,-0.677433
1.894475,1.15551,-0.678603
1.895937,1.149956,-0.669833
1.897983,1.152002,-0.667641
1.899445,1.151418,-0.67261
1.903537,1.152295,-0.665303
1.894475,1.147033,-0.675972
1.891845,1.148202,-0.666179
1.895352,1.146156,-0.647325
1.893598,1.148495,-0.671295
1.889798,1.147325,-0.677287
1.888921,1.154049,-0.677141
1.890383,1.152879,-0.680357
1.889506,1.156679,-0.677141
1.893598,1.158726,-0.680649
1.888921,1.161356,-0.671587
1.880737,1.15931,-0.687372
1.879567,1.158433,-0.686495
1.883367,1.150541,-0.690149
1.872552,1.157556,-0.681526
1.875183,1.160187,-0.676118
1.878983,1.154633,-0.684449
1.877521,1.161941,-0.68328
1.883952,1.16311,-0.69468
1.877229,1.16311,-0.693657
1.868459,1.162818,-0.689126
1.870213,1.162233,-0.689418
1.864659,1.16311,-0.681818
1.867875,1.165156,-0.688834
1.86729,1.163695,-0.692926
1.863198,1.164864,-0.692341
1.860275,1.162233,-0.696434
1.868459,1.171003,-0.693218
1.871675,1.168372,-0.700088
1.863783,1.163695,-0.695265
1.855598,1.162818,-0.69848
1.860275,1.166033,-0.698626
1.858813,1.170126,-0.708126
1.856767,1.167787,-0.715434
1.859105,1.17568,-0.710465
1.849167,1.174803,-0.707103
1.857352,1.183864,-0.705495
1.853259,1.184157,-0.705495
1.85209,1.17568,-0.706519
1.855013,1.178603,-0.702865
1.857644,1.18708,-0.708711
1.849752,1.180064,-0.718942
1.847998,1.189711,-0.713242
1.846828,1.185326,-0.712072
1.844782,1.183572,-0.747004
1.84449,1.182987,-0.714703
1.850336,1.195849,-0.711196
1.854429,1.185326,-0.720111
1.843613,1.190295,-0.724788
1.842444,1.195849,-0.718065
1.842151,1.19088,-0.716019
1.837474,1.197311,-0.723327
1.838059,1.197895,-0.719673
1.840105,1.203742,-0.722303
1.836013,1.203157,-0.725519
1.838059,1.204326,-0.731657
1.838936,1.20608,-0.736188
1.836597,1.207249,-0.743058
1.835721,1.206372,-0.738381
1.840105,1.208126,-0.746273
1.834551,1.220111,-0.738965
1.829874,1.218065,-0.732388
1.829582,1.217773,-0.732973
1.830459,1.218065,-0.742327
1.833382,1.220403,-0.73385
1.838059,1.228296,-0.74905
1.834551,1.219819,-0.748027
1.831628,1.229173,-0.741888
1.838059,1.219526,-0.749927
1.82812,1.22245,-0.758112
1.832505,1.236481,-0.76045
1.82929,1.233557,-0.757966
1.822274,1.234434,-0.759719
1.821982,1.230927,-0.755335
1.830751,1.237065,-0.764396
1.822567,1.235019,-0.771704
1.827243,1.233557,-0.760742
1.82432,1.242327,-0.766443
1.82169,1.24525,-0.77682
1.830751,1.234727,-0.77112
1.82169,1.243204,-0.773897
1.823443,1.245542,-0.774335
1.823151,1.245542,-0.820228
1.82432,1.251388,-0.772143
1.824028,1.251973,-0.787928
1.828997,1.25285,-0.786466
1.824028,1.260742,-0.789974
1.82432,1.251388,-0.794651
1.825782,1.258404,-0.780912
1.82432,1.257527,-0.777697
1.824028,1.257235,-0.790851
1.821982,1.261035,-0.790412
1.821105,1.267466,-0.792166
1.82929,1.264543,-0.78442
1.82432,1.263373,-0.795674
1.82169,1.263666,-0.799766
1.827536,1.270973,-0.785297
1.825782,1.26922,-0.78632
1.825782,1.274773,-0.795235
1.82812,1.270973,-0.794505
1.823151,1.280327,-0.799474
1.822274,1.277989,-0.796551
1.822567,1.277697,-0.798305
1.828997,1.278866,-0.796989
1.824028,1.280327,-0.811459
1.826367,1.281789,-0.79202
1.82549,1.280035,-0.795674
1.826074,1.282958,-0.795966
1.826951,1.279743,-0.803128
1.825782,1.277697,-0.805759
1.826659,1.286174,-0.806197
1.831336,1.292604,-0.798743
1.833382,1.28442,-0.80532
1.825782,1.284127,-0.804589
1.832505,1.285297,-0.805612
1.82812,1.285297,-0.802543
1.829874,1.290266,-0.816428
1.836305,1.291143,-0.806051
1.831044,1.294066,-0.809705
1.834844,1.294943,-0.809412
1.839813,1.297866,-0.824613
1.839521,1.29962,-0.823736
1.834844,1.295235,-0.815989
1.838936,1.294651,-0.812189
1.834259,1.300789,-0.827828
1.838644,1.300497,-0.820959
1.839813,1.298743,-0.818182
1.844782,1.301958,-0.810728
1.84069,1.303712,-0.822567
1.841859,1.293481,-0.828997
1.845659,1.308097,-0.814528
1.852382,1.301082,-0.814674
1.845075,1.306635,-0.821397
1.845367,1.294651,-0.829582
1.845951,1.300497,-0.827682
1.853259,1.300789,-0.818036
1.851798,1.296112,-0.82929
1.857936,1.291728,-0.813505
1.852967,1.301666,-0.821543
1.850921,1.299912,-0.810143
1.854429,1.301374,-0.821543
1.854721,1.298743,-0.816866
1.856475,1.29962,-0.811166
1.860859,1.292897,-0.817159
1.857059,1.301082,-0.812774
1.862029,1.301958,-0.815989
1.86349,1.296405,-0.810582
1.859398,1.299035,-0.807512
1.866121,1.300789,-0.823151
1.860859,1.305174,-0.816282
1.865536,1.294943,-0.806343
1.868167,1.298451,-0.799035
1.871383,1.295528,-0.808682
1.882491,1.291143,-0.812482
1.875183,1.286758,-0.809997
1.87226,1.291435,-0.805174
1.876937,1.29202,-0.807805
1.874306,1.291143,-0.805759
1.87226,1.292897,-0.805028
1.877229,1.293774,-0.814236
1.884537,1.286758,-0.801374
1.880152,1.288804,-0.809705
1.887752,1.288512,-0.797866
1.885706,1.291728,-0.797866
1.893891,1.280912,-0.788658
1.888921,1.279743,-0.792312
1.889214,1.28442,-0.798889
1.884829,1.281204,-0.800789
1.897106,1.281497,-0.790851
1.895352,1.280912,-0.798158
1.903245,1.28442,-0.780035
1.905583,1.277989,-0.791581
1.899737,1.277112,-0.784127
1.902952,1.277404,-0.78252
1.895937,1.278281,-0.78632
1.900906,1.273604,-0.783689
1.906168,1.274481,-0.779304
1.906168,1.27302,-0.786904
1.911429,1.27565,-0.782958
1.903829,1.265712,-0.768927
1.904999,1.27302,-0.770973
1.906752,1.267466,-0.769804
1.909968,1.262204,-0.768489
1.910553,1.253435,-0.775797
1.910553,1.258989,-0.777989
1.908214,1.258112,-0.768489
1.913768,1.262496,-0.772727
1.915522,1.256358,-0.765712
1.914937,1.251681,-0.769658
1.909675,1.256942,-0.76995
1.917276,1.252558,-0.769804
1.92546,1.247296,-0.769366
1.92166,1.249342,-0.75665
1.917276,1.247881,-0.75665
1.913183,1.244958,-0.756942
1.921076,1.244373,-0.754312
1.914937,1.239404,-0.750512
1.930722,1.244373,-0.735311
1.926337,1.239111,-0.745835
1.933353,1.237357,-0.749635
1.919906,1.23005,-0.738234
1.922537,1.23765,-0.747881
1.921368,1.223327,-0.746273
1.926922,1.224203,-0.740865
1.921368,1.223619,-0.738965
1.923707,1.217773,-0.732973
1.91786,1.224788,-0.74145
1.927214,1.22128,-0.740427
1.92663,1.219526,-0.725957
1.925753,1.21368,-0.725665
1.923122,1.216311,-0.714849
1.92166,1.208711,-0.729319
1.928968,1.206957,-0.730342
1.924291,1.204034,-0.728296
1.92546,1.205788,-0.731657
1.924876,1.204619,-0.721134
1.924291,1.19848,-0.71748
1.92546,1.202865,-0.718503
1.929553,1.202865,-0.712803
1.928968,1.196434,-0.716019
1.92546,1.199357,-0.711196
1.932768,1.197018,-0.714265
1.922537,1.188249,-0.70988
1.92546,1.19848,-0.709442
1.931307,1.185911,-0.713826
1.92283,1.183864,-0.705349
1.923414,1.182987,-0.715142
1.921076,1.173926,-0.714849
1.929845,1.180649,-0.707249
1.918737,1.175387,-0.699503
1.925753,1.171295,-0.710465
1.924876,1.175387,-0.700672
1.921953,1.173926,-0.697895
1.923707,1.173341,-0.700965
1.920783,1.168372,-0.699211
1.92283,1.169833,-0.697018
1.917276,1.168079,-0.68518
1.919906,1.171295,-0.693657
1.918737,1.161356,-0.69088
1.920199,1.161064,-0.696288
1.923122,1.15551,-0.685034
1.913768,1.174218,-0.677141
1.925168,1.161064,-0.682257
1.914645,1.162526,-0.681672
1.91786,1.165741,-0.676118
1.913768,1.157849,-0.690588
1.916399,1.156387,-0.675533
1.917568,1.160772,-0.675095
1.912891,1.15931,-0.686203
1.907337,1.153464,-0.678018
1.905875,1.164279,-0.671295
1.911137,1.155218,-0.677141
1.915229,1.165449,-0.665887
1.905583,1.150248,-0.704765
1.902075,1.159018,-0.675533
1.903245,1.160187,-0.66998
1.903537,1.149079,-0.669541
1.89886,1.15551,-0.669395
1.904999,1.153464,-0.673926
1.899445,1.149956,-0.671149
1.897983,1.149956,-0.673195
1.904999,1.152295,-0.674218
1.903537,1.154925,-0.669833
1.901199,1.152002,-0.670272
1.898275,1.149956,-0.676557
1.897398,1.151418,-0.664426
1.891845,1.151125,-0.683864
1.889214,1.148787,-0.67758
1.891845,1.159602,-0.684157
1.888921,1.156095,-0.671149
1.882783,1.154633,-0.667203
1.883952,1.156387,-0.685764
1.888337,1.158726,-0.675826
1.885998,1.158141,-0.685911
1.88366,1.153756,-0.684595
1.879567,1.150541,-0.67568
1.87986,1.164572,-0.68518
1.885121,1.161649,-0.681234
1.878983,1.159895,-0.684887
1.878983,1.162233,-0.684741
1.878398,1.154925,-0.680649
1.866413,1.165741,-0.692049
1.878983,1.161064,-0.68211
1.873721,1.152879,-0.681964
1.874598,1.168079,-0.682403
1.870213,1.162526,-0.683718
1.864075,1.161064,-0.682987
1.859398,1.163695,-0.693365
1.87109,1.168664,-0.689126
1.866121,1.17071,-0.691611
1.854136,1.166326,-0.693365
1.85969,1.162818,-0.69088
1.858521,1.167203,-0.692488
1.863783,1.171295,-0.691611
1.860859,1.172172,-0.703011
1.855598,1.164572,-0.695995
1.851505,1.168372,-0.701988
1.859105,1.172464,-0.693949
1.853844,1.172757,-0.705349
1.850628,1.178603,-0.699942
1.847998,1.176849,-0.699503
1.853259,1.183572,-0.70798
1.846536,1.182695,-0.711196
1.849167,1.177433,-0.702718
1.849167,1.18708,-0.703011
1.841859,1.185911,-0.71178
1.849752,1.189418,-0.713388
1.851798,1.189418,-0.717626
1.850921,1.190588,-0.72318
1.84069,1.187957,-0.71178
1.843028,1.195849,-0.711342
1.846536,1.195265,-0.720403
1.845075,1.195557,-0.722742
1.842151,1.196434,-0.723327
1.843905,1.204911,-0.720111
1.839813,1.197018,-0.727127
1.835136,1.200818,-0.73078
1.834844,1.205203,-0.731073
1.834551,1.197603,-0.729757
1.836305,1.199649,-0.739696
1.838936,1.210172,-0.732388
1.83689,1.214557,-0.732388
1.832797,1.212219,-0.730634
1.834259,1.212803,-0.748173
1.837767,1.214557,-0.742911
1.834844,1.220111,-0.744373
1.832797,1.218065,-0.738673
1.828413,1.224496,-0.745688
1.824613,1.220696,-0.746711
1.824613,1.223911,-0.754019
1.824028,1.226834,-0.746858
1.834551,1.223619,-0.750365
1.831336,1.222157,-0.748612
1.832213,1.232096,-0.752558
1.830459,1.229757,-0.75665
1.82432,1.234727,-0.758989
1.827828,1.233265,-0.762496
1.822274,1.234434,-0.763373
1.824905,1.236481,-0.767173
1.823151,1.233557,-0.767027
1.826951,1.240865,-0.76615
1.825197,1.235604,-0.778866
1.826951,1.240573,-0.774043
1.819643,1.239988,-0.771558
1.823443,1.249635,-0.772873
1.826074,1.247588,-0.769366
1.826367,1.25285,-0.769512
1.823151,1.251973,-0.777404
1.82052,1.258404,-0.774627
1.813213,1.254896,-0.78062
1.820813,1.256358,-0.787051
1.814382,1.252265,-0.785004
1.819936,1.259573,-0.77945
1.82929,1.259866,-0.78062
1.819351,1.260742,-0.784566
1.822859,1.258696,-0.783397
1.827828,1.256358,-0.789389
1.823736,1.261912,-0.799474
1.825197,1.26805,-0.795089
1.820228,1.27565,-0.802105
1.825782,1.268635,-0.794651
1.823736,1.268635,-0.796989
1.824905,1.271558,-0.804443
1.826951,1.27945,-0.806051
1.823443,1.27565,-0.790851
1.82929,1.275943,-0.801666
1.827828,1.272727,-0.801228
1.826659,1.282958,-0.805612
1.82052,1.282958,-0.810143
1.831044,1.277989,-0.808097
1.818474,1.287343,-0.813651
1.82169,1.284127,-0.806197
1.824905,1.282374,-0.794797
1.824028,1.288804,-0.802543
1.827536,1.284127,-0.803274
1.82549,1.280035,-0.811166
1.832505,1.282666,-0.79962
1.824905,1.281497,-0.815551
1.830167,1.286466,-0.814382
1.833967,1.286758,-0.811312
1.832797,1.290851,-0.816574
1.826951,1.290558,-0.813797
1.832213,1.293774,-0.814674
1.831336,1.29582,-0.825636
1.840105,1.294943,-0.820082
1.840105,1.296989,-0.811605
1.836597,1.298158,-0.816428
1.838936,1.294651,-0.804005
1.832797,1.297574,-0.823443
1.845951,1.297866,-0.818766
1.833674,1.300497,-0.812336
1.831044,1.297282,-0.814966
1.840105,1.303712,-0.824028
1.843028,1.29962,-0.800935
1.850628,1.298743,-0.822274
1.845659,1.301082,-0.820374
1.84449,1.29962,-0.825928
1.844198,1.300789,-0.832944
1.847998,1.296989,-0.82242
1.851213,1.29962,-0.824905
1.850921,1.301082,-0.823005
1.850044,1.306635,-0.821105
1.85589,1.299328,-0.816428
1.849752,1.303712,-0.816574
1.853259,1.298743,-0.814528
1.865536,1.29582,-0.814236
1.855013,1.329728,-0.831628
1.841859,1.358959,-0.840836
1.826367,1.392868,-0.863636
1.828997,1.437007,-0.871529
1.812336,1.489331,-0.858375
1.808828,1.52207,-0.859544
1.802397,1.541947,-0.83689
1.793628,1.545747,-0.82812
1.790997,1.529962,-0.795089
1.784858,1.518562,-0.78252
1.781643,1.502485,-0.754604
1.784566,1.459807,-0.72625
1.78252,1.435545,-0.695411
1.78135,1.410699,-0.673926
1.785443,1.390529,-0.669541
1.788074,1.383221,-0.662818
1.790704,1.370944,-0.672318
1.787781,1.356621,-0.65741
1.783104,1.345805,-0.662672
1.778427,1.344051,-0.655072
1.791874,1.326805,-0.649079
1.785735,1.329144,-0.642502
1.772289,1.329144,-0.652587
1.774627,1.323882,-0.646302
1.777843,1.327097,-0.656241
1.775212,1.321251,-0.65551
1.770243,1.315113,-0.661502
1.776089,1.324174,-0.662379
1.776089,1.322128,-0.656241
1.767027,1.313651,-0.659895
1.768196,1.318913,-0.664864
1.771704,1.315697,-0.665887
1.76235,1.313066,-0.663987
1.75855,1.317451,-0.665303
1.76615,1.327682,-0.669687
1.760889,1.330313,-0.672172
1.759135,1.319497,-0.676264
1.755919,1.333528,-0.680795
1.753289,1.332067,-0.679041
1.753289,1.335574,-0.695703
1.758842,1.338205,-0.680649
1.746273,1.339959,-0.696141
1.743935,1.34639,-0.701988
1.744227,1.347267,-0.699649
1.738381,1.349605,-0.694388
1.738381,1.35399,-0.699503
1.741011,1.351359,-0.700672
1.733119,1.351652,-0.698334
1.733704,1.356913,-0.709003
1.727857,1.356913,-0.702718
1.735165,1.366852,-0.721719
1.726103,1.361298,-0.709588
1.719673,1.369483,-0.712072
1.722011,1.376498,-0.727857
1.720842,1.375329,-0.719965
1.726103,1.379421,-0.718796
1.72435,1.38059,-0.723911
1.691611,1.379714,-0.718942
1.713534,1.385852,-0.730342
1.71938,1.390529,-0.752119
1.718211,1.396668,-0.747004
1.717919,1.399298,-0.751242
1.714411,1.39696,-0.747004
1.712949,1.401637,-0.754458
1.713534,1.40076,-0.763958
1.709442,1.407483,-0.774773
1.708565,1.40836,-0.764396
1.713826,1.415083,-0.76995
1.705349,1.420637,-0.77375
1.710903,1.42853,-0.770827
1.70798,1.432622,-0.774773
1.704472,1.432914,-0.786758
1.709442,1.436714,-0.782812
1.711488,1.438176,-0.783689
1.71178,1.444314,-0.780035
1.708272,1.449576,-0.794066
1.706811,1.446068,-0.785589
1.70798,1.445484,-0.80152
1.705934,1.456592,-0.803859
1.705642,1.454838,-0.800789
1.701549,1.460976,-0.799035
1.705349,1.462146,-0.807074
1.707688,1.473546,-0.808536
1.703303,1.47413,-0.82169
1.699503,1.472084,-0.811166
1.705934,1.47793,-0.816428
1.709734,1.480269,-0.823151
1.700672,1.478515,-0.82622
1.704472,1.486115,-0.815843
1.712365,1.489331,-0.826659
1.714119,1.500438,-0.825636
1.707103,1.503946,-0.824467
1.718211,1.502485,-0.829436
1.711196,1.494884,-0.834551
1.708565,1.502192,-0.834259
1.711196,1.506577,-0.838351
1.709734,1.508916,-0.842298
1.717919,1.507746,-0.847705
1.710611,1.511254,-0.850336
1.724057,1.517977,-0.840982
1.724934,1.521777,-0.844198
1.71938,1.520608,-0.849313
1.726396,1.524993,-0.854136
1.732534,1.520608,-0.853259
1.728734,1.530839,-0.849021
1.72815,1.528208,-0.858813
1.72815,1.531716,-0.850336
1.734873,1.530547,-0.86539
1.733704,1.529085,-0.859252
1.734288,1.534639,-0.861883
1.735457,1.535516,-0.860713
1.744811,1.537854,-0.865829
1.749196,1.540485,-0.861006
1.746858,1.537854,-0.862321
1.74715,1.536685,-0.856475
1.745396,1.542239,-0.865683
1.753873,1.540778,-0.862175
1.744519,1.548085,-0.864513
1.753289,1.54487,-0.865536
1.752996,1.553639,-0.874013
1.759135,1.545455,-0.85779
1.759719,1.547208,-0.859982
1.761181,1.539608,-0.86846
1.761181,1.540193,-0.861006
1.765273,1.541654,-0.848875
1.769073,1.548085,-0.85969
1.772873,1.542824,-0.854282
1.768489,1.548085,-0.853405
1.770535,1.542239,-0.864075
1.779304,1.545747,-0.849021
1.785443,1.541947,-0.851213
1.77872,1.542824,-0.851213
1.77755,1.537562,-0.855013
1.786027,1.543701,-0.845659
1.784566,1.540193,-0.852967
1.788074,1.539901,-0.839667
1.791289,1.536685,-0.837328
1.786612,1.534054,-0.852236
1.790704,1.535516,-0.83879
1.791289,1.535224,-0.837036
1.795089,1.533177,-0.840836
1.799182,1.52967,-0.837036
1.798597,1.527916,-0.840836
1.802982,1.521777,-0.827536
1.812043,1.528793,-0.830167
1.81292,1.527916,-0.835574
1.805028,1.527624,-0.823297
1.810874,1.523239,-0.827244
1.817013,1.523823,-0.834113
1.819351,1.51827,-0.831482
1.821105,1.51447,-0.82359
1.818766,1.510085,-0.827682
1.824613,1.512716,-0.824467
1.812336,1.515931,-0.812774
1.836305,1.509792,-0.812189
1.82549,1.511839,-0.813943
1.826074,1.507454,-0.804443
1.835721,1.510962,-0.79962
1.83309,1.502192,-0.809705
1.841859,1.505116,-0.807659
1.837182,1.500146,-0.798743
1.846536,1.491961,-0.806197
1.838644,1.500731,-0.797135
1.847413,1.496931,-0.795235
1.837182,1.495469,-0.789389
1.841274,1.495762,-0.78252
1.84449,1.482023,-0.77492
1.855305,1.480854,-0.780766
1.857644,1.4753,-0.776089
1.861152,1.474423,-0.779012
1.856767,1.474715,-0.779012
1.856767,1.476761,-0.763666
1.862906,1.473253,-0.764981
1.853844,1.472961,-0.759719
1.858813,1.463607,-0.765566
1.858229,1.466238,-0.751096
1.858813,1.463022,-0.757235
1.864659,1.453668,-0.750512
1.867583,1.453961,-0.761181
1.862906,1.451915,-0.747881
1.866121,1.445484,-0.736919
1.871383,1.444607,-0.747588
1.869921,1.444899,-0.736919
1.869921,1.443145,-0.74525
1.876937,1.443438,-0.748027
1.871383,1.43233,-0.740281
1.87606,1.435838,-0.734873
1.876352,1.430576,-0.733265
1.880152,1.423853,-0.726542
1.87606,1.422391,-0.719673
1.880737,1.418591,-0.725811
1.880152,1.406022,-0.727565
1.886291,1.414206,-0.71748
1.884244,1.409237,-0.691318
1.882198,1.40836,-0.700672
1.874598,1.414791,-0.704911
1.877813,1.401052,-0.709149
1.880152,1.397252,-0.706811
1.886291,1.399883,-0.709442
1.884537,1.39696,-0.699503
1.882198,1.392575,-0.700234
1.880737,1.389068,-0.689272
1.881321,1.393744,-0.688249
1.881614,1.381175,-0.694241
1.889798,1.37416,-0.68138
1.884537,1.373575,-0.679626
1.893306,1.376206,-0.673926
1.888337,1.371529,-0.673049
1.890091,1.370652,-0.67568
1.893306,1.364513,-0.660918
1.89126,1.358667,-0.66998
1.886875,1.368021,-0.662818
1.887752,1.367729,-0.658726
1.890675,1.355744,-0.658141
1.894768,1.352528,-0.661502
1.893306,1.353698,-0.653318
1.885706,1.349021,-0.660918
1.892429,1.342298,-0.66501
1.888629,1.344051,-0.648202
1.888921,1.33499,-0.649956
1.886875,1.339374,-0.653902
1.892137,1.337913,-0.648348
1.886291,1.334405,-0.654049
1.889214,1.332651,-0.644402
1.886875,1.325636,-0.653025
1.885121,1.325928,-0.640602
1.883952,1.320374,-0.647033
1.883075,1.32242,-0.643671
1.881614,1.321251,-0.632564
1.884244,1.316282,-0.626717
1.87606,1.312774,-0.629787
1.878106,1.306635,-0.622917
1.881029,1.315113,-0.627594
1.877521,1.308389,-0.631833
1.878398,1.310728,-0.624963
1.872844,1.299035,-0.634756
1.87109,1.297574,-0.627156
1.866121,1.296989,-0.623063
1.870213,1.294943,-0.612248
1.869336,1.298743,-0.620579
1.869044,1.292897,-0.611225
1.835428,1.303712,-0.615463
1.869336,1.296989,-0.615902
1.865244,1.294358,-0.607279
1.861444,1.291435,-0.607717
1.864367,1.287343,-0.615025
1.865244,1.289974,-0.624233
1.854429,1.288804,-0.612686
1.853844,1.286466,-0.605671
1.859398,1.287051,-0.607132
1.855013,1.279158,-0.605086
1.847413,1.280327,-0.615902
1.854721,1.284127,-0.605817
1.85209,1.276527,-0.607863
1.843613,1.273312,-0.602748
1.843321,1.27565,-0.606109
1.850921,1.279158,-0.609032
1.840105,1.276235,-0.606694
1.842444,1.273604,-0.604794
1.833967,1.275358,-0.61444
1.837474,1.280327,-0.603625
1.833674,1.271558,-0.616048
1.830167,1.278574,-0.617802
1.83309,1.277989,-0.615463
1.823443,1.276235,-0.625402
1.823443,1.274189,-0.624086
1.820228,1.27945,-0.610494
1.822567,1.281204,-0.621602
1.820228,1.280035,-0.61444
1.809997,1.277112,-0.614294
1.819643,1.281204,-0.61634
1.81672,1.285589,-0.61824
1.817597,1.279158,-0.622479
1.810582,1.276527,-0.622333
1.803859,1.283543,-0.624379
1.805612,1.286466,-0.631248
1.801228,1.293774,-0.622771
1.806197,1.284127,-0.628179
1.794797,1.292312,-0.620286
1.797428,1.294943,-0.632417
1.795381,1.287343,-0.626717
1.794212,1.285297,-0.63461
1.793628,1.290851,-0.636656
1.785443,1.291728,-0.63344
1.791581,1.296112,-0.644548
1.776673,1.298743,-0.645279
1.776673,1.300205,-0.636656
1.775504,1.297866,-0.648348
1.77492,1.299328,-0.645133
1.781935,1.306343,-0.652148
1.771412,1.306343,-0.648056
1.775212,1.306051,-0.653902
1.767027,1.309559,-0.661941
1.762935,1.309266,-0.652879
1.762058,1.31482,-0.654341
1.760596,1.322713,-0.651856
1.758842,1.315697,-0.66881
1.746858,1.317743,-0.66881
1.761473,1.316282,-0.65551
1.755919,1.320959,-0.68211
1.751535,1.336451,-0.668079
1.74335,1.327974,-0.664864
1.74335,1.335574,-0.679041
1.749488,1.334405,-0.681087
1.738088,1.337328,-0.681818
1.749196,1.346975,-0.679918
1.741596,1.347852,-0.693803
1.738381,1.351944,-0.687957
1.738673,1.350482,-0.691757
1.739842,1.346975,-0.700672
1.732827,1.350482,-0.696872
1.736627,1.360713,-0.708565
1.73078,1.356913,-0.702865
1.719965,1.36539,-0.705057
1.722303,1.371821,-0.70418
1.722888,1.366852,-0.714265
1.71938,1.370944,-0.728734
1.722888,1.37299,-0.723034
1.726396,1.37416,-0.717773
1.713534,1.383514,-0.72815
1.716457,1.377667,-0.733119
1.722596,1.382052,-0.736919
1.722596,1.386437,-0.740865
1.722303,1.394037,-0.740573
1.705934,1.391991,-0.746565
1.709442,1.397545,-0.749635
1.712365,1.40836,-0.755042
1.709734,1.400175,-0.764543
1.710903,1.409237,-0.758842
1.704765,1.409237,-0.761766
1.705349,1.417422,-0.763227
1.702426,1.419468,-0.77302
1.70418,1.422683,-0.776235
1.692488,1.432914,-0.771704
1.701257,1.428237,-0.777843
1.705057,1.43496,-0.774481
1.712365,1.438761,-0.776966
1.707688,1.44753,-0.782812
1.705934,1.442268,-0.788366
1.709442,1.443438,-0.784566
1.704765,1.448992,-0.790851
1.701549,1.453084,-0.800643
1.708272,1.454838,-0.791874
1.700672,1.458053,-0.795381
1.69658,1.464484,-0.807074
1.697165,1.461561,-0.810143
1.70418,1.465069,-0.806489
1.705642,1.472376,-0.824905
1.710319,1.475884,-0.815843
1.702718,1.472669,-0.830751
1.706811,1.479392,-0.821543
1.705349,1.477054,-0.830751
1.702718,1.486992,-0.832067
1.706519,1.498392,-0.826074
1.712072,1.500438,-0.835721
1.712657,1.498685,-0.83499
1.715288,1.496054,-0.830897
1.71558,1.504531,-0.839813
1.71938,1.5095,-0.841713
1.714996,1.510085,-0.842151
1.726396,1.514762,-0.844636
1.715288,1.514762,-0.834697
1.719965,1.512423,-0.848728
1.728442,1.515639,-0.843759
1.724642,1.51827,-0.851798
1.717919,1.523823,-0.857059
1.724642,1.521193,-0.856036
1.725519,1.521193,-0.852382
1.72435,1.524993,-0.851798
1.731657,1.5285,-0.856767
1.728734,1.527916,-0.866413
1.730196,1.532008,-0.862029
1.731657,1.530547,-0.860129
1.731073,1.530254,-0.863052
1.734873,1.529377,-0.858813
1.734873,1.532593,-0.850336
1.738965,1.533762,-0.872698
1.734288,1.531716,-0.86349
1.743058,1.534931,-0.869775
1.736627,1.536393,-0.860275
1.750658,1.536685,-0.857352
1.749196,1.542239,-0.856182
1.74335,1.540485,-0.86349
1.750365,1.540193,-0.855452
1.755335,1.536978,-0.86539
1.761766,1.530839,-0.849459
1.758842,1.530547,-0.860129
1.76235,1.537562,-0.85399
1.770535,1.543993,-0.862029
1.759719,1.539608,-0.851213
1.771704,1.543116,-0.860129
1.769366,1.543408,-0.85209
1.779597,1.540778,-0.850336
1.770827,1.538147,-0.858375
1.786027,1.539316,-0.857644
1.787489,1.539316,-0.856475
1.785735,1.531716,-0.866267
1.786904,1.53347,-0.847267
1.783981,1.536685,-0.848144
1.78632,1.536978,-0.852675
1.794212,1.534931,-0.857644
1.788366,1.537854,-0.846098
1.798889,1.5323,-0.836451
1.79392,1.526747,-0.835282
1.800643,1.536101,-0.845367
1.801812,1.530839,-0.841421
1.80152,1.5323,-0.840836
1.799766,1.526747,-0.835428
1.798305,1.521485,-0.819205
1.808828,1.529085,-0.833821
1.810582,1.5285,-0.835428
1.807366,1.520316,-0.831921
1.814089,1.517977,-0.820228
1.81672,1.514762,-0.833674
1.818182,1.506577,-0.824759
1.821982,1.507454,-0.822274
1.816136,1.506577,-0.808536
1.817889,1.5095,-0.815113
1.824028,1.505992,-0.812774
1.827828,1.507746,-0.805759
1.823443,1.500731,-0.807805
1.828997,1.500146,-0.804589
1.837767,1.499269,-0.807074
1.832505,1.503946,-0.798012
1.835721,1.491961,-0.795674
1.835428,1.488454,-0.783981
1.845367,1.479392,-0.776966
1.843905,1.484069,-0.796697
1.845659,1.483484,-0.787635
1.845951,1.481146,-0.781789
1.847121,1.485823,-0.778135
1.845075,1.4753,-0.76615
1.851798,1.464776,-0.773604
1.849167,1.47033,-0.776089
1.84449,1.466238,-0.76922
1.85589,1.467407,-0.766443
1.860859,1.467407,-0.767758
1.859398,1.467407,-0.754019
1.857936,1.472084,-0.762058
1.855013,1.460684,-0.76425
1.856767,1.457176,-0.754458
1.863198,1.463607,-0.748612
1.867583,1.449576,-0.758112
1.864075,1.447238,-0.753581
1.864952,1.448992,-0.748904
1.859982,1.43613,-0.744227
1.863198,1.435838,-0.746858
1.866121,1.436714,-0.742619
1.868459,1.435253,-0.740134
1.877813,1.43116,-0.735604
1.869921,1.428822,-0.730342
1.874013,1.426776,-0.732534
1.867583,1.420345,-0.731365
1.868459,1.415668,-0.73005
1.87109,1.421222,-0.713826
1.876644,1.41216,-0.722888
1.87489,1.404268,-0.720257
1.874013,1.405145,-0.71558
1.877813,1.407191,-0.718942
1.879275,1.403683,-0.708272
1.886583,1.400468,-0.704911
1.881906,1.394914,-0.698626
1.881614,1.395206,-0.701695
1.874013,1.395498,-0.695411
1.888921,1.395498,-0.688103
1.888921,1.382344,-0.681234
1.882491,1.383514,-0.691172
1.880152,1.381467,-0.675387
1.882783,1.38059,-0.673341
1.886583,1.36919,-0.670418
1.885706,1.37679,-0.681234
1.894183,1.368021,-0.66998
1.892137,1.35779,-0.669541
1.884829,1.37036,-0.674803
1.884244,1.361006,-0.656825
1.884537,1.358082,-0.672903
1.886875,1.357206,-0.663695
1.890675,1.351652,-0.657995
1.885414,1.348728,-0.661502
1.885998,1.344344,-0.660041
1.877521,1.332651,-0.651125
1.880152,1.340251,-0.65551
1.889214,1.339082,-0.657264
1.877229,1.328267,-0.651418
1.878398,1.338498,-0.651564
1.880737,1.335282,-0.636802
1.880737,1.333528,-0.640748
1.877521,1.329728,-0.638994
1.882198,1.32622,-0.637094
1.880444,1.32359,-0.641771
1.880444,1.316282,-0.635925
1.885121,1.309266,-0.637241
1.875183,1.308974,-0.632125
1.873429,1.313943,-0.625548
1.870798,1.312774,-0.624233
1.880737,1.306635,-0.626279
1.880152,1.308682,-0.62394
1.877521,1.306635,-0.63154
1.866706,1.30722,-0.619848
1.870506,1.292604,-0.616194
1.868167,1.294066,-0.615025
1.864075,1.292897,-0.608594
1.875767,1.301666,-0.621163
1.861736,1.295235,-0.612686
1.861736,1.294651,-0.614733
1.866121,1.292897,-0.616048
1.865244,1.292897,-0.617217
1.868752,1.286466,-0.612102
1.863198,1.292604,-0.612394
1.864075,1.286758,-0.610348
1.845951,1.285297,-0.619848
1.851213,1.287635,-0.614586
1.856767,1.286758,-0.608886
1.852675,1.285589,-0.611663
1.856475,1.281789,-0.615317
1.852382,1.283543,-0.599825
1.850336,1.281204,-0.61064
1.851213,1.277404,-0.616048
1.844198,1.273604,-0.603917
1.840982,1.279743,-0.602017
1.849752,1.282958,-0.609032
1.843028,1.279743,-0.604648
1.842444,1.270389,-0.602163
1.837182,1.277989,-0.611371
1.841859,1.275943,-0.615317
1.832505,1.272143,-0.614733
1.823151,1.293481,-0.616048
1.819936,1.329728,-0.636656
1.795966,1.373867,-0.656387
1.795381,1.416545,-0.679772
1.784566,1.468576,-0.727419
1.785735,1.502485,-0.768343
1.780766,1.52587,-0.793043
1.779597,1.54107,-0.811459
1.786027,1.536685,-0.842444
1.806489,1.524116,-0.85209
1.819936,1.504531,-0.853113
1.823443,1.4905,-0.861444
1.834259,1.479977,-0.864952
1.847121,1.459222,-0.859398
1.845659,1.444314,-0.851652
1.850921,1.439053,-0.844636
1.858813,1.414791,-0.853552
1.868459,1.412452,-0.85399
1.871967,1.403975,-0.845805
1.87109,1.394037,-0.836159
1.872552,1.385267,-0.836305
1.880444,1.383221,-0.851944
1.875183,1.37796,-0.827244
1.884537,1.371821,-0.82812
1.890968,1.373283,-0.823151
1.894768,1.365975,-0.821543
1.896521,1.362175,-0.830459
1.898568,1.354282,-0.811605
1.906168,1.346975,-0.816574
1.902075,1.344928,-0.803859
1.896229,1.337621,-0.801959
1.902075,1.339082,-0.796551
1.902075,1.339374,-0.800205
1.903537,1.333528,-0.802397
1.909383,1.327682,-0.796843
1.908506,1.327097,-0.778574
1.913183,1.322713,-0.781789
1.912891,1.321251,-0.773897
1.914353,1.322128,-0.775943
1.913768,1.313651,-0.773604
1.910845,1.313651,-0.771412
1.915229,1.308097,-0.766004
1.914353,1.306635,-0.769366
1.919322,1.315697,-0.774043
1.915522,1.306051,-0.76995
1.927214,1.301082,-0.766296
1.923999,1.301958,-0.762058
1.920783,1.299328,-0.762935
1.928091,1.292604,-0.751242
1.927214,1.292897,-0.75665
1.927799,1.294358,-0.745981
1.928383,1.286174,-0.743496
1.929845,1.280035,-0.737942
1.935107,1.277697,-0.730488
1.93043,1.271266,-0.734434
1.933645,1.271266,-0.725811
1.936276,1.270681,-0.723911
1.936276,1.272143,-0.724496
1.935399,1.262496,-0.717626
1.943291,1.255189,-0.71748
1.941245,1.258696,-0.72888
1.935107,1.254604,-0.719526
1.940368,1.251388,-0.721573
1.94183,1.247588,-0.712219
1.944461,1.250219,-0.713388
1.936276,1.24145,-0.720988
1.940368,1.243204,-0.708711
1.944461,1.240281,-0.713388
1.944461,1.239404,-0.708126
1.948261,1.236188,-0.703303
1.940076,1.230342,-0.694972
1.947384,1.236188,-0.699942
1.942122,1.222157,-0.675826
1.940953,1.227127,-0.682549
1.953815,1.227711,-0.680795
1.943876,1.210757,-0.679041
1.951476,1.212219,-0.679772
1.945922,1.209003,-0.673487
1.942999,1.211926,-0.670856
1.946215,1.205495,-0.667641
1.939491,1.203742,-0.670126
1.938907,1.205495,-0.662526
1.943876,1.195557,-0.667787
1.940368,1.194972,-0.667495
1.945338,1.194095,-0.663695
1.941538,1.191757,-0.662818
1.936861,1.182695,-0.666326
1.933645,1.179187,-0.663695
1.937153,1.181818,-0.647179
1.933353,1.182695,-0.656533
1.932184,1.180064,-0.64981
1.93423,1.177141,-0.651856
1.931891,1.178895,-0.658141
1.935399,1.175972,-0.652148
1.933353,1.166033,-0.661356
1.927799,1.167495,-0.650687
1.923707,1.169249,-0.639287
1.933353,1.165449,-0.638264
1.935399,1.163403,-0.639871
1.927214,1.166033,-0.628179
1.922537,1.156972,-0.638556
1.919322,1.158726,-0.634025
1.92166,1.152879,-0.639433
1.920199,1.148495,-0.638702
1.920783,1.154925,-0.653025
1.916106,1.152295,-0.632125
1.912891,1.156387,-0.640894
1.918153,1.149372,-0.645718
1.912014,1.147325,-0.630956
1.909383,1.150833,-0.63344
1.916691,1.148202,-0.629202
1.915814,1.142648,-0.633587
1.911429,1.140895,-0.649225
1.91026,1.13651,-0.637241
1.943876,1.137971,-0.631248
1.905875,1.148495,-0.626571
1.903537,1.135048,-0.635487
1.899152,1.139433,-0.631394
1.890968,1.140895,-0.635925
1.898275,1.148202,-0.629348
1.896814,1.148787,-0.626863
1.888921,1.136217,-0.630664
1.893306,1.139141,-0.626425
1.886583,1.141187,-0.636656
1.892429,1.132125,-0.642941
1.87869,1.143525,-0.629787
1.889214,1.14411,-0.638702
1.880737,1.138556,-0.636656
1.879275,1.14411,-0.63651
1.876644,1.137971,-0.63841
1.880444,1.147325,-0.63461
1.877813,1.137387,-0.636802
1.87606,1.142941,-0.644987
1.869629,1.148202,-0.647764
1.867583,1.150833,-0.649956
1.859982,1.147325,-0.64221
1.861444,1.149372,-0.635633
1.864952,1.147325,-0.654779
1.854429,1.156972,-0.650102
1.859105,1.156387,-0.652733
1.860275,1.149664,-0.654049
1.853552,1.153172,-0.645279
1.855013,1.151125,-0.650248
1.845659,1.15551,-0.657264
1.84449,1.15171,-0.656679
1.850628,1.155802,-0.661941
1.842736,1.152587,-0.664864
1.84829,1.154925,-0.664426
1.841274,1.15931,-0.661064
1.838644,1.161941,-0.67188
1.840398,1.171295,-0.708419
1.838351,1.161356,-0.672172
1.832505,1.196141,-0.669249
1.837474,1.169833,-0.673487
1.836013,1.163695,-0.674949
1.869336,1.178018,-0.684449
1.826367,1.169249,-0.679772
1.824905,1.17188,-0.690588
1.821982,1.172757,-0.684887
1.826074,1.175095,-0.692049
1.82052,1.179187,-0.695557
1.822567,1.182403,-0.69278
1.819059,1.18708,-0.693949
1.824905,1.183864,-0.691464
1.817889,1.188541,-0.70228
1.82052,1.189126,-0.708419
1.82169,1.187957,-0.700526
1.820228,1.202572,-0.708419
1.814674,1.198188,-0.697457
1.813505,1.20228,-0.706519
1.812628,1.199942,-0.702426
1.80912,1.199942,-0.72435
1.812043,1.205788,-0.719526
1.807366,1.212219,-0.713242
1.816136,1.218942,-0.723473
1.806489,1.218357,-0.714557
1.805612,1.216019,-0.724642
1.812336,1.222157,-0.730927
1.808828,1.228296,-0.73005
1.798597,1.225957,-0.733411
1.794797,1.228004,-0.740281
1.798012,1.22508,-0.742034
1.797428,1.224788,-0.729319
1.791874,1.236773,-0.744373
1.792458,1.239404,-0.754604
1.794505,1.243496,-0.736188
1.794505,1.244958,-0.744227
1.797135,1.242034,-0.756358
1.795089,1.243496,-0.765273
1.794212,1.240573,-0.762058
1.790704,1.248758,-0.764981
1.78632,1.247588,-0.761912
1.787197,1.247588,-0.764543
1.787781,1.253727,-0.776235
1.79012,1.260158,-0.774189
1.792166,1.262496,-0.772435
1.786027,1.26425,-0.782374
1.783981,1.26805,-0.76995
1.786612,1.262789,-0.78062
1.779889,1.236481,-0.784712
1.784274,1.275358,-0.790412
1.784858,1.274481,-0.787197
1.784566,1.273604,-0.792897
1.78135,1.287928,-0.787489
1.781058,1.289974,-0.790266
1.784274,1.290851,-0.796405
1.78252,1.294943,-0.802397
1.785151,1.294358,-0.79772
1.785443,1.303128,-0.806051
1.790997,1.303712,-0.80532
1.786612,1.308097,-0.806343
1.779304,1.304589,-0.802835
1.784566,1.310143,-0.803566
1.783104,1.309559,-0.796697
1.782812,1.305466,-0.812336
1.784858,1.315697,-0.80912
1.788951,1.309266,-0.81789
1.784274,1.316866,-0.817743
1.77872,1.319205,-0.823297
1.780181,1.31979,-0.824028
1.783104,1.321836,-0.827682
1.780766,1.321543,-0.820082
1.787197,1.321543,-0.832797
1.781058,1.328559,-0.825636
1.787197,1.334405,-0.831044
1.79012,1.327682,-0.842005
1.788366,1.327097,-0.838205
1.795089,1.336159,-0.843613
1.789828,1.341421,-0.843759
1.78632,1.342298,-0.839082
1.790412,1.340544,-0.843613
1.79392,1.341128,-0.841567
1.788366,1.340544,-0.845805
1.794797,1.346098,-0.849898
1.786027,1.349605,-0.846828
1.788658,1.349021,-0.847121
1.793335,1.353405,-0.847559
1.798305,1.353698,-0.854575
1.79772,1.354575,-0.856182
1.795381,1.353405,-0.844928
1.800058,1.358667,-0.847998
1.79772,1.356913,-0.858082
1.795381,1.361298,-0.847121
1.798889,1.366267,-0.856475
1.805028,1.364806,-0.85399
1.830751,1.363929,-0.850336
1.803274,1.361882,-0.853698
1.808535,1.370652,-0.856621
1.806197,1.370944,-0.85779
1.812336,1.370944,-0.856913
1.805905,1.367436,-0.859106
1.811751,1.375621,-0.851359
1.81672,1.371236,-0.858667
1.822274,1.374744,-0.860421
1.819936,1.372113,-0.861736
1.819351,1.368898,-0.856182
1.820228,1.378252,-0.855305
1.823736,1.372406,-0.853552
1.826367,1.375621,-0.852382
1.82812,1.375914,-0.850775
1.83309,1.381467,-0.857352
1.830167,1.380006,-0.857644
1.838059,1.385852,-0.860129
1.832797,1.38439,-0.857206
1.84449,1.38176,-0.851798
1.842151,1.379129,-0.852236
1.839813,1.380883,-0.850044
1.848875,1.376498,-0.854136
1.842151,1.373867,-0.861736
1.850628,1.38059,-0.841567
1.855598,1.376206,-0.848875
1.851213,1.371529,-0.83879
1.842736,1.367144,-0.857206
1.855013,1.365975,-0.857059
1.865536,1.374452,-0.85589
1.865829,1.371821,-0.846828
1.859398,1.364806,-0.851944
1.865244,1.367729,-0.840836
1.867583,1.367144,-0.84449
1.866413,1.36919,-0.836598
1.870213,1.364221,-0.830751
1.87226,1.362467,-0.832944
1.87489,1.359252,-0.830605
1.876352,1.352821,-0.840251
1.887752,1.356329,-0.824028
1.878398,1.355744,-0.833236
1.886875,1.353405,-0.81979
1.89126,1.35779,-0.820228
1.893891,1.346098,-0.812482
1.897398,1.342882,-0.813797
1.905291,1.345513,-0.813359
1.899445,1.341713,-0.816282
1.901199,1.333236,-0.808536
1.89886,1.329728,-0.806782
1.902952,1.331774,-0.801666
1.905875,1.330313,-0.812482
1.901783,1.332067,-0.798597
1.905583,1.32622,-0.79392
1.911722,1.327974,-0.794066
1.904122,1.322128,-0.788658
1.912599,1.318036,-0.793335
1.907337,1.319497,-0.785881
1.915229,1.315405,-0.787781
1.913183,1.315405,-0.787051
1.918153,1.306051,-0.770535
1.915229,1.301958,-0.777258
1.922245,1.303712,-0.764104
1.926045,1.299912,-0.765858
1.924876,1.305174,-0.760012
1.927507,1.294651,-0.761766
1.921953,1.294358,-0.752996
1.923707,1.283251,-0.760012
1.924583,1.284712,-0.756504
1.925168,1.286174,-0.75285
1.913183,1.277989,-0.744958
1.926337,1.277989,-0.753435
1.933061,1.280327,-0.740573
1.928091,1.26805,-0.742327
1.936276,1.27185,-0.738965
1.935691,1.271266,-0.734581
1.923707,1.265419,-0.734873
1.935399,1.260158,-0.738819
1.938614,1.257527,-0.730927
1.942122,1.253142,-0.740281
1.933061,1.247004,-0.714557
1.940953,1.243204,-0.716165
1.93803,1.245835,-0.716019
1.937737,1.244665,-0.72698
1.942707,1.270389,-0.71558
1.942707,1.238819,-0.711342
1.944168,1.230927,-0.713826
1.950599,1.240281,-0.699065
1.94183,1.236481,-0.707249
1.941245,1.22888,-0.701257
1.941245,1.22508,-0.700818
1.934814,1.227711,-0.688103
1.94183,1.221865,-0.694826
1.949722,1.218942,-0.691464
1.947091,1.216019,-0.685326
1.94563,1.215726,-0.67758
1.946215,1.210465,-0.681672
1.950891,1.206957,-0.681964
1.943291,1.206957,-0.669395
1.943876,1.207542,-0.681672
1.953522,1.203742,-0.680649
1.946215,1.199065,-0.679626
1.951769,1.192634,-0.670272
1.944461,1.193218,-0.665595
1.940953,1.186787,-0.666618
1.940368,1.18708,-0.65931
1.945922,1.189711,-0.656241
1.930722,1.180941,-0.666033
1.934814,1.184741,-0.657849
1.939491,1.182695,-0.652295
1.943876,1.182111,-0.659164
1.936861,1.171587,-0.648056
1.935691,1.170418,-0.654049
1.931599,1.172172,-0.655072
1.940076,1.166033,-0.652441
1.934814,1.164572,-0.641625
1.931014,1.16311,-0.644402
1.924583,1.156387,-0.642064
1.932768,1.168664,-0.640456
1.928676,1.159602,-0.643525
1.932184,1.162526,-0.639579
1.925753,1.160187,-0.631102
1.927507,1.156972,-0.63344
1.923707,1.151125,-0.634756
1.929553,1.151125,-0.639579
1.921953,1.150833,-0.640602
1.92166,1.154049,-0.635779
1.917568,1.141479,-0.645864
1.919029,1.148202,-0.641333
1.919906,1.146156,-0.634464
1.916399,1.149079,-0.64411
1.91026,1.146741,-0.632125
1.905583,1.148202,-0.637387
1.901783,1.140895,-0.630517
1.907337,1.146741,-0.637387
1.90646,1.139141,-0.64221
1.907922,1.150541,-0.643525
1.893014,1.147618,-0.645133
1.896521,1.144402,-0.643379
1.900322,1.15551,-0.634756
1.894183,1.146448,-0.640894
1.888337,1.138264,-0.640602
1.884829,1.14791,-0.645133
1.885998,1.135633,-0.643233
1.889798,1.144695,-0.649664
1.885706,1.145571,-0.643233
1.877229,1.149664,-0.650687
1.879567,1.147618,-0.64031
1.873429,1.14411,-0.637241
1.881029,1.142648,-0.645425
1.880152,1.138848,-0.643818
1.873137,1.145571,-0.651856
1.875475,1.150833,-0.646887
1.864952,1.148495,-0.656972
1.862613,1.156387,-0.653318
1.859105,1.143818,-0.654049
1.863198,1.158433,-0.643379
1.864075,1.154049,-0.638556
1.864075,1.15931,-0.642064
1.859398,1.163987,-0.657995
1.852967,1.160187,-0.656679
1.854136,1.157264,-0.656679
1.849167,1.154633,-0.654049
1.85209,1.150833,-0.651564
1.848582,1.163403,-0.659895
1.844198,1.164572,-0.662818
1.851213,1.164864,-0.654487
1.846536,1.172172,-0.663695
1.837474,1.166326,-0.663841
1.838936,1.17071,-0.666764
1.834551,1.168664,-0.664572
1.833967,1.17568,-0.672464
1.831044,1.169541,-0.673487
1.828705,1.168664,-0.68021
1.829582,1.172172,-0.667787
1.826367,1.178895,-0.679187
1.829874,1.185911,-0.680795
1.828413,1.179772,-0.694972
1.831336,1.185326,-0.68708
1.819059,1.186787,-0.686349
1.819059,1.188249,-0.696872
1.826367,1.191757,-0.691903
1.811459,1.192341,-0.702426
1.817013,1.191465,-0.686787
1.815551,1.191465,-0.689418
1.815843,1.201403,-0.698188
1.812336,1.200234,-0.696141
1.821105,1.196726,-0.693657
1.807366,1.208419,-0.697018
1.805612,1.208711,-0.709588
1.807951,1.212219,-0.714849
1.807659,1.223911,-0.718357
1.80532,1.212803,-0.712072
1.805612,1.216896,-0.721134
1.796843,1.219526,-0.716749
1.798597,1.230927,-0.723911
1.799182,1.230342,-0.720696
1.800351,1.236773,-0.723619
1.790412,1.234727,-0.734727
1.79392,1.237357,-0.731365
1.789535,1.24145,-0.741158
1.786027,1.238527,-0.739988
1.79392,1.241742,-0.735019
1.792166,1.246419,-0.733265
1.785735,1.242911,-0.742765
1.795381,1.246127,-0.744811
1.789535,1.250219,-0.748173
1.790704,1.251388,-0.746565
1.788366,1.259281,-0.755335
1.788074,1.257235,-0.760304
1.789243,1.258696,-0.763958
1.779012,1.26045,-0.766589
1.780766,1.26425,-0.768927
1.783689,1.272143,-0.768343
1.78632,1.274773,-0.781058
1.783104,1.266589,-0.770827
1.785735,1.275943,-0.774481
1.784858,1.279158,-0.77112
1.775212,1.280327,-0.784127
1.785735,1.27945,-0.775358
1.774335,1.279743,-0.784127
1.785443,1.286758,-0.784566
1.786027,1.290851,-0.793043
1.778427,1.297866,-0.793628
1.780181,1.301374,-0.794505
1.783689,1.296989,-0.796405
1.787197,1.300497,-0.800058
1.781643,1.301958,-0.793335
1.784274,1.306635,-0.797866
1.780474,1.306635,-0.811751
1.788366,1.305759,-0.800351
1.775504,1.306051,-0.80722
1.784274,1.318328,-0.806928
1.787781,1.312482,-0.807512
1.788951,1.318036,-0.804443
1.783689,1.321543,-0.819497
1.788658,1.316866,-0.81672
1.790704,1.318913,-0.828559
1.77872,1.323297,-0.820666
1.783397,1.321251,-0.824467
1.791289,1.33119,-0.823005
1.78135,1.324467,-0.831482
1.785735,1.336159,-0.839959
1.788074,1.33499,-0.83499
1.787489,1.339667,-0.834113
1.791874,1.33879,-0.833967
1.790412,1.342882,-0.84259
1.792166,1.342005,-0.842151
1.786612,1.347267,-0.827682
1.79392,1.353405,-0.850628
1.787197,1.349021,-0.846975
1.793335,1.353698,-0.845513
1.794505,1.355744,-0.843467
1.802105,1.355744,-0.849167
1.795089,1.358375,-0.851798
1.795674,1.365975,-0.852821
1.799766,1.366267,-0.848582
1.795674,1.366267,-0.85399
1.800351,1.371236,-0.851652
1.791874,1.370944,-0.856182
1.793043,1.371236,-0.854136
1.796843,1.375037,-0.863344
1.807659,1.377667,-0.862029
1.802689,1.37416,-0.868898
1.800935,1.375329,-0.865098
1.799182,1.379421,-0.861298
1.805905,1.372406,-0.861444
1.802397,1.379129,-0.861298
1.805905,1.381175,-0.862467
1.807659,1.375914,-0.858375
1.810289,1.380298,-0.865536
1.821105,1.387314,-0.850044
1.818766,1.375621,-0.869629
1.812628,1.383514,-0.859398
1.826074,1.386144,-0.858082
1.826659,1.37299,-0.859398
1.826951,1.38936,-0.86159
1.827243,1.383806,-0.859982
1.827536,1.383806,-0.859982
1.82812,1.385267,-0.866852
1.821982,1.383221,-0.867583
1.836597,1.386144,-0.862029
1.832505,1.395791,-0.864513
1.834259,1.405145,-0.865683
1.826367,1.435253,-0.880298
1.811751,1.463315,-0.889506
1.79772,1.504531,-0.866852
1.797135,1.530839,-0.855305
1.77872,1.543116,-0.82359
1.783689,1.529377,-0.788951
1.787781,1.517685,-0.768781
1.779597,1.497808,-0.759427
1.785443,1.479684,-0.736334
1.792458,1.4753,-0.731219
1.78135,1.459807,-0.723619
1.78252,1.455422,-0.709296
1.786612,1.435838,-0.707103
1.783397,1.421222,-0.693949
1.789828,1.422391,-0.686787
1.794797,1.414206,-0.691611
1.786027,1.405145,-0.681818
1.783104,1.394621,-0.678457
1.781935,1.387021,-0.684303
1.773458,1.390529,-0.675533
1.775504,1.387314,-0.666472
1.774043,1.38556,-0.68211
1.769658,1.389652,-0.680357
1.769366,1.387021,-0.679041
1.777258,1.38936,-0.677287
1.770243,1.383221,-0.671003
1.772289,1.386729,-0.690003
1.768196,1.386729,-0.692341
1.768781,1.386729,-0.690149
1.765566,1.388191,-0.688249
1.771996,1.392575,-0.694241
1.762643,1.395791,-0.685472
1.770827,1.387314,-0.694972
1.767612,1.388483,-0.691026
1.757966,1.398714,-0.682403
1.75855,1.392868,-0.690003
1.754458,1.398129,-0.690295
1.758258,1.398714,-0.699065
1.757381,1.400468,-0.706519
1.757966,1.404268,-0.697457
1.757381,1.410406,-0.692488
1.751242,1.406314,-0.70418
1.749488,1.406606,-0.703595
1.749781,1.407191,-0.712949
1.751535,1.405145,-0.702865
1.750365,1.411283,-0.704911
1.742181,1.410114,-0.712072
1.746273,1.41216,-0.711926
1.738088,1.423268,-0.714849
1.747442,1.423853,-0.716603
1.740719,1.426191,-0.711196
1.740427,1.425899,-0.714703
1.745688,1.425606,-0.717773
1.744811,1.42853,-0.723473
1.736627,1.42356,-0.726103
1.736627,1.423853,-0.724496
1.743642,1.432622,-0.734434
1.739258,1.43116,-0.72318
1.737504,1.438761,-0.743788
1.731073,1.427068,-0.733996
1.732242,1.433207,-0.737211
1.73195,1.441684,-0.743788
1.73575,1.442561,-0.746711
1.739258,1.442561,-0.744081
1.728734,1.442268,-0.754312
1.732242,1.448407,-0.74715
1.731365,1.454545,-0.735457
1.732827,1.451915,-0.748027
1.73078,1.452499,-0.746419
1.732242,1.455422,-0.74335
1.743058,1.459222,-0.755773
1.729027,1.460392,-0.750804
1.727273,1.463607,-0.761035
1.727273,1.465361,-0.750365
1.72698,1.468869,-0.765858
1.733119,1.467115,-0.754896
1.725811,1.465946,-0.759573
1.722303,1.462146,-0.764396
1.715873,1.478807,-0.773604
1.721719,1.470038,-0.765419
1.722596,1.477638,-0.77492
1.722596,1.479684,-0.771996
1.724934,1.481146,-0.778135
1.722303,1.478515,-0.773166
1.727273,1.486992,-0.783104
1.713826,1.488746,-0.787343
1.723765,1.487284,-0.787051
1.722011,1.491961,-0.787635
1.717626,1.493715,-0.78632
1.722888,1.504531,-0.789974
1.725227,1.505408,-0.795381
1.726103,1.501608,-0.792751
1.729319,1.506285,-0.796697
1.728734,1.502777,-0.805174
1.725227,1.508623,-0.789097
1.732242,1.511839,-0.797282
1.725227,1.514177,-0.791728
1.727273,1.510962,-0.802543
1.727273,1.511839,-0.805466
1.72698,1.517977,-0.791581
1.733704,1.51447,-0.787928
1.729611,1.520316,-0.800643
1.736627,1.521777,-0.804151
1.732242,1.51827,-0.810874
1.736919,1.518562,-0.826805
1.736627,1.520608,-0.806197
1.729904,1.526454,-0.808828
1.732242,1.52587,-0.803859
1.739258,1.523531,-0.81482
1.732827,1.534639,-0.807951
1.743058,1.532593,-0.81102
1.746858,1.52587,-0.799182
1.741304,1.527916,-0.808828
1.743642,1.539024,-0.81862
1.74335,1.538439,-0.807512
1.742473,1.525577,-0.815551
1.740427,1.534054,-0.819059
1.741596,1.535516,-0.821543
1.753873,1.539608,-0.811312
1.750073,1.532008,-0.806197
1.749781,1.539901,-0.820666
1.754458,1.5285,-0.81862
1.752704,1.535516,-0.815989
1.748612,1.527624,-0.821982
1.757089,1.531716,-0.802982
1.754458,1.542531,-0.825051
1.757966,1.532885,-0.815697
1.764396,1.537562,-0.810289
1.765858,1.5285,-0.809705
1.770243,1.531424,-0.817451
1.767904,1.536101,-0.815697
1.769073,1.539316,-0.815989
1.766443,1.534054,-0.810582
1.775504,1.537562,-0.811459
1.773166,1.543116,-0.810728
1.775212,1.534639,-0.81292
1.77872,1.539024,-0.797866
1.779012,1.534931,-0.804882
1.782227,1.545455,-0.805028
1.779597,1.534931,-0.800935
1.781935,1.529085,-0.805905
1.790412,1.53347,-0.791874
1.78135,1.535516,-0.794358
1.783689,1.531424,-0.799328
1.790997,1.534054,-0.800935
1.787489,1.524408,-0.793189
1.784274,1.52967,-0.793043
1.795381,1.527624,-0.801082
1.793628,1.5285,-0.790997
1.792458,1.527039,-0.794651
1.794212,1.523531,-0.792605
1.796843,1.52967,-0.781935
1.798305,1.517685,-0.787343
1.795089,1.52207,-0.781497
1.805028,1.512716,-0.787928
1.807366,1.521193,-0.774773
1.801812,1.527039,-0.775797
1.800643,1.522362,-0.776673
1.799766,1.514177,-0.787051
1.80532,1.51447,-0.776527
1.811166,1.513885,-0.778427
1.812043,1.509208,-0.769804
1.811751,1.512423,-0.76995
1.814674,1.508623,-0.762789
1.810874,1.503654,-0.76805
1.811751,1.508039,-0.759573
1.814089,1.501315,-0.766296
1.819936,1.496054,-0.75475
1.815843,1.498685,-0.757819
1.82432,1.500731,-0.764543
1.819059,1.500146,-0.757819
1.82432,1.499854,-0.754312
1.822567,1.493423,-0.759573
1.822567,1.489331,-0.749488
1.82432,1.496638,-0.752119
1.820228,1.488161,-0.738234
1.827828,1.488454,-0.744958
1.82812,1.482023,-0.74715
1.832797,1.484654,-0.752265
1.830167,1.478515,-0.747881
1.827243,1.479684,-0.745835
1.828997,1.475884,-0.737942
1.834844,1.474423,-0.73078
1.834259,1.478515,-0.735457
1.837182,1.467407,-0.739988
1.826074,1.464484,-0.733557
1.828997,1.470038,-0.732388
1.828413,1.459222,-0.72698
1.83689,1.458638,-0.723473
1.83309,1.462146,-0.735019
1.82929,1.461561,-0.726542
1.833382,1.449576,-0.726688
1.840982,1.457761,-0.722742
1.833967,1.454838,-0.723034
1.834259,1.454545,-0.721426
1.847998,1.450161,-0.719088
1.842151,1.452792,-0.714557
1.839228,1.445776,-0.711634
1.828997,1.436422,-0.709003
1.841859,1.442561,-0.703449
1.83689,1.436714,-0.716749
1.841274,1.440807,-0.706519
1.838059,1.440807,-0.698772
1.841567,1.445192,-0.697895
1.831921,1.427653,-0.694534
1.841859,1.428237,-0.696288
1.83689,1.43496,-0.692634
1.831336,1.426776,-0.685326
1.836305,1.429991,-0.686203
1.836305,1.419468,-0.674364
1.839521,1.42736,-0.684157
1.835136,1.425314,-0.685472
1.845951,1.41976,-0.68021
1.842736,1.413914,-0.693218
1.846828,1.408068,-0.684595
1.847121,1.417422,-0.685472
1.83689,1.404852,-0.686203
1.841274,1.40836,-0.676995
1.845951,1.409529,-0.676703
1.844198,1.403975,-0.679918
1.838644,1.400175,-0.678749
1.839813,1.400175,-0.675826
1.839521,1.400175,-0.680357
1.840398,1.402806,-0.672172
1.843028,1.39696,-0.676995
1.844198,1.398714,-0.680941
1.838059,1.398422,-0.66311
1.84069,1.387021,-0.658579
1.835428,1.38556,-0.672318
1.833382,1.393744,-0.666033
1.840398,1.37416,-0.659602
1.84449,1.383221,-0.651272
1.834551,1.384098,-0.662379
1.831336,1.381467,-0.665303
1.832213,1.375621,-0.667933
1.834551,1.379714,-0.670272
1.82929,1.377375,-0.660918
1.833382,1.382344,-0.667933
1.829874,1.381467,-0.662379
1.830459,1.370944,-0.651125
1.827828,1.372698,-0.662233
1.832797,1.379129,-0.664133
1.837182,1.365683,-0.661502
1.833967,1.372113,-0.660772
1.826367,1.367144,-0.655656
1.832505,1.37416,-0.654049
1.826951,1.371529,-0.654487
1.822274,1.370944,-0.661795
1.826367,1.372698,-0.655072
1.82052,1.375329,-0.64981
1.820228,1.375621,-0.644987
1.82052,1.364513,-0.641333
1.81292,1.37036,-0.644402
1.81672,1.36919,-0.645864
1.815843,1.374452,-0.649079
1.819936,1.36919,-0.652879
1.807951,1.369483,-0.645425
1.805612,1.368313,-0.658141
1.807366,1.367436,-0.649956
1.818182,1.370067,-0.653464
1.808243,1.370652,-0.640748
1.806197,1.372406,-0.65741
1.799474,1.370067,-0.656095
1.799766,1.364221,-0.653464
1.795674,1.366267,-0.652587
1.798012,1.368313,-0.649956
1.800351,1.370944,-0.64791
1.795381,1.37036,-0.653025
1.796843,1.368606,-0.653025
1.797428,1.370652,-0.662379
1.795966,1.368606,-0.652295
1.795381,1.36919,-0.649225
1.793628,1.372698,-0.663695
1.790412,1.35779,-0.662087
1.793335,1.370652,-0.659749
1.784274,1.376498,-0.656241
1.787197,1.37679,-0.665887
1.789243,1.377083,-0.656972
1.787781,1.368606,-0.659456
1.781643,1.371821,-0.657849
1.782227,1.372406,-0.65361
1.781643,1.377667,-0.664133
1.775212,1.36919,-0.662526
1.776966,1.374744,-0.658872
1.781643,1.376206,-0.663402
1.77492,1.377083,-0.669833
1.77375,1.379129,-0.665595
1.779597,1.377083,-0.667495
1.772289,1.379129,-0.670564
1.767904,1.380883,-0.671441
1.77492,1.380006,-0.67758
1.76995,1.38176,-0.68898
1.773458,1.382344,-0.68898
1.767027,1.38439,-0.690734
1.763519,1.38059,-0.686934
1.769073,1.381175,-0.684157
1.766443,1.387021,-0.685326
1.767319,1.38556,-0.701111
1.764104,1.39316,-0.69468
1.795674,1.39316,-0.695995
1.75855,1.395498,-0.703157
1.757673,1.399883,-0.694388
1.762058,1.396375,-0.695557
1.755042,1.398422,-0.693657
1.760596,1.403975,-0.698772
1.749196,1.403975,-0.707103
1.743935,1.401052,-0.700672
1.751242,1.403975,-0.704911
1.752704,1.404268,-0.705788
1.75095,1.40456,-0.706519
1.748904,1.410406,-0.718065
1.745688,1.415668,-0.716311
1.741596,1.410991,-0.710757
1.749781,1.413329,-0.716165
1.744811,1.419176,-0.724788
1.740427,1.42093,-0.710465
1.744519,1.421806,-0.718796
1.731657,1.427653,-0.726542
1.733704,1.417422,-0.725227
1.741011,1.428822,-0.724642
1.731073,1.426191,-0.726688
1.743935,1.434668,-0.72698
1.737796,1.431745,-0.727565
1.738965,1.43613,-0.73955
1.731657,1.437299,-0.737065
1.729027,1.444314,-0.737942
1.73955,1.442268,-0.751388
1.734288,1.446361,-0.741011
1.729319,1.447238,-0.744958
1.729611,1.440222,-0.740719
1.733119,1.458053,-0.742181
1.719965,1.448407,-0.74905
1.726688,1.459515,-0.739696
1.727273,1.453084,-0.746565
1.72815,1.463315,-0.753289
1.72815,1.460392,-0.745981
1.718503,1.462146,-0.763958
1.721719,1.477054,-0.764981
1.722596,1.471792,-0.763812
1.723765,1.465361,-0.759573
1.727273,1.47033,-0.76615
1.721134,1.480561,-0.762789
1.725227,1.47413,-0.771996
1.727565,1.484946,-0.774043
1.719965,1.481146,-0.775358
1.723473,1.481438,-0.791435
1.71938,1.488746,-0.785151
1.717626,1.493715,-0.77375
1.71558,1.489038,-0.788512
1.712365,1.499269,-0.777843
1.719965,1.501315,-0.780474
1.717626,1.4981,-0.77492
1.718211,1.504531,-0.792458
1.717042,1.5019,-0.783835
1.725227,1.51447,-0.79392
1.722303,1.511839,-0.799912
1.729611,1.505408,-0.79202
1.729027,1.514762,-0.79582
1.72435,1.516516,-0.806635
1.724642,1.513008,-0.804589
1.725811,1.515639,-0.801666
1.734288,1.51827,-0.803712
1.729027,1.521777,-0.802105
1.733411,1.524993,-0.799912
1.733411,1.518562,-0.813505
1.72815,1.52967,-0.805905
1.735165,1.52967,-0.825782
1.735457,1.530839,-0.819351
1.737211,1.5247,-0.811312
1.729027,1.527624,-0.814236
1.73575,1.533177,-0.810289
1.729904,1.535808,-0.81789
1.735457,1.5285,-0.817451
1.734581,1.534347,-0.822859
1.736919,1.540193,-0.810728
1.734873,1.532885,-0.81292
1.740134,1.53727,-0.809851
1.73955,1.539901,-0.808536
1.744519,1.536393,-0.805466
1.741596,1.539316,-0.814089
1.750365,1.541654,-0.810436
1.753289,1.532885,-0.822567
1.756212,1.54107,-0.806197
1.755627,1.539608,-0.81862
1.744519,1.539316,-0.814089
1.754165,1.536685,-0.823443
1.753873,1.543701,-0.823736
1.761766,1.541654,-0.825197
1.754165,1.545162,-0.825051
1.758842,1.541654,-0.816428
1.759719,1.541362,-0.815405
1.763519,1.542531,-0.811166
1.761181,1.539608,-0.82622
1.770827,1.538147,-0.82929
1.773458,1.546916,-0.827828
1.768196,1.539316,-0.813797
1.772873,1.540778,-0.814528
1.775504,1.540193,-0.813943
1.771412,1.547501,-0.810289
1.780474,1.543116,-0.813066
1.782812,1.542239,-0.807951
1.778135,1.546916,-0.81292
1.783104,1.535808,-0.804297
1.784274,1.534639,-0.810582
1.784858,1.529377,-0.810436
1.788366,1.524116,-0.795235
1.787781,1.52967,-0.819936
1.786612,1.529962,-0.79392
1.787489,1.5323,-0.786904
1.793628,1.539024,-0.804735
1.794797,1.529085,-0.795966
1.794212,1.534054,-0.799182
1.796258,1.525577,-0.804151
1.79772,1.526747,-0.800789
1.793628,1.519731,-0.792605
1.802689,1.526454,-0.789828
1.801812,1.5285,-0.794212
1.810289,1.517685,-0.787781
1.805905,1.515931,-0.786904
1.812043,1.521485,-0.787635
1.813213,1.5133,-0.777697
1.807659,1.510669,-0.786758
1.809997,1.515639,-0.780327
1.810874,1.515054,-0.784127
1.814674,1.512131,-0.777404
1.818182,1.512716,-0.771266
1.808828,1.505992,-0.762935
1.813505,1.503946,-0.773604
1.818474,1.507746,-0.771558
1.809997,1.497515,-0.769366
1.816428,1.501023,-0.755773
1.826367,1.496346,-0.767758
1.82549,1.498685,-0.767904
1.820813,1.492838,-0.76995
1.819351,1.496054,-0.759866
1.824028,1.493131,-0.758112
1.819643,1.496931,-0.756796
1.826367,1.491377,-0.757527
1.817597,1.482607,-0.763519
1.825782,1.494592,-0.755773
1.822567,1.483777,-0.747588
1.825197,1.479684,-0.745688
1.828413,1.47793,-0.746711
1.828997,1.480269,-0.744665
1.826951,1.476177,-0.754458
1.825782,1.4791,-0.74525
1.83309,1.467992,-0.750365
1.830167,1.472084,-0.732242
1.829582,1.467407,-0.742619
1.828997,1.46653,-0.733557
1.834551,1.464484,-0.726396
1.834551,1.46273,-0.738527
1.835136,1.46653,-0.730196
1.833382,1.460099,-0.724934
1.838059,1.454253,-0.73195
1.831628,1.456299,-0.729757
1.833674,1.449576,-0.722011
1.836305,1.445776,-0.724642
1.83689,1.449868,-0.728004
1.835136,1.442561,-0.724203
1.835721,1.447822,-0.709588
1.834259,1.444022,-0.714996
1.840398,1.438761,-0.71178
1.831628,1.43613,-0.715142
1.842151,1.436422,-0.712511
1.829582,1.439345,-0.712365
1.834259,1.437884,-0.705642
1.834844,1.437884,-0.697895
1.834844,1.434376,-0.697603
1.834259,1.422976,-0.688249
1.835721,1.42853,-0.700818
1.836305,1.426191,-0.700672
1.798597,1.425314,-0.699065
1.838351,1.41713,-0.687811
1.833382,1.415668,-0.694534
1.83689,1.413037,-0.689564
1.843905,1.402222,-0.68138
1.84069,1.41713,-0.690003
1.841274,1.410699,-0.681087
1.838351,1.409529,-0.691611
1.837767,1.408945,-0.684157
1.836305,1.406314,-0.690588
1.836013,1.405437,-0.685764
1.838059,1.407191,-0.681234
1.837767,1.406314,-0.676849
1.843321,1.400468,-0.669395
1.838644,1.397837,-0.681964
1.844782,1.397545,-0.673049
1.838644,1.40076,-0.675241
1.841567,1.389944,-0.660918
1.837474,1.399883,-0.666179
1.837182,1.389068,-0.670564
1.837182,1.389944,-0.667203
1.843905,1.389944,-0.658579
1.833382,1.38936,-0.665887
1.833674,1.386437,-0.668372
1.840398,1.385852,-0.660187
1.834259,1.38439,-0.673341
1.833674,1.381467,-0.663841
1.834551,1.387606,-0.663549
1.834844,1.383514,-0.660626
1.834844,1.374452,-0.641187
1.830459,1.379714,-0.649225
1.831921,1.379129,-0.654779
1.82929,1.380883,-0.649956
1.82812,1.377083,-0.643087
1.828705,1.373867,-0.650833
1.819936,1.37679,-0.650833
1.81672,1.370067,-0.646302
1.819351,1.375329,-0.654049
1.819351,1.373283,-0.648933
1.813797,1.371821,-0.644695
1.814089,1.372698,-0.653756
1.82052,1.374744,-0.648787
1.817013,1.367436,-0.644695
1.814089,1.368606,-0.649079
1.812043,1.365098,-0.650687
1.812628,1.363344,-0.648787
1.813505,1.368313,-0.652002
1.807366,1.373575,-0.652002
1.807951,1.368898,-0.650833
1.807951,1.367729,-0.649372
1.802397,1.370944,-0.649079
1.802982,1.370944,-0.657995
1.806489,1.37416,-0.659018
1.802105,1.392283,-0.683864
1.792166,1.41976,-0.696434
1.78135,1.472669,-0.719965
1.771704,1.501315,-0.764104
1.771412,1.530839,-0.794651
1.777843,1.552762,-0.827828
1.793335,1.542824,-0.83879
1.798597,1.529962,-0.850044
1.810289,1.52587,-0.858375
1.812336,1.522362,-0.867436
1.823443,1.517977,-0.843028
1.826367,1.505992,-0.862467
1.826367,1.501315,-0.862759
1.831921,1.488161,-0.867144
1.841859,1.475592,-0.857059
1.850921,1.477346,-0.858229
1.848582,1.4753,-0.85589
1.854721,1.465946,-0.856475
1.857059,1.460099,-0.843905
1.857059,1.456007,-0.842298
1.865244,1.450161,-0.856767
1.863783,1.456592,-0.843321
1.872552,1.447238,-0.840544
1.871675,1.445192,-0.836744
1.868752,1.434668,-0.837328
1.871967,1.431453,-0.825928
1.875183,1.427945,-0.833821
1.886291,1.427945,-0.82622
1.890675,1.422976,-0.816574
1.891552,1.419468,-0.818036
1.895645,1.413037,-0.797428
1.887167,1.413914,-0.810436
1.892429,1.406022,-0.808828
1.900029,1.404268,-0.803566
1.898275,1.40076,-0.800497
1.907629,1.397545,-0.797135
1.908214,1.395206,-0.803274
1.912014,1.394914,-0.802689
1.910845,1.396668,-0.78252
1.907337,1.383514,-0.786466
1.915522,1.392575,-0.787489
1.906752,1.377667,-0.764835
1.916106,1.375329,-0.769512
1.919322,1.375621,-0.767904
1.913476,1.370944,-0.760742
1.923999,1.363052,-0.763373
1.919614,1.368898,-0.757673
1.924583,1.360129,-0.750512
1.927507,1.351944,-0.763958
1.92283,1.345805,-0.746419
1.924876,1.346975,-0.74905
1.926922,1.342882,-0.743642
1.930137,1.343174,-0.737504
1.932768,1.341713,-0.728442
1.936861,1.336451,-0.73268
1.939491,1.33119,-0.731365
1.936861,1.325636,-0.72698
1.936568,1.324174,-0.721719
1.942122,1.322128,-0.72698
1.935107,1.313359,-0.718357
1.94563,1.311897,-0.711634
1.945922,1.306051,-0.699503
1.934522,1.301666,-0.699211
1.938322,1.294943,-0.706372
1.937737,1.295235,-0.706665
1.942122,1.293189,-0.689857
1.945922,1.289974,-0.691611
1.945922,1.291435,-0.689564
1.938614,1.280327,-0.686495
1.942415,1.238527,-0.681672
1.932768,1.275943,-0.683718
1.944753,1.265419,-0.672756
1.911137,1.268635,-0.673195
1.938322,1.259281,-0.660772
1.950307,1.263666,-0.651856
1.938907,1.258112,-0.659456
1.943876,1.248173,-0.658579
1.943291,1.246711,-0.652879
1.940368,1.246711,-0.651418
1.942707,1.24525,-0.643525
1.935691,1.234434,-0.649664
1.939784,1.232388,-0.642648
1.945045,1.231219,-0.639433
1.93803,1.234434,-0.636364
1.944168,1.227127,-0.633148
1.934814,1.226542,-0.631833
1.93803,1.218357,-0.618825
1.935107,1.217773,-0.617363
1.932184,1.212511,-0.625548
1.933937,1.212219,-0.616779
1.934814,1.21368,-0.617948
1.937153,1.205495,-0.62131
1.930137,1.204326,-0.609617
1.927799,1.197895,-0.616925
1.92926,1.197895,-0.614002
1.926045,1.200234,-0.609617
1.920199,1.188834,-0.613417
1.922245,1.191757,-0.608155
1.926045,1.191465,-0.602748
1.917568,1.185618,-0.595001
1.912891,1.191172,-0.603917
1.910845,1.182111,-0.600702
1.91026,1.177726,-0.603625
1.911429,1.180064,-0.605086
1.912599,1.178018,-0.599971
1.914353,1.174803,-0.605232
1.905291,1.17948,-0.596025
1.907922,1.17451,-0.603186
1.906168,1.172757,-0.598655
1.901199,1.176849,-0.595148
1.902368,1.177141,-0.597048
1.901199,1.177726,-0.60304
1.897983,1.176264,-0.592955
1.893598,1.172464,-0.60304
1.89126,1.165449,-0.597486
1.890968,1.172464,-0.608886
1.882198,1.169541,-0.605671
1.881614,1.17188,-0.586524
1.875475,1.173341,-0.592517
1.87606,1.174803,-0.606548
1.870213,1.170418,-0.593978
1.874598,1.165449,-0.602163
1.866706,1.170418,-0.599532
1.865536,1.161356,-0.604794
1.865536,1.171587,-0.610932
1.865536,1.166326,-0.60494
1.863198,1.178603,-0.609032
1.862029,1.171587,-0.607717
1.857352,1.170418,-0.605379
1.854136,1.17188,-0.620433
1.846536,1.173926,-0.615756
1.854721,1.172757,-0.62321
1.846244,1.165156,-0.626571
1.842151,1.173633,-0.61824
1.839521,1.177433,-0.61941
1.832797,1.177726,-0.624817
1.829874,1.176264,-0.62204
1.830751,1.181234,-0.622333
1.83309,1.183864,-0.628033
1.836013,1.177141,-0.626717
1.82929,1.181234,-0.628179
1.827536,1.187957,-0.627302
1.826659,1.186787,-0.634464
1.817305,1.180064,-0.624671
1.817013,1.189418,-0.641918
1.819351,1.188541,-0.639433
1.815259,1.193511,-0.64221
1.816428,1.197311,-0.63841
1.812628,1.197018,-0.650248
1.816428,1.19848,-0.649664
1.805905,1.204034,-0.657118
1.803274,1.202865,-0.654633
1.807659,1.206665,-0.672172
1.805612,1.206957,-0.656095
1.802397,1.208126,-0.668226
1.803859,1.213388,-0.668664
1.795089,1.22508,-0.669833
1.791874,1.219526,-0.674072
1.800935,1.21748,-0.678749
1.79392,1.224788,-0.665741
1.786612,1.22508,-0.678749
1.788658,1.233265,-0.679334
1.786612,1.232681,-0.685326
1.787489,1.237065,-0.685472
1.776966,1.236481,-0.681818
1.780474,1.238527,-0.677433
1.77755,1.237942,-0.685472
1.78252,1.244081,-0.697457
1.773166,1.242911,-0.693657
1.779304,1.247588,-0.690441
1.771996,1.250804,-0.704765
1.774043,1.253435,-0.708857
1.77112,1.257235,-0.715873
1.771412,1.263666,-0.721719
1.764104,1.263373,-0.71938
1.76615,1.267173,-0.724057
1.761473,1.275358,-0.718796
1.764104,1.27565,-0.729319
1.761473,1.270973,-0.732096
1.764689,1.278866,-0.710611
1.760304,1.279743,-0.733704
1.75855,1.27682,-0.735165
1.755042,1.278574,-0.735311
1.750365,1.287051,-0.743204
1.749781,1.292897,-0.747004
1.744811,1.291728,-0.752704
1.75095,1.296697,-0.747588
1.744811,1.302251,-0.753142
1.744519,1.309851,-0.757673
1.75095,1.306928,-0.754604
1.747442,1.315697,-0.753289
1.750073,1.323882,-0.755189
1.746565,1.319497,-0.770681
1.749781,1.315697,-0.779597
1.744227,1.328851,-0.787343
1.74335,1.330313,-0.78062
1.742473,1.329728,-0.78442
1.74335,1.327682,-0.779012
1.740427,1.332067,-0.789535
1.737504,1.336744,-0.792751
1.737504,1.335867,-0.792458
1.743642,1.344051,-0.804443
1.735457,1.345805,-0.81102
1.745104,1.351944,-0.802105
1.736042,1.353698,-0.806928
1.738088,1.360129,-0.805612
1.741888,1.356913,-0.813943
1.748904,1.361882,-0.813651
1.742765,1.367436,-0.818328
1.741596,1.37796,-0.823297
1.737504,1.372113,-0.820959
1.744519,1.375329,-0.827682
1.741304,1.380006,-0.820666
1.732827,1.38439,-0.826659
1.748027,1.384975,-0.831774
1.746273,1.385267,-0.831921
1.734873,1.389652,-0.835574
1.739258,1.396668,-0.852529
1.740427,1.399883,-0.840251
1.742473,1.399298,-0.842298
1.741888,1.398714,-0.840982
1.741596,1.406314,-0.843613
1.737211,1.404852,-0.857206
1.733704,1.410114,-0.855598
1.746273,1.41216,-0.853259
1.744519,1.417422,-0.854721
1.752996,1.415668,-0.855305
1.743642,1.42473,-0.854282
1.743935,1.424437,-0.865536
1.752412,1.424145,-0.862759
1.748904,1.425314,-0.849021
1.748904,1.42473,-0.857206
1.755335,1.433499,-0.874598
1.748612,1.438468,-0.866998
1.750365,1.440807,-0.864221
1.755627,1.434376,-0.864659
1.750658,1.441099,-0.869629
1.751242,1.442268,-0.874452
1.756212,1.437007,-0.879421
1.753873,1.446361,-0.88059
1.756212,1.448407,-0.878252
1.761473,1.441976,-0.86919
1.757966,1.449284,-0.883221
1.764104,1.452792,-0.885706
1.76995,1.449576,-0.882929
1.774627,1.464484,-0.883075
1.772581,1.454838,-0.890383
1.76995,1.457176,-0.888191
1.776089,1.465069,-0.885414
1.770243,1.464484,-0.878837
1.776381,1.465653,-0.88746
1.776089,1.466238,-0.882929
1.783981,1.463022,-0.888191
1.791581,1.472669,-0.891114
1.785443,1.464192,-0.89126
1.790704,1.465069,-0.890821
1.794505,1.472084,-0.891845
1.793043,1.464484,-0.882198
1.794797,1.465653,-0.887314
1.798012,1.472084,-0.871821
1.805028,1.467115,-0.880006
1.808243,1.468869,-0.893014
1.808535,1.461853,-0.883514
1.801228,1.469453,-0.884683
1.810874,1.458346,-0.881614
1.812336,1.463607,-0.881906
1.819059,1.4677,-0.89126
1.819936,1.460684,-0.87036
1.82549,1.461853,-0.87226
1.82549,1.466238,-0.877521
1.82812,1.463022,-0.871383
1.821105,1.458638,-0.876352
1.834259,1.460684,-0.873283
1.839521,1.462438,-0.86919
1.842151,1.463607,-0.856621
1.838351,1.453376,-0.850628
1.848582,1.458346,-0.853552
1.847998,1.460099,-0.863052
1.855013,1.44373,-0.853552
1.851798,1.456007,-0.856913
1.856182,1.44753,-0.846098
1.866413,1.450161,-0.850482
1.862613,1.452499,-0.84829
1.851798,1.450161,-0.847413
1.861736,1.441684,-0.854575
1.861444,1.437884,-0.83499
1.870506,1.43116,-0.835574
1.874598,1.432037,-0.835428
1.881029,1.429991,-0.844782
1.880737,1.427068,-0.834259
1.876644,1.425314,-0.828559
1.889214,1.425022,-0.810289
1.89126,1.417714,-0.827974
1.888337,1.420345,-0.826513
1.882783,1.40836,-0.809412
1.893891,1.411576,-0.803274
1.886583,1.406899,-0.797282
1.893891,1.399298,-0.807805
1.901199,1.396668,-0.799328
1.899152,1.394621,-0.801812
1.900906,1.38936,-0.801374
1.908214,1.386144,-0.785881
1.916399,1.382052,-0.795089
1.912014,1.386729,-0.778866
1.912014,1.380883,-0.788658
1.913476,1.383514,-0.782081
1.914645,1.383514,-0.781789
1.925753,1.378252,-0.769512
1.916983,1.36539,-0.767758
1.92283,1.374452,-0.753581
1.929845,1.363052,-0.752704
1.931307,1.359252,-0.756504
1.926922,1.349898,-0.752558
1.92926,1.34639,-0.740719
1.927799,1.346975,-0.741304
1.930722,1.345221,-0.743642
1.936276,1.344051,-0.728442
1.933937,1.337328,-0.721719
1.92926,1.327682,-0.725811
1.931307,1.329436,-0.731804
1.931307,1.324174,-0.710611
1.933937,1.320666,-0.704765
1.940368,1.308097,-0.706957
1.931599,1.316574,-0.699065
1.937153,1.313359,-0.704765
1.944461,1.310728,-0.697165
1.94183,1.303712,-0.691464
1.935984,1.299328,-0.700088
1.938322,1.294943,-0.686057
1.941538,1.294066,-0.695557
1.942707,1.289097,-0.684011
1.944461,1.28442,-0.673926
1.946215,1.285297,-0.671003
1.930722,1.279158,-0.671295
1.943876,1.283543,-0.667495
1.945045,1.271266,-0.66691
1.947091,1.265419,-0.672464
1.942707,1.266881,-0.65741
1.946507,1.255773,-0.653902
1.939199,1.255481,-0.658287
1.943291,1.249927,-0.644695
1.941538,1.244958,-0.653318
1.941245,1.247004,-0.643671
1.939491,1.239404,-0.638994
1.93803,1.237942,-0.633733
1.940953,1.238819,-0.63081
1.930137,1.230927,-0.648641
1.935399,1.220403,-0.625987
1.93803,1.221573,-0.63271
1.93043,1.220111,-0.618971
1.931307,1.213096,-0.624233
1.931014,1.219526,-0.614733
1.927507,1.21368,-0.623648
1.927507,1.213973,-0.614002
1.925753,1.208419,-0.616925
1.930137,1.197311,-0.617217
1.92926,1.210757,-0.62014
1.931307,1.192049,-0.607863
1.924583,1.201111,-0.602748
1.921368,1.192926,-0.605963
1.928091,1.190588,-0.598801
1.92546,1.186787,-0.60114
1.917568,1.185034,-0.604794
1.924291,1.18708,-0.590178
1.919029,1.186787,-0.595878
1.918445,1.182111,-0.600117
1.911429,1.179772,-0.606402
1.909675,1.176557,-0.594271
1.909968,1.175972,-0.597778
1.90646,1.176849,-0.594271
1.915229,1.174218,-0.594709
1.904999,1.167203,-0.593832
1.897398,1.171587,-0.602455
1.896229,1.169249,-0.599825
1.890675,1.173926,-0.595148
1.896814,1.16691,-0.605671
1.893014,1.166326,-0.596755
1.888921,1.17071,-0.590178
1.88366,1.163987,-0.597048
1.881321,1.163403,-0.582286
1.882783,1.165449,-0.589155
1.87986,1.161064,-0.598655
1.875475,1.166326,-0.594124
1.87606,1.176557,-0.596171
1.866413,1.16691,-0.60494
1.865829,1.169249,-0.596901
1.874013,1.166033,-0.606548
1.862906,1.162233,-0.60114
1.858521,1.161941,-0.606548
1.861444,1.16311,-0.603917
1.856475,1.160479,-0.605379
1.853844,1.166033,-0.605963
1.850628,1.170418,-0.598217
1.851798,1.166033,-0.613417
1.848582,1.173049,-0.611663
1.844198,1.169833,-0.607425
1.844782,1.17071,-0.615609
1.839228,1.178603,-0.613125
1.842151,1.173926,-0.606402
1.837182,1.176849,-0.625402
1.839228,1.182987,-0.60684
1.832797,1.180357,-0.616048
1.837474,1.181234,-0.619556
1.827536,1.171587,-0.622625
1.830459,1.179187,-0.625402
1.823443,1.181526,-0.62511
1.822859,1.186203,-0.63461
1.823736,1.186495,-0.635194
1.823151,1.184741,-0.630517
1.819351,1.192341,-0.636364
1.817305,1.186495,-0.639141
1.817889,1.196726,-0.63344
1.813505,1.201695,-0.633879
1.806489,1.193803,-0.644987
1.808828,1.197603,-0.659456
1.802689,1.199357,-0.653025
1.810874,1.210465,-0.649664
1.795381,1.210465,-0.659602
1.788658,1.208126,-0.651125
1.800058,1.216603,-0.65361
1.789535,1.22128,-0.662233
1.797135,1.217188,-0.669541
1.787781,1.220403,-0.67758
1.782812,1.224788,-0.66311
1.790997,1.232681,-0.673926
1.783397,1.234434,-0.676264
1.780766,1.231804,-0.682257
1.779597,1.23765,-0.683134
1.784858,1.238819,-0.687372
1.774335,1.242619,-0.680795
1.782227,1.243788,-0.692926
1.770243,1.249342,-0.688834
1.766735,1.251388,-0.709734
1.772581,1.249927,-0.699942
1.767904,1.253727,-0.69848
1.770243,1.253435,-0.703157
1.768196,1.256942,-0.71178
1.764981,1.265419,-0.711196
1.761766,1.258989,-0.712949
1.769073,1.266881,-0.720988
1.76995,1.271266,-0.726103
1.764396,1.273312,-0.738527
1.759427,1.277112,-0.72245
1.760596,1.27682,-0.736773
1.757381,1.285589,-0.731365
1.753873,1.283835,-0.750219
1.759135,1.289097,-0.739988
1.751827,1.291728,-0.747881
1.758258,1.309559,-0.750365
1.760889,1.306343,-0.748319
1.752704,1.306635,-0.754165
1.751242,1.306051,-0.751681
1.759427,1.313651,-0.751827
1.748904,1.313066,-0.754604
1.745396,1.313651,-0.759135
1.749196,1.314236,-0.755335
1.75475,1.322713,-0.774189
1.750658,1.329144,-0.77375
1.753289,1.336159,-0.779158
1.749196,1.330605,-0.774627
1.744811,1.334113,-0.786612
1.741011,1.340544,-0.781789
1.743935,1.342298,-0.789243
1.742473,1.345221,-0.787051
1.739258,1.345221,-0.798743
1.736919,1.347267,-0.800058
1.738381,1.357498,-0.788951
1.74715,1.357498,-0.798451
1.737211,1.362175,-0.808828
1.738673,1.371821,-0.809266
1.740134,1.367436,-0.816574
1.741596,1.366852,-0.823882
1.736919,1.368313,-0.818766
1.737504,1.368313,-0.811751
1.736919,1.377667,-0.813505
1.736334,1.383514,-0.824759
1.736627,1.382929,-0.82812
1.738088,1.384098,-0.821836
1.738381,1.382052,-0.826805
1.741304,1.384683,-0.834405
1.737211,1.384975,-0.831336
1.743058,1.392575,-0.828705
1.736627,1.398714,-0.83309
1.736919,1.407483,-0.840982
1.743642,1.406022,-0.835721
1.745104,1.409237,-0.841859
1.744811,1.40836,-0.838644
1.743058,1.412745,-0.845659
1.748027,1.415668,-0.845805
1.744227,1.410406,-0.847705
1.746565,1.422683,-0.853259
1.749488,1.41596,-0.859106
1.749781,1.425899,-0.858813
1.751827,1.43613,-0.864075
1.757966,1.432622,-0.873137
1.756504,1.433499,-0.867436
1.755042,1.434376,-0.879714
1.761473,1.433791,-0.86729
1.757673,1.432037,-0.87036
1.75475,1.438468,-0.873137
1.763519,1.441684,-0.885852
1.759719,1.439053,-0.875475
1.760304,1.449576,-0.87796
1.760596,1.447238,-0.872552
1.765273,1.45133,-0.873137
1.762643,1.451622,-0.882344
1.766735,1.459222,-0.872406
1.771704,1.457176,-0.884975
1.777258,1.458053,-0.884975
1.771704,1.453961,-0.885121
1.77375,1.465069,-0.879714
1.768196,1.464192,-0.874744
1.773166,1.453376,-0.883367
1.780181,1.459515,-0.87606
1.78632,1.465946,-0.887021
1.781935,1.465069,-0.884391
1.784566,1.456884,-0.87489
1.79392,1.454253,-0.88059
1.792751,1.461853,-0.894621
1.793043,1.457761,-0.880006
1.793335,1.45893,-0.881321
1.796551,1.469161,-0.87679
1.795089,1.461561,-0.881175
1.80152,1.468284,-0.878983
1.805612,1.461853,-0.880444
1.802105,1.460976,-0.88059
1.805028,1.48553,-0.882783
1.804151,1.504823,-0.890529
1.79772,1.530254,-0.88059
1.788074,1.53347,-0.845221
1.78252,1.547793,-0.834697
1.782812,1.530547,-0.794651
1.788366,1.512131,-0.772289
1.775504,1.509208,-0.77302
1.780766,1.495469,-0.758258
1.78135,1.493715,-0.746858
1.78252,1.503069,-0.747588
1.786027,1.493715,-0.758696
1.786027,1.487577,-0.750073
1.786904,1.482607,-0.738381
1.784858,1.477054,-0.733704
1.77872,1.469453,-0.725811
1.783689,1.468869,-0.711196
1.78632,1.474423,-0.724934
1.787489,1.472376,-0.723765
1.786904,1.469453,-0.721865
1.785151,1.465653,-0.707103
1.785735,1.453084,-0.715288
1.784858,1.45513,-0.713973
1.784566,1.456592,-0.717188
1.779304,1.455715,-0.724788
1.787489,1.456299,-0.714265
1.781643,1.45513,-0.713096
1.782812,1.455422,-0.723911
1.786027,1.453376,-0.718211
1.779597,1.45133,-0.713388
1.784858,1.456884,-0.718942
1.780766,1.453376,-0.708272
1.775797,1.453961,-0.716603
1.777258,1.456299,-0.703888
1.781935,1.45133,-0.708126
1.777258,1.451915,-0.709003
1.772289,1.459807,-0.712949
1.779304,1.451915,-0.710903
1.776381,1.448407,-0.716603
1.77872,1.448407,-0.721865
1.775212,1.449868,-0.710611
1.779012,1.453376,-0.716603
1.772289,1.453084,-0.708272
1.77492,1.450161,-0.704911
1.77375,1.453376,-0.695557
1.775797,1.454838,-0.704326
1.772873,1.448992,-0.702718
1.774043,1.452207,-0.71178
1.770827,1.446653,-0.714265
1.770827,1.44753,-0.708565
1.766443,1.451038,-0.703595
1.764981,1.454838,-0.706811
1.777258,1.452499,-0.707542
1.773458,1.457176,-0.705203
1.774043,1.453961,-0.707542
1.782812,1.451915,-0.706665
1.775504,1.450745,-0.709003
1.770827,1.453668,-0.72055
1.767612,1.446945,-0.716749
1.765858,1.440807,-0.718357
1.770827,1.447822,-0.715873
1.761473,1.45513,-0.728442
1.764689,1.453961,-0.714119
1.768489,1.45513,-0.714703
1.767904,1.449868,-0.708857
1.764104,1.458053,-0.71748
1.767319,1.444607,-0.716749
1.76235,1.451915,-0.706957
1.759135,1.449576,-0.719819
1.761473,1.452207,-0.718796
1.75095,1.453376,-0.712803
1.756796,1.457469,-0.716749
1.762058,1.458346,-0.718211
1.764104,1.464776,-0.715726
1.758258,1.45513,-0.720696
1.764689,1.458053,-0.72128
1.760304,1.45513,-0.710465
1.762935,1.469746,-0.728004
1.75855,1.460976,-0.72888
1.754165,1.458346,-0.728588
1.755919,1.464776,-0.726834
1.754165,1.465361,-0.72508
1.759135,1.467407,-0.736627
1.755335,1.464484,-0.736334
1.760012,1.46273,-0.725811
1.752704,1.456592,-0.725957
1.752119,1.470038,-0.736481
1.752119,1.459807,-0.731365
1.747735,1.465946,-0.733119
1.751535,1.473546,-0.737504
1.755335,1.473253,-0.737796
1.750658,1.471207,-0.734434
1.750365,1.470623,-0.73268
1.75095,1.477054,-0.723911
1.759719,1.4829,-0.736627
1.751827,1.473838,-0.736042
1.751827,1.474423,-0.732827
1.755335,1.47413,-0.738234
1.755042,1.483192,-0.731804
1.751827,1.484654,-0.745104
1.754458,1.470623,-0.734581
1.748319,1.476177,-0.73268
1.746858,1.48553,-0.73955
1.758842,1.478807,-0.744665
1.753289,1.471207,-0.74905
1.724057,1.47793,-0.755042
1.755919,1.483192,-0.741304
1.756796,1.483484,-0.74335
1.754165,1.484361,-0.740427
1.757089,1.4829,-0.750658
1.762058,1.4829,-0.753727
1.753873,1.484361,-0.74905
1.757966,1.479392,-0.742619
1.757381,1.48173,-0.753581
1.756504,1.491961,-0.748173
1.752996,1.484946,-0.751973
1.762935,1.4867,-0.755335
1.748319,1.479392,-0.741304
1.754458,1.483192,-0.74905
1.755919,1.48553,-0.748612
1.75475,1.500438,-0.75475
1.757089,1.483777,-0.750365
1.761473,1.486992,-0.746711
1.759719,1.489623,-0.745835
1.760012,1.486408,-0.75095
1.760304,1.491669,-0.737942
1.754165,1.484654,-0.742473
1.761473,1.493131,-0.746858
1.756504,1.492254,-0.742911
1.759135,1.488454,-0.745835
1.764396,1.484946,-0.748612
1.758842,1.483192,-0.754019
1.760889,1.498685,-0.746419
1.760012,1.492254,-0.751681
1.765566,1.492254,-0.750512
1.765858,1.491084,-0.746858
1.762058,1.481438,-0.750073
1.766443,1.489038,-0.744081
1.751535,1.488161,-0.758696
1.765273,1.501023,-0.752704
1.764981,1.491377,-0.752704
1.764104,1.483777,-0.748027
1.759719,1.484946,-0.750658
1.764104,1.487869,-0.748465
1.762643,1.494592,-0.761327
1.768196,1.48553,-0.772873
1.772289,1.489331,-0.754165
1.75855,1.489331,-0.761035
1.774627,1.482023,-0.757966
1.771996,1.47793,-0.743496
1.771996,1.482607,-0.756065
1.767612,1.489331,-0.751388
1.771996,1.477638,-0.742327
1.77492,1.481146,-0.748173
1.77492,1.482023,-0.744373
1.770535,1.485238,-0.752704
1.771704,1.48553,-0.752412
1.769073,1.478223,-0.73955
1.774627,1.488454,-0.744227
1.76995,1.481438,-0.737796
1.770535,1.472961,-0.749342
1.776089,1.480561,-0.744958
1.774043,1.481146,-0.753289
1.76995,1.473546,-0.752704
1.776673,1.480854,-0.751681
1.780181,1.477638,-0.75095
1.769658,1.474423,-0.743058
1.769073,1.480561,-0.745542
1.769073,1.480269,-0.747004
1.776673,1.478223,-0.744665
1.778135,1.469746,-0.739988
1.78632,1.48173,-0.746127
1.776673,1.484361,-0.753142
1.777843,1.478515,-0.740134
1.774627,1.476177,-0.742327
1.780474,1.479392,-0.740719
1.777258,1.477346,-0.740865
1.77872,1.476761,-0.734727
1.775504,1.477346,-0.736042
1.783104,1.477054,-0.747004
1.780474,1.471207,-0.735019
1.780474,1.4753,-0.745835
1.779012,1.475592,-0.741304
1.779304,1.4753,-0.733411
1.773458,1.476469,-0.730634
1.778427,1.475884,-0.737796
1.784858,1.471792,-0.733704
1.793043,1.472669,-0.734142
1.785735,1.481438,-0.749196
1.784274,1.471792,-0.735604
1.781935,1.475592,-0.73268
1.78632,1.47413,-0.737211
1.781935,1.469746,-0.735604
1.775504,1.470038,-0.729319
1.782812,1.4753,-0.737357
1.788951,1.462146,-0.736334
1.779012,1.475007,-0.736919
1.786904,1.47413,-0.725811
1.789828,1.467992,-0.73078
1.787197,1.47033,-0.733557
1.787489,1.473838,-0.734581
1.783104,1.467115,-0.736334
1.785735,1.470915,-0.729173
1.789535,1.477346,-0.728296
1.790412,1.472669,-0.732096
1.783689,1.472084,-0.73005
1.78632,1.468576,-0.726834
1.787489,1.467407,-0.725519
1.784274,1.47033,-0.720257
1.788074,1.463607,-0.731511
1.79012,1.46653,-0.723765
1.792751,1.466238,-0.726396
1.791874,1.463315,-0.72318
1.792458,1.464776,-0.72318
1.795089,1.465069,-0.731073
1.790412,1.46273,-0.72245
1.788074,1.474423,-0.735311
1.792751,1.465069,-0.728296
1.792458,1.468284,-0.720257
1.798012,1.457761,-0.726396
1.792751,1.456884,-0.732096
1.797135,1.463315,-0.72625
1.791289,1.464484,-0.716457
1.787781,1.464776,-0.721719
1.792751,1.457761,-0.720842
1.789535,1.461269,-0.716457
1.789828,1.460976,-0.72698
1.790997,1.461269,-0.723619
1.788951,1.460099,-0.720403
1.789535,1.460392,-0.713242
1.792458,1.461269,-0.719088
1.792458,1.468869,-0.71558
1.795966,1.465361,-0.728588
1.794212,1.461269,-0.723473
1.797135,1.495762,-0.71558
1.788366,1.4943,-0.715142
1.792751,1.461853,-0.71178
1.79012,1.465653,-0.719526
1.791581,1.458346,-0.716603
1.785151,1.464776,-0.71865
1.787781,1.465653,-0.716019
1.789828,1.460099,-0.721134
1.783104,1.455715,-0.724934
1.792166,1.463899,-0.710611
1.783689,1.459515,-0.721573
1.780766,1.468869,-0.717919
1.776089,1.464192,-0.709588
1.779012,1.456592,-0.714265
1.779597,1.467115,-0.709734
1.788658,1.463607,-0.711196
1.790412,1.468576,-0.71558
1.788658,1.460099,-0.706665
1.779889,1.463022,-0.705057
1.784274,1.458638,-0.707834
1.788366,1.459222,-0.707542
1.783689,1.452792,-0.714557
1.788951,1.46653,-0.716165
1.788074,1.451915,-0.704472
1.789535,1.456299,-0.711634
1.784858,1.455422,-0.709149
1.781058,1.458346,-0.713388
1.786612,1.459515,-0.710903
1.786612,1.451038,-0.713826
1.784858,1.464776,-0.711196
1.781058,1.460392,-0.708711
1.788366,1.454838,-0.704472
1.779012,1.459515,-0.707103
1.783981,1.456007,-0.705788
1.786904,1.457469,-0.711196
1.775504,1.459807,-0.711488
1.78135,1.46653,-0.714703
1.786027,1.461853,-0.708711
1.777843,1.457761,-0.712803
1.780766,1.456592,-0.713388
1.780181,1.458346,-0.709442
1.787197,1.458346,-0.714996
1.779597,1.459515,-0.67641
1.778135,1.454545,-0.707103
1.779889,1.457176,-0.711196
1.779012,1.456884,-0.710026
1.779012,1.456592,-0.717042
1.781058,1.453961,-0.710903
1.781643,1.450453,-0.706372
1.770535,1.457761,-0.724642
1.77492,1.451915,-0.712511
1.784274,1.460099,-0.712511
1.777843,1.454545,-0.710611
1.778135,1.464776,-0.705057
1.783104,1.456299,-0.712949
1.78135,1.457469,-0.712072
1.78135,1.458638,-0.706519
1.785735,1.460392,-0.708272
1.779012,1.452207,-0.707542
1.782812,1.450453,-0.697749
1.781058,1.455422,-0.70988
1.774335,1.453961,-0.70228
1.76995,1.457176,-0.706226
1.771996,1.45893,-0.700088
1.779889,1.453668,-0.702865
1.775504,1.460684,-0.708565
1.783104,1.457761,-0.710172
1.781935,1.448699,-0.705057
1.775212,1.453084,-0.706372
1.775797,1.449868,-0.712657
1.770535,1.448992,-0.711634
1.770535,1.453376,-0.710611
1.773166,1.454253,-0.699065
1.771996,1.454253,-0.720696
1.772581,1.453084,-0.713388
1.772873,1.455422,-0.713388
1.780181,1.446361,-0.718796
1.772581,1.455422,-0.723765
1.769658,1.452207,-0.714411
1.767904,1.452499,-0.707249
1.764981,1.446945,-0.708711
1.770827,1.44753,-0.710172
1.779304,1.450745,-0.72128
1.770535,1.457469,-0.716311
1.76995,1.453376,-0.720988
1.771412,1.457469,-0.714703
1.767612,1.458638,-0.714996
1.769658,1.45133,-0.711049
1.768781,1.452792,-0.719965
1.768489,1.422099,-0.709003
1.766443,1.455715,-0.722303
1.763812,1.449868,-0.714119
1.763519,1.450745,-0.727419
1.769658,1.459515,-0.72245
1.767904,1.462146,-0.718503
1.767904,1.453668,-0.728296
1.767027,1.461269,-0.72698
1.775212,1.467115,-0.709296
1.76615,1.462438,-0.727857
1.762935,1.460684,-0.714119
1.757966,1.462438,-0.720111
1.758842,1.459807,-0.716311
1.762935,1.457469,-0.724203
1.759135,1.460684,-0.713242
1.760596,1.465361,-0.718065
1.755042,1.463607,-0.72245
1.757089,1.462438,-0.718503
1.757966,1.467407,-0.725373
1.762058,1.465653,-0.72815
1.755627,1.474423,-0.714557
1.751242,1.471207,-0.730927
1.750658,1.46653,-0.72625
1.753581,1.472084,-0.72245
1.760304,1.4677,-0.718065
1.756796,1.47413,-0.73268
1.758842,1.473838,-0.732096
1.754458,1.472669,-0.734434
1.752412,1.468869,-0.732534
1.756796,1.475007,-0.734434
1.753289,1.473546,-0.731657
1.756504,1.47793,-0.74525
1.755919,1.479684,-0.748465
1.758258,1.478515,-0.744665
1.757673,1.48553,-0.738088
1.756796,1.485238,-0.737796
1.748319,1.483484,-0.732973
1.751535,1.481438,-0.740134
1.750073,1.483484,-0.737942
1.748319,1.482023,-0.743058
1.756212,1.482607,-0.743788
1.752996,1.486408,-0.736481
1.755627,1.476761,-0.734288
1.756212,1.481438,-0.745981
1.752412,1.481438,-0.714996
1.752996,1.483192,-0.737942
1.754165,1.485238,-0.741158
1.760889,1.482023,-0.749781
1.72698,1.486408,-0.750804
1.756212,1.487869,-0.743642
1.75855,1.491377,-0.747881
1.748319,1.486408,-0.756504
1.755335,1.489038,-0.760889
1.758842,1.487577,-0.760742
1.755919,1.493423,-0.742765
1.759427,1.490792,-0.753581
1.760889,1.490208,-0.751096
1.760596,1.493131,-0.762204
1.755042,1.488454,-0.752265
1.758258,1.492838,-0.741742
1.766443,1.501608,-0.753873
1.767027,1.492254,-0.752412
1.764981,1.486115,-0.750073
1.766735,1.48553,-0.756065
1.760012,1.487577,-0.763081
1.75855,1.497515,-0.745104
1.760304,1.490208,-0.744373
1.769366,1.486115,-0.744227
1.759135,1.493715,-0.749927
1.759427,1.490208,-0.759427
1.754458,1.491669,-0.748758
1.763519,1.486115,-0.757381
1.762058,1.4905,-0.758404
1.764396,1.4829,-0.75475
1.765566,1.492546,-0.760742
1.762643,1.489623,-0.748612
1.76615,1.489915,-0.761912
1.773458,1.487869,-0.745688
1.767027,1.491669,-0.760012
1.764396,1.495469,-0.752996
1.763227,1.489915,-0.761912
1.768196,1.492254,-0.755627
1.767904,1.481438,-0.756212
1.774043,1.487577,-0.754896
1.765273,1.486115,-0.751827
1.76615,1.486992,-0.712511
1.760889,1.489623,-0.751827
1.767904,1.493715,-0.749635
1.765566,1.489331,-0.759573
1.768196,1.485238,-0.758404
1.773166,1.489331,-0.754312
1.776089,1.489623,-0.762204
1.767904,1.47793,-0.762204
1.777258,1.486115,-0.757235
1.771996,1.485823,-0.751681
1.774335,1.488161,-0.751242
1.776381,1.486115,-0.758258
1.773458,1.486992,-0.754604
1.771996,1.489038,-0.752119
1.78252,1.4867,-0.748319
1.775797,1.488746,-0.751535
1.779012,1.486992,-0.745688
1.77492,1.487577,-0.755042
1.770243,1.488161,-0.750512
1.771412,1.486408,-0.744519
1.767319,1.494884,-0.738527
1.773458,1.486115,-0.748319
1.774627,1.485238,-0.749342
1.771996,1.490792,-0.750073
1.775212,1.479684,-0.746565
1.780474,1.479392,-0.75095
1.781935,1.489331,-0.751973
1.781935,1.484654,-0.759719
1.783981,1.483777,-0.735896
1.776381,1.480269,-0.745104
1.786612,1.487284,-0.745981
1.77755,1.4829,-0.740134
1.786904,1.487869,-0.75855
1.77755,1.486408,-0.763812
1.779304,1.484069,-0.740865
1.780474,1.487577,-0.758989
1.782812,1.480561,-0.753435
1.775504,1.48173,-0.747588
1.779597,1.477638,-0.738527
1.78632,1.485238,-0.746273
1.784274,1.484946,-0.741742
1.783981,1.483484,-0.744373
1.784566,1.477346,-0.736481
1.784566,1.469161,-0.744519
1.785151,1.473546,-0.739696
1.790997,1.476177,-0.731804
1.780474,1.468284,-0.733265
1.778135,1.476761,-0.729611
1.783397,1.477054,-0.74335
1.780474,1.482315,-0.728296
1.784274,1.480561,-0.733557
1.788658,1.472376,-0.730342
1.788658,1.477346,-0.73195
1.790412,1.476761,-0.738234
1.789535,1.475592,-0.72508
1.784274,1.469161,-0.738673
1.780766,1.472084,-0.72815
1.77755,1.472376,-0.743204
1.78252,1.472084,-0.73005
1.786612,1.476469,-0.733119
1.785735,1.472376,-0.721719
1.785735,1.467407,-0.715726
1.790997,1.474715,-0.728442
1.788366,1.467115,-0.729319
1.788658,1.456007,-0.73268
1.780181,1.472084,-0.730488
1.788951,1.469161,-0.735311
1.783397,1.475592,-0.717773
1.785735,1.469161,-0.72055
1.782812,1.463899,-0.724203
1.783104,1.464192,-0.722011
1.786612,1.461269,-0.728442
1.790997,1.461269,-0.727127
1.77872,1.460684,-0.725811
1.783689,1.466238,-0.718065
1.784566,1.463022,-0.725519
1.787489,1.462146,-0.737065
1.790704,1.461561,-0.716749
1.781935,1.456884,-0.721573
1.787489,1.463899,-0.722888
1.791289,1.459807,-0.724788
1.795089,1.458053,-0.721426
1.79012,1.455715,-0.71558
1.790997,1.457761,-0.737796
1.792166,1.463315,-0.726834
1.786027,1.456299,-0.720988
1.794212,1.461561,-0.723327
1.781935,1.458346,-0.720403
1.77755,1.458053,-0.720111
1.783689,1.456592,-0.72055
1.783981,1.464484,-0.720988
1.780474,1.459515,-0.725373
1.784858,1.459222,-0.731219
1.785151,1.460392,-0.720111
1.786027,1.457469,-0.719819
1.787197,1.465946,-0.72318
1.789828,1.459515,-0.713096
1.787781,1.460976,-0.73078
1.784274,1.461853,-0.729319
1.780766,1.454545,-0.72435
1.783104,1.456884,-0.719526
1.781935,1.459807,-0.727857
1.784274,1.457176,-0.719526
1.78135,1.452792,-0.735604
1.776381,1.459222,-0.72055
1.780766,1.45893,-0.72435
1.78632,1.45513,-0.728296
1.786027,1.449284,-0.714411
1.78632,1.451915,-0.711196
1.783397,1.45513,-0.721865
1.785151,1.461561,-0.724496
1.79012,1.459807,-0.731657
1.788074,1.45893,-0.718357
1.782812,1.45893,-0.719965
1.784274,1.454253,-0.718211
1.782812,1.458346,-0.720257
1.78632,1.45513,-0.729173
1.784566,1.457469,-0.71748
1.774043,1.463899,-0.729465
1.781935,1.489623,-0.75095
1.767904,1.520023,-0.785151
1.775797,1.531131,-0.812043
1.780766,1.54867,-0.852382
1.788951,1.53347,-0.869044
1.79772,1.512423,-0.876498
1.818766,1.503362,-0.873575
1.836597,1.48553,-0.874013
1.849459,1.410114,-0.863052
1.859398,1.368606,-0.855159
1.866121,1.343759,-0.837621
1.873429,1.317451,-0.825928
1.877521,1.30342,-0.811751
1.871675,1.289097,-0.801812
1.878398,1.27185,-0.796697
1.876352,1.263958,-0.797866
1.87226,1.252265,-0.789097
1.877521,1.242619,-0.784127
1.87606,1.232681,-0.778135
1.884537,1.222157,-0.768489
1.87226,1.22625,-0.772873
1.883075,1.232388,-0.777112
1.87606,1.224496,-0.770681
1.880444,1.226834,-0.76732
1.874306,1.224496,-0.756504
1.873429,1.220111,-0.755773
1.876644,1.221573,-0.751681
1.877229,1.212219,-0.761766
1.87869,1.210465,-0.75475
1.883952,1.208711,-0.760596
1.880737,1.203449,-0.763373
1.882783,1.210757,-0.74525
1.877521,1.208711,-0.752996
1.876937,1.204619,-0.751388
1.873721,1.211049,-0.745688
1.875767,1.20228,-0.756212
1.871967,1.214557,-0.752119
1.875475,1.210172,-0.757966
1.881029,1.206372,-0.764835
1.876937,1.202572,-0.757527
1.877813,1.204619,-0.760889
1.874013,1.203742,-0.749342
1.875475,1.20988,-0.756065
1.87869,1.20988,-0.763227
1.875475,1.206372,-0.754165
1.878398,1.210465,-0.757966
1.87869,1.209588,-0.755042
1.878106,1.205788,-0.758696
1.874598,1.204326,-0.783104
1.881029,1.211342,-0.752412
1.870506,1.207542,-0.75855
1.873429,1.206372,-0.761912
1.87606,1.20988,-0.754604
1.878398,1.210757,-0.763373
1.883075,1.211342,-0.744373
1.87489,1.209296,-0.752119
1.885414,1.206957,-0.754604
1.875767,1.209588,-0.760012
1.873137,1.204619,-0.754458
1.879567,1.209588,-0.758258
1.878983,1.214557,-0.763666
1.878398,1.212219,-0.762643
1.871383,1.213388,-0.749196
1.876937,1.21368,-0.756065
1.880737,1.214557,-0.758989
1.875183,1.21368,-0.751242
1.878983,1.210757,-0.754896
1.878983,1.213973,-0.757235
1.870798,1.213973,-0.751242
1.876644,1.215726,-0.762496
1.881614,1.211634,-0.764835
1.878106,1.209296,-0.749927
1.879567,1.207834,-0.750219
1.874013,1.209003,-0.763373
1.881614,1.212803,-0.757381
1.881321,1.211049,-0.753142
1.876352,1.213096,-0.753727
1.87869,1.214849,-0.753581
1.884829,1.214557,-0.746711
1.878398,1.207542,-0.751096
1.880444,1.206665,-0.754019
1.882491,1.211634,-0.747881
1.876352,1.208419,-0.746419
1.875767,1.214265,-0.757966
1.880444,1.215142,-0.756212
1.885706,1.211926,-0.754165
1.881906,1.211049,-0.748904
1.882491,1.211634,-0.763081
1.874306,1.216603,-0.756358
1.881906,1.218065,-0.752704
1.882198,1.214849,-0.742181
1.883075,1.218357,-0.747735
1.888921,1.217188,-0.749635
1.875475,1.211634,-0.745542
1.884537,1.211926,-0.757381
1.871675,1.211049,-0.754604
1.873429,1.214849,-0.759427
1.876644,1.213973,-0.753142
1.882198,1.21748,-0.751973
1.881029,1.214557,-0.742181
1.884537,1.211926,-0.753142
1.879567,1.212511,-0.758112
1.880152,1.211342,-0.742765
1.881029,1.214557,-0.743788
1.885706,1.215434,-0.749342
1.881029,1.207249,-0.75095
1.880444,1.211049,-0.750804
1.881614,1.207834,-0.747004
1.882783,1.218942,-0.754458
1.881321,1.212219,-0.753581
1.884537,1.205788,-0.75095
1.881029,1.207834,-0.760304
1.876352,1.21368,-0.75855
1.877813,1.213388,-0.763081
1.887167,1.210757,-0.755627
1.878106,1.215726,-0.754165
1.885998,1.215142,-0.742765
1.876352,1.213096,-0.750804
1.874013,1.211342,-0.742765
1.87986,1.216603,-0.743204
1.87489,1.216019,-0.747296
1.883075,1.215142,-0.745981
1.881906,1.21368,-0.751388
1.875183,1.209588,-0.745688
1.884537,1.224203,-0.750804
1.875767,1.216896,-0.752119
1.871675,1.212511,-0.747004
1.878983,1.215434,-0.752265
1.882783,1.223327,-0.750512
1.888921,1.221573,-0.752119
1.881906,1.215142,-0.751681
1.87606,1.216603,-0.743788
1.87606,1.211049,-0.755919
1.876352,1.217188,-0.749342
1.879275,1.218357,-0.752558
1.877521,1.219819,-0.746565
1.877229,1.216311,-0.745688
1.877229,1.218942,-0.744811
1.87489,1.220988,-0.782374
1.881029,1.223911,-0.750073
1.875767,1.214265,-0.749488
1.875183,1.219819,-0.746565
1.872552,1.216019,-0.742181
1.882198,1.219234,-0.740427
1.876644,1.219819,-0.747442
1.877813,1.217773,-0.748904
1.87489,1.217188,-0.749927
1.877229,1.219526,-0.744958
1.875475,1.220403,-0.746273
1.874013,1.21368,-0.756065
1.885121,1.216311,-0.743058
1.873137,1.223327,-0.744373
1.876644,1.213973,-0.758112
1.87606,1.209588,-0.764981
1.874598,1.211049,-0.747004
1.885414,1.216311,-0.743058
1.883952,1.218357,-0.744665
1.883952,1.220988,-0.745104
1.885706,1.215726,-0.750365
1.87606,1.211049,-0.735896
1.877229,1.212803,-0.747442
1.873721,1.220988,-0.735896
1.87489,1.218942,-0.741304
1.876644,1.218357,-0.755189
1.876352,1.213973,-0.753289
1.873137,1.213096,-0.749927
1.880152,1.21865,-0.742327
1.87986,1.21368,-0.757089
1.873721,1.219234,-0.739988
1.874306,1.219234,-0.747735
1.877229,1.219234,-0.744811
1.874013,1.216603,-0.747881
1.876352,1.213388,-0.749635
1.869336,1.215142,-0.745981
1.875183,1.215434,-0.748173
1.877229,1.220988,-0.739258
1.879275,1.223034,-0.739696
1.866998,1.221865,-0.737504
1.880737,1.22245,-0.749781
1.878398,1.218065,-0.743935
1.87869,1.217773,-0.734142
1.881029,1.221573,-0.749927
1.879567,1.23005,-0.74525
1.880444,1.225957,-0.737942
1.877521,1.220403,-0.748173
1.877521,1.219234,-0.754312
1.880444,1.218065,-0.749196
1.878398,1.218357,-0.759427
1.87986,1.216896,-0.750512
1.87869,1.219526,-0.750804
1.885414,1.211342,-0.740427
1.870798,1.216896,-0.753142
1.876937,1.219526,-0.75855
1.87606,1.217188,-0.755773
1.878398,1.212219,-0.742327
1.870798,1.208419,-0.757089
1.867875,1.218357,-0.753581
1.873137,1.220111,-0.759281
1.874306,1.210172,-0.751681
1.871383,1.213388,-0.742181
1.867583,1.213973,-0.75665
1.87226,1.223619,-0.760596
1.871967,1.219234,-0.744665
1.86729,1.217773,-0.749342
1.873721,1.214265,-0.753873
1.873721,1.217188,-0.753435
1.876352,1.214849,-0.757673
1.866121,1.211634,-0.754604
1.873721,1.213973,-0.743788
1.868752,1.21748,-0.738965
1.874306,1.21748,-0.744373
1.869336,1.219526,-0.761766
1.866706,1.211342,-0.749196
1.875767,1.213973,-0.752996
1.875475,1.209588,-0.759427
1.879567,1.209296,-0.747296
1.872552,1.21368,-0.757673
1.871675,1.212219,-0.744811
1.872844,1.214557,-0.745835
1.870213,1.21368,-0.745396
1.871967,1.215434,-0.750073
1.867875,1.215726,-0.746127
1.866998,1.20988,-0.745835
1.864952,1.21865,-0.749635
1.875183,1.217188,-0.739404
1.873137,1.215434,-0.755042
1.871967,1.211342,-0.756504
1.881029,1.211926,-0.74335
1.872552,1.20988,-0.739696
1.870798,1.20988,-0.748612
1.880444,1.220696,-0.74335
1.877813,1.211342,-0.737065
1.883367,1.214265,-0.742181
1.888044,1.214849,-0.740427
1.880737,1.208419,-0.746565
1.881906,1.207834,-0.749196
1.869921,1.204911,-0.749781
1.870798,1.204911,-0.753581
1.876937,1.211926,-0.749781
1.869044,1.212219,-0.746711
1.873721,1.214557,-0.750365
1.87489,1.208419,-0.748319
1.877229,1.209588,-0.756065
1.877521,1.212803,-0.758989
1.876937,1.213096,-0.750512
1.875183,1.205203,-0.749781
1.876352,1.211049,-0.759135
1.879567,1.216311,-0.739988
1.872552,1.210757,-0.739404
1.876937,1.211342,-0.75095
1.876644,1.212803,-0.749342
1.881614,1.21368,-0.756358
1.882198,1.210757,-0.761181
1.883367,1.210757,-0.757673
1.875475,1.215142,-0.757381
1.870798,1.208419,-0.744958
1.885706,1.206665,-0.746273
1.885414,1.216019,-0.747442
1.884537,1.212803,-0.755773
1.884829,1.208419,-0.756504
1.881614,1.213096,-0.744081
1.87606,1.211634,-0.757381
1.877813,1.207834,-0.756796
1.877229,1.211634,-0.76045
1.882491,1.208419,-0.762643
1.882491,1.207834,-0.750658
1.873137,1.209003,-0.744958
1.871675,1.20988,-0.751388
1.875183,1.209296,-0.757527
1.883367,1.208126,-0.757381
1.876352,1.200526,-0.747881
1.881614,1.206372,-0.759866
1.882783,1.204619,-0.755627
1.877521,1.211342,-0.753435
1.884537,1.211926,-0.754165
1.878983,1.209588,-0.751827
1.876644,1.21368,-0.749342
1.875183,1.206957,-0.75095
1.878398,1.212219,-0.755627
1.87869,1.205203,-0.751827
1.876352,1.199357,-0.744811
1.87986,1.204326,-0.754312
1.880152,1.207834,-0.752119
1.878398,1.201403,-0.754312
1.87606,1.202865,-0.750658
1.878106,1.215434,-0.760012
1.879567,1.206372,-0.753727
1.876937,1.211342,-0.752412
1.867875,1.200526,-0.759281
1.869629,1.195557,-0.752119
1.864952,1.201403,-0.752265
1.874306,1.204326,-0.751827
1.87489,1.193218,-0.758842
1.879275,1.204034,-0.768927
1.879567,1.196434,-0.748612
1.871967,1.208419,-0.761473
1.880444,1.208126,-0.756796
1.87489,1.208419,-0.748319
1.87489,1.204911,-0.751827
1.87606,1.210757,-0.757819
1.881029,1.207249,-0.74905
1.876644,1.201403,-0.749927
1.872844,1.206665,-0.753873
1.875475,1.207542,-0.743204
1.873429,1.213388,-0.748027
1.874598,1.206372,-0.742473
1.876644,1.210172,-0.747442
1.873137,1.209003,-0.748319
1.871383,1.205788,-0.756212
1.871383,1.204326,-0.753581
1.871967,1.207834,-0.751535
1.871675,1.206957,-0.745835
1.871675,1.211926,-0.760304
1.874013,1.20608,-0.754312
1.874306,1.207542,-0.755919
1.87869,1.206957,-0.756796
1.876937,1.208126,-0.751973
1.88366,1.208126,-0.756504
1.880444,1.20608,-0.748612
1.878398,1.206372,-0.757527
1.874013,1.203157,-0.753727
1.876937,1.208419,-0.748173
1.878106,1.208711,-0.749781
1.878983,1.20988,-0.748027
1.866413,1.20988,-0.756504
1.872844,1.205495,-0.755481
1.871675,1.207542,-0.749342
1.879567,1.211926,-0.763227
1.881614,1.211342,-0.756065
1.87109,1.211049,-0.763519
1.871967,1.204619,-0.759866
1.880152,1.211926,-0.756358
1.876352,1.209296,-0.752119
1.876644,1.204034,-0.761473
1.869629,1.206957,-0.751681
1.881029,1.203742,-0.756212
1.873429,1.203157,-0.747004
1.880152,1.211634,-0.744081
1.87986,1.20988,-0.764835
1.87489,1.199649,-0.748758
1.883367,1.207249,-0.764543
1.881029,1.207542,-0.75475
1.882491,1.21368,-0.757673
1.882198,1.210757,-0.748612
1.877521,1.216019,-0.753289
1.87986,1.211926,-0.755042
1.877521,1.208711,-0.758258
1.877521,1.205788,-0.755627
1.879567,1.20228,-0.750512
1.877229,1.199942,-0.755042
1.874598,1.213096,-0.755335
1.833674,1.214849,-0.749927
1.881614,1.208419,-0.751681
1.871675,1.210172,-0.760012
1.878398,1.213388,-0.749927
1.877521,1.213973,-0.75475
1.879567,1.207542,-0.762643
1.873137,1.204911,-0.758696
1.877229,1.209003,-0.760742
1.87869,1.215142,-0.757819
1.880152,1.209003,-0.755773
1.877521,1.218065,-0.757966
1.876937,1.208419,-0.751973
1.875183,1.211342,-0.755335
1.877813,1.208126,-0.750658
1.883367,1.210172,-0.748319
1.884537,1.209588,-0.753142
1.878106,1.211926,-0.765127
1.881321,1.211342,-0.759573
1.878106,1.20608,-0.766881
1.87489,1.207834,-0.747881
1.879275,1.209588,-0.753727
1.878983,1.212511,-0.751388
1.878983,1.211342,-0.75855
1.877229,1.213973,-0.755042
1.877521,1.211926,-0.757966
1.874013,1.208711,-0.754604
1.876937,1.219526,-0.749635
1.87986,1.220403,-0.763081
1.871675,1.21748,-0.745835
1.880737,1.223034,-0.755189
1.87869,1.222742,-0.750219
1.878983,1.220403,-0.744665
1.881614,1.215726,-0.743642
1.87489,1.210757,-0.752704
1.881614,1.213096,-0.753435
1.881614,1.211926,-0.747881
1.87869,1.218357,-0.750219
1.877521,1.207542,-0.746419
1.880152,1.22128,-0.75665
1.874598,1.216603,-0.740134
1.883367,1.215726,-0.746711
1.87869,1.215142,-0.750073
1.881906,1.215726,-0.752558
1.870798,1.212511,-0.745542
1.877521,1.214557,-0.743642
1.87606,1.210172,-0.742473
1.876937,1.209588,-0.752412
1.875475,1.220403,-0.749488
1.878398,1.212511,-0.746565
1.874306,1.210172,-0.746711
1.873429,1.211926,-0.751681
1.881029,1.207834,-0.746127
1.877813,1.219526,-0.741158
1.870213,1.215142,-0.758112
1.874306,1.213096,-0.742619
1.877229,1.216019,-0.74145
1.880152,1.214557,-0.740281
1.872552,1.20988,-0.74145
1.869336,1.216311,-0.741742
1.871675,1.214849,-0.749781
1.87869,1.212803,-0.745542
1.875183,1.215142,-0.748612
1.881029,1.213388,-0.755481
1.881614,1.216896,-0.730927
1.880152,1.208419,-0.749635
1.874013,1.213973,-0.744665
1.876937,1.211634,-0.74715
1.877229,1.220111,-0.74905
1.87489,1.215434,-0.735457
1.869336,1.21865,-0.747442
1.87606,1.218942,-0.744081
1.87489,1.219234,-0.747735
1.87986,1.21368,-0.739842
1.879567,1.214557,-0.751096
1.871967,1.21865,-0.753289
1.87606,1.217773,-0.745396
1.866121,1.209296,-0.74905
1.868459,1.223619,-0.753727
1.866413,1.21865,-0.734873
1.878983,1.20988,-0.782958
1.874306,1.216603,-0.756796
1.875475,1.211634,-0.750365
1.870213,1.213973,-0.748758
1.905875,1.213388,-0.751388
1.873429,1.216896,-0.74715
1.872844,1.216311,-0.753727
1.87226,1.214265,-0.749488
1.877813,1.211342,-0.746711
1.869629,1.21748,-0.743496
1.875183,1.215726,-0.756358
1.871967,1.215434,-0.748612
1.876644,1.212803,-0.754896
1.877521,1.214265,-0.742619
1.867583,1.219526,-0.740573
1.87109,1.219234,-0.73765
1.869629,1.217188,-0.749635
1.871675,1.222742,-0.750804
1.87489,1.219819,-0.740573
1.879275,1.220988,-0.748612
1.875475,1.216019,-0.743788
1.874306,1.214849,-0.74335
1.873137,1.218942,-0.753581
1.868752,1.217773,-0.743642
1.87606,1.209296,-0.737357
1.872844,1.214557,-0.738527
1.866413,1.218357,-0.752412
1.873137,1.220696,-0.748612
1.870213,1.215726,-0.741888
1.873429,1.225957,-0.753289
1.875183,1.215434,-0.752119
1.875475,1.216311,-0.740134
1.884537,1.219234,-0.75475
1.877229,1.214557,-0.741304
1.873721,1.218357,-0.750512
1.876352,1.216019,-0.746127
1.876937,1.214849,-0.734727
1.871383,1.213973,-0.747735
1.878106,1.211926,-0.742327
1.874598,1.220988,-0.745396
1.879275,1.216603,-0.739258
1.870506,1.217188,-0.746127
1.873721,1.213973,-0.738088
1.875183,1.216896,-0.749342
1.906168,1.212219,-0.744373
1.838351,1.213388,-0.756796
1.874306,1.213388,-0.749342
1.876644,1.213096,-0.751973
1.877521,1.212219,-0.751388
1.875475,1.213388,-0.745981
1.868459,1.209003,-0.74905
1.877229,1.211926,-0.738673
1.881029,1.21865,-0.732973
1.878398,1.216896,-0.748465
1.875475,1.213973,-0.739404
1.875183,1.21748,-0.749342
1.874598,1.210172,-0.739842
1.877813,1.210757,-0.751242
1.87489,1.215142,-0.743496
1.879567,1.218357,-0.747881
1.878398,1.219526,-0.750365
1.876352,1.210465,-0.756358
1.873429,1.218942,-0.757381
1.882783,1.211926,-0.74525
1.872552,1.211926,-0.745981
1.882491,1.217773,-0.745981
1.877813,1.219526,-0.74525
1.879275,1.216603,-0.738088
1.876937,1.214265,-0.735457
1.87489,1.220696,-0.760012
1.879567,1.214265,-0.744081
1.874306,1.211926,-0.750804
1.878106,1.218357,-0.743788
1.867875,1.212803,-0.753727
1.874013,1.214849,-0.740427
1.87109,1.215726,-0.741742
1.874013,1.219526,-0.742034
1.879567,1.208419,-0.745396
1.875183,1.215142,-0.71748
1.867875,1.206957,-0.764689
1.875183,1.208419,-0.73765
1.869044,1.206372,-0.740573
1.870506,1.210172,-0.744958
1.87869,1.212511,-0.752412
1.872552,1.20988,-0.750804
1.870213,1.21368,-0.74525
1.872552,1.214557,-0.758989
1.869044,1.211926,-0.739404
1.876937,1.216311,-0.749781
1.873721,1.211049,-0.746711
1.87606,1.205203,-0.752996
1.870506,1.208419,-0.751827
1.87606,1.211342,-0.758258
1.881029,1.209296,-0.752704
1.878398,1.216019,-0.748904
1.877521,1.230927,-0.750804
1.869921,1.239988,-0.786904
1.868167,1.268635,-0.793043
1.847705,1.318036,-0.827828
1.841567,1.375037,-0.858229
1.83309,1.427945,-0.865829
1.816428,1.472084,-0.878398
1.807659,1.503654,-0.864659
1.800935,1.526162,-0.858667
1.798889,1.536101,-0.844928
1.790997,1.52967,-0.816136
1.785151,1.5285,-0.807074
1.781643,1.512716,-0.770973
1.781643,1.490208,-0.742765
1.774627,1.452499,-0.72128
1.776381,1.418883,-0.690295
1.778427,1.370944,-0.668372
1.785443,1.347559,-0.663987
1.783104,1.323005,-0.657556
1.787781,1.308974,-0.64601
1.779889,1.293481,-0.641771
1.786904,1.292604,-0.631833
1.788951,1.277404,-0.639433
1.786027,1.262204,-0.625402
1.787197,1.263666,-0.636802
1.782227,1.255773,-0.645133
1.788366,1.253435,-0.64791
1.781058,1.252558,-0.656241
1.775797,1.254019,-0.656241
1.777843,1.248465,-0.652879
1.772289,1.25285,-0.651272
1.765566,1.253142,-0.67378
1.765858,1.257235,-0.667495
1.763227,1.254604,-0.675095
1.754165,1.254896,-0.669687
1.764396,1.259281,-0.668664
1.764689,1.259281,-0.670418
1.760304,1.267758,-0.677872
1.769366,1.261327,-0.683572
1.756796,1.263958,-0.690441
1.757381,1.271558,-0.691757
1.750658,1.27682,-0.693949
1.751242,1.280912,-0.695849
1.752704,1.281204,-0.701842
1.752119,1.283835,-0.699503
1.747735,1.282666,-0.718796
1.748612,1.285297,-0.711342
1.75095,1.288804,-0.703742
1.750658,1.292604,-0.713096
1.747735,1.298451,-0.711926
1.745981,1.303128,-0.72888
1.73575,1.302835,-0.717042
1.732242,1.307512,-0.730634
1.737796,1.313651,-0.734288
1.731657,1.320959,-0.736773
1.738381,1.31482,-0.735896
1.732827,1.322128,-0.75285
1.729027,1.323297,-0.75285
1.725519,1.321836,-0.750365
1.724642,1.330313,-0.750658
1.728442,1.332359,-0.752704
1.719088,1.33499,-0.761619
1.727273,1.345221,-0.767027
1.722011,1.347852,-0.767466
1.724934,1.35399,-0.767612
1.72055,1.361006,-0.769512
1.721134,1.359836,-0.780181
1.713826,1.355159,-0.785004
1.718796,1.370944,-0.782227
1.714119,1.374452,-0.792751
1.716457,1.369775,-0.790851
1.711488,1.381467,-0.801082
1.709149,1.381175,-0.793043
1.712949,1.383514,-0.794651
1.714996,1.396083,-0.802251
1.716457,1.394329,-0.805612
1.712072,1.401052,-0.817013
1.705642,1.405145,-0.812043
1.710026,1.407483,-0.81482
1.708857,1.401929,-0.81789
1.708272,1.410114,-0.823443
1.70418,1.41216,-0.819497
1.714996,1.414206,-0.82812
1.714119,1.417714,-0.829144
1.713826,1.425314,-0.840836
1.71178,1.428237,-0.838498
1.710026,1.429699,-0.839959
1.714119,1.43496,-0.845805
1.712657,1.441099,-0.851359
1.718503,1.439638,-0.858375
1.717334,1.440222,-0.854867
1.724642,1.453668,-0.86349
1.713534,1.456592,-0.859398
1.721719,1.460684,-0.857498
1.731657,1.45893,-0.865098
1.72815,1.458053,-0.865683
1.724934,1.462146,-0.867436
1.727857,1.458053,-0.877083
1.723765,1.466238,-0.86919
1.719673,1.478515,-0.86349
1.72055,1.468284,-0.871529
1.733411,1.47413,-0.877229
1.734581,1.482315,-0.873575
1.734288,1.482023,-0.885998
1.741596,1.476761,-0.878983
1.735457,1.486115,-0.877521
1.736042,1.486408,-0.881614
1.738381,1.487577,-0.885998
1.746858,1.486408,-0.88059
1.746858,1.486115,-0.895791
1.743935,1.489331,-0.886437
1.747442,1.503362,-0.892429
1.749488,1.491084,-0.894475
1.755042,1.502485,-0.884244
1.759719,1.505408,-0.890237
1.760596,1.501315,-0.886875
1.760304,1.497808,-0.890091
1.764689,1.498392,-0.892429
1.770827,1.510669,-0.884244
1.764396,1.514762,-0.885267
1.77112,1.502777,-0.893745
1.764396,1.502485,-0.896522
1.76995,1.503946,-0.892283
1.772289,1.498392,-0.890091
1.779012,1.508623,-0.884391
1.77872,1.502192,-0.886875
1.779304,1.506577,-0.890237
1.77755,1.496638,-0.880152
1.783104,1.494884,-0.876644
1.786027,1.506577,-0.884537
1.793628,1.504238,-0.881321
1.791874,1.502777,-0.880444
1.792458,1.500146,-0.883075
1.788366,1.495762,-0.882198
1.796551,1.491377,-0.877667
1.806197,1.490792,-0.871237
1.803566,1.491961,-0.863783
1.805905,1.492838,-0.871967
1.803566,1.501023,-0.866413
1.815551,1.499562,-0.871675
1.818766,1.491377,-0.862613
1.812628,1.486408,-0.86349
1.818182,1.486408,-0.866121
1.82169,1.484069,-0.845805
1.824028,1.484069,-0.851944
1.819643,1.483777,-0.847267
1.826074,1.482607,-0.855013
1.82432,1.479977,-0.848875
1.827536,1.478515,-0.846244
1.826951,1.476177,-0.852236
1.84449,1.47413,-0.856475
1.848582,1.479684,-0.83879
1.841859,1.471207,-0.837474
1.840982,1.4677,-0.840544
1.843613,1.471207,-0.836451
1.847998,1.467992,-0.836744
1.851798,1.458638,-0.82622
1.85589,1.465653,-0.829728
1.852967,1.454253,-0.821982
1.861444,1.452499,-0.821105
1.860859,1.449868,-0.827097
1.862906,1.449284,-0.811751
1.861736,1.447238,-0.815259
1.862613,1.448699,-0.800935
1.864075,1.441391,-0.804005
1.875475,1.435253,-0.80152
1.868752,1.444899,-0.792897
1.873721,1.443438,-0.789535
1.877229,1.43496,-0.792605
1.875475,1.433791,-0.778135
1.884244,1.422099,-0.786174
1.880444,1.424145,-0.783251
1.883075,1.421222,-0.77565
1.880444,1.414499,-0.769804
1.88746,1.421222,-0.771412
1.883075,1.412452,-0.776673
1.88746,1.408068,-0.767027
1.886583,1.405729,-0.767027
1.889214,1.40456,-0.76425
1.893306,1.401345,-0.762789
1.89886,1.402806,-0.756796
1.891552,1.397837,-0.749781
1.894475,1.387898,-0.742034
1.888629,1.387898,-0.744811
1.895937,1.382344,-0.736334
1.896521,1.380006,-0.738234
1.904122,1.375621,-0.734581
1.900322,1.375621,-0.72625
1.904999,1.373575,-0.733704
1.899737,1.368021,-0.733557
1.900322,1.362175,-0.734873
1.905875,1.359836,-0.718211
1.912891,1.358959,-0.733411
1.914645,1.354575,-0.71178
1.907337,1.351944,-0.710026
1.905875,1.339667,-0.708565
1.912599,1.347559,-0.705642
1.914937,1.344928,-0.699065
1.915814,1.337913,-0.704911
1.913768,1.332359,-0.696141
1.912599,1.330897,-0.685618
1.910845,1.325051,-0.695411
1.916399,1.329436,-0.690149
1.913183,1.329144,-0.685472
1.915522,1.320959,-0.695849
1.915522,1.318328,-0.680503
1.916399,1.323882,-0.671003
1.911429,1.307805,-0.664718
1.919906,1.304882,-0.674657
1.914937,1.303712,-0.665741
1.916399,1.29582,-0.664279
1.911722,1.290851,-0.660772
1.91786,1.292312,-0.661502
1.916983,1.289974,-0.664279
1.915814,1.292897,-0.660918
1.918445,1.287343,-0.656387
1.909675,1.283251,-0.653464
1.912306,1.27682,-0.646887
1.918153,1.271266,-0.649372
1.915229,1.273604,-0.643964
1.919906,1.274189,-0.652295
1.912891,1.270681,-0.646302
1.919906,1.269512,-0.646302
1.91786,1.268635,-0.647179
1.919614,1.266004,-0.633294
1.912599,1.260158,-0.643379
1.916106,1.26425,-0.643233
1.914645,1.255189,-0.646156
1.915814,1.251681,-0.628179
1.910845,1.247004,-0.625548
1.909091,1.244958,-0.617509
1.909383,1.251096,-0.621017
1.913183,1.270389,-0.613709
1.908799,1.243204,-0.614148
1.910845,1.234142,-0.601432
1.905583,1.231804,-0.60494
1.94183,1.229757,-0.619994
1.909675,1.229465,-0.611225
1.905291,1.222157,-0.604063
1.904999,1.223619,-0.598801
1.900322,1.227419,-0.603625
1.898275,1.220988,-0.605963
1.900906,1.222157,-0.610786
1.899737,1.223911,-0.614586
1.896814,1.220988,-0.601432
1.897106,1.215434,-0.600555
1.893306,1.210172,-0.598509
1.890091,1.207542,-0.605232
1.894768,1.209003,-0.597048
1.892137,1.204911,-0.588278
1.888337,1.205788,-0.602017
1.887167,1.209588,-0.598217
1.885998,1.208711,-0.598509
1.883075,1.204619,-0.599386
1.886875,1.203449,-0.606255
1.86729,1.203742,-0.607571
1.869921,1.208126,-0.605525
1.866413,1.199357,-0.612248
1.866998,1.201988,-0.613125
1.861736,1.204911,-0.598217
1.860859,1.201403,-0.602894
1.859105,1.201695,-0.603771
1.862029,1.205203,-0.594563
1.860567,1.206665,-0.599971
1.859982,1.208126,-0.600994
1.855305,1.200234,-0.603771
1.850044,1.201111,-0.600702
1.846828,1.197311,-0.599825
1.843613,1.193218,-0.597048
1.837474,1.210172,-0.600848
1.838351,1.199357,-0.604794
1.838936,1.20228,-0.613271
1.831044,1.212511,-0.616486
1.83309,1.204911,-0.606986
1.832505,1.204326,-0.616779
1.826951,1.209296,-0.620433
1.823736,1.210757,-0.621456
1.82052,1.208419,-0.62204
1.818474,1.210172,-0.622917
1.815843,1.211926,-0.618971
1.813505,1.219234,-0.628179
1.82052,1.218065,-0.630517
1.807659,1.223034,-0.618094
1.812043,1.222742,-0.630079
1.796551,1.217773,-0.636948
1.798889,1.219234,-0.642794
1.800058,1.228004,-0.642502
1.828705,1.226542,-0.635341
1.781935,1.227711,-0.643087
1.788951,1.231219,-0.645425
1.78252,1.225957,-0.654341
1.782812,1.237065,-0.650102
1.785151,1.235311,-0.655218
1.782812,1.238819,-0.654633
1.77492,1.244373,-0.668226
1.77375,1.247588,-0.671733
1.77112,1.241742,-0.666179
1.768489,1.253727,-0.670564
1.77375,1.250512,-0.673341
1.764396,1.249927,-0.673926
1.762643,1.260742,-0.682987
1.756796,1.259281,-0.678603
1.763812,1.260742,-0.683864
1.753873,1.267466,-0.680503
1.755919,1.264543,-0.690149
1.75095,1.27185,-0.691611
1.751535,1.277112,-0.698772
1.750073,1.28442,-0.702134
1.748904,1.285004,-0.710611
1.756212,1.286758,-0.716749
1.744227,1.294651,-0.709296
1.745396,1.290558,-0.716165
1.736627,1.293481,-0.716019
1.738381,1.296697,-0.728004
1.741596,1.303712,-0.726103
1.733411,1.307512,-0.727565
1.737796,1.316282,-0.727857
1.733996,1.316282,-0.729027
1.736042,1.322713,-0.739258
1.729611,1.325343,-0.744081
1.73078,1.321251,-0.737942
1.727565,1.329436,-0.742765
1.727273,1.332359,-0.756358
1.725519,1.337913,-0.763958
1.724642,1.331482,-0.761766
1.728734,1.345221,-0.763666
1.723765,1.351652,-0.771266
1.721426,1.359252,-0.778135
1.724642,1.354282,-0.768489
1.716165,1.362467,-0.78822
1.715288,1.363052,-0.793774
1.715288,1.363636,-0.788074
1.717626,1.36919,-0.802689
1.720842,1.373575,-0.793628
1.715288,1.376498,-0.795674
1.716457,1.379714,-0.793774
1.717626,1.386729,-0.805174
1.713242,1.392575,-0.797428
1.723765,1.403098,-0.804882
1.712365,1.39316,-0.814966
1.713534,1.401052,-0.818182
1.709442,1.399883,-0.82169
1.710319,1.404268,-0.820082
1.713534,1.403975,-0.824613
1.709442,1.415376,-0.824905
1.713826,1.420345,-0.83499
1.713242,1.415376,-0.838936
1.712657,1.427945,-0.849898
1.719088,1.430284,-0.844344
1.717626,1.42853,-0.846682
1.723473,1.439638,-0.859252
1.713534,1.432037,-0.850482
1.720257,1.43613,-0.859398
1.715288,1.446653,-0.857059
1.721134,1.452207,-0.848728
1.720257,1.451915,-0.859544
1.724057,1.454253,-0.863198
1.71558,1.461561,-0.862906
1.72318,1.459515,-0.862467
1.73078,1.462438,-0.869629
1.73195,1.468576,-0.871237
1.728734,1.473838,-0.869483
1.730196,1.471207,-0.875475
1.730196,1.476469,-0.876206
1.73078,1.4753,-0.87036
1.727857,1.483777,-0.881467
1.736334,1.477638,-0.883367
1.741596,1.488454,-0.88366
1.745688,1.490208,-0.885414
1.741888,1.492838,-0.881321
1.742181,1.484654,-0.884244
1.743642,1.4905,-0.883221
1.750073,1.502192,-0.871821
1.742765,1.498977,-0.889652
1.748612,1.495469,-0.885706
1.755335,1.501023,-0.888337
1.754165,1.501608,-0.894768
1.755335,1.506577,-0.883806
1.760596,1.5057,-0.891406
1.757966,1.495762,-0.885998
1.756796,1.506285,-0.896083
1.76615,1.5057,-0.894183
1.760304,1.506869,-0.889652
1.768781,1.499269,-0.876644
1.774335,1.510377,-0.896814
1.771412,1.506577,-0.897545
1.775797,1.503362,-0.888483
1.786027,1.505408,-0.891406
1.78632,1.503946,-0.892429
1.790412,1.511254,-0.897106
1.778427,1.500146,-0.896814
1.789243,1.505408,-0.877083
1.789828,1.504531,-0.884537
1.793335,1.500731,-0.883075
1.798597,1.505408,-0.883075
1.802689,1.502777,-0.879421
1.802397,1.5019,-0.881175
1.802397,1.500146,-0.884683
1.809997,1.502485,-0.873137
1.806197,1.502192,-0.876937
1.815259,1.497808,-0.871967
1.818766,1.493131,-0.864952
1.81672,1.492838,-0.864367
1.817013,1.492838,-0.854136
1.81672,1.483192,-0.855744
1.822274,1.491669,-0.864367
1.82169,1.490208,-0.847413
1.823151,1.489331,-0.844051
1.82549,1.490792,-0.856182
1.824613,1.487284,-0.847998
1.826367,1.483192,-0.84259
1.831044,1.485238,-0.835136
1.838644,1.487869,-0.834697
1.840982,1.481146,-0.843613
1.836013,1.472961,-0.837474
1.845367,1.46653,-0.834113
1.850628,1.4715,-0.823297
1.850336,1.47413,-0.826513
1.853844,1.472084,-0.823882
1.861736,1.472961,-0.805612
1.862906,1.473253,-0.811897
1.862906,1.464192,-0.81789
1.861736,1.460684,-0.820813
1.851213,1.458053,-0.812482
1.855598,1.453668,-0.801812
1.862029,1.451622,-0.801082
1.865829,1.452207,-0.808389
1.863783,1.445776,-0.800205
1.874013,1.452499,-0.798158
1.868459,1.451038,-0.790266
1.869629,1.437884,-0.801082
1.870506,1.43613,-0.785735
1.870506,1.433499,-0.789681
1.879275,1.430868,-0.794212
1.88366,1.426776,-0.776381
1.880737,1.429991,-0.781204
1.87986,1.421222,-0.781935
1.883075,1.421222,-0.777258
1.87986,1.414791,-0.760596
1.889506,1.419176,-0.770243
1.889798,1.416837,-0.774481
1.886875,1.411868,-0.769512
1.892721,1.400175,-0.760304
1.891845,1.399591,-0.744958
1.893014,1.392575,-0.750512
1.895352,1.394621,-0.741011
1.893306,1.397837,-0.748027
1.896229,1.39316,-0.748758
1.904706,1.391114,-0.753435
1.901783,1.387898,-0.73385
1.908214,1.380883,-0.729611
1.907337,1.375329,-0.725957
1.899152,1.370067,-0.739404
1.900614,1.367729,-0.73268
1.90646,1.363929,-0.729465
1.908799,1.363344,-0.716019
1.912306,1.358667,-0.707395
1.912891,1.363636,-0.725373
1.911429,1.354867,-0.675095
1.908799,1.351652,-0.706957
1.904999,1.343759,-0.702718
1.917276,1.340836,-0.694534
1.912014,1.342882,-0.692341
1.912014,1.330897,-0.685764
1.904414,1.326513,-0.686349
1.92166,1.329728,-0.681964
1.921076,1.320374,-0.680941
1.914353,1.324759,-0.676995
1.918153,1.321543,-0.675241
1.924291,1.313066,-0.669833
1.922537,1.317743,-0.67378
1.920199,1.311897,-0.671733
1.918737,1.306051,-0.669687
1.919029,1.304589,-0.662526
1.919322,1.304005,-0.659749
1.91786,1.293774,-0.660479
1.921368,1.293774,-0.656679
1.912306,1.292312,-0.65551
1.919029,1.284127,-0.64981
1.920783,1.284127,-0.653318
1.923707,1.279743,-0.641479
1.914353,1.276527,-0.641771
1.919322,1.271266,-0.63461
1.918737,1.263958,-0.641041
1.916106,1.273604,-0.63344
1.919029,1.268927,-0.634756
1.919322,1.273604,-0.633294
1.912599,1.259573,-0.633002
1.912306,1.262496,-0.634902
1.914645,1.253142,-0.622625
1.918153,1.26045,-0.622333
1.916691,1.250219,-0.619263
1.911722,1.249342,-0.625548
1.915522,1.248758,-0.615171
1.908214,1.245542,-0.62584
1.904122,1.247588,-0.624963
1.900029,1.24145,-0.614733
1.91406,1.240573,-0.620579
1.906752,1.235896,-0.623648
1.908506,1.235311,-0.609763
1.908214,1.235019,-0.610786
1.908214,1.230634,-0.602163
1.909383,1.230927,-0.611079
1.896521,1.23005,-0.613271
1.896229,1.231511,-0.602017
1.901783,1.229757,-0.604209
1.896521,1.223327,-0.605232
1.898568,1.22245,-0.604355
1.893306,1.218942,-0.601286
1.897398,1.216603,-0.60494
1.899152,1.216311,-0.609032
1.893014,1.220403,-0.61064
1.886291,1.213973,-0.599971
1.880152,1.218942,-0.604209
1.880152,1.207542,-0.596755
1.883075,1.213096,-0.593101
1.878398,1.205788,-0.59734
1.878106,1.206372,-0.596755
1.875475,1.202865,-0.60684
1.871967,1.203157,-0.600848
1.868752,1.208419,-0.602309
1.85589,1.199065,-0.594563
1.865244,1.206665,-0.598363
1.862906,1.201111,-0.60494
1.870213,1.205788,-0.596171
1.864367,1.20228,-0.596317
1.856182,1.211342,-0.602163
1.846536,1.221573,-0.599532
1.840982,1.238234,-0.599386
1.832213,1.280035,-0.614148
1.808828,1.348144,-0.637094
1.798012,1.40456,-0.677287
1.780766,1.457469,-0.690441
1.784858,1.486992,-0.734727
1.779889,1.518562,-0.764104
1.787197,1.53347,-0.79202
1.782812,1.540485,-0.819497
1.802689,1.53727,-0.823005
1.809412,1.527039,-0.845367
1.818766,1.502192,-0.856767
1.832797,1.479977,-0.873575
1.848875,1.446653,-0.847852
1.855305,1.410699,-0.84449
1.865829,1.395498,-0.839374
1.87226,1.389652,-0.834697
1.870506,1.375037,-0.832944
1.877229,1.367436,-0.834551
1.878106,1.343467,-0.854575
1.880444,1.332067,-0.814966
1.881906,1.323297,-0.817013
1.88746,1.312774,-0.805905
1.89126,1.315405,-0.812774
1.893891,1.313943,-0.79962
1.890383,1.300497,-0.793043
1.890091,1.293774,-0.792312
1.897106,1.287051,-0.802835
1.895645,1.287635,-0.800497
1.896814,1.284712,-0.778427
1.891552,1.278281,-0.78135
1.903245,1.277989,-0.784566
1.896521,1.272143,-0.779597
1.901491,1.280035,-0.770535
1.904706,1.276235,-0.783104
1.903537,1.272435,-0.771996
1.907337,1.272143,-0.772289
1.905875,1.26922,-0.765419
1.900614,1.257819,-0.770973
1.903537,1.265419,-0.77492
1.903829,1.261912,-0.770389
1.907337,1.258112,-0.767466
1.915814,1.258404,-0.760304
1.913476,1.258696,-0.762204
1.91786,1.266881,-0.766881
1.908506,1.249635,-0.75665
1.911137,1.247881,-0.76805
1.912599,1.254019,-0.758989
1.912891,1.249342,-0.764543
1.912014,1.242034,-0.746858
1.908214,1.246419,-0.761912
1.91786,1.243788,-0.751096
1.916399,1.249635,-0.753435
1.925168,1.24145,-0.728588
1.927799,1.238234,-0.741304
1.92926,1.239988,-0.740719
1.92283,1.231804,-0.73385
1.918445,1.224496,-0.735457
1.923414,1.232973,-0.74145
1.923707,1.22888,-0.740719
1.913768,1.22508,-0.733996
1.921076,1.228296,-0.731511
1.919614,1.218357,-0.729173
1.916399,1.217773,-0.73385
1.917568,1.215434,-0.728734
1.926045,1.213973,-0.719965
1.92166,1.21368,-0.719526
1.929553,1.216019,-0.73385
1.919322,1.20608,-0.714119
1.92283,1.205788,-0.727711
1.919906,1.208711,-0.709003
1.928968,1.202572,-0.704472
1.915229,1.207249,-0.713388
1.918737,1.204619,-0.746711
1.921368,1.206372,-0.710611
1.923999,1.162526,-0.71178
1.916399,1.194095,-0.713826
1.929845,1.194972,-0.711049
1.929553,1.199942,-0.711342
1.927507,1.19468,-0.699065
1.921953,1.185618,-0.705788
1.92663,1.185326,-0.709588
1.926045,1.195557,-0.70608
1.924876,1.17831,-0.694241
1.919029,1.181526,-0.691903
1.932184,1.189418,-0.692634
1.92926,1.17948,-0.701549
1.925753,1.182987,-0.700965
1.92283,1.180941,-0.684157
1.924583,1.182111,-0.688395
1.923414,1.17188,-0.689857
1.917276,1.173926,-0.688103
1.924291,1.17071,-0.682987
1.921368,1.161064,-0.688249
1.920783,1.161356,-0.67758
1.91406,1.161941,-0.674949
1.915229,1.169249,-0.686349
1.918445,1.166618,-0.680357
1.92166,1.166618,-0.67831
1.915522,1.158726,-0.683718
1.916691,1.158726,-0.680941
1.907045,1.15931,-0.674949
1.918737,1.159895,-0.672172
1.916691,1.160479,-0.669395
1.91026,1.158141,-0.674803
1.907629,1.147325,-0.670564
1.909675,1.154049,-0.68021
1.912599,1.154049,-0.674072
1.905291,1.163403,-0.674657
1.902952,1.154341,-0.667641
1.900029,1.155802,-0.680795
1.903537,1.15551,-0.685911
1.905291,1.154341,-0.675241
1.90646,1.160479,-0.667933
1.895937,1.156679,-0.680064
1.899445,1.149664,-0.680649
1.895645,1.154341,-0.660333
1.898568,1.158141,-0.710319
1.89126,1.156095,-0.701257
1.901491,1.161356,-0.642794
1.890091,1.154925,-0.675095
1.900322,1.152295,-0.676118
1.892429,1.149372,-0.676557
1.886583,1.157556,-0.684011
1.886875,1.157849,-0.687518
1.885998,1.154049,-0.683864
1.887752,1.154049,-0.679187
1.890968,1.157849,-0.686641
1.878398,1.149956,-0.678895
1.886291,1.152002,-0.679187
1.879567,1.155218,-0.693218
1.873721,1.152879,-0.687372
1.872844,1.144402,-0.685472
1.873429,1.150248,-0.684449
1.878106,1.152587,-0.682403
1.87489,1.161356,-0.68708
1.871967,1.155802,-0.680503
1.874598,1.163403,-0.68518
1.868167,1.163403,-0.689418
1.866998,1.162526,-0.692488
1.865536,1.168079,-0.696726
1.860859,1.172172,-0.689711
1.866121,1.170126,-0.684011
1.866706,1.162526,-0.693072
1.863198,1.166618,-0.695118
1.85969,1.171003,-0.698334
1.858521,1.172172,-0.699357
1.861152,1.162526,-0.694095
1.864075,1.172757,-0.693657
1.855013,1.167495,-0.703011
1.853259,1.168664,-0.703449
1.852675,1.170418,-0.698918
1.855598,1.174218,-0.701549
1.855305,1.176849,-0.70798
1.855598,1.175972,-0.704911
1.849459,1.178603,-0.698772
1.854136,1.182111,-0.708272
1.852382,1.182987,-0.705788
1.847413,1.19088,-0.713826
1.857352,1.181526,-0.707688
1.850044,1.191757,-0.717042
1.847998,1.186787,-0.723034
1.846536,1.183572,-0.747588
1.848582,1.194388,-0.71748
1.844782,1.196434,-0.725227
1.84449,1.191465,-0.724057
1.845367,1.193218,-0.71865
1.843613,1.188834,-0.731804
1.847121,1.197311,-0.722888
1.843028,1.191172,-0.727857
1.838351,1.196141,-0.737357
1.837767,1.195849,-0.736627
1.832505,1.203449,-0.725811
1.82812,1.205495,-0.73078
1.827828,1.204619,-0.732096
1.829874,1.212511,-0.740865
1.827536,1.193803,-0.739988
1.830167,1.209296,-0.744081
1.830167,1.209296,-0.745688
1.830459,1.203157,-0.743496
1.829582,1.208126,-0.748758
1.82812,1.21368,-0.749635
1.829874,1.210757,-0.736773
1.835428,1.215726,-0.74715
1.826951,1.215434,-0.742181
1.82432,1.220111,-0.740281
1.832213,1.220111,-0.745542
1.817305,1.219819,-0.756212
1.819059,1.220403,-0.740865
1.820813,1.222742,-0.762058
1.818766,1.225957,-0.751973
1.823443,1.223034,-0.758989
1.821397,1.228296,-0.761181
1.819351,1.229173,-0.753289
1.815843,1.235896,-0.761766
1.819643,1.237942,-0.768343
1.820813,1.237357,-0.779889
1.823736,1.237065,-0.771412
1.821982,1.239404,-0.770389
1.819936,1.242034,-0.769658
1.810874,1.248758,-0.769366
1.814382,1.250219,-0.765566
1.819351,1.240281,-0.77945
1.817597,1.254019,-0.78135
1.819643,1.255773,-0.775066
1.81672,1.253727,-0.778135
1.817305,1.258112,-0.775066
1.811166,1.252558,-0.782227
1.813797,1.259573,-0.782812
1.819936,1.26045,-0.782227
1.812628,1.266589,-0.794358
1.818766,1.262496,-0.788658
1.818182,1.264543,-0.752412
1.817013,1.261912,-0.792458
1.82432,1.270389,-0.794651
1.818182,1.26922,-0.789243
1.817597,1.23765,-0.794505
1.830167,1.269804,-0.793774
1.821982,1.270096,-0.804151
1.814674,1.275066,-0.798743
1.817305,1.280035,-0.796551
1.820813,1.278281,-0.799912
1.820813,1.280912,-0.807805
1.819059,1.279743,-0.800935
1.821982,1.27185,-0.808389
1.815551,1.277404,-0.812189
1.82929,1.283543,-0.80342
1.825197,1.285004,-0.800205
1.825782,1.280327,-0.798743
1.831336,1.28442,-0.806489
1.831044,1.285881,-0.804297
1.82929,1.281789,-0.798889
1.837182,1.283543,-0.810143
1.830167,1.289389,-0.806197
1.831628,1.29582,-0.814966
1.82812,1.291435,-0.804151
1.831336,1.29202,-0.806635
1.834259,1.288512,-0.809851
1.832213,1.291143,-0.808974
1.830167,1.293774,-0.814528
1.834259,1.294943,-0.811459
1.833382,1.295235,-0.806343
1.830751,1.297282,-0.82242
1.831628,1.289974,-0.831482
1.835721,1.295235,-0.819497
1.834259,1.299035,-0.814382
1.829582,1.292312,-0.81482
1.843905,1.298158,-0.823882
1.834551,1.29962,-0.822859
1.836305,1.298743,-0.823882
1.852675,1.301374,-0.823882
1.843028,1.293774,-0.820959
1.850921,1.299328,-0.813066
1.843028,1.291728,-0.813943
1.845075,1.299328,-0.820959
1.850044,1.298158,-0.816282
1.845659,1.300789,-0.818328
1.850336,1.304882,-0.81292
1.85209,1.301958,-0.821251
1.853259,1.298743,-0.823297
1.855305,1.303712,-0.817159
1.86349,1.299328,-0.81482
1.855598,1.299328,-0.821251
1.862029,1.298743,-0.821982
1.862613,1.29962,-0.818182
1.856182,1.302543,-0.828705
1.868459,1.306051,-0.811751
1.87109,1.305759,-0.820813
1.863198,1.297866,-0.815405
1.870798,1.304005,-0.816136
1.871383,1.301082,-0.816866
1.869921,1.292312,-0.816574
1.870213,1.297574,-0.820666
1.869921,1.300497,-0.807512
1.878983,1.297282,-0.817013
1.869044,1.292312,-0.81672
1.87226,1.296989,-0.79962
1.880152,1.292604,-0.802982
1.872844,1.294358,-0.804882
1.878983,1.291143,-0.805612
1.87489,1.294943,-0.803128
1.880444,1.291143,-0.817013
1.885414,1.285297,-0.798451
1.88746,1.285297,-0.802835
1.880737,1.287343,-0.801374
1.888044,1.285297,-0.802835
1.890675,1.28062,-0.796405
1.883367,1.284127,-0.789535
1.889798,1.282081,-0.798889
1.897106,1.28062,-0.788512
1.89126,1.274189,-0.790997
1.903829,1.275358,-0.797574
1.897398,1.272727,-0.800351
1.89506,1.270973,-0.795528
1.906752,1.270389,-0.795966
1.90266,1.26805,-0.782958
1.896814,1.272435,-0.784566
1.897398,1.270681,-0.776673
1.907045,1.262496,-0.784274
1.904414,1.258696,-0.782374
1.907629,1.261327,-0.779597
1.909091,1.262496,-0.770827
1.912891,1.252558,-0.777989
1.917568,1.256942,-0.775797
1.915229,1.266296,-0.771996
1.910553,1.257819,-0.766735
1.912306,1.252265,-0.770243
1.916983,1.263373,-0.760742
1.918445,1.248758,-0.768343
1.923414,1.250512,-0.759719
1.911722,1.246711,-0.764396
1.918445,1.25285,-0.753435
1.920491,1.250219,-0.756796
1.918737,1.241742,-0.755335
1.916691,1.239696,-0.758842
1.916106,1.242911,-0.747442
1.916106,1.236481,-0.759135
1.922537,1.235311,-0.742765
1.923122,1.236188,-0.744081
1.926337,1.234434,-0.743058
1.925753,1.230342,-0.745688
1.919906,1.22625,-0.751973
1.922245,1.225373,-0.742619
1.917568,1.220111,-0.724496
1.918153,1.22508,-0.731804
1.92283,1.216896,-0.732973
1.916399,1.222742,-0.729904
1.926922,1.224496,-0.724788
1.91786,1.219234,-0.73078
1.924583,1.221573,-0.730634
1.923707,1.214557,-0.718796
1.925168,1.218942,-0.722303
1.92166,1.217188,-0.715726
1.922245,1.209588,-0.723327
1.925753,1.204326,-0.722303
1.92166,1.205203,-0.722157
1.923707,1.201403,-0.720696
1.925753,1.203157,-0.723619
1.923707,1.196434,-0.710757
1.919029,1.194972,-0.71178
1.926045,1.191172,-0.710172
1.92283,1.194095,-0.713096
1.923999,1.197603,-0.701988
1.923122,1.193803,-0.706957
1.919906,1.18328,-0.709734
1.925168,1.186787,-0.702572
1.928091,1.185326,-0.702134
1.927507,1.183864,-0.705495
1.918445,1.179772,-0.696434
1.91026,1.180941,-0.700234
1.916691,1.177726,-0.697457
1.923122,1.17831,-0.696726
1.920199,1.169833,-0.691318
1.925753,1.172757,-0.691757
1.921368,1.175095,-0.688688
1.919322,1.173633,-0.680795
1.915814,1.16691,-0.690588
1.921368,1.177141,-0.681964
1.917568,1.17071,-0.691318
1.922245,1.166033,-0.687372
1.916983,1.16691,-0.691611
1.909091,1.16691,-0.677287
1.91786,1.16311,-0.672903
1.909675,1.166033,-0.67261
1.912306,1.160187,-0.671003
1.91786,1.156095,-0.684011
1.912891,1.16311,-0.663695
1.906752,1.161356,-0.677141
1.899445,1.152587,-0.664718
1.90646,1.156679,-0.67378
1.906168,1.157849,-0.678895
1.901783,1.159602,-0.669395
1.907045,1.154633,-0.681087
1.901783,1.155218,-0.676849
1.909383,1.162233,-0.673633
1.900906,1.153756,-0.676849
1.902368,1.154925,-0.671003
1.899445,1.154049,-0.675095
1.902075,1.158141,-0.667203
1.890968,1.153464,-0.66998
1.89506,1.155802,-0.669541
1.894768,1.149372,-0.668956
1.894183,1.155218,-0.672464
1.893014,1.157264,-0.669687
1.893014,1.158433,-0.668518
1.890091,1.153172,-0.679772
1.892721,1.159895,-0.641041
1.882491,1.147033,-0.671003
1.884829,1.151125,-0.673341
1.882783,1.122771,-0.665887
1.877229,1.155218,-0.677726
1.878983,1.156387,-0.671295
1.877521,1.150248,-0.687518
1.877813,1.148787,-0.668956
1.87869,1.155802,-0.690295
1.876937,1.156387,-0.678603
1.870213,1.156095,-0.682257
1.869044,1.150833,-0.681234
1.869044,1.156972,-0.682841
1.869921,1.156972,-0.685618
1.874598,1.163403,-0.693657
1.867583,1.164864,-0.686934
1.865829,1.155218,-0.690149
1.866998,1.158726,-0.688834
1.867583,1.162818,-0.67641
1.864952,1.157264,-0.688249
1.869336,1.157849,-0.69468
1.864367,1.166618,-0.684157
1.863198,1.165156,-0.687226
1.86349,1.169249,-0.688249
1.854721,1.161649,-0.694241
1.859398,1.167787,-0.699211
1.850921,1.167495,-0.687518
1.857644,1.169249,-0.69278
1.854721,1.175387,-0.695557
1.854136,1.172757,-0.693803
1.848875,1.166618,-0.692049
1.850628,1.171003,-0.700088
1.85209,1.176849,-0.709003
1.851213,1.180357,-0.695118
1.854721,1.185326,-0.701695
1.844782,1.179772,-0.708419
1.849459,1.189126,-0.71558
1.851505,1.18708,-0.707249
1.841859,1.185911,-0.722011
1.826367,1.179772,-0.712949
1.850336,1.188834,-0.707542
1.840982,1.19088,-0.716603
1.843321,1.191465,-0.709588
1.843321,1.201988,-0.709296
1.847413,1.19848,-0.704765
1.838644,1.195265,-0.724203
1.834551,1.192049,-0.714265
1.838644,1.199942,-0.71558
1.835136,1.19848,-0.722157
1.838644,1.199357,-0.730634
1.83309,1.204911,-0.725811
1.834259,1.203742,-0.72435
1.830751,1.202572,-0.727419
1.798305,1.205203,-0.730342
1.82929,1.212511,-0.735311
1.830751,1.210465,-0.739258
1.826367,1.216311,-0.733557
1.828997,1.212511,-0.738819
1.827828,1.20988,-0.735604
1.82929,1.221865,-0.734873
1.827536,1.216603,-0.735165
1.829874,1.225957,-0.73385
1.833674,1.230927,-0.745835
1.821982,1.220988,-0.744811
1.82432,1.223619,-0.753435
1.829874,1.223034,-0.74715
1.825782,1.223327,-0.750073
1.826951,1.228296,-0.750804
1.830459,1.231804,-0.753581
1.825782,1.228004,-0.76732
1.827828,1.22888,-0.759135
1.812043,1.23385,-0.763519
1.829874,1.238819,-0.768489
1.826074,1.237357,-0.760596
1.825782,1.232681,-0.770973
1.82169,1.239988,-0.766735
1.824905,1.242911,-0.775943
1.824613,1.246127,-0.767612
1.822567,1.246419,-0.769804
1.827536,1.249635,-0.777843
1.826659,1.251973,-0.772581
1.823151,1.254604,-0.763227
1.831921,1.243496,-0.770973
1.82549,1.251681,-0.773604
1.822567,1.254896,-0.772143
1.819351,1.256942,-0.778427
1.82549,1.258696,-0.764543
1.822274,1.26045,-0.785297
1.825197,1.259281,-0.778427
1.824613,1.261327,-0.794212
1.824028,1.264543,-0.783835
1.825782,1.264835,-0.774773
1.823736,1.260158,-0.77872
1.826659,1.268343,-0.783543
1.827536,1.267758,-0.793335
1.818766,1.271558,-0.796697
1.824028,1.274481,-0.785881
1.819059,1.27565,-0.794212
1.826367,1.272727,-0.797574
1.82432,1.277404,-0.804589
1.823151,1.280327,-0.792312
1.828705,1.273897,-0.803566
1.824028,1.272435,-0.806635
1.826951,1.277697,-0.800351
1.823736,1.282374,-0.794358
1.82929,1.279743,-0.795381
1.82929,1.277989,-0.806197
1.826951,1.281789,-0.815697
1.832505,1.288512,-0.802689
1.826367,1.28822,-0.799912
1.834844,1.284712,-0.80152
1.825782,1.287928,-0.80342
1.828705,1.283251,-0.796989
1.835136,1.289974,-0.797282
1.837182,1.292312,-0.814966
1.837474,1.291728,-0.812774
1.830751,1.296112,-0.809851
1.838936,1.290851,-0.809266
1.832505,1.296112,-0.820082
1.833382,1.296697,-0.812043
1.842736,1.292312,-0.819351
1.832505,1.294651,-0.814674
1.832213,1.294943,-0.787781
1.835721,1.288804,-0.818182
1.84069,1.299912,-0.821836
1.83689,1.304589,-0.817743
1.843905,1.301666,-0.815259
1.842151,1.306051,-0.820959
1.846244,1.30342,-0.815259
1.847121,1.303712,-0.812628
1.846828,1.305466,-0.817159
1.851798,1.300205,-0.81482
1.845659,1.301958,-0.83119
1.849459,1.306928,-0.831482
1.853844,1.301082,-0.817159
1.852382,1.299328,-0.816574
1.853259,1.303712,-0.809559
1.857644,1.298451,-0.821105
1.864075,1.288512,-0.821982
1.848875,1.317159,-0.823297
1.847998,1.337913,-0.828413
1.842151,1.380883,-0.864513
1.824613,1.424437,-0.863198
1.824613,1.469453,-0.865683
1.80532,1.511254,-0.857498
1.798597,1.532593,-0.847705
1.795674,1.536685,-0.82242
1.785735,1.532008,-0.796258
1.787489,1.527624,-0.777258
1.788074,1.513885,-0.753873
1.782812,1.48173,-0.724057
1.777843,1.459515,-0.695995
1.780181,1.418591,-0.685764
1.790704,1.400468,-0.669395
1.795674,1.38176,-0.669103
1.772873,1.376498,-0.65171
1.790412,1.369483,-0.64601
1.790412,1.359252,-0.642648
1.786027,1.346975,-0.638556
1.793043,1.335282,-0.647179
1.790704,1.326805,-0.638994
1.780766,1.327097,-0.643818
1.78135,1.328559,-0.645279
1.77492,1.32622,-0.649372
1.781643,1.328267,-0.652295
1.774627,1.321251,-0.65551
1.769658,1.317743,-0.649664
1.776673,1.314236,-0.658433
1.766735,1.309559,-0.657556
1.763227,1.310436,-0.653756
1.75855,1.320959,-0.665156
1.762643,1.316866,-0.66691
1.769658,1.317451,-0.664572
1.764981,1.321251,-0.665156
1.765566,1.323882,-0.674949
1.757966,1.327974,-0.67378
1.757089,1.331774,-0.665156
1.753873,1.333236,-0.678749
1.746858,1.323297,-0.667641
1.743058,1.333236,-0.67758
1.746273,1.328559,-0.680795
1.737796,1.337913,-0.679041
1.736919,1.342298,-0.694534
1.741888,1.347267,-0.691172
1.732242,1.340544,-0.695411
1.73195,1.345805,-0.69468
1.731365,1.35019,-0.699357
1.73078,1.353405,-0.708857
1.734581,1.364221,-0.703888
1.726103,1.360421,-0.700088
1.722303,1.366852,-0.710611
1.729027,1.368021,-0.714557
1.726103,1.375621,-0.722011
1.723765,1.379714,-0.717626
1.722011,1.374744,-0.732096
1.725811,1.383221,-0.730488
1.720257,1.383221,-0.729611
1.713534,1.382344,-0.732827
1.723473,1.382929,-0.74905
1.712365,1.389652,-0.74715
1.710026,1.397837,-0.733411
1.716165,1.402514,-0.749635
1.712072,1.407776,-0.758696
1.709442,1.405437,-0.75475
1.704765,1.411283,-0.756504
1.70418,1.408945,-0.759281
1.710903,1.416837,-0.770389
1.705349,1.426484,-0.760742
1.707103,1.421514,-0.763958
1.699795,1.430576,-0.771412
1.707103,1.429407,-0.776089
1.707688,1.434084,-0.772727
1.705934,1.442268,-0.774773
1.702134,1.436422,-0.791728
1.706226,1.450453,-0.787197
1.703595,1.44753,-0.78442
1.702134,1.454838,-0.796405
1.699795,1.451915,-0.785297
1.705349,1.459515,-0.799474
1.709442,1.460976,-0.806928
1.703888,1.463315,-0.811312
1.699503,1.469746,-0.80152
1.701257,1.475884,-0.807366
1.702426,1.475884,-0.81292
1.702718,1.467992,-0.826513
1.706226,1.478515,-0.820813
1.705057,1.485823,-0.821982
1.712949,1.493423,-0.825197
1.714703,1.487284,-0.828705
1.713242,1.489915,-0.837767
1.710026,1.494592,-0.830167
1.715288,1.5019,-0.821105
1.715873,1.500731,-0.82359
1.719673,1.502485,-0.828997
1.712949,1.498685,-0.840398
1.707396,1.506869,-0.837036
1.717042,1.513008,-0.848875
1.714996,1.508331,-0.840251
1.718503,1.512131,-0.835721
1.72055,1.511546,-0.838936
1.721719,1.517977,-0.85019
1.722011,1.526454,-0.849167
1.728734,1.517393,-0.858813
1.722888,1.526747,-0.845075
1.728442,1.528208,-0.863198
1.727273,1.526454,-0.851067
1.722596,1.525285,-0.855744
1.724057,1.527916,-0.856621
1.740719,1.539316,-0.85209
1.724934,1.528208,-0.845513
1.733996,1.530547,-0.859398
1.735457,1.53347,-0.856913
1.739258,1.537854,-0.852236
1.744227,1.534639,-0.855598
1.742181,1.534054,-0.862906
1.742473,1.539608,-0.862613
1.741304,1.534639,-0.890675
1.751535,1.542239,-0.862175
1.748612,1.538439,-0.863636
1.75095,1.545455,-0.863052
1.756796,1.536101,-0.858375
1.757966,1.543993,-0.870944
1.724934,1.540485,-0.854867
1.760304,1.535808,-0.866706
1.758258,1.539901,-0.863052
1.770535,1.545162,-0.856036
1.767319,1.542531,-0.854429
1.772873,1.54867,-0.857059
1.771996,1.549547,-0.851359
1.774335,1.543116,-0.858813
1.778427,1.543408,-0.850044
1.778427,1.536978,-0.856329
1.779012,1.533177,-0.855744
1.775504,1.538731,-0.857644
1.775504,1.540485,-0.845513
1.780766,1.536393,-0.848875
1.785735,1.534931,-0.845075
1.790704,1.534931,-0.848144
1.793043,1.531716,-0.841859
1.79392,1.534347,-0.832359
1.799766,1.52967,-0.829144
1.79772,1.5323,-0.836451
1.803566,1.530839,-0.827682
1.803566,1.534347,-0.82739
1.808828,1.53347,-0.833236
1.810289,1.52207,-0.833821
1.814089,1.532008,-0.837036
1.811751,1.521485,-0.821105
1.818474,1.517393,-0.829144
1.811166,1.520023,-0.825051
1.810582,1.516223,-0.821836
1.823736,1.52207,-0.823297
1.827243,1.516223,-0.813213
1.828413,1.512716,-0.819497
1.822274,1.5171,-0.817451
1.830459,1.511839,-0.814236
1.831044,1.512423,-0.811166
1.824613,1.508623,-0.807659
1.833382,1.508331,-0.802543
1.831921,1.5019,-0.80532
1.836597,1.505116,-0.802251
1.838936,1.496931,-0.78135
1.835136,1.492546,-0.793043
1.84069,1.486992,-0.793481
1.835136,1.488746,-0.782958
1.838936,1.493131,-0.781789
1.843905,1.484069,-0.785881
1.852675,1.478807,-0.778281
1.849752,1.482023,-0.777697
1.844782,1.469746,-0.754165
1.847413,1.471792,-0.768781
1.848582,1.471792,-0.764543
1.855598,1.469453,-0.762789
1.852675,1.463022,-0.763227
1.861444,1.463315,-0.769073
1.857936,1.464484,-0.759866
1.859398,1.450161,-0.74715
1.863198,1.456884,-0.759135
1.857352,1.448407,-0.743788
1.87226,1.453961,-0.753289
1.865244,1.445776,-0.741158
1.85969,1.446068,-0.740427
1.864952,1.439638,-0.727419
1.871967,1.441391,-0.733704
1.872552,1.440514,-0.737796
1.869336,1.434376,-0.728588
1.870798,1.431453,-0.721865
1.875183,1.431453,-0.727565
1.878106,1.429114,-0.72128
1.873137,1.420637,-0.723473
1.877229,1.427653,-0.716749
1.880152,1.422976,-0.711926
1.884244,1.415083,-0.707103
1.881906,1.414791,-0.707249
1.882491,1.414791,-0.712803
1.881321,1.406022,-0.701111
1.882783,1.40076,-0.701403
1.880152,1.399591,-0.709003
1.888337,1.393744,-0.69658
1.884244,1.38936,-0.693949
1.880737,1.386144,-0.689418
1.885121,1.396375,-0.683426
1.885998,1.383221,-0.690441
1.882198,1.383806,-0.681964
1.885706,1.384098,-0.676703
1.889214,1.373283,-0.67071
1.888921,1.368606,-0.680064
1.886583,1.377083,-0.680357
1.882491,1.368898,-0.669395
1.885706,1.365975,-0.672026
1.874598,1.363344,-0.665741
1.884537,1.358375,-0.664718
1.881321,1.355159,-0.665156
1.884244,1.356621,-0.665595
1.891552,1.360421,-0.666472
1.886875,1.349605,-0.665887
1.882783,1.339082,-0.658872
1.875767,1.337328,-0.650102
1.882783,1.337621,-0.650687
1.87986,1.335867,-0.653902
1.880444,1.341421,-0.649079
1.88366,1.332651,-0.648056
1.878398,1.335574,-0.645279
1.881029,1.329144,-0.643525
1.883952,1.33002,-0.642794
1.877229,1.324759,-0.645864
1.870798,1.318328,-0.630517
1.888921,1.319497,-0.636948
1.878106,1.321836,-0.632125
1.876937,1.311312,-0.615756
1.884537,1.315405,-0.622479
1.871967,1.310728,-0.623356
1.88366,1.311605,-0.628617
1.876937,1.313066,-0.62321
1.874306,1.297282,-0.624525
1.873137,1.301958,-0.615025
1.866998,1.304297,-0.630664
1.865829,1.299912,-0.620579
1.86729,1.299328,-0.608302
1.87109,1.294651,-0.62964
1.869921,1.292897,-0.616194
1.865536,1.296405,-0.625694
1.865244,1.296697,-0.616633
1.864367,1.287343,-0.611225
1.862029,1.287051,-0.61064
1.861444,1.285297,-0.609617
1.857644,1.289974,-0.606548
1.856475,1.287343,-0.601578
1.858229,1.287051,-0.611079
1.859398,1.286466,-0.603771
1.855013,1.288804,-0.605671
1.852675,1.290266,-0.612832
1.849167,1.281789,-0.610348
1.851505,1.283835,-0.605525
1.841567,1.278281,-0.607717
1.84069,1.277112,-0.609617
1.843613,1.285589,-0.604794
1.833967,1.272143,-0.603917
1.845367,1.274189,-0.603625
1.838351,1.275066,-0.603186
1.83309,1.285881,-0.607863
1.832213,1.277989,-0.61064
1.834259,1.280035,-0.605963
1.830167,1.274773,-0.607717
1.82052,1.279158,-0.607132
1.824905,1.278281,-0.61824
1.819351,1.27945,-0.612979
1.818182,1.276527,-0.619702
1.82169,1.281497,-0.610056
1.81292,1.280327,-0.618971
1.815259,1.280912,-0.611663
1.812043,1.281204,-0.617363
1.809705,1.285004,-0.617509
1.813213,1.281789,-0.613709
1.810289,1.285589,-0.621456
1.803566,1.28442,-0.609909
1.799474,1.287928,-0.621017
1.805905,1.292312,-0.626863
1.799182,1.289681,-0.632125
1.797135,1.287928,-0.621017
1.800058,1.289681,-0.621894
1.788658,1.297282,-0.625548
1.79012,1.293189,-0.638848
1.783981,1.291435,-0.634464
1.785443,1.292604,-0.63344
1.780474,1.30342,-0.645425
1.776966,1.299035,-0.63651
1.776966,1.301082,-0.64221
1.77375,1.300205,-0.640894
1.775504,1.299912,-0.646595
1.77375,1.305466,-0.651856
1.769073,1.311312,-0.648787
1.762935,1.313943,-0.661649
1.751535,1.316282,-0.650541
1.754458,1.316574,-0.659749
1.75475,1.316574,-0.660187
1.747735,1.319497,-0.650979
1.758842,1.328267,-0.669249
1.754458,1.329144,-0.669833
1.749196,1.322713,-0.665741
1.748027,1.329728,-0.689857
1.741888,1.331774,-0.684157
1.744811,1.339082,-0.687664
1.740134,1.339374,-0.688834
1.735165,1.340544,-0.69088
1.738088,1.345221,-0.692049
1.73575,1.353405,-0.696288
1.73955,1.349021,-0.702572
1.734873,1.355159,-0.705495
1.736042,1.356036,-0.701403
1.731073,1.359252,-0.711634
1.734873,1.364806,-0.705349
1.727857,1.37036,-0.725519
1.722303,1.366267,-0.717919
1.72435,1.371236,-0.730196
1.720842,1.374452,-0.734288
1.722303,1.37679,-0.724934
1.71938,1.373575,-0.744519
1.718796,1.381467,-0.73268
1.713826,1.380298,-0.744958
1.718796,1.38936,-0.741304
1.72055,1.391991,-0.749196
1.716749,1.393744,-0.747004
1.717334,1.396668,-0.748904
1.716749,1.406314,-0.747881
1.718503,1.406314,-0.740865
1.715288,1.399591,-0.757381
1.710319,1.406022,-0.751827
1.715288,1.410991,-0.768781
1.705057,1.410114,-0.76425
1.707396,1.418591,-0.764396
1.707688,1.42473,-0.764543
1.712365,1.427653,-0.768196
1.707103,1.428822,-0.769658
1.706811,1.436714,-0.780766
1.709442,1.444607,-0.773312
1.700672,1.441391,-0.77945
1.706226,1.439053,-0.783981
1.705057,1.446361,-0.79582
1.704472,1.45133,-0.787635
1.698042,1.448992,-0.799328
1.700088,1.450745,-0.800497
1.705057,1.458053,-0.808828
1.699211,1.468284,-0.80152
1.698626,1.462146,-0.813359
1.710026,1.47033,-0.807366
1.714996,1.475884,-0.811605
1.71178,1.4791,-0.817305
1.708272,1.468869,-0.822859
1.703595,1.476469,-0.820959
1.707103,1.488161,-0.82242
1.699795,1.488454,-0.823736
1.709149,1.492546,-0.825197
1.706519,1.499269,-0.82812
1.705934,1.497808,-0.823443
1.709442,1.503946,-0.827682
1.700965,1.502777,-0.839374
1.715873,1.497515,-0.834405
1.713534,1.503946,-0.839667
1.719673,1.515346,-0.830897
1.722596,1.511546,-0.836744
1.713826,1.5171,-0.845221
1.716457,1.517393,-0.845367
1.72318,1.519731,-0.851213
1.719965,1.521485,-0.849021
1.729027,1.522946,-0.851944
1.72815,1.527331,-0.852382
1.728734,1.521777,-0.849898
1.732827,1.519146,-0.862906
1.72435,1.53347,-0.864075
1.725519,1.536393,-0.853698
1.741304,1.532593,-0.852529
1.730488,1.534054,-0.860713
1.738381,1.539608,-0.855305
1.738381,1.538731,-0.856913
1.743058,1.540485,-0.854867
1.741011,1.535808,-0.859982
1.750073,1.540193,-0.856621
1.745688,1.539608,-0.858959
1.74335,1.543116,-0.862906
1.748319,1.54107,-0.857498
1.745396,1.546624,-0.857352
1.759135,1.54107,-0.862029
1.760304,1.539608,-0.85969
1.764104,1.544578,-0.864806
1.757089,1.540193,-0.85969
1.765858,1.538439,-0.858813
1.766735,1.539316,-0.864221
1.761473,1.549839,-0.857206
1.764104,1.543701,-0.86729
1.763812,1.537854,-0.860275
1.767904,1.544285,-0.861736
1.779012,1.546332,-0.845951
1.776381,1.54107,-0.896229
1.780474,1.539316,-0.847852
1.787781,1.535516,-0.850336
1.778427,1.540193,-0.849167
1.784858,1.542239,-0.845221
1.788074,1.545747,-0.853844
1.759427,1.539024,-0.854721
1.791874,1.541947,-0.848728
1.800643,1.548378,-0.847121
1.796843,1.539024,-0.843759
1.804151,1.534347,-0.846682
1.793335,1.535808,-0.840251
1.801228,1.538147,-0.837621
1.807366,1.523531,-0.833528
1.802689,1.536101,-0.831921
1.806489,1.530547,-0.825343
1.809412,1.519439,-0.832359
1.808828,1.526454,-0.832505
1.811459,1.525285,-0.830313
1.817889,1.518562,-0.832067
1.816428,1.516808,-0.822274
1.818474,1.513885,-0.828997
1.819059,1.515054,-0.818766
1.824905,1.511839,-0.824613
1.826659,1.511546,-0.816282
1.830751,1.515931,-0.804151
1.82812,1.513592,-0.813797
1.822859,1.503069,-0.801812
1.831336,1.502192,-0.803566
1.827243,1.497223,-0.802835
1.835136,1.497808,-0.808828
1.82929,1.499269,-0.791581
1.835428,1.489331,-0.795381
1.838644,1.494592,-0.797282
1.840105,1.4943,-0.789681
1.83689,1.490208,-0.79962
1.842736,1.4829,-0.787635
1.849752,1.493423,-0.794943
1.854136,1.484654,-0.782081
1.852675,1.469746,-0.777404
1.846828,1.476177,-0.775066
1.857352,1.475007,-0.772873
1.858521,1.473253,-0.770681
1.863198,1.469453,-0.761181
1.855013,1.4677,-0.763666
1.860567,1.465946,-0.755481
1.858813,1.4677,-0.761619
1.865536,1.455422,-0.747296
1.857059,1.458346,-0.750512
1.866413,1.453084,-0.746419
1.866706,1.456299,-0.755481
1.863198,1.449868,-0.73385
1.861152,1.444899,-0.737357
1.866121,1.446068,-0.739404
1.865244,1.439345,-0.737942
1.874013,1.440514,-0.728734
1.875767,1.436714,-0.725957
1.875183,1.421806,-0.738088
1.876352,1.425314,-0.714849
1.881614,1.42093,-0.713826
1.877521,1.426776,-0.716311
1.884244,1.421806,-0.721134
1.882783,1.418299,-0.709003
1.874013,1.41596,-0.714703
1.87869,1.411283,-0.717919
1.878106,1.405437,-0.716749
1.871967,1.411576,-0.710611
1.881614,1.40076,-0.697311
1.878983,1.399298,-0.702134
1.878106,1.395791,-0.701695
1.877521,1.392575,-0.691318
1.884244,1.393452,-0.689418
1.876644,1.383514,-0.685764
1.890968,1.397545,-0.685326
1.884829,1.381467,-0.676557
1.87226,1.382344,-0.665741
1.881321,1.371529,-0.680941
1.881029,1.371821,-0.673926
1.890675,1.363636,-0.672903
1.884244,1.365683,-0.664864
1.89126,1.366852,-0.664864
1.885121,1.368606,-0.661356
1.889506,1.355452,-0.654341
1.893891,1.351944,-0.668518
1.886291,1.352528,-0.654925
1.883952,1.347559,-0.643233
1.881321,1.345805,-0.651564
1.885706,1.345805,-0.652441
1.886875,1.345221,-0.655802
1.883075,1.342298,-0.642356
1.886875,1.339374,-0.64601
1.886875,1.336159,-0.650248
1.877229,1.335282,-0.644841
1.87606,1.32622,-0.640018
1.885706,1.325636,-0.639287
1.890968,1.326513,-0.631248
1.882491,1.321251,-0.63271
1.885998,1.324174,-0.629348
1.877813,1.325343,-0.632417
1.878398,1.316282,-0.624817
1.880737,1.319497,-0.621894
1.877229,1.317451,-0.634756
1.871967,1.311605,-0.62204
1.875183,1.302543,-0.618679
1.870213,1.308389,-0.614148
1.871967,1.30342,-0.613856
1.876644,1.309559,-0.62131
1.871967,1.29962,-0.609617
1.875475,1.297574,-0.621163
1.867583,1.305759,-0.607717
1.870213,1.297866,-0.608448
1.861444,1.296697,-0.605232
1.859398,1.29202,-0.615463
1.864075,1.300205,-0.612979
1.862613,1.300205,-0.614294
1.857644,1.294358,-0.619263
1.856767,1.292604,-0.599094
1.857936,1.29202,-0.614879
1.850921,1.295528,-0.602455
1.856182,1.29582,-0.598509
1.854721,1.291143,-0.595001
1.854429,1.292312,-0.603332
1.850336,1.287343,-0.602894
1.838059,1.286758,-0.601432
1.838936,1.281497,-0.602748
1.832213,1.286174,-0.60684
1.840398,1.28442,-0.610494
1.842151,1.286174,-0.604063
1.835428,1.283543,-0.602748
1.831044,1.286174,-0.608886
1.830751,1.283251,-0.603917
1.828413,1.284127,-0.600994
1.825197,1.289974,-0.609032
1.817305,1.302835,-0.625548
1.803274,1.343759,-0.633879
1.794797,1.394037,-0.664718
1.782227,1.43993,-0.685911
1.779012,1.483777,-0.729027
1.774043,1.515054,-0.761912
1.777258,1.540193,-0.795235
1.791874,1.541362,-0.81292
1.807951,1.531716,-0.838936
1.804735,1.52587,-0.847705
1.817305,1.5019,-0.863198
1.821397,1.485238,-0.857206
1.836305,1.472961,-0.856329
1.836013,1.453668,-0.841567
1.847121,1.45133,-0.834259
1.85589,1.431453,-0.842151
1.858813,1.422683,-0.828851
1.864952,1.414206,-0.83119
1.867583,1.405437,-0.831628
1.873429,1.394914,-0.830751
1.87109,1.388775,-0.830459
1.882491,1.38439,-0.82622
1.882783,1.385267,-0.834113
1.882491,1.374744,-0.812043
1.888921,1.369775,-0.819936
1.887752,1.365098,-0.809997
1.888921,1.36159,-0.792458
1.890091,1.360129,-0.79962
1.895937,1.356036,-0.79582
1.89886,1.351944,-0.794212
1.897106,1.349021,-0.789681
1.901491,1.33879,-0.782374
1.899152,1.339959,-0.787343
1.898568,1.336159,-0.796697
1.905583,1.335867,-0.788366
1.907045,1.329144,-0.785881
1.906752,1.324467,-0.780035
1.919906,1.326805,-0.763812
1.912014,1.317743,-0.772143
1.92166,1.318036,-0.781204
1.915814,1.323005,-0.76732
1.916983,1.310728,-0.765419
1.925168,1.30722,-0.758989
1.919614,1.306343,-0.764835
1.923999,1.305174,-0.76045
1.925168,1.302251,-0.749635
1.924876,1.298743,-0.758258
1.929553,1.295235,-0.755335
1.928968,1.295528,-0.757235
1.92663,1.289974,-0.748904
1.93423,1.28062,-0.743204
1.928091,1.287343,-0.737796
1.935399,1.281789,-0.740573
1.930137,1.280912,-0.737796
1.932476,1.277989,-0.731657
1.931599,1.272435,-0.731073
1.936568,1.274481,-0.734288
1.928676,1.270681,-0.72888
1.931891,1.262789,-0.718796
1.935691,1.263666,-0.719673
1.932768,1.259573,-0.714557
1.933353,1.254019,-0.722303
1.931599,1.256942,-0.714557
1.938907,1.253727,-0.703011
1.935399,1.243496,-0.711488
1.94183,1.237942,-0.704619
1.939491,1.242327,-0.709149
1.936568,1.240865,-0.697018
1.945045,1.271558,-0.701988
1.940368,1.233265,-0.685472
1.933937,1.235896,-0.693218
1.944461,1.235311,-0.700672
1.937445,1.226834,-0.688541
1.941245,1.22245,-0.692195
1.945338,1.22245,-0.678749
1.935399,1.21748,-0.672464
1.941245,1.221865,-0.674949
1.951476,1.213096,-0.673049
1.947968,1.209588,-0.673926
1.94563,1.205495,-0.659895
1.938907,1.21368,-0.656679
1.94943,1.211342,-0.658141
1.942415,1.200234,-0.669395
1.935107,1.200234,-0.650687
1.936276,1.190003,-0.658141
1.937737,1.189418,-0.650541
1.939199,1.194388,-0.652879
1.93423,1.192634,-0.637679
1.934522,1.17948,-0.652879
1.941245,1.185034,-0.648348
1.946215,1.176557,-0.642064
1.93803,1.180064,-0.648495
1.936568,1.173633,-0.648933
1.944168,1.179772,-0.646741
1.928383,1.177726,-0.632856
1.931307,1.165741,-0.643964
1.938322,1.173049,-0.63651
1.925168,1.168956,-0.63651
1.921076,1.157556,-0.632856
1.923122,1.160187,-0.630079
1.92926,1.157849,-0.635633
1.92283,1.156095,-0.636948
1.921953,1.157264,-0.626571
1.920199,1.154049,-0.624086
1.919029,1.151418,-0.622333
1.91406,1.145571,-0.632856
1.911137,1.149664,-0.634171
1.91406,1.151125,-0.618533
1.91406,1.150541,-0.63344
1.915229,1.149372,-0.632856
1.91026,1.153464,-0.631394
1.914353,1.156387,-0.632271
1.912306,1.148202,-0.637971
1.904706,1.149372,-0.637094
1.905875,1.145279,-0.633733
1.897983,1.138848,-0.623356
1.894475,1.149079,-0.612686
1.896814,1.146741,-0.616048
1.896814,1.154633,-0.62321
1.895352,1.150248,-0.624086
1.892721,1.15171,-0.624817
1.896521,1.142356,-0.623502
1.891845,1.141479,-0.633879
1.889798,1.144695,-0.63154
1.887167,1.145279,-0.626279
1.887752,1.143525,-0.624233
1.883367,1.148787,-0.633733
1.878983,1.153464,-0.633733
1.886583,1.144695,-0.635487
1.880444,1.141479,-0.647618
1.87489,1.143525,-0.634025
1.866706,1.150248,-0.636656
1.867583,1.144987,-0.64221
1.873429,1.136217,-0.644402
1.867583,1.150541,-0.64601
1.866998,1.149664,-0.634171
1.858521,1.153464,-0.641918
1.859398,1.158433,-0.645279
1.860275,1.154049,-0.646156
1.852382,1.156679,-0.649225
1.858813,1.153172,-0.652295
1.851213,1.148202,-0.652148
1.845075,1.152295,-0.659018
1.838936,1.151125,-0.650248
1.84829,1.15551,-0.654049
1.847121,1.166033,-0.653318
1.836305,1.161649,-0.655218
1.844198,1.162818,-0.647179
1.84449,1.158141,-0.660041
1.831044,1.159602,-0.663549
1.840982,1.165741,-0.667349
1.83689,1.169833,-0.664426
1.833674,1.175095,-0.675972
1.831628,1.179772,-0.669687
1.82929,1.182695,-0.660918
1.824028,1.177433,-0.678603
1.82929,1.181818,-0.677433
1.823443,1.184449,-0.67831
1.826367,1.187372,-0.671149
1.818474,1.181526,-0.681672
1.814674,1.185618,-0.693657
1.809997,1.18708,-0.683134
1.815843,1.194388,-0.692195
1.812336,1.188249,-0.69468
1.811751,1.194972,-0.696141
1.811751,1.203742,-0.693511
1.811751,1.207542,-0.699211
1.803859,1.199649,-0.708565
1.804443,1.205495,-0.704472
1.803274,1.200818,-0.707395
1.803274,1.207834,-0.707542
1.802105,1.214849,-0.715873
1.800643,1.210172,-0.717188
1.801812,1.214557,-0.72435
1.800935,1.222157,-0.718065
1.799474,1.223619,-0.720988
1.807659,1.224788,-0.736042
1.799182,1.228296,-0.724203
1.799766,1.232681,-0.721719
1.801228,1.233557,-0.734581
1.800058,1.237065,-0.730634
1.800643,1.229465,-0.730634
1.790412,1.234727,-0.72888
1.790704,1.232681,-0.737504
1.795089,1.239696,-0.731073
1.792751,1.245542,-0.743058
1.791289,1.245835,-0.745981
1.794212,1.247296,-0.74715
1.79392,1.252265,-0.742181
1.791581,1.251973,-0.754165
1.788074,1.25285,-0.761619
1.790412,1.259573,-0.759866
1.793628,1.263666,-0.753873
1.792458,1.266589,-0.758696
1.791581,1.270096,-0.770827
1.788366,1.276527,-0.768489
1.793335,1.271558,-0.758404
1.784858,1.280327,-0.77682
1.783397,1.281497,-0.776235
1.785735,1.291728,-0.785881
1.781058,1.279743,-0.753142
1.780181,1.291143,-0.784566
1.788951,1.289974,-0.781497
1.786612,1.286758,-0.789243
1.785735,1.297282,-0.790558
1.780181,1.296405,-0.783251
1.776381,1.301666,-0.790266
1.781058,1.301958,-0.80152
1.774335,1.294358,-0.798743
1.779304,1.305466,-0.806051
1.779012,1.307512,-0.79962
1.786027,1.315697,-0.796258
1.784274,1.319205,-0.81102
1.781935,1.311605,-0.801228
1.77872,1.322713,-0.808243
1.784566,1.324759,-0.819936
1.784274,1.321251,-0.815259
1.789243,1.326805,-0.817451
1.783397,1.334113,-0.81979
1.787781,1.32242,-0.821397
1.790704,1.329728,-0.819497
1.784858,1.332067,-0.832505
1.785735,1.33879,-0.824028
1.786904,1.344344,-0.831336
1.793628,1.350482,-0.837913
1.782227,1.344344,-0.823736
1.79012,1.344928,-0.82929
1.790997,1.344928,-0.839959
1.788951,1.34639,-0.826513
1.792458,1.346975,-0.837474
1.789535,1.352528,-0.848582
1.787489,1.349021,-0.840982
1.791581,1.349605,-0.834113
1.790997,1.355744,-0.847121
1.790412,1.354282,-0.843467
1.789828,1.358375,-0.841713
1.787781,1.361882,-0.850628
1.787781,1.357206,-0.847705
1.798305,1.365975,-0.845075
1.795089,1.367436,-0.851944
1.799182,1.365683,-0.853698
1.804151,1.37036,-0.855452
1.798012,1.368313,-0.852529
1.800643,1.363052,-0.853698
1.805612,1.365098,-0.857206
1.809705,1.363052,-0.845951
1.804443,1.37416,-0.85209
1.806197,1.371529,-0.856475
1.810874,1.375037,-0.85399
1.813213,1.377667,-0.852382
1.817889,1.377083,-0.851652
1.815843,1.368021,-0.857059
1.817889,1.371821,-0.856182
1.820813,1.374452,-0.857936
1.817597,1.368313,-0.863344
1.816428,1.373575,-0.857206
1.826367,1.372113,-0.853552
1.827243,1.368021,-0.86656
1.82549,1.371529,-0.858813
1.831336,1.37679,-0.847267
1.830751,1.371529,-0.849898
1.837182,1.379421,-0.860859
1.836597,1.378252,-0.855598
1.830751,1.368313,-0.845513
1.845951,1.37796,-0.850775
1.845367,1.373283,-0.850044
1.843905,1.378837,-0.855305
1.850921,1.36919,-0.841274
1.84449,1.382637,-0.850044
1.851798,1.371236,-0.852529
1.858813,1.375914,-0.837328
1.857936,1.378252,-0.841859
1.861736,1.370944,-0.840251
1.850336,1.368313,-0.851213
1.857644,1.371529,-0.842005
1.865536,1.371529,-0.832944
1.857936,1.368021,-0.835721
1.869629,1.367729,-0.828851
1.866706,1.367144,-0.834405
1.875767,1.364806,-0.829436
1.871675,1.356621,-0.834551
1.879567,1.356329,-0.821836
1.882198,1.355159,-0.789389
1.881906,1.358959,-0.81292
1.878398,1.35399,-0.831336
1.881321,1.358667,-0.817597
1.890091,1.353113,-0.815551
1.890091,1.34639,-0.81862
1.888337,1.351944,-0.81482
1.894183,1.343174,-0.799035
1.893598,1.344928,-0.807512
1.897691,1.337036,-0.801812
1.891845,1.337036,-0.795381
1.900029,1.337036,-0.791435
1.908799,1.337328,-0.793335
1.896521,1.328851,-0.791143
1.901783,1.331482,-0.79392
1.911722,1.332359,-0.783689
1.91026,1.321836,-0.781204
1.904122,1.321836,-0.780181
1.916106,1.317743,-0.774627
1.916106,1.311312,-0.768781
1.911137,1.317159,-0.763812
1.913476,1.311605,-0.775943
1.918737,1.309559,-0.775358
1.92283,1.307512,-0.764981
1.92663,1.307805,-0.751242
1.927799,1.30342,-0.751096
1.933353,1.292604,-0.756065
1.928383,1.302251,-0.751096
1.929553,1.297574,-0.741158
1.923414,1.294943,-0.746419
1.931599,1.287051,-0.752412
1.926337,1.293189,-0.743935
1.931014,1.278281,-0.732096
1.92663,1.28442,-0.728588
1.92926,1.280327,-0.738381
1.933353,1.275943,-0.724496
1.938614,1.273312,-0.722303
1.940661,1.270096,-0.72245
1.932768,1.264835,-0.729904
1.936861,1.260158,-0.722303
1.941245,1.251973,-0.712657
1.937737,1.259281,-0.710611
1.943876,1.251973,-0.717626
1.940661,1.256358,-0.712949
1.936276,1.249927,-0.703595
1.947091,1.24525,-0.739696
1.942415,1.244081,-0.704472
1.940368,1.246711,-0.693218
1.943876,1.235311,-0.692049
1.945045,1.232973,-0.691026
1.908214,1.237065,-0.687811
1.944753,1.234727,-0.691464
1.94183,1.222742,-0.683134
1.946799,1.23005,-0.684157
1.941538,1.218065,-0.679772
1.94563,1.220696,-0.676557
1.946215,1.218357,-0.679918
1.944461,1.214557,-0.670272
1.94563,1.210172,-0.664864
1.94563,1.211342,-0.655949
1.945922,1.201695,-0.662087
1.94183,1.208126,-0.655218
1.942122,1.19848,-0.663402
1.946799,1.192341,-0.656387
1.941245,1.192341,-0.664864
1.939199,1.196141,-0.653172
1.941538,1.197018,-0.644841
1.939784,1.193218,-0.665156
1.937737,1.178603,-0.655802
1.933353,1.178018,-0.65361
1.934814,1.178018,-0.647179
1.935399,1.17568,-0.636802
1.931599,1.178018,-0.643964
1.932184,1.175972,-0.64411
1.933353,1.169541,-0.641333
1.931307,1.17451,-0.637679
1.935107,1.166618,-0.627156
1.93423,1.170126,-0.634756
1.928676,1.165449,-0.628763
1.924583,1.162526,-0.620871
1.921953,1.16311,-0.627448
1.924876,1.162233,-0.629933
1.922245,1.161064,-0.629348
1.926922,1.154925,-0.627156
1.919614,1.154633,-0.626425
1.920199,1.152295,-0.627448
1.919614,1.146741,-0.663256
1.916691,1.152295,-0.626717
1.923122,1.149664,-0.615317
1.917568,1.152295,-0.632417
1.914937,1.149664,-0.623356
1.914937,1.154049,-0.621894
1.903537,1.136217,-0.627594
1.90646,1.141479,-0.631687
1.91026,1.144695,-0.626863
1.899152,1.146741,-0.622479
1.906168,1.144987,-0.621017
1.895937,1.145279,-0.626425
1.897983,1.148202,-0.620725
1.893891,1.147033,-0.616779
1.901491,1.142356,-0.617948
1.893014,1.143233,-0.62394
1.897398,1.147325,-0.624379
1.889506,1.140602,-0.62014
1.891552,1.143233,-0.62131
1.888921,1.142648,-0.627887
1.885414,1.141479,-0.621456
1.881029,1.149956,-0.629056
1.882491,1.147033,-0.628763
1.872552,1.14031,-0.635194
1.875475,1.147618,-0.62511
1.878106,1.145571,-0.633294
1.880737,1.146448,-0.641333
1.871967,1.145279,-0.634464
1.869336,1.148202,-0.640456
1.862321,1.147325,-0.646156
1.857936,1.15171,-0.643233
1.865244,1.160479,-0.640456
1.865536,1.153464,-0.646741
1.860567,1.153464,-0.630371
1.857352,1.154633,-0.64791
1.856182,1.155218,-0.641187
1.851213,1.154925,-0.65931
1.851798,1.15551,-0.656972
1.850628,1.159018,-0.646156
1.837767,1.162526,-0.657995
1.846536,1.161941,-0.651856
1.855598,1.167203,-0.656387
1.846244,1.167495,-0.65551
1.841567,1.173341,-0.659164
1.847121,1.17188,-0.66121
1.838059,1.168079,-0.661795
1.841274,1.177433,-0.664864
1.836305,1.165449,-0.66998
1.836597,1.178018,-0.664864
1.831921,1.17831,-0.672464
1.833382,1.180941,-0.668518
1.824905,1.188834,-0.679041
1.828413,1.188249,-0.676703
1.826367,1.187372,-0.684887
1.826367,1.185618,-0.677872
1.826074,1.197311,-0.684157
1.821105,1.186787,-0.700965
1.817305,1.193511,-0.689564
1.816136,1.197311,-0.681672
1.814089,1.196141,-0.677141
1.816428,1.202572,-0.694095
1.815843,1.207249,-0.692341
1.821105,1.206957,-0.697603
1.817889,1.210757,-0.70038
1.82169,1.205203,-0.718503
1.809997,1.209296,-0.70608
1.803859,1.20988,-0.70798
1.803566,1.213388,-0.705642
1.804735,1.221573,-0.716896
1.802397,1.223034,-0.719088
1.806782,1.223911,-0.720988
1.812628,1.22508,-0.713534
1.802105,1.226542,-0.724788
1.797135,1.227711,-0.735165
1.800935,1.227711,-0.726834
1.796258,1.232096,-0.720111
1.791289,1.237065,-0.722596
1.792166,1.236481,-0.741011
1.788658,1.243204,-0.727273
1.803859,1.24525,-0.746127
1.79012,1.253435,-0.727565
1.794797,1.249927,-0.749781
1.786904,1.251388,-0.750512
1.788658,1.260742,-0.741011
1.788658,1.254896,-0.752704
1.78135,1.258989,-0.765858
1.786612,1.259573,-0.761619
1.78135,1.266004,-0.759427
1.787781,1.264835,-0.761766
1.789535,1.268927,-0.766589
1.783689,1.275943,-0.77112
1.779889,1.275358,-0.764543
1.787197,1.278281,-0.770681
1.783981,1.280912,-0.769804
1.776089,1.275943,-0.771266
1.791289,1.285297,-0.776966
1.785151,1.289974,-0.78062
1.784858,1.291143,-0.778427
1.780474,1.296697,-0.787197
1.779012,1.30342,-0.785443
1.78135,1.306928,-0.787051
1.783104,1.296112,-0.793628
1.785735,1.310436,-0.794212
1.790704,1.308097,-0.804151
1.777258,1.30722,-0.796551
1.782227,1.310728,-0.795966
1.779304,1.31482,-0.794505
1.78135,1.316282,-0.796405
1.780766,1.320374,-0.794358
1.788658,1.321543,-0.799182
1.792458,1.329144,-0.799035
1.790704,1.320666,-0.808243
1.796258,1.327682,-0.820228
1.783397,1.332359,-0.81292
1.790704,1.329728,-0.808389
1.790412,1.338498,-0.81102
1.788366,1.337036,-0.814966
1.796258,1.337621,-0.814089
1.793628,1.336159,-0.825343
1.788366,1.344051,-0.821982
1.790997,1.344344,-0.829144
1.791581,1.345805,-0.82432
1.795674,1.346098,-0.840982
1.786027,1.348436,-0.82359
1.791289,1.351067,-0.827682
1.79012,1.348436,-0.826074
1.788658,1.353405,-0.840105
1.792458,1.352528,-0.832944
1.793335,1.351944,-0.841859
1.798305,1.358667,-0.841713
1.794797,1.356621,-0.838498
1.793043,1.364806,-0.840398
1.797135,1.366852,-0.846244
1.792458,1.365683,-0.841859
1.790997,1.36539,-0.841274
1.79772,1.368313,-0.848144
1.801228,1.369483,-0.854136
1.807659,1.367729,-0.845221
1.809705,1.368898,-0.855452
1.811459,1.373867,-0.852675
1.806197,1.371236,-0.866413
1.809997,1.371236,-0.855744
1.806489,1.375621,-0.857498
1.808828,1.378837,-0.865536
1.809705,1.37796,-0.854575
1.814966,1.377375,-0.846682
1.811166,1.377667,-0.855452
1.816428,1.376498,-0.857644
1.82169,1.380298,-0.849459
1.82052,1.387898,-0.852675
1.822274,1.380883,-0.857352
1.820228,1.387314,-0.851505
1.827243,1.384975,-0.853552
1.82929,1.382929,-0.854429
1.826951,1.37679,-0.858375
1.819643,1.382637,-0.850482
1.840105,1.386729,-0.849021
1.83309,1.39316,-0.853259
1.82929,1.400175,-0.857206
1.821982,1.420345,-0.865244
1.819936,1.46273,-0.867583
1.816428,1.491084,-0.877814
1.800058,1.536978,-0.865098
1.796258,1.541362,-0.837474
1.790704,1.539608,-0.810582
1.789828,1.527039,-0.782081
1.786027,1.5019,-0.756942
1.786904,1.503069,-0.743935
1.788658,1.482315,-0.725811
1.786027,1.470623,-0.713534
1.782812,1.453961,-0.706372
1.783689,1.444607,-0.706811
1.789535,1.435545,-0.688541
1.783689,1.41216,-0.68211
1.783104,1.418299,-0.678749
1.786027,1.408945,-0.675241
1.780766,1.405145,-0.674949
1.791581,1.390529,-0.673341
1.781058,1.394037,-0.669249
1.783397,1.391698,-0.665887
1.777843,1.398714,-0.663549
1.773166,1.391114,-0.670272
1.77492,1.390237,-0.672172
1.77872,1.392575,-0.68211
1.774627,1.394329,-0.670856
1.77375,1.389944,-0.67831
1.76995,1.392283,-0.673926
1.771412,1.387606,-0.67261
1.770827,1.387898,-0.672172
1.766735,1.389944,-0.680941
1.765273,1.388191,-0.682403
1.764104,1.385852,-0.680357
1.763812,1.38936,-0.683572
1.760596,1.394621,-0.67641
1.765566,1.398129,-0.684595
1.766735,1.39696,-0.684303
1.760012,1.405729,-0.686787
1.760889,1.40456,-0.682403
1.759719,1.401345,-0.691318
1.751827,1.407191,-0.687664
1.759427,1.40456,-0.698188
1.748612,1.413037,-0.701257
1.752119,1.408945,-0.705642
1.750365,1.409237,-0.706519
1.758842,1.414206,-0.697311
1.747735,1.414791,-0.69848
1.753581,1.419468,-0.714703
1.74715,1.420637,-0.709003
1.748027,1.421222,-0.715142
1.746858,1.42473,-0.715288
1.746858,1.45893,-0.718357
1.751535,1.42473,-0.715873
1.746858,1.422976,-0.715142
1.741304,1.422976,-0.711049
1.741011,1.429991,-0.725665
1.742473,1.434376,-0.728296
1.739842,1.43496,-0.734288
1.733996,1.43613,-0.729611
1.738381,1.433499,-0.732973
1.741011,1.438761,-0.732827
1.739842,1.442853,-0.733996
1.738673,1.441684,-0.744373
1.740134,1.442561,-0.750512
1.731657,1.451915,-0.74335
1.734581,1.447822,-0.733704
1.733119,1.456592,-0.74905
1.732242,1.450161,-0.751681
1.729027,1.453084,-0.754896
1.726688,1.456007,-0.753727
1.730488,1.45513,-0.749781
1.731657,1.458638,-0.753581
1.730488,1.460976,-0.750804
1.726396,1.465069,-0.754896
1.719965,1.471207,-0.764396
1.726396,1.470038,-0.75855
1.72435,1.4715,-0.755481
1.726103,1.466238,-0.763373
1.722596,1.476761,-0.768489
1.722303,1.472084,-0.771704
1.731073,1.477346,-0.766735
1.72435,1.485823,-0.774043
1.728442,1.478807,-0.770535
1.73078,1.489623,-0.782081
1.71938,1.489915,-0.780474
1.719965,1.491084,-0.783543
1.721426,1.499562,-0.77945
1.724057,1.495177,-0.785004
1.719673,1.495177,-0.792897
1.72055,1.501023,-0.786612
1.719965,1.502485,-0.794505
1.722596,1.501315,-0.801374
1.726103,1.5057,-0.797282
1.725519,1.503069,-0.794505
1.722303,1.507454,-0.795528
1.722888,1.503654,-0.792605
1.731365,1.505408,-0.788074
1.723765,1.514177,-0.786466
1.729904,1.508916,-0.789828
1.727857,1.512716,-0.799474
1.729319,1.51447,-0.796843
1.733411,1.52207,-0.80342
1.729027,1.526454,-0.806343
1.727857,1.5247,-0.797574
1.736627,1.515346,-0.800789
1.734288,1.523239,-0.803859
1.733411,1.526162,-0.801812
1.731657,1.538147,-0.806489
1.736627,1.532593,-0.797866
1.735165,1.52967,-0.805028
1.742765,1.532593,-0.803274
1.746273,1.53347,-0.809705
1.746858,1.525577,-0.807366
1.742473,1.530839,-0.802105
1.743935,1.534054,-0.801082
1.740134,1.538147,-0.803128
1.750365,1.541654,-0.812628
1.744519,1.52967,-0.809412
1.753581,1.533177,-0.812774
1.749781,1.53727,-0.812336
1.759427,1.540485,-0.824174
1.747735,1.538439,-0.818474
1.759135,1.538147,-0.81102
1.756504,1.531131,-0.817743
1.752119,1.53727,-0.814382
1.758258,1.548085,-0.813797
1.755919,1.537854,-0.809997
1.760304,1.54107,-0.812482
1.763519,1.530839,-0.81292
1.762058,1.535224,-0.813651
1.761181,1.533762,-0.809266
1.771996,1.536101,-0.807805
1.769658,1.533177,-0.806489
1.773458,1.530547,-0.805759
1.765566,1.528793,-0.805174
1.77492,1.542239,-0.803566
1.777843,1.532885,-0.802251
1.772873,1.533177,-0.811312
1.781643,1.529962,-0.796112
1.776089,1.529962,-0.798305
1.783104,1.529085,-0.783835
1.78252,1.523239,-0.794943
1.784274,1.527039,-0.794358
1.778427,1.52587,-0.794066
1.783689,1.532593,-0.79202
1.788074,1.527331,-0.787197
1.790704,1.525577,-0.798889
1.792751,1.529962,-0.800643
1.791581,1.524116,-0.787781
1.794212,1.523531,-0.790412
1.805028,1.522362,-0.798451
1.799182,1.520023,-0.792166
1.801812,1.515054,-0.797574
1.800058,1.514762,-0.790851
1.806489,1.515931,-0.771558
1.802105,1.514177,-0.783543
1.80532,1.516516,-0.781204
1.803859,1.513008,-0.773458
1.805612,1.512716,-0.775358
1.81672,1.513592,-0.77755
1.810582,1.511546,-0.765566
1.805028,1.513008,-0.770681
1.814089,1.502192,-0.779597
1.810582,1.507454,-0.77945
1.810582,1.510085,-0.768196
1.813505,1.5019,-0.774627
1.818182,1.498685,-0.768196
1.814966,1.495762,-0.769512
1.817597,1.489915,-0.762204
1.814089,1.487577,-0.772727
1.814674,1.490792,-0.767466
1.824613,1.491669,-0.771704
1.827828,1.489038,-0.76615
1.82169,1.493131,-0.758404
1.817013,1.479392,-0.757527
1.825782,1.486115,-0.752996
1.829582,1.483484,-0.749927
1.826659,1.476761,-0.759573
1.831921,1.479684,-0.745835
1.82432,1.477346,-0.740573
1.826659,1.477346,-0.740427
1.826951,1.477638,-0.745396
1.826659,1.476469,-0.740719
1.827828,1.468869,-0.72698
1.832505,1.473546,-0.738234
1.833967,1.472084,-0.745396
1.840105,1.4677,-0.735604
1.835136,1.46273,-0.736042
1.833967,1.457469,-0.733119
1.832213,1.464484,-0.736042
1.826951,1.45893,-0.72435
1.834259,1.459807,-0.72245
1.832797,1.453961,-0.720111
1.838351,1.450745,-0.716165
1.835136,1.448407,-0.723765
1.838936,1.441684,-0.721865
1.838644,1.441684,-0.718796
1.835428,1.444314,-0.720842
1.838644,1.441684,-0.706372
1.839228,1.438176,-0.710172
1.847705,1.436422,-0.713096
1.833382,1.435545,-0.705934
1.842736,1.431745,-0.693949
1.837182,1.435838,-0.691903
1.843028,1.429114,-0.690441
1.839813,1.426776,-0.696726
1.838936,1.428237,-0.693949
1.83689,1.428237,-0.694972
1.839813,1.422683,-0.68021
1.839228,1.424437,-0.678895
1.838936,1.424145,-0.682549
1.833967,1.418883,-0.693803
1.838059,1.413914,-0.67831
1.834259,1.413914,-0.681672
1.83689,1.406022,-0.66691
1.844198,1.407483,-0.681234
1.845659,1.411868,-0.68708
1.846536,1.408652,-0.67641
1.840398,1.405145,-0.680941
1.842151,1.398129,-0.676849
1.842444,1.399591,-0.669249
1.842444,1.403975,-0.671295
1.845075,1.401929,-0.679334
1.846828,1.403391,-0.660333
1.839228,1.396083,-0.676557
1.836597,1.389068,-0.662526
1.844198,1.391991,-0.662964
1.835721,1.396083,-0.67071
1.839521,1.386437,-0.656095
1.843613,1.386729,-0.656533
1.834844,1.390529,-0.662672
1.837182,1.387314,-0.655656
1.83309,1.384975,-0.660187
1.828413,1.388775,-0.653172
1.834844,1.387021,-0.65741
1.837474,1.382052,-0.65171
1.836597,1.379129,-0.657702
1.832213,1.382344,-0.652002
1.837767,1.379129,-0.653756
1.831044,1.378837,-0.655364
1.797135,1.382929,-0.652441
1.79772,1.378837,-0.657118
1.832505,1.370652,-0.666179
1.82812,1.367436,-0.651418
1.823151,1.36919,-0.653318
1.826367,1.368898,-0.647618
1.821397,1.368313,-0.649664
1.82812,1.36919,-0.650395
1.823151,1.36919,-0.657556
1.822859,1.371236,-0.64031
1.823736,1.370652,-0.651125
1.820813,1.359836,-0.648056
1.821397,1.364221,-0.654341
1.816428,1.369775,-0.661356
1.815843,1.370652,-0.655656
1.805905,1.360713,-0.648933
1.816136,1.364806,-0.651125
1.808243,1.36159,-0.642064
1.803566,1.360421,-0.649225
1.811166,1.362175,-0.643379
1.809997,1.359252,-0.643233
1.794505,1.361882,-0.638264
1.803859,1.362467,-0.647764
1.800935,1.363929,-0.654487
1.802689,1.363929,-0.643087
1.802105,1.361882,-0.647764
1.801228,1.361006,-0.648787
1.798012,1.366852,-0.652879
1.796551,1.363636,-0.650979
1.789828,1.362759,-0.652002
1.790704,1.36539,-0.660479
1.798305,1.367436,-0.650102
1.788658,1.367144,-0.663402
1.79012,1.367144,-0.657702
1.780474,1.365098,-0.652441
1.792166,1.367729,-0.652295
1.788074,1.367729,-0.655218
1.784274,1.374452,-0.650248
1.789535,1.368313,-0.65931
1.781643,1.365975,-0.665156
1.78252,1.377667,-0.657264
1.777258,1.365683,-0.666618
1.77872,1.365683,-0.665156
1.779012,1.37036,-0.663987
1.772581,1.366852,-0.667203
1.783981,1.368313,-0.662233
1.779012,1.370652,-0.673195
1.779889,1.372113,-0.671441
1.770827,1.371821,-0.679041
1.774043,1.373283,-0.681672
1.771996,1.38059,-0.681234
1.772289,1.387606,-0.676118
1.774043,1.383806,-0.681234
1.769658,1.383221,-0.680795
1.762935,1.383514,-0.684303
1.763812,1.380883,-0.688103
1.770827,1.39316,-0.68328
1.766735,1.396668,-0.685326
1.760012,1.397252,-0.691757
1.760889,1.388775,-0.689564
1.755335,1.393452,-0.69658
1.762935,1.388775,-0.690003
1.755919,1.396083,-0.698041
1.750658,1.394621,-0.699649
1.748319,1.399883,-0.704326
1.748612,1.398714,-0.695703
1.752119,1.404852,-0.693657
1.744519,1.400175,-0.700672
1.752119,1.405437,-0.71178
1.748027,1.406022,-0.711488
1.752412,1.405437,-0.702865
1.743058,1.407483,-0.705349
1.741011,1.411868,-0.699065
1.738673,1.415668,-0.712949
1.749196,1.418006,-0.710903
1.744519,1.425022,-0.70608
1.733996,1.418591,-0.710172
1.741304,1.424145,-0.71558
1.744811,1.422391,-0.716749
1.742765,1.41976,-0.713534
1.737504,1.422976,-0.719965
1.729027,1.432622,-0.716896
1.733119,1.42853,-0.72245
1.739258,1.437884,-0.723619
1.733411,1.43233,-0.736188
1.736919,1.43496,-0.735165
1.740427,1.438176,-0.735019
1.72815,1.433791,-0.72815
1.731073,1.44373,-0.746273
1.727565,1.440807,-0.747881
1.728734,1.444899,-0.747004
1.726688,1.451038,-0.742034
1.729904,1.454253,-0.746565
1.72698,1.454545,-0.751096
1.722888,1.456299,-0.753727
1.735165,1.461561,-0.754896
1.72815,1.462146,-0.748027
1.722303,1.45893,-0.756504
1.718796,1.465653,-0.764835
1.72318,1.469746,-0.764689
1.72055,1.465361,-0.756942
1.724057,1.475884,-0.762643
1.718796,1.47793,-0.765127
1.717626,1.470623,-0.769073
1.724057,1.474715,-0.778427
1.716457,1.477346,-0.764543
1.717919,1.491961,-0.779304
1.72318,1.481146,-0.77945
1.713534,1.484654,-0.775797
1.722596,1.486115,-0.786758
1.715873,1.496346,-0.784712
1.722596,1.489915,-0.783835
1.725227,1.4867,-0.79392
1.723765,1.498392,-0.78135
1.720842,1.503654,-0.783835
1.72435,1.499854,-0.796843
1.723473,1.501315,-0.804735
1.726688,1.502777,-0.796551
1.722303,1.503069,-0.801374
1.721719,1.510962,-0.801959
1.71938,1.512716,-0.797428
1.725519,1.507454,-0.800789
1.729319,1.519439,-0.809412
1.733411,1.514177,-0.798451
1.72435,1.516808,-0.801374
1.728442,1.512716,-0.81102
1.731657,1.518562,-0.819936
1.734581,1.522946,-0.810582
1.726688,1.523531,-0.806928
1.730488,1.527624,-0.801959
1.733704,1.52207,-0.812628
1.735165,1.5247,-0.810436
1.729904,1.528793,-0.806051
1.731073,1.527331,-0.79772
1.743642,1.525285,-0.820666
1.74335,1.526747,-0.785881
1.741304,1.528793,-0.810143
1.734581,1.531131,-0.808974
1.736042,1.567378,-0.814089
1.739258,1.529962,-0.809412
1.742765,1.534931,-0.811897
1.742181,1.530547,-0.810143
1.749781,1.52967,-0.816282
1.751535,1.534054,-0.805612
1.755627,1.534639,-0.80912
1.753873,1.53347,-0.80912
1.759135,1.53347,-0.81102
1.757673,1.531131,-0.814236
1.758842,1.5323,-0.820813
1.759135,1.539901,-0.810728
1.757381,1.539901,-0.816428
1.760889,1.534054,-0.806343
1.763519,1.534054,-0.804151
1.761473,1.527916,-0.809559
1.766443,1.538439,-0.808974
1.767904,1.531424,-0.80722
1.762058,1.53347,-0.809851
1.775797,1.531424,-0.800497
1.776673,1.538731,-0.810436
1.777843,1.535516,-0.808097
1.770535,1.528208,-0.802835
1.775504,1.535516,-0.808243
1.781935,1.527624,-0.80912
1.77755,1.531424,-0.802251
1.787781,1.534931,-0.803566
1.779012,1.527916,-0.802543
1.77872,1.526747,-0.80722
1.787489,1.527039,-0.79202
1.791289,1.52967,-0.801666
1.793335,1.528793,-0.791143
1.790412,1.518562,-0.788366
1.790412,1.521777,-0.801959
1.792751,1.524116,-0.789097
1.798889,1.523531,-0.793628
1.792458,1.519146,-0.788366
1.800935,1.515054,-0.789828
1.79772,1.5247,-0.792458
1.800643,1.51827,-0.789681
1.799766,1.517685,-0.793481
1.806489,1.51827,-0.765712
1.804443,1.512131,-0.780766
1.802982,1.515639,-0.787051
1.808535,1.514177,-0.789243
1.805905,1.509208,-0.785589
1.806782,1.5171,-0.782374
1.803566,1.508916,-0.777258
1.805905,1.498392,-0.772873
1.81292,1.51447,-0.769804
1.816136,1.505116,-0.760304
1.810582,1.497515,-0.755189
1.814966,1.495469,-0.767027
1.819643,1.502485,-0.759427
1.82052,1.4943,-0.76615
1.817305,1.494884,-0.768927
1.82052,1.491377,-0.763519
1.812043,1.492254,-0.762204
1.82052,1.488746,-0.750804
1.821982,1.493715,-0.750512
1.821105,1.486408,-0.747442
1.824028,1.484654,-0.74525
1.819936,1.480854,-0.749781
1.833674,1.47413,-0.756065
1.830751,1.479977,-0.741742
1.833967,1.481146,-0.732388
1.831336,1.469746,-0.730196
1.828705,1.473838,-0.739696
1.823151,1.470623,-0.728442
1.828705,1.476469,-0.737065
1.828997,1.464192,-0.741742
1.83309,1.468869,-0.72888
1.839521,1.464192,-0.731511
1.839521,1.466238,-0.72128
1.840398,1.460976,-0.72815
1.841859,1.459807,-0.719526
1.832797,1.455715,-0.72508
1.831921,1.453961,-0.710611
1.833967,1.45893,-0.717626
1.837767,1.453376,-0.713242
1.837474,1.448115,-0.724788
1.842736,1.444022,-0.710026
1.836305,1.444022,-0.704619
1.843321,1.443145,-0.708857
1.838059,1.435838,-0.703742
1.835721,1.442853,-0.696726
1.842444,1.43993,-0.693803
1.839813,1.444022,-0.706519
1.843028,1.445484,-0.693511
1.837182,1.434084,-0.691611
1.839228,1.430284,-0.691026
1.844782,1.434376,-0.683718
1.852382,1.430284,-0.680795
1.840982,1.426191,-0.685034
1.840105,1.422683,-0.694388
1.846536,1.425899,-0.682257
1.837474,1.41976,-0.68708
1.840105,1.41713,-0.67831
1.84069,1.413914,-0.682987
1.845367,1.41216,-0.682695
1.840982,1.413329,-0.683864
1.841567,1.412452,-0.679334
1.835136,1.407191,-0.682841
1.843613,1.411283,-0.668664
1.845659,1.413914,-0.677141
1.843321,1.406022,-0.680357
1.83689,1.405729,-0.670564
1.834551,1.405437,-0.674949
1.843028,1.406606,-0.673049
1.850921,1.401345,-0.670856
1.848582,1.40456,-0.66881
1.848875,1.399006,-0.667787
1.840398,1.392283,-0.671295
1.841859,1.399298,-0.656679
1.834551,1.392868,-0.661064
1.840398,1.394914,-0.667641
1.839521,1.388775,-0.66501
1.840398,1.382929,-0.654633
1.827828,1.38439,-0.663256
1.841274,1.384975,-0.662526
1.834259,1.380298,-0.649518
1.843028,1.381467,-0.654341
1.831044,1.386144,-0.652441
1.838936,1.386729,-0.659602
1.834551,1.379129,-0.661941
1.834259,1.38439,-0.654779
1.832505,1.373867,-0.654049
1.835136,1.376206,-0.64601
1.835136,1.380298,-0.664864
1.827536,1.376206,-0.660772
1.826659,1.373575,-0.654049
1.82929,1.372113,-0.646156
1.829582,1.371529,-0.650833
1.82549,1.365098,-0.646887
1.82169,1.37416,-0.637971
1.828705,1.375037,-0.648348
1.826659,1.367729,-0.638117
1.818766,1.366852,-0.650979
1.818474,1.371821,-0.652148
1.819059,1.365683,-0.653464
1.819643,1.357206,-0.650102
1.810289,1.362759,-0.653902
1.81672,1.374452,-0.64981
1.813505,1.368606,-0.650541
1.82052,1.365683,-0.644841
1.809705,1.358375,-0.660333
1.816428,1.366852,-0.650687
1.805028,1.37679,-0.664864
1.801812,1.396083,-0.661502
1.797428,1.421514,-0.691611
1.781643,1.4677,-0.70798
1.773166,1.507162,-0.763081
1.779304,1.536101,-0.798889
1.782227,1.547501,-0.83499
1.798597,1.535808,-0.845221
1.802397,1.5209,-0.847852
1.812628,1.518562,-0.836451
1.811459,1.51827,-0.841859
1.811459,1.510962,-0.853405
1.823443,1.499269,-0.845951
1.829874,1.506285,-0.854282
1.840398,1.484361,-0.856475
1.841274,1.483484,-0.856329
1.848875,1.474715,-0.844344
1.847998,1.467407,-0.843905
1.853259,1.465069,-0.847705
1.852967,1.452499,-0.829144
1.859982,1.453961,-0.829582
1.862029,1.450161,-0.832505
1.869921,1.451915,-0.829144
1.875183,1.446361,-0.836013
1.87986,1.438176,-0.832067
1.875183,1.446653,-0.823151
1.878106,1.440807,-0.817013
1.888044,1.43496,-0.813066
1.881906,1.432914,-0.816282
1.889798,1.418006,-0.814382
1.893014,1.420637,-0.807805
1.888337,1.416837,-0.808243
1.896814,1.419176,-0.801228
1.894183,1.410406,-0.800643
1.89126,1.410406,-0.796551
1.896814,1.408945,-0.786758
1.897691,1.407191,-0.78252
1.911722,1.401052,-0.779597
1.904999,1.394329,-0.771704
1.901783,1.397252,-0.774189
1.906752,1.39316,-0.816136
1.914645,1.387606,-0.761766
1.921368,1.417714,-0.756942
1.913768,1.382637,-0.751242
1.916106,1.37679,-0.761035
1.912306,1.377667,-0.760012
1.918153,1.372698,-0.758989
1.921076,1.363052,-0.751096
1.917568,1.359252,-0.752412
1.921076,1.357498,-0.745542
1.920491,1.354867,-0.742473
1.92546,1.353113,-0.745981
1.927507,1.351652,-0.736773
1.927799,1.345805,-0.725373
1.939199,1.345513,-0.724788
1.928383,1.335282,-0.720842
1.927507,1.333236,-0.725957
1.933353,1.329144,-0.724934
1.936276,1.318036,-0.712511
1.928091,1.320082,-0.718211
1.931599,1.314236,-0.709003
1.946507,1.312482,-0.702134
1.926922,1.316866,-0.699795
1.939199,1.306928,-0.705203
1.936276,1.298743,-0.691903
1.937737,1.302543,-0.686934
1.944461,1.294943,-0.689418
1.943291,1.293481,-0.684011
1.942122,1.294066,-0.68898
1.931891,1.286466,-0.685911
1.942415,1.28062,-0.675533
1.942707,1.274189,-0.669833
1.940368,1.278866,-0.657995
1.938907,1.277989,-0.649225
1.942999,1.267173,-0.657702
1.945045,1.269804,-0.659018
1.946215,1.259281,-0.649225
1.935984,1.258696,-0.644987
1.940076,1.258112,-0.645279
1.944168,1.248758,-0.647325
1.937153,1.246127,-0.63841
1.934814,1.243496,-0.631979
1.940368,1.24145,-0.640456
1.938322,1.232388,-0.619702
1.942122,1.233265,-0.637533
1.938907,1.238527,-0.635048
1.940953,1.224203,-0.633587
1.938322,1.228296,-0.636071
1.937153,1.22128,-0.631248
1.938614,1.216311,-0.626863
1.932184,1.212803,-0.62204
1.93043,1.214849,-0.610786
1.933061,1.213388,-0.613125
1.92926,1.203742,-0.615463
1.92926,1.207249,-0.610056
1.922537,1.203742,-0.617802
1.927799,1.206665,-0.611517
1.924291,1.206957,-0.605671
1.91786,1.193218,-0.597925
1.917568,1.194972,-0.597048
1.92283,1.190295,-0.599678
1.914353,1.188834,-0.58974
1.917568,1.188249,-0.591348
1.915814,1.187957,-0.595878
1.912891,1.187957,-0.600263
1.911137,1.186495,-0.596463
1.908214,1.183572,-0.589886
1.905875,1.176557,-0.597048
1.904414,1.177433,-0.596025
1.90266,1.181234,-0.589155
1.904122,1.179187,-0.58784
1.900614,1.172464,-0.593101
1.897398,1.173633,-0.585209
1.898275,1.17568,-0.595148
1.891552,1.17071,-0.596755
1.897106,1.178895,-0.592224
1.888337,1.177141,-0.592809
1.894768,1.178603,-0.596025
1.877521,1.182403,-0.600409
1.874306,1.174803,-0.595878
1.888629,1.178895,-0.59734
1.878106,1.172757,-0.60304
1.874598,1.171295,-0.599971
1.869044,1.171003,-0.60494
1.874013,1.172172,-0.598801
1.870798,1.167203,-0.602894
1.867875,1.162233,-0.607425
1.864075,1.171295,-0.607717
1.85969,1.173341,-0.605671
1.859105,1.17188,-0.593686
1.860567,1.174218,-0.608155
1.850044,1.169833,-0.607571
1.847705,1.17071,-0.606255
1.853844,1.169833,-0.602309
1.853259,1.180357,-0.621456
1.841859,1.179187,-0.607279
1.836305,1.173049,-0.607717
1.841274,1.176849,-0.622186
1.83689,1.180941,-0.61444
1.841567,1.18328,-0.620286
1.82929,1.184741,-0.625256
1.833674,1.184741,-0.625694
1.82929,1.186495,-0.635779
1.82812,1.177433,-0.630517
1.819351,1.19088,-0.622625
1.818182,1.187372,-0.639871
1.819351,1.190588,-0.625402
1.810582,1.189711,-0.639433
1.816428,1.197311,-0.642356
1.812628,1.195265,-0.650541
1.810289,1.194972,-0.646595
1.804443,1.197895,-0.653756
1.803274,1.205788,-0.653172
1.80532,1.208419,-0.650248
1.811459,1.209003,-0.644841
1.802689,1.213096,-0.652733
1.802689,1.220696,-0.662964
1.796258,1.220403,-0.664426
1.794505,1.224203,-0.668664
1.796843,1.227419,-0.66691
1.790704,1.227419,-0.668226
1.79772,1.220988,-0.676557
1.792751,1.231804,-0.674803
1.793043,1.232681,-0.67378
1.781935,1.235896,-0.69468
1.788658,1.236188,-0.692195
1.786027,1.241158,-0.68021
1.779012,1.247881,-0.685618
1.784858,1.248173,-0.693511
1.782227,1.250219,-0.704034
1.780181,1.24525,-0.700526
1.785151,1.256942,-0.694388
1.772873,1.265127,-0.711634
1.77112,1.264835,-0.712365
1.775212,1.266589,-0.717188
1.767027,1.277404,-0.718503
1.767904,1.271558,-0.729465
1.767027,1.271266,-0.722303
1.765858,1.275358,-0.725519
1.760889,1.283251,-0.731657
1.763227,1.27945,-0.732973
1.757381,1.290266,-0.73955
1.763227,1.297574,-0.728442
1.755627,1.296405,-0.742327
1.755919,1.297282,-0.737065
1.753289,1.294943,-0.743058
1.757381,1.306928,-0.756504
1.752704,1.313651,-0.748027
1.745981,1.302835,-0.756212
1.740134,1.31862,-0.755189
1.746565,1.311605,-0.761619
1.750073,1.314236,-0.765566
1.747442,1.322128,-0.761766
1.751827,1.32242,-0.768489
1.740719,1.32242,-0.779304
1.748027,1.326513,-0.772581
1.74335,1.334113,-0.773897
1.738965,1.333236,-0.785004
1.743935,1.335282,-0.794212
1.743058,1.341421,-0.792312
1.750365,1.345513,-0.791728
1.750365,1.348436,-0.792605
1.748027,1.350775,-0.790851
1.738088,1.359252,-0.794943
1.743058,1.358375,-0.803859
1.73955,1.366852,-0.802835
1.742765,1.368021,-0.802251
1.74335,1.368313,-0.805174
1.741011,1.368606,-0.819643
1.751242,1.372406,-0.824905
1.736627,1.370652,-0.822859
1.744811,1.381467,-0.82622
1.733996,1.382052,-0.820082
1.740427,1.377083,-0.82549
1.738088,1.387606,-0.835282
1.739258,1.395206,-0.834697
1.741011,1.396375,-0.838936
1.741304,1.39316,-0.842005
1.744227,1.39696,-0.842151
1.739258,1.401929,-0.838498
1.748027,1.40076,-0.844636
1.739258,1.410699,-0.84449
1.744519,1.407483,-0.858375
1.743935,1.413037,-0.846828
1.745981,1.41976,-0.851213
1.745688,1.421222,-0.850044
1.755042,1.415668,-0.866706
1.749781,1.418006,-0.867144
1.747735,1.42356,-0.860129
1.754458,1.425606,-0.861736
1.75095,1.432622,-0.863783
1.75475,1.43233,-0.861883
1.760596,1.43496,-0.859252
1.760596,1.43233,-0.869775
1.760596,1.432914,-0.869336
1.760012,1.443145,-0.873867
1.760596,1.440222,-0.86729
1.765566,1.442268,-0.87036
1.770535,1.441976,-0.87869
1.759719,1.441391,-0.867436
1.757381,1.442268,-0.876206
1.769366,1.446068,-0.884391
1.764104,1.453084,-0.874452
1.772581,1.445484,-0.880883
1.770535,1.45133,-0.882052
1.773458,1.455715,-0.882929
1.777258,1.454545,-0.88366
1.77375,1.458346,-0.886729
1.780181,1.455715,-0.894183
1.772873,1.45893,-0.894329
1.785151,1.467115,-0.885414
1.780766,1.465361,-0.890529
1.785735,1.467115,-0.883367
1.789243,1.465361,-0.884098
1.794505,1.46273,-0.880152
1.792166,1.460392,-0.890091
1.797428,1.467992,-0.878252
1.795381,1.463315,-0.882783
1.79772,1.464484,-0.875767
1.793335,1.46653,-0.87796
1.80152,1.464192,-0.886875
1.795089,1.463607,-0.877667
1.803566,1.462438,-0.88366
1.803859,1.468284,-0.884683
1.806489,1.473546,-0.885414
1.814382,1.472084,-0.881906
1.819059,1.46273,-0.880883
1.81672,1.471792,-0.882929
1.81672,1.470038,-0.877814
1.834551,1.465946,-0.86846
1.832213,1.468869,-0.874744
1.83309,1.4677,-0.866267
1.831336,1.46273,-0.867144
1.836013,1.460099,-0.865098
1.841274,1.461269,-0.864075
1.847705,1.464192,-0.860275
1.844782,1.458638,-0.859544
1.845075,1.448992,-0.856329
1.847998,1.453084,-0.863783
1.850628,1.456884,-0.855305
1.85209,1.455422,-0.853844
1.862906,1.44753,-0.851798
1.865244,1.449868,-0.840251
1.860859,1.446361,-0.846098
1.86729,1.442853,-0.847413
1.864075,1.444899,-0.831774
1.87109,1.442853,-0.835574
1.876937,1.441099,-0.837036
1.879567,1.43496,-0.83499
1.87986,1.434084,-0.833236
1.880737,1.42853,-0.82432
1.887167,1.42473,-0.832944
1.896521,1.417422,-0.810582
1.888921,1.418883,-0.813359
1.890968,1.417422,-0.816282
1.89886,1.419468,-0.802689
1.899152,1.409822,-0.802543
1.893598,1.413622,-0.796405
1.901783,1.403975,-0.800643
1.904706,1.406314,-0.78632
1.904122,1.399883,-0.794943
1.902952,1.397252,-0.789389
1.912014,1.386144,-0.789974
1.904706,1.384975,-0.776089
1.908799,1.382929,-0.775066
1.913183,1.389652,-0.77492
1.912599,1.38176,-0.767027
1.918737,1.377375,-0.765273
1.92283,1.37036,-0.763081
1.922537,1.366852,-0.756065
1.929553,1.369775,-0.763373
1.923414,1.357498,-0.752996
1.931599,1.35399,-0.751681
1.924291,1.348436,-0.746127
1.931014,1.353405,-0.745396
1.931891,1.343174,-0.735604
1.933353,1.33879,-0.735311
1.934814,1.336451,-0.73195
1.938614,1.335867,-0.726542
1.94183,1.330897,-0.720696
1.936861,1.324759,-0.713242
1.933353,1.323882,-0.705203
1.936276,1.316574,-0.716749
1.932768,1.312189,-0.711926
1.934522,1.309851,-0.700818
1.945045,1.308682,-0.705495
1.944753,1.298743,-0.713534
1.941538,1.304297,-0.713534
1.94563,1.299035,-0.684157
1.954984,1.301958,-0.690003
1.94943,1.291435,-0.68328
1.936276,1.279158,-0.694972
1.945922,1.277989,-0.661795
1.943584,1.279743,-0.67641
1.933061,1.273604,-0.677433
1.936276,1.273604,-0.667203
1.937737,1.268343,-0.659895
1.939784,1.261619,-0.660333
1.942122,1.259573,-0.660041
1.940661,1.256358,-0.652148
1.948261,1.256942,-0.648056
1.94563,1.252265,-0.635633
1.952938,1.245835,-0.650687
1.943876,1.249342,-0.639579
1.950891,1.250804,-0.636656
1.94563,1.240865,-0.646156
1.947968,1.239988,-0.635048
1.938614,1.230634,-0.638994
1.938907,1.229465,-0.621456
1.940076,1.224788,-0.642064
1.934522,1.22245,-0.629494
1.938614,1.216311,-0.624525
1.936276,1.21748,-0.62204
1.935107,1.214265,-0.61634
1.934814,1.211049,-0.610786
1.938322,1.216603,-0.614733
1.935984,1.20608,-0.613856
1.928676,1.204034,-0.614294
1.931891,1.203157,-0.615317
1.927214,1.189126,-0.614879
1.935107,1.198188,-0.607132
1.921953,1.19088,-0.600409
1.92546,1.194388,-0.59734
1.924291,1.188541,-0.601578
1.917568,1.185034,-0.598071
1.917568,1.189126,-0.613417
1.922245,1.181526,-0.595732
1.91406,1.18708,-0.595148
1.913768,1.180941,-0.599678
1.914645,1.177141,-0.597486
1.907045,1.182111,-0.595732
1.914645,1.174803,-0.590324
1.904999,1.186787,-0.597486
1.915229,1.177433,-0.586524
1.906168,1.176557,-0.594709
1.911722,1.17831,-0.596755
1.900614,1.178895,-0.600555
1.896814,1.174218,-0.599825
1.896229,1.168664,-0.596755
1.888337,1.17188,-0.592371
1.881906,1.177433,-0.586671
1.889214,1.167203,-0.592224
1.877229,1.168372,-0.590909
1.875183,1.175972,-0.590617
1.87489,1.169541,-0.597048
1.87606,1.16691,-0.598948
1.871383,1.16691,-0.578632
1.875475,1.169541,-0.595732
1.865244,1.176849,-0.592809
1.86729,1.16691,-0.58974
1.863198,1.169249,-0.596609
1.852675,1.170418,-0.59924
1.847998,1.175972,-0.593978
1.861152,1.165156,-0.611371
1.850044,1.17071,-0.606694
1.849752,1.173926,-0.611809
1.854721,1.168079,-0.612979
1.848582,1.175972,-0.605232
1.850921,1.166326,-0.614586
1.842736,1.167495,-0.619117
1.840982,1.180941,-0.622333
1.840105,1.172757,-0.630664
1.837182,1.177433,-0.629202
1.839228,1.186203,-0.62701
1.834844,1.17831,-0.630517
1.827243,1.178895,-0.628471
1.826951,1.17831,-0.629787
1.825197,1.190295,-0.626279
1.820228,1.187372,-0.636071
1.818182,1.192926,-0.63154
1.814089,1.194388,-0.624379
1.824613,1.193511,-0.640748
1.812336,1.197311,-0.644987
1.809705,1.200234,-0.643087
1.809705,1.199357,-0.64601
1.799182,1.205788,-0.660333
1.806489,1.199649,-0.656241
1.79772,1.205495,-0.656095
1.798597,1.212803,-0.65171
1.795674,1.22508,-0.657995
1.798012,1.221865,-0.661795
1.795089,1.225373,-0.667349
1.788951,1.22508,-0.670126
1.787489,1.225665,-0.674218
1.79012,1.222742,-0.673633
1.787197,1.232973,-0.678895
1.781935,1.230634,-0.669833
1.783981,1.242327,-0.681234
1.781643,1.247881,-0.686349
1.78135,1.247004,-0.685472
1.783397,1.245835,-0.688249
1.780766,1.248465,-0.681964
1.77375,1.248173,-0.687226
1.776673,1.25285,-0.695849
1.772289,1.252265,-0.705349
1.764104,1.26045,-0.70228
1.767319,1.265419,-0.696141
1.766735,1.261912,-0.702572
1.762935,1.265419,-0.716311
1.759427,1.264543,-0.719673
1.762058,1.27185,-0.724057
1.763519,1.266881,-0.725665
1.761766,1.280912,-0.723911
1.760012,1.282958,-0.724788
1.765273,1.283543,-0.73385
1.756504,1.281497,-0.726542
1.755042,1.297282,-0.736627
1.761181,1.300789,-0.742034
1.757966,1.296989,-0.737942
1.75855,1.29962,-0.740134
1.75855,1.301082,-0.751827
1.763519,1.300497,-0.751535
1.756504,1.308682,-0.755189
1.751535,1.308682,-0.759281
1.753289,1.311605,-0.759719
1.75095,1.313066,-0.763666
1.747442,1.319497,-0.775066
1.753581,1.326513,-0.776527
1.743058,1.332651,-0.778135
1.750658,1.332359,-0.786466
1.737211,1.337621,-0.778135
1.743058,1.324759,-0.786758
1.737211,1.341713,-0.780912
1.749488,1.345513,-0.784858
1.745104,1.34259,-0.791581
1.73955,1.348144,-0.800643
1.738673,1.348144,-0.793481
1.74335,1.347267,-0.808243
1.742765,1.353113,-0.807512
1.746273,1.362759,-0.802835
1.737504,1.363052,-0.811459
1.739842,1.364806,-0.801374
1.739842,1.36919,-0.810582
1.738673,1.374452,-0.82549
1.73078,1.37416,-0.818182
1.738088,1.374744,-0.825928
1.733704,1.38439,-0.83119
1.73955,1.382929,-0.833236
1.744519,1.386729,-0.83689
1.742473,1.389068,-0.828997
1.738088,1.390237,-0.844636
1.740427,1.386729,-0.837913
1.738965,1.396083,-0.839228
1.736334,1.397545,-0.843759
1.734288,1.401345,-0.849898
1.744811,1.415083,-0.844928
1.736334,1.413622,-0.851505
1.742765,1.416253,-0.856329
1.748319,1.413622,-0.841567
1.741011,1.419176,-0.850482
1.747442,1.418591,-0.855159
1.748319,1.419176,-0.862321
1.747735,1.422099,-0.854575
1.742181,1.425022,-0.863198
1.745104,1.429991,-0.860421
1.750365,1.432914,-0.850921
1.746565,1.42736,-0.865683
1.75475,1.429407,-0.862759
1.75475,1.432622,-0.864952
1.752996,1.443438,-0.872698
1.755335,1.442853,-0.876644
1.757966,1.441684,-0.880006
1.753289,1.45133,-0.881614
1.759719,1.445192,-0.876937
1.75855,1.449576,-0.86846
1.756212,1.450453,-0.882052
1.757673,1.451038,-0.876206
1.767612,1.455422,-0.885998
1.767027,1.461561,-0.884244
1.761766,1.455715,-0.894329
1.767612,1.463607,-0.876937
1.76615,1.458346,-0.883367
1.773166,1.462438,-0.873867
1.775212,1.459515,-0.87679
1.781058,1.465069,-0.884244
1.775212,1.466238,-0.885998
1.782812,1.467115,-0.877521
1.784858,1.460392,-0.888337
1.79012,1.464776,-0.885998
1.785735,1.463899,-0.897691
1.784566,1.46653,-0.883514
1.789828,1.473253,-0.891552
1.787197,1.469746,-0.884098
1.793628,1.472961,-0.885852
1.801812,1.469746,-0.884829
1.79392,1.472376,-0.883075
1.813213,1.463607,-0.875621
1.807074,1.482607,-0.886729
1.799766,1.507454,-0.883075
1.783397,1.531424,-0.874452
1.785443,1.536101,-0.848728
1.783689,1.542824,-0.826513
1.784274,1.527624,-0.795235
1.774043,1.514177,-0.770389
1.777258,1.514177,-0.757819
1.780766,1.505408,-0.764689
1.786612,1.500146,-0.757235
1.782812,1.499854,-0.753435
1.786027,1.499269,-0.754896
1.783689,1.490208,-0.742911
1.784274,1.476177,-0.728004
1.780474,1.481146,-0.724496
1.782812,1.47413,-0.705349
1.784566,1.477346,-0.723473
1.78135,1.474423,-0.720988
1.78632,1.467992,-0.732827
1.780766,1.471792,-0.725227
1.782227,1.468869,-0.725519
1.780766,1.458638,-0.714703
1.778427,1.460976,-0.704911
1.779304,1.458346,-0.718796
1.778135,1.45893,-0.724496
1.781058,1.456299,-0.707688
1.778135,1.457176,-0.702134
1.770535,1.453668,-0.704765
1.78135,1.449284,-0.703888
1.781058,1.452499,-0.705934
1.784566,1.453668,-0.707249
1.783981,1.456007,-0.70608
1.783104,1.457176,-0.695118
1.78252,1.449576,-0.70608
1.77755,1.454838,-0.703888
1.77872,1.455715,-0.69468
1.779304,1.452792,-0.708272
1.77755,1.446653,-0.698626
1.776673,1.446945,-0.699649
1.772873,1.450453,-0.693365
1.78252,1.452499,-0.706226
1.78135,1.449868,-0.705788
1.78135,1.451038,-0.706957
1.775212,1.451915,-0.704034
1.779012,1.457176,-0.707249
1.78252,1.454253,-0.697018
1.778135,1.453376,-0.701111
1.775212,1.448699,-0.71178
1.78135,1.451038,-0.699942
1.771412,1.449576,-0.71178
1.77375,1.456299,-0.711634
1.771412,1.457761,-0.709296
1.776966,1.453376,-0.699211
1.769073,1.461561,-0.695411
1.773166,1.458346,-0.705642
1.776381,1.457761,-0.712072
1.768781,1.454253,-0.703742
1.767027,1.455422,-0.704765
1.764689,1.457469,-0.704034
1.769073,1.444314,-0.706226
1.763812,1.455715,-0.701988
1.766443,1.451622,-0.697749
1.768196,1.453084,-0.711926
1.768781,1.45133,-0.709149
1.767319,1.455422,-0.706519
1.770243,1.459807,-0.715873
1.764396,1.451915,-0.707395
1.761766,1.460099,-0.711049
1.768489,1.45893,-0.713388
1.763227,1.45893,-0.71865
1.762643,1.461853,-0.714119
1.759719,1.463315,-0.716896
1.763519,1.463315,-0.722011
1.764689,1.461561,-0.727565
1.765858,1.461269,-0.718503
1.765858,1.456007,-0.727857
1.753581,1.458053,-0.731511
1.757381,1.461561,-0.727419
1.75855,1.468869,-0.71865
1.753289,1.461561,-0.72625
1.756212,1.464484,-0.734288
1.762935,1.463022,-0.736481
1.759719,1.471207,-0.72435
1.757966,1.468576,-0.727711
1.756796,1.4715,-0.732973
1.761181,1.469746,-0.72888
1.756212,1.464484,-0.731511
1.763812,1.472961,-0.734288
1.755627,1.471207,-0.732827
1.753289,1.474715,-0.740427
1.760304,1.473838,-0.732827
1.759135,1.47413,-0.737357
1.752412,1.469746,-0.73385
1.756796,1.478807,-0.74145
1.752412,1.482023,-0.735604
1.757381,1.47413,-0.73765
1.751242,1.484069,-0.742619
1.756796,1.47413,-0.726396
1.753581,1.480561,-0.73005
1.750073,1.480561,-0.747881
1.755919,1.482607,-0.735165
1.760889,1.48553,-0.740281
1.75855,1.479392,-0.73955
1.761766,1.488454,-0.73955
1.760889,1.482315,-0.74715
1.752704,1.486408,-0.737065
1.749488,1.4943,-0.744811
1.752119,1.488454,-0.740427
1.757673,1.489915,-0.746858
1.756212,1.494592,-0.756065
1.764104,1.489331,-0.742473
1.759719,1.48553,-0.740134
1.758842,1.491084,-0.749927
1.751827,1.494592,-0.747735
1.759135,1.482023,-0.74145
1.752996,1.487284,-0.755481
1.752996,1.489331,-0.74715
1.760012,1.488161,-0.749781
1.760304,1.497223,-0.755042
1.757673,1.495762,-0.74905
1.765273,1.501608,-0.758989
1.764104,1.503362,-0.757089
1.760304,1.497515,-0.757381
1.761181,1.496638,-0.752119
1.757673,1.498392,-0.758258
1.763812,1.496346,-0.753435
1.761473,1.5019,-0.75095
1.767612,1.502192,-0.752704
1.764104,1.502192,-0.751827
1.767904,1.507162,-0.752704
1.763227,1.494008,-0.751388
1.765566,1.495177,-0.757966
1.76995,1.491377,-0.74905
1.760889,1.496346,-0.746419
1.765566,1.486115,-0.755042
1.765273,1.502777,-0.745396
1.762643,1.499854,-0.784858
1.768196,1.461561,-0.749781
1.773458,1.462146,-0.749488
1.769658,1.497808,-0.752265
1.768196,1.499854,-0.752558
1.770827,1.496638,-0.743935
1.770243,1.502192,-0.75475
1.769366,1.491377,-0.762204
1.777258,1.498977,-0.758258
1.772289,1.487577,-0.756504
1.779889,1.500146,-0.74525
1.771704,1.491377,-0.752119
1.767904,1.488746,-0.757089
1.772873,1.491084,-0.765127
1.778135,1.486115,-0.753727
1.770827,1.489915,-0.752119
1.773166,1.487577,-0.747735
1.776089,1.488454,-0.744227
1.778135,1.4943,-0.75095
1.776089,1.490208,-0.746127
1.770243,1.497223,-0.750804
1.768781,1.488161,-0.746127
1.771996,1.493423,-0.744081
1.77872,1.491669,-0.748173
1.781643,1.486992,-0.746565
1.776381,1.493715,-0.749488
1.783397,1.491084,-0.747735
1.781935,1.489915,-0.753142
1.778427,1.486115,-0.738381
1.78252,1.489915,-0.752558
1.780181,1.496346,-0.746273
1.780474,1.490208,-0.729027
1.780474,1.491377,-0.746273
1.779012,1.483777,-0.75095
1.772289,1.488454,-0.744519
1.782227,1.4905,-0.751388
1.776966,1.489915,-0.748319
1.784566,1.499854,-0.749781
1.782812,1.491084,-0.741888
1.780474,1.484069,-0.742765
1.781058,1.486115,-0.736627
1.77492,1.487869,-0.751388
1.782227,1.485823,-0.73575
1.792458,1.486992,-0.735604
1.785151,1.483777,-0.722742
1.784858,1.483484,-0.738088
1.787489,1.482607,-0.736919
1.787197,1.477346,-0.73765
1.777258,1.484654,-0.730634
1.786027,1.48173,-0.737796
1.785443,1.471792,-0.729173
1.785735,1.475007,-0.73078
1.786027,1.476177,-0.735604
1.779889,1.480854,-0.739696
1.786612,1.47793,-0.737504
1.784858,1.48553,-0.731219
1.787781,1.474715,-0.746127
1.783981,1.47033,-0.740865
1.791581,1.47793,-0.726103
1.784858,1.47033,-0.72815
1.791289,1.469161,-0.72815
1.786027,1.466238,-0.740134
1.782812,1.463315,-0.731073
1.790997,1.470038,-0.743642
1.780181,1.461853,-0.725811
1.784274,1.464192,-0.732242
1.784858,1.464776,-0.734434
1.783981,1.4715,-0.72698
1.788074,1.47033,-0.724934
1.788658,1.473546,-0.722742
1.792166,1.47413,-0.730634
1.784274,1.469453,-0.74335
1.788658,1.468284,-0.734434
1.783104,1.466823,-0.732827
1.786612,1.468869,-0.73385
1.78632,1.468576,-0.739111
1.793335,1.465653,-0.719526
1.78632,1.463022,-0.731219
1.783397,1.46273,-0.723619
1.793335,1.464484,-0.729611
1.78632,1.461269,-0.730927
1.785443,1.456884,-0.727857
1.788074,1.463315,-0.734142
1.794797,1.4677,-0.734142
1.794797,1.466238,-0.720111
1.789828,1.465361,-0.724496
1.790997,1.465946,-0.736627
1.798889,1.461561,-0.725373
1.790412,1.463315,-0.725811
1.787781,1.471792,-0.724057
1.793335,1.466238,-0.719673
1.791289,1.462438,-0.71938
1.797135,1.466823,-0.729611
1.788658,1.458053,-0.712365
1.78632,1.453376,-0.724934
1.789535,1.456884,-0.727273
1.798012,1.457469,-0.72625
1.789535,1.456299,-0.73005
1.786612,1.456884,-0.724642
1.790412,1.457761,-0.710319
1.783104,1.463315,-0.720696
1.783689,1.453376,-0.727565
1.78632,1.463315,-0.713096
1.78632,1.460392,-0.712803
1.792458,1.458638,-0.713973
1.791581,1.464192,-0.729319
1.798305,1.456592,-0.724788
1.792166,1.462438,-0.714703
1.793043,1.458053,-0.729465
1.792751,1.465946,-0.725227
1.788658,1.456592,-0.718503
1.783397,1.459515,-0.721865
1.78252,1.460099,-0.716749
1.782227,1.464776,-0.714849
1.783104,1.464192,-0.720988
1.781935,1.45893,-0.718796
1.786904,1.454838,-0.718796
1.777843,1.458638,-0.714703
1.785443,1.451038,-0.72128
1.78135,1.457761,-0.714265
1.778427,1.455422,-0.674803
1.788366,1.454838,-0.700088
1.786027,1.453376,-0.744373
1.784274,1.460392,-0.706372
1.785443,1.4905,-0.714996
1.788951,1.495469,-0.706811
1.783104,1.455422,-0.703303
1.790997,1.456299,-0.718357
1.792458,1.456884,-0.707542
1.784858,1.456007,-0.714557
1.785443,1.454545,-0.707103
1.783981,1.451622,-0.708857
1.783689,1.454545,-0.718942
1.783981,1.457761,-0.717626
1.783689,1.456299,-0.704034
1.778135,1.458053,-0.709003
1.779889,1.45513,-0.699357
1.778135,1.457469,-0.709442
1.78632,1.452792,-0.703157
1.77492,1.451038,-0.697018
1.783981,1.451622,-0.707834
1.783689,1.458053,-0.708419
1.775212,1.456299,-0.713826
1.781058,1.451038,-0.71368
1.787489,1.45133,-0.70038
1.778135,1.458053,-0.706957
1.788658,1.453084,-0.706519
1.78632,1.449576,-0.707249
1.777258,1.455715,-0.701257
1.774627,1.454545,-0.708857
1.771996,1.460099,-0.704911
1.776089,1.458638,-0.705203
1.78252,1.464484,-0.711488
1.777258,1.462146,-0.704326
1.779597,1.454253,-0.707688
1.777258,1.449868,-0.715873
1.774627,1.452792,-0.717773
1.766735,1.453961,-0.704619
1.779304,1.448407,-0.704619
1.780766,1.449284,-0.713096
1.781935,1.454253,-0.710172
1.772581,1.456299,-0.707249
1.776966,1.450161,-0.70798
1.779304,1.451915,-0.708272
1.777843,1.448992,-0.707834
1.775797,1.451622,-0.710026
1.77492,1.457469,-0.701549
1.775212,1.456592,-0.710319
1.784566,1.455422,-0.706372
1.777258,1.450453,-0.709003
1.777843,1.453961,-0.706372
1.770535,1.454838,-0.705349
1.777843,1.446653,-0.716311
1.774335,1.453084,-0.717042
1.77112,1.465361,-0.714703
1.770243,1.456592,-0.700088
1.769073,1.45893,-0.711196
1.762643,1.45513,-0.709003
1.776381,1.455422,-0.71748
1.767319,1.45513,-0.710757
1.765273,1.45513,-0.708419
1.766443,1.454838,-0.699795
1.772289,1.453668,-0.715873
1.767027,1.450745,-0.713242
1.765858,1.454545,-0.703449
1.765858,1.454545,-0.714849
1.764104,1.455715,-0.712072
1.771704,1.453961,-0.712949
1.773166,1.449576,-0.710465
1.765858,1.463607,-0.708272
1.76235,1.460099,-0.714411
1.755042,1.460684,-0.704472
1.761766,1.462146,-0.712072
1.760889,1.462438,-0.713242
1.767612,1.457176,-0.713388
1.763227,1.461269,-0.707395
1.767612,1.459807,-0.719819
1.766735,1.458346,-0.719965
1.760889,1.457469,-0.712365
1.760889,1.458638,-0.706957
1.762058,1.459515,-0.714265
1.759135,1.466238,-0.715726
1.76235,1.461561,-0.719526
1.761181,1.460976,-0.720696
1.76235,1.461269,-0.720111
1.760304,1.462146,-0.725373
1.762935,1.461853,-0.714557
1.755627,1.470038,-0.730342
1.753873,1.472961,-0.718942
1.757381,1.466823,-0.729173
1.756504,1.472961,-0.732096
1.753873,1.469453,-0.725957
1.75475,1.4677,-0.719673
1.754165,1.4715,-0.728588
1.755919,1.4715,-0.728004
1.751242,1.471207,-0.723327
1.747442,1.472376,-0.714557
1.748319,1.480561,-0.726396
1.750365,1.473546,-0.725519
1.753873,1.473838,-0.736627
1.751242,1.480269,-0.723619
1.751827,1.478807,-0.73575
1.75475,1.483777,-0.729757
1.756212,1.478223,-0.732242
1.751827,1.479392,-0.735896
1.754458,1.485823,-0.734581
1.758258,1.482315,-0.735019
1.75855,1.476761,-0.72815
1.764396,1.478807,-0.733265
1.758842,1.484361,-0.734873
1.752704,1.485238,-0.737211
1.760304,1.48553,-0.736188
1.761181,1.482023,-0.735604
1.760889,1.487577,-0.746127
1.757966,1.483192,-0.74335
1.761766,1.489038,-0.744373
1.75855,1.486408,-0.741596
1.761473,1.487869,-0.747442
1.757381,1.488454,-0.74335
1.757966,1.489915,-0.761181
1.758842,1.488746,-0.745835
1.760596,1.489623,-0.734288
1.753289,1.491377,-0.750073
1.751827,1.487284,-0.73765
1.759427,1.496346,-0.748465
1.758842,1.491084,-0.734873
1.752996,1.494008,-0.738965
1.753873,1.4867,-0.73078
1.757381,1.486115,-0.744081
1.751535,1.486408,-0.747588
1.763519,1.4943,-0.74525
1.758258,1.485823,-0.739988
1.765566,1.483192,-0.75665
1.761473,1.497515,-0.742473
1.759719,1.492838,-0.782227
1.760304,1.492838,-0.746858
1.760889,1.490792,-0.73385
1.767027,1.497515,-0.754604
1.764104,1.489915,-0.743935
1.771996,1.486408,-0.750512
1.75855,1.484069,-0.748904
1.763519,1.4943,-0.746419
1.763227,1.495469,-0.739842
1.766443,1.4905,-0.753581
1.762058,1.4867,-0.746273
1.764396,1.493423,-0.742619
1.768781,1.492254,-0.746273
1.762058,1.48553,-0.736188
1.768196,1.497515,-0.751096
1.762643,1.489623,-0.749342
1.76615,1.492838,-0.749342
1.765566,1.495469,-0.746273
1.77492,1.494008,-0.738088
1.773166,1.491084,-0.746858
1.767319,1.494008,-0.743496
1.767319,1.497808,-0.747735
1.771412,1.491961,-0.742473
1.77755,1.491377,-0.749635
1.769366,1.496931,-0.744373
1.775797,1.491961,-0.756065
1.767319,1.492254,-0.760012
1.76995,1.493131,-0.757819
1.764396,1.497515,-0.749342
1.772289,1.48553,-0.743496
1.769073,1.486115,-0.750658
1.779012,1.4943,-0.752558
1.780181,1.4943,-0.754165
1.778135,1.492546,-0.748173
1.77375,1.487869,-0.746127
1.77375,1.490792,-0.744081
1.776089,1.4905,-0.736919
1.771704,1.490792,-0.749196
1.782812,1.4905,-0.744958
1.776673,1.489038,-0.745981
1.774627,1.4867,-0.747004
1.785735,1.491084,-0.745688
1.783981,1.493715,-0.73955
1.781935,1.491084,-0.740281
1.779304,1.484361,-0.735165
1.777843,1.480561,-0.748612
1.779889,1.484069,-0.73765
1.785735,1.479684,-0.742181
1.779304,1.482607,-0.739696
1.783397,1.482023,-0.743788
1.784858,1.490208,-0.741304
1.784274,1.483777,-0.736773
1.780474,1.47793,-0.749196
1.780181,1.484654,-0.745542
1.77755,1.485238,-0.746565
1.78632,1.48553,-0.738819
1.780181,1.484361,-0.75475
1.784566,1.482023,-0.744081
1.779889,1.482607,-0.740719
1.786027,1.48173,-0.734434
1.785735,1.485238,-0.74145
1.781643,1.480854,-0.73575
1.781935,1.472669,-0.738527
1.784858,1.484946,-0.736481
1.780181,1.4715,-0.737942
1.783689,1.476469,-0.736627
1.786027,1.472376,-0.740427
1.779889,1.472669,-0.738527
1.774335,1.48173,-0.73268
1.788074,1.472961,-0.732388
1.784566,1.474423,-0.743935
1.789243,1.483484,-0.733557
1.785151,1.476469,-0.737796
1.792458,1.470038,-0.731657
1.78632,1.472376,-0.747735
1.786904,1.478515,-0.733704
1.793335,1.473546,-0.736188
1.785151,1.478223,-0.731365
1.787489,1.476761,-0.722303
1.792751,1.469161,-0.734581
1.790412,1.465361,-0.735896
1.790412,1.472669,-0.738819
1.792166,1.463022,-0.722157
1.788658,1.4715,-0.72888
1.781643,1.469453,-0.731511
1.786612,1.469746,-0.723619
1.789828,1.464776,-0.727857
1.794797,1.469453,-0.72055
1.788074,1.462438,-0.729465
1.788366,1.46273,-0.736481
1.791289,1.46273,-0.724496
1.785443,1.467115,-0.719819
1.786904,1.467992,-0.738673
1.786612,1.459807,-0.726688
1.783397,1.458638,-0.72245
1.780474,1.463315,-0.724203
1.790412,1.460392,-0.72435
1.786904,1.460976,-0.710611
1.778427,1.459807,-0.727565
1.78252,1.457469,-0.716457
1.783397,1.462146,-0.72698
1.788658,1.455715,-0.720842
1.786904,1.463022,-0.719819
1.786027,1.455422,-0.719819
1.782812,1.461561,-0.720403
1.787197,1.458346,-0.726103
1.782227,1.456007,-0.72435
1.788074,1.464484,-0.714411
1.78632,1.459515,-0.715142
1.786027,1.464192,-0.723473
1.784566,1.470623,-0.711926
1.778427,1.458638,-0.72245
1.784566,1.461853,-0.713534
1.788658,1.468869,-0.722157
1.782812,1.464192,-0.723765
1.784858,1.467992,-0.72128
1.781935,1.46653,-0.722742
1.786027,1.457176,-0.723327
1.789243,1.461269,-0.732242
1.790412,1.458638,-0.720988
1.780181,1.460392,-0.726688
1.787781,1.459222,-0.716165
1.791289,1.463022,-0.711926
1.788951,1.466238,-0.707834
1.78252,1.463315,-0.703011
1.787197,1.458053,-0.720988
1.787489,1.459807,-0.727127
1.787489,1.459515,-0.716749
1.786027,1.463022,-0.71558
1.780181,1.45133,-0.720403
1.783104,1.454838,-0.714265
1.783689,1.457761,-0.724496
1.783104,1.461269,-0.720257
1.784274,1.461269,-0.706665
1.783981,1.45893,-0.714119
1.795089,1.457176,-0.710757
1.781058,1.470915,-0.724496
1.783104,1.4981,-0.756212
1.777258,1.526162,-0.784858
1.77755,1.534347,-0.805612
1.779889,1.546624,-0.82432
1.793043,1.538439,-0.850628
1.808535,1.510377,-0.863344
1.819936,1.492254,-0.866267
1.832213,1.456299,-0.862467
1.843613,1.414206,-0.861883
1.857352,1.374744,-0.847267
1.85589,1.340836,-0.824613
1.867875,1.319205,-0.823005
1.876937,1.29582,-0.802105
1.881029,1.297866,-0.799766
1.878983,1.285004,-0.787197
1.881321,1.267758,-0.773458
1.878983,1.259281,-0.779304
1.882491,1.240573,-0.770973
1.883952,1.233265,-0.760889
1.882491,1.235896,-0.764689
1.879275,1.237065,-0.764835
1.880737,1.231804,-0.76732
1.881029,1.22888,-0.759135
1.875475,1.227419,-0.762643
1.876644,1.220988,-0.751681
1.877229,1.221865,-0.742473
1.87226,1.220111,-0.751681
1.87986,1.227419,-0.751681
1.868752,1.21748,-0.750073
1.881906,1.215142,-0.746273
1.872552,1.214265,-0.776966
1.875183,1.210172,-0.739988
1.870213,1.209588,-0.740865
1.906752,1.20608,-0.752119
1.875183,1.212803,-0.742619
1.885998,1.213388,-0.749781
1.882198,1.212803,-0.743204
1.879275,1.205495,-0.74335
1.871675,1.210757,-0.749342
1.872552,1.215142,-0.744227
1.87109,1.213388,-0.743788
1.874013,1.212803,-0.752996
1.87489,1.211634,-0.752265
1.87489,1.211926,-0.759866
1.876644,1.208419,-0.738234
1.878398,1.212219,-0.74335
1.873721,1.206957,-0.752412
1.878106,1.212219,-0.741158
1.87226,1.211049,-0.746127
1.881321,1.213096,-0.741158
1.872552,1.208126,-0.740865
1.876352,1.207542,-0.751388
1.87606,1.211049,-0.748173
1.876937,1.207834,-0.754458
1.87489,1.210172,-0.755919
1.877813,1.215142,-0.757819
1.867875,1.211926,-0.746419
1.87489,1.216311,-0.756796
1.869629,1.207834,-0.751681
1.874598,1.212219,-0.762789
1.869044,1.213388,-0.753435
1.871383,1.209003,-0.763519
1.875183,1.217773,-0.758696
1.878106,1.211049,-0.745396
1.881321,1.224203,-0.765712
1.879567,1.214557,-0.760889
1.874598,1.21865,-0.755773
1.87489,1.220988,-0.753142
1.87109,1.217188,-0.745688
1.878106,1.212803,-0.759573
1.870506,1.213096,-0.75665
1.872552,1.212803,-0.748465
1.871967,1.218357,-0.75285
1.873429,1.211342,-0.74715
1.88746,1.216896,-0.749196
1.873429,1.208711,-0.752412
1.878398,1.214849,-0.754458
1.883075,1.212219,-0.751388
1.873721,1.211926,-0.748319
1.879275,1.212219,-0.757089
1.87606,1.205495,-0.748612
1.876644,1.217188,-0.756358
1.877813,1.210465,-0.753727
1.877229,1.218357,-0.756358
1.881906,1.209296,-0.755042
1.873429,1.212219,-0.761912
1.877813,1.217773,-0.757235
1.873721,1.224203,-0.760012
1.875767,1.220111,-0.757089
1.876937,1.216603,-0.753289
1.877813,1.216603,-0.748319
1.886291,1.21368,-0.760012
1.87986,1.21748,-0.751242
1.872552,1.214849,-0.763373
1.878398,1.21368,-0.746419
1.875475,1.213973,-0.743058
1.880444,1.212219,-0.746711
1.882783,1.205495,-0.752558
1.885414,1.215434,-0.753289
1.887167,1.216311,-0.744665
1.880444,1.211634,-0.745396
1.879275,1.210757,-0.755627
1.882783,1.214849,-0.751973
1.87606,1.211049,-0.756504
1.881321,1.211342,-0.751242
1.882198,1.215726,-0.743496
1.878398,1.219234,-0.742911
1.872552,1.215434,-0.748027
1.876937,1.211926,-0.711488
1.875475,1.216603,-0.73765
1.876644,1.215434,-0.749927
1.875767,1.211634,-0.748904
1.879567,1.212803,-0.756358
1.87606,1.211049,-0.743935
1.875767,1.213388,-0.745688
1.875475,1.21865,-0.745104
1.873429,1.216603,-0.751242
1.872552,1.210757,-0.745981
1.877813,1.213096,-0.743058
1.875183,1.216311,-0.757819
1.869629,1.205495,-0.743496
1.875767,1.210172,-0.742034
1.878983,1.213096,-0.751388
1.879275,1.212511,-0.750365
1.881029,1.211634,-0.735311
1.877229,1.212803,-0.738673
1.874598,1.214265,-0.744665
1.882783,1.210465,-0.742181
1.875767,1.217773,-0.744958
1.87489,1.214557,-0.740719
1.872844,1.215434,-0.739404
1.877813,1.213388,-0.740865
1.876937,1.21368,-0.746419
1.879275,1.21748,-0.744081
1.87606,1.211342,-0.733119
1.875475,1.215434,-0.744958
1.875475,1.216311,-0.737942
1.878983,1.218065,-0.737065
1.876352,1.212511,-0.742034
1.879275,1.213096,-0.73575
1.881321,1.223327,-0.747881
1.87606,1.209588,-0.735457
1.876937,1.215142,-0.734142
1.876644,1.222742,-0.739842
1.870213,1.215434,-0.73575
1.871383,1.215726,-0.734581
1.874013,1.218942,-0.749781
1.881029,1.211342,-0.746273
1.871383,1.215142,-0.746858
1.870506,1.210465,-0.733265
1.876937,1.216603,-0.740719
1.878983,1.214849,-0.739842
1.879567,1.221573,-0.752119
1.876352,1.223619,-0.724934
1.880152,1.219234,-0.738088
1.880444,1.216311,-0.742765
1.87869,1.221573,-0.743058
1.876937,1.22625,-0.744665
1.871967,1.21368,-0.739842
1.883075,1.22128,-0.739696
1.872552,1.215142,-0.742327
1.878983,1.217188,-0.742619
1.871383,1.218065,-0.740573
1.876644,1.222742,-0.747004
1.875475,1.22128,-0.739404
1.874013,1.223034,-0.740427
1.875475,1.224788,-0.740573
1.871675,1.221865,-0.741304
1.873721,1.21865,-0.740865
1.876352,1.216311,-0.747442
1.874306,1.216603,-0.758112
1.87226,1.220403,-0.748027
1.875767,1.219234,-0.741158
1.874306,1.221865,-0.727857
1.875475,1.232096,-0.74335
1.867583,1.224788,-0.744665
1.87606,1.222157,-0.738088
1.867875,1.223034,-0.742765
1.87489,1.219819,-0.747442
1.874013,1.223619,-0.732973
1.875767,1.219234,-0.738527
1.870213,1.219234,-0.74335
1.874306,1.228296,-0.734142
1.879275,1.220403,-0.743935
1.87489,1.220696,-0.739842
1.869044,1.22245,-0.738673
1.877229,1.213973,-0.741742
1.873429,1.219819,-0.736042
1.878398,1.216603,-0.749781
1.871383,1.222742,-0.73575
1.876937,1.225373,-0.743788
1.875767,1.220111,-0.750512
1.869336,1.223034,-0.732534
1.874013,1.22625,-0.749342
1.873429,1.216019,-0.737942
1.876352,1.220111,-0.744081
1.869044,1.220403,-0.749927
1.87986,1.22128,-0.745981
1.875475,1.216019,-0.750219
1.87606,1.213973,-0.746711
1.874306,1.213096,-0.736334
1.878106,1.221865,-0.741304
1.878106,1.218357,-0.749196
1.878983,1.220403,-0.749781
1.878398,1.212511,-0.742034
1.872844,1.214849,-0.757235
1.875183,1.217188,-0.74335
1.870506,1.219526,-0.746858
