ch1,ch2,ch3
1.74335,1.437884,-0.797135
1.738673,1.435253,-0.779889
1.738673,1.431745,-0.780766
1.73955,1.434376,-0.78135
1.737796,1.435838,-0.787928
1.739842,1.434668,-0.791143
1.741888,1.432914,-0.799328
1.743642,1.435838,-0.794651
1.740427,1.433499,-0.784127
1.742765,1.436714,-0.804297
1.741888,1.434376,-0.803274
1.744227,1.436422,-0.791581
1.736627,1.433207,-0.798305
1.746565,1.437591,-0.788658
1.744227,1.437007,-0.787781
1.744519,1.430576,-0.79962
1.743058,1.441099,-0.788366
1.744811,1.438468,-0.798743
1.743935,1.439345,-0.782227
1.746565,1.431745,-0.788366
1.744519,1.435253,-0.804443
1.743935,1.442268,-0.802105
1.739842,1.435545,-0.796258
1.740134,1.429699,-0.789097
1.743935,1.429114,-0.79962
1.741596,1.43613,-0.791289
1.745104,1.430576,-0.804735
1.737796,1.435253,-0.796843
1.73575,1.437007,-0.792605
1.744519,1.439638,-0.79392
1.738381,1.430576,-0.795528
1.737211,1.434668,-0.799474
1.738965,1.426776,-0.79202
1.740427,1.441391,-0.800058
1.739258,1.434084,-0.790412
1.743058,1.430576,-0.795528
1.742473,1.432037,-0.785004
1.734581,1.435838,-0.789681
1.735457,1.432622,-0.801812
1.737211,1.430576,-0.789535
1.740427,1.433791,-0.79012
1.738673,1.441391,-0.786027
1.751827,1.434084,-0.791874
1.742765,1.432037,-0.792751
1.737796,1.431453,-0.788512
1.738965,1.438468,-0.796405
1.744519,1.434668,-0.790997
1.744519,1.43496,-0.790997
1.749196,1.430868,-0.781643
1.742181,1.431453,-0.786466
1.74335,1.429991,-0.78632
1.734873,1.432914,-0.779012
1.737796,1.440222,-0.784712
1.744811,1.435545,-0.792312
1.741011,1.435838,-0.78442
1.739842,1.438761,-0.783835
1.744519,1.442268,-0.794943
1.745396,1.446653,-0.79202
1.742473,1.443438,-0.793774
1.750658,1.441684,-0.794358
1.733996,1.452499,-0.787051
1.722888,1.475884,-0.790412
1.727565,1.501023,-0.772727
1.720257,1.508039,-0.770096
1.723765,1.519731,-0.761181
1.72318,1.51827,-0.759719
1.724934,1.517977,-0.750073
1.729027,1.510377,-0.74715
1.722888,1.515054,-0.743058
1.736334,1.518562,-0.732973
1.732534,1.512716,-0.73005
1.73078,1.500146,-0.727857
1.745396,1.501608,-0.701257
1.744227,1.4981,-0.697895
1.746858,1.495469,-0.687957
1.750073,1.494884,-0.679187
1.75475,1.486408,-0.684011
1.746565,1.482023,-0.674803
1.743935,1.481146,-0.686641
1.748027,1.4829,-0.67378
1.752119,1.479392,-0.673633
1.763812,1.467992,-0.665741
1.764396,1.467115,-0.657118
1.764104,1.461561,-0.65171
1.764396,1.463022,-0.654195
1.77112,1.45893,-0.653756
1.766735,1.457176,-0.647033
1.776381,1.454545,-0.633148
1.770243,1.448407,-0.645279
1.777258,1.444607,-0.634317
1.771996,1.448699,-0.63344
1.777258,1.444899,-0.626863
1.776381,1.448699,-0.637679
1.77872,1.449868,-0.62394
1.776673,1.445192,-0.623648
1.774043,1.443438,-0.637094
1.771412,1.435545,-0.620871
1.783689,1.441099,-0.628763
1.77112,1.437299,-0.629787
1.779304,1.43613,-0.626425
1.774335,1.43993,-0.623502
1.785443,1.428822,-0.62321
1.780181,1.437007,-0.62204
1.786612,1.429991,-0.621163
1.783104,1.426776,-0.632856
1.78632,1.423853,-0.630517
1.789243,1.430284,-0.624233
1.792166,1.433207,-0.621602
1.781058,1.422683,-0.621894
1.78252,1.424145,-0.626717
1.787197,1.428822,-0.62511
1.783104,1.391406,-0.626279
1.783981,1.456592,-0.61941
1.783981,1.418883,-0.619556
1.787197,1.421806,-0.609471
1.760304,1.421514,-0.618533
1.791289,1.421806,-0.62204
1.784274,1.421514,-0.612248
1.783689,1.42093,-0.611371
1.786904,1.421514,-0.616048
1.789828,1.419176,-0.621456
1.788951,1.415083,-0.610932
1.783689,1.419176,-0.61824
1.789243,1.419176,-0.611079
1.789243,1.41596,-0.614148
1.786027,1.417422,-0.603186
1.78632,1.41976,-0.614294
1.783397,1.419176,-0.602309
1.791289,1.416837,-0.613125
1.790412,1.413622,-0.605963
1.786027,1.418883,-0.618533
1.785151,1.422976,-0.621017
1.789535,1.41596,-0.60114
1.793043,1.415668,-0.616779
1.78632,1.416545,-0.609032
1.780181,1.417422,-0.609179
1.783981,1.413037,-0.617217
1.790997,1.411868,-0.612832
1.793628,1.415668,-0.609179
1.789243,1.414206,-0.62131
1.790997,1.415376,-0.612832
1.785735,1.41596,-0.608594
1.792458,1.415083,-0.609763
1.793628,1.414499,-0.60874
1.791581,1.413622,-0.623648
1.79392,1.423268,-0.613417
1.788951,1.421514,-0.612832
1.788658,1.418299,-0.607863
1.793628,1.418299,-0.619702
1.788658,1.422391,-0.610786
1.796258,1.422391,-0.622186
1.792751,1.421514,-0.609617
1.794505,1.411868,-0.607132
1.794505,1.411868,-0.615756
1.788951,1.416253,-0.602455
1.792751,1.41596,-0.609909
1.787781,1.41976,-0.612102
1.795089,1.411283,-0.613709
1.788951,1.41596,-0.617363
1.790412,1.418299,-0.625694
1.794797,1.418883,-0.61941
1.791874,1.387314,-0.614294
1.794797,1.422683,-0.614148
1.794797,1.414499,-0.616779
1.792751,1.40836,-0.611225
1.790704,1.413914,-0.615025
1.799766,1.414206,-0.61444
1.793628,1.409237,-0.616925
1.795674,1.421806,-0.621456
1.796258,1.415083,-0.616194
1.796843,1.410406,-0.616048
1.795966,1.420637,-0.603332
1.787489,1.414206,-0.610348
1.801812,1.418883,-0.617217
1.796843,1.417714,-0.617948
1.794212,1.417714,-0.623063
1.794797,1.407776,-0.624963
1.788951,1.416253,-0.608886
1.792166,1.418883,-0.607425
1.794505,1.420345,-0.606548
1.789243,1.419468,-0.613856
1.785735,1.417422,-0.611517
1.786612,1.407483,-0.617948
1.802397,1.416545,-0.603478
1.79012,1.417422,-0.606548
1.788366,1.419176,-0.614733
1.787197,1.418299,-0.62014
1.792166,1.414206,-0.61824
1.787197,1.410699,-0.624233
1.795089,1.416253,-0.618094
1.785443,1.416837,-0.617802
1.795381,1.41596,-0.626571
1.787197,1.40836,-0.612979
1.795089,1.418299,-0.612394
1.790412,1.422099,-0.62014
1.789828,1.416545,-0.617802
1.798012,1.420053,-0.622625
1.795966,1.41713,-0.610494
1.788951,1.408945,-0.618825
1.789828,1.413037,-0.61634
1.79012,1.419176,-0.612394
1.791874,1.419176,-0.602309
1.793335,1.41976,-0.607279
1.795381,1.414499,-0.628179
1.796258,1.419468,-0.617509
1.793043,1.41713,-0.616925
1.786612,1.415376,-0.619556
1.788074,1.415083,-0.617802
1.786612,1.42093,-0.616048
1.790704,1.41596,-0.62204
1.787489,1.410114,-0.627156
1.785735,1.410991,-0.609325
1.78632,1.417714,-0.608594
1.786612,1.414791,-0.616048
1.793628,1.408652,-0.612686
1.792458,1.410991,-0.621602
1.790412,1.416837,-0.614294
1.792166,1.417714,-0.613271
1.791289,1.408068,-0.623356
1.787781,1.410699,-0.618825
1.789535,1.409529,-0.630956
1.792751,1.410114,-0.622771
1.793628,1.414206,-0.623794
1.794797,1.411283,-0.620579
1.791289,1.406314,-0.620433
1.792458,1.411868,-0.62014
1.791289,1.410406,-0.621894
1.792751,1.415668,-0.616633
1.794212,1.413622,-0.615171
1.792751,1.408068,-0.618825
1.791581,1.412452,-0.609179
1.788951,1.414791,-0.62131
1.795381,1.416545,-0.614002
1.802397,1.415376,-0.624963
1.798597,1.420637,-0.618386
1.790997,1.412745,-0.614586
1.798889,1.411283,-0.62204
1.794505,1.404852,-0.617948
1.790412,1.412452,-0.621456
1.789828,1.416253,-0.618386
1.791289,1.40836,-0.614879
1.794505,1.415083,-0.613271
1.792166,1.418883,-0.619702
1.795966,1.414499,-0.620286
1.794212,1.409237,-0.614294
1.790997,1.40836,-0.616779
1.795381,1.416253,-0.61824
1.799182,1.418591,-0.617509
1.786027,1.420053,-0.619994
1.795674,1.425314,-0.618971
1.79392,1.414791,-0.620871
1.793043,1.41216,-0.61941
1.789243,1.420345,-0.617802
1.800351,1.411868,-0.615171
1.797428,1.406314,-0.608302
1.75855,1.416837,-0.612686
1.791874,1.40456,-0.619556
1.790704,1.415668,-0.615609
1.790704,1.41596,-0.608448
1.793335,1.413622,-0.614148
1.788658,1.407483,-0.599094
1.787197,1.405729,-0.610056
1.795966,1.409237,-0.618533
1.791874,1.409237,-0.608448
1.794505,1.415083,-0.613856
1.788658,1.412452,-0.611956
1.793628,1.410991,-0.621602
1.789828,1.412452,-0.617802
1.796258,1.410699,-0.618971
1.794212,1.41216,-0.610786
1.791581,1.41713,-0.616633
1.787197,1.418006,-0.618386
1.792751,1.413914,-0.618971
1.792751,1.412745,-0.607571
1.786612,1.408068,-0.60684
1.794505,1.407776,-0.606986
1.788658,1.415083,-0.611371
1.79772,1.41216,-0.613125
1.795381,1.414499,-0.615756
1.789243,1.421514,-0.614002
1.79392,1.414499,-0.612248
1.792751,1.41596,-0.621748
1.793335,1.412452,-0.611225
1.789243,1.409822,-0.616925
1.791289,1.413914,-0.618971
1.794505,1.411283,-0.618679
1.793043,1.405729,-0.613709
1.78632,1.406314,-0.619117
1.795381,1.412745,-0.620871
1.795674,1.415668,-0.612979
1.795674,1.413914,-0.611079
1.794212,1.409822,-0.608009
1.791581,1.414206,-0.620871
1.79392,1.40836,-0.625256
1.788074,1.408652,-0.618386
1.799766,1.410406,-0.621163
1.789243,1.408945,-0.621602
1.795381,1.406899,-0.610348
1.79012,1.406899,-0.610202
1.796843,1.41713,-0.623648
1.794505,1.404268,-0.617071
1.793628,1.408652,-0.610056
1.797135,1.41216,-0.617071
1.795381,1.413622,-0.611663
1.795089,1.423268,-0.60684
1.798012,1.41976,-0.612979
1.794797,1.408652,-0.616048
1.795966,1.413037,-0.613563
1.79012,1.410699,-0.612248
1.792458,1.413914,-0.600848
1.79012,1.413329,-0.605232
1.791581,1.412745,-0.611663
1.793628,1.409822,-0.60494
1.792166,1.414206,-0.617071
1.790704,1.415083,-0.610202
1.794212,1.412452,-0.61444
1.789243,1.418883,-0.612394
1.79772,1.414206,-0.618094
1.794505,1.410406,-0.609617
1.796843,1.417714,-0.600409
1.789535,1.408068,-0.610202
1.792458,1.411283,-0.603917
1.795089,1.417422,-0.604063
1.792166,1.406899,-0.612979
1.793043,1.420053,-0.609032
1.793628,1.413037,-0.611956
1.791581,1.413329,-0.606694
1.800351,1.413622,-0.619994
1.786027,1.411868,-0.617948
1.789828,1.418299,-0.609617
1.788658,1.414499,-0.60874
1.793335,1.410699,-0.622333
1.795089,1.41216,-0.614148
1.793043,1.408945,-0.616633
1.790412,1.416837,-0.618825
1.795381,1.416545,-0.61634
1.794212,1.413622,-0.615756
1.793335,1.413914,-0.612979
1.795381,1.410699,-0.618971
1.799182,1.417714,-0.62014
1.791581,1.418299,-0.619117
1.793628,1.411576,-0.61634
1.794797,1.404852,-0.620433
1.786612,1.407191,-0.610056
1.788366,1.40836,-0.620579
1.785735,1.409529,-0.61064
1.759427,1.403975,-0.612394
1.791874,1.406899,-0.621456
1.789535,1.408945,-0.611517
1.793043,1.414499,-0.608302
1.786027,1.403975,-0.616925
1.785443,1.406899,-0.627887
1.792166,1.413914,-0.607279
1.793628,1.407191,-0.615171
1.785735,1.412452,-0.606986
1.787197,1.410699,-0.613709
1.783689,1.403098,-0.622771
1.786027,1.405729,-0.605232
1.79012,1.404852,-0.610494
1.792458,1.410114,-0.606109
1.788658,1.413037,-0.608448
1.795089,1.410991,-0.606986
1.786612,1.407191,-0.600848
1.79012,1.40836,-0.610202
1.788951,1.405437,-0.618971
1.77872,1.408068,-0.618533
1.793043,1.405729,-0.619702
1.794505,1.405729,-0.598801
1.784274,1.407483,-0.605086
1.788951,1.406314,-0.608594
1.794212,1.406899,-0.606255
1.795674,1.413914,-0.618971
1.789828,1.417714,-0.617948
1.798597,1.413329,-0.619556
1.800351,1.413914,-0.608302
1.794212,1.409822,-0.617363
1.798012,1.410114,-0.613271
1.794505,1.412452,-0.612102
1.787489,1.405145,-0.614002
1.784274,1.409237,-0.615171
1.791874,1.410991,-0.617363
1.795674,1.408652,-0.609471
1.792166,1.410114,-0.60304
1.791289,1.410699,-0.616486
1.787781,1.410699,-0.604648
1.795674,1.404852,-0.621163
1.794212,1.409529,-0.612832
1.795966,1.412745,-0.61824
1.792458,1.409822,-0.615902
1.791874,1.412452,-0.615463
1.795089,1.406899,-0.62321
1.796551,1.410699,-0.608448
1.791874,1.410699,-0.607279
1.794797,1.410991,-0.610056
1.80152,1.414206,-0.598655
1.800058,1.412452,-0.610348
1.793335,1.417422,-0.599825
1.799474,1.415376,-0.603186
1.787197,1.411576,-0.614148
1.79012,1.413037,-0.620871
1.790412,1.410991,-0.616048
1.797135,1.40456,-0.621017
1.790997,1.406022,-0.609763
1.788951,1.410699,-0.613125
1.793335,1.407191,-0.62394
1.800058,1.413037,-0.621456
1.788951,1.40836,-0.611956
1.795966,1.405145,-0.613563
1.791289,1.411283,-0.61824
1.788951,1.405437,-0.614733
1.789535,1.406899,-0.602309
1.793335,1.409237,-0.608448
1.791581,1.413914,-0.616048
1.794797,1.407191,-0.610786
1.793335,1.406314,-0.608302
1.789535,1.411576,-0.616779
1.792166,1.414206,-0.610494
1.792166,1.406314,-0.614148
1.794212,1.403391,-0.614002
1.800058,1.40076,-0.606694
1.794797,1.402806,-0.608886
1.792458,1.404852,-0.615171
1.795966,1.411283,-0.618094
1.795966,1.410114,-0.611956
1.793043,1.401929,-0.609325
1.791289,1.411576,-0.617948
1.792458,1.408652,-0.615902
1.793043,1.406314,-0.617948
1.788074,1.403391,-0.61064
1.792751,1.406899,-0.619994
1.789828,1.407191,-0.613125
1.795089,1.415376,-0.60494
1.793628,1.408945,-0.608155
1.79392,1.414499,-0.622479
1.793628,1.40456,-0.60684
1.791581,1.403391,-0.618825
1.794505,1.415668,-0.617656
1.792458,1.410699,-0.61444
1.794212,1.402806,-0.614294
1.798305,1.411283,-0.603478
1.792458,1.413914,-0.612686
1.785735,1.418299,-0.614002
1.794797,1.411576,-0.613417
1.788658,1.412745,-0.611809
1.79392,1.409822,-0.605963
1.787781,1.410114,-0.61444
1.793043,1.409822,-0.618094
1.789535,1.409237,-0.621163
1.787781,1.408945,-0.622625
1.786904,1.410699,-0.62774
1.792751,1.408652,-0.619263
1.79392,1.409822,-0.625402
1.784566,1.413037,-0.606402
1.791289,1.406899,-0.61444
1.784858,1.403098,-0.62014
1.789243,1.410114,-0.606402
1.79392,1.413329,-0.621163
1.787489,1.402806,-0.610786
1.796843,1.411283,-0.619556
1.788074,1.411576,-0.607425
1.790412,1.411868,-0.605817
1.788366,1.403098,-0.604209
1.789243,1.412745,-0.612832
1.795089,1.412745,-0.615902
1.795089,1.406022,-0.617217
1.79392,1.410991,-0.614586
1.786027,1.418591,-0.610786
1.796258,1.413037,-0.611371
1.789828,1.413622,-0.613709
1.789828,1.414499,-0.61254
1.79392,1.413914,-0.610932
1.795381,1.402806,-0.606986
1.78252,1.410114,-0.609179
1.790997,1.41713,-0.606986
1.788366,1.416837,-0.611956
1.787489,1.412745,-0.605232
1.785443,1.409822,-0.619263
1.791874,1.415376,-0.60874
1.793043,1.405437,-0.61254
1.79772,1.409529,-0.606548
1.789828,1.41596,-0.606694
1.785443,1.411868,-0.605086
1.789828,1.412745,-0.598948
1.795089,1.411576,-0.611809
1.788074,1.410406,-0.599971
1.795966,1.413622,-0.603478
1.795089,1.41976,-0.605671
1.794797,1.411283,-0.607425
1.785443,1.411576,-0.616633
1.800351,1.414791,-0.601725
1.797135,1.413329,-0.608155
1.795966,1.40836,-0.602602
1.791581,1.417714,-0.606255
1.789535,1.415376,-0.604209
1.784858,1.413622,-0.615171
1.785151,1.407483,-0.607863
1.788366,1.407191,-0.607863
1.788951,1.41216,-0.615609
1.788951,1.410406,-0.613125
1.790412,1.404268,-0.609032
1.799182,1.408652,-0.608448
1.802397,1.408068,-0.62014
1.796258,1.410699,-0.621456
1.793628,1.405437,-0.610348
1.790412,1.406606,-0.60684
1.795089,1.41596,-0.597194
1.792751,1.407483,-0.608302
1.790997,1.410114,-0.610056
1.791289,1.409237,-0.607132
1.793043,1.405729,-0.612979
1.793335,1.418299,-0.612979
1.784566,1.40836,-0.618094
1.789243,1.414499,-0.609763
1.791874,1.413622,-0.609617
1.792458,1.410699,-0.604794
1.79012,1.408945,-0.611079
1.795089,1.411576,-0.620286
1.789243,1.411283,-0.613417
1.787489,1.406314,-0.611663
1.794505,1.414206,-0.612102
1.788366,1.411283,-0.615463
1.79012,1.412745,-0.606694
1.79012,1.409237,-0.615756
1.791289,1.415668,-0.617802
1.79392,1.41216,-0.613417
1.794797,1.411576,-0.616633
1.790704,1.410406,-0.62014
1.793043,1.403975,-0.625694
1.794212,1.406022,-0.616048
1.791289,1.408652,-0.620871
1.78632,1.41216,-0.616633
1.786612,1.41216,-0.615902
1.785151,1.411283,-0.612394
1.760012,1.410114,-0.630225
1.790704,1.409237,-0.618825
1.792458,1.408068,-0.609617
1.791289,1.41216,-0.604063
1.793628,1.407191,-0.618386
1.792458,1.410991,-0.609179
1.792458,1.414499,-0.615902
1.79392,1.414499,-0.617509
1.795381,1.413914,-0.613709
1.786904,1.413037,-0.60874
1.788951,1.409822,-0.615025
1.795381,1.411576,-0.616925
1.79772,1.413329,-0.608886
1.789535,1.410699,-0.606694
1.792751,1.409529,-0.620579
1.791581,1.420345,-0.618094
1.787489,1.408945,-0.609325
1.786027,1.406314,-0.619263
1.789535,1.406314,-0.615609
1.793628,1.415083,-0.603332
1.797135,1.414791,-0.616486
1.784858,1.412452,-0.617071
1.793043,1.409237,-0.614294
1.792751,1.409237,-0.611517
1.794505,1.412452,-0.61254
1.788951,1.413622,-0.617071
1.788074,1.414791,-0.618971
1.787781,1.415668,-0.61254
1.791874,1.408945,-0.619117
1.790412,1.408945,-0.612102
1.795966,1.41216,-0.621017
1.795381,1.412452,-0.609909
1.785443,1.414791,-0.621163
1.789243,1.415376,-0.620725
1.788366,1.415083,-0.624086
1.790997,1.410114,-0.621017
1.795089,1.414791,-0.622186
1.798305,1.405437,-0.626133
1.795089,1.411868,-0.612832
1.788074,1.405145,-0.617217
1.795966,1.406606,-0.624525
1.79012,1.409237,-0.62394
1.791874,1.406314,-0.607717
1.791581,1.410991,-0.619848
1.791581,1.41713,-0.613417
1.795381,1.406899,-0.61941
1.793335,1.409529,-0.617656
1.790704,1.409822,-0.61824
1.787781,1.413329,-0.623502
1.787197,1.41216,-0.614733
1.784858,1.413329,-0.617656
1.786612,1.414206,-0.611663
1.793335,1.411283,-0.616486
1.784566,1.421222,-0.619848
1.77112,1.444314,-0.648641
1.748904,1.484946,-0.668664
1.74335,1.508039,-0.708857
1.724642,1.516808,-0.738819
1.722888,1.507746,-0.774481
1.71938,1.491377,-0.782958
1.726103,1.479392,-0.788658
1.732827,1.469453,-0.784858
1.736334,1.457176,-0.791143
1.739842,1.433207,-0.791874
1.741888,1.423853,-0.790851
1.756796,1.397545,-0.790558
1.76235,1.386729,-0.787928
1.766735,1.372698,-0.774481
1.769658,1.360713,-0.777404
1.776966,1.339959,-0.773312
1.783397,1.335282,-0.758258
1.780474,1.328267,-0.751535
1.796258,1.31482,-0.752412
1.793335,1.313359,-0.751388
1.793628,1.310728,-0.745981
1.795381,1.291435,-0.741158
1.807366,1.284712,-0.73268
1.811166,1.285004,-0.739988
1.812336,1.282958,-0.740573
1.808535,1.287928,-0.733996
1.813505,1.275066,-0.72815
1.802397,1.269804,-0.723765
1.812043,1.270973,-0.71748
1.809997,1.263081,-0.718065
1.810874,1.257819,-0.703011
1.817013,1.250804,-0.707395
1.812043,1.254019,-0.721426
1.817889,1.255481,-0.676264
1.818474,1.254896,-0.711926
1.820813,1.257819,-0.710611
1.823151,1.251973,-0.713534
1.81672,1.244081,-0.720257
1.814966,1.251681,-0.71178
1.813797,1.242911,-0.720403
1.820228,1.240281,-0.706372
1.819643,1.248758,-0.716457
1.825782,1.24525,-0.715142
1.822274,1.240281,-0.716603
1.81672,1.237357,-0.70608
1.818766,1.244081,-0.712219
1.823443,1.240281,-0.715434
1.821397,1.251681,-0.711342
1.815843,1.250804,-0.707542
1.821105,1.248465,-0.712072
1.819936,1.254019,-0.70418
1.818766,1.245835,-0.709588
1.826659,1.251096,-0.715142
1.830459,1.248758,-0.698918
1.824028,1.243788,-0.709149
1.819059,1.251096,-0.709734
1.817597,1.251973,-0.703157
1.824028,1.244665,-0.704326
1.824028,1.245542,-0.701988
1.821982,1.24905,-0.701403
1.817889,1.249635,-0.708126
1.817889,1.242327,-0.705788
1.817013,1.243496,-0.698041
1.829874,1.235896,-0.699942
1.823443,1.246711,-0.711049
1.817305,1.240281,-0.717773
1.822859,1.243204,-0.710611
1.820228,1.242619,-0.699942
1.819059,1.242034,-0.708419
1.817013,1.243204,-0.697603
1.812628,1.243204,-0.703011
1.82052,1.242911,-0.703742
1.82052,1.242619,-0.704911
1.817597,1.243496,-0.708711
1.822274,1.244958,-0.703303
1.826659,1.247004,-0.698041
1.82169,1.240281,-0.712072
1.824613,1.243204,-0.708857
1.82549,1.239988,-0.704765
1.819059,1.239111,-0.706957
1.82432,1.240281,-0.70228
1.830167,1.243788,-0.712365
1.826367,1.242619,-0.708126
1.826074,1.247004,-0.706811
1.82549,1.240573,-0.705057
1.825782,1.248465,-0.700234
1.828413,1.242034,-0.709296
1.825782,1.248465,-0.704911
1.833382,1.247296,-0.705203
1.831336,1.244958,-0.706519
1.829874,1.244958,-0.696434
1.830167,1.252265,-0.703742
1.833674,1.244373,-0.711634
1.827536,1.240573,-0.708126
1.822567,1.245542,-0.712949
1.825782,1.239404,-0.711196
1.827243,1.239696,-0.710465
1.827243,1.240281,-0.703888
1.825197,1.245835,-0.697895
1.816136,1.239988,-0.701549
1.82432,1.247588,-0.703449
1.827243,1.245542,-0.692195
1.822567,1.244958,-0.702426
1.82169,1.242327,-0.703742
1.822274,1.239404,-0.696141
1.817889,1.246419,-0.701403
1.82432,1.244665,-0.70038
1.82432,1.248173,-0.707249
1.814382,1.244081,-0.699942
1.822859,1.234142,-0.703595
1.818182,1.236188,-0.704034
1.827536,1.237942,-0.709296
1.823736,1.242911,-0.699942
1.828413,1.248173,-0.693365
1.823151,1.246711,-0.70038
1.822274,1.239988,-0.709149
1.824028,1.247296,-0.697018
1.823151,1.245542,-0.706811
1.823151,1.242619,-0.704619
1.826074,1.247004,-0.704619
1.822859,1.23765,-0.705057
1.821982,1.237357,-0.699649
1.828997,1.244958,-0.701842
1.826367,1.246711,-0.709734
1.82052,1.243496,-0.700818
1.821982,1.243204,-0.719965
1.820813,1.23765,-0.701111
1.824905,1.247881,-0.700088
1.823443,1.250219,-0.701988
1.828413,1.242619,-0.697895
1.820228,1.248173,-0.703595
1.82169,1.249342,-0.707103
1.822859,1.247004,-0.708419
1.819643,1.241742,-0.704034
1.826951,1.246127,-0.708857
1.819059,1.246419,-0.705934
1.82052,1.246419,-0.70988
1.823151,1.246127,-0.698188
1.818182,1.245542,-0.712511
1.826951,1.247296,-0.710757
1.826074,1.248173,-0.718942
1.823736,1.244373,-0.706957
1.822567,1.238819,-0.705057
1.826659,1.244665,-0.712657
1.826074,1.250804,-0.717626
1.824613,1.246711,-0.712657
1.818182,1.244665,-0.711926
1.826367,1.243496,-0.71368
1.824613,1.242327,-0.702718
1.828997,1.242327,-0.714411
1.819059,1.239696,-0.700526
1.821982,1.242619,-0.705057
1.817013,1.243496,-0.700672
1.819936,1.240865,-0.708272
1.821105,1.241158,-0.716896
1.824613,1.251973,-0.70418
1.82549,1.243496,-0.706226
1.829582,1.24145,-0.718211
1.827828,1.242327,-0.714557
1.82549,1.243788,-0.711342
1.826951,1.244373,-0.695995
1.82432,1.242327,-0.707834
1.82052,1.243496,-0.700672
1.82169,1.244958,-0.701695
1.826074,1.234727,-0.71368
1.826659,1.243788,-0.710903
1.821982,1.23385,-0.703888
1.827536,1.245835,-0.701257
1.82929,1.246711,-0.709588
1.822859,1.244958,-0.711196
1.825782,1.236188,-0.71558
1.82812,1.242619,-0.71178
1.825782,1.235311,-0.710465
1.82432,1.244958,-0.698041
1.824028,1.246127,-0.719088
1.823151,1.24525,-0.703595
1.820813,1.247881,-0.706665
1.82169,1.246419,-0.709296
1.831628,1.240865,-0.709003
1.822859,1.246127,-0.701988
1.82052,1.242034,-0.713826
1.823151,1.241158,-0.713096
1.825197,1.243496,-0.694388
1.82432,1.239696,-0.718503
1.82549,1.250804,-0.708126
1.822274,1.245542,-0.710611
1.82432,1.24525,-0.703303
1.832213,1.253435,-0.703595
1.82929,1.241742,-0.706519
1.831921,1.244081,-0.719526
1.824613,1.241158,-0.712365
1.835136,1.24905,-0.710319
1.830751,1.243204,-0.714557
1.829582,1.240573,-0.70608
1.824028,1.248465,-0.699211
1.833674,1.247588,-0.712949
1.829874,1.244373,-0.709588
1.824613,1.250219,-0.71558
1.822859,1.246711,-0.721573
1.828705,1.247588,-0.715726
1.82432,1.248465,-0.720111
1.828997,1.24145,-0.698626
1.820228,1.249635,-0.707834
1.827828,1.242619,-0.72128
1.82169,1.254312,-0.718065
1.82929,1.249927,-0.704326
1.82052,1.240865,-0.709296
1.828413,1.239404,-0.702718
1.82432,1.248465,-0.714265
1.821982,1.246711,-0.696726
1.820228,1.247004,-0.706811
1.826659,1.241742,-0.713534
1.829582,1.239988,-0.699503
1.82052,1.24525,-0.712657
1.81672,1.253727,-0.694534
1.822274,1.242327,-0.70038
1.827243,1.240573,-0.702718
1.822274,1.243204,-0.712949
1.824905,1.242327,-0.71178
1.830751,1.236481,-0.703888
1.817597,1.24145,-0.70608
1.82549,1.248173,-0.70988
1.827243,1.244958,-0.698334
1.82052,1.244373,-0.707688
1.825782,1.247296,-0.70798
1.821397,1.243496,-0.703449
1.821105,1.242327,-0.708711
1.817305,1.242619,-0.686495
1.822859,1.240573,-0.707395
1.822274,1.251388,-0.714703
1.829582,1.239111,-0.710465
1.82052,1.247881,-0.716019
1.813505,1.242911,-0.709734
1.813213,1.240865,-0.700965
1.825197,1.244958,-0.713242
1.826367,1.244081,-0.701403
1.818766,1.249927,-0.705349
1.824028,1.244373,-0.699065
1.823151,1.247004,-0.70418
1.818474,1.242034,-0.709149
1.814674,1.249927,-0.712949
1.819936,1.243496,-0.699795
1.816136,1.251388,-0.713242
1.81672,1.251973,-0.717334
1.82169,1.242911,-0.710611
1.820813,1.246419,-0.710319
1.82432,1.244081,-0.71368
1.820813,1.246711,-0.706519
1.821105,1.247296,-0.716019
1.823736,1.243204,-0.702718
1.818474,1.245835,-0.697895
1.818474,1.249927,-0.697457
1.823736,1.240281,-0.696141
1.81672,1.24525,-0.707395
1.823736,1.243496,-0.711488
1.814674,1.24525,-0.712657
1.823443,1.248173,-0.709149
1.827243,1.248173,-0.712072
1.821105,1.246711,-0.705057
1.818766,1.244665,-0.706226
1.817889,1.235311,-0.709588
1.819643,1.251681,-0.703011
1.815843,1.24145,-0.700818
1.81292,1.242911,-0.710757
1.823151,1.246419,-0.704911
1.812628,1.240573,-0.70418
1.816428,1.244958,-0.705788
1.818474,1.243788,-0.704326
1.810289,1.247588,-0.703888
1.813797,1.248758,-0.702865
1.818182,1.251096,-0.716457
1.823736,1.247588,-0.714411
1.814674,1.239988,-0.70608
1.822859,1.240865,-0.704472
1.819059,1.243788,-0.709003
1.823736,1.244081,-0.709296
1.819936,1.247881,-0.708126
1.815551,1.239111,-0.711342
1.817305,1.244958,-0.705203
1.815843,1.247004,-0.705495
1.817305,1.249635,-0.715726
1.813797,1.243496,-0.698334
1.815259,1.24525,-0.704765
1.822567,1.242327,-0.705788
1.819936,1.240865,-0.712803
1.815259,1.248758,-0.693072
1.824905,1.244958,-0.703449
1.817013,1.245835,-0.699065
1.817305,1.247004,-0.698188
1.811459,1.24145,-0.702572
1.817013,1.246419,-0.700526
1.814089,1.24905,-0.70798
1.814966,1.246127,-0.713826
1.819059,1.242327,-0.708272
1.815551,1.241742,-0.698772
1.819059,1.239111,-0.707103
1.813797,1.240865,-0.709296
1.818182,1.242619,-0.703742
1.82169,1.243204,-0.703011
1.819643,1.246419,-0.705349
1.821982,1.242911,-0.707834
1.821397,1.239404,-0.710757
1.818182,1.239111,-0.697018
1.815259,1.245542,-0.712219
1.814674,1.239988,-0.707103
1.82052,1.240573,-0.703449
1.816136,1.24525,-0.699065
1.822567,1.24525,-0.708272
1.820228,1.244958,-0.706957
1.819643,1.246419,-0.702426
1.826951,1.241158,-0.712657
1.814966,1.238819,-0.708711
1.818182,1.239988,-0.695265
1.818474,1.241158,-0.705495
1.820813,1.238527,-0.698041
1.816136,1.244081,-0.704619
1.812628,1.247296,-0.700818
1.815551,1.247004,-0.690734
1.830167,1.242034,-0.701549
1.817013,1.239988,-0.700088
1.825782,1.24145,-0.701842
1.82052,1.242034,-0.704326
1.820228,1.238527,-0.699065
1.817597,1.244958,-0.700672
1.823443,1.234142,-0.706226
1.823151,1.24145,-0.705057
1.819936,1.236188,-0.691757
1.824905,1.23765,-0.693511
1.822567,1.244373,-0.702865
1.819351,1.244373,-0.702718
1.824613,1.238234,-0.693218
1.818766,1.239111,-0.698188
1.819351,1.252265,-0.701695
1.816136,1.242034,-0.696288
1.815551,1.244665,-0.698626
1.820228,1.249635,-0.707395
1.822859,1.249927,-0.703888
1.819059,1.24145,-0.703449
1.824028,1.253435,-0.709442
1.815551,1.244373,-0.700818
1.819351,1.239111,-0.712949
1.81672,1.237065,-0.700234
1.821105,1.239111,-0.697895
1.818474,1.241742,-0.699065
1.82169,1.240281,-0.704472
1.815551,1.240573,-0.693511
1.818766,1.242619,-0.701549
1.818766,1.244665,-0.675533
1.819936,1.249635,-0.69658
1.814674,1.247881,-0.695849
1.82052,1.24525,-0.70228
1.82052,1.242619,-0.701257
1.820228,1.247588,-0.70228
1.818474,1.246711,-0.699357
1.819059,1.242911,-0.698626
1.817013,1.250512,-0.703011
1.822274,1.248465,-0.700088
1.82052,1.247588,-0.706226
1.817597,1.243788,-0.704326
1.817305,1.244665,-0.692341
1.819643,1.250512,-0.710172
1.81672,1.244665,-0.699649
1.816136,1.245835,-0.701988
1.822274,1.239404,-0.706372
1.818182,1.237357,-0.694534
1.819936,1.243204,-0.702865
1.820228,1.24525,-0.693803
1.817889,1.246127,-0.704472
1.820228,1.236773,-0.706811
1.825197,1.244081,-0.710026
1.82169,1.243204,-0.70228
1.824905,1.239111,-0.710903
1.814089,1.243788,-0.701842
1.824028,1.244081,-0.705934
1.822567,1.244665,-0.699357
1.815843,1.237357,-0.707542
1.814966,1.24145,-0.70798
1.822274,1.248758,-0.700965
1.82432,1.245835,-0.712657
1.825782,1.239988,-0.706811
1.823443,1.237357,-0.707542
1.823443,1.235896,-0.708857
1.822859,1.235604,-0.703303
1.818474,1.244373,-0.703742
1.824905,1.239111,-0.70418
1.81672,1.243496,-0.695995
1.817305,1.247296,-0.705349
1.820813,1.243204,-0.708857
1.817305,1.244373,-0.707103
1.826659,1.24145,-0.702134
1.819936,1.247004,-0.70038
1.815843,1.238527,-0.706957
1.817597,1.240865,-0.704619
1.82929,1.247004,-0.697457
1.81672,1.244958,-0.706519
1.819059,1.242034,-0.703011
1.814674,1.239988,-0.711049
1.817305,1.239111,-0.706372
1.81292,1.239404,-0.700088
1.818474,1.240573,-0.707834
1.814382,1.242911,-0.711196
1.818474,1.242619,-0.704619
1.828997,1.248758,-0.705495
1.826074,1.248465,-0.69468
1.822274,1.245542,-0.695703
1.818766,1.24525,-0.703303
1.821982,1.250804,-0.703157
1.817597,1.241158,-0.69848
1.81672,1.243204,-0.707688
1.826367,1.240573,-0.693218
1.82169,1.238527,-0.708565
1.823151,1.240573,-0.697457
1.823736,1.244958,-0.703888
1.822859,1.243496,-0.69468
1.823736,1.243788,-0.703449
1.824028,1.241158,-0.706372
1.816136,1.236773,-0.705349
1.831336,1.243496,-0.710026
1.82169,1.23765,-0.698188
1.82169,1.239404,-0.703888
1.824905,1.242034,-0.701842
1.822567,1.244958,-0.705642
1.819643,1.248758,-0.715726
1.822274,1.242911,-0.700234
1.824613,1.246127,-0.700818
1.82169,1.246127,-0.707395
1.828997,1.239111,-0.695849
1.826659,1.229465,-0.708565
1.823151,1.249635,-0.696434
1.822859,1.244958,-0.696872
1.830167,1.250219,-0.706811
1.821982,1.245835,-0.698626
1.822859,1.248758,-0.714703
1.820228,1.244373,-0.709442
1.82169,1.245542,-0.705788
1.830459,1.242327,-0.697018
1.818766,1.244958,-0.70608
1.824613,1.242327,-0.704034
1.822567,1.237065,-0.709296
1.824028,1.243496,-0.720988
1.821397,1.244081,-0.69658
1.818182,1.239988,-0.701695
1.823443,1.242619,-0.742765
1.817889,1.241158,-0.70038
1.813505,1.245542,-0.697018
1.817305,1.241742,-0.702865
1.815843,1.246419,-0.708419
1.822274,1.240573,-0.701111
1.825197,1.243204,-0.708272
1.819351,1.238527,-0.711049
1.819059,1.238527,-0.695411
1.817597,1.24145,-0.696434
1.813797,1.246419,-0.705495
1.818182,1.243204,-0.704472
1.815843,1.242619,-0.704472
1.821397,1.239988,-0.698334
1.821397,1.240573,-0.698918
1.810289,1.239111,-0.693072
1.812628,1.243788,-0.709588
1.814966,1.243788,-0.699795
1.817013,1.238234,-0.703888
1.822859,1.244081,-0.701111
1.818766,1.237942,-0.692049
1.81672,1.237357,-0.699211
1.815259,1.239988,-0.698772
1.818474,1.243496,-0.702865
1.81292,1.239111,-0.70418
1.82812,1.240281,-0.703303
1.824028,1.242619,-0.715288
1.814674,1.243496,-0.697165
1.819936,1.243204,-0.70228
1.821105,1.241742,-0.714119
1.819643,1.239111,-0.70798
1.822274,1.241158,-0.704034
1.82549,1.240865,-0.709149
1.820228,1.244665,-0.699357
1.826074,1.242034,-0.697018
1.825782,1.241158,-0.710026
1.82549,1.250219,-0.71748
1.820813,1.247296,-0.712803
1.824613,1.239696,-0.701842
1.821982,1.238234,-0.699942
1.82432,1.247296,-0.707688
1.821397,1.243496,-0.708126
1.820228,1.240865,-0.698334
1.822859,1.244081,-0.710026
1.82169,1.24525,-0.704911
1.823151,1.242911,-0.706519
1.818766,1.244665,-0.717334
1.82169,1.237942,-0.703011
1.825197,1.24525,-0.698772
1.823736,1.244081,-0.711342
1.822274,1.246711,-0.705934
1.824028,1.24525,-0.709296
1.825782,1.246127,-0.705203
1.820813,1.24525,-0.697311
1.815551,1.242911,-0.707688
1.822859,1.244373,-0.704911
1.819643,1.247881,-0.700818
1.818474,1.243204,-0.708126
1.819351,1.242327,-0.702572
1.820813,1.239696,-0.706226
1.820228,1.244373,-0.706665
1.819643,1.247296,-0.703303
1.817013,1.246127,-0.701257
1.826659,1.244081,-0.709296
1.820228,1.246419,-0.704472
1.820228,1.242034,-0.701842
1.82052,1.248758,-0.703595
1.821982,1.239988,-0.713534
1.825782,1.24145,-0.695557
1.822274,1.241158,-0.695265
1.823443,1.250512,-0.684887
1.828413,1.24525,-0.704326
1.822859,1.251096,-0.699065
1.829582,1.247588,-0.709442
1.826074,1.249927,-0.697749
1.827243,1.243204,-0.713534
1.821397,1.244665,-0.704326
1.826367,1.247881,-0.701549
1.821397,1.246419,-0.707103
1.822859,1.247296,-0.697603
1.824905,1.248173,-0.703011
1.818766,1.246711,-0.705788
1.815843,1.245835,-0.710319
1.817889,1.245542,-0.714265
1.81672,1.26922,-0.714119
1.801228,1.306051,-0.740427
1.77492,1.343174,-0.772435
1.764396,1.397252,-0.775358
1.738965,1.439053,-0.803274
1.734581,1.478807,-0.790266
1.722303,1.501315,-0.780327
1.719088,1.519146,-0.777112
1.72698,1.521485,-0.751242
1.724934,1.524993,-0.744665
1.721426,1.516223,-0.731073
1.736627,1.509208,-0.711926
1.742765,1.498977,-0.717773
1.756796,1.4829,-0.67831
1.760596,1.479977,-0.664864
1.765273,1.472669,-0.645425
1.775212,1.451622,-0.64411
1.77755,1.439345,-0.634171
1.783689,1.425606,-0.619848
1.793628,1.410699,-0.617217
1.795089,1.405145,-0.606255
1.807951,1.388775,-0.584478
1.805905,1.384975,-0.583455
1.814966,1.360129,-0.58214
1.814966,1.360713,-0.567524
1.823151,1.351652,-0.56957
1.820228,1.341421,-0.574393
1.830459,1.329436,-0.561093
1.83689,1.329436,-0.569863
1.838351,1.315989,-0.566939
1.840982,1.308389,-0.563139
1.841859,1.305466,-0.559339
1.848875,1.29582,-0.557439
1.853259,1.285589,-0.555393
1.846828,1.282666,-0.559778
1.856182,1.283835,-0.537708
1.848875,1.27945,-0.548524
1.85589,1.277989,-0.548962
1.85589,1.276235,-0.548962
1.85969,1.271558,-0.54107
1.859982,1.263081,-0.53347
1.860567,1.260742,-0.546624
1.863783,1.256942,-0.546916
1.865244,1.252558,-0.536685
1.865536,1.265712,-0.545455
1.860275,1.252265,-0.534639
1.867875,1.244958,-0.543701
1.865829,1.254312,-0.539316
1.862613,1.246711,-0.537124
1.857936,1.247881,-0.546478
1.862613,1.249342,-0.536101
1.868167,1.242911,-0.536539
1.869044,1.251096,-0.541654
1.861736,1.243788,-0.538585
1.866413,1.243788,-0.537124
1.868167,1.246127,-0.538585
1.871383,1.239988,-0.530547
1.872844,1.23385,-0.536101
1.865536,1.232973,-0.541801
1.870213,1.241158,-0.54487
1.870213,1.237942,-0.536831
1.872844,1.243496,-0.541508
1.875183,1.233265,-0.537416
1.863198,1.239404,-0.533616
1.874598,1.238819,-0.53537
1.869921,1.230634,-0.534054
1.874013,1.232388,-0.524554
1.872552,1.235604,-0.535954
1.869921,1.239111,-0.533031
1.869629,1.235896,-0.532739
1.878398,1.238234,-0.534347
1.867875,1.235019,-0.52587
1.868752,1.230342,-0.531424
1.868459,1.229757,-0.532885
1.869044,1.234142,-0.537854
1.868167,1.231219,-0.536831
1.87489,1.236188,-0.534347
1.872844,1.232388,-0.536393
1.870798,1.239404,-0.539462
1.86349,1.228296,-0.523093
1.868752,1.232388,-0.536977
1.871675,1.229757,-0.540193
1.872844,1.232973,-0.528647
1.87489,1.228296,-0.5323
1.87226,1.227127,-0.536685
1.87109,1.232388,-0.536831
1.877229,1.22245,-0.536247
1.873721,1.223327,-0.530985
1.87109,1.230342,-0.53157
1.87109,1.230634,-0.533762
1.869044,1.225957,-0.535224
1.871967,1.224496,-0.53727
1.873137,1.223911,-0.529816
1.866121,1.223327,-0.5323
1.873721,1.232096,-0.543847
1.870213,1.227711,-0.539462
1.868167,1.222742,-0.543555
1.867583,1.224788,-0.535077
1.864075,1.226542,-0.542239
1.866706,1.224788,-0.539608
1.868167,1.233265,-0.534201
1.868459,1.222157,-0.532739
1.869629,1.225373,-0.537416
1.861736,1.226542,-0.521485
1.864367,1.228296,-0.535224
1.870798,1.225665,-0.5266
1.869629,1.225665,-0.517539
1.869044,1.228296,-0.528354
1.864659,1.225665,-0.535516
1.86729,1.225957,-0.539316
1.871675,1.22128,-0.538585
1.865829,1.22508,-0.53917
1.864075,1.227419,-0.532593
1.864367,1.22508,-0.526893
1.866121,1.224203,-0.527185
1.874306,1.22625,-0.532593
1.872552,1.223034,-0.529524
1.869044,1.227127,-0.527477
1.872844,1.231511,-0.540631
1.869336,1.22625,-0.536393
1.879567,1.226542,-0.547208
1.869629,1.233265,-0.541947
1.875475,1.223619,-0.530839
1.870213,1.224788,-0.530839
1.873721,1.229465,-0.5323
1.874306,1.228004,-0.545016
1.865244,1.236188,-0.531716
1.870506,1.23005,-0.529085
1.869336,1.231804,-0.53727
1.864075,1.225665,-0.525285
1.870213,1.227419,-0.527331
1.87606,1.224203,-0.52587
1.877813,1.233265,-0.526747
1.87489,1.222742,-0.531424
1.870798,1.221865,-0.519731
1.879567,1.22508,-0.524847
1.870506,1.221573,-0.532593
1.871967,1.22245,-0.53347
1.869044,1.229465,-0.53537
1.874306,1.218065,-0.527623
1.874013,1.22128,-0.531862
1.873721,1.224203,-0.530839
1.871383,1.224203,-0.5266
1.874598,1.225957,-0.538147
1.883075,1.230634,-0.540778
1.871967,1.230634,-0.528208
1.873137,1.229465,-0.527039
1.867583,1.227419,-0.531716
1.877521,1.225665,-0.532154
1.878983,1.225957,-0.532154
1.873721,1.225957,-0.533762
1.877229,1.225957,-0.532593
1.878398,1.227127,-0.524993
1.870798,1.226542,-0.537416
1.874598,1.227127,-0.530693
1.873721,1.227127,-0.524847
1.873429,1.227127,-0.535516
1.871383,1.229173,-0.530108
1.878398,1.224496,-0.530985
1.873721,1.227419,-0.540631
1.876352,1.23005,-0.5323
1.867875,1.229757,-0.522362
1.866998,1.23005,-0.533177
1.870798,1.231511,-0.517246
1.869336,1.236481,-0.538293
1.869336,1.233265,-0.528647
1.87869,1.232096,-0.526308
1.873429,1.223034,-0.535662
1.866706,1.22245,-0.534639
1.873721,1.231804,-0.538585
1.875183,1.223911,-0.536393
1.871675,1.227419,-0.535808
1.866706,1.228004,-0.540047
1.865829,1.232388,-0.532739
1.869921,1.230927,-0.541947
1.868167,1.233265,-0.537854
1.873137,1.226834,-0.535662
1.906752,1.224496,-0.535808
1.874306,1.230342,-0.533177
1.868752,1.231804,-0.52777
1.869044,1.231219,-0.539316
1.87109,1.232681,-0.538731
1.870213,1.22128,-0.539316
1.86729,1.225957,-0.534054
1.87109,1.225957,-0.536977
1.868459,1.223619,-0.52777
1.875475,1.221865,-0.53347
1.872844,1.231511,-0.53537
1.87109,1.227419,-0.532154
1.869629,1.223619,-0.534785
1.87226,1.220403,-0.54487
1.876352,1.218357,-0.538001
1.874306,1.225373,-0.5285
1.868752,1.224788,-0.529962
1.868167,1.225373,-0.530547
1.866706,1.227711,-0.528939
1.870506,1.231219,-0.540047
1.865244,1.229757,-0.541801
1.880737,1.23005,-0.535516
1.876644,1.236481,-0.543262
1.874598,1.234142,-0.536393
1.87489,1.238819,-0.529231
1.873429,1.230927,-0.54677
1.864952,1.225373,-0.539462
1.867583,1.220988,-0.531277
1.861736,1.223911,-0.534347
1.870506,1.228296,-0.534493
1.86729,1.228296,-0.540047
1.865244,1.22128,-0.53727
1.867875,1.223911,-0.543701
1.866121,1.229465,-0.536977
1.873721,1.230342,-0.533324
1.869044,1.228296,-0.531277
1.871967,1.228296,-0.536101
1.863783,1.225373,-0.527331
1.867875,1.236188,-0.538147
1.87226,1.230634,-0.526308
1.862613,1.226834,-0.535808
1.86729,1.229757,-0.533616
1.862906,1.217188,-0.535224
1.862613,1.225957,-0.538878
1.873137,1.229757,-0.543408
1.865536,1.228296,-0.534201
1.862906,1.223619,-0.528062
1.866706,1.232681,-0.541216
1.864659,1.22245,-0.539754
1.863783,1.22888,-0.538439
1.869629,1.234434,-0.535224
1.87226,1.229173,-0.534493
1.874013,1.230927,-0.543847
1.869921,1.230342,-0.535662
1.866706,1.223911,-0.538731
1.87226,1.230634,-0.541216
1.861152,1.230634,-0.53347
1.863198,1.228588,-0.544285
1.870798,1.22625,-0.530839
1.87109,1.23385,-0.534785
1.865536,1.225957,-0.535077
1.875475,1.229757,-0.536539
1.869629,1.220111,-0.532593
1.873137,1.223327,-0.530693
1.867875,1.22888,-0.53917
1.859398,1.227711,-0.523093
1.87869,1.224788,-0.532154
1.87109,1.22128,-0.535808
1.872552,1.225373,-0.533324
1.86349,1.23005,-0.540047
1.870213,1.22508,-0.529962
1.872844,1.23385,-0.532008
1.863198,1.231804,-0.538001
1.862906,1.230927,-0.540631
1.862321,1.22508,-0.534785
1.86729,1.224496,-0.535224
1.873721,1.234727,-0.524847
1.866121,1.224496,-0.524554
1.87606,1.223619,-0.531131
1.875767,1.227419,-0.522654
1.870798,1.224203,-0.525723
1.873137,1.224496,-0.5228
1.867875,1.220988,-0.534054
1.873429,1.223327,-0.537708
1.866706,1.225373,-0.521339
1.87226,1.226542,-0.538585
1.838059,1.227419,-0.547501
1.868167,1.224788,-0.531131
1.868167,1.218357,-0.537854
1.867583,1.225373,-0.538439
1.870798,1.226834,-0.540485
1.871967,1.223911,-0.540631
1.86729,1.223911,-0.535077
1.863198,1.225373,-0.540778
1.867583,1.216311,-0.542093
1.864952,1.22245,-0.536247
1.864367,1.23005,-0.529085
1.865536,1.220403,-0.526308
1.869044,1.226542,-0.536977
1.869336,1.223619,-0.531424
1.86349,1.220403,-0.538731
1.867875,1.223619,-0.537416
1.862906,1.223327,-0.542531
1.873137,1.22128,-0.542093
1.866998,1.223619,-0.531716
1.868752,1.23005,-0.542824
1.868459,1.223619,-0.542239
1.869044,1.225665,-0.539316
1.873429,1.225957,-0.529377
1.870213,1.223619,-0.536247
1.864952,1.224788,-0.5266
1.869044,1.231804,-0.536977
1.864367,1.225665,-0.532885
1.872844,1.222157,-0.534201
1.868167,1.221865,-0.538001
1.87226,1.230927,-0.536831
1.865536,1.224496,-0.537562
1.868459,1.223034,-0.528208
1.864075,1.228296,-0.529816
1.866413,1.222157,-0.543847
1.866998,1.226834,-0.540924
1.865536,1.224788,-0.538001
1.867583,1.222742,-0.538001
1.866121,1.22888,-0.542385
1.833967,1.231511,-0.528354
1.869044,1.228588,-0.534347
1.870213,1.23385,-0.544578
1.870798,1.232096,-0.537416
1.864075,1.228296,-0.531716
1.865244,1.222742,-0.538293
1.873137,1.226542,-0.536831
1.865244,1.232096,-0.5266
1.866413,1.228296,-0.522947
1.865829,1.230342,-0.530254
1.875767,1.225373,-0.533616
1.87226,1.224496,-0.540631
1.873429,1.224496,-0.531716
1.864659,1.229173,-0.538731
1.870798,1.23005,-0.540339
1.868167,1.225957,-0.537854
1.866998,1.22245,-0.524993
1.874306,1.229173,-0.527331
1.87109,1.223034,-0.533031
1.87109,1.232973,-0.5266
1.865536,1.225957,-0.529085
1.871383,1.230342,-0.527331
1.867583,1.234142,-0.536831
1.867875,1.227127,-0.532739
1.870213,1.225373,-0.524408
1.873137,1.231511,-0.522947
1.869629,1.228588,-0.534054
1.862029,1.226834,-0.534054
1.864367,1.232681,-0.525139
1.867875,1.233557,-0.53347
1.865536,1.228588,-0.521193
1.874013,1.228004,-0.522947
1.871967,1.230634,-0.527039
1.870213,1.225957,-0.521631
1.864659,1.229173,-0.521193
1.866121,1.225373,-0.515785
1.871383,1.229757,-0.528793
1.87109,1.227711,-0.532154
1.867875,1.230927,-0.534201
1.866706,1.229465,-0.5285
1.864952,1.236481,-0.525139
1.871383,1.225373,-0.534347
1.866121,1.22625,-0.528793
1.869044,1.230634,-0.513885
1.867875,1.22245,-0.530839
1.875475,1.220988,-0.531131
1.864952,1.230342,-0.527331
1.864659,1.222742,-0.529962
1.870506,1.221865,-0.52587
1.863783,1.222157,-0.525431
1.872552,1.226542,-0.522216
1.869629,1.22245,-0.521923
1.876644,1.230927,-0.540193
1.869044,1.22508,-0.518562
1.869336,1.22128,-0.516369
1.869921,1.219234,-0.523677
1.869629,1.223911,-0.533908
1.877229,1.227127,-0.530108
1.88366,1.21865,-0.522362
1.87226,1.224788,-0.522508
1.874306,1.224203,-0.534785
1.874306,1.224496,-0.533762
1.87986,1.223911,-0.534493
1.871383,1.22625,-0.52207
1.872552,1.228004,-0.529231
1.868752,1.219234,-0.526308
1.882198,1.222742,-0.535224
1.875475,1.225665,-0.525723
1.87606,1.220111,-0.530693
1.868752,1.223034,-0.535954
1.864075,1.225665,-0.526454
1.869921,1.227127,-0.529524
1.871675,1.226542,-0.534639
1.864659,1.227419,-0.5304
1.873721,1.223619,-0.527623
1.87109,1.222742,-0.534931
1.869044,1.224496,-0.524847
1.87226,1.227419,-0.510816
1.866706,1.228588,-0.532739
1.870213,1.220988,-0.524847
1.871675,1.220403,-0.536539
1.870798,1.223034,-0.525723
1.869629,1.227419,-0.528647
1.876644,1.228004,-0.534201
1.876644,1.229465,-0.528354
1.876937,1.226834,-0.531424
1.875767,1.220988,-0.528793
1.870506,1.22888,-0.534347
1.875767,1.221573,-0.537854
1.871675,1.227127,-0.535808
1.880444,1.220988,-0.534201
1.873137,1.219234,-0.534493
1.877229,1.225957,-0.532739
1.868752,1.219819,-0.533908
1.875475,1.220988,-0.531277
1.877813,1.221865,-0.529377
1.871967,1.22888,-0.534639
1.879275,1.234142,-0.524262
1.882198,1.229465,-0.537562
1.883952,1.228004,-0.5247
1.876352,1.229173,-0.521485
1.878398,1.22508,-0.530839
1.872844,1.221865,-0.53157
1.878398,1.229757,-0.524262
1.866998,1.224496,-0.531716
1.877521,1.221573,-0.533031
1.871967,1.227419,-0.539608
1.870506,1.220696,-0.530985
1.875183,1.217188,-0.531131
1.87986,1.223034,-0.537416
1.878106,1.21368,-0.515785
1.875475,1.227711,-0.525431
1.875183,1.224203,-0.532154
1.87489,1.223327,-0.532885
1.876352,1.230927,-0.528939
1.869629,1.232388,-0.527185
1.871967,1.227127,-0.531862
1.877229,1.225665,-0.529962
1.878398,1.229465,-0.524554
1.876644,1.223911,-0.529816
1.87226,1.224203,-0.533908
1.871967,1.222742,-0.537708
1.871967,1.229173,-0.523531
1.864367,1.22128,-0.532885
1.877229,1.220696,-0.5266
1.87489,1.229173,-0.529085
1.876352,1.225373,-0.536101
1.871967,1.219526,-0.531716
1.876352,1.225665,-0.530254
1.885414,1.226834,-0.537124
1.878106,1.232388,-0.538585
1.878106,1.225957,-0.533324
1.877813,1.220403,-0.53157
1.869629,1.22128,-0.539608
1.877229,1.22245,-0.537854
1.874306,1.22245,-0.537708
1.876352,1.223911,-0.535954
1.881614,1.226542,-0.533616
1.871383,1.223034,-0.543993
1.87606,1.225373,-0.536831
1.874306,1.228004,-0.531277
1.878398,1.229465,-0.533324
1.87226,1.225957,-0.536831
1.873721,1.223034,-0.547062
1.875475,1.233265,-0.524554
1.869629,1.224788,-0.532447
1.882198,1.224788,-0.533177
1.87869,1.228588,-0.529962
1.883075,1.229757,-0.519585
1.874013,1.228588,-0.541362
1.870798,1.227711,-0.535662
1.874306,1.22508,-0.539024
1.871967,1.229173,-0.529524
1.867875,1.23005,-0.529377
1.878106,1.224788,-0.529962
1.871383,1.230927,-0.525431
1.873429,1.224203,-0.53537
1.873137,1.22128,-0.53917
1.874306,1.223619,-0.533031
1.881029,1.220111,-0.534347
1.875475,1.22508,-0.531131
1.875767,1.226834,-0.53157
1.876352,1.225957,-0.532885
1.868752,1.224496,-0.532008
1.870506,1.220696,-0.53157
1.876644,1.226542,-0.540193
1.883075,1.223619,-0.529085
1.87109,1.22888,-0.52967
1.872552,1.231219,-0.529231
1.880444,1.224203,-0.527477
1.87226,1.223034,-0.522362
1.874598,1.22128,-0.534054
1.875183,1.221573,-0.532739
1.869629,1.223619,-0.522654
1.874013,1.226542,-0.527916
1.86729,1.223619,-0.525139
1.871383,1.219819,-0.52777
1.867583,1.223034,-0.529962
1.869336,1.223034,-0.525577
1.834844,1.228004,-0.528939
1.869629,1.219526,-0.537854
1.864659,1.22128,-0.529962
1.871675,1.224788,-0.521631
1.869921,1.22888,-0.523677
1.874013,1.229757,-0.527916
1.875183,1.230927,-0.52967
1.869921,1.223327,-0.531716
1.868752,1.224788,-0.534785
1.866121,1.228588,-0.533324
1.876352,1.231219,-0.523093
1.872552,1.227711,-0.518416
1.865244,1.228296,-0.524993
1.870506,1.22625,-0.520316
1.872552,1.232973,-0.526308
1.871383,1.224203,-0.53727
1.877813,1.227127,-0.528647
1.876352,1.229757,-0.535224
1.873137,1.228004,-0.529377
1.873429,1.230342,-0.535954
1.873429,1.231219,-0.542093
1.877521,1.23385,-0.528939
1.87226,1.223911,-0.532739
1.871967,1.224496,-0.52397
1.875183,1.233265,-0.523385
1.87489,1.223911,-0.530985
1.875475,1.232096,-0.529377
1.874013,1.234434,-0.526162
1.873721,1.230342,-0.523239
1.871383,1.229465,-0.519585
1.870798,1.225957,-0.53537
1.874013,1.22888,-0.535224
1.871967,1.221865,-0.536539
1.87986,1.223911,-0.52397
1.878983,1.228588,-0.524408
1.875767,1.230342,-0.530693
1.86729,1.225665,-0.543993
1.869921,1.229173,-0.540339
1.862029,1.230342,-0.528939
1.864952,1.228004,-0.532154
1.86729,1.228004,-0.529962
1.875767,1.22888,-0.539901
1.869336,1.229173,-0.538001
1.868752,1.232681,-0.528793
1.877521,1.234142,-0.532008
1.872552,1.230927,-0.536685
1.866998,1.255481,-0.540339
1.851798,1.283835,-0.536685
1.832505,1.335282,-0.577317
1.814089,1.382052,-0.585501
1.791874,1.432622,-0.618094
1.771412,1.441099,-0.637679
1.765858,1.450453,-0.650102
1.767027,1.460392,-0.65171
1.757381,1.480561,-0.672318
1.745104,1.490208,-0.692634
1.732827,1.496346,-0.703449
1.736042,1.506869,-0.708711
1.72815,1.51827,-0.721134
1.729027,1.513885,-0.718942
1.720257,1.517977,-0.728734
1.720257,1.515639,-0.746711
1.718211,1.510962,-0.753435
1.725811,1.505116,-0.760742
1.717626,1.512131,-0.76425
1.722011,1.509792,-0.761473
1.72055,1.510377,-0.774335
1.714119,1.505408,-0.770681
1.711488,1.499269,-0.771266
1.715288,1.495469,-0.776673
1.716457,1.500146,-0.778866
1.716457,1.497223,-0.774189
1.719673,1.4867,-0.772289
1.717919,1.483192,-0.77755
1.721426,1.4867,-0.790704
1.721719,1.484654,-0.786027
1.721719,1.483777,-0.789389
1.725811,1.479392,-0.788658
1.735165,1.479392,-0.791143
1.724934,1.467407,-0.782958
1.727273,1.476469,-0.794943
1.724057,1.465069,-0.786612
1.730488,1.471792,-0.782812
1.727273,1.460684,-0.796551
1.730196,1.4677,-0.790558
1.732242,1.458053,-0.795528
1.724057,1.458053,-0.788951
1.734288,1.453961,-0.791581
1.72698,1.463022,-0.785881
1.727857,1.462146,-0.791435
1.732827,1.456007,-0.792166
1.726103,1.453668,-0.784127
1.731073,1.45133,-0.78632
1.734873,1.449868,-0.786758
1.736042,1.448407,-0.785735
1.734581,1.446361,-0.794943
1.724642,1.448407,-0.798012
1.736042,1.452207,-0.779158
1.738088,1.443438,-0.796697
1.734288,1.443438,-0.793335
1.738381,1.450745,-0.787051
1.729611,1.445776,-0.787197
1.734873,1.448992,-0.790851
1.735165,1.447238,-0.789389
1.737504,1.445484,-0.789681
1.732534,1.438761,-0.794651
1.732827,1.446068,-0.796405
1.725811,1.437591,-0.794505
1.736334,1.434376,-0.795089
1.732242,1.438761,-0.787489
1.733704,1.437884,-0.792897
1.73575,1.441391,-0.796258
1.73575,1.440807,-0.801082
1.73078,1.439053,-0.786758
1.73078,1.438468,-0.787489
1.733119,1.437007,-0.794066
1.731657,1.435838,-0.791435
1.735457,1.44373,-0.785151
1.73955,1.439053,-0.789535
1.740719,1.439638,-0.790997
1.732242,1.430284,-0.780181
1.734873,1.441976,-0.792751
1.734873,1.440807,-0.796258
1.729027,1.437299,-0.794358
1.733411,1.442561,-0.789974
1.735165,1.436422,-0.785735
1.736334,1.436422,-0.787635
1.733704,1.436714,-0.788366
1.733704,1.433791,-0.793774
1.735457,1.438761,-0.794651
1.737211,1.442561,-0.795966
1.733411,1.439638,-0.795089
1.727857,1.441099,-0.793628
1.736919,1.442561,-0.782958
1.733996,1.438176,-0.792605
1.738673,1.445192,-0.796551
1.740427,1.434668,-0.787781
1.735457,1.437299,-0.790997
1.736627,1.438176,-0.790704
1.732827,1.440807,-0.794651
1.737211,1.438468,-0.787197
1.738965,1.438468,-0.795381
1.741011,1.440807,-0.79202
1.736627,1.440807,-0.782227
1.741596,1.43993,-0.783397
1.738965,1.438468,-0.793043
1.740719,1.43993,-0.792751
1.736627,1.438761,-0.79582
1.735165,1.434084,-0.789681
1.735457,1.440807,-0.786612
1.736334,1.431745,-0.796843
1.737796,1.431453,-0.79392
1.733411,1.435838,-0.794797
1.734288,1.425899,-0.790997
1.731073,1.434084,-0.79202
1.743058,1.440807,-0.796405
1.735457,1.436422,-0.798305
1.732827,1.430868,-0.794066
1.734288,1.441099,-0.787051
1.74335,1.433499,-0.79012
1.732827,1.437299,-0.794358
1.732827,1.428822,-0.798158
1.737796,1.429407,-0.79962
1.73195,1.429991,-0.801959
1.736919,1.441099,-0.783689
1.738965,1.439638,-0.794651
1.738088,1.434084,-0.792458
1.733411,1.433207,-0.787051
1.734581,1.446945,-0.79772
1.736334,1.439638,-0.788366
1.737504,1.440807,-0.79012
1.736919,1.438176,-0.800351
1.742473,1.441976,-0.774773
1.737504,1.444314,-0.785589
1.741888,1.438176,-0.785443
1.73575,1.428822,-0.787781
1.736919,1.438761,-0.783689
1.731365,1.436714,-0.781789
1.733996,1.43613,-0.788074
1.737504,1.439638,-0.784858
1.733411,1.439345,-0.794212
1.734288,1.436714,-0.772581
1.741596,1.433791,-0.780327
1.738381,1.42853,-0.791435
1.740134,1.43116,-0.79012
1.736334,1.435838,-0.791874
1.74715,1.429407,-0.786612
1.740134,1.440807,-0.779743
1.738381,1.432622,-0.791874
1.736042,1.434668,-0.788951
1.738381,1.431453,-0.78062
1.746858,1.432914,-0.788366
1.73955,1.433207,-0.787635
1.741304,1.444607,-0.798158
1.739842,1.438761,-0.799766
1.746565,1.438761,-0.782666
1.734581,1.435545,-0.786612
1.736042,1.435253,-0.785735
1.736627,1.434084,-0.790997
1.735457,1.436714,-0.790851
1.735457,1.432622,-0.785151
1.732242,1.432914,-0.797574
1.734581,1.432037,-0.789681
1.729904,1.434376,-0.787635
1.733704,1.434084,-0.794797
1.733996,1.435545,-0.794505
1.742181,1.438761,-0.793774
1.742765,1.434376,-0.792897
1.733411,1.429991,-0.793628
1.738673,1.43233,-0.784566
1.741304,1.431745,-0.793043
1.731657,1.439345,-0.797866
1.738088,1.441391,-0.787197
1.733704,1.435838,-0.79962
1.73195,1.43613,-0.777989
1.736334,1.438468,-0.789389
1.741596,1.429407,-0.800643
1.731365,1.446361,-0.789535
1.737796,1.437884,-0.756942
1.736627,1.439053,-0.79772
1.739258,1.438761,-0.798889
1.733704,1.445192,-0.791581
1.738088,1.44373,-0.787635
1.740134,1.443145,-0.779597
1.736919,1.442853,-0.789974
1.732242,1.439638,-0.783397
1.73955,1.437591,-0.792312
1.733411,1.439053,-0.796112
1.741304,1.441684,-0.785443
1.733704,1.438176,-0.782812
1.733119,1.439638,-0.774043
1.738088,1.438761,-0.794943
1.731073,1.440514,-0.78822
1.736627,1.444607,-0.776966
1.738965,1.439345,-0.778574
1.736627,1.441976,-0.778866
1.741596,1.447238,-0.784274
1.744811,1.44753,-0.78135
1.741596,1.444022,-0.780766
1.746565,1.441684,-0.777697
1.736042,1.435838,-0.787343
1.736042,1.441391,-0.788658
1.734581,1.431453,-0.789097
1.732242,1.441976,-0.785589
1.735457,1.440514,-0.788658
1.729319,1.442561,-0.784858
1.736334,1.441684,-0.796405
1.731073,1.435838,-0.790997
1.731365,1.436422,-0.796258
1.731657,1.44373,-0.789389
1.737796,1.446653,-0.801082
1.731657,1.444314,-0.789974
1.734581,1.435253,-0.787781
1.737211,1.441976,-0.789828
1.736042,1.441391,-0.781789
1.733411,1.438468,-0.783835
1.738965,1.438468,-0.788658
1.741011,1.446068,-0.787781
1.736334,1.445192,-0.782958
1.738673,1.440807,-0.798451
1.732242,1.443438,-0.788951
1.742181,1.44373,-0.806343
1.747442,1.450161,-0.80342
1.73575,1.439638,-0.785881
1.740427,1.441391,-0.785004
1.740427,1.440807,-0.783981
1.746273,1.44373,-0.786174
1.739842,1.439053,-0.782812
1.73955,1.436714,-0.794212
1.735457,1.439345,-0.787928
1.740719,1.435838,-0.792166
1.733996,1.43496,-0.785881
1.741304,1.431745,-0.783397
1.740427,1.441976,-0.783835
1.737796,1.439053,-0.794651
1.738673,1.432914,-0.793189
1.736627,1.434668,-0.794212
1.738965,1.438761,-0.783251
1.741011,1.441976,-0.787928
1.741011,1.439638,-0.780912
1.740719,1.439638,-0.783689
1.736627,1.443438,-0.796551
1.746565,1.440222,-0.79392
1.738088,1.440807,-0.799035
1.741011,1.441976,-0.791874
1.742473,1.441391,-0.803274
1.741011,1.442853,-0.785881
1.740134,1.445192,-0.790851
1.739842,1.440222,-0.795235
1.740719,1.437591,-0.787343
1.734288,1.434668,-0.790851
1.740719,1.441099,-0.789828
1.738673,1.445776,-0.789974
1.73955,1.446068,-0.795089
1.738965,1.441976,-0.794066
1.738965,1.441684,-0.793774
1.738381,1.432914,-0.783835
1.741596,1.442268,-0.793335
1.741596,1.43993,-0.786174
1.736919,1.440514,-0.787781
1.738673,1.437007,-0.777404
1.742473,1.43116,-0.789097
1.738088,1.441099,-0.781204
1.745688,1.440514,-0.796843
1.742181,1.439345,-0.785151
1.740719,1.444022,-0.778574
1.739842,1.440807,-0.780181
1.73575,1.441391,-0.779889
1.738088,1.44373,-0.795089
1.740427,1.441099,-0.798743
1.737211,1.442268,-0.789974
1.738088,1.445484,-0.798743
1.745104,1.432037,-0.787343
1.742765,1.44373,-0.793628
1.734873,1.435838,-0.788951
1.738088,1.444022,-0.785443
1.741888,1.434376,-0.789389
1.733119,1.443145,-0.786174
1.738088,1.438176,-0.778866
1.741304,1.438761,-0.789097
1.73955,1.435253,-0.797574
1.746273,1.433499,-0.793043
1.739842,1.438176,-0.792751
1.732827,1.441391,-0.797282
1.744519,1.444022,-0.793189
1.73955,1.441684,-0.787781
1.737796,1.447822,-0.791728
1.745688,1.442268,-0.790412
1.736334,1.427945,-0.786174
1.738965,1.437591,-0.790704
1.732827,1.438176,-0.790558
1.736627,1.43613,-0.786027
1.740719,1.439638,-0.786027
1.743935,1.432037,-0.784274
1.73955,1.437591,-0.781789
1.735457,1.434084,-0.788512
1.73575,1.432914,-0.788951
1.741011,1.435838,-0.790997
1.732827,1.437591,-0.783251
1.733996,1.435838,-0.783397
1.733996,1.435253,-0.794066
1.733996,1.437007,-0.785589
1.740427,1.429114,-0.78442
1.742765,1.43116,-0.782666
1.737504,1.438761,-0.78252
1.737504,1.437591,-0.785004
1.736627,1.443145,-0.784127
1.729611,1.433791,-0.794212
1.743642,1.427945,-0.790851
1.743642,1.43613,-0.795966
1.741011,1.439345,-0.782958
1.740134,1.429991,-0.779743
1.743642,1.434376,-0.793189
1.738088,1.439345,-0.796843
1.739258,1.441976,-0.788366
1.741888,1.437884,-0.781643
1.743058,1.441099,-0.79772
1.737211,1.442268,-0.800058
1.736334,1.430868,-0.786174
1.740427,1.439345,-0.788804
1.73575,1.433499,-0.793481
1.743058,1.432622,-0.798889
1.732242,1.434668,-0.789389
1.736919,1.434376,-0.790558
1.736334,1.435545,-0.784274
1.73955,1.438761,-0.789535
1.731657,1.429991,-0.796697
1.734288,1.431745,-0.791581
1.740427,1.440807,-0.787489
1.738088,1.430576,-0.787781
1.743935,1.435838,-0.789243
1.738965,1.443145,-0.793774
1.738381,1.43116,-0.792312
1.738673,1.442268,-0.791728
1.744227,1.444314,-0.787489
1.73575,1.433791,-0.79202
1.745688,1.435253,-0.790266
1.741596,1.433207,-0.790412
1.737504,1.437884,-0.784127
1.736334,1.440514,-0.793481
1.737211,1.43233,-0.784566
1.739842,1.439345,-0.784858
1.743642,1.436714,-0.793628
1.735457,1.443438,-0.794358
1.735457,1.43613,-0.788366
1.734873,1.436422,-0.790412
1.735457,1.439345,-0.787051
1.742765,1.445484,-0.787489
1.740134,1.443438,-0.798451
1.739258,1.440807,-0.798012
1.739258,1.441391,-0.790266
1.742181,1.439053,-0.781935
1.742181,1.442561,-0.788804
1.734288,1.440807,-0.789243
1.738965,1.442268,-0.789974
1.737504,1.436714,-0.783397
1.742181,1.442853,-0.792458
1.740719,1.437591,-0.786466
1.733704,1.442561,-0.791143
1.736919,1.435838,-0.799035
1.737796,1.442561,-0.790266
1.738381,1.441099,-0.786174
1.739258,1.436714,-0.792751
1.736919,1.441976,-0.791143
1.733996,1.443145,-0.795528
1.736627,1.440222,-0.787197
1.738088,1.444607,-0.790558
1.735165,1.437591,-0.799182
1.738088,1.43993,-0.789389
1.738088,1.436422,-0.795674
1.736627,1.431745,-0.79392
1.740719,1.440514,-0.780035
1.736627,1.438176,-0.799766
1.739258,1.443145,-0.785151
1.738965,1.444022,-0.793774
1.732827,1.440514,-0.787635
1.742765,1.441099,-0.787197
1.737796,1.438176,-0.79582
1.740427,1.437299,-0.791581
1.730196,1.440222,-0.783104
1.735457,1.433791,-0.783981
1.738381,1.432914,-0.786027
1.731657,1.430868,-0.790997
1.726688,1.435838,-0.788658
1.729904,1.429407,-0.789389
1.737504,1.432037,-0.785589
1.733119,1.436422,-0.794358
1.736627,1.432914,-0.791874
1.739842,1.427945,-0.785151
1.741011,1.432037,-0.792605
1.733411,1.439345,-0.795235
1.738673,1.433207,-0.793189
1.736334,1.437591,-0.793481
1.738673,1.440514,-0.791728
1.734581,1.435838,-0.791874
1.737504,1.430868,-0.798597
1.733119,1.435545,-0.791874
1.743642,1.439345,-0.789389
1.735165,1.433207,-0.791874
1.738381,1.443438,-0.799912
1.734873,1.433499,-0.792751
1.735165,1.435253,-0.792166
1.735165,1.434668,-0.798451
1.732242,1.438468,-0.792897
1.730488,1.43613,-0.799035
1.745688,1.436422,-0.806489
1.736919,1.434376,-0.790266
1.739842,1.443438,-0.787928
1.737504,1.440222,-0.78822
1.74335,1.433499,-0.794358
1.733119,1.433207,-0.790558
1.739258,1.427653,-0.788512
1.732242,1.439345,-0.789389
1.734581,1.436714,-0.797574
1.738088,1.441684,-0.783397
1.735457,1.439345,-0.794943
1.727273,1.437591,-0.792605
1.736627,1.435545,-0.793628
1.732827,1.428237,-0.794358
1.732534,1.435545,-0.794358
1.734581,1.433207,-0.785151
1.733411,1.440514,-0.795235
1.729904,1.438176,-0.793043
1.739258,1.43613,-0.796843
1.736042,1.438468,-0.79392
1.731365,1.437299,-0.792751
1.731365,1.43233,-0.796551
1.729904,1.42853,-0.788804
1.739842,1.43993,-0.792897
1.73575,1.43116,-0.799474
1.737211,1.43613,-0.803712
1.727273,1.432914,-0.797428
1.742181,1.437007,-0.797866
1.742181,1.441391,-0.788366
1.73955,1.432622,-0.791435
1.737211,1.437007,-0.791435
1.736627,1.43496,-0.797574
1.733411,1.431745,-0.797428
1.735165,1.434376,-0.791728
1.746858,1.441684,-0.789243
1.745396,1.434084,-0.798012
1.742765,1.426776,-0.801228
1.736919,1.435253,-0.783251
1.738381,1.43613,-0.786466
1.744811,1.432622,-0.789389
1.740719,1.439345,-0.792166
1.735165,1.437007,-0.798158
1.731073,1.437591,-0.783251
1.731657,1.438468,-0.794505
1.741596,1.425899,-0.800789
1.733411,1.435253,-0.79202
1.744811,1.43496,-0.791289
1.735165,1.437299,-0.817013
1.738965,1.437007,-0.79392
1.744227,1.442853,-0.797282
1.735457,1.436714,-0.793189
1.744227,1.444022,-0.799474
1.740427,1.433791,-0.781789
1.742181,1.436714,-0.800351
1.744519,1.446945,-0.802835
1.745688,1.437884,-0.798012
1.742473,1.432037,-0.78822
1.732242,1.433499,-0.787489
1.736627,1.439345,-0.78632
1.73195,1.426776,-0.789681
1.734873,1.437591,-0.784858
1.736042,1.432622,-0.785881
1.742181,1.432914,-0.793628
1.73575,1.440807,-0.791143
1.740719,1.43496,-0.80152
1.740427,1.43233,-0.796551
1.741304,1.433207,-0.794212
1.735165,1.434668,-0.793481
1.734581,1.435545,-0.786466
1.741304,1.436422,-0.786904
1.736334,1.440807,-0.783835
1.739258,1.442268,-0.787635
1.734581,1.440514,-0.783104
1.739842,1.43613,-0.791581
1.745981,1.43993,-0.792458
1.742765,1.438761,-0.798451
1.747442,1.431453,-0.78632
1.736919,1.441391,-0.780035
1.745396,1.430576,-0.787197
1.742181,1.43613,-0.789389
1.735457,1.43496,-0.791435
1.738381,1.439053,-0.799766
1.742473,1.436714,-0.794358
1.737504,1.439638,-0.788366
1.739842,1.435545,-0.781643
1.743642,1.435545,-0.796112
1.730488,1.434668,-0.795674
1.739258,1.437007,-0.777843
1.740719,1.435545,-0.783835
1.731073,1.435838,-0.786466
1.734288,1.430284,-0.786904
1.740719,1.430868,-0.796843
1.749781,1.432622,-0.787197
1.738381,1.435253,-0.822859
1.751242,1.442561,-0.77872
1.74335,1.441684,-0.788512
1.739842,1.435545,-0.796112
1.747442,1.426484,-0.789389
1.743642,1.44373,-0.788804
1.743058,1.434376,-0.791581
1.740719,1.437007,-0.796989
1.741596,1.443438,-0.785589
1.741596,1.434084,-0.782081
1.732534,1.439345,-0.792312
1.741596,1.431453,-0.783543
1.741011,1.435838,-0.786904
1.736919,1.437299,-0.787635
1.741011,1.445484,-0.78252
1.745396,1.433791,-0.782812
1.736334,1.437884,-0.77945
1.73195,1.433791,-0.779743
1.736334,1.43993,-0.785735
1.739258,1.436422,-0.791728
1.732242,1.446361,-0.791143
1.733411,1.435253,-0.787635
1.739258,1.441391,-0.789828
1.735165,1.441099,-0.794212
1.74335,1.438176,-0.789535
1.74335,1.439638,-0.785881
1.729027,1.43116,-0.796258
1.740719,1.442853,-0.79582
1.73195,1.443145,-0.782666
1.738088,1.439345,-0.791435
1.738673,1.438176,-0.794797
1.740427,1.444314,-0.783397
1.736919,1.44753,-0.791581
1.737504,1.437591,-0.792458
1.733996,1.447822,-0.804882
1.717626,1.4829,-0.786027
1.715288,1.460099,-0.782812
1.71938,1.513885,-0.775943
1.714411,1.510377,-0.751096
1.684303,1.512716,-0.746858
1.72318,1.523531,-0.751242
1.720257,1.5171,-0.741596
1.725227,1.5209,-0.742034
1.722888,1.510085,-0.72435
1.735165,1.51447,-0.719234
1.732827,1.519146,-0.710465
1.738673,1.508623,-0.707103
1.735457,1.507454,-0.693657
1.745981,1.504238,-0.694534
1.746273,1.498685,-0.686203
1.748612,1.489038,-0.685326
1.750073,1.484946,-0.673341
1.756504,1.482607,-0.675533
1.748904,1.485238,-0.668664
1.755042,1.476761,-0.658726
1.754165,1.473253,-0.659164
1.763227,1.470915,-0.658579
1.755042,1.468576,-0.653464
1.76235,1.465946,-0.649518
1.756504,1.460976,-0.644841
1.761766,1.459222,-0.644841
1.769658,1.457469,-0.641041
1.763519,1.451038,-0.63841
1.77375,1.44753,-0.634317
1.769658,1.44373,-0.635633
1.77375,1.449284,-0.634171
1.77492,1.444899,-0.617948
1.778427,1.451038,-0.631687
1.774627,1.445776,-0.628763
1.776673,1.446361,-0.621017
1.77375,1.444899,-0.631102
1.779889,1.44373,-0.629494
1.783104,1.446068,-0.620286
1.780766,1.435545,-0.617071
1.78135,1.436714,-0.628471
1.783981,1.429407,-0.618386
1.784566,1.437884,-0.618386
1.782227,1.433499,-0.613709
1.782812,1.430576,-0.620433
1.781058,1.42356,-0.622625
1.783689,1.432622,-0.616779
1.786027,1.431745,-0.622479
1.784566,1.426484,-0.611663
1.785735,1.425606,-0.607279
1.778427,1.42736,-0.622625
1.792458,1.423268,-0.615171
1.792458,1.426484,-0.617509
1.789535,1.421806,-0.607571
1.789535,1.423268,-0.609179
1.788951,1.42093,-0.613125
1.788658,1.425022,-0.610932
1.782812,1.419468,-0.613709
1.791289,1.430868,-0.612979
1.790412,1.42473,-0.62014
1.794212,1.42473,-0.617948
1.784274,1.417714,-0.619117
1.793628,1.425022,-0.619848
1.790704,1.41976,-0.612394
1.789828,1.420345,-0.60494
1.790704,1.422391,-0.60684
1.793628,1.422683,-0.612686
1.789535,1.430284,-0.61254
1.79012,1.41596,-0.601578
1.793043,1.413037,-0.60304
1.792166,1.419176,-0.600994
1.788951,1.42093,-0.600848
1.784274,1.413037,-0.611956
1.789243,1.420053,-0.601871
1.788951,1.423853,-0.609179
1.796551,1.417422,-0.608009
1.789535,1.418299,-0.609032
1.790997,1.415668,-0.618386
1.789828,1.41216,-0.610786
1.785443,1.413329,-0.60684
1.792166,1.418591,-0.611517
1.789535,1.41713,-0.614148
1.792751,1.409822,-0.608886
1.790412,1.410406,-0.610932
1.779597,1.416545,-0.609179
1.787197,1.408945,-0.607425
1.787197,1.410406,-0.604209
1.790412,1.410699,-0.612832
1.786027,1.410991,-0.609325
1.790412,1.41216,-0.606109
1.788074,1.413329,-0.618971
1.791874,1.420345,-0.611225
1.780766,1.420637,-0.61941
1.782812,1.413914,-0.609179
1.781643,1.418006,-0.611663
1.795674,1.413037,-0.606694
1.79392,1.414791,-0.610786
1.788074,1.413329,-0.615171
1.781935,1.412745,-0.605086
1.790412,1.410406,-0.616633
1.788658,1.413037,-0.606255
1.79012,1.413622,-0.605963
1.789535,1.413037,-0.621456
1.784858,1.413037,-0.611225
1.786027,1.410991,-0.609763
1.791289,1.419468,-0.623356
1.781935,1.405437,-0.610056
1.779597,1.416545,-0.604502
1.788658,1.410114,-0.611663
1.789535,1.408652,-0.615756
1.788658,1.410991,-0.616194
1.792458,1.416545,-0.609179
1.784858,1.410991,-0.621163
1.783981,1.415376,-0.613856
1.787781,1.412452,-0.617217
1.787197,1.418299,-0.613417
1.788074,1.410991,-0.614733
1.789535,1.408068,-0.605963
1.794212,1.407776,-0.606986
1.790412,1.418006,-0.608448
1.793043,1.409822,-0.616633
1.784566,1.411283,-0.619994
1.788366,1.415083,-0.613271
1.78632,1.410699,-0.613709
1.790704,1.418299,-0.622333
1.790412,1.411576,-0.61444
1.790412,1.408945,-0.612686
1.78135,1.410406,-0.606986
1.784566,1.410114,-0.60874
1.781643,1.411868,-0.611225
1.780181,1.419468,-0.613563
1.783397,1.413037,-0.611663
1.795089,1.416837,-0.61824
1.790704,1.409822,-0.613563
1.788074,1.417422,-0.609909
1.788951,1.413914,-0.606986
1.78632,1.411868,-0.611517
1.776966,1.416253,-0.612102
1.794505,1.413622,-0.614879
1.784566,1.409237,-0.61824
1.79012,1.415376,-0.611663
1.789535,1.403975,-0.603478
1.788951,1.411868,-0.607425
1.788658,1.414791,-0.606694
1.784274,1.410991,-0.611079
1.784858,1.41216,-0.616633
1.789243,1.410991,-0.606694
1.824905,1.421806,-0.608155
1.78632,1.414791,-0.606402
1.786904,1.412745,-0.598801
1.788951,1.41713,-0.612832
1.79012,1.413622,-0.606694
1.788951,1.409822,-0.604502
1.784274,1.407776,-0.617802
1.783104,1.411868,-0.600702
1.787781,1.409237,-0.604794
1.785735,1.418299,-0.608448
1.789828,1.411576,-0.608886
1.792458,1.420345,-0.616925
1.793335,1.410114,-0.619263
1.790704,1.408945,-0.618825
1.791874,1.408652,-0.613125
1.792458,1.407483,-0.612102
1.793628,1.410699,-0.606109
1.78632,1.409529,-0.609179
1.792458,1.414499,-0.610786
1.786027,1.410406,-0.621602
1.786027,1.407776,-0.613271
1.786612,1.412745,-0.601286
1.782812,1.410114,-0.602163
1.793628,1.413914,-0.604355
1.791874,1.41216,-0.613709
1.788366,1.408652,-0.60684
1.793628,1.413914,-0.606109
1.780474,1.411868,-0.60684
1.790704,1.419176,-0.617071
1.788366,1.411868,-0.608886
1.78632,1.406899,-0.602309
1.794212,1.415668,-0.602602
1.79392,1.407483,-0.604209
1.788658,1.407191,-0.619702
1.794505,1.411283,-0.61444
1.779597,1.408068,-0.605379
1.788074,1.410991,-0.606109
1.788074,1.415376,-0.616925
1.794212,1.412745,-0.614733
1.782227,1.408652,-0.617071
1.792458,1.413329,-0.603478
1.791874,1.422976,-0.616486
1.788951,1.411868,-0.608594
1.784274,1.413914,-0.60684
1.788951,1.406606,-0.61064
1.795381,1.407483,-0.619556
1.795381,1.403683,-0.614294
1.785443,1.414791,-0.609909
1.789243,1.404268,-0.612248
1.788366,1.409529,-0.614733
1.788951,1.41216,-0.619556
1.79392,1.411868,-0.605086
1.795674,1.411576,-0.621017
1.795674,1.40456,-0.611956
1.796843,1.408945,-0.613417
1.795381,1.413329,-0.610348
1.788658,1.411868,-0.608448
1.800058,1.400468,-0.606694
1.794505,1.414791,-0.608448
1.789243,1.413914,-0.61634
1.791874,1.406022,-0.611956
1.784274,1.407776,-0.615171
1.794505,1.413329,-0.612832
1.789243,1.410991,-0.608302
1.791289,1.410699,-0.614148
1.788951,1.413622,-0.612394
1.791289,1.413329,-0.606255
1.794797,1.412745,-0.606402
1.779304,1.414499,-0.606255
1.785443,1.408945,-0.599825
1.788074,1.411283,-0.603917
1.785151,1.41596,-0.607132
1.784858,1.42093,-0.604355
1.788658,1.410406,-0.609763
1.793628,1.413037,-0.613271
1.787489,1.413037,-0.61064
1.789243,1.411576,-0.609909
1.791874,1.418591,-0.609617
1.793043,1.417422,-0.614733
1.786027,1.41216,-0.615025
1.786027,1.417714,-0.621748
1.780766,1.420053,-0.611663
1.791874,1.41713,-0.608155
1.786612,1.418006,-0.616779
1.794212,1.414206,-0.615025
1.787781,1.413914,-0.617948
1.792751,1.417714,-0.611663
1.787781,1.420345,-0.615756
1.786027,1.414791,-0.61444
1.798305,1.420053,-0.619263
1.780474,1.414206,-0.618679
1.783981,1.408945,-0.624963
1.78632,1.412745,-0.615902
1.785735,1.409237,-0.609179
1.784858,1.408945,-0.614148
1.784274,1.413914,-0.610932
1.781058,1.416837,-0.614294
1.785151,1.409529,-0.614294
1.783689,1.412452,-0.60494
1.790412,1.413914,-0.608302
1.788951,1.414206,-0.603332
1.786612,1.412452,-0.611079
1.783689,1.416253,-0.607132
1.783397,1.41216,-0.614148
1.785151,1.412745,-0.608302
1.794212,1.416837,-0.612102
1.78135,1.411868,-0.616194
1.789535,1.41976,-0.610202
1.781935,1.41216,-0.614148
1.792166,1.413329,-0.608302
1.789535,1.414499,-0.607279
1.786904,1.410991,-0.607279
1.788658,1.410699,-0.610494
1.783981,1.411283,-0.612394
1.793335,1.41216,-0.60114
1.786612,1.411283,-0.612102
1.785443,1.418883,-0.605232
1.786612,1.411283,-0.608594
1.790412,1.410406,-0.606109
1.783981,1.41713,-0.603332
1.778427,1.418883,-0.608155
1.790704,1.413037,-0.606986
1.787197,1.41216,-0.608886
1.787489,1.407191,-0.606255
1.786612,1.415083,-0.615171
1.794797,1.422683,-0.609032
1.789243,1.411868,-0.616486
1.78252,1.413037,-0.605086
1.79392,1.409529,-0.607717
1.794797,1.415668,-0.60874
1.794505,1.415083,-0.617071
1.791289,1.416837,-0.603186
1.793335,1.418591,-0.608448
1.787197,1.41713,-0.613563
1.789535,1.413037,-0.616486
1.79012,1.414206,-0.609032
1.790997,1.424145,-0.608302
1.783689,1.41713,-0.61444
1.789535,1.415083,-0.607132
1.789828,1.416253,-0.635194
1.796258,1.423268,-0.60494
1.781058,1.417422,-0.615756
1.787781,1.41713,-0.611809
1.788074,1.385267,-0.604502
1.79012,1.41713,-0.606694
1.783397,1.41976,-0.608009
1.79012,1.418006,-0.613417
1.788366,1.413914,-0.609617
1.788366,1.415376,-0.61064
1.789828,1.413329,-0.604063
1.786027,1.413329,-0.605525
1.787781,1.419176,-0.611079
1.785443,1.407776,-0.599825
1.792458,1.407776,-0.611663
1.79012,1.411576,-0.601725
1.787197,1.421514,-0.606255
1.791289,1.414499,-0.610202
1.79392,1.418299,-0.604502
1.787781,1.411576,-0.609471
1.787489,1.409237,-0.600409
1.794212,1.420345,-0.610202
1.798305,1.418299,-0.607863
1.788074,1.414206,-0.611809
1.792458,1.415083,-0.605963
1.790412,1.418591,-0.616048
1.800643,1.417714,-0.612832
1.793043,1.42356,-0.609032
1.789243,1.414206,-0.598509
1.790704,1.410406,-0.600117
1.783104,1.416545,-0.601578
1.788366,1.414499,-0.601432
1.788074,1.410406,-0.606694
1.784566,1.409237,-0.605671
1.786027,1.416837,-0.611956
1.790997,1.408068,-0.607863
1.786027,1.411868,-0.611079
1.792166,1.410406,-0.602455
1.793335,1.421514,-0.605232
1.788658,1.421222,-0.609471
1.794212,1.419468,-0.616194
1.791581,1.415083,-0.608448
1.788074,1.420637,-0.615025
1.790412,1.409529,-0.612248
1.798012,1.412745,-0.609325
1.792166,1.410406,-0.612686
1.790704,1.410699,-0.620579
1.790704,1.40836,-0.615902
1.789828,1.418006,-0.614879
1.792751,1.409529,-0.605817
1.788658,1.418006,-0.608155
1.784858,1.421806,-0.602748
1.788074,1.414791,-0.603186
1.791874,1.415376,-0.605379
1.788951,1.412745,-0.607863
1.784858,1.418591,-0.607717
1.785151,1.413037,-0.605671
1.787489,1.416253,-0.611663
1.782227,1.413329,-0.604209
1.786027,1.414791,-0.616048
1.783104,1.413622,-0.610786
1.785151,1.410114,-0.614879
1.789243,1.414791,-0.602748
1.786027,1.411283,-0.612686
1.782227,1.409822,-0.60494
1.794212,1.418299,-0.604209
1.795089,1.412452,-0.612248
1.787197,1.413914,-0.607132
1.79012,1.416837,-0.609763
1.786904,1.417422,-0.608302
1.787781,1.41713,-0.605379
1.787197,1.413329,-0.609325
1.789243,1.411868,-0.611079
1.798305,1.416545,-0.615756
1.786612,1.410406,-0.607717
1.788366,1.415083,-0.613709
1.788951,1.41713,-0.611663
1.798889,1.418883,-0.609909
1.790412,1.415083,-0.607425
1.784858,1.41596,-0.616779
1.785735,1.415083,-0.610202
1.785735,1.414499,-0.607425
1.796551,1.410699,-0.612979
1.785735,1.408652,-0.611371
1.79392,1.414499,-0.607279
1.791289,1.413622,-0.600117
1.790412,1.414206,-0.608302
1.788951,1.416837,-0.618386
1.791289,1.406022,-0.614879
1.79392,1.412745,-0.611371
1.791289,1.410991,-0.620286
1.789828,1.418591,-0.607717
1.79012,1.41713,-0.607425
1.795381,1.42093,-0.611517
1.793043,1.411868,-0.608594
1.796551,1.412745,-0.60304
1.790997,1.419176,-0.607717
1.787781,1.413037,-0.604063
1.799474,1.415083,-0.611079
1.793043,1.427945,-0.604648
1.791581,1.417422,-0.607571
1.790412,1.416545,-0.610056
1.788366,1.420637,-0.609032
1.791581,1.415083,-0.609471
1.79012,1.411283,-0.613271
1.794505,1.407776,-0.608594
1.797428,1.410406,-0.609179
1.790412,1.411283,-0.606402
1.793335,1.410406,-0.610932
1.788366,1.40836,-0.611663
1.80152,1.411576,-0.610348
1.794505,1.410406,-0.606694
1.792166,1.415376,-0.608448
1.788951,1.417422,-0.603917
1.788951,1.416545,-0.614586
1.791874,1.413914,-0.622625
1.789828,1.411576,-0.607571
1.793628,1.414499,-0.601286
1.786904,1.417422,-0.614148
1.790412,1.41216,-0.600994
1.794505,1.416837,-0.610056
1.787489,1.413037,-0.606986
1.791289,1.384683,-0.616048
1.795966,1.412452,-0.611371
1.788951,1.418006,-0.614733
1.792166,1.414791,-0.621602
1.793628,1.41216,-0.605671
1.797135,1.420053,-0.612832
1.789828,1.415668,-0.611517
1.786612,1.407483,-0.614879
1.784858,1.41216,-0.612102
1.791581,1.417422,-0.617948
1.792458,1.414791,-0.608448
1.788074,1.410991,-0.606109
1.788366,1.411868,-0.616486
1.796843,1.415376,-0.607863
1.795674,1.417422,-0.613271
1.796258,1.41713,-0.614879
1.79392,1.413329,-0.605086
1.792458,1.411868,-0.62511
1.795089,1.406606,-0.609032
1.786612,1.41216,-0.602602
1.789243,1.420053,-0.605232
1.791581,1.407776,-0.606548
1.794797,1.414791,-0.602017
1.800643,1.418883,-0.60874
1.795966,1.416253,-0.617217
1.797135,1.412452,-0.611956
1.793628,1.419176,-0.609617
1.790997,1.418591,-0.605379
1.788658,1.417714,-0.606694
1.792458,1.417714,-0.60874
1.791289,1.419176,-0.607279
1.792458,1.418006,-0.610494
1.783689,1.422391,-0.607571
1.791581,1.41596,-0.609471
1.794797,1.422099,-0.605817
1.786027,1.414791,-0.610932
1.786612,1.413622,-0.61634
1.795966,1.423853,-0.599094
1.787197,1.412745,-0.597486
1.791581,1.418006,-0.614148
1.790997,1.411868,-0.60304
1.795089,1.420637,-0.608594
1.791874,1.413622,-0.621602
1.786904,1.41713,-0.609325
1.792751,1.415668,-0.612102
1.798597,1.418299,-0.606694
1.790997,1.416837,-0.608009
1.795089,1.413914,-0.605671
1.795966,1.413914,-0.595586
1.783104,1.40836,-0.61254
1.798597,1.41216,-0.614294
1.796551,1.414499,-0.611079
1.794797,1.406022,-0.616048
1.793043,1.420637,-0.612832
1.793628,1.420053,-0.613417
1.789535,1.418299,-0.605525
1.792458,1.411868,-0.607279
1.795089,1.412745,-0.606402
1.796843,1.421806,-0.60304
1.799474,1.416837,-0.599386
1.791289,1.409822,-0.611371
1.795381,1.418299,-0.61444
1.79392,1.418883,-0.608886
1.790412,1.407191,-0.603771
1.793628,1.413329,-0.598655
1.79392,1.413622,-0.599094
1.800058,1.409237,-0.606109
1.795381,1.410699,-0.601871
1.789828,1.414206,-0.617656
1.789535,1.418591,-0.60874
1.789535,1.411868,-0.610056
1.790704,1.41596,-0.60304
1.79012,1.416253,-0.604209
1.792166,1.419176,-0.60304
1.790997,1.424145,-0.609471
1.79012,1.415376,-0.612248
1.787197,1.422976,-0.617948
1.793335,1.416253,-0.605232
1.791289,1.426191,-0.619848
1.791874,1.419176,-0.605817
1.789535,1.421222,-0.609471
1.791581,1.418299,-0.617802
1.790704,1.41976,-0.609032
1.788951,1.41596,-0.611809
1.785735,1.414791,-0.612979
1.795089,1.42093,-0.611517
1.792458,1.41976,-0.614294
1.791289,1.409529,-0.608302
1.793628,1.416253,-0.613125
1.793628,1.414206,-0.607279
1.78632,1.420345,-0.609179
1.789243,1.41713,-0.613563
1.783689,1.416545,-0.599971
1.791874,1.415083,-0.602309
1.788951,1.418006,-0.608302
1.797428,1.414791,-0.607863
1.791581,1.418591,-0.603332
1.792166,1.414499,-0.62584
1.792458,1.410699,-0.612394
1.793335,1.40836,-0.618386
1.789535,1.413914,-0.611225
1.793043,1.409237,-0.612102
1.793628,1.410699,-0.608448
1.795089,1.420345,-0.605817
1.793628,1.415376,-0.610202
1.789535,1.411283,-0.607425
1.788366,1.417422,-0.609617
1.793335,1.413329,-0.605379
1.790412,1.413914,-0.613417
1.793628,1.413914,-0.609617
1.785735,1.409822,-0.613563
1.776966,1.413622,-0.597194
1.787197,1.422976,-0.605525
1.791581,1.413622,-0.606548
1.790412,1.415376,-0.597778
1.785151,1.414791,-0.63344
1.793335,1.417422,-0.603478
1.791874,1.412452,-0.609032
1.793043,1.429114,-0.616194
1.771996,1.444899,-0.63651
1.758842,1.485823,-0.662379
1.740134,1.505116,-0.705934
1.718796,1.51827,-0.733996
1.719088,1.51827,-0.75095
1.722303,1.495177,-0.770243
1.731365,1.484361,-0.771704
1.730196,1.470623,-0.780327
1.726688,1.458638,-0.793043
1.738673,1.438176,-0.785297
1.749488,1.426776,-0.775504
1.75095,1.401637,-0.775066
1.757673,1.386144,-0.77302
1.762935,1.37679,-0.757527
1.762935,1.36159,-0.755481
1.770243,1.346975,-0.756942
1.775212,1.340251,-0.757966
1.787781,1.325928,-0.749927
1.787197,1.317451,-0.736773
1.782812,1.312189,-0.742181
1.789535,1.302543,-0.727857
1.798012,1.295528,-0.729027
1.796258,1.290266,-0.731365
1.806782,1.296697,-0.724203
1.800351,1.280912,-0.729173
1.802105,1.283543,-0.723327
1.808243,1.270681,-0.722888
1.803859,1.27302,-0.717919
1.812628,1.260742,-0.711342
1.812043,1.266881,-0.72318
1.807951,1.265712,-0.715142
1.812043,1.258696,-0.712219
1.815843,1.263081,-0.714996
1.818182,1.25665,-0.709149
1.82052,1.256065,-0.712657
1.81292,1.253435,-0.70038
1.822859,1.24905,-0.706519
1.825782,1.247588,-0.704911
1.820228,1.249635,-0.710903
1.819643,1.250804,-0.701111
1.818766,1.249635,-0.714996
1.819059,1.248173,-0.710611
1.817597,1.24905,-0.694388
1.827536,1.246711,-0.704619
1.826367,1.238819,-0.703595
1.823151,1.245542,-0.704034
1.82812,1.25285,-0.705788
1.824905,1.243788,-0.699649
1.822859,1.243204,-0.703742
1.826367,1.244958,-0.709588
1.82812,1.246419,-0.70038
1.823151,1.238819,-0.710319
1.823151,1.243204,-0.704619
1.82432,1.244373,-0.701988
1.817013,1.244081,-0.701549
1.818474,1.246711,-0.69848
1.819351,1.250512,-0.698041
1.819936,1.246711,-0.708711
1.826367,1.245835,-0.707103
1.817889,1.246419,-0.694826
1.827243,1.247588,-0.700088
1.82812,1.246127,-0.704911
1.818182,1.249342,-0.701403
1.818474,1.239404,-0.706811
1.819936,1.243496,-0.703595
1.826074,1.244373,-0.707542
1.831044,1.24905,-0.701111
1.820813,1.244665,-0.713826
1.825782,1.241742,-0.710026
1.821105,1.248173,-0.700672
1.822859,1.242911,-0.701111
1.826659,1.241158,-0.692195
1.819059,1.239404,-0.70608
1.830167,1.247004,-0.717334
1.826659,1.240573,-0.693072
1.826367,1.245542,-0.698041
1.822859,1.238819,-0.704911
1.821105,1.246419,-0.707249
1.827243,1.233557,-0.701403
1.821105,1.243204,-0.707688
1.823736,1.247881,-0.702426
1.82432,1.247296,-0.712803
1.831336,1.244081,-0.70608
1.823736,1.244373,-0.704472
1.82169,1.249342,-0.695411
1.819643,1.241158,-0.705495
1.822274,1.242034,-0.705934
1.827828,1.236773,-0.706665
1.825782,1.240281,-0.699357
1.820813,1.241742,-0.694972
1.82432,1.236773,-0.704765
1.819643,1.239111,-0.700526
1.828413,1.243788,-0.693657
1.826367,1.242327,-0.705349
1.825782,1.246419,-0.695995
1.825782,1.238527,-0.700672
1.817597,1.244081,-0.703011
1.817305,1.244665,-0.710611
1.814674,1.242911,-0.70228
1.824028,1.240573,-0.703303
1.822274,1.242327,-0.707834
1.823443,1.235604,-0.699065
1.815551,1.238819,-0.710172
1.823443,1.244373,-0.700818
1.821982,1.242327,-0.70418
1.822567,1.242619,-0.705788
1.821982,1.245542,-0.706957
1.828997,1.244081,-0.70038
1.826951,1.240281,-0.704326
1.826074,1.242619,-0.697457
1.826074,1.242327,-0.704326
1.826367,1.246127,-0.703742
1.82812,1.239988,-0.703742
1.822274,1.244081,-0.706519
1.82432,1.234434,-0.701988
1.822859,1.243788,-0.701988
1.825197,1.245542,-0.695849
1.823151,1.247588,-0.694826
1.829874,1.244081,-0.696872
1.819643,1.242911,-0.706519
1.821397,1.247004,-0.696141
1.821397,1.247881,-0.692195
1.825782,1.250512,-0.691172
1.824905,1.242619,-0.700672
1.817597,1.240865,-0.706665
1.825197,1.244373,-0.702572
1.824613,1.242619,-0.694388
1.82432,1.239696,-0.692488
1.82169,1.237942,-0.703157
1.823736,1.239988,-0.703157
1.821982,1.239988,-0.712803
1.82432,1.240573,-0.707542
1.826367,1.242911,-0.704034
1.823736,1.248465,-0.708419
1.824613,1.237357,-0.697749
1.828705,1.240573,-0.701257
1.831921,1.238527,-0.706372
1.823443,1.241742,-0.701695
1.831628,1.24905,-0.70608
1.831921,1.240865,-0.696434
1.819351,1.244958,-0.692634
1.82169,1.245542,-0.70418
1.834259,1.242911,-0.695995
1.827536,1.244373,-0.708565
1.823443,1.243204,-0.705642
1.831628,1.24145,-0.707249
1.822859,1.246419,-0.704472
1.826074,1.241742,-0.700818
1.82052,1.246419,-0.714265
1.828705,1.244958,-0.703157
1.820813,1.238819,-0.700672
1.823736,1.244958,-0.708857
1.824905,1.243788,-0.707834
1.817305,1.245542,-0.702718
1.820813,1.247004,-0.703449
1.822859,1.242034,-0.702426
1.830167,1.242619,-0.700818
1.826951,1.244373,-0.705349
1.827536,1.247296,-0.704619
1.826951,1.244373,-0.70228
1.824028,1.242327,-0.71558
1.823443,1.244081,-0.707249
1.823151,1.248758,-0.705349
1.826659,1.243788,-0.700526
1.822567,1.238527,-0.712365
1.827536,1.241742,-0.712511
1.82432,1.24525,-0.703595
1.829874,1.242034,-0.708857
1.826367,1.244665,-0.694241
1.826951,1.241742,-0.695118
1.837182,1.234434,-0.710757
1.824905,1.234142,-0.703595
1.829874,1.237942,-0.706519
1.826659,1.243496,-0.714265
1.829874,1.239988,-0.705203
1.826367,1.24525,-0.704765
1.826367,1.248173,-0.698041
1.824028,1.244958,-0.699211
1.831044,1.243788,-0.701842
1.822859,1.250512,-0.710611
1.830167,1.254604,-0.700088
1.827243,1.243496,-0.707688
1.827536,1.247004,-0.707249
1.82929,1.248465,-0.699503
1.828705,1.245542,-0.701988
1.82052,1.232388,-0.691318
1.821105,1.236188,-0.708857
1.822567,1.24145,-0.697603
1.828413,1.239696,-0.709734
1.824905,1.247296,-0.701695
1.826951,1.247004,-0.70418
1.827536,1.245542,-0.710026
1.832213,1.240865,-0.699942
1.827536,1.240281,-0.709149
1.820813,1.244665,-0.705349
1.823443,1.239988,-0.694826
1.825197,1.243496,-0.709003
1.826659,1.243496,-0.705495
1.831336,1.246127,-0.699795
1.818474,1.232388,-0.703449
1.82052,1.232973,-0.710319
1.824028,1.23765,-0.703303
1.824028,1.24145,-0.711488
1.823443,1.246127,-0.710465
1.817305,1.246711,-0.707395
1.833382,1.244373,-0.712949
1.823736,1.234142,-0.70798
1.820228,1.242619,-0.714119
1.832213,1.235604,-0.702865
1.826074,1.239404,-0.712365
1.821397,1.244373,-0.70418
1.819643,1.242327,-0.717188
1.818182,1.237942,-0.710611
1.821105,1.244081,-0.707688
1.828705,1.24525,-0.701695
1.82812,1.250512,-0.713534
1.826074,1.242619,-0.71558
1.829874,1.241158,-0.707103
1.822859,1.239404,-0.703303
1.824028,1.232973,-0.711196
1.827243,1.247004,-0.703888
1.830167,1.245835,-0.702134
1.825197,1.237942,-0.709734
1.822859,1.247296,-0.711634
1.836305,1.246711,-0.716311
1.828413,1.238527,-0.703449
1.819059,1.242327,-0.710465
1.820813,1.243788,-0.70608
1.826659,1.241158,-0.706957
1.82812,1.244081,-0.71938
1.827243,1.244373,-0.694972
1.830459,1.240865,-0.712365
1.823443,1.242619,-0.676264
1.821105,1.23765,-0.702426
1.824613,1.242619,-0.705495
1.829582,1.242619,-0.711634
1.82929,1.238234,-0.709296
1.82432,1.242911,-0.704619
1.824905,1.237065,-0.710757
1.818766,1.242327,-0.696726
1.832797,1.244665,-0.710757
1.838644,1.250512,-0.707688
1.82929,1.245542,-0.707395
1.825782,1.242034,-0.698918
1.827243,1.245835,-0.703157
1.830167,1.239988,-0.704472
1.832797,1.244081,-0.694388
1.828413,1.243496,-0.706519
1.818766,1.240865,-0.695557
1.832797,1.240865,-0.702865
1.83309,1.241742,-0.702718
1.823736,1.250512,-0.708272
1.832213,1.242034,-0.707542
1.823151,1.240281,-0.706519
1.825782,1.242619,-0.710903
1.831628,1.248465,-0.692049
1.831921,1.240865,-0.710319
1.826659,1.237065,-0.713388
1.820813,1.24145,-0.711342
1.829874,1.237357,-0.712657
1.831044,1.240573,-0.707103
1.833674,1.239404,-0.712949
1.832213,1.235019,-0.708419
1.831044,1.237065,-0.712803
1.82929,1.244373,-0.702718
1.825197,1.237357,-0.712803
1.821982,1.240865,-0.712657
1.821982,1.24145,-0.706372
1.821105,1.235019,-0.709588
1.823443,1.24145,-0.704034
1.821105,1.245542,-0.703157
1.826659,1.243496,-0.706226
1.832797,1.23765,-0.703011
1.82169,1.242327,-0.73575
1.824028,1.238234,-0.703595
1.82052,1.238234,-0.70418
1.824905,1.239111,-0.699503
1.832797,1.241158,-0.707103
1.823736,1.240281,-0.708857
1.82549,1.242911,-0.701549
1.827243,1.237357,-0.700672
1.832505,1.244081,-0.710611
1.82432,1.239404,-0.703011
1.826951,1.240573,-0.712657
1.825197,1.247296,-0.713242
1.826367,1.245542,-0.723327
1.833382,1.248465,-0.713973
1.821105,1.248465,-0.709149
1.822859,1.239404,-0.719819
1.824905,1.244958,-0.701988
1.819936,1.24905,-0.702426
1.830167,1.244373,-0.715288
1.82812,1.247588,-0.715434
1.82549,1.247296,-0.710903
1.827536,1.244958,-0.705203
1.82169,1.244081,-0.708857
1.820813,1.245542,-0.713096
1.82929,1.240281,-0.714996
1.824905,1.245835,-0.709296
1.820813,1.247588,-0.714996
1.825782,1.242619,-0.71748
1.824905,1.237942,-0.711634
1.82432,1.244665,-0.716165
1.822274,1.237942,-0.711196
1.823736,1.243204,-0.707834
1.82169,1.234142,-0.709588
1.824028,1.242911,-0.700088
1.824613,1.237065,-0.715288
1.826951,1.245835,-0.707834
1.824613,1.244081,-0.716165
1.831044,1.245542,-0.710026
1.825782,1.244958,-0.708419
1.827828,1.245835,-0.714119
1.82432,1.243204,-0.706519
1.824905,1.247588,-0.708126
1.824905,1.24145,-0.701988
1.822567,1.241742,-0.701988
1.825782,1.247004,-0.711926
1.824028,1.241158,-0.709003
1.826367,1.24145,-0.708272
1.825782,1.244958,-0.706372
1.82812,1.242327,-0.689418
1.828705,1.241742,-0.674949
1.822859,1.242619,-0.710026
1.823151,1.244665,-0.701842
1.824613,1.243204,-0.700088
1.826951,1.244373,-0.690441
1.819059,1.232096,-0.694972
1.823736,1.253142,-0.703449
1.811459,1.26922,-0.716603
1.791289,1.321836,-0.755189
1.76995,1.365098,-0.779158
1.749196,1.407776,-0.792605
1.742473,1.45893,-0.790704
1.732242,1.482315,-0.79392
1.723473,1.510085,-0.772873
1.721134,1.510962,-0.76615
1.720257,1.515054,-0.759719
1.732242,1.515346,-0.737211
1.737211,1.5209,-0.730927
1.737796,1.507454,-0.703157
1.74335,1.489915,-0.691903
1.754458,1.488746,-0.670272
1.764689,1.47793,-0.654195
1.758842,1.463607,-0.637679
1.772873,1.448407,-0.632417
1.775797,1.430868,-0.617948
1.785443,1.418299,-0.608155
1.79012,1.415083,-0.615025
1.80152,1.393744,-0.60304
1.804735,1.388775,-0.585647
1.803859,1.370652,-0.592224
1.808535,1.356036,-0.584478
1.819936,1.349313,-0.576147
1.823736,1.343467,-0.558024
1.827536,1.340251,-0.557585
1.831044,1.332944,-0.565186
1.826367,1.32359,-0.55627
1.831336,1.313066,-0.547208
1.837767,1.306343,-0.551739
1.839813,1.304005,-0.545308
1.842736,1.29202,-0.549839
1.838644,1.28062,-0.548085
1.841859,1.287051,-0.543847
1.842444,1.275066,-0.533031
1.843321,1.282374,-0.539901
1.847998,1.27565,-0.541362
1.851213,1.27185,-0.534201
1.847121,1.267466,-0.536101
1.85589,1.260158,-0.535516
1.85969,1.259281,-0.535808
1.859982,1.258112,-0.53157
1.858229,1.254604,-0.534493
1.853844,1.249342,-0.5285
1.868459,1.254312,-0.525577
1.862029,1.253435,-0.52397
1.86349,1.250804,-0.542239
1.865536,1.250804,-0.524847
1.861736,1.247588,-0.533324
1.864952,1.247296,-0.528793
1.868752,1.242619,-0.529085
1.863198,1.245542,-0.532885
1.87226,1.242619,-0.537562
1.868752,1.240865,-0.531131
1.866706,1.242327,-0.5304
1.85969,1.244081,-0.5266
1.862906,1.242619,-0.530839
1.861736,1.235311,-0.523385
1.86729,1.230342,-0.525285
1.86349,1.239404,-0.52207
1.867583,1.230342,-0.525577
1.867875,1.231804,-0.5304
1.864075,1.231804,-0.526893
1.864659,1.227419,-0.524993
1.864952,1.231511,-0.521777
1.869629,1.228296,-0.528062
1.875183,1.22625,-0.530985
1.870798,1.225373,-0.538439
1.875475,1.226542,-0.534347
1.869044,1.232388,-0.528939
1.869629,1.228296,-0.528647
1.871675,1.226834,-0.535224
1.859982,1.229173,-0.526162
1.866121,1.220403,-0.526893
1.871675,1.227419,-0.52587
1.869044,1.232973,-0.525139
1.862613,1.225373,-0.533762
1.864367,1.232973,-0.5304
1.881029,1.227127,-0.536539
1.87226,1.227419,-0.52207
1.870506,1.22625,-0.523677
1.87489,1.226542,-0.534785
1.870213,1.228588,-0.526162
1.869336,1.22245,-0.535954
1.869044,1.219526,-0.526454
1.869336,1.225957,-0.537854
1.874306,1.223034,-0.521923
1.881321,1.214849,-0.533031
1.869336,1.224203,-0.517393
1.872552,1.228004,-0.526893
1.871675,1.224788,-0.52777
1.873429,1.22128,-0.52207
1.837474,1.219234,-0.513154
1.868752,1.220696,-0.526747
1.871675,1.223619,-0.528939
1.874306,1.223034,-0.526016
1.869921,1.223619,-0.526747
1.872552,1.225957,-0.525139
1.882198,1.216311,-0.539754
1.875475,1.227419,-0.530693
1.869336,1.227419,-0.521339
1.873137,1.22625,-0.520608
1.87109,1.22625,-0.523385
1.872552,1.222742,-0.517977
1.87109,1.221573,-0.530985
1.874598,1.225373,-0.5323
1.87606,1.224496,-0.521777
1.875183,1.215142,-0.518854
1.883367,1.224203,-0.527916
1.879567,1.221573,-0.531424
1.876644,1.225373,-0.529377
1.877229,1.223034,-0.523385
1.870798,1.22625,-0.517246
1.866121,1.220988,-0.520316
1.866706,1.223034,-0.533908
1.87606,1.228296,-0.519731
1.872552,1.225957,-0.533908
1.87606,1.224788,-0.522508
1.872844,1.228004,-0.526308
1.873721,1.222742,-0.522216
1.871967,1.22888,-0.531716
1.875183,1.217773,-0.530108
1.874598,1.225957,-0.514177
1.867583,1.221865,-0.515785
1.87226,1.218065,-0.530547
1.871675,1.223327,-0.518854
1.874598,1.219234,-0.522362
1.866706,1.221573,-0.5323
1.877521,1.230342,-0.5285
1.873137,1.225957,-0.526893
1.873137,1.225957,-0.533177
1.872552,1.224496,-0.532154
1.873721,1.229757,-0.521046
1.871383,1.222742,-0.523093
1.874013,1.223619,-0.525577
1.87226,1.221865,-0.529231
1.872844,1.223327,-0.521923
1.871967,1.219234,-0.53347
1.876644,1.22508,-0.550278
1.871967,1.223911,-0.520754
1.871383,1.226834,-0.528208
1.866998,1.225957,-0.521193
1.874013,1.225373,-0.528062
1.87226,1.224788,-0.512569
1.906168,1.216311,-0.514031
1.874306,1.224496,-0.524116
1.873137,1.218942,-0.521923
1.879567,1.229757,-0.521193
1.87226,1.225665,-0.522508
1.869044,1.221865,-0.531862
1.871675,1.222742,-0.531862
1.874598,1.226542,-0.526016
1.875475,1.222742,-0.527331
1.868459,1.229173,-0.533616
1.868459,1.22625,-0.526893
1.862906,1.219526,-0.531131
1.869336,1.22888,-0.524554
1.871675,1.23005,-0.526454
1.870213,1.221573,-0.542385
1.871967,1.220696,-0.5323
1.866998,1.224203,-0.531716
1.874598,1.232973,-0.533908
1.875767,1.229173,-0.5266
1.874598,1.222157,-0.524262
1.868459,1.22508,-0.52587
1.874598,1.219819,-0.523239
1.869044,1.228296,-0.530839
1.867875,1.227127,-0.520608
1.87226,1.221865,-0.529962
1.870213,1.227419,-0.531277
1.863783,1.225665,-0.5228
1.87226,1.231511,-0.530254
1.868752,1.228004,-0.5209
1.864367,1.223911,-0.523239
1.870798,1.231219,-0.52587
1.878983,1.22888,-0.539608
1.874306,1.231804,-0.519585
1.872844,1.22128,-0.526893
1.878983,1.23005,-0.521485
1.869629,1.226542,-0.522216
1.87489,1.235311,-0.527331
1.87986,1.227419,-0.523677
1.874306,1.228296,-0.531862
1.877813,1.232096,-0.519439
1.875183,1.232388,-0.528647
1.873137,1.228296,-0.519146
1.87606,1.233557,-0.534201
1.876937,1.228296,-0.5209
1.871675,1.222157,-0.529231
1.866998,1.227127,-0.516077
1.868459,1.22508,-0.526016
1.876937,1.225957,-0.52587
1.873137,1.228004,-0.52207
1.865536,1.218065,-0.522947
1.877229,1.220403,-0.528939
1.870213,1.229757,-0.512131
1.872844,1.225957,-0.520023
1.873721,1.219234,-0.526747
1.875475,1.224203,-0.521923
1.877521,1.221573,-0.520462
1.876937,1.229757,-0.522508
1.878983,1.224203,-0.519731
1.869336,1.22245,-0.509792
1.871383,1.220988,-0.516223
1.86729,1.220403,-0.527039
1.868167,1.223619,-0.521046
1.876644,1.21865,-0.529962
1.869629,1.218065,-0.515785
1.870798,1.227127,-0.525139
1.86729,1.223911,-0.524847
1.868752,1.22508,-0.524262
1.867875,1.225373,-0.530254
1.874306,1.22508,-0.521631
1.878106,1.220988,-0.523093
1.875767,1.219234,-0.525139
1.87489,1.219526,-0.526747
1.872844,1.227127,-0.517246
1.876352,1.223619,-0.51827
1.87109,1.222157,-0.521923
1.87606,1.227419,-0.519293
1.879275,1.22625,-0.514762
1.86729,1.220988,-0.513885
1.875183,1.225957,-0.523385
1.875767,1.223619,-0.521923
1.878398,1.231511,-0.528793
1.871383,1.232973,-0.522508
1.868167,1.227711,-0.52017
1.875475,1.226542,-0.516954
1.866998,1.223034,-0.517393
1.87226,1.22508,-0.514616
1.869044,1.223327,-0.514031
1.877229,1.233557,-0.521046
1.870798,1.224203,-0.507892
1.87489,1.225373,-0.519
1.87606,1.229757,-0.520316
1.877229,1.225957,-0.513885
1.869629,1.223911,-0.519877
1.872844,1.220988,-0.5152
1.871675,1.225665,-0.524554
1.864952,1.227127,-0.5266
1.866121,1.22508,-0.518416
1.873721,1.223619,-0.526016
1.87226,1.21368,-0.527477
1.87226,1.224496,-0.523677
1.87226,1.218942,-0.521631
1.877813,1.224496,-0.515493
1.876352,1.223327,-0.540631
1.873137,1.232681,-0.529962
1.870798,1.226542,-0.524554
1.868752,1.223619,-0.522362
1.874013,1.22625,-0.523531
1.866413,1.218065,-0.522508
1.867583,1.227127,-0.518123
1.871675,1.224788,-0.519293
1.87109,1.225957,-0.527623
1.867583,1.22508,-0.527331
1.872844,1.22625,-0.530547
1.865244,1.22245,-0.531716
1.870506,1.229465,-0.523823
1.87109,1.228004,-0.522216
1.864952,1.229465,-0.519
1.872552,1.230342,-0.524554
1.870213,1.232388,-0.519585
1.864952,1.214849,-0.526454
1.866413,1.221573,-0.52967
1.867583,1.224203,-0.531131
1.871383,1.224496,-0.526454
1.87489,1.22888,-0.525431
1.866998,1.225665,-0.52587
1.874013,1.222742,-0.526308
1.87606,1.229757,-0.530547
1.871383,1.230342,-0.53537
1.870213,1.226542,-0.53537
1.874306,1.223327,-0.534931
1.877229,1.22508,-0.519293
1.870506,1.227419,-0.522216
1.874598,1.225957,-0.531424
1.869044,1.228004,-0.530547
1.871383,1.230342,-0.522947
1.875475,1.229757,-0.524408
1.876644,1.225665,-0.530693
1.875767,1.225665,-0.532447
1.871675,1.224203,-0.527039
1.872844,1.23005,-0.529816
1.866121,1.228296,-0.528793
1.867583,1.224788,-0.533324
1.866413,1.228588,-0.528647
1.866413,1.22625,-0.52587
1.869921,1.21748,-0.530839
1.870506,1.222742,-0.536393
1.835428,1.221573,-0.52777
1.905875,1.224496,-0.529377
1.876644,1.226542,-0.532593
1.873721,1.225665,-0.519146
1.864659,1.220988,-0.530108
1.869629,1.224788,-0.520754
1.877229,1.229465,-0.535077
1.871675,1.229757,-0.531277
1.875475,1.223034,-0.527185
1.869921,1.22508,-0.529962
1.87489,1.219234,-0.534201
1.867875,1.227127,-0.532008
1.874013,1.226542,-0.5323
1.864659,1.225373,-0.531131
1.869336,1.226542,-0.521485
1.870798,1.22508,-0.528647
1.86729,1.227419,-0.525723
1.876352,1.23005,-0.532154
1.874013,1.234434,-0.528647
1.866706,1.23005,-0.523823
1.867583,1.229465,-0.527185
1.866121,1.228004,-0.532154
1.862613,1.234727,-0.537708
1.866998,1.22625,-0.531424
1.872844,1.225373,-0.535077
1.869921,1.228588,-0.533031
1.872552,1.234142,-0.533031
1.87226,1.227419,-0.54107
1.868459,1.22625,-0.529816
1.85969,1.223911,-0.530693
1.862906,1.233557,-0.532447
1.865536,1.225373,-0.530985
1.869044,1.227127,-0.533762
1.867875,1.232973,-0.526162
1.874598,1.227419,-0.536101
1.869629,1.22888,-0.530985
1.864952,1.229465,-0.523239
1.869629,1.225957,-0.534201
1.866998,1.237357,-0.529231
1.875767,1.235311,-0.526893
1.87489,1.230927,-0.539024
1.87489,1.231511,-0.524408
1.868167,1.22888,-0.526016
1.862613,1.224788,-0.525285
1.87986,1.226542,-0.530693
1.871967,1.227419,-0.534347
1.870798,1.229465,-0.533762
1.872552,1.22888,-0.526454
1.866998,1.228296,-0.539901
1.870213,1.223911,-0.53347
1.877813,1.230634,-0.5228
1.873137,1.224788,-0.527623
1.872552,1.227711,-0.525723
1.874598,1.230342,-0.517831
1.869336,1.229757,-0.527039
1.868459,1.231511,-0.526893
1.872552,1.229465,-0.52017
1.873429,1.237065,-0.520608
1.866706,1.23765,-0.5304
1.866121,1.232388,-0.529377
1.868167,1.235604,-0.52967
1.874598,1.228296,-0.529377
1.879567,1.23005,-0.522362
1.858813,1.232388,-0.538878
1.868459,1.232681,-0.520754
1.865536,1.230634,-0.521631
1.875475,1.22625,-0.535954
1.883075,1.226834,-0.526308
1.872844,1.228296,-0.529377
1.877521,1.234142,-0.522947
1.878983,1.228004,-0.520023
1.875475,1.232388,-0.534931
1.87226,1.226542,-0.529962
1.87226,1.234142,-0.53157
1.873429,1.235019,-0.5247
1.869629,1.236188,-0.528939
1.871675,1.234434,-0.524847
1.873429,1.231511,-0.536539
1.872844,1.226834,-0.53727
1.876644,1.231804,-0.536101
1.867875,1.231804,-0.525139
1.875767,1.226542,-0.520316
1.873429,1.235604,-0.541947
1.880444,1.226834,-0.532885
1.87489,1.234142,-0.520023
1.87226,1.232973,-0.533762
1.872552,1.233265,-0.531131
1.875767,1.230927,-0.526747
1.865829,1.225957,-0.529524
1.870798,1.223911,-0.535516
1.870798,1.231219,-0.528939
1.874306,1.228296,-0.529377
1.868459,1.223911,-0.537124
1.876937,1.22508,-0.535224
1.875475,1.232681,-0.52777
1.878106,1.23005,-0.53157
1.872844,1.225665,-0.527331
1.877521,1.237065,-0.534639
1.876644,1.228004,-0.534639
1.876644,1.224788,-0.536101
1.871967,1.232681,-0.541216
1.866706,1.228588,-0.532739
1.876352,1.232681,-0.528647
1.873137,1.229757,-0.534054
1.87226,1.23385,-0.526016
1.865829,1.22625,-0.534639
1.880737,1.228004,-0.53347
1.873137,1.231511,-0.526016
1.875183,1.22508,-0.535954
1.868752,1.22245,-0.536977
1.876937,1.227711,-0.53347
1.874013,1.228588,-0.527039
1.871967,1.216311,-0.535077
1.873429,1.23005,-0.532154
1.87606,1.225373,-0.531862
1.874598,1.232973,-0.537124
1.877521,1.226834,-0.533762
1.86729,1.233265,-0.527185
1.87109,1.228004,-0.530547
1.878106,1.235896,-0.535808
1.875767,1.234142,-0.534931
1.871967,1.233265,-0.531716
1.873721,1.225373,-0.532154
1.867583,1.227419,-0.534931
1.866706,1.230927,-0.538439
1.864367,1.230634,-0.530985
1.870798,1.226542,-0.529816
1.866998,1.224203,-0.526308
1.839228,1.226542,-0.53347
1.865829,1.220696,-0.532593
1.871967,1.22625,-0.53347
1.876352,1.224496,-0.533908
1.867875,1.227127,-0.536247
1.873137,1.225957,-0.52777
1.868459,1.223911,-0.527331
1.865829,1.230634,-0.534054
1.87109,1.229465,-0.528647
1.878983,1.226542,-0.536247
1.884244,1.23385,-0.529962
1.869921,1.236481,-0.529085
1.869044,1.223327,-0.540047
1.871967,1.223911,-0.530839
1.869044,1.228588,-0.534639
1.880444,1.232096,-0.530254
1.87606,1.228588,-0.527331
1.870506,1.229173,-0.535662
1.881029,1.228296,-0.535516
1.872552,1.232388,-0.542385
1.87109,1.228004,-0.525431
1.866121,1.225665,-0.533177
1.875767,1.222157,-0.527185
1.879275,1.229173,-0.533908
1.878398,1.223327,-0.526162
1.869336,1.224496,-0.519731
1.875183,1.22245,-0.528793
1.877521,1.221573,-0.524993
1.881614,1.231219,-0.533177
1.873429,1.225373,-0.524993
1.87606,1.232681,-0.530108
1.880152,1.227419,-0.533616
1.868167,1.223034,-0.526893
1.872552,1.22625,-0.532739
1.866413,1.225373,-0.531131
1.871383,1.227127,-0.528208
1.872552,1.234727,-0.536247
1.870506,1.231219,-0.532008
1.870213,1.233265,-0.523531
1.87489,1.227419,-0.537124
1.864367,1.22508,-0.535077
1.862613,1.250512,-0.537562
1.855305,1.269804,-0.537854
1.833382,1.33002,-0.554662
1.814966,1.379421,-0.591201
1.795089,1.420637,-0.617071
1.776966,1.442561,-0.637679
1.773458,1.451915,-0.646741
1.774335,1.465653,-0.661649
1.761766,1.479684,-0.67831
1.760304,1.4905,-0.687226
1.741304,1.498685,-0.70038
1.738381,1.506869,-0.71178
1.732242,1.5133,-0.718942
1.730488,1.51827,-0.731365
1.727565,1.513008,-0.738819
1.73078,1.515346,-0.747004
1.722888,1.510669,-0.756796
1.725811,1.508039,-0.763081
1.736919,1.506285,-0.762058
1.729027,1.5095,-0.764396
1.719673,1.509208,-0.770681
1.721719,1.505408,-0.775212
1.723765,1.501315,-0.779597
1.712365,1.499269,-0.774481
1.72815,1.501315,-0.775212
1.721134,1.494008,-0.77492
1.727273,1.495469,-0.780327
1.728734,1.493715,-0.788658
1.719965,1.484654,-0.786466
1.73195,1.484654,-0.791435
1.728734,1.481438,-0.802397
1.724642,1.479684,-0.790851
1.732242,1.477346,-0.792312
1.729319,1.473546,-0.791435
1.736334,1.472376,-0.798743
1.728442,1.469453,-0.782374
1.73195,1.464484,-0.790704
1.730196,1.471207,-0.791143
1.733996,1.460976,-0.788658
1.733411,1.470915,-0.790266
1.73195,1.464192,-0.800205
1.729611,1.464776,-0.783543
1.73575,1.457761,-0.802835
1.73195,1.456299,-0.792312
1.741304,1.45893,-0.793043
1.73575,1.460976,-0.78632
1.737796,1.451915,-0.786904
1.742473,1.453668,-0.798451
1.740719,1.451622,-0.796258
1.734288,1.447822,-0.79962
1.746565,1.453084,-0.782374
1.739842,1.453376,-0.794505
1.744519,1.444314,-0.789389
1.74715,1.452499,-0.792166
1.746565,1.449868,-0.787928
1.74335,1.448115,-0.820374
1.748612,1.453376,-0.787928
1.742765,1.445776,-0.77945
1.743058,1.444314,-0.797135
1.74335,1.448699,-0.799182
1.742181,1.439345,-0.785443
1.750365,1.448992,-0.795089
1.743058,1.446653,-0.785443
1.745688,1.446068,-0.79582
1.741888,1.450453,-0.803128
1.740134,1.442268,-0.794358
1.739842,1.441684,-0.787489
1.743935,1.438761,-0.790851
1.743935,1.441391,-0.788658
1.740719,1.440514,-0.788366
1.741596,1.437299,-0.790266
1.745104,1.442853,-0.788366
1.744519,1.440514,-0.791728
1.740427,1.441099,-0.788951
1.741011,1.446653,-0.793481
1.740719,1.440514,-0.787781
1.746858,1.452792,-0.791143
1.745104,1.446945,-0.783689
1.740427,1.444022,-0.788512
1.739258,1.44373,-0.792605
1.743642,1.446361,-0.793481
1.741888,1.431453,-0.782081
1.73955,1.445484,-0.789243
1.735165,1.435545,-0.787781
1.750073,1.443145,-0.790704
1.752704,1.444314,-0.796697
1.739842,1.436714,-0.78632
1.73955,1.435838,-0.780181
1.736042,1.435253,-0.783104
1.741596,1.434668,-0.801959
1.73955,1.42853,-0.794358
1.742765,1.440514,-0.790851
1.747442,1.444022,-0.795235
1.742181,1.441099,-0.79582
1.743642,1.445192,-0.798012
1.745981,1.436422,-0.792312
1.744227,1.438176,-0.798597
1.74335,1.439053,-0.792605
1.73955,1.437591,-0.797866
1.740719,1.444314,-0.794505
1.738381,1.439345,-0.795674
1.742765,1.444314,-0.786612
1.742181,1.433207,-0.790997
1.746565,1.443145,-0.786904
1.741596,1.437299,-0.794212
1.738673,1.434376,-0.787051
1.731657,1.441684,-0.792605
1.736919,1.437591,-0.793628
1.736334,1.437007,-0.792897
1.741596,1.437884,-0.787928
1.737796,1.444607,-0.785589
1.744811,1.43993,-0.792605
1.733996,1.434084,-0.794212
1.741888,1.436714,-0.785297
1.737504,1.440807,-0.79012
1.741011,1.43613,-0.789097
1.733996,1.437007,-0.777112
1.741596,1.442853,-0.789681
1.735165,1.441976,-0.78822
1.736919,1.444314,-0.785881
1.734288,1.43993,-0.780766
1.740719,1.438761,-0.789974
1.741888,1.445776,-0.79392
1.741304,1.438761,-0.796405
1.741304,1.437007,-0.793481
1.746858,1.436422,-0.789974
1.736627,1.444899,-0.786904
1.733119,1.435253,-0.791728
1.730196,1.436714,-0.780474
1.739842,1.442561,-0.793628
1.736042,1.441976,-0.78632
1.741596,1.437299,-0.792166
1.743642,1.442268,-0.783104
1.738673,1.440222,-0.783251
1.737796,1.43613,-0.780035
1.737796,1.442561,-0.785881
1.738381,1.43496,-0.793043
1.741596,1.437884,-0.785297
1.739258,1.444022,-0.789389
1.73575,1.43993,-0.785004
1.742765,1.440222,-0.775358
1.73955,1.44373,-0.787343
1.733119,1.434084,-0.790412
1.738673,1.439345,-0.786904
1.737504,1.441976,-0.780327
1.738088,1.441099,-0.783251
1.737796,1.438176,-0.790412
1.741011,1.444314,-0.792312
1.741304,1.438761,-0.800497
1.740427,1.434084,-0.793043
1.743935,1.437884,-0.783835
1.741888,1.442268,-0.796989
1.737211,1.435545,-0.800205
1.738965,1.43116,-0.794505
1.740134,1.440222,-0.791874
1.741596,1.43993,-0.795381
1.739258,1.436714,-0.779597
1.735457,1.441684,-0.798158
1.734288,1.445776,-0.788804
1.732534,1.441099,-0.78822
1.736334,1.442268,-0.793043
1.741304,1.44753,-0.796405
1.73575,1.434084,-0.792751
1.738088,1.43613,-0.781497
1.736334,1.433791,-0.784566
1.733704,1.437884,-0.791581
1.731073,1.440807,-0.787635
1.736627,1.440222,-0.794066
1.742181,1.43496,-0.783981
1.732827,1.443438,-0.791728
1.741011,1.442561,-0.789243
1.73195,1.439345,-0.785151
1.730196,1.443145,-0.800497
1.74335,1.444022,-0.786174
1.736334,1.446068,-0.79582
1.741304,1.447238,-0.791289
1.727565,1.443438,-0.794651
1.735165,1.44373,-0.789828
1.732534,1.44373,-0.793774
1.734581,1.445776,-0.787635
1.736334,1.441976,-0.786758
1.733119,1.446653,-0.790412
1.73575,1.444899,-0.789243
1.736334,1.448407,-0.792897
1.739842,1.448115,-0.798743
1.740134,1.444022,-0.781497
1.740134,1.443438,-0.78632
1.738965,1.447238,-0.791289
1.741888,1.444022,-0.785735
1.741304,1.444022,-0.778281
1.736042,1.437299,-0.774773
1.735457,1.444607,-0.796989
1.741596,1.440807,-0.793335
1.737796,1.442561,-0.788951
1.732242,1.440222,-0.789974
1.739842,1.44373,-0.794943
1.736627,1.444607,-0.792605
1.742765,1.447822,-0.798597
1.741304,1.443145,-0.796697
1.740719,1.445192,-0.802689
1.743935,1.440807,-0.791289
1.739842,1.448407,-0.795089
1.742181,1.432914,-0.78822
1.73955,1.441684,-0.787635
1.740719,1.433791,-0.788951
1.744519,1.441976,-0.789974
1.736334,1.436714,-0.789974
1.741304,1.439345,-0.798597
1.749196,1.43613,-0.791289
1.728442,1.449284,-0.788366
1.748612,1.441391,-0.790851
1.752119,1.443438,-0.799328
1.740719,1.434668,-0.786758
1.748904,1.439053,-0.797574
1.742181,1.437591,-0.779743
1.739842,1.437299,-0.793481
1.733996,1.438468,-0.789097
1.743642,1.437884,-0.793335
1.741304,1.442268,-0.790851
1.743935,1.435253,-0.794358
1.738673,1.439638,-0.787489
1.743058,1.442853,-0.792458
1.743642,1.446361,-0.783543
1.739842,1.441391,-0.789681
1.742765,1.443145,-0.789243
1.738673,1.437299,-0.791289
1.742473,1.444607,-0.778574
1.738381,1.434084,-0.792458
1.744227,1.436422,-0.787489
1.744519,1.432037,-0.793043
1.744519,1.435545,-0.799912
1.740427,1.431745,-0.792166
1.745396,1.434084,-0.787343
1.742473,1.43993,-0.787051
1.736919,1.436422,-0.786174
1.740134,1.437591,-0.779158
1.745688,1.442268,-0.79582
1.745104,1.439638,-0.789535
1.741596,1.438468,-0.78822
1.741596,1.435838,-0.781058
1.736042,1.437299,-0.788366
1.74335,1.445484,-0.782958
1.745104,1.438468,-0.823151
1.742181,1.442561,-0.782374
1.743935,1.436714,-0.782812
1.744519,1.441684,-0.785297
1.742473,1.443438,-0.776381
1.745981,1.44373,-0.789097
1.744519,1.433791,-0.786174
1.74335,1.435253,-0.793628
1.744519,1.437884,-0.775943
1.747442,1.433791,-0.787197
1.747442,1.431745,-0.785297
1.739842,1.441391,-0.78062
1.742765,1.435253,-0.785881
1.73955,1.443438,-0.789681
1.741304,1.441391,-0.785297
1.746565,1.442561,-0.780912
1.748904,1.444899,-0.791143
1.750073,1.448992,-0.790851
1.741596,1.43993,-0.781935
1.745104,1.434668,-0.791435
1.736919,1.438468,-0.793481
1.740427,1.437591,-0.792166
1.745688,1.440514,-0.793043
1.735457,1.436714,-0.788074
1.742181,1.440222,-0.793043
1.737796,1.440807,-0.781497
1.741888,1.440514,-0.792166
1.742473,1.442268,-0.781204
1.742473,1.44373,-0.783104
1.741888,1.443438,-0.789681
1.740719,1.446653,-0.790704
1.743935,1.449868,-0.799182
1.738381,1.444607,-0.79202
1.732242,1.441684,-0.791143
1.736042,1.440514,-0.792458
1.740427,1.441684,-0.792897
1.741304,1.444899,-0.789389
1.736919,1.441391,-0.792751
1.744811,1.444607,-0.791581
1.742473,1.441391,-0.789535
1.740427,1.441391,-0.792166
1.740719,1.440222,-0.785443
1.740427,1.436422,-0.783543
1.742181,1.440222,-0.799912
1.736627,1.442268,-0.786612
1.741304,1.440222,-0.790412
1.742765,1.444607,-0.790851
1.736627,1.441099,-0.783835
1.734873,1.439053,-0.782227
1.745104,1.442561,-0.789828
1.746858,1.444314,-0.783251
1.738673,1.439345,-0.78062
1.73078,1.433791,-0.795235
1.738673,1.438468,-0.790704
1.737504,1.445192,-0.794066
1.739842,1.444314,-0.793043
1.73955,1.439053,-0.789535
1.740427,1.436422,-0.781643
1.738381,1.432914,-0.789243
1.73955,1.444607,-0.796697
1.741304,1.442853,-0.788366
1.736042,1.441976,-0.793043
1.733996,1.439345,-0.795381
1.744519,1.439053,-0.795235
1.741596,1.43993,-0.79772
1.73078,1.442561,-0.801374
1.73955,1.441976,-0.787635
1.733704,1.436422,-0.786027
1.729904,1.439638,-0.791289
1.727565,1.436714,-0.785443
1.738381,1.445776,-0.787781
1.739842,1.442561,-0.784712
1.738673,1.440514,-0.787197
1.744227,1.441099,-0.787635
1.742765,1.441099,-0.788951
1.742473,1.435838,-0.786174
1.738965,1.442268,-0.801082
1.741304,1.436422,-0.799912
1.746565,1.441684,-0.791435
1.750073,1.441684,-0.791874
1.744811,1.439638,-0.795674
1.74335,1.434668,-0.79772
1.738381,1.43993,-0.788512
1.738088,1.439345,-0.788804
1.741011,1.445776,-0.791728
1.741596,1.445776,-0.794212
1.740134,1.440514,-0.786904
1.742181,1.44373,-0.790412
1.744227,1.440222,-0.793043
1.736919,1.43613,-0.790851
1.73078,1.441099,-0.793628
1.736042,1.444022,-0.794066
1.739842,1.446068,-0.783835
1.735165,1.440807,-0.790558
1.740427,1.44373,-0.788366
1.736334,1.441099,-0.796405
1.734581,1.443438,-0.783251
1.742181,1.440514,-0.791289
1.738965,1.437007,-0.793628
1.738673,1.43496,-0.793481
1.736334,1.438761,-0.796112
1.739258,1.437591,-0.79772
1.736042,1.440514,-0.795674
1.740719,1.433207,-0.789097
1.740427,1.441684,-0.793628
1.737796,1.441391,-0.784858
1.729904,1.443438,-0.785589
1.73955,1.441099,-0.79202
1.735457,1.43613,-0.786466
1.745396,1.444022,-0.791728
1.732242,1.442853,-0.796989
1.739842,1.437007,-0.808828
1.735457,1.438761,-0.793628
1.738381,1.437007,-0.794797
1.742765,1.437591,-0.795674
1.74335,1.441684,-0.796697
1.741888,1.43613,-0.784127
1.752996,1.442561,-0.791581
1.748027,1.44373,-0.790558
1.74715,1.440807,-0.795381
1.745396,1.444899,-0.79012
1.741011,1.441391,-0.791143
1.738088,1.433207,-0.783835
1.731657,1.442561,-0.798158
1.740719,1.434668,-0.791289
1.741596,1.432037,-0.790997
1.738965,1.43993,-0.791435
1.741596,1.435838,-0.78442
1.744811,1.434084,-0.794797
1.741304,1.435838,-0.781643
1.742181,1.434668,-0.796405
1.744227,1.443438,-0.793628
1.740427,1.438176,-0.797428
1.746273,1.439638,-0.791728
1.740427,1.443145,-0.795235
1.734873,1.439345,-0.792166
1.747442,1.43496,-0.796405
1.742181,1.440514,-0.793335
1.741011,1.445776,-0.789097
1.731657,1.433499,-0.792458
1.746565,1.439638,-0.796112
1.737796,1.435838,-0.796551
1.740134,1.438176,-0.792458
1.739842,1.43613,-0.794797
1.735165,1.439053,-0.788512
1.731073,1.43613,-0.793335
1.73195,1.436422,-0.795235
1.742473,1.432037,-0.787635
1.730488,1.436422,-0.788512
1.731073,1.436714,-0.798012
1.731073,1.43233,-0.799766
1.73575,1.435838,-0.786466
1.734873,1.425899,-0.794943
1.74335,1.436422,-0.788366
1.740427,1.434668,-0.790266
1.742181,1.437007,-0.785735
1.733119,1.437007,-0.793335
1.734288,1.437299,-0.796112
1.738088,1.441976,-0.796989
1.73575,1.437299,-0.798451
1.736042,1.437007,-0.791728
1.743058,1.434668,-0.795089
1.73955,1.433207,-0.791289
1.740719,1.432914,-0.790704
1.739258,1.437591,-0.79202
1.736334,1.44373,-0.797866
1.737211,1.437007,-0.79202
1.741304,1.432037,-0.82242
1.741888,1.437591,-0.794066
1.738673,1.43496,-0.792605
1.740427,1.437884,-0.785881
1.744227,1.437007,-0.792751
1.739842,1.439638,-0.792166
1.742181,1.441099,-0.79012
1.740134,1.439345,-0.794651
1.741596,1.442853,-0.789243
1.744519,1.442268,-0.797866
1.739842,1.435253,-0.788658
1.743935,1.434084,-0.788658
1.73955,1.442561,-0.792751
1.740134,1.436422,-0.794505
1.740134,1.43116,-0.79012
1.740134,1.436714,-0.801959
1.736334,1.440514,-0.800643
1.733996,1.440514,-0.794212
1.748319,1.435838,-0.787489
1.741596,1.441391,-0.807951
1.740427,1.434668,-0.788366
1.743058,1.432914,-0.787051
1.749488,1.438761,-0.78442
1.740427,1.433499,-0.798158
1.742473,1.434668,-0.791289
1.748612,1.442853,-0.784858
1.743058,1.439638,-0.79772
1.738965,1.436422,-0.793774
1.744227,1.435838,-0.794651
1.747442,1.433499,-0.789974
1.747735,1.432914,-0.794943
1.740719,1.435253,-0.786174
1.745981,1.441976,-0.797866
1.748904,1.431745,-0.789389
1.747442,1.439345,-0.789974
1.753289,1.433791,-0.791728
1.744227,1.443145,-0.792605
1.74715,1.438468,-0.79202
1.746273,1.441391,-0.799035
1.745396,1.435545,-0.793774
1.749196,1.442853,-0.795528
1.74335,1.43993,-0.796989
1.745104,1.444607,-0.798597
1.745104,1.432914,-0.797866
1.750073,1.43496,-0.781058
1.744519,1.437007,-0.796697
1.744227,1.441684,-0.794797
1.750365,1.436714,-0.79962
1.748027,1.438468,-0.795528
1.734873,1.437299,-0.799474
1.747735,1.443145,-0.797574
1.743058,1.433499,-0.796697
1.737211,1.43613,-0.796112
1.745104,1.437591,-0.79962
1.738673,1.440514,-0.799766
1.740719,1.437299,-0.799328
1.73955,1.442268,-0.794358
1.736042,1.439638,-0.794066
1.741304,1.439638,-0.797428
1.745688,1.436714,-0.790851
1.740134,1.444022,-0.787928
1.743058,1.439638,-0.797135
1.738673,1.441391,-0.790558
1.749196,1.444314,-0.792166
1.74335,1.44373,-0.786027
1.744811,1.438468,-0.800205
1.743642,1.435253,-0.789243
1.741011,1.436422,-0.796843
1.730488,1.433207,-0.78822
1.736334,1.439345,-0.784858
1.746273,1.440514,-0.793189
1.743058,1.43496,-0.787343
1.743642,1.438176,-0.783835
1.745104,1.43496,-0.798012
1.74335,1.435253,-0.793481
1.75095,1.437591,-0.79962
1.742765,1.441099,-0.792166
1.73955,1.438761,-0.786758
1.746273,1.437299,-0.789828
1.744227,1.441099,-0.787197
1.736919,1.433499,-0.796405
1.739258,1.440222,-0.79012
1.745396,1.43993,-0.795089
1.741011,1.439053,-0.783251
1.74335,1.441684,-0.781204
1.749196,1.439345,-0.800643
1.740719,1.441391,-0.785004
1.747735,1.436422,-0.792605
1.746858,1.442268,-0.791289
1.74335,1.444607,-0.787635
1.746273,1.442268,-0.779889
1.745688,1.433499,-0.788366
1.746565,1.440807,-0.78632
1.742765,1.442268,-0.788366
1.740427,1.437591,-0.783981
1.743642,1.440222,-0.793043
1.737504,1.436714,-0.795235
1.740427,1.438761,-0.795235
1.74715,1.433207,-0.789535
1.743642,1.441391,-0.794797
1.745981,1.440807,-0.785735
1.742181,1.436714,-0.788512
1.745104,1.43613,-0.79582
1.737796,1.437884,-0.793774
1.730196,1.433207,-0.791435
1.742181,1.435838,-0.800058
1.744519,1.43613,-0.796989
1.743935,1.438761,-0.797866
1.742181,1.442853,-0.793628
1.747442,1.434376,-0.793628
1.750365,1.433791,-0.775066
1.745396,1.431453,-0.783835
1.748904,1.441391,-0.788804
1.742473,1.438176,-0.79582
1.748904,1.444899,-0.79582
1.745104,1.439638,-0.796112
1.749488,1.440807,-0.803274
1.732534,1.454838,-0.797428
1.729027,1.481438,-0.788658
1.729319,1.507162,-0.785297
1.72055,1.510085,-0.774189
1.718796,1.515931,-0.763958
1.719965,1.512716,-0.761473
1.721426,1.514762,-0.756942
1.724057,1.510377,-0.737504
1.725227,1.519439,-0.741304
1.733704,1.510669,-0.729173
1.734581,1.520023,-0.72128
1.74715,1.519731,-0.708857
1.741888,1.503946,-0.708272
1.743058,1.5057,-0.702718
1.744519,1.500438,-0.707834
1.750073,1.501315,-0.692488
1.752412,1.488454,-0.673195
1.755919,1.487284,-0.682695
1.753581,1.489623,-0.680064
1.758258,1.483484,-0.67568
1.761473,1.477638,-0.677287
1.757381,1.475007,-0.659602
1.775212,1.474423,-0.669103
1.764981,1.463899,-0.656679
1.768196,1.468284,-0.654049
1.771412,1.495469,-0.646302
1.767319,1.456884,-0.646302
1.773166,1.459222,-0.644695
1.77872,1.452499,-0.65171
1.771412,1.453668,-0.634317
1.785151,1.44753,-0.638848
1.783981,1.450453,-0.629933
1.777258,1.443438,-0.638702
1.77872,1.446653,-0.631833
1.778135,1.43613,-0.630956
1.778427,1.438176,-0.633879
1.78135,1.435253,-0.63271
1.784858,1.438468,-0.62584
1.78252,1.437884,-0.634317
1.786027,1.427653,-0.625402
1.784566,1.425022,-0.629056
1.780474,1.427068,-0.618679
1.773458,1.424145,-0.62891
1.785443,1.421514,-0.625256
1.784274,1.426484,-0.624963
1.784274,1.42356,-0.631394
1.785735,1.425899,-0.629933
1.787197,1.42853,-0.623794
1.771996,1.429114,-0.624525
1.781058,1.423853,-0.623356
1.783689,1.422391,-0.624086
1.780474,1.423853,-0.621017
1.788074,1.424145,-0.624525
1.779889,1.42736,-0.615317
1.795381,1.418299,-0.615609
1.785443,1.42473,-0.617363
1.782227,1.417422,-0.615317
1.786904,1.426484,-0.606548
1.792458,1.413622,-0.620286
1.793628,1.421222,-0.617363
1.798305,1.42356,-0.611956
1.794797,1.41713,-0.606109
1.79012,1.419176,-0.624086
1.779597,1.416253,-0.62131
1.785735,1.414499,-0.61064
1.792458,1.413914,-0.604355
1.788074,1.406314,-0.622625
1.788366,1.41976,-0.624086
1.787197,1.413037,-0.611225
1.792751,1.414206,-0.615756
1.794797,1.414791,-0.602455
1.789535,1.418591,-0.607571
1.784274,1.421514,-0.602748
1.79012,1.417714,-0.611371
1.794505,1.420637,-0.612686
1.792458,1.456592,-0.611517
1.795381,1.41976,-0.61824
1.827828,1.416545,-0.617071
1.786612,1.412452,-0.611079
1.801812,1.416253,-0.610494
1.802105,1.413329,-0.613709
1.791581,1.425899,-0.617656
1.791874,1.414791,-0.599532
1.788366,1.415376,-0.62511
1.800058,1.418006,-0.613709
1.786904,1.411283,-0.618825
1.79392,1.413037,-0.616486
1.792751,1.406606,-0.618094
1.791581,1.420637,-0.609909
1.789828,1.425022,-0.612248
1.801228,1.41976,-0.617509
1.795381,1.416253,-0.616779
1.798889,1.416837,-0.617948
1.791581,1.42473,-0.609032
1.788366,1.425606,-0.611517
1.792458,1.419468,-0.613125
1.789243,1.422099,-0.605086
1.795381,1.421222,-0.612394
1.796551,1.411868,-0.618386
1.799182,1.411283,-0.616779
1.792751,1.41976,-0.621163
1.795966,1.422976,-0.610056
1.791581,1.413329,-0.618533
1.79392,1.414499,-0.615902
1.793043,1.41976,-0.62131
1.795381,1.406022,-0.610202
1.793043,1.417422,-0.608302
1.796258,1.417714,-0.613125
1.795966,1.422683,-0.609032
1.792458,1.425606,-0.612102
1.794505,1.412745,-0.616048
1.795966,1.408652,-0.609763
1.796843,1.410699,-0.605232
1.793335,1.416253,-0.614879
1.792166,1.418591,-0.613563
1.802397,1.413622,-0.616194
1.797135,1.415083,-0.615609
1.792751,1.415668,-0.617656
1.787489,1.418299,-0.611663
1.792458,1.419176,-0.609471
1.795966,1.413622,-0.609617
1.79012,1.413329,-0.606694
1.791581,1.42093,-0.608886
1.788074,1.414499,-0.611371
1.79392,1.421806,-0.616925
1.794797,1.421514,-0.619994
1.800643,1.417422,-0.618094
1.799182,1.417714,-0.611663
1.79012,1.41976,-0.613563
1.791581,1.413622,-0.617363
1.797428,1.418883,-0.618533
1.795966,1.42093,-0.614002
1.790704,1.415083,-0.610786
1.795089,1.419176,-0.626717
1.788366,1.42093,-0.610932
1.793335,1.411576,-0.620725
1.793628,1.413329,-0.619556
1.792458,1.411283,-0.616048
1.788366,1.41713,-0.612394
1.797135,1.418591,-0.617071
1.795381,1.416253,-0.620433
1.797135,1.420345,-0.610348
1.789828,1.418591,-0.61634
1.793628,1.414499,-0.623063
1.795381,1.421806,-0.603186
1.797428,1.418299,-0.611225
1.796551,1.414791,-0.615902
1.797428,1.420053,-0.613856
1.794505,1.419468,-0.610056
1.793043,1.42356,-0.611809
1.795966,1.421806,-0.611809
1.790997,1.422099,-0.605817
1.794797,1.419468,-0.62131
1.795381,1.41976,-0.606548
1.796551,1.425022,-0.609325
1.791874,1.41713,-0.604794
1.789243,1.416837,-0.618825
1.797428,1.411576,-0.603478
1.794505,1.416837,-0.599386
1.804151,1.413329,-0.613709
1.799182,1.41713,-0.608448
1.794797,1.41596,-0.615756
1.795966,1.415376,-0.60304
1.795674,1.417714,-0.611225
1.794212,1.41713,-0.614733
1.797135,1.416253,-0.610202
1.795089,1.413329,-0.616048
1.795381,1.413622,-0.612686
1.795966,1.415668,-0.608886
1.788951,1.414206,-0.613563
1.798012,1.417422,-0.609179
1.791581,1.407776,-0.61444
1.796843,1.414791,-0.612394
1.798305,1.41596,-0.610494
1.791874,1.417422,-0.616048
1.785443,1.416837,-0.613856
1.799474,1.416837,-0.619263
1.791289,1.422099,-0.619556
1.795966,1.41596,-0.61064
1.797135,1.417422,-0.610348
1.792751,1.41976,-0.603771
1.796258,1.413914,-0.615756
1.789535,1.415668,-0.613417
1.798597,1.420053,-0.618679
1.790997,1.42736,-0.619702
1.789535,1.415668,-0.611079
1.791289,1.417422,-0.619702
1.789535,1.421806,-0.615317
1.794212,1.421806,-0.617071
1.791874,1.418883,-0.619848
1.796551,1.416837,-0.616194
1.788074,1.418883,-0.606986
1.784566,1.414499,-0.617363
1.78632,1.419176,-0.615317
1.792751,1.416545,-0.608448
1.793628,1.413914,-0.611371
1.787781,1.421222,-0.619994
1.787489,1.419468,-0.608886
1.788658,1.420053,-0.615902
1.792458,1.412745,-0.61941
1.783397,1.418299,-0.617509
1.787489,1.413329,-0.615025
1.793628,1.423268,-0.62394
1.789535,1.413037,-0.61941
1.79392,1.424145,-0.610056
1.793335,1.416837,-0.600117
1.797428,1.416253,-0.610932
1.79392,1.419468,-0.609179
1.794212,1.415083,-0.603186
1.794212,1.417422,-0.613563
1.789535,1.418006,-0.609617
1.790412,1.412745,-0.609325
1.788074,1.413622,-0.607425
1.792458,1.417714,-0.622333
1.791874,1.417422,-0.618094
1.787489,1.409237,-0.611809
1.792166,1.416545,-0.619117
1.788658,1.412745,-0.606255
1.78632,1.414206,-0.614002
1.794797,1.415376,-0.606548
1.789535,1.416253,-0.613271
1.795674,1.415083,-0.612979
1.792458,1.416253,-0.610202
1.789828,1.41216,-0.609617
1.789828,1.407776,-0.617071
1.797135,1.422683,-0.609617
1.795966,1.42093,-0.620871
1.792166,1.41596,-0.619848
1.793043,1.41976,-0.609763
1.787781,1.415376,-0.609179
1.797135,1.41976,-0.623794
1.792166,1.416837,-0.610494
1.794212,1.414499,-0.608302
1.797135,1.420637,-0.617509
1.793335,1.416545,-0.62321
1.791289,1.406022,-0.615609
1.792166,1.421222,-0.609179
1.793628,1.411576,-0.602455
1.795089,1.410406,-0.605379
1.785735,1.41216,-0.608302
1.791874,1.414206,-0.604063
1.786027,1.409822,-0.595148
1.790412,1.416545,-0.604063
1.793043,1.411283,-0.604209
1.792166,1.415376,-0.604648
1.792166,1.414791,-0.603771
1.788658,1.41596,-0.606694
1.783397,1.411576,-0.614002
1.793335,1.412745,-0.611517
1.791874,1.41596,-0.603625
1.795089,1.41976,-0.609909
1.789243,1.415668,-0.610786
1.786904,1.418883,-0.613125
1.796843,1.419468,-0.606986
1.796843,1.419176,-0.615609
1.791289,1.409529,-0.610202
1.798889,1.418883,-0.619556
1.793335,1.416253,-0.622625
1.793043,1.411283,-0.616486
1.787197,1.419468,-0.612832
1.785151,1.410699,-0.61444
1.792751,1.418883,-0.607863
1.791874,1.413037,-0.620725
1.793335,1.414791,-0.611371
1.79392,1.410114,-0.612394
1.796843,1.410114,-0.610348
1.796843,1.413037,-0.614002
1.791289,1.41596,-0.612394
1.796551,1.412452,-0.613563
1.792458,1.42093,-0.614294
1.788951,1.427068,-0.614148
1.794797,1.416253,-0.606986
1.793335,1.415668,-0.612979
1.795674,1.41976,-0.606109
1.78252,1.410114,-0.617509
1.795966,1.42093,-0.608594
1.791581,1.414206,-0.604648
1.794212,1.415668,-0.608302
1.793043,1.42093,-0.608886
1.787781,1.419468,-0.607279
1.788951,1.408068,-0.59924
1.787197,1.413914,-0.607425
1.795089,1.409822,-0.605963
1.790997,1.413914,-0.607425
1.792458,1.422683,-0.616779
1.796551,1.418883,-0.614002
1.795674,1.416545,-0.616486
1.788658,1.40836,-0.610056
1.789535,1.418006,-0.612979
1.791581,1.416837,-0.611225
1.79012,1.415083,-0.61064
1.788074,1.415668,-0.608302
1.787781,1.416837,-0.615902
1.795966,1.41596,-0.617217
1.792166,1.411868,-0.611371
1.786612,1.414791,-0.611371
1.779889,1.413914,-0.616779
1.791874,1.409822,-0.612832
1.784566,1.410406,-0.62014
1.79012,1.418299,-0.608886
1.783397,1.419176,-0.607863
1.790997,1.414206,-0.61064
1.786612,1.418591,-0.603917
1.787781,1.417422,-0.615902
1.788658,1.41713,-0.611079
1.793043,1.41596,-0.620433
1.789243,1.414499,-0.616925
1.796551,1.420345,-0.611663
1.795966,1.412452,-0.60684
1.794212,1.416545,-0.615463
1.794212,1.413914,-0.604063
1.796843,1.420345,-0.607863
1.795674,1.411576,-0.616048
1.790997,1.41713,-0.613417
1.790412,1.420345,-0.609617
1.79012,1.415376,-0.617217
1.786027,1.416253,-0.605817
1.787197,1.420345,-0.606402
1.796551,1.420637,-0.613417
1.794797,1.415668,-0.622625
1.789535,1.418591,-0.617363
1.794505,1.413037,-0.621748
1.760304,1.418299,-0.613417
1.790997,1.41216,-0.619556
1.791289,1.416253,-0.626863
1.800058,1.415668,-0.618679
1.790997,1.416837,-0.617071
1.786904,1.413037,-0.604794
1.789535,1.41713,-0.615171
1.790412,1.423268,-0.613709
1.791874,1.419176,-0.607717
1.788366,1.408945,-0.614294
1.795674,1.405729,-0.613125
1.791581,1.411868,-0.622625
1.785443,1.412745,-0.603332
1.791874,1.413037,-0.615025
1.787781,1.415083,-0.605963
1.790412,1.40836,-0.611079
1.791289,1.413329,-0.620286
1.795089,1.412452,-0.613125
1.793043,1.414791,-0.610348
1.791874,1.419468,-0.611663
1.792751,1.418299,-0.614586
1.795089,1.412745,-0.609763
1.79392,1.416837,-0.609179
1.791289,1.415083,-0.61064
1.789828,1.416253,-0.615463
1.795381,1.416837,-0.618094
1.787781,1.421806,-0.616779
1.787197,1.412745,-0.612248
1.795966,1.414791,-0.610348
1.787197,1.408068,-0.618679
1.796258,1.413037,-0.617217
1.792751,1.422683,-0.607717
1.794212,1.41713,-0.606986
1.781935,1.418299,-0.611517
1.796843,1.414791,-0.598217
1.795674,1.416253,-0.60494
1.789828,1.415376,-0.611225
1.795089,1.418299,-0.611517
1.795381,1.414791,-0.617363
1.792751,1.41596,-0.609471
1.787489,1.42093,-0.608302
1.798012,1.418006,-0.614294
1.792751,1.418883,-0.611371
1.789828,1.410699,-0.617217
1.794797,1.424145,-0.617948
1.787489,1.423853,-0.607863
1.791874,1.42093,-0.603771
1.786904,1.41596,-0.605671
1.788366,1.41596,-0.616486
1.789535,1.408945,-0.612102
1.792166,1.418591,-0.610786
1.783981,1.416253,-0.608155
1.793043,1.422976,-0.606548
1.79392,1.41596,-0.612248
1.788366,1.418883,-0.610348
1.792751,1.42093,-0.612394
1.789535,1.42093,-0.612102
1.791289,1.41976,-0.608594
1.789243,1.418591,-0.611225
1.783397,1.415083,-0.610932
1.790704,1.417714,-0.604794
1.785151,1.415668,-0.605525
1.785735,1.414791,-0.622771
1.782812,1.410991,-0.613125
1.791874,1.415376,-0.606986
1.785151,1.408652,-0.605232
1.790704,1.421514,-0.602455
1.788366,1.420637,-0.602455
1.792166,1.414791,-0.605379
1.783689,1.409822,-0.617217
1.792751,1.414206,-0.605379
1.794212,1.423853,-0.602748
1.786612,1.425899,-0.602894
1.783981,1.410991,-0.609617
1.796551,1.421514,-0.614002
1.795966,1.41713,-0.610348
1.794212,1.423853,-0.607863
1.793628,1.421514,-0.605086
1.788951,1.412452,-0.611371
1.788951,1.41596,-0.612979
1.796843,1.419468,-0.612102
1.798597,1.41713,-0.612686
1.788951,1.413914,-0.607279
1.790412,1.418006,-0.605525
1.79392,1.424145,-0.613271
1.788951,1.413622,-0.608009
1.792751,1.413329,-0.603771
1.79392,1.417714,-0.615756
1.793043,1.41713,-0.616779
1.790412,1.418591,-0.605817
1.793335,1.418006,-0.59924
1.789243,1.41713,-0.608155
1.791874,1.417422,-0.618971
1.792751,1.416837,-0.61634
1.795381,1.41596,-0.615025
1.79392,1.409822,-0.606109
1.795966,1.412745,-0.604209
1.785735,1.414791,-0.605525
1.783689,1.418591,-0.601871
1.790997,1.412452,-0.608155
1.795966,1.414206,-0.610932
1.791874,1.417422,-0.614733
1.79392,1.422391,-0.605232
1.792166,1.418883,-0.609032
1.79392,1.421222,-0.611956
1.788658,1.415668,-0.600702
1.798889,1.423268,-0.605086
1.789243,1.422391,-0.600994
1.792458,1.419468,-0.604209
1.791289,1.416253,-0.60874
1.793043,1.421222,-0.612979
1.792166,1.415376,-0.615463
1.795381,1.420053,-0.610056
1.785151,1.413622,-0.610932
1.790997,1.420345,-0.616779
1.793043,1.417422,-0.609617
1.792751,1.418883,-0.609032
1.796551,1.414499,-0.607425
1.786612,1.415376,-0.602748
1.796258,1.418006,-0.606986
1.797135,1.41976,-0.606986
1.792751,1.417714,-0.605379
1.797135,1.412452,-0.606986
1.793335,1.417714,-0.604063
1.794797,1.41976,-0.613856
1.795966,1.415668,-0.609617
1.791874,1.417714,-0.603332
1.785735,1.421222,-0.607132
1.78632,1.408945,-0.615463
1.786027,1.411576,-0.615756
1.785443,1.416545,-0.616779
1.789243,1.413037,-0.614294
1.779304,1.403391,-0.628471
1.79012,1.410114,-0.606255
1.78632,1.409822,-0.611371
1.791289,1.415668,-0.613856
1.791874,1.416837,-0.616048
1.792166,1.423853,-0.614733
1.787489,1.41596,-0.61444
1.793043,1.415376,-0.618825
1.790412,1.411283,-0.604355
1.789535,1.412745,-0.603478
1.788658,1.413037,-0.618971
1.787197,1.41976,-0.604648
1.793043,1.41596,-0.612102
1.792751,1.422683,-0.609471
1.791874,1.41713,-0.610056
1.791874,1.411576,-0.610056
1.794505,1.419468,-0.617509
1.791289,1.42093,-0.607425
1.794505,1.41976,-0.610786
1.786904,1.410991,-0.623648
1.795381,1.416253,-0.613125
1.789535,1.41596,-0.617217
1.788951,1.41596,-0.617802
1.785151,1.416253,-0.618679
1.785735,1.409822,-0.616925
1.794212,1.423268,-0.608448
1.789243,1.412452,-0.610786
1.785151,1.42093,-0.605086
1.790412,1.419468,-0.608594
1.790412,1.40836,-0.612248
1.789243,1.411868,-0.608594
1.786904,1.41596,-0.612686
1.789535,1.413329,-0.615609
1.789828,1.412452,-0.605671
1.785735,1.413329,-0.61444
1.793335,1.413914,-0.616486
1.788951,1.413329,-0.613417
1.787781,1.418591,-0.614294
1.789828,1.413914,-0.610932
1.793335,1.41713,-0.615025
1.793628,1.418006,-0.612248
1.790704,1.41713,-0.611225
1.797135,1.413329,-0.606109
1.82812,1.411868,-0.610056
1.788951,1.417422,-0.617948
1.788951,1.410699,-0.614879
1.787781,1.411868,-0.615463
1.791289,1.413329,-0.615463
1.785443,1.413037,-0.606109
1.790704,1.409822,-0.607571
1.790704,1.414206,-0.621017
1.788658,1.407191,-0.610932
1.789243,1.411283,-0.617509
1.786904,1.419176,-0.613709
1.795674,1.413622,-0.61254
1.794212,1.413329,-0.614586
1.792751,1.413914,-0.618533
1.793628,1.414791,-0.619848
1.792458,1.415083,-0.606255
1.794505,1.41976,-0.605086
1.794505,1.414206,-0.613709
1.793043,1.413622,-0.619556
1.789828,1.413914,-0.609617
1.791581,1.418006,-0.61064
1.79012,1.408652,-0.616925
1.795381,1.41216,-0.621163
1.789828,1.413914,-0.61064
1.789243,1.410699,-0.610348
1.780766,1.41976,-0.617802
1.791874,1.414206,-0.615171
1.78252,1.407483,-0.607425
1.785735,1.406606,-0.61444
1.781935,1.422391,-0.62131
1.773166,1.437007,-0.634317
1.764104,1.465361,-0.659602
1.74335,1.502777,-0.692049
1.734873,1.515931,-0.729611
1.71938,1.513008,-0.752265
1.727273,1.499269,-0.768927
1.727565,1.487284,-0.773312
1.724057,1.476177,-0.785443
1.734288,1.465361,-0.77945
1.734581,1.445192,-0.790558
1.741011,1.432914,-0.785004
1.754165,1.411868,-0.788074
1.764396,1.395206,-0.771704
1.749488,1.383221,-0.771266
1.771412,1.368021,-0.766589
1.781058,1.355744,-0.76045
1.776089,1.341421,-0.755481
1.77375,1.335867,-0.758842
1.782227,1.323005,-0.750658
1.783981,1.309266,-0.746273
1.791874,1.305759,-0.733996
1.802105,1.306928,-0.742181
1.799474,1.299328,-0.732534
1.793628,1.290266,-0.733557
1.800643,1.281497,-0.732388
1.806782,1.285004,-0.727857
1.802689,1.277404,-0.725665
1.809412,1.271558,-0.728588
1.813505,1.272435,-0.721426
1.815551,1.270973,-0.717773
1.810874,1.267758,-0.714557
1.821105,1.261035,-0.715726
1.813797,1.252265,-0.721426
1.810874,1.253435,-0.704619
1.821982,1.253435,-0.708419
1.81672,1.259866,-0.717334
1.813505,1.249342,-0.70798
1.823443,1.257527,-0.709734
1.824028,1.259281,-0.702426
1.819351,1.249635,-0.713826
1.826659,1.255773,-0.715434
1.821982,1.255773,-0.709149
1.824028,1.249342,-0.718065
1.817305,1.250512,-0.713534
1.819643,1.24145,-0.705934
1.821105,1.251388,-0.713096
1.815259,1.254604,-0.709003
1.812336,1.251388,-0.703595
1.82549,1.248465,-0.713826
1.82169,1.244665,-0.701257
1.818766,1.244958,-0.709296
1.821105,1.239404,-0.710611
1.818182,1.247004,-0.692049
1.821397,1.252265,-0.704911
1.822567,1.250512,-0.710026
1.826659,1.24905,-0.709442
1.822567,1.243788,-0.702426
1.818766,1.240281,-0.708711
1.822859,1.243204,-0.700088
1.821982,1.246711,-0.706226
1.819643,1.249342,-0.710319
1.822274,1.246127,-0.707249
1.823151,1.247004,-0.698041
1.820813,1.247004,-0.710757
1.82052,1.251681,-0.706372
1.827536,1.254604,-0.701111
1.82549,1.250804,-0.705642
1.819936,1.242034,-0.702572
1.819059,1.248758,-0.708565
1.824905,1.248173,-0.697165
1.822859,1.247296,-0.706372
1.819059,1.250219,-0.700088
1.822567,1.248173,-0.703449
1.824028,1.244958,-0.698626
1.822859,1.245835,-0.713388
1.815259,1.24905,-0.705495
1.822274,1.247296,-0.719673
1.819643,1.244958,-0.699357
1.814382,1.246419,-0.700088
1.82549,1.241742,-0.699649
1.822274,1.247296,-0.705495
1.826074,1.245542,-0.70988
1.82549,1.243788,-0.706519
1.831336,1.249927,-0.699357
1.825782,1.250512,-0.695849
1.82169,1.248465,-0.701257
1.826074,1.244958,-0.713388
1.821105,1.248465,-0.706665
1.818474,1.251388,-0.707103
1.819643,1.247296,-0.70798
1.817305,1.252558,-0.697749
1.823443,1.250512,-0.706372
1.825782,1.247881,-0.708857
1.817305,1.247004,-0.709003
1.821982,1.248758,-0.709296
1.82052,1.249342,-0.70798
1.821397,1.251096,-0.713534
1.817597,1.245835,-0.691903
1.817013,1.247296,-0.697603
1.821397,1.251096,-0.692634
1.82052,1.241158,-0.71368
1.82549,1.245835,-0.702865
1.818474,1.250219,-0.704765
1.824613,1.247881,-0.697895
1.826659,1.246419,-0.698772
1.827828,1.254312,-0.704326
1.821397,1.251096,-0.705349
1.818182,1.252265,-0.704765
1.816428,1.247004,-0.702718
1.825197,1.247881,-0.695411
1.82052,1.248465,-0.715288
1.823736,1.247296,-0.698041
1.817305,1.243496,-0.708272
1.824613,1.246419,-0.698188
1.826951,1.245542,-0.707688
1.827243,1.243496,-0.698041
1.818766,1.243496,-0.692926
1.824028,1.249927,-0.70038
1.822274,1.259573,-0.703888
1.820228,1.243788,-0.699503
1.826659,1.252558,-0.704911
1.824905,1.247296,-0.706811
1.82929,1.24905,-0.699649
1.82432,1.248758,-0.699649
1.819936,1.247004,-0.697457
1.820228,1.245542,-0.695118
1.827536,1.247296,-0.699942
1.827536,1.254019,-0.713096
1.827243,1.248758,-0.697457
1.831921,1.249635,-0.698918
1.828997,1.247588,-0.707395
1.831336,1.24525,-0.704619
1.823151,1.250219,-0.694534
1.821982,1.249927,-0.710611
1.826367,1.25285,-0.706957
1.828705,1.255481,-0.705203
1.824905,1.24905,-0.708857
1.825197,1.248465,-0.710903
1.832213,1.245542,-0.704619
1.822859,1.24905,-0.704911
1.82812,1.252265,-0.697457
1.82812,1.254896,-0.697311
1.827243,1.247296,-0.701257
1.823151,1.251973,-0.701111
1.820228,1.248465,-0.698626
1.824028,1.245542,-0.707395
1.82052,1.247881,-0.693365
1.822274,1.249927,-0.691172
1.818182,1.246711,-0.705495
1.831336,1.241742,-0.706665
1.835136,1.245542,-0.70228
1.824028,1.242327,-0.704911
1.827243,1.245835,-0.696726
1.822567,1.240281,-0.697018
1.826074,1.246419,-0.69468
1.824028,1.242911,-0.700672
1.829874,1.240865,-0.700088
1.825782,1.251096,-0.700818
1.821397,1.248465,-0.702865
1.820813,1.246711,-0.698334
1.82549,1.251681,-0.694241
1.822274,1.247588,-0.693657
1.831336,1.24525,-0.692049
1.826951,1.250512,-0.685618
1.820228,1.240865,-0.692341
1.826367,1.244665,-0.691903
1.825782,1.242911,-0.695118
1.826951,1.243496,-0.69468
1.824905,1.252558,-0.704472
1.826074,1.245542,-0.708565
1.827243,1.242619,-0.698772
1.819643,1.244958,-0.694972
1.822859,1.240281,-0.703011
1.82549,1.243788,-0.695265
1.82432,1.24525,-0.707395
1.827243,1.238819,-0.707249
1.831044,1.239404,-0.701695
1.824905,1.248758,-0.709296
1.832505,1.243788,-0.700818
1.821105,1.241742,-0.706519
1.821397,1.248758,-0.705642
1.819643,1.242911,-0.69468
1.82432,1.242034,-0.691172
1.824905,1.242034,-0.696726
1.819351,1.244958,-0.695703
1.822274,1.242911,-0.696872
1.818182,1.240865,-0.700526
1.831336,1.248173,-0.702426
1.826659,1.248465,-0.706811
1.822859,1.234434,-0.703011
1.827828,1.240281,-0.704034
1.82929,1.243788,-0.707249
1.827243,1.253727,-0.705788
1.821982,1.247881,-0.703011
1.828997,1.252558,-0.700526
1.826367,1.251681,-0.708419
1.825197,1.246419,-0.70228
1.821105,1.24905,-0.701111
1.818182,1.247588,-0.704472
1.822859,1.251388,-0.703742
1.825782,1.244958,-0.697603
1.823736,1.247881,-0.700965
1.823443,1.24525,-0.697895
1.826951,1.245835,-0.699211
1.824028,1.240573,-0.701549
1.826367,1.244665,-0.692488
1.818766,1.242911,-0.706226
1.827828,1.243788,-0.701403
1.82929,1.239696,-0.708857
1.828413,1.249342,-0.705788
1.83309,1.25665,-0.708711
1.828413,1.253142,-0.70608
1.823443,1.250512,-0.702718
1.830167,1.247588,-0.705349
1.827828,1.24145,-0.701403
1.826951,1.245542,-0.713388
1.821397,1.246419,-0.70798
1.828413,1.251096,-0.713096
1.830751,1.244665,-0.71748
1.823443,1.248758,-0.710026
1.824905,1.241158,-0.714703
1.827828,1.23765,-0.705349
1.819059,1.243204,-0.712949
1.819936,1.241158,-0.706226
1.819936,1.244958,-0.706957
1.830459,1.252558,-0.696726
1.820228,1.24905,-0.700526
1.831336,1.24525,-0.701257
1.82052,1.246711,-0.703595
1.816136,1.240281,-0.699503
1.822274,1.241158,-0.70418
1.826659,1.240865,-0.703157
1.82052,1.24145,-0.694826
1.828413,1.238234,-0.712803
1.826367,1.239404,-0.703303
1.82812,1.243496,-0.699357
1.831628,1.245835,-0.706811
1.831044,1.247881,-0.698188
1.827536,1.245835,-0.693072
1.82432,1.244081,-0.701695
1.826951,1.243496,-0.710465
1.817013,1.254312,-0.707542
1.821397,1.242327,-0.701403
1.818474,1.243496,-0.697311
1.827536,1.241158,-0.701403
1.82432,1.246127,-0.696288
1.824905,1.242327,-0.713973
1.814966,1.246711,-0.701988
1.827243,1.248758,-0.702718
1.829582,1.247588,-0.704472
1.829874,1.24905,-0.697457
1.82169,1.242034,-0.699065
1.82432,1.24525,-0.709003
1.822859,1.244081,-0.709003
1.833382,1.249342,-0.705203
1.826367,1.247881,-0.707688
1.826367,1.246127,-0.706519
1.824905,1.252558,-0.701549
1.826367,1.249927,-0.707542
1.826951,1.244081,-0.70038
1.827536,1.243788,-0.700965
1.823151,1.246127,-0.705495
1.826951,1.249342,-0.704472
1.828705,1.244373,-0.708126
1.827828,1.251096,-0.69848
1.826659,1.251096,-0.704911
1.827828,1.247588,-0.710465
1.821105,1.238819,-0.703888
1.827828,1.245835,-0.705495
1.821982,1.245835,-0.707249
1.828413,1.247881,-0.697165
1.819936,1.245542,-0.703888
1.82432,1.23765,-0.705495
1.825782,1.249927,-0.704326
1.827828,1.242619,-0.701549
1.827828,1.244081,-0.703303
1.820813,1.249927,-0.708126
1.82432,1.247881,-0.707834
1.824028,1.246711,-0.703011
1.822567,1.241158,-0.697603
1.823443,1.246127,-0.708272
1.818474,1.246127,-0.695557
1.817889,1.244373,-0.699065
1.827243,1.242327,-0.698334
1.827243,1.244958,-0.70038
1.823443,1.246419,-0.702718
1.823443,1.246711,-0.707395
1.821105,1.248758,-0.703742
1.822859,1.244373,-0.694972
1.814089,1.240573,-0.704326
1.814089,1.235604,-0.697603
1.815551,1.236773,-0.701842
1.815843,1.237065,-0.69848
1.819936,1.244373,-0.705203
1.825197,1.247588,-0.713534
1.817597,1.243788,-0.687226
1.817597,1.244958,-0.698918
1.823151,1.242619,-0.705495
1.817305,1.238819,-0.705788
1.824905,1.248758,-0.700234
1.822567,1.250219,-0.699357
1.819059,1.237942,-0.699942
1.825197,1.246127,-0.695557
1.827828,1.244665,-0.70608
1.824028,1.251388,-0.699649
1.820228,1.240281,-0.705203
1.819936,1.249342,-0.702865
1.824905,1.247004,-0.705349
1.820228,1.244081,-0.701988
1.820813,1.248758,-0.70798
1.825782,1.239111,-0.70228
1.821982,1.24145,-0.700088
1.819936,1.239988,-0.69658
1.818766,1.244373,-0.699649
1.823736,1.24145,-0.699357
1.823443,1.245542,-0.705642
1.833674,1.251096,-0.707688
1.82432,1.24905,-0.705934
1.820813,1.244958,-0.695703
1.825782,1.242327,-0.689564
1.824905,1.250219,-0.709149
1.825197,1.247004,-0.69658
1.827828,1.244373,-0.705057
1.826659,1.239988,-0.696141
1.824905,1.243496,-0.701549
1.821397,1.244665,-0.705349
1.829874,1.248758,-0.696434
1.821982,1.241158,-0.702718
1.822859,1.245835,-0.695849
1.822274,1.244958,-0.705642
1.82432,1.244958,-0.694534
1.823151,1.243496,-0.698188
1.826367,1.243496,-0.711926
1.834259,1.237942,-0.70418
1.818474,1.234142,-0.703888
1.827536,1.245542,-0.701403
1.826367,1.243204,-0.697311
1.823443,1.237065,-0.697311
1.819059,1.24905,-0.685034
1.826074,1.248465,-0.701403
1.824028,1.23765,-0.697895
1.822859,1.239988,-0.703742
1.819643,1.245542,-0.69088
1.82432,1.242034,-0.702865
1.82812,1.25285,-0.690588
1.823443,1.245542,-0.694241
1.825782,1.248465,-0.698188
1.82549,1.246711,-0.70418
1.823736,1.248758,-0.694388
1.821105,1.247588,-0.700526
1.824613,1.239988,-0.702572
1.824905,1.244081,-0.698918
1.816428,1.241158,-0.702865
1.82549,1.247881,-0.692488
1.82432,1.245542,-0.686495
1.826951,1.244665,-0.697165
1.82052,1.243204,-0.698626
1.829874,1.235896,-0.70038
1.818474,1.239404,-0.703157
1.822274,1.237065,-0.702865
1.826074,1.243788,-0.704765
1.828997,1.240865,-0.689564
1.830167,1.239696,-0.709442
1.823151,1.245542,-0.704472
1.819059,1.244081,-0.696726
1.819643,1.239696,-0.701549
1.817013,1.239988,-0.708857
1.817597,1.247296,-0.686934
1.827828,1.242034,-0.686057
1.822567,1.239404,-0.693657
1.826951,1.241158,-0.699942
1.82169,1.243788,-0.709003
1.822859,1.243788,-0.697895
1.820228,1.242911,-0.688688
1.822274,1.242034,-0.704034
1.825782,1.24145,-0.694388
1.818474,1.235604,-0.707542
1.826074,1.245835,-0.699795
1.820813,1.241158,-0.701257
1.824905,1.243204,-0.707395
1.815551,1.243496,-0.699649
1.826367,1.250512,-0.689564
1.823736,1.248758,-0.697895
1.824905,1.240865,-0.708272
1.815843,1.243788,-0.69468
1.822274,1.248465,-0.693511
1.831044,1.243496,-0.701403
1.820228,1.242619,-0.696288
1.826367,1.242327,-0.69848
1.814089,1.239696,-0.698626
1.821105,1.244081,-0.685764
1.824613,1.242034,-0.703449
1.831628,1.242034,-0.698188
1.826659,1.24525,-0.688541
1.824905,1.236188,-0.696141
1.826659,1.249635,-0.698041
1.82929,1.240865,-0.687957
1.826659,1.246711,-0.697895
1.819643,1.246419,-0.689418
1.813213,1.243788,-0.692049
1.820228,1.241158,-0.698918
1.829582,1.251681,-0.700965
1.822274,1.240865,-0.701988
1.821982,1.239696,-0.695995
1.823151,1.240573,-0.694826
1.822859,1.242327,-0.699065
1.824613,1.248173,-0.694972
1.822859,1.248758,-0.707688
1.814089,1.246419,-0.691172
1.829582,1.242619,-0.701257
1.822859,1.249342,-0.704911
1.82549,1.254019,-0.696872
1.814382,1.246419,-0.699503
1.822274,1.243788,-0.703011
1.821105,1.242911,-0.691903
1.818766,1.24145,-0.699649
1.814966,1.251973,-0.699795
1.82169,1.240281,-0.701549
1.825197,1.244081,-0.697165
1.827536,1.248173,-0.692926
1.815843,1.245835,-0.703011
1.826951,1.248758,-0.697603
1.817597,1.24525,-0.690734
1.817889,1.251388,-0.698334
1.819643,1.248173,-0.697018
1.817889,1.240281,-0.712803
1.821982,1.248758,-0.690734
1.826659,1.250219,-0.705495
1.815843,1.241742,-0.693511
1.817889,1.247588,-0.71368
1.824028,1.242911,-0.704034
1.827243,1.255773,-0.70228
1.826951,1.253142,-0.699357
1.828997,1.239404,-0.709588
1.821982,1.242619,-0.702718
1.82169,1.250804,-0.703157
1.827828,1.242619,-0.690588
1.82169,1.239404,-0.703888
1.82432,1.244373,-0.696141
1.823443,1.249342,-0.706519
1.828413,1.244373,-0.696872
1.827243,1.247004,-0.694826
1.82169,1.236481,-0.703595
1.831921,1.242911,-0.698334
1.826951,1.244373,-0.701111
1.827536,1.245835,-0.697457
1.833382,1.244665,-0.688249
1.833382,1.241158,-0.704765
1.824613,1.242619,-0.702718
1.822859,1.248758,-0.696726
1.826074,1.247588,-0.703449
1.82169,1.247881,-0.686934
1.826659,1.247881,-0.704034
1.827536,1.251096,-0.714411
1.824028,1.24525,-0.695557
1.820228,1.239111,-0.708565
1.832505,1.250219,-0.694826
1.824028,1.239404,-0.69278
1.824028,1.243204,-0.695995
1.827828,1.241158,-0.690441
1.819936,1.239696,-0.701257
1.817305,1.240281,-0.696434
1.823443,1.242619,-0.702572
1.820813,1.24525,-0.693657
1.827828,1.249927,-0.688103
1.816428,1.246419,-0.705934
1.824905,1.249635,-0.701695
1.827243,1.247588,-0.701988
1.819059,1.244081,-0.697457
1.820813,1.236773,-0.693657
1.820813,1.24525,-0.705349
1.827828,1.251096,-0.69848
1.827828,1.243788,-0.693657
1.827828,1.243788,-0.696726
1.823443,1.242911,-0.693072
1.827828,1.252558,-0.698041
1.821397,1.246127,-0.711196
1.820813,1.239988,-0.705203
1.822567,1.244373,-0.700965
1.817597,1.248465,-0.705349
1.821982,1.24905,-0.700818
1.823443,1.247296,-0.704765
1.829874,1.248465,-0.702134
1.826951,1.248758,-0.698772
1.827828,1.247881,-0.700672
1.815843,1.241742,-0.70418
1.82052,1.248758,-0.690734
1.818182,1.246127,-0.707249
1.821982,1.239988,-0.697603
1.820813,1.250219,-0.696141
1.822274,1.248758,-0.698626
1.828413,1.244081,-0.693949
1.822274,1.243496,-0.688541
1.825197,1.246127,-0.700088
1.823151,1.244958,-0.694534
1.827828,1.239696,-0.694241
1.818766,1.239111,-0.701988
1.821982,1.244373,-0.699357
1.826074,1.253142,-0.696141
1.827243,1.240573,-0.696288
1.823443,1.246711,-0.687226
1.826659,1.250219,-0.701842
1.819351,1.249342,-0.702572
1.828997,1.248465,-0.692341
1.825197,1.248758,-0.689711
1.822274,1.248758,-0.701988
1.831336,1.250219,-0.694826
1.821105,1.250512,-0.69658
1.828705,1.24145,-0.694534
1.822859,1.236481,-0.702865
1.82549,1.24525,-0.706811
1.819643,1.246711,-0.702718
1.821397,1.244665,-0.695703
1.813505,1.247588,-0.711488
1.822859,1.246711,-0.70228
1.823443,1.245835,-0.70038
1.818182,1.247881,-0.699942
1.818182,1.253142,-0.693511
1.823443,1.246419,-0.702572
1.823736,1.247004,-0.707542
1.824905,1.248465,-0.709003
1.826659,1.245542,-0.708272
1.819351,1.248173,-0.695703
1.823736,1.248173,-0.688834
1.819936,1.240281,-0.691318
1.826367,1.242619,-0.704765
1.816428,1.262496,-0.716019
1.798889,1.291728,-0.724496
1.784858,1.33002,-0.751681
1.761766,1.383514,-0.767466
1.73575,1.434376,-0.779743
1.726396,1.469161,-0.786466
1.72318,1.494008,-0.775943
1.719088,1.508623,-0.764396
1.722011,1.516223,-0.750658
1.718503,1.521777,-0.750804
1.727273,1.517977,-0.725811
1.732827,1.515931,-0.705934
1.733119,1.505408,-0.690734
1.751827,1.493423,-0.680357
1.75475,1.483484,-0.660041
1.757089,1.469161,-0.650833
1.780181,1.464776,-0.637533
1.785443,1.446653,-0.62511
1.787197,1.426776,-0.618825
1.793043,1.419176,-0.602894
1.790997,1.406314,-0.58784
1.799766,1.390237,-0.585794
1.808243,1.382929,-0.581994
1.819936,1.369775,-0.573224
1.813505,1.353113,-0.563432
1.821105,1.353113,-0.562116
1.825782,1.344636,-0.559193
1.825197,1.339667,-0.552762
1.825782,1.331774,-0.554078
1.832797,1.32359,-0.550278
1.830459,1.316866,-0.554516
1.834844,1.303712,-0.553932
1.840105,1.293481,-0.547208
1.847121,1.293481,-0.545308
1.846828,1.289681,-0.551008
1.853844,1.277697,-0.539462
1.855598,1.278866,-0.552616
1.847705,1.28062,-0.532447
1.856475,1.273897,-0.531131
1.854429,1.268635,-0.541216
1.853552,1.266589,-0.529524
1.854721,1.264543,-0.54677
1.851505,1.262789,-0.528793
1.856182,1.262204,-0.545016
1.854429,1.261035,-0.538293
1.860567,1.252265,-0.539462
1.865829,1.259573,-0.527623
1.853844,1.254604,-0.538001
1.861152,1.247004,-0.535077
1.854429,1.248758,-0.528208
1.860567,1.247881,-0.542239
1.862613,1.243496,-0.527331
1.860859,1.249342,-0.536977
1.864952,1.248465,-0.534054
1.860275,1.246711,-0.5323
1.859105,1.254604,-0.534493
1.854721,1.238819,-0.529085
1.870213,1.236188,-0.538878
1.870213,1.243788,-0.536685
1.864367,1.24525,-0.532447
1.865244,1.238527,-0.530547
1.865829,1.244373,-0.53917
1.87109,1.242034,-0.539024
1.865244,1.235311,-0.5323
1.864952,1.230927,-0.539901
1.864075,1.238234,-0.529816
1.862029,1.237942,-0.535077
1.871675,1.235019,-0.535224
1.870798,1.235604,-0.537854
1.870798,1.238234,-0.520754
1.869629,1.237357,-0.529816
1.873137,1.236481,-0.518708
1.866998,1.22888,-0.534201
1.869044,1.23765,-0.529231
1.873429,1.230342,-0.524408
1.874598,1.228588,-0.526308
1.87489,1.234727,-0.526162
1.866706,1.230634,-0.532593
1.870798,1.226542,-0.524993
1.868752,1.230634,-0.52397
1.870506,1.231804,-0.525723
1.866998,1.237942,-0.526747
1.868459,1.230634,-0.526308
1.877813,1.234142,-0.524116
1.86349,1.231219,-0.534054
1.874306,1.224203,-0.527185
1.87109,1.230634,-0.53917
1.868459,1.230342,-0.517393
1.877229,1.234142,-0.546331
1.869336,1.231219,-0.522216
1.867583,1.229465,-0.534054
1.876644,1.261619,-0.527477
1.874598,1.234727,-0.528354
1.87869,1.232973,-0.536393
1.874598,1.231511,-0.533177
1.869336,1.230634,-0.520608
1.87489,1.229757,-0.5228
1.877521,1.22625,-0.533616
1.876644,1.224788,-0.527039
1.881321,1.229757,-0.521777
1.87109,1.233557,-0.521923
1.871675,1.232096,-0.530547
1.873429,1.23005,-0.527477
1.867583,1.218942,-0.5285
1.873429,1.225373,-0.526454
1.873721,1.232681,-0.523677
1.872552,1.220696,-0.5285
1.878106,1.227711,-0.526747
1.876937,1.228004,-0.540047
1.877521,1.224203,-0.532739
1.874013,1.223327,-0.531424
1.867583,1.23005,-0.532739
1.871675,1.228004,-0.521046
1.87489,1.229173,-0.516808
1.875475,1.235311,-0.531131
1.866706,1.229465,-0.528939
1.87869,1.231804,-0.523093
1.86729,1.227419,-0.535516
1.867875,1.230342,-0.533031
1.880152,1.230342,-0.526454
1.876644,1.227127,-0.539462
1.873137,1.229757,-0.543993
1.874306,1.228588,-0.539462
1.873721,1.230634,-0.525285
1.864659,1.234727,-0.528062
1.874013,1.234142,-0.5323
1.862321,1.234727,-0.535224
1.870506,1.228588,-0.53537
1.870798,1.228004,-0.535662
1.87109,1.230342,-0.538731
1.875475,1.227419,-0.531716
1.866413,1.229173,-0.526747
1.87109,1.226834,-0.539316
1.868459,1.229757,-0.535516
1.874306,1.231219,-0.529962
1.868752,1.226834,-0.531277
1.868459,1.228588,-0.527185
1.875183,1.232973,-0.525285
1.868459,1.226834,-0.535224
1.862906,1.232096,-0.53157
1.899737,1.230927,-0.53537
1.874598,1.237065,-0.525285
1.876352,1.232681,-0.525285
1.87109,1.231511,-0.5323
1.870213,1.229757,-0.519731
1.869044,1.233265,-0.531716
1.880737,1.232681,-0.5247
1.869629,1.231511,-0.527477
1.869044,1.230342,-0.530254
1.875767,1.230634,-0.52017
1.876352,1.228296,-0.530693
1.869921,1.227127,-0.540485
1.876352,1.227711,-0.528062
1.871967,1.225373,-0.53347
1.875183,1.229757,-0.520608
1.87986,1.225665,-0.530985
1.875767,1.227419,-0.531424
1.869629,1.227127,-0.523093
1.870506,1.231511,-0.521339
1.874306,1.225665,-0.527331
1.874598,1.228588,-0.538878
1.875475,1.223327,-0.527477
1.877813,1.233265,-0.5285
1.871383,1.231804,-0.527039
1.873721,1.232388,-0.5247
1.873137,1.22888,-0.528793
1.873721,1.234727,-0.519877
1.876352,1.230634,-0.532885
1.878106,1.232388,-0.525431
1.873137,1.224496,-0.52397
1.871383,1.226542,-0.531862
1.873429,1.229465,-0.537562
1.869336,1.22508,-0.524408
1.874598,1.230634,-0.535077
1.871967,1.231219,-0.530839
1.871967,1.228296,-0.497662
1.865829,1.229757,-0.539316
1.871675,1.226834,-0.535224
1.874598,1.231804,-0.532593
1.877229,1.22625,-0.536247
1.870506,1.227127,-0.523823
1.873721,1.230342,-0.527916
1.874306,1.231219,-0.528062
1.874306,1.229757,-0.534054
1.87489,1.230634,-0.534785
1.872844,1.230342,-0.53347
1.872844,1.225665,-0.5285
1.872552,1.23005,-0.538001
1.87226,1.22888,-0.527477
1.87109,1.227419,-0.529231
1.870506,1.223034,-0.526747
1.870506,1.224496,-0.52397
1.877229,1.223911,-0.535077
1.87869,1.221865,-0.524408
1.870213,1.232388,-0.5209
1.871967,1.228004,-0.526162
1.869336,1.22245,-0.532739
1.871383,1.226834,-0.526308
1.873137,1.225373,-0.526016
1.868167,1.223619,-0.537708
1.872552,1.230634,-0.538878
1.868752,1.22128,-0.523239
1.875767,1.225665,-0.519146
1.876352,1.230342,-0.519585
1.866706,1.227711,-0.528354
1.874013,1.237065,-0.528208
1.875183,1.232388,-0.518854
1.879275,1.22508,-0.526747
1.867875,1.232096,-0.5228
1.870798,1.225665,-0.518562
1.87226,1.234434,-0.530547
1.879567,1.236481,-0.529524
1.879275,1.230342,-0.522947
1.875475,1.222742,-0.539316
1.872552,1.232681,-0.53157
1.872552,1.227419,-0.532008
1.872844,1.227127,-0.514616
1.872844,1.229173,-0.532154
1.871383,1.223911,-0.531862
1.87606,1.226542,-0.527039
1.870798,1.22888,-0.531716
1.87606,1.227127,-0.531424
1.874306,1.230342,-0.526747
1.868752,1.228004,-0.528208
1.873137,1.228588,-0.519
1.869044,1.223911,-0.529816
1.873137,1.22888,-0.530839
1.870213,1.223034,-0.5304
1.871675,1.229757,-0.560947
1.871967,1.228296,-0.523093
1.869336,1.229757,-0.522947
1.869044,1.234727,-0.523239
1.863783,1.226834,-0.526747
1.86349,1.227419,-0.524847
1.870506,1.227419,-0.527039
1.860275,1.229757,-0.524408
1.871383,1.226542,-0.525139
1.869629,1.22508,-0.533031
1.862029,1.225665,-0.520316
1.866121,1.231219,-0.522947
1.861736,1.229757,-0.520316
1.868459,1.232096,-0.52777
1.867583,1.232388,-0.515054
1.869629,1.227127,-0.525723
1.867583,1.228588,-0.521777
1.866121,1.22625,-0.539608
1.870213,1.228296,-0.510962
1.875475,1.233265,-0.517977
1.875475,1.225373,-0.519293
1.87226,1.234142,-0.527916
1.871967,1.224496,-0.526747
1.873721,1.227711,-0.528354
1.871383,1.222157,-0.538147
1.87489,1.227711,-0.533762
1.869336,1.223327,-0.536977
1.871383,1.223327,-0.526747
1.868752,1.22128,-0.526454
1.872552,1.222157,-0.521923
1.87109,1.223327,-0.53727
1.868752,1.22625,-0.5266
1.871967,1.225665,-0.534493
1.870798,1.221865,-0.53727
1.87489,1.227711,-0.526308
1.870798,1.234142,-0.534054
1.87226,1.232388,-0.525139
1.87489,1.22128,-0.5304
1.87489,1.214557,-0.533908
1.87489,1.22128,-0.546185
1.869044,1.220988,-0.5285
1.87109,1.229757,-0.535077
1.866706,1.223327,-0.528793
1.877521,1.230634,-0.532885
1.866998,1.223911,-0.527477
1.870213,1.227419,-0.536685
1.90646,1.225373,-0.530693
1.871675,1.216019,-0.527331
1.87226,1.228296,-0.529962
1.876352,1.229173,-0.531862
1.875767,1.220403,-0.529377
1.875767,1.227711,-0.527623
1.874306,1.229465,-0.522508
1.878106,1.23385,-0.529524
1.880444,1.222157,-0.532739
1.872552,1.221865,-0.534054
1.874013,1.232096,-0.522947
1.877813,1.22128,-0.523093
1.871675,1.228588,-0.522947
1.876352,1.226834,-0.5152
1.871383,1.223327,-0.529962
1.876352,1.222157,-0.530547
1.871967,1.225665,-0.534931
1.877229,1.231511,-0.525577
1.86729,1.224788,-0.536393
1.871967,1.230342,-0.533762
1.874013,1.224788,-0.527477
1.866706,1.224203,-0.529231
1.870213,1.227711,-0.528062
1.872844,1.225373,-0.527623
1.873137,1.224203,-0.534493
1.871967,1.232388,-0.534639
1.870506,1.227711,-0.52777
1.870798,1.227127,-0.536247
1.869921,1.231804,-0.52397
1.87109,1.226834,-0.530693
1.880444,1.224496,-0.527623
1.878398,1.229173,-0.529816
1.87109,1.232681,-0.531424
1.871675,1.227419,-0.525577
1.87606,1.230342,-0.52587
1.837182,1.227127,-0.534785
1.873137,1.228296,-0.527331
1.865536,1.227419,-0.534493
1.878398,1.227127,-0.524993
1.870506,1.224203,-0.524554
1.872552,1.22625,-0.5209
1.869921,1.229757,-0.527623
1.878398,1.226834,-0.52587
1.87489,1.230634,-0.521339
1.87489,1.224788,-0.525285
1.871383,1.231219,-0.519146
1.872552,1.227711,-0.528354
1.875767,1.22508,-0.531862
1.866706,1.230342,-0.522947
1.872552,1.228296,-0.527477
1.874306,1.227127,-0.527185
1.874598,1.225957,-0.53157
1.869921,1.225957,-0.541216
1.871675,1.227711,-0.540631
1.868459,1.233557,-0.535954
1.861152,1.232681,-0.540485
1.875475,1.228004,-0.535808
1.870506,1.232388,-0.529962
1.871383,1.23005,-0.520754
1.871967,1.234727,-0.527331
1.868459,1.23005,-0.534054
1.869629,1.237942,-0.533177
1.864952,1.238527,-0.524993
1.864952,1.230342,-0.526454
1.874306,1.231804,-0.52587
1.869336,1.22888,-0.527331
1.873429,1.23385,-0.53157
1.873137,1.221573,-0.536247
1.877813,1.229173,-0.533031
1.869044,1.22888,-0.519146
1.863783,1.233557,-0.524993
1.87489,1.234434,-0.535516
1.868752,1.240281,-0.524408
1.868167,1.228588,-0.531862
1.868459,1.229757,-0.531716
1.880737,1.230927,-0.5304
1.87226,1.231804,-0.530108
1.874013,1.227127,-0.520316
1.873137,1.234434,-0.527331
1.864659,1.22888,-0.5285
1.872552,1.230634,-0.5209
1.875767,1.237065,-0.536393
1.871967,1.231804,-0.53347
1.870798,1.223034,-0.531716
1.869921,1.230927,-0.540193
1.871383,1.235896,-0.5247
1.877229,1.230634,-0.528939
1.870506,1.230634,-0.532447
1.873721,1.228296,-0.532739
1.874013,1.235896,-0.529524
1.871383,1.236481,-0.530985
1.87869,1.235311,-0.533031
1.874306,1.233265,-0.540778
1.876644,1.225373,-0.528354
1.87869,1.226834,-0.530985
1.867583,1.231511,-0.539462
1.870213,1.231219,-0.532885
1.873429,1.232973,-0.528647
1.87226,1.234142,-0.535662
1.866998,1.231219,-0.534347
1.86729,1.230927,-0.53537
1.86729,1.228588,-0.533177
1.873429,1.235311,-0.530547
1.869629,1.234434,-0.532154
1.880152,1.228588,-0.537562
1.868459,1.226834,-0.533762
1.875475,1.232681,-0.5285
1.876937,1.238527,-0.5266
1.872552,1.232681,-0.521923
1.87489,1.237065,-0.525285
1.868459,1.231219,-0.529085
1.875183,1.232973,-0.525577
1.882198,1.234142,-0.530254
1.87109,1.230342,-0.529231
1.866413,1.234434,-0.5304
1.872552,1.228296,-0.523093
1.869336,1.234727,-0.531716
1.87606,1.240865,-0.538001
1.870213,1.237065,-0.534347
1.870213,1.233557,-0.536831
1.866706,1.229173,-0.522362
1.866706,1.230634,-0.536685
1.871675,1.227419,-0.541801
1.878398,1.225373,-0.530839
1.874013,1.197603,-0.534054
1.867583,1.230634,-0.545893
1.869044,1.232681,-0.538001
1.874598,1.228588,-0.533616
1.835721,1.231511,-0.533762
1.873721,1.231219,-0.529085
1.867875,1.229465,-0.54107
1.876644,1.236481,-0.544285
1.866706,1.232388,-0.536539
1.868459,1.226542,-0.535808
1.872844,1.232681,-0.53347
1.873429,1.233557,-0.533762
1.870506,1.23385,-0.531424
1.876937,1.229465,-0.534347
1.874013,1.23385,-0.536247
1.867875,1.229173,-0.534347
1.872844,1.23385,-0.535808
1.872844,1.228296,-0.525285
1.869921,1.244665,-0.533031
1.874306,1.232973,-0.530839
1.873137,1.235896,-0.533616
1.880737,1.22888,-0.524262
1.877229,1.229465,-0.529377
1.875767,1.228004,-0.526454
1.877813,1.232681,-0.52207
1.874013,1.232681,-0.530839
1.876352,1.228296,-0.521777
1.877229,1.231511,-0.524993
1.874598,1.233557,-0.536977
1.870506,1.224203,-0.52967
1.878983,1.231511,-0.539316
1.873429,1.227711,-0.529085
1.869629,1.229173,-0.529962
1.868459,1.224203,-0.531862
1.871383,1.224788,-0.529524
1.869921,1.228588,-0.526308
1.866413,1.228004,-0.532739
1.878398,1.223911,-0.53537
1.873137,1.229173,-0.526893
1.868459,1.223034,-0.534639
1.868167,1.233265,-0.532154
1.867875,1.233265,-0.527623
1.876352,1.237357,-0.540485
1.875767,1.232096,-0.544431
1.87226,1.230927,-0.537416
1.873429,1.229465,-0.529085
1.874598,1.228296,-0.528062
1.87869,1.233557,-0.529816
1.869629,1.232973,-0.538439
1.866998,1.220696,-0.532885
1.867583,1.223327,-0.53347
1.873721,1.21748,-0.532447
1.872844,1.231804,-0.532885
1.866413,1.231219,-0.541508
1.874013,1.226834,-0.540047
1.870506,1.221573,-0.528793
1.865244,1.234727,-0.531862
1.865536,1.225373,-0.524554
1.871675,1.225373,-0.53157
1.869629,1.228296,-0.528062
1.873721,1.222742,-0.535077
1.872844,1.233557,-0.5323
1.876644,1.225665,-0.534201
1.872844,1.232096,-0.530693
1.870798,1.230342,-0.526454
1.881614,1.22508,-0.526893
1.874306,1.226834,-0.519439
1.87986,1.226834,-0.518562
1.875475,1.232973,-0.53537
1.876644,1.22128,-0.530839
1.871383,1.230342,-0.528208
1.87606,1.22625,-0.523531
1.876644,1.220111,-0.529377
1.869921,1.223911,-0.528062
1.871967,1.229173,-0.526454
1.869921,1.224203,-0.520462
1.871967,1.229173,-0.530108
1.871967,1.21748,-0.534639
1.878398,1.223619,-0.533177
1.880152,1.231804,-0.536685
1.876352,1.220988,-0.53157
1.878398,1.21368,-0.536831
1.871675,1.221865,-0.535808
1.871675,1.227711,-0.539024
1.871675,1.229465,-0.539608
1.869629,1.222742,-0.533177
1.833967,1.220988,-0.531424
1.867583,1.221865,-0.540339
1.877521,1.232973,-0.533616
1.867583,1.227419,-0.52777
1.873721,1.229465,-0.535954
1.874306,1.223034,-0.528939
1.865829,1.224203,-0.52587
1.875767,1.227127,-0.538147
1.864367,1.223327,-0.543701
1.874306,1.22508,-0.537416
1.869629,1.229173,-0.529377
1.872552,1.223327,-0.5304
1.877521,1.225957,-0.530547
1.875183,1.229465,-0.537416
1.871967,1.220111,-0.531131
1.873721,1.224496,-0.537708
1.874306,1.218357,-0.536831
1.875767,1.218942,-0.531277
1.874013,1.225373,-0.528939
1.873429,1.233557,-0.529085
1.873721,1.233265,-0.539462
1.869921,1.22888,-0.530839
1.866706,1.225957,-0.536977
1.870506,1.229757,-0.52967
1.87489,1.232681,-0.538585
1.87869,1.227127,-0.526454
1.877813,1.237357,-0.532447
1.87489,1.236188,-0.533616
1.871967,1.234434,-0.525577
1.865244,1.227711,-0.532447
1.865829,1.227127,-0.5323
1.875767,1.225373,-0.534054
1.874013,1.224788,-0.536831
1.870213,1.22888,-0.538585
1.868167,1.223034,-0.5323
1.871383,1.224203,-0.52397
1.874306,1.224788,-0.524116
1.864075,1.232681,-0.529962
1.866121,1.228004,-0.5247
1.867583,1.222742,-0.524408
1.877229,1.225957,-0.530693
1.877521,1.232096,-0.5304
1.86729,1.240865,-0.522216
1.86349,1.26805,-0.537854
1.846828,1.315405,-0.547501
1.822567,1.35779,-0.576001
1.793628,1.401637,-0.605671
1.781058,1.432914,-0.62394
1.768489,1.445776,-0.632125
1.770243,1.463022,-0.657118
1.761181,1.474423,-0.660772
1.75475,1.479684,-0.686057
1.739842,1.493715,-0.696434
1.737211,1.496638,-0.706519
1.73195,1.510085,-0.72508
1.734873,1.509208,-0.729027
1.732534,1.515054,-0.73268
1.729319,1.515931,-0.746711
1.734288,1.517685,-0.751388
1.718211,1.509208,-0.76425
1.724057,1.519146,-0.763666
1.729904,1.509792,-0.755627
1.72435,1.511546,-0.76805
1.72318,1.508623,-0.767027
1.718796,1.504238,-0.76922
1.727565,1.499562,-0.77682
1.724057,1.504823,-0.774189
1.728734,1.500731,-0.77302
1.727565,1.5019,-0.78822
1.73078,1.491084,-0.791728
1.732242,1.48553,-0.785443
1.725811,1.491377,-0.781935
1.721426,1.486992,-0.783835
1.729904,1.485823,-0.777112
1.732827,1.480561,-0.78442
1.72318,1.473838,-0.782374
1.736042,1.470038,-0.792751
1.729904,1.469746,-0.795674
1.732242,1.469746,-0.77682
1.729904,1.474423,-0.79012
1.732242,1.465653,-0.793189
1.733704,1.460976,-0.784712
1.73078,1.45893,-0.792166
1.73955,1.460099,-0.808828
1.737211,1.460684,-0.798012
1.740719,1.459807,-0.78632
1.733119,1.451915,-0.79392
1.734581,1.456007,-0.797282
1.73575,1.454838,-0.788658
1.734581,1.454545,-0.794797
1.739258,1.452499,-0.794358
1.743642,1.456299,-0.800205
1.738381,1.453668,-0.79772
1.736042,1.452207,-0.788512
1.740719,1.450745,-0.788074
1.733704,1.455422,-0.803128
1.738673,1.449284,-0.790997
1.740427,1.446653,-0.786466
1.741011,1.457176,-0.791435
1.742765,1.448115,-0.795089
1.740427,1.449284,-0.774043
1.736627,1.443438,-0.793628
1.733119,1.444022,-0.787343
1.733411,1.444899,-0.798451
1.739842,1.44753,-0.802689
1.737504,1.439638,-0.792897
1.741596,1.441391,-0.777989
1.743058,1.437591,-0.79012
1.742765,1.44373,-0.788074
1.746858,1.444022,-0.797428
1.74335,1.439345,-0.79012
1.744811,1.440807,-0.790266
1.739258,1.434668,-0.787928
1.741888,1.43993,-0.784712
1.73575,1.438468,-0.795235
1.739258,1.435838,-0.794943
1.744519,1.429114,-0.782812
1.739258,1.439053,-0.796112
1.73078,1.446361,-0.789097
1.742765,1.439053,-0.79392
1.737796,1.439638,-0.791289
1.739258,1.435545,-0.799182
1.737796,1.437591,-0.787635
1.738088,1.438761,-0.788951
1.739258,1.445776,-0.788951
1.738381,1.43496,-0.781643
1.745396,1.438176,-0.793628
1.751827,1.441976,-0.793189
1.738088,1.433499,-0.82169
1.739258,1.440222,-0.791728
1.738088,1.441099,-0.794943
1.744519,1.440807,-0.793043
1.745104,1.442268,-0.795235
1.731365,1.437591,-0.793774
1.741011,1.441099,-0.788804
1.741304,1.442561,-0.795089
1.736627,1.440807,-0.792458
1.741888,1.441391,-0.795966
1.741011,1.434376,-0.786174
1.736627,1.434084,-0.79202
1.743058,1.430576,-0.794651
1.745396,1.438176,-0.793335
1.74335,1.433207,-0.801812
1.741304,1.441976,-0.787635
1.740134,1.438176,-0.796405
1.733119,1.438761,-0.793628
1.737504,1.43116,-0.791874
1.732827,1.43496,-0.800351
1.744811,1.441976,-0.800351
1.738381,1.448115,-0.803128
1.741888,1.435838,-0.796989
1.738673,1.444899,-0.789097
1.742473,1.437884,-0.792166
1.745981,1.441099,-0.787489
1.738088,1.439638,-0.785443
1.742181,1.449284,-0.797135
1.732534,1.441099,-0.79202
1.73955,1.437591,-0.791728
1.73955,1.436422,-0.794212
1.740719,1.430284,-0.787781
1.742181,1.434668,-0.787928
1.733704,1.437007,-0.785735
1.741011,1.437299,-0.796843
1.742181,1.435838,-0.799912
1.738673,1.437007,-0.796697
1.745688,1.432622,-0.790412
1.738088,1.432622,-0.790558
1.745104,1.439053,-0.79392
1.741888,1.439345,-0.796551
1.736919,1.436422,-0.799035
1.736042,1.439638,-0.803566
1.742765,1.434668,-0.799766
1.737211,1.438176,-0.787489
1.737796,1.441099,-0.79582
1.740719,1.438176,-0.796258
1.736919,1.444314,-0.797135
1.738381,1.442268,-0.818913
1.740134,1.431453,-0.782081
1.741011,1.440222,-0.786466
1.740719,1.443145,-0.782812
1.74335,1.434668,-0.786174
1.738673,1.437591,-0.781789
1.741304,1.435253,-0.789097
1.737504,1.441684,-0.788512
1.74715,1.440514,-0.79202
1.748027,1.440807,-0.791581
1.74335,1.440222,-0.794505
1.742181,1.439053,-0.795235
1.746858,1.431745,-0.786027
1.741304,1.435838,-0.788804
1.745688,1.444314,-0.785151
1.746565,1.43496,-0.795674
1.738673,1.437591,-0.798889
1.742473,1.440514,-0.799912
1.74715,1.439345,-0.792166
1.738381,1.436714,-0.789681
1.74715,1.440222,-0.788658
1.749781,1.438176,-0.781058
1.751535,1.439053,-0.797428
1.74715,1.434376,-0.789243
1.741304,1.43613,-0.792897
1.747735,1.43993,-0.802397
1.732242,1.445484,-0.794943
1.738381,1.440514,-0.793043
1.744811,1.438176,-0.795966
1.744519,1.43233,-0.787928
1.738673,1.437884,-0.796258
1.733704,1.437884,-0.797428
1.744227,1.432914,-0.790412
1.738088,1.435253,-0.78822
1.750658,1.437299,-0.794651
1.744227,1.440514,-0.791143
1.744519,1.444314,-0.796551
1.747442,1.446653,-0.798012
1.743935,1.441684,-0.795528
1.740134,1.447238,-0.804005
1.742181,1.436714,-0.795089
1.742181,1.443438,-0.786758
1.740427,1.441099,-0.789097
1.742473,1.440807,-0.79392
1.741011,1.439345,-0.792897
1.748027,1.438468,-0.788951
1.742765,1.43993,-0.789243
1.741596,1.441391,-0.795235
1.741304,1.435253,-0.785004
1.732242,1.44373,-0.780035
1.749196,1.442268,-0.788804
1.738965,1.438468,-0.786027
1.739842,1.432914,-0.795089
1.739258,1.438176,-0.797135
1.73955,1.438176,-0.793043
1.744811,1.440222,-0.794797
1.742765,1.436714,-0.788951
1.745981,1.435253,-0.803274
1.737796,1.435545,-0.798597
1.737796,1.439053,-0.794797
1.741888,1.432622,-0.793335
1.73955,1.429699,-0.79772
1.735457,1.432037,-0.799766
1.739842,1.43613,-0.79012
1.738673,1.444899,-0.795528
1.736919,1.444607,-0.792458
1.739842,1.43613,-0.792312
1.746565,1.439638,-0.797282
1.74335,1.435838,-0.78252
1.739842,1.435253,-0.790558
1.734873,1.435838,-0.786758
1.743058,1.43613,-0.791289
1.740427,1.438761,-0.785881
1.734581,1.432914,-0.77945
1.740134,1.438761,-0.790997
1.740427,1.435545,-0.790412
1.745396,1.435545,-0.788366
1.741011,1.43233,-0.788366
1.742473,1.438176,-0.797866
1.73575,1.432622,-0.800058
1.743642,1.432914,-0.799035
1.738381,1.436422,-0.796258
1.742473,1.441099,-0.793628
1.741888,1.433791,-0.788074
1.741596,1.440222,-0.785443
1.748612,1.433207,-0.79012
1.740719,1.441391,-0.783543
1.742181,1.43613,-0.795089
1.743642,1.443438,-0.793481
1.741596,1.439638,-0.783104
1.741596,1.437299,-0.784566
1.74335,1.433791,-0.793628
1.740719,1.43993,-0.794651
1.742473,1.435253,-0.78822
1.745104,1.435253,-0.794212
1.742181,1.434376,-0.780327
1.744519,1.440807,-0.795381
1.739258,1.435253,-0.786027
1.745981,1.440807,-0.785735
1.745688,1.444022,-0.790412
1.738673,1.438761,-0.788512
1.736042,1.433207,-0.781643
1.740427,1.441391,-0.78442
1.738673,1.434376,-0.789243
1.736334,1.441099,-0.795089
1.737796,1.43496,-0.787781
1.734288,1.441099,-0.78442
1.738965,1.439053,-0.787489
1.73955,1.446068,-0.792751
1.741596,1.449868,-0.793481
1.738088,1.448699,-0.795674
1.741011,1.440807,-0.787197
1.74335,1.441684,-0.788512
1.744519,1.443438,-0.78252
1.745104,1.436714,-0.796112
1.744811,1.439345,-0.789535
1.750658,1.441099,-0.783397
1.737504,1.434668,-0.788658
1.739842,1.437884,-0.788804
1.740134,1.440222,-0.790412
1.741011,1.437591,-0.788658
1.745104,1.437591,-0.77945
1.745104,1.440514,-0.786466
1.738088,1.438468,-0.793335
1.735457,1.438176,-0.789097
1.738965,1.442268,-0.783543
1.738673,1.444607,-0.79582
1.738088,1.432914,-0.792312
1.738381,1.443145,-0.780912
1.744519,1.43613,-0.790851
1.74335,1.443438,-0.792897
1.737504,1.437884,-0.790412
1.74335,1.440222,-0.789974
1.744519,1.440222,-0.795966
1.743935,1.440514,-0.789535
1.743935,1.446361,-0.779597
1.73955,1.441684,-0.787489
1.741888,1.446068,-0.796112
1.742765,1.440807,-0.784858
1.741596,1.444899,-0.819059
1.741304,1.438176,-0.796697
1.732242,1.444899,-0.791143
1.748027,1.441684,-0.791435
1.742765,1.439345,-0.787635
1.744227,1.43496,-0.785151
1.742765,1.443438,-0.792166
1.746273,1.437884,-0.789243
1.740719,1.447238,-0.797428
1.738088,1.439638,-0.808828
1.739842,1.448407,-0.800351
1.738088,1.443438,-0.793189
1.742473,1.439638,-0.79202
1.748319,1.433207,-0.795674
1.740719,1.432914,-0.787197
1.748027,1.438761,-0.797282
1.736919,1.440222,-0.790704
1.742765,1.445484,-0.785151
1.743642,1.440222,-0.787928
1.73955,1.439345,-0.788804
1.738965,1.43613,-0.78442
1.733704,1.432037,-0.786904
1.742473,1.439345,-0.788366
1.743642,1.443145,-0.793628
1.741596,1.435545,-0.784858
1.742181,1.442853,-0.788074
1.738088,1.442853,-0.78632
1.745396,1.43613,-0.794212
1.738088,1.43233,-0.791728
1.742765,1.437884,-0.794651
1.741011,1.446945,-0.797428
1.737796,1.438468,-0.785589
1.737211,1.436422,-0.786612
1.739258,1.441684,-0.790851
1.741011,1.433791,-0.783835
1.746273,1.439053,-0.797282
1.748027,1.444607,-0.780766
1.745104,1.446068,-0.785589
1.747442,1.445192,-0.793189
1.748319,1.442268,-0.777404
1.744519,1.442853,-0.794505
1.745104,1.441684,-0.791874
1.742473,1.441099,-0.784274
1.745688,1.440514,-0.788512
1.744227,1.438468,-0.787197
1.743058,1.441684,-0.790558
1.736334,1.437884,-0.821836
1.747735,1.442853,-0.786612
1.743935,1.439638,-0.786174
1.743058,1.43993,-0.794358
1.746565,1.444899,-0.780181
1.733119,1.441391,-0.783835
1.743935,1.445192,-0.789535
1.742473,1.444899,-0.777404
1.741304,1.441391,-0.791581
1.738381,1.436422,-0.78135
1.743935,1.435545,-0.793189
1.741011,1.441976,-0.795966
1.743642,1.439638,-0.783397
1.738381,1.445484,-0.780474
1.742473,1.444314,-0.788512
1.737211,1.448699,-0.777404
1.743935,1.440222,-0.787928
1.741888,1.441391,-0.78632
1.745981,1.445484,-0.78442
1.740427,1.445484,-0.778135
1.737211,1.438176,-0.785151
1.744227,1.441391,-0.787635
1.735457,1.436714,-0.792458
1.743058,1.441099,-0.776673
1.748319,1.445484,-0.797574
1.743935,1.445776,-0.794651
1.738381,1.441391,-0.784127
1.739842,1.442268,-0.782227
1.739842,1.446068,-0.787781
1.74335,1.437299,-0.796989
1.744227,1.43496,-0.796551
1.736334,1.441099,-0.793335
1.737504,1.445484,-0.796112
1.743642,1.439053,-0.793043
1.749196,1.447822,-0.789243
1.745981,1.441099,-0.78822
1.745104,1.437007,-0.790412
1.734581,1.439638,-0.792312
1.742473,1.437591,-0.784127
1.747735,1.437299,-0.757381
1.745688,1.445776,-0.783689
1.73955,1.43613,-0.78632
1.740134,1.434668,-0.779304
1.744519,1.440222,-0.78822
1.744519,1.438468,-0.776527
1.746858,1.437591,-0.790997
1.743935,1.436714,-0.78822
1.738965,1.441391,-0.80152
1.747735,1.435545,-0.785151
1.745981,1.440222,-0.79392
1.742181,1.443145,-0.785589
1.750658,1.446653,-0.789681
1.743642,1.449284,-0.799328
1.752412,1.442561,-0.778281
1.743935,1.443438,-0.793189
1.752996,1.441976,-0.78632
1.745104,1.444022,-0.777989
1.740719,1.448992,-0.774335
1.741304,1.440807,-0.784712
1.741304,1.436714,-0.785735
1.741596,1.435545,-0.797282
1.739842,1.448115,-0.783397
1.743935,1.43993,-0.784712
1.742473,1.434084,-0.787343
1.738673,1.437299,-0.798305
1.741011,1.441099,-0.783981
1.739258,1.438468,-0.792458
1.737796,1.440514,-0.796258
1.73955,1.440222,-0.790412
1.735165,1.441391,-0.790266
1.732242,1.43496,-0.79012
1.740427,1.439053,-0.786466
1.735165,1.43993,-0.787781
1.737504,1.441391,-0.823151
1.740719,1.437884,-0.783689
1.742181,1.437591,-0.776089
1.74335,1.441099,-0.79202
1.741304,1.437591,-0.786174
1.739842,1.441099,-0.792312
1.739258,1.438468,-0.779597
1.737796,1.444022,-0.780474
1.73955,1.442853,-0.794505
1.738673,1.435253,-0.79392
1.742181,1.438176,-0.785589
1.750073,1.443145,-0.787343
1.749488,1.441099,-0.792458
1.747735,1.441976,-0.786027
1.736042,1.442853,-0.789535
1.747442,1.441976,-0.791581
1.74335,1.441684,-0.792897
1.740427,1.445776,-0.788804
1.744811,1.43993,-0.785881
1.744227,1.437007,-0.790266
1.743935,1.437591,-0.787489
1.735457,1.436422,-0.782958
1.738965,1.443145,-0.792605
1.733119,1.43993,-0.785735
1.743058,1.438761,-0.785151
1.741304,1.436714,-0.78252
1.745981,1.439638,-0.794651
1.742473,1.435838,-0.794943
1.743935,1.438176,-0.789974
1.742765,1.437591,-0.784858
1.738965,1.440514,-0.793628
1.74715,1.449576,-0.782812
1.736334,1.442561,-0.792605
1.746565,1.441099,-0.782374
1.746858,1.446653,-0.78822
1.742473,1.440514,-0.787489
1.740427,1.446068,-0.795381
1.738965,1.440222,-0.794212
1.735457,1.434668,-0.798451
1.744811,1.439053,-0.793481
1.744227,1.441976,-0.794943
1.74335,1.43993,-0.801082
1.741888,1.441391,-0.786904
1.741596,1.437007,-0.788658
1.738381,1.439638,-0.797135
1.737504,1.441391,-0.79392
1.738088,1.43993,-0.785735
1.741304,1.43496,-0.798012
1.738088,1.444314,-0.810582
1.74335,1.442853,-0.798451
1.745688,1.44373,-0.786027
1.733119,1.442853,-0.785151
1.734581,1.440807,-0.794943
1.740427,1.445192,-0.798743
1.745104,1.437007,-0.791581
1.743935,1.43993,-0.795966
1.742473,1.436422,-0.799328
1.745396,1.45133,-0.794651
1.738673,1.446361,-0.772873
1.741888,1.452499,-0.807805
1.751242,1.451915,-0.790558
1.746273,1.449284,-0.783981
1.744227,1.446068,-0.793189
1.738088,1.446945,-0.787489
1.740134,1.440514,-0.796989
1.742181,1.435545,-0.792605
1.737796,1.439345,-0.784712
1.74335,1.441684,-0.795674
1.739842,1.440807,-0.796405
1.74335,1.442268,-0.792458
1.741304,1.446945,-0.796112
1.740719,1.448407,-0.792897
1.738965,1.440807,-0.801228
1.738965,1.439638,-0.800205
1.73955,1.439345,-0.790704
1.740134,1.437007,-0.797135
1.738381,1.444607,-0.797866
1.73955,1.444607,-0.798305
1.741011,1.444314,-0.787343
1.74335,1.446945,-0.792605
1.73575,1.445192,-0.789535
1.740427,1.44373,-0.796551
1.741304,1.440807,-0.79392
1.740427,1.439345,-0.783251
1.743935,1.448407,-0.79582
1.739258,1.441099,-0.795381
1.747735,1.438176,-0.792458
1.745104,1.440514,-0.797282
1.746858,1.444314,-0.78632
1.745104,1.439053,-0.789243
1.748027,1.443145,-0.791289
1.740427,1.443145,-0.787051
1.73575,1.437007,-0.786027
1.737211,1.431453,-0.793628
1.741011,1.438761,-0.793481
1.737796,1.441391,-0.794212
1.737504,1.437299,-0.790412
1.738088,1.441391,-0.798743
1.742765,1.441099,-0.79012
1.741596,1.441099,-0.793481
1.738673,1.430868,-0.793189
1.745104,1.438176,-0.791289
1.746273,1.449284,-0.790997
1.741596,1.442561,-0.796551
1.743642,1.442561,-0.796843
1.738381,1.440807,-0.794943
1.741888,1.440222,-0.791728
1.737211,1.441391,-0.797866
1.737211,1.440222,-0.785589
1.735165,1.43993,-0.793481
1.738965,1.437884,-0.801959
1.744811,1.448699,-0.803274
1.745396,1.441391,-0.79582
1.740719,1.435253,-0.786612
1.744227,1.436422,-0.784566
1.747735,1.442268,-0.797428
1.738088,1.436714,-0.790412
1.738673,1.439638,-0.802105
1.748319,1.436422,-0.790558
1.743058,1.442853,-0.792312
1.746273,1.441099,-0.78632
1.740134,1.438761,-0.799328
1.742765,1.444607,-0.791581
1.738381,1.434668,-0.792897
1.745104,1.442853,-0.800351
1.744227,1.441099,-0.787051
1.745981,1.444899,-0.79202
1.740719,1.441976,-0.794212
1.737211,1.438761,-0.793774
1.741304,1.444607,-0.800789
1.736627,1.44373,-0.79962
1.743058,1.438761,-0.791435
1.735165,1.438761,-0.784566
1.742765,1.440222,-0.794066
1.732827,1.454253,-0.799182
1.729319,1.477346,-0.798158
1.723765,1.488746,-0.781204
1.722888,1.5057,-0.781497
1.725519,1.513008,-0.761619
1.726396,1.512131,-0.759281
1.73078,1.521485,-0.749196
1.725811,1.514177,-0.750804
1.722303,1.526162,-0.74335
1.731073,1.523823,-0.742181
1.737796,1.512131,-0.716019
1.735165,1.511546,-0.722157
1.737504,1.503654,-0.71178
1.741304,1.499269,-0.707834
1.745104,1.501023,-0.700088
1.742181,1.500731,-0.694095
1.748027,1.489038,-0.693657
1.756212,1.4867,-0.682549
1.752412,1.488454,-0.679187
1.752119,1.489038,-0.687372
1.754165,1.484361,-0.667787
1.751827,1.47793,-0.665595
1.764981,1.477346,-0.659018
1.767612,1.472961,-0.67378
1.759135,1.466238,-0.64601
1.762935,1.464776,-0.65361
1.767027,1.463899,-0.667056
1.767319,1.461853,-0.658726
1.771412,1.45133,-0.646741
1.778427,1.455422,-0.631979
1.77755,1.453376,-0.642941
1.774627,1.446653,-0.644987
1.779597,1.438176,-0.642064
1.774627,1.448115,-0.631102
1.776673,1.44753,-0.63841
1.783981,1.445192,-0.628033
1.77755,1.439638,-0.630664
1.783981,1.441391,-0.63081
1.783689,1.435253,-0.624379
1.776673,1.439053,-0.624086
1.786612,1.440222,-0.632417
1.779597,1.438761,-0.626133
1.786904,1.431745,-0.626133
1.782812,1.44373,-0.629056
1.783689,1.432037,-0.622771
1.785151,1.430284,-0.620579
1.792458,1.427653,-0.623794
1.793043,1.436714,-0.620286
1.793335,1.422683,-0.603625
1.788951,1.43496,-0.617509
1.789535,1.435838,-0.610932
1.787781,1.426484,-0.621602
1.793043,1.42736,-0.618094
1.790704,1.42473,-0.608594
1.795089,1.425314,-0.606255
1.793043,1.421222,-0.619556
1.795381,1.422683,-0.62131
1.796258,1.427068,-0.612394
1.791289,1.417714,-0.611225
1.795089,1.421806,-0.609763
1.79012,1.425606,-0.610786
1.792458,1.42473,-0.617071
1.791874,1.416837,-0.612832
1.793335,1.421222,-0.599094
1.800058,1.423853,-0.623502
1.795381,1.415083,-0.603478
1.798305,1.417714,-0.620433
1.793335,1.415668,-0.619848
1.794212,1.414791,-0.610932
1.796258,1.419176,-0.616194
1.80152,1.420053,-0.613125
1.792458,1.419468,-0.614733
1.791874,1.424145,-0.617802
1.790704,1.422976,-0.612394
1.796258,1.421514,-0.60874
1.799766,1.41713,-0.605086
1.796843,1.422099,-0.618386
1.793628,1.417714,-0.62014
1.798597,1.42093,-0.616779
1.795674,1.41976,-0.618386
1.791581,1.421806,-0.612832
1.793335,1.415668,-0.610494
1.799766,1.418591,-0.62131
1.795674,1.416837,-0.610494
1.790704,1.420637,-0.614733
1.79392,1.41713,-0.611225
1.793043,1.419176,-0.622479
1.79392,1.419176,-0.609617
1.801812,1.422976,-0.609471
1.798597,1.420053,-0.615902
1.795089,1.415376,-0.614148
1.798012,1.418883,-0.604355
1.793628,1.418006,-0.61941
1.789535,1.421514,-0.624379
1.795966,1.412452,-0.601725
1.795674,1.42736,-0.617071
1.793335,1.418299,-0.602748
1.794212,1.423853,-0.603186
1.79772,1.418883,-0.61254
1.796258,1.420345,-0.621163
1.790412,1.418006,-0.616779
1.796843,1.421806,-0.616048
1.792458,1.415376,-0.614002
1.791289,1.417422,-0.605963
1.794797,1.415083,-0.621748
1.793628,1.415083,-0.611225
1.790997,1.415376,-0.613271
1.790997,1.418299,-0.614294
1.795381,1.418299,-0.603478
1.800643,1.409529,-0.605671
1.79772,1.42093,-0.612979
1.798305,1.418006,-0.608009
1.798597,1.425022,-0.611663
1.796843,1.420345,-0.617802
1.798889,1.419176,-0.619117
1.788951,1.418299,-0.619994
1.796258,1.422099,-0.623648
1.792166,1.418006,-0.624671
1.791581,1.421806,-0.622333
1.792166,1.428822,-0.618386
1.793043,1.421222,-0.61824
1.788951,1.421806,-0.609179
1.798597,1.426484,-0.616486
1.793043,1.419468,-0.615025
1.794212,1.425314,-0.616048
1.797428,1.452499,-0.612832
1.798597,1.426484,-0.616194
1.798889,1.421514,-0.621017
1.786027,1.417422,-0.617217
1.793628,1.418299,-0.619848
1.79012,1.426191,-0.614294
1.795381,1.413914,-0.609325
1.795381,1.422976,-0.605379
1.792751,1.422683,-0.607132
1.795089,1.417422,-0.609325
1.792751,1.420637,-0.616486
1.799182,1.422099,-0.609032
1.794212,1.417714,-0.611371
1.789828,1.420345,-0.611809
1.796258,1.427068,-0.610202
1.792751,1.425899,-0.607279
1.792751,1.42093,-0.609909
1.798012,1.420053,-0.604794
1.792166,1.420345,-0.615171
1.79772,1.421806,-0.610932
1.790412,1.419176,-0.609471
1.794212,1.425899,-0.604209
1.792751,1.418591,-0.601871
1.793628,1.422683,-0.611079
1.788658,1.424437,-0.618386
1.800643,1.41976,-0.609909
1.793335,1.426191,-0.606694
1.784858,1.427945,-0.604794
1.794797,1.414791,-0.602163
1.791289,1.420637,-0.611225
1.794212,1.420053,-0.614586
1.788658,1.419176,-0.609471
1.793335,1.415668,-0.617802
1.793628,1.418883,-0.61254
1.794505,1.415668,-0.622186
1.796551,1.419176,-0.611225
1.791874,1.418883,-0.612686
1.793628,1.422976,-0.615171
1.793628,1.418006,-0.617071
1.794212,1.418883,-0.610932
1.795381,1.418006,-0.613563
1.789828,1.422099,-0.614002
1.790412,1.414791,-0.618825
1.793043,1.420637,-0.623648
1.79772,1.419176,-0.613856
1.792166,1.417422,-0.613563
1.798012,1.422683,-0.621748
1.797135,1.422683,-0.608448
1.792458,1.418883,-0.610494
1.789243,1.416545,-0.606548
1.785735,1.415376,-0.614586
1.789828,1.414499,-0.613709
1.793043,1.41596,-0.604794
1.828997,1.421806,-0.61444
1.792458,1.417714,-0.60684
1.790704,1.409529,-0.610348
1.796258,1.414791,-0.605817
1.792458,1.415668,-0.61824
1.786612,1.411576,-0.618386
1.790704,1.419176,-0.614879
1.791581,1.415083,-0.613563
1.793628,1.414499,-0.606402
1.795674,1.416837,-0.607571
1.799474,1.420637,-0.62584
1.794505,1.418883,-0.616779
1.796258,1.421222,-0.607425
1.788366,1.423853,-0.618094
1.791581,1.422976,-0.617363
1.795089,1.418591,-0.614148
1.789535,1.413914,-0.615609
1.787197,1.423853,-0.608009
1.794505,1.416545,-0.603917
1.792458,1.413914,-0.617071
1.793335,1.422099,-0.624233
1.787781,1.418299,-0.611079
1.788366,1.420053,-0.610056
1.789535,1.421806,-0.608009
1.785735,1.418883,-0.612102
1.790997,1.420637,-0.609909
1.789828,1.417714,-0.616486
1.792166,1.417422,-0.60494
1.791874,1.421222,-0.617802
1.789828,1.424145,-0.623063
1.790704,1.421222,-0.625402
1.800643,1.418299,-0.62394
1.790997,1.416545,-0.624086
1.795381,1.416253,-0.621602
1.790412,1.415668,-0.613563
1.791581,1.415668,-0.621748
1.795966,1.411576,-0.625548
1.792458,1.413622,-0.625694
1.800058,1.41713,-0.615025
1.790412,1.418299,-0.628617
1.792166,1.416253,-0.617071
1.794797,1.414791,-0.628325
1.790997,1.41596,-0.609763
1.783689,1.411576,-0.619117
1.789535,1.417422,-0.611956
1.786612,1.408652,-0.608448
1.787489,1.411576,-0.616048
1.79012,1.413037,-0.613563
1.790412,1.411576,-0.62511
1.790704,1.414499,-0.602309
1.793335,1.418883,-0.607863
1.795089,1.415376,-0.614586
1.789243,1.42093,-0.611517
1.787781,1.417714,-0.614879
1.789828,1.412452,-0.623063
1.795674,1.41976,-0.617217
1.789828,1.415083,-0.611956
1.787197,1.417714,-0.604502
1.786904,1.417714,-0.611663
1.795381,1.415083,-0.612979
1.796551,1.416837,-0.616048
1.79392,1.422683,-0.606255
1.788366,1.422391,-0.602309
1.790997,1.422683,-0.608155
1.788074,1.424145,-0.607132
1.790412,1.419176,-0.612832
1.787781,1.410406,-0.612686
1.791874,1.415083,-0.618386
1.791581,1.416545,-0.606255
1.794212,1.414499,-0.615463
1.793628,1.422391,-0.619556
1.789535,1.414206,-0.61444
1.790997,1.419468,-0.616779
1.787781,1.418591,-0.61444
1.785443,1.415668,-0.616194
1.796843,1.416253,-0.620725
1.798597,1.421222,-0.609763
1.793335,1.41713,-0.610932
1.789535,1.419176,-0.618094
1.789828,1.422099,-0.61064
1.781935,1.419468,-0.626863
1.796551,1.427653,-0.628325
1.794505,1.417714,-0.615756
1.789535,1.424437,-0.612248
1.786612,1.424145,-0.610786
1.795966,1.419176,-0.61824
1.794505,1.411868,-0.610348
1.791874,1.418299,-0.620286
1.801812,1.419468,-0.609179
1.795381,1.418006,-0.605086
1.83309,1.416837,-0.613856
1.800058,1.415376,-0.616925
1.79392,1.421514,-0.616194
1.795966,1.418006,-0.61941
1.789535,1.418299,-0.625548
1.792751,1.417422,-0.618533
1.790412,1.41713,-0.607717
1.792458,1.422099,-0.62131
1.793335,1.421222,-0.616194
1.789828,1.414791,-0.612686
1.791874,1.420053,-0.614294
1.792458,1.415083,-0.610494
1.794505,1.421222,-0.618386
1.795966,1.416837,-0.606255
1.796551,1.418883,-0.609763
1.796258,1.420053,-0.616779
1.785443,1.418883,-0.616779
1.794505,1.417422,-0.605525
1.793628,1.415376,-0.610202
1.793335,1.413329,-0.615902
1.795966,1.422099,-0.624233
1.795381,1.41216,-0.616048
1.797428,1.423268,-0.62511
1.796258,1.41216,-0.614586
1.78632,1.41596,-0.619263
1.799474,1.414791,-0.607571
1.792166,1.416545,-0.618533
1.792458,1.413037,-0.61634
1.791874,1.421514,-0.615171
1.79012,1.413914,-0.612102
1.792166,1.413914,-0.606548
1.786904,1.411283,-0.61064
1.793043,1.412745,-0.619702
1.793043,1.405145,-0.617656
1.793335,1.42356,-0.616486
1.784566,1.418299,-0.623356
1.790412,1.413622,-0.618094
1.795089,1.420637,-0.607863
1.795966,1.414791,-0.611225
1.79012,1.408068,-0.608886
1.800058,1.412745,-0.610202
1.793628,1.410114,-0.622771
1.791289,1.415668,-0.621163
1.791581,1.416545,-0.610056
1.792458,1.412745,-0.613563
1.803566,1.411576,-0.615463
1.794505,1.413037,-0.618825
1.832213,1.411283,-0.616633
1.826951,1.411283,-0.614294
1.796843,1.412745,-0.607863
1.796843,1.411868,-0.618971
1.798305,1.414791,-0.611809
1.795089,1.416837,-0.612832
1.791874,1.418883,-0.606986
1.795674,1.41976,-0.617656
1.794797,1.41976,-0.613856
1.793335,1.407776,-0.617948
1.795089,1.416545,-0.613125
1.795381,1.413914,-0.615463
1.787197,1.417714,-0.614733
1.783981,1.413622,-0.633733
1.788658,1.413622,-0.61444
1.795381,1.411283,-0.618386
1.793335,1.405437,-0.62204
1.788951,1.41216,-0.607717
1.791874,1.421806,-0.61064
1.789535,1.415668,-0.614586
1.787489,1.417714,-0.605817
1.792166,1.413329,-0.61444
1.792458,1.42093,-0.614148
1.788951,1.413622,-0.620725
1.782812,1.414791,-0.620579
1.793335,1.414206,-0.615171
1.795381,1.419468,-0.615317
1.795381,1.415376,-0.615756
1.788951,1.410406,-0.61634
1.795381,1.413622,-0.614148
1.794797,1.424437,-0.609909
1.787781,1.417422,-0.61254
1.783689,1.418591,-0.624963
1.788074,1.423853,-0.612394
1.79012,1.417422,-0.608886
1.794212,1.41216,-0.606402
1.796258,1.42473,-0.620725
1.789243,1.420053,-0.62321
1.787781,1.387314,-0.611956
1.786612,1.421222,-0.617071
1.760304,1.422099,-0.606109
1.792458,1.419468,-0.615171
1.79012,1.427653,-0.622186
1.792458,1.426776,-0.609325
1.792458,1.424145,-0.612102
1.790997,1.419468,-0.613709
1.790997,1.41713,-0.615756
1.790997,1.417422,-0.618386
1.791581,1.421222,-0.617071
1.791289,1.417714,-0.616194
1.79012,1.420345,-0.619702
1.784566,1.419176,-0.611371
1.791874,1.411576,-0.616633
1.788951,1.42093,-0.622917
1.785151,1.419468,-0.621894
1.787197,1.422099,-0.620725
1.789535,1.425606,-0.610932
1.793628,1.418883,-0.609909
1.793043,1.413329,-0.612979
1.787197,1.418006,-0.610348
1.791289,1.417714,-0.614733
1.788366,1.420345,-0.607571
1.794212,1.416253,-0.614733
1.793335,1.420053,-0.608594
1.788951,1.416837,-0.597925
1.78632,1.416545,-0.61064
1.793335,1.411283,-0.605817
1.786612,1.42736,-0.618679
1.793335,1.420345,-0.614586
1.792751,1.414206,-0.609909
1.795674,1.415083,-0.609179
1.789828,1.411868,-0.614148
1.789535,1.415083,-0.616779
1.789243,1.417422,-0.623356
1.793043,1.413329,-0.626717
1.79392,1.412452,-0.603186
1.794505,1.418299,-0.618533
1.790997,1.41713,-0.608594
1.788658,1.421514,-0.608886
1.788658,1.413329,-0.610348
1.789535,1.419176,-0.607863
1.792751,1.421222,-0.614148
1.759719,1.42093,-0.620433
1.793628,1.414791,-0.60494
1.793335,1.427653,-0.622186
1.789828,1.42473,-0.618386
1.789243,1.420637,-0.611517
1.778135,1.418006,-0.607863
1.790412,1.413622,-0.602748
1.794797,1.415668,-0.609909
1.787197,1.418591,-0.610494
1.786027,1.416837,-0.614586
1.785443,1.417422,-0.610348
1.790412,1.416253,-0.622625
1.788074,1.418006,-0.611371
1.789535,1.415376,-0.620579
1.790704,1.417714,-0.62204
1.800643,1.42093,-0.607279
1.791874,1.417714,-0.603917
1.787489,1.414206,-0.618533
1.79012,1.413329,-0.615025
1.799766,1.418591,-0.60874
1.795381,1.413329,-0.62394
1.787197,1.423268,-0.613563
1.788951,1.410406,-0.610348
1.790997,1.414791,-0.620725
1.794212,1.414499,-0.626863
1.787489,1.413329,-0.621456
1.792751,1.414206,-0.622333
1.783981,1.41596,-0.61064
1.791581,1.418006,-0.627156
1.794212,1.422099,-0.617509
1.789535,1.418591,-0.611371
1.795381,1.420345,-0.623502
1.792166,1.417422,-0.609617
1.792458,1.424437,-0.609617
1.796843,1.409822,-0.614586
1.79772,1.421514,-0.606986
1.79772,1.422391,-0.608448
1.795674,1.422099,-0.617948
1.787489,1.420345,-0.620725
1.795674,1.414791,-0.620433
1.791874,1.410699,-0.610056
1.791874,1.407191,-0.620579
1.795674,1.413914,-0.607571
1.799766,1.41216,-0.607425
1.792751,1.419176,-0.596025
1.780181,1.452499,-0.604355
1.788366,1.412452,-0.607717
1.785735,1.417714,-0.609471
1.781643,1.416837,-0.611225
1.791289,1.415668,-0.614733
1.792458,1.416837,-0.615902
1.788366,1.41596,-0.606402
1.790412,1.414499,-0.607425
1.793043,1.416253,-0.61254
1.791874,1.415668,-0.613563
1.79392,1.414791,-0.603478
1.797428,1.411868,-0.608886
1.790704,1.413329,-0.596025
1.787489,1.411868,-0.606548
1.791874,1.411283,-0.608009
1.794212,1.412745,-0.607717
1.791874,1.41596,-0.603771
1.788074,1.405729,-0.613563
1.791289,1.411576,-0.61444
1.784566,1.41216,-0.611809
1.788074,1.415083,-0.618679
1.785443,1.403683,-0.623502
1.790704,1.412745,-0.618533
1.790704,1.414791,-0.620725
1.787781,1.415668,-0.618679
1.794212,1.412745,-0.615902
1.800643,1.422099,-0.618825
1.789535,1.412745,-0.612832
1.789243,1.415668,-0.617656
1.794505,1.41976,-0.613417
1.788074,1.413037,-0.617802
1.797135,1.414206,-0.60874
1.791874,1.41976,-0.615171
1.792166,1.41596,-0.62131
1.789243,1.411868,-0.618971
1.793043,1.409529,-0.615902
1.795089,1.416837,-0.607717
1.788366,1.41596,-0.611079
1.787197,1.418006,-0.61634
1.792166,1.420637,-0.616925
1.790704,1.416545,-0.602309
1.788074,1.42356,-0.609909
1.791581,1.41976,-0.613856
1.789535,1.417422,-0.608302
1.788074,1.417422,-0.607571
1.794212,1.418006,-0.603186
1.792751,1.407483,-0.615609
1.793335,1.408652,-0.61064
1.793335,1.415083,-0.622333
1.794797,1.42356,-0.607863
1.793043,1.413914,-0.613125
1.793628,1.410699,-0.61064
1.788074,1.410991,-0.616486
1.788366,1.41596,-0.620871
1.788074,1.416253,-0.612394
1.790412,1.413914,-0.618825
1.791581,1.413914,-0.631394
1.791874,1.411576,-0.621163
1.788951,1.413622,-0.606255
1.79012,1.420053,-0.60684
1.785151,1.418006,-0.612102
1.791874,1.411283,-0.612394
1.789243,1.425022,-0.605232
1.791289,1.414206,-0.60874
1.791581,1.422391,-0.607571
1.792458,1.417714,-0.598655
1.790704,1.420345,-0.599386
1.790412,1.415668,-0.607863
1.791581,1.41216,-0.625256
1.787781,1.416253,-0.623356
1.789828,1.414791,-0.622186
1.792458,1.414499,-0.611956
1.79012,1.405145,-0.619994
1.786904,1.414206,-0.620433
1.791289,1.414791,-0.610932
1.794212,1.413037,-0.615463
1.784858,1.41596,-0.613856
1.789243,1.410406,-0.607132
1.794505,1.405437,-0.615025
1.789535,1.418883,-0.612248
1.790997,1.413914,-0.611079
1.788074,1.411868,-0.611079
1.79012,1.420345,-0.605671
1.794505,1.418591,-0.604502
1.788658,1.418299,-0.611225
1.783981,1.43496,-0.627887
1.771704,1.460684,-0.640456
1.745688,1.483777,-0.684011
1.741011,1.508039,-0.724934
1.725811,1.509208,-0.75665
1.72318,1.503946,-0.774773
1.728734,1.489038,-0.782374
1.729319,1.473546,-0.790704
1.729904,1.427068,-0.783981
1.736042,1.450161,-0.791143
1.744811,1.422976,-0.79392
1.755335,1.402806,-0.791435
1.753581,1.389652,-0.787489
1.767904,1.382637,-0.775358
1.765858,1.364221,-0.773897
1.776381,1.354575,-0.768781
1.770243,1.343174,-0.755773
1.783104,1.333528,-0.747735
1.788074,1.325928,-0.756065
1.783397,1.309559,-0.751827
1.794797,1.311897,-0.748612
1.799182,1.307512,-0.739111
1.79772,1.294358,-0.735019
1.794212,1.281789,-0.726834
1.805612,1.285004,-0.724203
1.802397,1.281204,-0.725373
1.81292,1.273897,-0.72318
1.808828,1.266589,-0.719088
1.80912,1.275943,-0.73195
1.809997,1.267758,-0.724057
1.811166,1.261619,-0.720111
1.809412,1.254896,-0.719673
1.818766,1.255773,-0.710319
1.810289,1.251096,-0.717919
1.813213,1.259281,-0.718065
1.814966,1.254896,-0.706519
1.818182,1.250219,-0.709296
1.818766,1.24525,-0.712657
1.815259,1.251973,-0.710903
1.820228,1.248173,-0.712803
1.817889,1.247004,-0.707395
1.825782,1.254019,-0.699942
1.816428,1.240865,-0.714411
1.820813,1.248465,-0.706665
1.816428,1.244081,-0.700234
1.828705,1.247296,-0.710611
1.818474,1.243788,-0.699065
1.821397,1.24905,-0.699065
1.824613,1.241742,-0.699357
1.817013,1.250512,-0.701695
1.820228,1.239988,-0.709003
1.828997,1.239111,-0.697749
1.825782,1.242619,-0.711196
1.824028,1.237942,-0.714265
1.821105,1.250219,-0.692634
1.826659,1.241742,-0.712072
1.82812,1.243496,-0.712511
1.819936,1.242034,-0.703888
1.82169,1.244081,-0.709149
1.821105,1.247588,-0.710903
1.82432,1.249342,-0.70228
1.819936,1.253435,-0.704034
1.823151,1.243204,-0.701403
1.82812,1.24525,-0.703303
1.82432,1.246127,-0.705349
1.824028,1.243496,-0.704472
1.824028,1.243204,-0.70228
1.822274,1.243496,-0.709003
1.826659,1.251096,-0.710026
1.819643,1.245542,-0.710026
1.814674,1.250219,-0.699503
1.821397,1.250804,-0.717626
1.82549,1.24525,-0.704472
1.812336,1.244373,-0.701988
1.823736,1.238819,-0.697603
1.817013,1.245542,-0.706226
1.821982,1.241158,-0.705349
1.823736,1.239404,-0.706957
1.822274,1.235019,-0.701988
1.826659,1.242911,-0.689418
1.819936,1.240573,-0.705642
1.826367,1.245835,-0.711196
1.81672,1.247588,-0.718796
1.826074,1.244958,-0.709149
1.823151,1.244081,-0.704326
1.828413,1.248173,-0.712365
1.82432,1.240281,-0.705495
1.822567,1.240865,-0.702134
1.821982,1.242034,-0.697457
1.822859,1.244081,-0.703011
1.82549,1.247004,-0.692926
1.821397,1.246711,-0.711488
1.819059,1.251388,-0.713096
1.823151,1.244373,-0.710172
1.821982,1.242911,-0.694388
1.827536,1.244665,-0.703449
1.830459,1.241158,-0.696872
1.822567,1.250804,-0.700818
1.816136,1.241158,-0.700088
1.821105,1.244665,-0.706519
1.813213,1.243496,-0.698772
1.825782,1.24145,-0.701549
1.819936,1.251096,-0.696726
1.816428,1.250219,-0.701549
1.809997,1.238234,-0.701842
1.822859,1.250512,-0.705349
1.82812,1.256065,-0.708857
1.82432,1.244081,-0.697311
1.821105,1.24525,-0.698626
1.819643,1.247296,-0.70418
1.817889,1.244665,-0.710026
1.819351,1.244665,-0.696434
1.816428,1.250512,-0.706811
1.817305,1.242911,-0.70608
1.819643,1.249342,-0.702134
1.818766,1.242619,-0.702426
1.824905,1.243204,-0.694534
1.826074,1.244665,-0.700526
1.816136,1.246711,-0.704619
1.826367,1.246419,-0.710903
1.819351,1.245835,-0.701988
1.823443,1.240573,-0.706957
1.825782,1.246711,-0.698626
1.817013,1.246127,-0.689418
1.815843,1.246127,-0.706372
1.823443,1.244958,-0.707542
1.822859,1.24525,-0.692488
1.822274,1.245835,-0.699065
1.828997,1.244081,-0.698188
1.817597,1.243204,-0.710757
1.821397,1.237942,-0.712072
1.823736,1.243788,-0.714996
1.815843,1.239404,-0.717188
1.819059,1.253142,-0.699065
1.825782,1.250219,-0.704765
1.822274,1.243496,-0.705203
1.82169,1.240865,-0.706372
1.826659,1.243788,-0.717626
1.828705,1.247588,-0.700965
1.823443,1.244373,-0.702865
1.824028,1.24145,-0.70038
1.821397,1.254604,-0.709588
1.822859,1.250512,-0.712365
1.827243,1.240573,-0.710026
1.819059,1.241158,-0.701988
1.81292,1.244081,-0.708565
1.823151,1.244665,-0.712365
1.821105,1.244665,-0.705495
1.81672,1.242619,-0.741596
1.826074,1.251096,-0.700234
1.82052,1.242619,-0.703888
1.824905,1.249927,-0.697457
1.819351,1.249635,-0.706811
1.822859,1.243496,-0.707249
1.824613,1.246711,-0.706811
1.819059,1.248465,-0.69088
1.817305,1.246711,-0.697749
1.807659,1.240573,-0.705788
1.813213,1.245835,-0.706957
1.815551,1.242034,-0.710903
1.824613,1.247296,-0.710611
1.818766,1.243788,-0.711049
1.822859,1.24145,-0.696726
1.821105,1.249635,-0.710172
1.822274,1.24905,-0.710172
1.81672,1.244081,-0.705203
1.822274,1.243496,-0.703449
1.822859,1.242619,-0.704472
1.819643,1.246711,-0.695849
1.819936,1.23765,-0.705057
1.819059,1.245835,-0.704765
1.821982,1.247296,-0.704765
1.830459,1.248173,-0.698772
1.817305,1.243204,-0.710319
1.817013,1.247004,-0.707542
1.822274,1.238527,-0.709003
1.82052,1.246127,-0.699795
1.823151,1.248173,-0.711342
1.819643,1.243496,-0.698334
1.81292,1.243788,-0.709442
1.823151,1.247588,-0.691757
1.817305,1.244958,-0.701695
1.819643,1.246711,-0.697749
1.821397,1.239404,-0.703303
1.819351,1.245542,-0.711926
1.820813,1.235311,-0.702134
1.816428,1.242034,-0.698772
1.819643,1.241158,-0.69658
1.814089,1.244958,-0.707542
1.819351,1.232681,-0.702134
1.821397,1.23765,-0.70228
1.819351,1.244665,-0.705495
1.813797,1.242619,-0.699503
1.818182,1.243204,-0.705642
1.820228,1.246127,-0.709296
1.818182,1.242327,-0.746858
1.817013,1.242034,-0.703742
1.817013,1.242034,-0.709003
1.814382,1.231804,-0.70798
1.817305,1.244665,-0.679772
1.818182,1.237942,-0.707542
1.815843,1.241158,-0.704765
1.82052,1.240865,-0.703742
1.811751,1.245835,-0.716019
1.816428,1.248465,-0.706372
1.816428,1.243496,-0.701403
1.819351,1.244373,-0.718211
1.814382,1.242911,-0.706519
1.812336,1.243496,-0.713096
1.811166,1.243496,-0.70228
1.817013,1.244081,-0.705788
1.819059,1.248465,-0.707249
1.82169,1.246419,-0.705349
1.818474,1.240865,-0.694241
1.819059,1.243204,-0.707249
1.823151,1.241158,-0.709003
1.826951,1.238234,-0.705642
1.817305,1.240573,-0.707395
1.82052,1.243496,-0.700526
1.824905,1.255189,-0.705788
1.818474,1.24525,-0.702718
1.820228,1.242911,-0.691464
1.827243,1.248173,-0.703303
1.824028,1.244958,-0.709149
1.824613,1.238527,-0.714703
1.82432,1.241742,-0.70798
1.826074,1.241742,-0.703449
1.817013,1.24525,-0.698626
1.819351,1.245542,-0.700526
1.823151,1.245542,-0.694388
1.825197,1.250804,-0.69468
1.816136,1.242034,-0.697018
1.823443,1.248465,-0.701403
1.818182,1.242034,-0.706372
1.82052,1.242327,-0.701111
1.812336,1.242911,-0.71178
1.823151,1.242911,-0.701549
1.818766,1.243204,-0.700672
1.822567,1.241158,-0.707103
1.823151,1.245835,-0.698626
1.819936,1.244373,-0.70418
1.816428,1.242619,-0.705495
1.826367,1.240281,-0.708711
1.827536,1.240281,-0.704326
1.825782,1.241742,-0.710903
1.82169,1.244958,-0.701842
1.818766,1.242327,-0.697311
1.82052,1.242619,-0.706226
1.822859,1.246127,-0.708565
1.82549,1.243496,-0.697895
1.819643,1.246419,-0.70798
1.814674,1.24145,-0.700672
1.821982,1.244665,-0.706665
1.819059,1.252265,-0.708711
1.819351,1.243788,-0.707688
1.821397,1.240281,-0.705495
1.81672,1.245542,-0.706957
1.824028,1.246419,-0.704326
1.820813,1.243788,-0.711926
1.822567,1.246419,-0.708126
1.82052,1.240865,-0.711196
1.819059,1.243204,-0.718503
1.826367,1.244665,-0.70608
1.82169,1.241742,-0.711488
1.81292,1.241158,-0.718211
1.816428,1.247296,-0.70038
1.817013,1.247881,-0.700526
1.826659,1.241742,-0.704619
1.823736,1.245835,-0.71368
1.82052,1.242619,-0.70608
1.81672,1.243788,-0.712072
1.819351,1.243788,-0.692341
1.821397,1.233265,-0.703449
1.819351,1.244373,-0.699065
1.818766,1.241158,-0.699649
1.819643,1.240573,-0.701842
1.810874,1.242619,-0.70608
1.819059,1.241158,-0.705642
1.819059,1.247004,-0.708565
1.811459,1.247004,-0.704619
1.819059,1.239404,-0.713388
1.81672,1.241742,-0.70608
1.818474,1.247881,-0.710611
1.817305,1.249635,-0.70798
1.822859,1.246419,-0.699942
1.815551,1.244665,-0.695703
1.822859,1.248465,-0.703595
1.823151,1.243496,-0.712657
1.824905,1.242327,-0.700965
1.810582,1.238527,-0.70228
1.818474,1.241158,-0.703888
1.82052,1.246127,-0.707542
1.819059,1.246711,-0.703595
1.821105,1.242911,-0.712072
1.814382,1.240573,-0.707542
1.820813,1.240865,-0.746419
1.817889,1.243788,-0.703595
1.824613,1.239696,-0.710465
1.819059,1.237942,-0.714703
1.814382,1.244081,-0.709003
1.82169,1.249635,-0.711049
1.820228,1.247004,-0.710026
1.819936,1.249927,-0.693511
1.819936,1.246419,-0.700088
1.815843,1.240865,-0.705788
1.82432,1.241742,-0.711634
1.825782,1.241158,-0.70608
1.819643,1.242619,-0.705203
1.816428,1.248173,-0.706226
1.819643,1.236481,-0.708126
1.824613,1.245835,-0.711634
1.818182,1.244373,-0.699357
1.815551,1.239696,-0.701695
1.812043,1.246711,-0.705203
1.814674,1.242034,-0.705057
1.816428,1.245835,-0.709296
1.82169,1.243204,-0.708272
1.826951,1.248465,-0.697457
1.82432,1.24905,-0.699357
1.82432,1.236773,-0.710903
1.82052,1.241158,-0.700088
1.825197,1.241158,-0.705057
1.820813,1.239696,-0.715434
1.818182,1.247296,-0.706519
1.818474,1.244081,-0.697311
1.82052,1.247588,-0.703595
1.811166,1.244665,-0.70418
1.81672,1.239988,-0.705934
1.827536,1.244958,-0.702426
1.808535,1.267758,-0.718211
1.79772,1.294651,-0.741596
1.770827,1.343759,-0.761181
1.757966,1.399883,-0.784858
1.735457,1.439053,-0.794066
1.729027,1.473253,-0.783981
1.724934,1.499562,-0.78062
1.719673,1.512131,-0.778866
1.717042,1.521485,-0.760012
1.723473,1.519439,-0.753289
1.729027,1.517977,-0.734288
1.733704,1.5095,-0.719526
1.742765,1.496054,-0.707103
1.754458,1.493715,-0.640456
1.752119,1.478515,-0.662964
1.76235,1.489915,-0.647471
1.769658,1.447238,-0.632856
1.786027,1.429699,-0.626425
1.794505,1.414206,-0.621894
1.783981,1.413914,-0.608009
1.798012,1.40076,-0.602748
1.807659,1.385267,-0.595148
1.808535,1.37416,-0.584186
1.821105,1.368606,-0.570155
1.82169,1.346975,-0.571032
1.828997,1.344636,-0.564893
1.821105,1.340251,-0.571032
1.826367,1.337036,-0.583455
1.835136,1.31482,-0.558609
1.821397,1.313359,-0.561239
1.83689,1.306635,-0.545747
1.838059,1.304005,-0.550862
1.838351,1.289974,-0.545162
1.837182,1.294066,-0.538585
1.84829,1.285297,-0.546039
1.840105,1.281497,-0.55247
1.847413,1.282666,-0.539462
1.852675,1.280912,-0.545455
1.850628,1.268927,-0.535954
1.849459,1.268927,-0.542531
1.852967,1.263081,-0.545162
1.860859,1.259573,-0.530547
1.862029,1.259573,-0.541508
1.858229,1.265127,-0.538001
1.865829,1.256358,-0.542093
1.865536,1.251096,-0.539462
1.863783,1.244665,-0.5323
1.852967,1.245835,-0.529962
1.858521,1.243496,-0.545893
1.864075,1.248173,-0.538293
1.864659,1.242327,-0.534347
1.86729,1.236773,-0.548962
1.863783,1.240573,-0.527477
1.864075,1.235311,-0.535808
1.866706,1.235896,-0.530985
1.866998,1.24145,-0.531277
1.865244,1.232096,-0.531424
1.87606,1.238527,-0.527039
1.875183,1.235896,-0.543408
1.863198,1.236481,-0.52777
1.868459,1.237065,-0.522508
1.864075,1.237357,-0.532739
1.867875,1.242034,-0.534931
1.864659,1.23005,-0.537708
1.865244,1.233265,-0.529377
1.869629,1.232388,-0.530985
1.873137,1.231219,-0.5285
1.872844,1.228004,-0.5304
1.871967,1.235019,-0.529085
1.864952,1.225957,-0.5285
1.865829,1.22888,-0.523385
1.859982,1.229757,-0.531277
1.865829,1.227711,-0.522362
1.868459,1.232096,-0.531424
1.861444,1.224788,-0.533031
1.86349,1.228004,-0.530254
1.862613,1.227127,-0.547793
1.866121,1.228296,-0.542824
1.865244,1.226542,-0.521923
1.865829,1.220403,-0.527477
1.871675,1.221865,-0.533616
1.873429,1.227419,-0.530547
1.87606,1.22128,-0.536393
1.869921,1.223327,-0.527623
1.871675,1.225373,-0.523531
1.874306,1.228004,-0.527623
1.870798,1.222157,-0.52587
1.870506,1.215726,-0.518123
1.867583,1.214849,-0.521631
1.871383,1.215434,-0.529085
1.865536,1.223619,-0.530108
1.868752,1.216603,-0.556562
1.872552,1.223327,-0.521046
1.866706,1.220988,-0.525723
1.866413,1.22508,-0.523823
1.87226,1.226542,-0.529816
1.871383,1.225957,-0.522362
1.870506,1.228296,-0.516223
1.868752,1.216896,-0.521046
1.871675,1.21865,-0.527331
1.873137,1.216896,-0.518854
1.865244,1.220988,-0.515785
1.866706,1.219234,-0.519877
1.868459,1.232388,-0.51827
1.866121,1.216019,-0.520316
1.86729,1.223034,-0.527039
1.868752,1.219819,-0.521485
1.865536,1.224496,-0.534931
1.866706,1.223034,-0.521485
1.864075,1.224788,-0.528793
1.87489,1.216311,-0.522654
1.864952,1.225665,-0.527331
1.868459,1.228296,-0.534639
1.863783,1.228004,-0.521485
1.862906,1.224203,-0.524847
1.864952,1.221865,-0.529377
1.864952,1.216896,-0.533762
1.864659,1.223619,-0.518562
1.874598,1.219819,-0.5285
1.87606,1.227419,-0.534201
1.87109,1.226834,-0.541947
1.867583,1.219819,-0.525431
1.874013,1.236188,-0.53537
1.866706,1.22245,-0.526162
1.869629,1.228004,-0.530547
1.869629,1.221573,-0.526016
1.865244,1.231219,-0.529085
1.869336,1.227127,-0.53157
1.863198,1.226542,-0.532154
1.874306,1.232973,-0.536831
1.864952,1.232681,-0.53537
1.869629,1.227419,-0.532739
1.872552,1.231219,-0.532593
1.868752,1.23005,-0.532154
1.874306,1.229757,-0.535516
1.875475,1.226834,-0.534054
1.875767,1.22508,-0.531716
1.873137,1.23005,-0.541654
1.87986,1.219819,-0.528354
1.875475,1.223911,-0.543408
1.867875,1.225957,-0.531716
1.866998,1.224788,-0.533616
1.869044,1.226834,-0.535662
1.874598,1.229173,-0.525285
1.87226,1.230927,-0.528208
1.867875,1.22245,-0.519877
1.869336,1.224203,-0.518854
1.862321,1.228296,-0.531862
1.863783,1.224788,-0.533031
1.870798,1.224788,-0.526308
1.871675,1.228296,-0.529231
1.870213,1.224203,-0.529231
1.866998,1.225665,-0.537124
1.86729,1.226542,-0.540631
1.871675,1.232096,-0.529962
1.869629,1.227711,-0.53727
1.875475,1.232973,-0.529816
1.867583,1.228588,-0.521631
1.87226,1.225957,-0.520754
1.87109,1.221573,-0.542678
1.861736,1.227711,-0.526893
1.862613,1.227127,-0.534054
1.869629,1.22508,-0.529377
1.876644,1.223911,-0.530547
1.869921,1.223619,-0.516223
1.870213,1.225373,-0.543116
1.858813,1.22625,-0.541654
1.869921,1.228588,-0.539754
1.866121,1.227419,-0.539901
1.866413,1.230634,-0.54487
1.86729,1.225957,-0.534347
1.862321,1.22625,-0.530547
1.863198,1.233557,-0.528354
1.87226,1.22128,-0.537416
1.860567,1.228588,-0.537854
1.872552,1.221865,-0.533762
1.865829,1.223619,-0.535516
1.870506,1.226542,-0.530985
1.838351,1.223911,-0.534201
1.905875,1.222742,-0.536101
1.87606,1.220988,-0.53537
1.869336,1.225957,-0.532447
1.874598,1.227711,-0.534347
1.867875,1.22625,-0.531131
1.866706,1.223327,-0.530693
1.867583,1.22508,-0.525577
1.871967,1.219526,-0.532593
1.875183,1.214557,-0.532447
1.861444,1.22888,-0.543262
1.878106,1.232096,-0.536539
1.869336,1.22625,-0.535077
1.868167,1.219819,-0.525723
1.867583,1.221573,-0.529524
1.870798,1.22245,-0.538878
1.876644,1.226542,-0.534931
1.875475,1.228588,-0.528793
1.869336,1.224496,-0.534347
1.867875,1.226542,-0.540485
1.87109,1.22625,-0.527185
1.878983,1.228004,-0.538293
1.880444,1.226542,-0.523385
1.871383,1.224203,-0.540485
1.875183,1.229173,-0.532008
1.870213,1.229757,-0.530108
1.865536,1.219526,-0.535516
1.875475,1.221573,-0.538439
1.870213,1.225957,-0.543847
1.866706,1.221573,-0.534347
1.867583,1.229465,-0.527185
1.873137,1.227127,-0.535077
1.869336,1.221865,-0.533177
1.859105,1.223911,-0.535662
1.869921,1.218065,-0.542093
1.875183,1.222742,-0.524554
1.836597,1.228004,-0.529231
1.865536,1.220111,-0.544139
1.872552,1.223034,-0.526308
1.864659,1.225373,-0.531131
1.861152,1.219819,-0.5171
1.875475,1.218942,-0.530985
1.866706,1.230634,-0.530108
1.866998,1.215142,-0.529085
1.873137,1.22508,-0.52967
1.868752,1.230927,-0.529085
1.865829,1.225957,-0.528939
1.860859,1.224496,-0.540047
1.872552,1.225957,-0.533908
1.864952,1.220988,-0.533324
1.862321,1.220111,-0.530547
1.85589,1.218357,-0.52587
1.868167,1.219526,-0.5304
1.865536,1.216896,-0.529085
1.866413,1.22625,-0.535662
1.868752,1.219819,-0.528354
1.870798,1.220111,-0.533177
1.860275,1.223619,-0.534639
1.872844,1.225373,-0.519731
1.857936,1.218357,-0.527185
1.868459,1.22508,-0.533177
1.869336,1.225373,-0.532593
1.868459,1.220696,-0.526162
1.862321,1.222742,-0.531862
1.864367,1.224496,-0.530985
1.868752,1.229465,-0.531424
1.862906,1.230634,-0.536247
1.869044,1.225373,-0.519293
1.86729,1.226542,-0.517539
1.868167,1.227711,-0.535662
1.867875,1.221573,-0.535662
1.865829,1.226542,-0.525723
1.86349,1.223911,-0.559486
1.881614,1.22888,-0.529962
1.875183,1.23005,-0.534347
1.878983,1.234434,-0.531131
1.879275,1.225373,-0.518708
1.87226,1.225957,-0.536247
1.875183,1.222157,-0.521046
1.864659,1.225665,-0.522947
1.866706,1.228004,-0.533616
1.877229,1.224496,-0.540778
1.880444,1.232973,-0.538878
1.874306,1.223034,-0.534785
1.87109,1.221573,-0.527331
1.865244,1.219819,-0.521923
1.869044,1.22128,-0.529962
1.871967,1.219526,-0.531277
1.87109,1.220696,-0.527331
1.874306,1.225957,-0.5304
1.865829,1.229757,-0.537416
1.87109,1.224496,-0.527916
1.870213,1.225665,-0.5323
1.871967,1.229465,-0.519
1.873137,1.222157,-0.52967
1.871967,1.23005,-0.527623
1.869921,1.22508,-0.530839
1.868459,1.221573,-0.528647
1.877521,1.224203,-0.532447
1.869629,1.227127,-0.536101
1.877229,1.226834,-0.540778
1.87606,1.222157,-0.530108
1.880444,1.232973,-0.532739
1.878106,1.233557,-0.539024
1.87606,1.229173,-0.532885
1.879567,1.229173,-0.518708
1.883075,1.233557,-0.534347
1.876937,1.232973,-0.535077
1.870798,1.230342,-0.523385
1.871967,1.224203,-0.531424
1.866998,1.232096,-0.531862
1.874306,1.228296,-0.527623
1.878106,1.232096,-0.52017
1.877813,1.232388,-0.534785
1.873429,1.235019,-0.532008
1.874013,1.228004,-0.531716
1.876644,1.237357,-0.520316
1.873429,1.236773,-0.527623
1.87226,1.231511,-0.525139
1.87109,1.197895,-0.531716
1.875475,1.225373,-0.526016
1.870798,1.230927,-0.523677
1.874598,1.223327,-0.53157
1.867875,1.234434,-0.527477
1.876937,1.234727,-0.529962
1.873721,1.231219,-0.530839
1.865244,1.23005,-0.531277
1.870213,1.231511,-0.536685
1.866998,1.22888,-0.5304
1.866998,1.228296,-0.528208
1.866706,1.231804,-0.536539
1.87109,1.229173,-0.537124
1.873721,1.225957,-0.53537
1.874013,1.22888,-0.530985
1.868752,1.225957,-0.53347
1.876644,1.232096,-0.533762
1.871967,1.22508,-0.533908
1.874013,1.231511,-0.539754
1.868459,1.226834,-0.533324
1.870506,1.226542,-0.529377
1.874013,1.22625,-0.521631
1.865244,1.223619,-0.535224
1.874598,1.226834,-0.534347
1.87489,1.23005,-0.531424
1.870213,1.225957,-0.531862
1.871675,1.230634,-0.526893
1.873721,1.222157,-0.524554
1.870798,1.224496,-0.526747
1.866121,1.224788,-0.533031
1.869921,1.22128,-0.528354
1.87226,1.221573,-0.542093
1.865244,1.225665,-0.523093
1.869629,1.225665,-0.51827
1.866413,1.227127,-0.519293
1.87606,1.228296,-0.519
1.865244,1.229465,-0.538147
1.869629,1.227419,-0.529377
1.870798,1.223034,-0.523385
1.867583,1.226542,-0.529962
1.869921,1.231219,-0.546624
1.871967,1.22625,-0.5266
1.871967,1.22508,-0.535954
1.870213,1.22508,-0.530839
1.867875,1.22128,-0.543408
1.868459,1.219819,-0.531277
1.868459,1.229465,-0.532008
1.868459,1.227127,-0.518708
1.874598,1.232388,-0.520608
1.907045,1.227711,-0.519146
1.871383,1.219526,-0.531862
1.87869,1.227127,-0.519439
1.871383,1.221865,-0.533031
1.874598,1.223034,-0.522362
1.880737,1.220988,-0.529085
1.875183,1.219526,-0.5266
1.872844,1.224203,-0.53917
1.871675,1.22508,-0.526308
1.874598,1.228004,-0.532447
1.873721,1.223619,-0.534639
1.870798,1.22128,-0.529816
1.872844,1.235019,-0.526454
1.877813,1.223327,-0.541801
1.875475,1.216603,-0.533908
1.872844,1.225957,-0.533908
1.877521,1.228004,-0.545455
1.876937,1.220403,-0.5323
1.868752,1.227711,-0.526162
1.868167,1.224496,-0.532008
1.875475,1.221865,-0.5247
1.871383,1.226542,-0.536977
1.87109,1.224203,-0.539316
1.86349,1.226834,-0.538585
1.870213,1.229173,-0.53537
1.867583,1.224203,-0.538001
1.866998,1.228588,-0.526747
1.866121,1.228588,-0.529085
1.871967,1.222742,-0.540485
1.866413,1.232681,-0.534201
1.872552,1.22128,-0.530547
1.870798,1.22508,-0.525285
1.865244,1.225957,-0.526162
1.860275,1.219526,-0.533762
1.863198,1.223619,-0.534931
1.875183,1.228004,-0.533908
1.868752,1.223034,-0.53347
1.869921,1.220403,-0.537124
1.863783,1.22625,-0.532739
1.870506,1.220988,-0.537416
1.864367,1.22245,-0.536539
1.86729,1.223034,-0.533177
1.867875,1.22508,-0.529231
1.868752,1.222157,-0.5304
1.866121,1.22508,-0.538001
1.860859,1.227127,-0.5228
1.870213,1.220988,-0.530985
1.866998,1.227419,-0.52967
1.874306,1.22508,-0.524847
1.866706,1.224496,-0.529962
1.86729,1.231804,-0.522654
1.868752,1.228004,-0.527477
1.874306,1.225373,-0.532885
1.861152,1.222742,-0.528062
1.87226,1.225957,-0.526016
1.875475,1.221865,-0.53727
1.865536,1.223619,-0.525723
1.869629,1.229757,-0.535954
1.873137,1.22128,-0.536831
1.873429,1.229465,-0.535516
1.874013,1.225665,-0.536539
1.877813,1.227419,-0.531862
1.87109,1.226542,-0.527185
1.870506,1.22888,-0.533324
1.865244,1.227419,-0.527916
1.86729,1.225665,-0.534054
1.872844,1.225957,-0.530985
1.87489,1.220696,-0.528062
1.872552,1.232388,-0.5285
1.875767,1.234727,-0.523093
1.874598,1.229173,-0.532739
1.862613,1.222742,-0.533616
1.870798,1.231219,-0.535224
1.866121,1.231219,-0.534201
1.869629,1.232096,-0.536247
1.872844,1.234142,-0.540924
1.87226,1.226542,-0.526308
1.874013,1.223327,-0.533762
1.874598,1.229173,-0.537708
1.878983,1.229465,-0.545601
1.866998,1.235019,-0.525139
1.864659,1.231511,-0.538439
1.872552,1.228004,-0.526308
1.874013,1.228296,-0.555539
1.878398,1.230634,-0.526747
1.869921,1.227419,-0.535808
1.87489,1.226834,-0.52587
1.869336,1.232973,-0.539754
1.866998,1.229173,-0.527331
1.87489,1.226542,-0.528939
1.870798,1.226834,-0.528354
1.868167,1.233265,-0.529962
1.872552,1.232973,-0.523239
1.864075,1.229173,-0.528793
1.874598,1.233557,-0.534785
1.876937,1.230342,-0.533616
1.86729,1.224496,-0.531862
1.866413,1.230634,-0.529524
1.870798,1.226834,-0.528939
1.869921,1.234434,-0.527916
1.86349,1.229173,-0.529962
1.873721,1.224496,-0.518416
1.871675,1.22245,-0.533908
1.863783,1.228588,-0.52207
1.866413,1.22508,-0.5285
1.870798,1.225665,-0.527039
1.867875,1.22128,-0.534201
1.872552,1.22508,-0.532593
1.87489,1.224788,-0.528062
1.871383,1.221573,-0.5304
1.866998,1.222742,-0.536247
1.876937,1.23385,-0.529524
1.871383,1.226834,-0.522216
1.864075,1.235896,-0.540339
1.865829,1.246127,-0.526016
1.858229,1.274481,-0.534931
1.838351,1.317743,-0.56007
1.813505,1.37036,-0.589155
1.790704,1.408945,-0.607425
1.77755,1.444607,-0.640164
1.77375,1.453668,-0.644695
1.77375,1.465653,-0.65741
1.75855,1.477054,-0.67641
1.756212,1.489038,-0.685764
1.744227,1.498977,-0.69658
1.738381,1.506577,-0.701549
1.72698,1.514177,-0.719526
1.731365,1.518854,-0.72435
1.72815,1.516516,-0.738088
1.724934,1.516808,-0.753142
1.728442,1.515346,-0.753727
1.72318,1.515639,-0.751535
1.730488,1.508039,-0.75095
1.728734,1.511254,-0.768781
1.726396,1.510085,-0.773312
1.723473,1.509792,-0.77945
1.72815,1.502192,-0.781497
1.753581,1.509792,-0.786758
1.756212,1.499854,-0.788366
1.717334,1.501023,-0.778135
1.723473,1.497223,-0.787051
1.721719,1.494592,-0.788074
1.726688,1.481438,-0.794651
1.722596,1.484654,-0.789389
1.72815,1.48173,-0.782666
1.727857,1.474715,-0.78442
1.726396,1.480561,-0.791289
1.738381,1.472669,-0.788951
1.727565,1.473838,-0.779597
1.730488,1.465361,-0.794505
1.735457,1.468869,-0.786612
1.731073,1.466823,-0.790997
1.73195,1.472084,-0.782374
1.729611,1.46653,-0.794651
1.724642,1.468869,-0.79392
1.727273,1.461561,-0.777843
1.737211,1.459807,-0.795966
1.735165,1.45893,-0.796989
1.72698,1.456007,-0.797428
1.731073,1.460392,-0.796112
1.732534,1.461853,-0.787635
1.740134,1.454545,-0.794505
1.739258,1.448699,-0.785443
1.741596,1.449576,-0.791874
1.735165,1.449576,-0.781497
1.736042,1.448992,-0.796551
1.739258,1.46273,-0.783397
1.729611,1.453961,-0.783543
1.734873,1.454838,-0.787343
1.739258,1.449868,-0.790558
1.733704,1.449868,-0.794212
1.73575,1.446068,-0.790412
1.731657,1.447822,-0.804151
1.736334,1.441391,-0.789097
1.737796,1.441391,-0.790266
1.734581,1.443438,-0.787343
1.736334,1.446361,-0.787489
1.737504,1.448115,-0.779304
1.740134,1.444022,-0.785443
1.737796,1.443145,-0.798305
1.728442,1.444022,-0.787489
1.738381,1.442853,-0.786466
1.732827,1.439053,-0.798012
1.735165,1.440514,-0.769512
1.743935,1.444899,-0.791435
1.737796,1.43993,-0.796112
1.743058,1.442853,-0.793628
1.73955,1.445192,-0.787051
1.740719,1.441976,-0.794358
1.731657,1.442853,-0.792312
1.741596,1.444022,-0.793043
1.737211,1.444899,-0.78442
1.741888,1.442853,-0.783981
1.738673,1.446361,-0.783397
1.738965,1.435545,-0.787781
1.73955,1.43496,-0.795528
1.733411,1.444022,-0.789097
1.743935,1.439638,-0.780766
1.735457,1.444022,-0.79202
1.736042,1.430868,-0.780035
1.734581,1.440222,-0.781497
1.73195,1.437884,-0.780474
1.737504,1.434668,-0.781058
1.734581,1.436714,-0.782227
1.734581,1.436422,-0.783104
1.738673,1.434376,-0.780912
1.73575,1.440514,-0.790558
1.736334,1.435545,-0.787343
1.739842,1.437884,-0.788512
1.738965,1.43116,-0.792166
1.733119,1.442268,-0.785589
1.740719,1.438176,-0.791874
1.732534,1.441684,-0.79012
1.739258,1.438176,-0.789097
1.737796,1.437884,-0.790704
1.736919,1.435545,-0.786027
1.736334,1.431745,-0.794066
1.739842,1.444022,-0.79012
1.741011,1.439053,-0.79772
1.743935,1.437007,-0.800497
1.739842,1.434376,-0.782958
1.72815,1.436714,-0.789243
1.736334,1.434084,-0.783981
1.734581,1.442561,-0.789243
1.732242,1.433207,-0.795674
1.733996,1.431453,-0.799035
1.729904,1.43613,-0.787343
1.72815,1.432622,-0.789535
1.738965,1.439053,-0.789681
1.732827,1.437299,-0.785297
1.734288,1.433791,-0.789828
1.738673,1.436714,-0.788951
1.741011,1.439345,-0.785004
1.737504,1.440807,-0.794358
1.739258,1.445484,-0.787343
1.734581,1.443145,-0.791728
1.734873,1.443438,-0.792605
1.73575,1.438176,-0.790851
1.742181,1.444022,-0.792458
1.736919,1.441976,-0.792166
1.73955,1.449576,-0.787051
1.735457,1.43613,-0.785004
1.731365,1.442853,-0.786612
1.731365,1.43496,-0.791143
1.733411,1.440514,-0.788951
1.738673,1.441976,-0.785735
1.736334,1.44373,-0.792166
1.736334,1.440807,-0.792897
1.738965,1.440807,-0.792605
1.742181,1.437884,-0.799182
1.733411,1.435545,-0.798889
1.734581,1.437884,-0.783689
1.731073,1.441391,-0.786758
1.733119,1.44373,-0.786612
1.732534,1.436714,-0.786758
1.741304,1.428237,-0.789535
1.737211,1.445776,-0.797574
1.737796,1.440222,-0.791143
1.737211,1.441684,-0.797866
1.738381,1.441391,-0.790851
1.742765,1.43993,-0.782666
1.737211,1.437591,-0.789535
1.729027,1.441391,-0.784127
1.739842,1.437591,-0.792897
1.732827,1.438468,-0.821982
1.731365,1.438176,-0.788658
1.73575,1.446945,-0.788074
1.729611,1.444022,-0.779889
1.73955,1.446945,-0.779889
1.737796,1.443145,-0.79202
1.729904,1.436422,-0.791874
1.735457,1.442561,-0.794066
1.735457,1.437299,-0.790851
1.734581,1.437884,-0.783543
1.736627,1.437591,-0.792751
1.736334,1.43613,-0.797135
1.736042,1.433791,-0.788366
1.73195,1.438468,-0.794943
1.73195,1.438468,-0.797866
1.734581,1.437007,-0.796112
1.733996,1.435253,-0.787635
1.73955,1.438761,-0.787781
1.736042,1.437007,-0.796697
1.736042,1.443145,-0.794358
1.732242,1.439638,-0.789243
1.731365,1.435253,-0.794066
1.740719,1.442268,-0.786174
1.745396,1.437884,-0.787051
1.738965,1.430284,-0.788074
1.732827,1.435253,-0.798889
1.743642,1.431453,-0.791581
1.733996,1.440807,-0.785589
1.737796,1.436714,-0.800789
1.734581,1.43116,-0.790412
1.731365,1.43993,-0.794797
1.741888,1.43993,-0.800935
1.738965,1.43993,-0.788074
1.738381,1.442561,-0.793481
1.737796,1.433207,-0.789389
1.733119,1.431745,-0.802105
1.733704,1.434668,-0.794943
1.738673,1.439345,-0.801374
1.743058,1.43993,-0.802689
1.73955,1.43613,-0.805759
1.738673,1.444607,-0.793043
1.744519,1.433791,-0.796551
1.748319,1.435253,-0.800789
1.74715,1.434668,-0.80532
1.740134,1.435545,-0.801228
1.736334,1.431453,-0.801666
1.738965,1.436422,-0.791143
1.743058,1.440514,-0.795381
1.739258,1.432914,-0.799328
1.737504,1.43613,-0.801374
1.740427,1.439638,-0.796843
1.743935,1.437007,-0.802543
1.738965,1.440222,-0.795528
1.738088,1.432914,-0.789535
1.741011,1.438176,-0.795528
1.741304,1.438176,-0.787197
1.737211,1.438468,-0.794066
1.741304,1.444607,-0.793481
1.736334,1.43613,-0.795674
1.739258,1.43613,-0.794797
1.730488,1.441684,-0.789243
1.742181,1.443145,-0.794358
1.742473,1.435838,-0.800789
1.735165,1.433499,-0.787343
1.734581,1.430284,-0.795089
1.741304,1.437591,-0.796551
1.746273,1.438468,-0.794505
1.735165,1.437007,-0.801812
1.739842,1.443145,-0.796112
1.738381,1.444607,-0.801812
1.742181,1.441099,-0.804589
1.734581,1.438176,-0.797282
1.740427,1.433499,-0.789974
1.730488,1.43233,-0.796551
1.73575,1.442561,-0.785297
1.736919,1.447238,-0.791874
1.734873,1.432914,-0.789828
1.73078,1.439345,-0.797866
1.740719,1.435838,-0.794212
1.732534,1.441684,-0.794505
1.735165,1.43993,-0.796843
1.739258,1.438176,-0.795089
1.738965,1.438176,-0.794358
1.736919,1.444314,-0.790997
1.73955,1.444607,-0.795674
1.734873,1.437007,-0.798597
1.73078,1.437591,-0.798305
1.738088,1.438761,-0.805174
1.740427,1.43496,-0.803274
1.734581,1.442853,-0.789828
1.734288,1.437007,-0.802105
1.73195,1.437299,-0.79962
1.731657,1.437007,-0.796843
1.739842,1.439345,-0.801812
1.739842,1.444607,-0.79962
1.744811,1.444607,-0.793189
1.739258,1.435253,-0.79392
1.738381,1.435545,-0.79962
1.732827,1.433791,-0.789243
1.74335,1.441099,-0.798451
1.734581,1.439053,-0.799474
1.733411,1.439638,-0.801374
1.741888,1.441684,-0.802689
1.731657,1.43993,-0.793189
1.737504,1.443438,-0.794212
1.729904,1.440514,-0.791874
1.731657,1.437299,-0.787928
1.742473,1.440222,-0.797574
1.743642,1.440222,-0.796258
1.743642,1.444022,-0.800058
1.742181,1.441976,-0.806782
1.733996,1.440222,-0.795381
1.737211,1.439053,-0.788366
1.734288,1.438176,-0.796551
1.741596,1.437884,-0.789097
1.740427,1.446361,-0.793043
1.736334,1.435253,-0.796843
1.740134,1.443145,-0.78822
1.73955,1.43993,-0.790266
1.736627,1.44373,-0.792605
1.736919,1.43993,-0.788658
1.740427,1.439345,-0.793335
1.739258,1.450745,-0.792312
1.742181,1.439345,-0.802543
1.746858,1.446068,-0.793043
1.740134,1.441684,-0.798305
1.744227,1.444607,-0.792605
1.742765,1.43993,-0.794358
1.738088,1.450453,-0.793335
1.745688,1.441099,-0.793628
1.739842,1.442561,-0.792312
1.740427,1.440807,-0.785881
1.734873,1.448115,-0.789389
1.74335,1.445776,-0.790851
1.734288,1.439638,-0.793774
1.740427,1.442853,-0.792166
1.740134,1.443145,-0.787197
1.73955,1.445192,-0.800497
1.739842,1.442853,-0.787051
1.738673,1.439053,-0.794358
1.731657,1.438468,-0.790851
1.734288,1.438761,-0.792897
1.734288,1.443438,-0.796112
1.729904,1.442853,-0.793774
1.736919,1.437007,-0.788512
1.740719,1.442561,-0.786904
1.741011,1.442853,-0.785297
1.744811,1.448407,-0.801666
1.736042,1.437299,-0.820813
1.74335,1.440222,-0.795381
1.738673,1.437007,-0.796697
1.73955,1.441976,-0.805174
1.733119,1.435545,-0.806197
1.736042,1.433791,-0.795089
1.738673,1.437007,-0.796551
1.745104,1.437884,-0.784566
1.743642,1.435253,-0.790412
1.739258,1.446653,-0.796843
1.733704,1.441391,-0.798158
1.738381,1.43993,-0.792897
1.73195,1.443438,-0.794212
1.735165,1.441976,-0.797428
1.741011,1.440514,-0.796405
1.735165,1.441099,-0.785151
1.73955,1.441391,-0.794066
1.733704,1.43613,-0.794505
1.74335,1.439345,-0.791435
1.731657,1.437591,-0.798305
1.741011,1.437591,-0.791435
1.739258,1.438761,-0.789681
1.741596,1.439638,-0.791289
1.735457,1.441391,-0.788951
1.738965,1.434668,-0.790558
1.739258,1.43496,-0.798158
1.744519,1.434668,-0.799474
1.738088,1.434376,-0.784274
1.739258,1.43993,-0.799035
1.73955,1.434668,-0.797428
1.737211,1.432622,-0.797282
1.73195,1.437007,-0.79012
1.734873,1.442268,-0.790997
1.740134,1.438761,-0.787343
1.741888,1.436714,-0.79012
1.740427,1.435545,-0.789974
1.73575,1.441684,-0.796112
1.738088,1.435838,-0.796258
1.737504,1.435253,-0.804297
1.729319,1.429991,-0.792458
1.748319,1.430868,-0.796843
1.739258,1.434376,-0.790412
1.729611,1.429991,-0.793043
1.736919,1.435253,-0.793774
1.73195,1.431745,-0.783251
1.732827,1.437299,-0.792751
1.735457,1.435545,-0.782812
1.735165,1.43233,-0.794797
1.735457,1.440514,-0.802982
1.733996,1.437299,-0.781935
1.741011,1.443438,-0.79392
1.737211,1.433499,-0.791874
1.740719,1.442268,-0.790266
1.744519,1.437884,-0.788804
1.738673,1.440807,-0.788074
1.734581,1.434376,-0.787197
1.738381,1.443438,-0.793189
1.736627,1.439053,-0.79392
1.738673,1.435545,-0.794505
1.740719,1.436422,-0.797428
1.736334,1.438468,-0.792312
1.738381,1.442853,-0.783397
1.732534,1.439638,-0.790851
1.738088,1.441391,-0.787781
1.746565,1.438761,-0.783543
1.734288,1.436714,-0.792458
1.740427,1.437007,-0.787489
1.736334,1.440222,-0.787489
1.733119,1.440222,-0.784712
1.735165,1.444022,-0.796697
1.736919,1.442268,-0.790997
1.739842,1.43613,-0.787489
1.744227,1.437591,-0.789828
1.732242,1.431453,-0.788074
1.738673,1.436422,-0.804297
1.741304,1.439345,-0.801959
1.735457,1.444314,-0.787635
1.737796,1.43496,-0.798889
1.739258,1.432037,-0.79012
1.732534,1.437299,-0.795089
1.73955,1.438468,-0.801082
1.733411,1.442853,-0.791728
1.737504,1.441099,-0.787051
1.740134,1.437591,-0.794797
1.738381,1.436714,-0.793043
1.738381,1.436714,-0.787343
1.741596,1.441391,-0.791143
1.731657,1.444607,-0.797135
1.74335,1.446945,-0.803712
1.73955,1.434376,-0.798451
1.737796,1.446068,-0.793335
1.744519,1.443145,-0.79772
1.735457,1.440807,-0.795089
1.739842,1.434084,-0.788512
1.744811,1.441391,-0.786466
1.737504,1.442561,-0.793189
1.742181,1.440514,-0.785297
1.73195,1.436422,-0.787197
1.738673,1.437884,-0.783397
1.741011,1.442268,-0.789097
1.732242,1.44373,-0.789389
1.73575,1.435253,-0.798743
1.737504,1.433207,-0.790412
1.744519,1.441684,-0.780035
1.734873,1.442853,-0.783251
1.738965,1.436714,-0.782958
1.737504,1.441391,-0.79202
1.73955,1.439345,-0.794651
1.73575,1.431745,-0.796112
1.741596,1.438176,-0.783835
1.729319,1.438761,-0.791289
1.734873,1.442853,-0.78822
1.731365,1.439053,-0.790704
1.730196,1.435838,-0.794651
1.736919,1.443438,-0.783835
1.740427,1.441684,-0.784566
1.739842,1.440514,-0.783981
1.740719,1.439053,-0.785443
1.733704,1.43613,-0.794066
1.737504,1.441391,-0.788804
1.737796,1.450745,-0.790412
1.740134,1.435253,-0.789974
1.733119,1.447238,-0.793189
1.735165,1.446945,-0.79202
1.73575,1.436422,-0.794651
1.740719,1.444899,-0.788512
1.733996,1.445484,-0.796697
1.738381,1.439053,-0.794943
1.733996,1.443145,-0.791874
1.733996,1.437591,-0.759135
1.736334,1.437007,-0.801228
1.733996,1.441976,-0.795966
1.733996,1.442268,-0.794066
1.736919,1.446653,-0.784127
1.737211,1.444607,-0.793189
1.73575,1.442561,-0.799474
1.733411,1.438468,-0.787635
1.732534,1.43993,-0.794943
1.741304,1.436714,-0.79012
1.731657,1.440222,-0.789243
1.737211,1.445192,-0.788512
1.738965,1.440222,-0.796405
1.729319,1.441684,-0.791874
1.740427,1.444899,-0.795381
1.737796,1.440807,-0.79012
1.733704,1.439345,-0.795089
1.733704,1.43993,-0.791728
1.734288,1.444607,-0.800351
1.736042,1.43613,-0.795674
1.732242,1.44753,-0.790997
1.732827,1.447238,-0.797428
1.735165,1.433499,-0.796112
1.73575,1.446653,-0.798305
1.733996,1.439638,-0.790558
1.738673,1.441391,-0.800205
1.741596,1.436422,-0.79962
1.73955,1.438176,-0.790704
1.735165,1.440807,-0.785881
1.737796,1.438761,-0.789681
1.739842,1.443145,-0.786758
1.73955,1.436714,-0.79962
1.743642,1.437299,-0.800058
1.736919,1.440222,-0.785151
1.735457,1.43613,-0.796551
1.742765,1.441684,-0.796405
1.738381,1.439638,-0.792751
1.741888,1.437007,-0.799328
1.740719,1.438761,-0.79202
1.73195,1.430868,-0.794212
1.736334,1.433791,-0.798889
1.727565,1.435545,-0.787635
1.733411,1.429114,-0.797428
1.742473,1.435253,-0.787635
1.731073,1.437884,-0.789243
1.735165,1.438761,-0.794797
1.731073,1.442853,-0.80152
1.741888,1.439053,-0.795089
1.741011,1.442853,-0.802982
1.733704,1.437299,-0.804151
1.737211,1.444607,-0.797574
1.736042,1.442561,-0.793189
1.739842,1.44753,-0.798889
1.740719,1.437007,-0.803566
1.736334,1.441684,-0.801082
1.74715,1.436422,-0.788366
1.736334,1.443145,-0.794066
1.741888,1.446653,-0.80532
1.737504,1.442268,-0.792312
1.735165,1.441099,-0.79392
1.737504,1.441684,-0.791435
1.734581,1.444314,-0.800643
1.737504,1.437299,-0.800205
1.738673,1.435545,-0.790558
1.730488,1.439053,-0.787635
1.740427,1.443145,-0.791728
1.736042,1.437007,-0.798451
1.731073,1.438176,-0.78135
1.732827,1.441391,-0.788366
1.738088,1.44373,-0.79392
1.736042,1.445192,-0.787343
1.734581,1.435253,-0.785735
1.731365,1.438176,-0.790704
1.733996,1.437591,-0.782958
1.741888,1.438761,-0.791435
1.73955,1.430868,-0.793774
1.736627,1.43496,-0.790851
1.738965,1.440222,-0.793335
1.735457,1.440514,-0.791874
1.740134,1.445776,-0.797135
1.743058,1.441976,-0.787928
1.744811,1.438761,-0.800935
1.737796,1.442561,-0.795381
1.73195,1.439053,-0.796258
1.734873,1.442561,-0.802689
1.741596,1.447822,-0.796112
1.736919,1.440807,-0.796697
1.731073,1.437591,-0.789097
1.744519,1.445484,-0.78252
1.735165,1.435545,-0.786612
1.735165,1.437884,-0.795235
1.738381,1.44373,-0.789681
1.739842,1.433499,-0.796405
1.735165,1.441099,-0.797428
1.739842,1.437591,-0.795674
1.736627,1.437007,-0.789828
1.736919,1.440514,-0.779012
1.734873,1.437007,-0.796405
1.736919,1.441684,-0.788804
1.734581,1.457176,-0.784858
1.755042,1.476177,-0.794358
1.725227,1.501315,-0.78822
1.72318,1.515639,-0.780766
1.722303,1.517977,-0.758696
1.722011,1.5095,-0.750073
1.71938,1.524408,-0.75475
1.718796,1.522362,-0.752119
1.727273,1.516808,-0.739404
1.72698,1.510377,-0.725665
1.729904,1.508039,-0.716019
1.730488,1.516516,-0.710465
1.730196,1.510962,-0.703157
1.742473,1.501608,-0.694534
1.733411,1.501608,-0.693511
1.745104,1.501023,-0.690003
1.742473,1.501315,-0.675241
1.746858,1.494008,-0.683134
1.745104,1.489915,-0.680795
1.745104,1.484946,-0.675241
1.750365,1.483192,-0.66501
1.752704,1.473546,-0.661649
1.754458,1.469746,-0.655656
1.755627,1.473546,-0.659749
1.761473,1.465361,-0.652587
1.758842,1.467115,-0.644548
1.762058,1.462438,-0.643525
1.765566,1.466238,-0.644695
1.762058,1.450453,-0.643233
1.771412,1.455715,-0.644256
1.770243,1.448699,-0.635048
1.767319,1.450161,-0.642794
1.781643,1.446945,-0.641625
1.779597,1.451915,-0.638848
1.781058,1.446945,-0.632271
1.771996,1.450453,-0.62964
1.783689,1.447822,-0.630079
1.780181,1.447238,-0.628617
1.783397,1.44373,-0.629348
1.780474,1.436422,-0.63081
1.780181,1.436422,-0.628617
1.77492,1.435545,-0.622333
1.783397,1.434376,-0.617509
1.77492,1.435838,-0.62394
1.77872,1.431745,-0.616048
1.784274,1.430868,-0.620871
1.785735,1.435545,-0.618094
1.784566,1.426191,-0.614733
1.780181,1.422683,-0.621017
1.786027,1.427945,-0.618971
1.783981,1.422391,-0.606694
1.780181,1.427945,-0.618825
1.789243,1.422683,-0.620286
1.792166,1.422391,-0.621602
1.789243,1.422099,-0.621602
1.783689,1.424437,-0.619848
1.782227,1.423268,-0.608886
1.784566,1.422976,-0.617948
1.788951,1.429114,-0.602017
1.788074,1.421222,-0.610932
1.787781,1.422391,-0.62014
1.783104,1.429991,-0.622625
1.780766,1.423853,-0.618094
1.78135,1.419468,-0.606109
1.783397,1.42473,-0.612102
1.783981,1.422391,-0.614148
1.78252,1.414206,-0.604063
1.779889,1.421222,-0.603332
1.787197,1.423853,-0.617656
1.787197,1.428822,-0.612248
1.792166,1.42356,-0.611809
1.78135,1.422683,-0.611663
1.779889,1.420637,-0.621163
1.77492,1.424145,-0.604355
1.781643,1.419176,-0.600848
1.786027,1.417422,-0.614733
1.781058,1.416253,-0.608302
1.779304,1.420637,-0.610056
1.781058,1.41596,-0.611956
1.78252,1.422683,-0.611517
1.783397,1.418591,-0.617802
1.78135,1.421806,-0.612686
1.786612,1.417714,-0.612832
1.790412,1.413622,-0.609032
1.786612,1.42736,-0.601725
1.781935,1.415376,-0.622479
1.782227,1.416253,-0.606109
1.786904,1.418299,-0.606694
1.786027,1.414791,-0.615171
1.788366,1.416837,-0.598363
1.784566,1.411868,-0.606548
1.78252,1.415668,-0.608009
1.785151,1.416545,-0.616486
1.789243,1.410991,-0.608009
1.784858,1.416545,-0.612394
1.788074,1.419176,-0.613563
1.781935,1.412745,-0.616194
1.787781,1.420637,-0.615025
1.793335,1.427653,-0.61254
1.786027,1.42093,-0.612686
1.793335,1.422391,-0.602309
1.789828,1.42093,-0.604355
1.786904,1.415668,-0.614148
1.785151,1.418591,-0.615756
1.788658,1.415668,-0.606109
1.785443,1.415376,-0.604502
1.77872,1.414791,-0.610202
1.790412,1.420053,-0.610056
1.788658,1.41596,-0.609617
1.785735,1.420637,-0.605817
1.781935,1.408068,-0.612394
1.784566,1.412452,-0.607863
1.787197,1.41596,-0.617948
1.78632,1.420637,-0.610786
1.782812,1.41216,-0.60874
1.787197,1.413329,-0.616633
1.786612,1.423853,-0.606548
1.787489,1.42093,-0.612248
1.787781,1.42093,-0.610202
1.792458,1.418591,-0.614586
1.787489,1.416253,-0.613271
1.783981,1.417714,-0.616925
1.786904,1.412745,-0.607279
1.782227,1.414499,-0.60114
1.789243,1.413622,-0.615463
1.784566,1.415668,-0.610056
1.786904,1.41596,-0.619556
1.788074,1.422976,-0.609032
1.788074,1.42356,-0.607863
1.788658,1.416837,-0.605232
1.792166,1.417422,-0.610932
1.792166,1.428237,-0.615756
1.789535,1.41713,-0.609032
1.788074,1.412745,-0.604209
1.782812,1.420345,-0.607279
1.78252,1.421806,-0.619994
1.785151,1.415668,-0.614148
1.794505,1.414791,-0.609909
1.784858,1.421806,-0.621748
1.783397,1.422099,-0.614002
1.791581,1.421222,-0.610056
1.789828,1.420637,-0.621163
1.786612,1.423268,-0.609325
1.781935,1.41596,-0.607132
1.783981,1.416837,-0.606986
1.786612,1.415668,-0.606694
1.788366,1.418299,-0.612979
1.784858,1.419468,-0.604063
1.794212,1.41976,-0.610202
1.792458,1.413914,-0.617948
1.785443,1.417422,-0.604648
1.794212,1.414791,-0.612248
1.788658,1.410114,-0.613709
1.79392,1.41216,-0.606402
1.792458,1.417714,-0.606402
1.790412,1.411576,-0.607571
1.79012,1.420345,-0.615609
1.793628,1.416253,-0.615171
1.784274,1.413914,-0.612979
1.795089,1.417422,-0.60874
1.789535,1.416837,-0.609471
1.795089,1.41976,-0.619848
1.790704,1.416253,-0.616486
1.786904,1.415668,-0.616048
1.78632,1.414791,-0.622333
1.792458,1.41713,-0.613125
1.793043,1.420637,-0.623356
1.791874,1.41976,-0.613125
1.795674,1.418883,-0.631833
1.798012,1.41596,-0.600848
1.794212,1.418006,-0.61444
1.783397,1.426191,-0.62891
1.791874,1.415376,-0.606402
1.795381,1.41216,-0.612248
1.791289,1.413914,-0.618386
1.79012,1.418299,-0.61254
1.788951,1.415083,-0.621894
1.789828,1.410699,-0.619994
1.788658,1.420345,-0.622771
1.788658,1.409237,-0.613563
1.784566,1.418006,-0.617071
1.793043,1.412745,-0.609617
1.78632,1.41976,-0.60304
1.792458,1.408652,-0.605817
1.801228,1.410406,-0.612686
1.794212,1.420053,-0.617509
1.787197,1.415376,-0.619994
1.788366,1.415668,-0.609325
1.786904,1.418591,-0.621163
1.789535,1.418299,-0.616925
1.790412,1.416253,-0.609179
1.783981,1.416837,-0.603917
1.796551,1.410114,-0.604063
1.784274,1.418299,-0.616486
1.792166,1.414791,-0.610202
1.786027,1.41596,-0.607571
1.796843,1.41976,-0.611079
1.791581,1.415083,-0.611956
1.790997,1.414206,-0.609471
1.789828,1.413622,-0.609617
1.790997,1.417714,-0.608009
1.790412,1.418299,-0.615025
1.789828,1.420345,-0.61064
1.786904,1.415376,-0.610056
1.789828,1.419176,-0.61064
1.784566,1.419176,-0.606548
1.786904,1.414206,-0.613125
1.784274,1.413329,-0.602602
1.787489,1.420345,-0.614733
1.794212,1.422683,-0.633148
1.790997,1.417714,-0.613563
1.795966,1.415083,-0.615902
1.788074,1.410114,-0.613417
1.786612,1.417714,-0.620579
1.792458,1.413622,-0.611663
1.788658,1.418006,-0.601578
1.789535,1.417422,-0.618825
1.790704,1.425022,-0.625402
1.791581,1.413914,-0.623502
1.794505,1.422683,-0.627156
1.785443,1.41596,-0.620286
1.793628,1.412452,-0.616048
1.786612,1.413622,-0.615317
1.794505,1.420637,-0.616633
1.789535,1.427068,-0.609179
1.794505,1.41713,-0.618825
1.791289,1.415376,-0.623794
1.792458,1.419468,-0.617217
1.788951,1.413037,-0.606694
1.792166,1.411868,-0.616925
1.789828,1.417714,-0.598509
1.79392,1.415083,-0.615171
1.794505,1.418591,-0.610202
1.789243,1.418299,-0.610494
1.789243,1.422099,-0.621894
1.796551,1.41713,-0.615317
1.793628,1.420053,-0.617217
1.796551,1.423268,-0.607425
1.784566,1.413622,-0.621456
1.790997,1.410991,-0.610202
1.793043,1.419468,-0.614148
1.789535,1.414206,-0.616779
1.79392,1.420053,-0.613271
1.791289,1.414791,-0.614586
1.790412,1.411868,-0.617656
1.787489,1.422391,-0.609471
1.795966,1.422391,-0.614294
1.790412,1.419176,-0.604063
1.785735,1.417714,-0.611079
1.789828,1.418006,-0.601578
1.788366,1.416837,-0.610348
1.79012,1.421514,-0.619117
1.788366,1.408652,-0.619556
1.795089,1.422683,-0.609471
1.787781,1.420637,-0.608155
1.787197,1.419176,-0.612686
1.794797,1.424145,-0.607863
1.788074,1.419468,-0.613417
1.787197,1.419468,-0.610348
1.789243,1.418591,-0.618533
1.789535,1.421514,-0.613125
1.784858,1.418591,-0.619117
1.784858,1.418883,-0.618971
1.787489,1.418299,-0.614879
1.792751,1.415668,-0.616925
1.786027,1.422099,-0.619994
1.784858,1.41976,-0.620871
1.791289,1.421222,-0.61444
1.78632,1.410699,-0.60494
1.79012,1.416837,-0.613563
1.791874,1.41596,-0.625548
1.792166,1.412745,-0.613417
1.791874,1.413329,-0.614879
1.795381,1.413622,-0.608594
1.784858,1.414499,-0.611809
1.787489,1.414499,-0.611079
1.784566,1.41596,-0.608009
1.785151,1.418883,-0.611225
1.78632,1.386729,-0.604648
1.793628,1.419468,-0.608594
1.791581,1.422099,-0.61444
1.793043,1.420053,-0.61824
1.784566,1.42356,-0.615317
1.789535,1.42356,-0.608886
1.791874,1.415668,-0.611371
1.788658,1.410699,-0.625548
1.796551,1.41596,-0.618533
1.785443,1.413622,-0.612832
1.795674,1.415376,-0.602748
1.796843,1.416837,-0.61824
1.791289,1.418299,-0.609617
1.78632,1.413037,-0.616048
1.793628,1.414206,-0.602309
1.792166,1.413914,-0.597778
1.791289,1.421514,-0.62321
1.788366,1.422391,-0.613856
1.793628,1.418299,-0.606694
1.799766,1.425022,-0.60684
1.793335,1.422391,-0.61634
1.791874,1.418883,-0.619556
1.790997,1.414499,-0.619263
1.785151,1.416545,-0.61444
1.786027,1.414206,-0.604648
1.788951,1.415668,-0.614294
1.792166,1.416837,-0.601871
1.789243,1.414206,-0.611225
1.788366,1.410114,-0.60494
1.788951,1.413037,-0.609179
1.792166,1.413914,-0.616486
1.795674,1.418883,-0.607863
1.795381,1.41976,-0.62204
1.790704,1.414499,-0.613709
1.793043,1.411576,-0.608448
1.787781,1.418299,-0.606548
1.793043,1.412745,-0.613417
1.791874,1.418591,-0.604209
1.781058,1.412452,-0.615171
1.790412,1.422683,-0.611079
1.784858,1.408068,-0.609471
1.784858,1.418299,-0.613417
1.785735,1.416253,-0.613856
1.790997,1.413329,-0.615025
1.789535,1.415376,-0.606109
1.790997,1.415668,-0.607571
1.782812,1.418006,-0.605379
1.786027,1.415376,-0.610348
1.788074,1.422683,-0.607863
1.788366,1.412745,-0.608594
1.792166,1.41596,-0.620725
1.789535,1.412452,-0.614733
1.792751,1.42356,-0.612832
1.831044,1.42093,-0.618825
1.79012,1.416545,-0.612248
1.791874,1.419468,-0.610056
1.790704,1.410991,-0.611371
1.794212,1.41976,-0.609032
1.788366,1.419176,-0.612102
1.791581,1.417422,-0.600994
1.793043,1.413329,-0.60684
1.790704,1.414206,-0.616194
1.787197,1.418299,-0.616048
1.791581,1.414791,-0.609325
1.788366,1.41713,-0.603478
1.787781,1.415376,-0.609909
1.789535,1.410699,-0.615756
1.791289,1.418883,-0.617509
1.793335,1.41976,-0.608009
1.794212,1.416253,-0.611079
1.792458,1.414499,-0.603625
1.784566,1.414206,-0.620286
1.787489,1.418006,-0.614879
1.789535,1.414791,-0.615317
1.795089,1.41596,-0.607425
1.791874,1.416545,-0.614002
1.796843,1.420345,-0.613271
1.791874,1.416545,-0.618533
1.788366,1.418591,-0.606548
1.79772,1.413914,-0.610348
1.793335,1.414499,-0.614586
1.790704,1.417422,-0.608009
1.795381,1.419176,-0.611956
1.789243,1.419176,-0.607863
1.791289,1.412745,-0.607717
1.785151,1.416837,-0.605963
1.794212,1.420637,-0.610932
1.793043,1.418299,-0.613271
1.798889,1.415668,-0.606109
1.793043,1.416253,-0.597778
1.792166,1.416837,-0.604063
1.787781,1.419468,-0.617656
1.789535,1.424145,-0.613125
1.790997,1.414499,-0.617948
1.794212,1.416253,-0.601578
1.78632,1.419468,-0.603478
1.792458,1.413329,-0.604648
1.784274,1.414791,-0.608886
1.793628,1.411576,-0.599971
1.79392,1.414499,-0.606109
1.795674,1.414499,-0.603771
1.798012,1.417422,-0.603186
1.79012,1.414791,-0.611809
1.791874,1.412452,-0.614294
1.787197,1.41216,-0.613417
1.793628,1.384683,-0.602017
1.791874,1.418591,-0.606986
1.760304,1.412452,-0.609617
1.793043,1.418006,-0.611663
1.788366,1.413037,-0.610932
1.78632,1.415083,-0.610348
1.798597,1.417714,-0.609325
1.795089,1.415083,-0.611079
1.794505,1.415668,-0.613125
1.79012,1.415083,-0.615317
1.790997,1.414499,-0.61444
1.793628,1.41216,-0.604063
1.78632,1.417714,-0.613271
1.793043,1.413037,-0.602309
1.790412,1.413914,-0.612832
1.79392,1.420637,-0.615463
1.782812,1.411576,-0.603332
1.788366,1.413914,-0.611956
1.791874,1.414499,-0.611079
1.797135,1.409822,-0.613417
1.795674,1.414791,-0.617071
1.791874,1.409237,-0.612686
1.793628,1.413037,-0.621602
1.79392,1.414791,-0.616048
1.796843,1.411868,-0.622771
1.786027,1.420053,-0.614733
1.795674,1.41596,-0.627448
1.802689,1.409237,-0.622333
1.792751,1.42356,-0.609617
1.801228,1.41216,-0.618679
1.79392,1.409529,-0.616925
1.788951,1.411576,-0.619117
1.791289,1.408945,-0.60684
1.793335,1.411283,-0.615756
1.787197,1.411576,-0.614733
1.794797,1.410991,-0.60684
1.789535,1.414791,-0.617071
1.787197,1.417422,-0.61254
1.79012,1.411868,-0.616925
1.788074,1.415083,-0.639287
1.796258,1.411576,-0.611517
1.79012,1.413914,-0.62014
1.792751,1.416253,-0.621163
1.798012,1.414499,-0.615756
1.793043,1.416253,-0.61444
1.788951,1.418299,-0.61064
1.795674,1.427945,-0.611956
1.788074,1.418299,-0.611517
1.793335,1.418006,-0.617509
1.788074,1.418591,-0.608302
1.79392,1.412745,-0.618679
1.793335,1.417714,-0.625402
1.792166,1.412452,-0.62131
1.794505,1.418591,-0.615756
1.791874,1.411283,-0.611079
1.787489,1.41596,-0.618386
1.787197,1.408945,-0.618094
1.790704,1.41216,-0.615756
1.79392,1.414206,-0.614294
1.789243,1.416545,-0.612686
1.789828,1.412452,-0.627594
1.788366,1.41713,-0.623356
1.78632,1.416545,-0.61824
1.781935,1.410406,-0.612686
1.791581,1.411283,-0.61634
1.790997,1.42356,-0.611079
1.795966,1.41216,-0.609909
1.790997,1.414499,-0.614586
1.78632,1.420053,-0.61444
1.787781,1.417714,-0.611079
1.787197,1.40836,-0.604648
1.790704,1.411576,-0.606986
1.79772,1.411576,-0.603625
1.786904,1.413914,-0.612979
1.795381,1.415668,-0.60304
1.790997,1.416837,-0.617948
1.794505,1.415083,-0.609032
1.793628,1.418591,-0.620579
1.79392,1.410991,-0.612979
1.795674,1.412452,-0.611809
1.784858,1.418299,-0.607571
1.791874,1.41596,-0.611517
1.795089,1.414791,-0.613271
1.786904,1.41596,-0.610202
1.787197,1.415376,-0.617802
1.791581,1.411868,-0.596901
1.788074,1.413037,-0.608302
1.791289,1.413622,-0.602455
1.794505,1.422683,-0.613856
1.785151,1.408652,-0.602455
1.788074,1.418006,-0.610202
1.791289,1.413037,-0.616486
1.792166,1.42093,-0.607425
1.787489,1.414499,-0.617217
1.795381,1.42093,-0.614294
1.786904,1.425606,-0.61254
1.789243,1.411868,-0.614879
1.793335,1.416837,-0.608448
1.793628,1.416545,-0.603478
1.790412,1.384975,-0.606986
1.788366,1.416837,-0.608302
1.794505,1.415376,-0.605379
1.791581,1.418006,-0.612832
1.791289,1.416253,-0.603186
1.79012,1.41713,-0.607425
1.794212,1.419468,-0.598363
1.790997,1.425606,-0.615025
1.787489,1.418299,-0.604794
1.795674,1.419176,-0.60684
1.793628,1.421806,-0.606548
1.795674,1.415376,-0.618386
1.790997,1.422683,-0.612686
1.792166,1.420053,-0.623063
1.791289,1.417714,-0.613709
1.790412,1.416837,-0.610494
1.788658,1.415083,-0.597632
1.794212,1.41976,-0.611079
1.795674,1.42093,-0.602163
1.794797,1.412452,-0.613271
1.786027,1.421514,-0.613417
1.792751,1.421222,-0.611517
1.791289,1.418299,-0.619556
1.789828,1.416545,-0.618679
1.789535,1.418591,-0.621602
1.798597,1.414206,-0.600702
1.798305,1.41713,-0.609179
1.80152,1.421222,-0.60874
1.799474,1.420637,-0.615025
1.796551,1.414499,-0.617509
1.793043,1.421222,-0.616486
1.795381,1.418591,-0.619117
1.79392,1.41976,-0.605671
1.795674,1.413329,-0.611517
1.794505,1.42093,-0.604209
1.795966,1.417422,-0.611956
1.790704,1.407776,-0.61254
1.792166,1.405145,-0.612248
1.792166,1.414499,-0.614002
1.795089,1.408945,-0.613125
1.796843,1.42356,-0.612686
1.795966,1.418591,-0.611663
1.795381,1.413622,-0.617509
1.787781,1.417714,-0.609471
1.794797,1.425022,-0.622917
1.781058,1.439345,-0.641918
1.770535,1.469746,-0.650395
1.744519,1.497223,-0.70038
1.738965,1.511839,-0.72698
1.725811,1.522362,-0.763666
1.731657,1.506577,-0.784712
1.727857,1.487577,-0.795089
1.723473,1.477346,-0.785443
1.739842,1.462146,-0.795235
1.744519,1.446361,-0.783689
1.744811,1.427068,-0.788804
1.75475,1.399883,-0.795674
1.759427,1.38936,-0.782958
1.770535,1.375914,-0.774189
1.774627,1.368021,-0.777258
1.78252,1.358375,-0.769073
1.783981,1.343467,-0.771558
1.784566,1.333236,-0.756796
1.792458,1.321251,-0.761473
1.792166,1.318913,-0.748173
1.795674,1.304589,-0.739988
1.793335,1.301082,-0.746711
1.794797,1.29202,-0.734581
1.801812,1.29202,-0.724496
1.812628,1.286466,-0.729173
1.802105,1.281204,-0.728442
1.812336,1.281204,-0.733265
1.810874,1.271266,-0.72698
1.806197,1.268927,-0.712657
1.803859,1.272435,-0.72055
1.81292,1.26045,-0.716311
1.811751,1.257819,-0.72318
1.822567,1.260742,-0.720988
1.817013,1.253727,-0.716457
1.814674,1.24905,-0.718065
1.81292,1.255189,-0.705642
1.821982,1.249342,-0.710026
1.818182,1.25285,-0.701111
1.821982,1.257235,-0.719673
1.824028,1.250219,-0.712072
1.821105,1.246711,-0.705349
1.817597,1.247296,-0.710465
1.826951,1.249927,-0.707688
1.817305,1.249342,-0.716749
1.825197,1.249635,-0.712803
1.826951,1.248173,-0.711049
1.826659,1.252558,-0.69278
1.815843,1.251973,-0.747881
1.820813,1.255189,-0.71558
1.820813,1.251973,-0.700526
1.824028,1.244958,-0.702718
1.825782,1.254896,-0.704765
1.823736,1.251388,-0.71178
1.826074,1.251973,-0.704765
1.823736,1.252558,-0.713242
1.822859,1.244373,-0.698918
1.822567,1.253727,-0.711049
1.831044,1.252265,-0.709296
1.827243,1.248758,-0.705788
1.82929,1.248758,-0.705642
1.825197,1.246127,-0.708126
1.829874,1.24905,-0.711488
1.82812,1.246711,-0.70228
1.819351,1.250512,-0.707688
1.829874,1.242034,-0.704326
1.824613,1.248758,-0.709003
1.826659,1.246127,-0.708857
1.831044,1.243496,-0.706665
1.828705,1.249635,-0.717773
1.829874,1.248758,-0.705642
1.827536,1.251388,-0.722157
1.827243,1.243788,-0.70798
1.830167,1.250219,-0.712219
1.82549,1.247881,-0.703742
1.822859,1.244373,-0.70228
1.826951,1.249342,-0.717042
1.82812,1.242911,-0.712219
1.819059,1.243204,-0.707542
1.822567,1.234142,-0.705642
1.823736,1.249927,-0.715142
1.827828,1.242619,-0.70988
1.824905,1.244958,-0.707395
1.82052,1.24145,-0.703157
1.827828,1.251681,-0.701257
1.826367,1.247881,-0.701842
1.835428,1.255773,-0.714119
1.826659,1.252265,-0.71938
1.826367,1.247004,-0.704326
1.826659,1.245835,-0.714996
1.827536,1.241158,-0.706811
1.820813,1.23765,-0.698334
1.82432,1.239111,-0.697311
1.821105,1.244958,-0.711196
1.82549,1.251681,-0.714119
1.815259,1.244081,-0.699211
1.821105,1.238234,-0.699211
1.822859,1.24905,-0.706811
1.819059,1.254019,-0.707688
1.829582,1.251973,-0.705203
1.828705,1.253727,-0.713096
1.823443,1.245835,-0.700965
1.831921,1.249927,-0.704326
1.823443,1.247881,-0.706519
1.819351,1.245835,-0.711342
1.831044,1.245542,-0.704765
1.824905,1.244665,-0.704472
1.831628,1.238527,-0.700672
1.822274,1.240281,-0.703742
1.822274,1.247881,-0.703011
1.830751,1.245542,-0.699357
1.828705,1.249342,-0.704326
1.817305,1.243788,-0.702134
1.827243,1.248173,-0.706957
1.824905,1.240281,-0.707395
1.834259,1.245542,-0.703449
1.820228,1.248173,-0.697457
1.826367,1.248465,-0.700672
1.825782,1.249342,-0.697311
1.826074,1.246127,-0.700672
1.817305,1.243496,-0.695411
1.823151,1.243204,-0.704619
1.825197,1.244958,-0.708272
1.825782,1.239696,-0.705642
1.82169,1.236773,-0.705203
1.822567,1.238527,-0.70418
1.826074,1.245542,-0.704619
1.822274,1.249342,-0.703303
1.829874,1.248173,-0.699795
1.821982,1.243496,-0.700526
1.825782,1.24145,-0.712365
1.824613,1.240865,-0.707395
1.822274,1.242034,-0.700672
1.829582,1.239404,-0.700672
1.822567,1.242034,-0.708711
1.820228,1.245835,-0.70988
1.820813,1.243496,-0.708857
1.824028,1.24525,-0.703449
1.829582,1.247881,-0.703157
1.826951,1.247296,-0.709734
1.831336,1.249635,-0.703888
1.82929,1.249635,-0.701111
1.827828,1.242034,-0.705495
1.828997,1.243788,-0.706957
1.82549,1.243204,-0.704911
1.828997,1.240865,-0.708272
1.824905,1.238234,-0.709442
1.82169,1.243496,-0.712072
1.822859,1.244958,-0.709734
1.821105,1.242911,-0.710026
1.824028,1.247004,-0.704326
1.820813,1.244373,-0.706226
1.828413,1.237065,-0.709149
1.830459,1.242327,-0.703888
1.827243,1.249635,-0.708126
1.827243,1.246127,-0.704619
1.825197,1.234434,-0.704765
1.827828,1.245835,-0.701111
1.819643,1.240865,-0.70988
1.824905,1.242911,-0.695849
1.826659,1.246419,-0.711342
1.814382,1.238819,-0.698772
1.825782,1.239988,-0.706811
1.830167,1.237942,-0.695703
1.825197,1.235311,-0.70798
1.822859,1.237065,-0.707395
1.824028,1.240281,-0.698918
1.821982,1.240865,-0.700965
1.82812,1.242034,-0.691611
1.828997,1.24525,-0.71748
1.830167,1.244081,-0.706519
1.826074,1.241742,-0.707688
1.82432,1.242327,-0.696434
1.832213,1.244081,-0.69658
1.831628,1.242034,-0.701988
1.827828,1.237065,-0.705495
1.82549,1.239988,-0.704911
1.826951,1.239111,-0.703011
1.82432,1.23765,-0.703742
1.824613,1.24145,-0.703011
1.820228,1.237357,-0.703742
1.831336,1.248758,-0.701257
1.82549,1.247004,-0.695849
1.826074,1.250804,-0.69468
1.832213,1.237065,-0.705642
1.833674,1.246127,-0.702426
1.827828,1.245542,-0.689418
1.82052,1.247004,-0.705495
1.825197,1.242911,-0.698188
1.823736,1.24145,-0.694534
1.823736,1.23765,-0.705057
1.824613,1.242327,-0.700526
1.821982,1.23765,-0.693511
1.821397,1.234434,-0.696726
1.825782,1.241158,-0.698334
1.830459,1.242327,-0.692341
1.831044,1.240573,-0.692341
1.829582,1.247004,-0.703742
1.835721,1.239111,-0.694972
1.831336,1.239111,-0.70038
1.826659,1.250219,-0.697749
1.831628,1.238819,-0.690149
1.823151,1.237942,-0.708857
1.826659,1.244665,-0.702572
1.824613,1.241742,-0.698626
1.831628,1.247004,-0.693511
1.824613,1.238527,-0.698626
1.829874,1.239696,-0.691464
1.825782,1.238527,-0.695849
1.829582,1.244958,-0.703888
1.825782,1.23385,-0.706372
1.827536,1.233265,-0.704765
1.826659,1.236188,-0.712803
1.825197,1.237942,-0.703888
1.79772,1.244958,-0.705203
1.830459,1.23765,-0.708711
1.834844,1.243204,-0.707542
1.818474,1.247588,-0.706226
1.820813,1.238527,-0.710319
1.819643,1.244958,-0.704911
1.824028,1.240573,-0.698041
1.819059,1.24145,-0.697895
1.82929,1.239404,-0.706665
1.817889,1.236481,-0.695557
1.816136,1.236773,-0.715434
1.824613,1.238234,-0.710172
1.826074,1.244081,-0.706811
1.827828,1.237065,-0.712511
1.819351,1.234434,-0.701549
1.823151,1.239111,-0.716165
1.835136,1.24525,-0.708565
1.826367,1.239988,-0.700234
1.826074,1.236481,-0.698188
1.824613,1.235604,-0.714703
1.825782,1.246711,-0.699211
1.827828,1.239988,-0.705642
1.821982,1.234142,-0.704765
1.824905,1.235019,-0.702718
1.827828,1.237357,-0.70228
1.829874,1.235604,-0.703888
1.828413,1.237065,-0.707834
1.826367,1.235311,-0.702718
1.820228,1.240573,-0.707395
1.82432,1.236773,-0.697311
1.828705,1.243496,-0.709588
1.831044,1.240573,-0.707395
1.824905,1.244665,-0.700818
1.828705,1.242911,-0.694972
1.832213,1.235896,-0.694972
1.82549,1.251388,-0.710026
1.832797,1.240573,-0.703157
1.821105,1.244373,-0.705495
1.827243,1.249342,-0.697311
1.82812,1.246711,-0.704619
1.828705,1.245835,-0.702718
1.831044,1.244665,-0.706811
1.822567,1.241742,-0.703011
1.82432,1.249342,-0.703303
1.816428,1.236188,-0.702718
1.825197,1.237065,-0.712657
1.823443,1.244081,-0.702134
1.824905,1.239988,-0.702426
1.827243,1.24145,-0.692049
1.828705,1.248758,-0.703011
1.824028,1.242619,-0.704472
1.818182,1.242327,-0.704034
1.827536,1.243788,-0.698918
1.826074,1.237357,-0.703449
1.821105,1.242619,-0.703449
1.821105,1.237942,-0.703011
1.820813,1.241158,-0.694826
1.821105,1.240865,-0.714265
1.821982,1.236773,-0.694972
1.815843,1.242911,-0.699942
1.824905,1.241742,-0.704034
1.822274,1.239988,-0.707395
1.822859,1.242034,-0.700672
1.826367,1.244665,-0.701695
1.814674,1.234727,-0.704765
1.82432,1.238234,-0.703449
1.824028,1.234434,-0.696726
1.822274,1.235311,-0.696872
1.82432,1.239404,-0.706811
1.828997,1.237942,-0.700818
1.824905,1.239111,-0.695703
1.820813,1.242619,-0.695703
1.831044,1.247881,-0.70608
1.817597,1.240573,-0.702426
1.827536,1.240281,-0.700672
1.831044,1.242327,-0.705934
1.823443,1.240865,-0.707542
1.830459,1.239696,-0.707395
1.827536,1.242034,-0.696726
1.819059,1.243496,-0.701111
1.822859,1.239696,-0.705788
1.826951,1.244081,-0.707542
1.825782,1.244373,-0.700234
1.819936,1.243496,-0.700526
1.821397,1.239111,-0.706957
1.821982,1.231219,-0.705057
1.817013,1.242911,-0.698918
1.818474,1.23765,-0.696434
1.817305,1.243788,-0.709149
1.827243,1.243496,-0.708126
1.815843,1.246419,-0.716019
1.826074,1.241158,-0.710172
1.820813,1.244373,-0.707395
1.815843,1.243496,-0.714703
1.812336,1.243788,-0.701695
1.823443,1.247881,-0.697018
1.826951,1.24525,-0.704911
1.821105,1.243496,-0.703888
1.822859,1.240573,-0.703449
1.823736,1.251681,-0.699649
1.826659,1.247588,-0.700234
1.824028,1.25285,-0.693072
1.832505,1.244958,-0.699503
1.830751,1.236481,-0.692341
1.823151,1.24525,-0.692634
1.829582,1.247588,-0.695118
1.831921,1.246127,-0.708711
1.826074,1.238234,-0.699795
1.824905,1.244958,-0.705788
1.832797,1.240573,-0.703449
1.824028,1.240573,-0.70798
1.827243,1.242911,-0.703888
1.826659,1.240865,-0.694095
1.823736,1.246419,-0.698334
1.825197,1.238527,-0.69848
1.823443,1.236481,-0.710465
1.827243,1.242327,-0.69658
1.826367,1.251096,-0.711196
1.825782,1.239404,-0.697603
1.821105,1.243788,-0.702426
1.827828,1.249927,-0.710319
1.817889,1.239696,-0.705057
1.827243,1.244958,-0.693365
1.830459,1.24145,-0.701695
1.827243,1.248758,-0.710319
1.831628,1.247296,-0.699942
1.828997,1.248173,-0.701842
1.822274,1.244665,-0.705349
1.822567,1.244373,-0.717188
1.814674,1.239988,-0.702572
1.830459,1.244665,-0.703157
1.824613,1.242327,-0.708419
1.827828,1.239404,-0.707834
1.823736,1.241158,-0.699065
1.82432,1.24145,-0.699065
1.827243,1.244081,-0.710172
1.826074,1.245542,-0.710465
1.823151,1.24145,-0.705203
1.828997,1.247881,-0.698334
1.821105,1.241742,-0.744811
1.824905,1.246419,-0.705057
1.833967,1.242911,-0.695411
1.826074,1.249927,-0.707688
1.831044,1.246419,-0.707542
1.831628,1.246419,-0.70228
1.824028,1.255773,-0.703011
1.826951,1.243204,-0.703595
1.828997,1.247004,-0.696872
1.818474,1.240573,-0.70988
1.818766,1.247588,-0.704472
1.83689,1.244373,-0.701549
1.825782,1.246419,-0.703888
1.826074,1.247881,-0.697165
1.817597,1.239988,-0.703303
1.823151,1.241158,-0.704911
1.820228,1.244665,-0.707103
1.819351,1.244665,-0.702426
1.826951,1.250512,-0.703157
1.818474,1.248465,-0.709149
1.819643,1.239404,-0.701842
1.825197,1.239111,-0.704034
1.825782,1.242619,-0.717042
1.829874,1.246127,-0.710465
1.819936,1.246419,-0.702426
1.819351,1.24905,-0.695995
1.823151,1.247881,-0.701988
1.822859,1.245835,-0.699649
1.815551,1.244958,-0.699942
1.822859,1.242034,-0.697749
1.82812,1.242619,-0.693218
1.82432,1.238527,-0.699942
1.823443,1.247588,-0.703742
1.823443,1.248758,-0.714119
1.824613,1.249635,-0.702572
1.819643,1.242911,-0.701257
1.829582,1.25285,-0.704911
1.822859,1.243204,-0.697311
1.823151,1.245835,-0.702572
1.830167,1.249342,-0.703303
1.822274,1.241742,-0.700965
1.829582,1.239696,-0.705203
1.827828,1.238819,-0.698334
1.826659,1.241158,-0.704472
1.822859,1.239111,-0.701695
1.826659,1.247296,-0.70418
1.814674,1.24525,-0.701111
1.823443,1.242034,-0.705788
1.81672,1.240573,-0.707103
1.82929,1.243788,-0.709588
1.828413,1.241158,-0.706811
1.82169,1.236188,-0.701549
1.826074,1.237942,-0.695557
1.829582,1.244081,-0.705788
1.825782,1.242034,-0.738381
1.824905,1.239988,-0.697018
1.822274,1.243788,-0.708272
1.823151,1.248465,-0.696872
1.822567,1.253727,-0.702718
1.831628,1.250219,-0.688834
1.823736,1.247588,-0.689418
1.831044,1.248758,-0.695849
1.823151,1.248758,-0.697165
1.824613,1.246419,-0.706957
1.82169,1.24525,-0.691757
1.826367,1.240281,-0.702865
1.82169,1.242911,-0.699503
1.828997,1.242619,-0.708272
1.819059,1.244665,-0.705057
1.823736,1.248465,-0.707834
1.821982,1.240281,-0.705934
1.817013,1.242327,-0.706957
1.822274,1.247588,-0.70038
1.82432,1.240573,-0.69848
1.821105,1.238819,-0.700672
1.827536,1.244081,-0.699503
1.823443,1.237065,-0.708419
1.816136,1.24525,-0.70798
1.823151,1.244958,-0.710026
1.82549,1.248758,-0.710172
1.826074,1.242619,-0.699795
1.827536,1.242619,-0.703011
1.819643,1.251973,-0.699795
1.824905,1.239404,-0.708565
1.823736,1.241158,-0.697311
1.828413,1.242911,-0.693803
1.831921,1.246127,-0.699942
1.827828,1.247881,-0.703303
1.829874,1.246711,-0.703303
1.827243,1.253435,-0.700526
1.82052,1.244665,-0.703157
1.827243,1.24145,-0.699942
1.826659,1.248173,-0.698626
1.823736,1.242619,-0.697749
1.821397,1.242619,-0.697457
1.82929,1.244958,-0.712511
1.824905,1.246127,-0.704911
1.82052,1.239111,-0.718503
1.827243,1.24905,-0.697895
1.822274,1.247004,-0.693657
1.824028,1.24145,-0.703449
1.823736,1.247296,-0.70988
1.819351,1.245835,-0.696141
1.826367,1.245542,-0.702426
1.821982,1.248758,-0.700088
1.823151,1.243204,-0.701549
1.827243,1.244081,-0.689418
1.822859,1.239404,-0.704472
1.82812,1.250804,-0.715726
1.82549,1.246419,-0.704326
1.828413,1.252558,-0.709149
1.815843,1.245542,-0.700965
1.822567,1.243788,-0.705349
1.820813,1.243788,-0.710465
1.827536,1.242034,-0.699211
1.823443,1.234434,-0.697457
1.821397,1.242327,-0.707688
1.829874,1.237065,-0.709149
1.826659,1.243788,-0.704034
1.82549,1.239111,-0.702572
1.826074,1.244958,-0.703742
1.82812,1.240573,-0.698334
1.824905,1.239696,-0.702426
1.827243,1.243496,-0.692926
1.828997,1.244373,-0.694972
1.820813,1.244081,-0.698772
1.82169,1.241158,-0.700526
1.828413,1.239696,-0.706811
1.820228,1.240573,-0.703742
1.824028,1.242327,-0.693657
1.826367,1.239696,-0.698626
1.820228,1.23765,-0.691318
1.827243,1.239696,-0.702572
1.818182,1.23765,-0.704619
1.822859,1.245542,-0.711049
1.827536,1.247588,-0.704034
1.823443,1.252265,-0.696141
1.830459,1.235311,-0.701111
1.828997,1.247588,-0.699795
1.829582,1.244958,-0.698188
1.830459,1.24525,-0.698334
1.826367,1.239404,-0.698626
1.831336,1.24145,-0.694972
1.825197,1.239988,-0.707834
1.82432,1.238234,-0.696872
1.82052,1.240865,-0.695557
1.824905,1.237065,-0.701549
1.824613,1.237065,-0.709149
1.832213,1.240573,-0.70228
1.827828,1.237065,-0.696726
1.822274,1.240281,-0.705495
1.821397,1.240281,-0.691903
1.82549,1.233557,-0.700234
1.82169,1.242619,-0.702865
1.823151,1.236481,-0.691757
1.823443,1.239988,-0.705349
1.822274,1.241158,-0.705934
1.832505,1.245835,-0.703011
1.825782,1.244081,-0.699211
1.822859,1.241158,-0.716896
1.828705,1.239696,-0.711488
1.830167,1.248758,-0.712949
1.820813,1.239988,-0.707249
1.823151,1.250512,-0.708419
1.82052,1.239404,-0.697457
1.832213,1.242327,-0.704619
1.815843,1.244665,-0.697311
1.830751,1.242911,-0.701111
1.825197,1.242034,-0.704472
1.831628,1.242619,-0.701257
1.825782,1.241158,-0.703303
1.824905,1.241158,-0.698041
1.824613,1.245542,-0.706372
1.82812,1.233557,-0.708272
1.813505,1.261619,-0.722157
1.795966,1.284712,-0.740573
1.780766,1.327097,-0.754165
1.761473,1.372406,-0.786612
1.751242,1.419176,-0.800205
1.728734,1.46653,-0.796258
1.729319,1.493423,-0.78135
1.725519,1.511254,-0.766004
1.721134,1.51827,-0.751681
1.717919,1.510377,-0.743642
1.725227,1.515639,-0.72698
1.733411,1.510377,-0.711634
1.742181,1.503362,-0.693365
1.747442,1.489623,-0.678749
1.752119,1.484069,-0.662818
1.771704,1.466238,-0.640456
1.763812,1.456299,-0.633294
1.775797,1.434668,-0.635341
1.781935,1.429407,-0.622771
1.794505,1.409529,-0.602163
1.795674,1.400175,-0.603332
1.80532,1.39696,-0.595001
1.805612,1.371821,-0.580532
1.808243,1.371236,-0.584332
1.817305,1.360713,-0.576586
1.824028,1.345805,-0.561532
1.832505,1.340544,-0.524554
1.831921,1.337328,-0.59354
1.831044,1.321251,-0.552178
1.837767,1.313066,-0.548085
1.836305,1.307805,-0.545601
1.843905,1.304297,-0.549255
1.842736,1.296112,-0.54677
1.848875,1.293481,-0.543262
1.854721,1.282081,-0.546039
1.855598,1.285004,-0.540485
1.849752,1.275358,-0.543116
1.863783,1.277404,-0.540924
1.856767,1.274773,-0.53917
1.853259,1.273312,-0.537708
1.863783,1.271266,-0.533177
1.865244,1.263081,-0.530254
1.864367,1.256065,-0.533324
1.863783,1.261327,-0.535077
1.859105,1.264543,-0.536247
1.868752,1.258112,-0.526893
1.858813,1.249342,-0.532739
1.862029,1.246419,-0.525139
1.856475,1.254896,-0.524993
1.861152,1.248758,-0.522654
1.865829,1.244081,-0.529962
1.859398,1.246419,-0.52777
1.868459,1.241742,-0.532593
1.86349,1.236481,-0.530108
1.868752,1.238527,-0.53537
1.866998,1.235604,-0.529524
1.871675,1.238234,-0.529377
1.871383,1.234434,-0.526747
1.866998,1.236773,-0.523677
1.873721,1.236481,-0.521046
1.873137,1.238527,-0.527331
1.870798,1.231804,-0.516369
1.876644,1.242327,-0.521777
1.866998,1.237065,-0.530254
1.865536,1.232388,-0.5247
1.871383,1.23385,-0.525285
1.867583,1.236188,-0.519
1.876352,1.232096,-0.528647
1.874598,1.231219,-0.529962
1.877229,1.231219,-0.516954
1.873721,1.227127,-0.531862
1.870213,1.227127,-0.531862
1.874598,1.225665,-0.534347
1.873137,1.23005,-0.528208
1.836597,1.225373,-0.524554
1.874598,1.222742,-0.524262
1.869044,1.224203,-0.528939
1.875475,1.226834,-0.527623
1.870506,1.225665,-0.514031
1.87489,1.23005,-0.529085
1.867875,1.227127,-0.531716
1.878983,1.232096,-0.528208
1.871967,1.232388,-0.52587
1.870798,1.228004,-0.527477
1.870798,1.224496,-0.5304
1.871383,1.226834,-0.525139
1.87109,1.230342,-0.5304
1.874013,1.228588,-0.533616
1.872844,1.22508,-0.519877
1.875767,1.232096,-0.529377
1.874306,1.22625,-0.533177
1.868459,1.223911,-0.521485
1.877229,1.229173,-0.529962
1.881321,1.228296,-0.52777
1.864952,1.225957,-0.521339
1.870213,1.221865,-0.52207
1.878983,1.229757,-0.529524
1.873721,1.228004,-0.5266
1.876352,1.223911,-0.535224
1.87226,1.224496,-0.526016
1.875183,1.230342,-0.521339
1.87606,1.235896,-0.524262
1.867875,1.230634,-0.519585
1.87226,1.236773,-0.530254
1.878398,1.232973,-0.529085
1.873429,1.230927,-0.521631
1.875183,1.228004,-0.525577
1.87489,1.227711,-0.524262
1.874306,1.225373,-0.519877
1.867583,1.224788,-0.523531
1.869629,1.229465,-0.526162
1.874013,1.224496,-0.521631
1.873137,1.225665,-0.529962
1.87109,1.231804,-0.533762
1.874306,1.221573,-0.530108
1.879275,1.223911,-0.515931
1.876937,1.220988,-0.533324
1.868459,1.229465,-0.526747
1.871967,1.224203,-0.529524
1.87226,1.225957,-0.519293
1.868752,1.22245,-0.533616
1.874013,1.23005,-0.490792
1.875183,1.227711,-0.535224
1.878983,1.223619,-0.529524
1.87109,1.263958,-0.521485
1.877229,1.237065,-0.525285
1.877521,1.232096,-0.5266
1.874598,1.232388,-0.513593
1.878983,1.232096,-0.52967
1.868167,1.233557,-0.524116
1.870213,1.232096,-0.532885
1.879275,1.233265,-0.5209
1.877813,1.230634,-0.523239
1.870798,1.224203,-0.535516
1.87489,1.228004,-0.531862
1.871675,1.229173,-0.528062
1.873137,1.223911,-0.5133
1.873429,1.228004,-0.522947
1.882491,1.227711,-0.519731
1.876644,1.230927,-0.5152
1.87869,1.227127,-0.523239
1.876352,1.231219,-0.527916
1.872844,1.229757,-0.5228
1.875183,1.225373,-0.5247
1.869921,1.228004,-0.518708
1.87606,1.224203,-0.52017
1.874598,1.224788,-0.521485
1.87606,1.22128,-0.519
1.875475,1.222157,-0.537124
1.869921,1.22128,-0.535077
1.879567,1.223619,-0.525431
1.877521,1.233557,-0.522216
1.876352,1.234727,-0.529524
1.875183,1.231511,-0.536831
1.873137,1.228588,-0.5266
1.87869,1.229173,-0.533031
1.872844,1.230634,-0.523385
1.882491,1.229465,-0.52777
1.874306,1.228588,-0.535224
1.87489,1.224203,-0.525723
1.871383,1.226834,-0.522216
1.87606,1.224496,-0.522362
1.878106,1.222157,-0.519585
1.878398,1.229465,-0.536247
1.87869,1.235604,-0.532008
1.871383,1.230342,-0.528062
1.873429,1.230342,-0.528354
1.877521,1.229465,-0.532008
1.876937,1.229173,-0.523823
1.875767,1.22625,-0.511692
1.874306,1.223034,-0.528354
1.877813,1.228588,-0.520608
1.876352,1.229757,-0.527185
1.869921,1.224496,-0.529524
1.872552,1.223034,-0.525723
1.877229,1.224496,-0.521193
1.876644,1.22888,-0.528647
1.871967,1.220988,-0.524554
1.874598,1.228588,-0.52777
1.875475,1.21865,-0.527623
1.875475,1.228296,-0.525285
1.87489,1.231219,-0.533616
1.869921,1.230634,-0.523677
1.871383,1.223034,-0.536685
1.87226,1.226542,-0.527477
1.875767,1.22508,-0.529962
1.871967,1.219526,-0.522508
1.874013,1.230342,-0.523677
1.86349,1.229757,-0.530108
1.872844,1.227127,-0.522654
1.873429,1.223911,-0.538878
1.87109,1.228588,-0.530254
1.876644,1.224203,-0.528062
1.878398,1.226542,-0.53157
1.869336,1.223911,-0.523385
1.874013,1.225373,-0.525285
1.870506,1.219234,-0.52777
1.874013,1.22245,-0.520316
1.882491,1.228296,-0.507162
1.871383,1.230927,-0.523677
1.865536,1.22508,-0.532885
1.871383,1.23005,-0.522216
1.875183,1.227127,-0.520608
1.869921,1.228004,-0.511254
1.877229,1.228588,-0.534785
1.871967,1.221573,-0.520608
1.87226,1.225957,-0.531277
1.884829,1.220111,-0.523093
1.882198,1.221865,-0.525577
1.876352,1.223327,-0.520023
1.875767,1.226542,-0.506723
1.875475,1.223034,-0.523823
1.869044,1.222742,-0.528793
1.874306,1.225373,-0.527185
1.877521,1.226834,-0.520316
1.872552,1.23005,-0.531131
1.871383,1.218942,-0.53157
1.876644,1.227711,-0.520754
1.870506,1.219819,-0.528354
1.874306,1.225957,-0.514177
1.873137,1.225665,-0.524116
1.881029,1.227127,-0.531277
1.874013,1.229465,-0.533616
1.877229,1.228004,-0.524262
1.878398,1.220988,-0.530254
1.874598,1.224496,-0.533324
1.876644,1.229757,-0.52587
1.868752,1.227127,-0.528208
1.870213,1.22625,-0.52017
1.877521,1.223327,-0.529524
1.876644,1.22245,-0.519585
1.875183,1.230927,-0.52207
1.87606,1.224203,-0.525139
1.873429,1.220111,-0.5228
1.86729,1.218357,-0.534493
1.876352,1.225957,-0.533762
1.875475,1.218065,-0.527623
1.869921,1.220403,-0.530693
1.872844,1.225957,-0.527331
1.876937,1.226834,-0.524262
1.868167,1.224203,-0.531424
1.873721,1.227711,-0.517685
1.874598,1.229465,-0.526747
1.874306,1.218065,-0.5152
1.874306,1.220696,-0.525285
1.868459,1.218942,-0.522362
1.87226,1.225957,-0.527331
1.875767,1.227127,-0.519439
1.871383,1.227127,-0.529085
1.873721,1.226542,-0.517246
1.876937,1.230634,-0.523093
1.874306,1.227127,-0.526747
1.87109,1.223911,-0.519293
1.87489,1.227127,-0.523385
1.871383,1.22508,-0.518123
1.871967,1.229757,-0.528647
1.872552,1.232681,-0.528793
1.870213,1.229757,-0.530547
1.871675,1.228004,-0.533031
1.880152,1.229757,-0.523093
1.870798,1.227419,-0.52207
1.875475,1.235019,-0.523823
1.873429,1.230927,-0.524847
1.881906,1.231804,-0.535662
1.875183,1.232388,-0.511839
1.876352,1.226834,-0.516369
1.873721,1.221573,-0.532008
1.877521,1.226542,-0.521193
1.870506,1.229465,-0.524116
1.904706,1.229757,-0.521339
1.869921,1.222157,-0.510669
1.87606,1.228296,-0.514177
1.873137,1.229173,-0.526454
1.875183,1.229173,-0.522508
1.87226,1.232973,-0.534201
1.880152,1.23005,-0.5209
1.869336,1.226834,-0.520316
1.870213,1.232681,-0.515493
1.870798,1.232681,-0.527331
1.871967,1.225665,-0.524847
1.869044,1.230342,-0.526016
1.870213,1.231219,-0.523385
1.866121,1.229173,-0.5247
1.873429,1.23005,-0.524554
1.873137,1.235604,-0.526308
1.868752,1.232096,-0.52397
1.869629,1.229757,-0.520462
1.871675,1.232096,-0.529377
1.873137,1.234434,-0.510816
1.87109,1.22888,-0.534493
1.866998,1.230342,-0.529524
1.872552,1.226834,-0.525139
1.869044,1.236481,-0.519146
1.868459,1.230927,-0.520462
1.873721,1.232973,-0.5266
1.866998,1.230634,-0.529962
1.868752,1.23385,-0.515493
1.866706,1.235019,-0.521631
1.877521,1.230342,-0.532447
1.874013,1.230342,-0.529377
1.877229,1.227711,-0.530839
1.874598,1.231219,-0.529962
1.877521,1.231511,-0.5266
1.87109,1.227127,-0.517977
1.87869,1.229465,-0.521485
1.875475,1.228004,-0.521193
1.873721,1.230927,-0.521923
1.875475,1.223619,-0.518416
1.87489,1.22625,-0.52587
1.87109,1.230342,-0.519731
1.880737,1.21368,-0.5247
1.878983,1.231804,-0.511985
1.870798,1.22508,-0.520462
1.869336,1.225373,-0.530839
1.87226,1.225373,-0.521485
1.876644,1.223034,-0.52017
1.87869,1.223911,-0.523677
1.87226,1.228296,-0.525723
1.876644,1.22625,-0.5057
1.87226,1.227711,-0.511692
1.869629,1.224788,-0.513593
1.872552,1.22625,-0.527039
1.870213,1.227711,-0.509646
1.876937,1.23005,-0.521339
1.876644,1.237357,-0.517393
1.877521,1.223911,-0.521923
1.871383,1.227419,-0.518854
1.870798,1.230927,-0.515054
1.870213,1.22888,-0.513008
1.877813,1.230634,-0.526747
1.870506,1.220988,-0.526162
1.877229,1.22625,-0.519
1.873721,1.230342,-0.514469
1.877521,1.231219,-0.515346
1.870213,1.228296,-0.523093
1.877813,1.235896,-0.517831
1.869629,1.226542,-0.525431
1.87489,1.227127,-0.521193
1.869336,1.221865,-0.521923
1.874013,1.229173,-0.519439
1.884244,1.234727,-0.5171
1.868459,1.232096,-0.512423
1.875767,1.232973,-0.521046
1.875183,1.22625,-0.529816
1.870213,1.223911,-0.531862
1.87869,1.22888,-0.530693
1.871675,1.223327,-0.519439
1.87606,1.231511,-0.535662
1.869629,1.224496,-0.534054
1.87226,1.22625,-0.527477
1.866706,1.232388,-0.527477
1.875475,1.234142,-0.524116
1.87109,1.229173,-0.523823
1.872844,1.226542,-0.52587
1.879275,1.228296,-0.5171
1.84069,1.223911,-0.5285
1.877229,1.229173,-0.524262
1.87606,1.232388,-0.522216
1.876937,1.21865,-0.519293
1.874306,1.23385,-0.525139
1.87606,1.22625,-0.530839
1.87489,1.233265,-0.524116
1.872844,1.227711,-0.532593
1.878398,1.224788,-0.523823
1.874306,1.232096,-0.522508
1.87489,1.227711,-0.524262
1.879567,1.223327,-0.519731
1.871675,1.218357,-0.529816
1.869044,1.220988,-0.531277
1.875475,1.220988,-0.523677
1.871675,1.220988,-0.523093
1.875475,1.214849,-0.533908
1.870798,1.215142,-0.534639
1.876644,1.219234,-0.517539
1.87489,1.220111,-0.528208
1.873137,1.218065,-0.51827
1.872552,1.222742,-0.5209
1.880152,1.221573,-0.536539
1.87226,1.222742,-0.527477
1.869336,1.220696,-0.521631
1.876644,1.219526,-0.525577
1.878106,1.222742,-0.532008
1.875183,1.224788,-0.518854
1.869921,1.223619,-0.527185
1.869629,1.23005,-0.530839
1.875475,1.220111,-0.521046
1.876352,1.220988,-0.512131
1.867583,1.223619,-0.527623
1.871967,1.228004,-0.526308
1.874306,1.227711,-0.527477
1.873429,1.232681,-0.5209
1.875475,1.228004,-0.527331
1.87606,1.226542,-0.5171
1.871383,1.231804,-0.496054
1.876352,1.232973,-0.524554
1.87606,1.225373,-0.486554
1.875183,1.232973,-0.51827
1.87869,1.223034,-0.518562
1.875183,1.229173,-0.522216
1.874598,1.220403,-0.527623
1.872844,1.230342,-0.532447
1.877229,1.226834,-0.528062
1.874013,1.225957,-0.528062
1.875183,1.223619,-0.537562
1.872844,1.232681,-0.526162
1.870798,1.224788,-0.525285
1.876644,1.225665,-0.519877
1.884829,1.22128,-0.517246
1.875475,1.22625,-0.525723
1.874598,1.23385,-0.526162
1.875767,1.225957,-0.526454
1.872552,1.227127,-0.516662
1.877229,1.228296,-0.527331
1.873429,1.225957,-0.527916
1.875183,1.22508,-0.52967
1.871967,1.23005,-0.523823
1.877813,1.233265,-0.525431
1.866121,1.229465,-0.523093
1.872844,1.223619,-0.525285
1.876644,1.227419,-0.531424
1.87226,1.23005,-0.519146
1.87489,1.219234,-0.531277
1.875475,1.219526,-0.523385
1.87606,1.224203,-0.529962
1.878983,1.221865,-0.519585
1.87226,1.220988,-0.525577
1.876352,1.224496,-0.52967
1.87606,1.229173,-0.524554
1.873721,1.228588,-0.528647
1.87606,1.230342,-0.530985
1.879567,1.225373,-0.5247
1.875475,1.226834,-0.528354
1.877229,1.227127,-0.5228
1.877229,1.218065,-0.526308
1.881906,1.224496,-0.528062
1.878983,1.228004,-0.526308
1.87489,1.227711,-0.525723
1.880444,1.225665,-0.524408
1.877521,1.219819,-0.527916
1.874013,1.228296,-0.520023
1.876937,1.223327,-0.523385
1.875475,1.228296,-0.522362
1.883075,1.223327,-0.518562
1.875183,1.229757,-0.526454
1.878398,1.22888,-0.514469
1.882491,1.22508,-0.521923
1.875475,1.223911,-0.524847
1.876644,1.225957,-0.524554
1.885998,1.234727,-0.527185
1.877521,1.227127,-0.526016
1.875767,1.230342,-0.525285
1.87606,1.229173,-0.532008
1.872552,1.227419,-0.539901
1.876352,1.22625,-0.528793
1.874598,1.228588,-0.528062
1.875183,1.231219,-0.524847
1.877229,1.228296,-0.526893
1.874306,1.229173,-0.532593
1.870213,1.230927,-0.523385
1.87489,1.220403,-0.534054
1.868752,1.231511,-0.525577
1.875183,1.225373,-0.5304
1.879567,1.227127,-0.524554
1.874013,1.225957,-0.530108
1.875767,1.22625,-0.530839
1.876644,1.224496,-0.538878
1.87226,1.228588,-0.533762
1.870798,1.230342,-0.519731
1.868752,1.228588,-0.530839
1.871675,1.229173,-0.528062
1.880152,1.227127,-0.529962
1.874013,1.22245,-0.520754
1.87109,1.229465,-0.5304
1.876644,1.220111,-0.5285
1.872844,1.219819,-0.526016
1.875767,1.220111,-0.531277
1.869921,1.22508,-0.534054
1.871675,1.218942,-0.523531
1.865829,1.220403,-0.539901
1.864075,1.224203,-0.521923
1.877229,1.220403,-0.527039
1.873721,1.228296,-0.515931
1.867583,1.232388,-0.528208
1.877813,1.226834,-0.52207
1.869629,1.219819,-0.532154
1.870213,1.229757,-0.529524
1.874013,1.215434,-0.5266
1.873137,1.232681,-0.53157
1.876352,1.220696,-0.532447
1.877521,1.22888,-0.518562
1.882198,1.223619,-0.525139
1.874598,1.226834,-0.529962
1.87109,1.227127,-0.528793
1.877229,1.230927,-0.539316
1.874598,1.23005,-0.52587
1.87489,1.219234,-0.519585
1.874306,1.227127,-0.534054
1.875767,1.223327,-0.529816
1.87109,1.224496,-0.522947
1.874013,1.220403,-0.524262
1.869629,1.225373,-0.524847
1.871967,1.230342,-0.522362
1.884244,1.227127,-0.534931
1.87109,1.227419,-0.535516
1.878398,1.22245,-0.529962
1.873429,1.225665,-0.53727
1.878983,1.220111,-0.535516
1.885706,1.224496,-0.535954
1.87489,1.22245,-0.533324
1.876352,1.225957,-0.534931
1.870213,1.228296,-0.524116
1.87606,1.227419,-0.534785
1.874598,1.227127,-0.531424
1.880444,1.239988,-0.53727
1.875475,1.223911,-0.532008
1.871675,1.228004,-0.525431
1.874306,1.22508,-0.52207
1.875183,1.230927,-0.530985
1.87489,1.225957,-0.532447
1.87606,1.227419,-0.515931
1.873721,1.222157,-0.530839
1.874013,1.227127,-0.535808
1.871967,1.220111,-0.519731
1.873429,1.228004,-0.533908
1.87489,1.218357,-0.539024
1.868459,1.218942,-0.522216
1.870506,1.237065,-0.524554
1.859105,1.257235,-0.543555
1.845367,1.29962,-0.546039
1.818766,1.344051,-0.565186
1.801228,1.396668,-0.595001
1.789243,1.432622,-0.633294
1.781058,1.452499,-0.645718
1.773166,1.424145,-0.646595
1.766735,1.468576,-0.653464
1.721426,1.486408,-0.678457
1.745688,1.493131,-0.691464
1.733996,1.505408,-0.693949
1.734873,1.512131,-0.707395
1.733411,1.5133,-0.722596
1.732534,1.513008,-0.730342
1.727857,1.513885,-0.748465
1.725227,1.516808,-0.746419
1.723765,1.510377,-0.75855
1.72435,1.5019,-0.763081
1.724934,1.506285,-0.761619
1.72318,1.502485,-0.761327
1.721426,1.491961,-0.769658
1.722888,1.496931,-0.779304
1.730488,1.495469,-0.786904
1.725519,1.497808,-0.774335
1.722303,1.503069,-0.784858
1.727273,1.490792,-0.766881
1.726396,1.491377,-0.777989
1.71938,1.4791,-0.791143
1.729904,1.487577,-0.783543
1.728442,1.476177,-0.79582
1.736919,1.480561,-0.795966
1.73078,1.4753,-0.790997
1.736627,1.472376,-0.784712
1.736627,1.477054,-0.778427
1.740719,1.467992,-0.782081
1.739842,1.4677,-0.784858
1.737796,1.465361,-0.780035
1.735165,1.457761,-0.77375
1.737504,1.462146,-0.792897
1.729611,1.458638,-0.78062
1.730196,1.463607,-0.788951
1.732827,1.458053,-0.789828
1.736042,1.46273,-0.792897
1.739842,1.451622,-0.794358
1.73575,1.447238,-0.798597
1.730488,1.450453,-0.793774
1.736627,1.454545,-0.789681
1.739258,1.45133,-0.78442
1.742473,1.445776,-0.786466
1.730196,1.447238,-0.783689
1.736919,1.451622,-0.787489
1.736042,1.443145,-0.78252
1.733996,1.44373,-0.778574
1.741596,1.445776,-0.782666
1.738381,1.441976,-0.78442
1.737211,1.446068,-0.793774
1.739258,1.445776,-0.780766
1.736919,1.444899,-0.786904
1.739258,1.451915,-0.787051
1.734288,1.448407,-0.798597
1.746273,1.441099,-0.804005
1.73955,1.453084,-0.781058
1.739258,1.443145,-0.793189
1.737211,1.438761,-0.784566
1.733996,1.435253,-0.785589
1.743935,1.437591,-0.785589
1.741011,1.43496,-0.78442
1.738088,1.445776,-0.77302
1.741011,1.437007,-0.769366
1.73955,1.435253,-0.785589
1.737211,1.43613,-0.785735
1.733411,1.438176,-0.783689
1.736334,1.435545,-0.785443
1.741011,1.442268,-0.787051
1.741888,1.438176,-0.78135
1.742765,1.43993,-0.787928
1.741596,1.435545,-0.794505
1.738088,1.434084,-0.798451
1.734288,1.437007,-0.790997
1.747442,1.447238,-0.786904
1.741011,1.439345,-0.788366
1.747442,1.441099,-0.785589
1.741596,1.438761,-0.790558
1.740719,1.441684,-0.788658
1.741011,1.439053,-0.786904
1.744227,1.439638,-0.780474
1.741888,1.437007,-0.783543
1.741011,1.433207,-0.788804
1.743058,1.439638,-0.794358
1.740134,1.43496,-0.788658
1.737211,1.440514,-0.78822
1.737796,1.437299,-0.795089
1.740719,1.43116,-0.794358
1.733996,1.434668,-0.789389
1.733411,1.433499,-0.785151
1.741304,1.440514,-0.793481
1.736919,1.430576,-0.804297
1.741304,1.43613,-0.792166
1.738673,1.438468,-0.785589
1.738673,1.446068,-0.792897
1.746273,1.441099,-0.781643
1.737211,1.43116,-0.790266
1.740427,1.440807,-0.788074
1.739258,1.439053,-0.783397
1.737504,1.436422,-0.79012
1.745104,1.441976,-0.785735
1.738965,1.43496,-0.785589
1.745396,1.452207,-0.785004
1.742181,1.43993,-0.798012
1.742181,1.441099,-0.783397
1.742181,1.445484,-0.792897
1.735165,1.435838,-0.794797
1.733704,1.425899,-0.786466
1.731073,1.439053,-0.790704
1.736919,1.441684,-0.795966
1.738965,1.437299,-0.791143
1.743642,1.438761,-0.796112
1.743058,1.435838,-0.786027
1.73575,1.443438,-0.792312
1.737504,1.440514,-0.788366
1.736919,1.430868,-0.785004
1.736919,1.440807,-0.802105
1.737211,1.437884,-0.789681
1.737504,1.438761,-0.792458
1.744227,1.444899,-0.792751
1.738965,1.434084,-0.79772
1.741304,1.437884,-0.794943
1.738088,1.433499,-0.794797
1.742473,1.437884,-0.787928
1.736627,1.438176,-0.786904
1.73955,1.433499,-0.791289
1.738965,1.439053,-0.784712
1.731365,1.433207,-0.785589
1.742765,1.440222,-0.790266
1.737211,1.439345,-0.799766
1.740427,1.435545,-0.797866
1.743642,1.435838,-0.791435
1.746858,1.436422,-0.787343
1.743935,1.445192,-0.793628
1.740427,1.443438,-0.783835
1.734581,1.447238,-0.797135
1.734288,1.442561,-0.797574
1.743642,1.440514,-0.789535
1.741888,1.433791,-0.790704
1.736042,1.435838,-0.793189
1.738088,1.438761,-0.791289
1.733411,1.439345,-0.795381
1.738965,1.437884,-0.786758
1.745396,1.435545,-0.782227
1.731657,1.439053,-0.783397
1.734581,1.434376,-0.779012
1.735165,1.432622,-0.782374
1.738965,1.442561,-0.785881
1.743058,1.43613,-0.77872
1.742473,1.433207,-0.790704
1.746273,1.432622,-0.793481
1.740427,1.43613,-0.790558
1.742473,1.434084,-0.785735
1.737504,1.446068,-0.804589
1.742181,1.442268,-0.792897
1.740134,1.435838,-0.79772
1.739842,1.434376,-0.777843
1.732827,1.441391,-0.793335
1.734288,1.437884,-0.804443
1.740427,1.442561,-0.790704
1.736042,1.437884,-0.797135
1.748027,1.439638,-0.790704
1.742181,1.446068,-0.79962
1.737504,1.440514,-0.795674
1.739258,1.443438,-0.791435
1.747442,1.445192,-0.796989
1.749196,1.442561,-0.790704
1.73955,1.439345,-0.790412
1.742181,1.442561,-0.790266
1.73575,1.444899,-0.796112
1.742181,1.441099,-0.784712
1.735457,1.430868,-0.782958
1.743935,1.439345,-0.783543
1.741011,1.429699,-0.791289
1.743935,1.437591,-0.796405
1.736627,1.438761,-0.788074
1.734581,1.441976,-0.798305
1.742473,1.437299,-0.788366
1.737211,1.440222,-0.785004
1.735457,1.43233,-0.755335
1.741888,1.440222,-0.787197
1.748319,1.43993,-0.778574
1.732242,1.435838,-0.787197
1.745688,1.441976,-0.782081
1.746565,1.436714,-0.791581
1.739842,1.443145,-0.781935
1.740719,1.445192,-0.78822
1.742181,1.444022,-0.788658
1.741888,1.442268,-0.787781
1.743642,1.438176,-0.784127
1.737796,1.444899,-0.789828
1.740427,1.436422,-0.793774
1.736042,1.439345,-0.796258
1.738381,1.439053,-0.789828
1.740134,1.440222,-0.795089
1.738088,1.442853,-0.787489
1.742181,1.441099,-0.782081
1.742765,1.441391,-0.792312
1.736919,1.438761,-0.797574
1.743058,1.434668,-0.788074
1.738673,1.444899,-0.788074
1.732827,1.437591,-0.791289
1.75095,1.445776,-0.791289
1.742473,1.446068,-0.782081
1.743058,1.446653,-0.797282
1.740134,1.446068,-0.782958
1.741596,1.447822,-0.790412
1.747442,1.440222,-0.785881
1.741888,1.441684,-0.790704
1.744811,1.442268,-0.785151
1.745396,1.442268,-0.78632
1.740427,1.443438,-0.787343
1.738088,1.436422,-0.787928
1.745104,1.439638,-0.787489
1.740134,1.444314,-0.782227
1.73575,1.441099,-0.751535
1.741304,1.440514,-0.789097
1.742473,1.439345,-0.788951
1.748612,1.436422,-0.784712
1.74335,1.437299,-0.786758
1.748904,1.444314,-0.77872
1.750658,1.445484,-0.788512
1.748027,1.443438,-0.795674
1.73955,1.43613,-0.788951
1.741304,1.437007,-0.788658
1.745104,1.438761,-0.78252
1.742765,1.433499,-0.799035
1.744519,1.436714,-0.791435
1.743935,1.433791,-0.796697
1.746273,1.436714,-0.787051
1.737211,1.43613,-0.785589
1.740134,1.442561,-0.790704
1.741596,1.438176,-0.79772
1.744227,1.440222,-0.793189
1.741888,1.442268,-0.778135
1.741888,1.444899,-0.793189
1.742765,1.439345,-0.788658
1.745981,1.44753,-0.791728
1.739842,1.441099,-0.785881
1.739258,1.438761,-0.779012
1.749196,1.441684,-0.789097
1.744519,1.44373,-0.787197
1.738965,1.436714,-0.779158
1.736627,1.441391,-0.78062
1.742473,1.444314,-0.783543
1.738965,1.439053,-0.778866
1.736627,1.438761,-0.788804
1.743935,1.449284,-0.783835
1.75095,1.443438,-0.777843
1.736042,1.43993,-0.789974
1.750365,1.437299,-0.785443
1.742473,1.442853,-0.795966
1.740719,1.439053,-0.798158
1.746858,1.440514,-0.780766
1.745104,1.437591,-0.784858
1.743058,1.435253,-0.786027
1.746565,1.443438,-0.786758
1.743935,1.440807,-0.817159
1.74715,1.429407,-0.793481
1.737211,1.445192,-0.783251
1.741888,1.444314,-0.78632
1.745104,1.436714,-0.793628
1.742181,1.441391,-0.787781
1.742765,1.441099,-0.787635
1.742473,1.435838,-0.794651
1.749781,1.44373,-0.791435
1.742181,1.436714,-0.781935
1.746565,1.441099,-0.789243
1.739842,1.438761,-0.786466
1.741011,1.439053,-0.798012
1.744811,1.448407,-0.799912
1.738088,1.446068,-0.794212
1.741596,1.437884,-0.795089
1.741596,1.445484,-0.787343
1.737504,1.442268,-0.796551
1.739842,1.439638,-0.79392
1.732242,1.445484,-0.799035
1.731073,1.434668,-0.797282
1.736627,1.436422,-0.794212
1.739258,1.444022,-0.797866
1.733996,1.441391,-0.799182
1.742181,1.440514,-0.792458
1.743058,1.440514,-0.798889
1.739842,1.44753,-0.789243
1.74335,1.441684,-0.791143
1.73195,1.44373,-0.792458
1.738673,1.440222,-0.791581
1.744519,1.445484,-0.796258
1.742765,1.446653,-0.786174
1.736627,1.444899,-0.794066
1.738088,1.442853,-0.782227
1.738088,1.444314,-0.790704
1.734288,1.439345,-0.785297
1.742765,1.447822,-0.790412
1.741596,1.441684,-0.790997
1.749781,1.438468,-0.796112
1.743642,1.439053,-0.794651
1.738965,1.437299,-0.801666
1.740134,1.435838,-0.794651
1.741304,1.435545,-0.787489
1.749781,1.441976,-0.790558
1.738673,1.438761,-0.800643
1.741596,1.447822,-0.779012
1.742181,1.43993,-0.796112
1.742181,1.429407,-0.786027
1.742473,1.440222,-0.790412
1.741011,1.437884,-0.79392
1.736334,1.433791,-0.792605
1.736627,1.437007,-0.783835
1.736042,1.441684,-0.798158
1.739258,1.433791,-0.795235
1.741011,1.438176,-0.79012
1.733119,1.442853,-0.78822
1.741888,1.437591,-0.789389
1.739258,1.436422,-0.794651
1.739258,1.433499,-0.798158
1.737796,1.445192,-0.785151
1.742473,1.435545,-0.797428
1.743058,1.439638,-0.79582
1.73575,1.439053,-0.78822
1.737796,1.437007,-0.791728
1.738088,1.438176,-0.798158
1.733704,1.43613,-0.791143
1.736627,1.437591,-0.794066
1.734873,1.43993,-0.796112
1.733704,1.444314,-0.788658
1.736919,1.43613,-0.786612
1.738965,1.439638,-0.786466
1.73575,1.440222,-0.800351
1.741596,1.445192,-0.788074
1.745981,1.439638,-0.795235
1.744227,1.440807,-0.791874
1.735165,1.439053,-0.796405
1.73575,1.437007,-0.797574
1.738673,1.440222,-0.792605
1.736042,1.436422,-0.791728
1.740134,1.440514,-0.79012
1.745396,1.43496,-0.804151
1.744519,1.440514,-0.791435
1.737504,1.440514,-0.803712
1.736919,1.437007,-0.790704
1.741888,1.440222,-0.792312
1.734873,1.442561,-0.789389
1.736919,1.442853,-0.794943
1.741596,1.435838,-0.787197
1.744519,1.442853,-0.799328
1.734288,1.442853,-0.789097
1.742765,1.445776,-0.792312
1.740427,1.446945,-0.787781
1.73575,1.438761,-0.79582
1.741596,1.440222,-0.79012
1.739258,1.440807,-0.785735
1.739258,1.442561,-0.792751
1.738673,1.443438,-0.788074
1.747442,1.438176,-0.787051
1.741888,1.437007,-0.792751
1.736919,1.43993,-0.796112
1.741888,1.439638,-0.79392
1.73955,1.436714,-0.785004
1.736919,1.435253,-0.792751
1.739842,1.433499,-0.788658
1.746858,1.442268,-0.796697
1.749488,1.43993,-0.788074
1.745396,1.430576,-0.781935
1.738381,1.446068,-0.792458
1.73575,1.435545,-0.803712
1.732827,1.431453,-0.787928
1.737504,1.441684,-0.793481
1.736919,1.441684,-0.794066
1.732827,1.438176,-0.794358
1.740719,1.436714,-0.789974
1.736919,1.434376,-0.789389
1.738673,1.440222,-0.797866
1.737796,1.431745,-0.79962
1.739258,1.441684,-0.793774
1.738965,1.439638,-0.794943
1.734288,1.433791,-0.796112
1.740427,1.436422,-0.797135
1.741011,1.447238,-0.799912
1.738673,1.439053,-0.804735
1.741011,1.433499,-0.805612
1.744227,1.434084,-0.804297
1.741888,1.437007,-0.803859
1.741888,1.446361,-0.796405
1.738673,1.437299,-0.794505
1.736042,1.432914,-0.795528
1.733704,1.438468,-0.801228
1.737504,1.438468,-0.802689
1.73575,1.43993,-0.796551
1.739258,1.43613,-0.788804
1.739842,1.437007,-0.800789
1.739842,1.435838,-0.796843
1.74335,1.439638,-0.795381
1.751242,1.445776,-0.798158
1.738965,1.437591,-0.795089
1.741888,1.435838,-0.80152
1.739842,1.441976,-0.791143
1.742473,1.439053,-0.79392
1.740427,1.439345,-0.795674
1.746858,1.445776,-0.792166
1.745104,1.442268,-0.793774
1.744811,1.442268,-0.805612
1.749781,1.435253,-0.795235
1.740719,1.43613,-0.78252
1.734581,1.43116,-0.802543
1.741304,1.43613,-0.800789
1.740134,1.436422,-0.797282
1.740719,1.439638,-0.800205
1.741011,1.437299,-0.796258
1.746565,1.434376,-0.790997
1.745104,1.433499,-0.802397
1.736627,1.436422,-0.788366
1.740427,1.438176,-0.799474
1.743642,1.434376,-0.791289
1.737796,1.440807,-0.792312
1.734873,1.43496,-0.79012
1.738673,1.430284,-0.794066
1.73955,1.437007,-0.796258
1.736334,1.434376,-0.787928
1.741596,1.435838,-0.794943
1.73575,1.435253,-0.79772
1.736919,1.442853,-0.790558
1.735457,1.439638,-0.79012
1.737211,1.442561,-0.798743
1.738381,1.433499,-0.786027
1.741888,1.432914,-0.788951
1.737504,1.441099,-0.797428
1.741596,1.434668,-0.79392
1.733119,1.441391,-0.795674
1.737211,1.443438,-0.794651
1.73195,1.433499,-0.798743
1.738965,1.432914,-0.789243
1.73575,1.434668,-0.78252
1.742181,1.440222,-0.791435
1.742473,1.439053,-0.781204
1.742181,1.440514,-0.796989
1.739842,1.441976,-0.785297
1.741011,1.441976,-0.794358
1.740719,1.438468,-0.792605
1.736334,1.439638,-0.780912
1.734581,1.435838,-0.792458
1.738965,1.437884,-0.788366
1.737504,1.439345,-0.795381
1.738673,1.441391,-0.78442
1.740134,1.437591,-0.794797
1.739258,1.440222,-0.797574
1.740719,1.450161,-0.793043
1.736919,1.437007,-0.789828
1.733996,1.439638,-0.793335
1.738673,1.441976,-0.789681
1.742473,1.445776,-0.794358
1.739258,1.439053,-0.788366
1.742473,1.43613,-0.790266
1.733411,1.437299,-0.793481
1.740427,1.438761,-0.798012
1.738673,1.433499,-0.79392
1.741596,1.438176,-0.796405
1.749781,1.448407,-0.797428
1.745104,1.439345,-0.794797
1.733704,1.43496,-0.79392
1.73955,1.437299,-0.794066
1.734873,1.431453,-0.797866
1.740427,1.445776,-0.796843
1.738088,1.444607,-0.795089
1.741011,1.435253,-0.800497
1.739842,1.438468,-0.79012
1.738088,1.433499,-0.792897
1.734288,1.440807,-0.782081
1.741596,1.445776,-0.792751
1.73575,1.440514,-0.799766
1.748027,1.435838,-0.782374
1.737796,1.437884,-0.789535
1.741011,1.443145,-0.789828
1.744811,1.44373,-0.790704
1.742181,1.441684,-0.792605
1.735165,1.439345,-0.796112
1.742181,1.438176,-0.785443
1.745104,1.441976,-0.797574
1.739842,1.435838,-0.792751
1.742473,1.443145,-0.793189
1.738088,1.437884,-0.784566
1.742181,1.435545,-0.788366
1.735457,1.438468,-0.795089
1.738965,1.437007,-0.800058
1.733119,1.441684,-0.801959
1.737211,1.439345,-0.799182
1.735457,1.44373,-0.80152
1.740719,1.441391,-0.787635
1.741596,1.440807,-0.790851
1.741596,1.441099,-0.790997
1.741888,1.434376,-0.794943
1.74335,1.43496,-0.779597
1.735165,1.435545,-0.792166
1.739258,1.437884,-0.788951
1.742765,1.435253,-0.787197
1.738381,1.436422,-0.791435
1.736919,1.435545,-0.782666
1.74335,1.441099,-0.789974
1.742765,1.433207,-0.805905
1.737796,1.436422,-0.790851
1.736919,1.437007,-0.788804
1.735165,1.433791,-0.793628
1.745981,1.433791,-0.783689
1.736334,1.440514,-0.787343
1.741888,1.439053,-0.791143
1.735165,1.439053,-0.785004
1.738673,1.435253,-0.79012
1.745981,1.426484,-0.793189
1.736042,1.441099,-0.793481
1.742473,1.439345,-0.787781
1.737504,1.438176,-0.799035
1.732242,1.434084,-0.791874
1.738673,1.440222,-0.793481
1.741304,1.439345,-0.793774
1.738965,1.449576,-0.787635
1.741304,1.43496,-0.782958
1.74335,1.440807,-0.796258
1.738965,1.434376,-0.789974
1.741888,1.433499,-0.798158
1.737211,1.42736,-0.792312
1.740427,1.438468,-0.795089
1.723473,1.456884,-0.78822
1.721134,1.479684,-0.792166
1.72318,1.505408,-0.776235
1.721426,1.521485,-0.766589
1.721426,1.5133,-0.754165
1.724642,1.515639,-0.757235
1.724642,1.516223,-0.741742
1.725519,1.518854,-0.737504
1.729611,1.514177,-0.725811
1.729611,1.512423,-0.725373
1.73195,1.513592,-0.722596
1.736334,1.509208,-0.715288
1.738965,1.499854,-0.699211
1.738673,1.499269,-0.694534
1.73195,1.496931,-0.689564
1.745688,1.495469,-0.67568
1.751242,1.486408,-0.687372
1.745981,1.477346,-0.68138
1.757089,1.484946,-0.675826
1.75095,1.484361,-0.679187
1.761181,1.4829,-0.667349
1.75855,1.470915,-0.649518
1.760889,1.465653,-0.656533
1.755919,1.469746,-0.652441
1.760304,1.472084,-0.652879
1.767027,1.465361,-0.651272
1.757673,1.45893,-0.639287
1.769366,1.459222,-0.643671
1.775212,1.451622,-0.653902
1.769366,1.447238,-0.629933
1.775212,1.448407,-0.631102
1.780474,1.447822,-0.635779
1.774335,1.446361,-0.624963
1.777258,1.445484,-0.634025
1.77755,1.442561,-0.620871
1.774627,1.438468,-0.634902
1.780181,1.432914,-0.63344
1.779012,1.434668,-0.63461
1.779012,1.437007,-0.621602
1.784274,1.438468,-0.630956
1.77375,1.429991,-0.631687
1.783981,1.433499,-0.623794
1.779889,1.435253,-0.621748
1.785151,1.427068,-0.61444
1.788951,1.429407,-0.605086
1.783104,1.42853,-0.61824
1.782812,1.43116,-0.617948
1.780181,1.423853,-0.612248
1.785443,1.427945,-0.616486
1.792166,1.425899,-0.627302
1.780181,1.427653,-0.625402
1.778135,1.421806,-0.629933
1.777843,1.425899,-0.62131
1.778427,1.425314,-0.609032
1.780766,1.423853,-0.614879
1.785735,1.42473,-0.617656
1.78632,1.424145,-0.619263
1.786612,1.416253,-0.617948
1.778135,1.420637,-0.623794
1.792458,1.421514,-0.604209
1.787197,1.418299,-0.618971
1.784858,1.41976,-0.618386
1.788366,1.424437,-0.609617
1.789535,1.419468,-0.618825
1.793335,1.419176,-0.611517
1.79012,1.418591,-0.613856
1.784858,1.418299,-0.614148
1.789243,1.41596,-0.605232
1.788658,1.415668,-0.608009
1.784858,1.42853,-0.620286
1.78632,1.421514,-0.612979
1.795381,1.421806,-0.609909
1.792751,1.419468,-0.617363
1.793335,1.423853,-0.619263
1.799182,1.417422,-0.61634
1.79012,1.418883,-0.613271
1.793043,1.416253,-0.622186
1.787781,1.408068,-0.620871
1.787781,1.421222,-0.617656
1.795674,1.413037,-0.62584
1.791874,1.419176,-0.618679
1.79392,1.415668,-0.621456
1.788074,1.421222,-0.616048
1.789828,1.424437,-0.610932
1.790412,1.42093,-0.615463
1.785735,1.417714,-0.61064
1.784566,1.409237,-0.617656
1.78252,1.416837,-0.611517
1.793043,1.41596,-0.62394
1.790997,1.414499,-0.612394
1.790704,1.413622,-0.606255
1.789828,1.415376,-0.604502
1.794505,1.413914,-0.613709
1.787197,1.419468,-0.617948
1.786027,1.418883,-0.61444
1.789535,1.418299,-0.619117
1.796843,1.416545,-0.615902
1.785151,1.413037,-0.608448
1.788074,1.421222,-0.620871
1.785151,1.412745,-0.622917
1.784858,1.416253,-0.60684
1.788366,1.410991,-0.624963
1.790412,1.410114,-0.622625
1.792458,1.409237,-0.618971
1.789243,1.41216,-0.614586
1.79392,1.408945,-0.611956
1.784566,1.411868,-0.625402
1.791581,1.410406,-0.616925
1.78632,1.421222,-0.606548
1.788951,1.411868,-0.615171
1.784566,1.416253,-0.619263
1.789535,1.416545,-0.626717
1.79392,1.410114,-0.609471
1.793628,1.414499,-0.603625
1.792751,1.416253,-0.620579
1.794505,1.417714,-0.612102
1.792166,1.414791,-0.609617
1.79012,1.413914,-0.613563
1.79012,1.41216,-0.612248
1.792458,1.411868,-0.615317
1.787197,1.414791,-0.609909
1.794797,1.414206,-0.616633
1.789535,1.414791,-0.610786
1.787197,1.413037,-0.617363
1.792166,1.413914,-0.60494
1.792458,1.414499,-0.612832
1.79392,1.415083,-0.607425
1.788074,1.419468,-0.609909
1.788366,1.406899,-0.610932
1.784858,1.411868,-0.612102
1.787489,1.418591,-0.608594
1.793043,1.407191,-0.608302
1.786904,1.411868,-0.604648
1.790997,1.408945,-0.612248
1.789535,1.41713,-0.605963
1.785151,1.415083,-0.618094
1.788951,1.413329,-0.61941
1.792166,1.416253,-0.62511
1.794797,1.411576,-0.60874
1.790997,1.411283,-0.60304
1.788951,1.412745,-0.616925
1.793628,1.410699,-0.620286
1.791874,1.412452,-0.616194
1.787489,1.408652,-0.605817
1.784274,1.41216,-0.61824
1.785151,1.420637,-0.624233
1.790412,1.415376,-0.612832
1.793043,1.419176,-0.61634
1.795381,1.418006,-0.615902
1.78135,1.413037,-0.613125
1.787197,1.414499,-0.617802
1.787489,1.40836,-0.619848
1.784566,1.41596,-0.615463
1.784566,1.41596,-0.616925
1.791581,1.410991,-0.611956
1.782812,1.407191,-0.607425
1.786904,1.413622,-0.612686
1.784858,1.410699,-0.617217
1.791289,1.416837,-0.613125
1.786027,1.414791,-0.617217
1.78252,1.415668,-0.601578
1.783689,1.413914,-0.617948
1.787489,1.407191,-0.608009
1.790412,1.404852,-0.619702
1.790997,1.41596,-0.604502
1.787781,1.410991,-0.613271
1.792166,1.413329,-0.615463
1.790997,1.418883,-0.612102
1.782227,1.410699,-0.619117
1.791289,1.410406,-0.626425
1.789243,1.413037,-0.620725
1.788366,1.415668,-0.620433
1.789535,1.411576,-0.612979
1.794212,1.410114,-0.614294
1.79772,1.418006,-0.613271
1.79392,1.412452,-0.615171
1.791874,1.411868,-0.608886
1.793628,1.418299,-0.617656
1.794505,1.415376,-0.612979
1.796843,1.414499,-0.615317
1.795381,1.419468,-0.598655
1.787489,1.413037,-0.615317
1.787197,1.410991,-0.616194
1.790412,1.414206,-0.615902
1.790704,1.414499,-0.618094
1.791874,1.413622,-0.608886
1.792458,1.414791,-0.617509
1.791289,1.408652,-0.611809
1.788074,1.409529,-0.614148
1.788658,1.41596,-0.621163
1.797428,1.415083,-0.629348
1.793628,1.413622,-0.611809
1.792751,1.41713,-0.617363
1.790412,1.413037,-0.610348
1.788951,1.409237,-0.61254
1.790997,1.420345,-0.625402
1.789535,1.417422,-0.614148
1.790997,1.408068,-0.615756
1.792458,1.417422,-0.616779
1.794797,1.416545,-0.621017
1.786612,1.41976,-0.61254
1.793043,1.425022,-0.606402
1.797135,1.410406,-0.61634
1.792458,1.414791,-0.622479
1.791581,1.413622,-0.617363
1.793043,1.41216,-0.622186
1.788366,1.404852,-0.615171
1.795674,1.413622,-0.617217
1.793335,1.415083,-0.597778
1.79012,1.410114,-0.617948
1.792166,1.414499,-0.61634
1.794797,1.416545,-0.614586
1.795674,1.416253,-0.610348
1.788951,1.413914,-0.607717
1.792458,1.414791,-0.612102
1.793628,1.411868,-0.616925
1.79392,1.409529,-0.607863
1.793043,1.415083,-0.611225
1.795966,1.413329,-0.616925
1.787197,1.416545,-0.617656
1.791874,1.416545,-0.619994
1.798012,1.420345,-0.606255
1.793628,1.415668,-0.612686
1.789243,1.410114,-0.617071
1.79392,1.41976,-0.615609
1.791581,1.417714,-0.612248
1.790412,1.418883,-0.614002
1.787781,1.413037,-0.617509
1.783981,1.416545,-0.609763
1.789535,1.422391,-0.607863
1.787489,1.424437,-0.60114
1.793335,1.425022,-0.601286
1.792458,1.416253,-0.617948
1.793335,1.420053,-0.610494
1.792751,1.41216,-0.612832
1.795381,1.410406,-0.617509
1.792751,1.41976,-0.616486
1.793043,1.410114,-0.628033
1.794797,1.412745,-0.617217
1.793335,1.419468,-0.614148
1.794797,1.420345,-0.612248
1.792166,1.412452,-0.619994
1.785735,1.422099,-0.611225
1.796258,1.413914,-0.613271
1.790704,1.418883,-0.612686
1.792166,1.423853,-0.613271
1.788951,1.415083,-0.615756
1.792458,1.413329,-0.62511
1.792458,1.414499,-0.606548
1.791874,1.409822,-0.62204
1.79012,1.422099,-0.607863
1.800058,1.422976,-0.61254
1.795381,1.418591,-0.612102
1.795089,1.417422,-0.609909
1.798305,1.42473,-0.613125
1.792458,1.420637,-0.617802
1.795089,1.420637,-0.610494
1.785151,1.420637,-0.616486
1.790704,1.414499,-0.614586
1.787197,1.416545,-0.608886
1.79392,1.417422,-0.613563
1.793043,1.422683,-0.605671
1.795966,1.419468,-0.613417
1.796551,1.426484,-0.609763
1.791289,1.418883,-0.621602
1.793628,1.419176,-0.623794
1.79012,1.410699,-0.618533
1.792458,1.415376,-0.617509
1.798012,1.425022,-0.617071
1.791289,1.421222,-0.611809
1.789535,1.418299,-0.609325
1.790997,1.416837,-0.610494
1.799766,1.421806,-0.61064
1.787781,1.417422,-0.607863
1.783689,1.417422,-0.609909
1.791289,1.422683,-0.613563
1.795674,1.413329,-0.607132
1.798012,1.42356,-0.600117
1.792458,1.411283,-0.601871
1.795674,1.415668,-0.602894
1.794797,1.416545,-0.617509
1.79012,1.41596,-0.606986
1.793043,1.42093,-0.623794
1.795381,1.418299,-0.612394
1.794505,1.41713,-0.609617
1.791581,1.418591,-0.609909
1.795089,1.41713,-0.619702
1.787197,1.421514,-0.60494
1.785443,1.417422,-0.617217
1.792166,1.418591,-0.626133
1.782812,1.422099,-0.607863
1.788366,1.426484,-0.618386
1.789243,1.410991,-0.616633
1.786904,1.415083,-0.618094
1.792458,1.417422,-0.61444
1.790704,1.413622,-0.611371
1.79012,1.410991,-0.614586
1.791581,1.416545,-0.607279
1.793628,1.418006,-0.619848
1.791874,1.412745,-0.617948
1.791581,1.417714,-0.613563
1.793628,1.420637,-0.604502
1.795381,1.416837,-0.608302
1.792751,1.41713,-0.599678
1.793043,1.416253,-0.609617
1.786612,1.413622,-0.611371
1.792751,1.415083,-0.614002
1.790704,1.418299,-0.605525
1.790997,1.415083,-0.608009
1.794797,1.412745,-0.608155
1.787489,1.419468,-0.611663
1.790997,1.421514,-0.602748
1.791289,1.420053,-0.610202
1.793043,1.412745,-0.602748
1.786027,1.413037,-0.608155
1.791581,1.412745,-0.617217
1.791581,1.412452,-0.611225
1.785151,1.42093,-0.609763
1.788658,1.414791,-0.62014
1.78632,1.41713,-0.613709
1.791874,1.418591,-0.615902
1.787489,1.420053,-0.610932
1.793628,1.413622,-0.616925
1.787197,1.412745,-0.61824
1.789535,1.42093,-0.607279
1.788658,1.413329,-0.61064
1.787489,1.411868,-0.606986
1.792751,1.414791,-0.612102
1.790997,1.416253,-0.604355
1.792166,1.415668,-0.621602
1.79392,1.414499,-0.612686
1.787489,1.410406,-0.615171
1.790997,1.41596,-0.610348
1.787197,1.419468,-0.603625
1.783397,1.414791,-0.605817
1.791581,1.413914,-0.611956
1.798305,1.422099,-0.608302
1.788951,1.415376,-0.619848
1.780181,1.422683,-0.614002
1.790412,1.412452,-0.607279
1.785151,1.413329,-0.611371
1.791874,1.413622,-0.616486
1.786612,1.41216,-0.609471
1.790997,1.409822,-0.611371
1.788951,1.415668,-0.600702
1.795089,1.415668,-0.617509
1.790412,1.421806,-0.605525
1.789535,1.418883,-0.618094
1.794212,1.415376,-0.618971
1.788951,1.416253,-0.609179
1.795089,1.41596,-0.613709
1.788951,1.411283,-0.606402
1.791289,1.412452,-0.618533
1.789828,1.413329,-0.61941
1.786027,1.418883,-0.612248
1.795089,1.415376,-0.604063
1.789243,1.416837,-0.617656
1.786904,1.411868,-0.609617
1.784566,1.410699,-0.617509
1.785151,1.407191,-0.606694
1.789535,1.413622,-0.61941
1.788074,1.413914,-0.625256
1.789243,1.413329,-0.612248
1.793628,1.40836,-0.610202
1.793335,1.415083,-0.619117
1.781643,1.415668,-0.614733
1.784858,1.415083,-0.60684
1.784566,1.417422,-0.614294
1.781058,1.410406,-0.622479
1.788074,1.413622,-0.609032
1.790412,1.408652,-0.612248
1.788366,1.408068,-0.615171
1.787197,1.411576,-0.621163
1.790412,1.407191,-0.61634
1.792751,1.411868,-0.62204
1.788658,1.413037,-0.612979
1.792458,1.42093,-0.611079
1.797135,1.412452,-0.613709
1.787489,1.410991,-0.61254
1.790704,1.412452,-0.62131
1.791874,1.413329,-0.613417
1.797135,1.413914,-0.61254
1.79012,1.450161,-0.607425
1.791874,1.414206,-0.603186
1.794212,1.419468,-0.615463
1.790997,1.417714,-0.618679
1.795089,1.426484,-0.612248
1.790997,1.406314,-0.618679
1.790412,1.41713,-0.621602
1.788074,1.425022,-0.620286
1.789243,1.41713,-0.616048
1.794212,1.409529,-0.620871
1.792458,1.415668,-0.613856
1.795674,1.414499,-0.612248
1.791581,1.425314,-0.613125
1.796843,1.420053,-0.60684
1.797135,1.414791,-0.613709
1.789243,1.413329,-0.602309
1.789535,1.415668,-0.612979
1.790704,1.417714,-0.61634
1.792751,1.416545,-0.611809
1.783397,1.410699,-0.617948
1.796258,1.420345,-0.616779
1.789828,1.417714,-0.602455
1.792166,1.41713,-0.606986
1.795089,1.416545,-0.606109
1.790704,1.413622,-0.600848
1.795966,1.412745,-0.613125
1.792751,1.417714,-0.618386
1.791581,1.413329,-0.615025
1.790704,1.416837,-0.606986
1.792751,1.413914,-0.612832
1.788366,1.412745,-0.606694
1.791874,1.408945,-0.611517
1.789535,1.416837,-0.613125
1.787197,1.42093,-0.614733
1.792166,1.424437,-0.615902
1.799474,1.422099,-0.606986
1.795089,1.418591,-0.614879
1.791289,1.413622,-0.613125
1.786612,1.416837,-0.611517
1.791581,1.412452,-0.608302
1.79392,1.41596,-0.613709
1.792751,1.415668,-0.605086
1.792458,1.412745,-0.611371
1.795089,1.421222,-0.612979
1.792751,1.418299,-0.607571
1.789243,1.413037,-0.611956
1.793628,1.412452,-0.615025
1.789535,1.415376,-0.612394
1.795674,1.417422,-0.613125
1.79772,1.41596,-0.616633
1.795966,1.413037,-0.611371
1.789828,1.41596,-0.612686
1.792751,1.413037,-0.612832
1.788951,1.418006,-0.615756
1.79012,1.420053,-0.609032
1.79012,1.418006,-0.612686
1.789243,1.416253,-0.608594
1.795089,1.420637,-0.617948
1.791289,1.419176,-0.622333
1.792458,1.416253,-0.603478
1.790704,1.415083,-0.604794
1.791289,1.416253,-0.601578
1.791581,1.411576,-0.610786
1.796551,1.418006,-0.610056
1.788074,1.412452,-0.60304
1.792458,1.415376,-0.61444
1.786612,1.420053,-0.611663
1.793335,1.409822,-0.601871
1.795674,1.416837,-0.609325
1.791289,1.414499,-0.602455
1.792458,1.410406,-0.597194
1.795381,1.414206,-0.596609
1.795674,1.418591,-0.605525
1.793335,1.415083,-0.60114
1.803274,1.415376,-0.611663
1.792751,1.417714,-0.595732
1.789535,1.422099,-0.605086
1.798012,1.421222,-0.610494
1.803274,1.418006,-0.618094
1.806197,1.416837,-0.605086
1.796551,1.411576,-0.609179
1.791874,1.405145,-0.608009
1.790412,1.422099,-0.606694
1.798012,1.412452,-0.596171
1.798597,1.413329,-0.60874
