ch1,ch2,ch3
13.0,1.249635,-0.706665
1.824028,1.257235,-0.705203
1.819059,1.254019,-0.712365
1.826951,1.247588,-0.710903
1.82549,1.25285,-0.703303
1.817597,1.251973,-0.714119
1.819936,1.247881,-0.702134
1.831336,1.244665,-0.702572
1.826659,1.246419,-0.694388
1.819351,1.238527,-0.709003
1.824613,1.247296,-0.698626
1.832505,1.242619,-0.714849
1.825197,1.243496,-0.713973
1.82432,1.238234,-0.710465
1.830167,1.239111,-0.709734
1.824028,1.242034,-0.705495
1.822859,1.24145,-0.708565
1.824905,1.243496,-0.708272
1.833382,1.24145,-0.697311
1.827828,1.238527,-0.709588
1.829582,1.247004,-0.702426
1.817597,1.242034,-0.696141
1.823736,1.246127,-0.705057
1.821397,1.242619,-0.711488
1.826659,1.250512,-0.697749
1.828413,1.243788,-0.714411
1.82432,1.241158,-0.71368
1.832213,1.239404,-0.691757
1.824905,1.239111,-0.693511
1.828997,1.243496,-0.701842
1.824905,1.244081,-0.705057
1.82549,1.247588,-0.693949
1.824905,1.241158,-0.707688
1.82812,1.242911,-0.691903
1.827243,1.243788,-0.703449
1.828997,1.242619,-0.701988
1.822567,1.242034,-0.697603
1.818182,1.243204,-0.705495
1.82812,1.238819,-0.703011
1.827536,1.249342,-0.700088
1.821397,1.247588,-0.705495
1.830167,1.248173,-0.698626
1.82929,1.242911,-0.701842
1.822567,1.247004,-0.70228
1.825782,1.24525,-0.703157
1.833382,1.244081,-0.694095
1.82929,1.244665,-0.697311
1.831044,1.244081,-0.704911
1.831044,1.24525,-0.699065
1.825782,1.247881,-0.699357
1.827243,1.240573,-0.708272
1.828705,1.248173,-0.706372
1.83309,1.242327,-0.694388
1.828997,1.247296,-0.707688
1.826367,1.243204,-0.701403
1.826367,1.237942,-0.695118
1.834259,1.241158,-0.700088
1.825197,1.239111,-0.705934
1.825782,1.239111,-0.705495
1.82929,1.240573,-0.707395
1.825197,1.240865,-0.700965
1.832505,1.247588,-0.693803
1.822274,1.240281,-0.703157
1.826659,1.235019,-0.711488
1.825782,1.242619,-0.703303
1.830751,1.244081,-0.699211
1.830751,1.242034,-0.707542
1.82929,1.245542,-0.70038
1.832213,1.239111,-0.704472
1.835721,1.24525,-0.702134
1.829874,1.242911,-0.69848
1.829582,1.240281,-0.70418
1.831336,1.238527,-0.712511
1.830167,1.241742,-0.703595
1.837182,1.242034,-0.704472
1.833382,1.247004,-0.698626
1.832797,1.239988,-0.706519
1.83689,1.245835,-0.701549
1.83689,1.244373,-0.699795
1.827828,1.242034,-0.71178
1.832213,1.238819,-0.711926
1.823443,1.237357,-0.704472
1.82929,1.235604,-0.706665
1.826659,1.242034,-0.697018
1.827536,1.244665,-0.695118
1.830167,1.242911,-0.690149
1.822859,1.240281,-0.692195
1.826659,1.242911,-0.701403
1.830167,1.240573,-0.696726
1.834259,1.240865,-0.701842
1.832505,1.242327,-0.703888
1.834551,1.240865,-0.692926
1.831921,1.243204,-0.702572
1.831921,1.247004,-0.700526
1.830751,1.247004,-0.704765
1.834259,1.244958,-0.703449
1.830167,1.243204,-0.696141
1.823443,1.242911,-0.702865
1.826659,1.239404,-0.688541
1.830167,1.247004,-0.699942
1.836013,1.239988,-0.703157
1.829582,1.245835,-0.704765
1.834844,1.248465,-0.712949
1.83309,1.24145,-0.698626
1.831044,1.245542,-0.695265
1.828413,1.248758,-0.698188
1.827243,1.243496,-0.698188
1.830459,1.253142,-0.704034
1.837474,1.244373,-0.701111
1.834551,1.244373,-0.701403
1.832797,1.243204,-0.700965
1.830751,1.244081,-0.703449
1.830459,1.254896,-0.697165
1.82812,1.242327,-0.691464
1.826074,1.241742,-0.701257
1.819936,1.243496,-0.704326
1.824613,1.238819,-0.704911
1.828997,1.237065,-0.697457
1.834551,1.24525,-0.705349
1.830751,1.239696,-0.69848
1.825197,1.236773,-0.696434
1.829582,1.239988,-0.694534
1.830167,1.240573,-0.692926
1.826074,1.234727,-0.697311
1.837182,1.241158,-0.698334
1.82812,1.234727,-0.688249
1.830459,1.246127,-0.705788
1.82549,1.242327,-0.690295
1.827536,1.238527,-0.699211
1.822274,1.243496,-0.701403
1.822274,1.242327,-0.695411
1.824613,1.243204,-0.698918
1.834551,1.243204,-0.697603
1.825197,1.243204,-0.70228
1.824905,1.240281,-0.706519
1.831044,1.245835,-0.705057
1.82929,1.235896,-0.698041
1.825782,1.246127,-0.698918
1.826074,1.236481,-0.693511
1.831044,1.242034,-0.703303
1.822567,1.238234,-0.702426
1.821982,1.238527,-0.700526
1.824905,1.239988,-0.701257
1.821982,1.238819,-0.700526
1.818474,1.239404,-0.694241
1.831044,1.239988,-0.705934
1.822567,1.245835,-0.701111
1.828413,1.235896,-0.698918
1.834259,1.240281,-0.701842
1.823151,1.24905,-0.702134
1.82812,1.241158,-0.702426
1.83309,1.238527,-0.699942
1.831044,1.239404,-0.700965
1.823443,1.236481,-0.684887
1.831628,1.237942,-0.692341
1.833382,1.241742,-0.697165
1.824028,1.246419,-0.701403
1.823736,1.242327,-0.703011
1.82812,1.244665,-0.703888
1.828705,1.24525,-0.701257
1.824028,1.238819,-0.704034
1.82549,1.232973,-0.703011
1.82812,1.233557,-0.699503
1.830751,1.241158,-0.69848
1.826659,1.240865,-0.704619
1.828705,1.248758,-0.702865
1.832797,1.242619,-0.692341
1.827828,1.241158,-0.708711
1.823443,1.239988,-0.695557
1.82549,1.242619,-0.700672
1.827243,1.243496,-0.697895
1.823151,1.244373,-0.703303
1.83309,1.241158,-0.694534
1.82432,1.24145,-0.701842
1.830459,1.240573,-0.697895
1.830459,1.248465,-0.699065
1.828413,1.237942,-0.702572
1.827828,1.238234,-0.698918
1.827243,1.242034,-0.701988
1.826951,1.239988,-0.692049
1.828705,1.243496,-0.710611
1.831336,1.246127,-0.699503
1.829874,1.245542,-0.702865
1.821105,1.237357,-0.706226
1.825197,1.241742,-0.703888
1.82812,1.234434,-0.705934
1.830459,1.24145,-0.703595
1.827828,1.241742,-0.705349
1.822859,1.236188,-0.700526
1.822567,1.24145,-0.695849
1.826367,1.250219,-0.707249
1.826951,1.242911,-0.711926
1.822859,1.243204,-0.703449
1.828705,1.242327,-0.701257
1.827536,1.24525,-0.694388
1.823151,1.240573,-0.697603
1.823443,1.239404,-0.696288
1.831336,1.240573,-0.700818
1.819351,1.248758,-0.699795
1.831921,1.244958,-0.698041
1.821982,1.24525,-0.692634
1.826074,1.238819,-0.700088
1.831336,1.247881,-0.702426
1.823736,1.23765,-0.70228
1.826951,1.238819,-0.709588
1.829582,1.24905,-0.700672
1.825782,1.252265,-0.686641
1.82812,1.247881,-0.704034
1.827536,1.247588,-0.703888
1.82169,1.247296,-0.701403
1.82169,1.24525,-0.70038
1.819059,1.244958,-0.702718
1.827828,1.244373,-0.699065
1.823443,1.248758,-0.698188
1.82929,1.245835,-0.701111
1.831921,1.244081,-0.703888
1.832797,1.241158,-0.705203
1.824613,1.235019,-0.695557
1.81672,1.233557,-0.709588
1.827536,1.240573,-0.701842
1.831336,1.238527,-0.699065
1.821105,1.237942,-0.701111
1.822274,1.239111,-0.697749
1.82929,1.247296,-0.703011
1.823443,1.247881,-0.696726
1.831628,1.247881,-0.701257
1.82812,1.241742,-0.699357
1.82929,1.241742,-0.700234
1.830167,1.235896,-0.706372
1.825782,1.245542,-0.710026
1.815551,1.270973,-0.73195
1.798305,1.306928,-0.745835
1.779304,1.354282,-0.772581
1.757673,1.409822,-0.786904
1.74335,1.462146,-0.785151
1.733704,1.483192,-0.779158
1.727273,1.501023,-0.786904
1.720842,1.512716,-0.760012
1.726103,1.518854,-0.752119
1.729904,1.512716,-0.738819
1.73078,1.513008,-0.712511
1.741011,1.501608,-0.703449
1.752704,1.495177,-0.688834
1.752996,1.486992,-0.674218
1.768196,1.47033,-0.665887
1.76615,1.457761,-0.649225
1.771996,1.445776,-0.62891
1.781935,1.435545,-0.625548
1.783397,1.418883,-0.621456
1.793043,1.401345,-0.59924
1.800351,1.39696,-0.599825
1.802397,1.379714,-0.576878
1.808828,1.369775,-0.584186
1.818182,1.357206,-0.577901
1.830751,1.352821,-0.560947
1.819059,1.343174,-0.565916
1.822567,1.338205,-0.549985
1.825782,1.324174,-0.548524
1.834844,1.318913,-0.547355
1.834844,1.31482,-0.546478
1.843028,1.302835,-0.546624
1.838059,1.299328,-0.542824
1.841567,1.287635,-0.540485
1.852382,1.28442,-0.540485
1.851798,1.282081,-0.534347
1.854721,1.277989,-0.486554
1.858813,1.27302,-0.536977
1.856475,1.269804,-0.532885
1.853552,1.270973,-0.536539
1.855305,1.26805,-0.536393
1.856475,1.256942,-0.534931
1.866121,1.259866,-0.539462
1.859398,1.257527,-0.528939
1.861736,1.25665,-0.518854
1.864952,1.247588,-0.535224
1.864659,1.250219,-0.5323
1.867583,1.248465,-0.5304
1.861736,1.24145,-0.525139
1.859105,1.239988,-0.528208
1.872552,1.239696,-0.518123
1.866121,1.244665,-0.532885
1.868752,1.238819,-0.523677
1.874013,1.237942,-0.526308
1.865829,1.239696,-0.519
1.866413,1.236188,-0.525577
1.871383,1.237065,-0.530985
1.875475,1.234727,-0.527331
1.872552,1.240573,-0.524847
1.87226,1.235896,-0.527623
1.866413,1.233265,-0.527039
1.866998,1.232681,-0.52777
1.876352,1.230342,-0.531131
1.87109,1.228588,-0.525139
1.864367,1.22508,-0.520316
1.86729,1.229465,-0.524262
1.867583,1.223911,-0.519439
1.870798,1.231511,-0.5171
1.864952,1.224203,-0.525139
1.868167,1.222742,-0.525139
1.866413,1.228588,-0.524262
1.872844,1.224788,-0.524993
1.875475,1.222742,-0.532008
1.87489,1.228296,-0.529816
1.868459,1.227419,-0.521923
1.875475,1.225373,-0.534054
1.871967,1.225373,-0.523093
1.869629,1.219819,-0.512131
1.873429,1.225373,-0.516662
1.861736,1.221573,-0.520023
1.85969,1.22245,-0.529231
1.867583,1.224496,-0.527916
1.874598,1.223034,-0.539316
1.865829,1.227127,-0.523239
1.868459,1.224788,-0.524116
1.868167,1.228588,-0.51827
1.862906,1.215142,-0.532154
1.869629,1.223911,-0.525577
1.869921,1.215726,-0.523677
1.867583,1.220403,-0.524116
1.866121,1.219234,-0.526893
1.87606,1.219526,-0.523239
1.868459,1.222742,-0.531862
1.870213,1.220111,-0.531862
1.864075,1.216019,-0.523093
1.862906,1.223327,-0.533324
1.87226,1.22245,-0.530108
1.875475,1.223327,-0.516077
1.867583,1.223619,-0.521631
1.861444,1.218942,-0.536101
1.87109,1.227711,-0.524116
1.871675,1.229465,-0.528354
1.876937,1.224496,-0.532008
1.874306,1.227419,-0.531277
1.87226,1.220111,-0.529816
1.866998,1.229465,-0.530254
1.870506,1.22245,-0.522654
1.865244,1.225957,-0.5304
1.868752,1.22245,-0.534493
1.866706,1.22245,-0.521339
1.871967,1.218942,-0.521339
1.866998,1.225373,-0.531277
1.870798,1.21865,-0.532885
1.87109,1.21865,-0.529816
1.863783,1.230634,-0.517831
1.872552,1.23005,-0.523385
1.875183,1.225373,-0.526016
1.87869,1.229465,-0.530985
1.870213,1.230927,-0.5228
1.870798,1.225957,-0.520754
1.878983,1.222742,-0.521777
1.87226,1.227711,-0.51827
1.869921,1.221573,-0.527623
1.873137,1.216019,-0.492838
1.873429,1.21748,-0.51827
1.868167,1.213973,-0.522508
1.869921,1.220696,-0.517539
1.874013,1.215434,-0.527623
1.871967,1.21865,-0.532008
1.874598,1.222157,-0.534201
1.871967,1.22128,-0.52587
1.877521,1.219234,-0.532593
1.870213,1.223619,-0.525577
1.872844,1.216019,-0.532154
1.880152,1.22128,-0.529231
1.87109,1.229465,-0.527623
1.872552,1.232096,-0.521923
1.871675,1.218942,-0.535662
1.872844,1.219819,-0.52207
1.871383,1.226542,-0.529816
1.871675,1.218065,-0.534493
1.874306,1.223911,-0.522947
1.874306,1.225373,-0.529231
1.869921,1.221865,-0.522947
1.878983,1.219819,-0.524993
1.866413,1.222742,-0.522654
1.872844,1.22508,-0.52397
1.874013,1.220988,-0.524116
1.865829,1.220403,-0.524408
1.874013,1.224496,-0.516223
1.868459,1.220111,-0.514177
1.869336,1.225373,-0.525577
1.873429,1.228004,-0.519731
1.866413,1.219526,-0.5266
1.865536,1.232681,-0.53157
1.876937,1.223034,-0.516516
1.867583,1.218357,-0.512277
1.866706,1.22245,-0.524116
1.871383,1.22128,-0.514908
1.867583,1.216603,-0.532885
1.873429,1.218065,-0.5228
1.867583,1.219526,-0.524116
1.873137,1.221573,-0.519146
1.870506,1.221865,-0.529085
1.87489,1.223327,-0.521046
1.880737,1.216311,-0.524847
1.871967,1.22245,-0.524847
1.873429,1.225373,-0.520462
1.880152,1.222157,-0.518416
1.876352,1.22128,-0.528062
1.875767,1.22245,-0.532593
1.87226,1.218942,-0.531277
1.870213,1.216896,-0.525285
1.873137,1.216896,-0.524116
1.874013,1.217188,-0.527331
1.873429,1.220988,-0.524262
1.879275,1.221573,-0.526747
1.872844,1.220696,-0.519439
1.877813,1.22625,-0.523385
1.874598,1.218357,-0.5285
1.874306,1.222742,-0.525431
1.874598,1.224203,-0.526747
1.870798,1.224496,-0.525285
1.868459,1.22508,-0.531277
1.868459,1.220696,-0.521046
1.871383,1.220988,-0.529231
1.871383,1.220403,-0.543408
1.876937,1.220403,-0.530547
1.87869,1.222742,-0.533908
1.875475,1.224496,-0.524993
1.873429,1.220696,-0.526016
1.871967,1.220696,-0.531131
1.866706,1.216603,-0.525577
1.872844,1.220403,-0.525723
1.871383,1.223911,-0.531862
1.876937,1.227711,-0.525139
1.868752,1.223034,-0.532154
1.872844,1.228588,-0.520608
1.874013,1.21748,-0.530839
1.862029,1.215726,-0.524847
1.870798,1.221865,-0.52967
1.872844,1.227711,-0.525723
1.870798,1.229173,-0.524847
1.867583,1.229465,-0.527185
1.872844,1.22508,-0.536393
1.870798,1.221573,-0.527185
1.868167,1.222742,-0.523823
1.873429,1.22625,-0.524116
1.864952,1.216896,-0.52967
1.873137,1.224496,-0.52967
1.870213,1.223911,-0.525577
1.867583,1.218942,-0.528939
1.868752,1.222157,-0.525723
1.866706,1.221865,-0.525139
1.871383,1.220696,-0.495323
1.87489,1.224203,-0.52777
1.874013,1.211634,-0.528354
1.874306,1.219819,-0.531716
1.870798,1.221573,-0.522362
1.875767,1.223911,-0.528354
1.871383,1.219234,-0.526308
1.866998,1.216896,-0.524116
1.86729,1.221573,-0.534493
1.873721,1.21748,-0.530839
1.868752,1.219819,-0.534347
1.873429,1.226542,-0.529085
1.869921,1.229173,-0.530254
1.868752,1.222157,-0.525723
1.877813,1.221865,-0.531862
1.87606,1.222157,-0.526454
1.875183,1.223619,-0.532008
1.863783,1.22128,-0.524847
1.876937,1.224203,-0.526162
1.871383,1.219819,-0.538731
1.87489,1.224203,-0.533324
1.869629,1.220696,-0.539754
1.868752,1.222157,-0.521777
1.868752,1.223619,-0.518416
1.868459,1.220403,-0.534639
1.866121,1.222742,-0.531424
1.87109,1.222157,-0.526308
1.874306,1.216311,-0.531424
1.869336,1.21748,-0.535516
1.866706,1.218357,-0.543116
1.870213,1.212219,-0.530254
1.86729,1.213973,-0.532447
1.870506,1.219819,-0.536977
1.868167,1.217188,-0.523093
1.866998,1.220696,-0.529377
1.870213,1.225957,-0.527477
1.869629,1.220988,-0.52587
1.869629,1.222742,-0.528647
1.869921,1.223327,-0.53537
1.865536,1.215434,-0.524116
1.868167,1.218357,-0.530108
1.870213,1.216019,-0.5323
1.870798,1.221865,-0.528793
1.867875,1.225665,-0.540924
1.861444,1.224496,-0.530985
1.86729,1.216603,-0.526747
1.863198,1.216896,-0.531131
1.871675,1.223034,-0.53157
1.87226,1.216896,-0.527185
1.870213,1.222157,-0.529377
1.865536,1.222157,-0.538001
1.874306,1.220111,-0.538439
1.870213,1.217773,-0.5304
1.866998,1.218357,-0.536101
1.873429,1.220696,-0.525723
1.866998,1.215142,-0.527916
1.866413,1.215142,-0.529377
1.907337,1.219234,-0.530547
1.869044,1.216896,-0.5266
1.876352,1.214849,-0.537416
1.874013,1.216603,-0.537854
1.874013,1.222157,-0.537854
1.87489,1.219234,-0.534931
1.869336,1.216019,-0.532593
1.870798,1.214265,-0.526162
1.869921,1.216603,-0.531131
1.870798,1.215726,-0.537416
1.875475,1.223619,-0.541801
1.87226,1.219526,-0.522947
1.881321,1.220696,-0.535224
1.869044,1.225665,-0.537124
1.870213,1.220988,-0.539316
1.871967,1.215434,-0.5304
1.869044,1.216603,-0.536831
1.87489,1.223911,-0.533762
1.867875,1.220696,-0.53347
1.867875,1.215142,-0.532154
1.870506,1.219819,-0.531862
1.873137,1.223034,-0.540485
1.873721,1.223327,-0.526162
1.867583,1.216311,-0.543408
1.876937,1.215142,-0.536685
1.867583,1.218065,-0.534785
1.869336,1.211342,-0.52967
1.866706,1.222157,-0.534639
1.870798,1.213096,-0.527916
1.87109,1.216311,-0.530108
1.868459,1.22128,-0.533908
1.870506,1.220988,-0.53157
1.870213,1.20988,-0.528793
1.869044,1.212511,-0.538878
1.871675,1.218357,-0.523823
1.869629,1.224203,-0.529962
1.872844,1.214265,-0.528647
1.86729,1.219526,-0.529085
1.867875,1.222157,-0.536101
1.869921,1.220403,-0.532008
1.864075,1.215434,-0.526747
1.874306,1.219526,-0.530693
1.87226,1.222742,-0.521485
1.838059,1.22625,-0.523093
1.868752,1.21368,-0.526454
1.873429,1.21865,-0.536977
1.873429,1.218357,-0.522947
1.869336,1.225665,-0.529231
1.87606,1.221865,-0.530693
1.873721,1.222742,-0.526454
1.873137,1.22508,-0.531277
1.869629,1.221865,-0.526747
1.864367,1.221573,-0.520023
1.874306,1.231219,-0.521631
1.868167,1.21865,-0.524993
1.869629,1.218357,-0.533177
1.866413,1.219819,-0.5266
1.871675,1.21865,-0.536977
1.881321,1.226542,-0.54107
1.874013,1.223619,-0.517539
1.87226,1.22508,-0.52587
1.872552,1.21865,-0.531424
1.871675,1.220988,-0.525577
1.874306,1.229757,-0.52207
1.874013,1.213388,-0.53727
1.877813,1.217188,-0.54487
1.873137,1.227127,-0.521193
1.87109,1.219819,-0.529085
1.869336,1.211926,-0.536685
1.873721,1.220403,-0.530108
1.87109,1.223911,-0.534639
1.875475,1.216896,-0.527916
1.875183,1.214849,-0.526893
1.875767,1.225373,-0.523239
1.865536,1.215142,-0.519439
1.873721,1.216896,-0.524116
1.871675,1.21865,-0.529962
1.873429,1.212803,-0.527623
1.862906,1.217773,-0.535224
1.87109,1.221573,-0.508769
1.870798,1.213096,-0.529962
1.875183,1.215726,-0.5266
1.862613,1.220111,-0.537416
1.871675,1.222157,-0.539462
1.873721,1.21865,-0.529816
1.879275,1.223327,-0.52017
1.880152,1.221865,-0.517977
1.874598,1.220696,-0.528939
1.873721,1.225373,-0.530839
1.873721,1.21748,-0.522654
1.876937,1.226834,-0.531424
1.87489,1.222157,-0.525431
1.87869,1.22245,-0.529377
1.874598,1.213096,-0.533177
1.871383,1.22128,-0.53157
1.868752,1.220403,-0.533616
1.878398,1.212803,-0.532008
1.874306,1.219526,-0.531424
1.876937,1.219526,-0.533908
1.87226,1.220111,-0.534054
1.878106,1.227127,-0.534054
1.87606,1.216896,-0.528939
1.876937,1.224788,-0.540193
1.879567,1.225957,-0.534347
1.873137,1.22245,-0.525431
1.866706,1.223619,-0.529377
1.874013,1.223034,-0.526454
1.868752,1.223911,-0.536393
1.87489,1.228296,-0.539024
1.871383,1.226542,-0.539608
1.871383,1.225957,-0.55057
1.875183,1.222157,-0.536101
1.864952,1.219234,-0.542093
1.870506,1.215142,-0.542678
1.87109,1.225957,-0.53917
1.87226,1.220111,-0.530108
1.87226,1.219819,-0.53727
1.874598,1.217188,-0.532447
1.876937,1.219526,-0.545308
1.878106,1.222742,-0.534639
1.876937,1.215434,-0.53727
1.873721,1.216019,-0.532008
1.87226,1.214557,-0.534493
1.877521,1.216019,-0.534493
1.87489,1.217773,-0.529231
1.873137,1.213973,-0.527916
1.873721,1.213388,-0.530254
1.877813,1.219234,-0.53157
1.865829,1.213973,-0.544724
1.86729,1.220403,-0.53157
1.868752,1.22128,-0.534201
1.866121,1.212803,-0.5285
1.870798,1.218357,-0.535224
1.878106,1.220111,-0.527185
1.873721,1.215434,-0.53347
1.871967,1.215434,-0.534493
1.868167,1.214849,-0.528793
1.865244,1.221865,-0.525577
1.869629,1.21748,-0.527039
1.876644,1.220111,-0.52967
1.871383,1.211049,-0.523385
1.874598,1.220403,-0.529524
1.868459,1.220988,-0.521339
1.872844,1.216896,-0.5323
1.869044,1.223327,-0.528647
1.869629,1.223034,-0.532593
1.872552,1.215142,-0.520316
1.87606,1.220403,-0.529524
1.881321,1.217188,-0.534347
1.869921,1.221865,-0.53157
1.870798,1.217188,-0.533762
1.871675,1.217188,-0.5247
1.869629,1.217188,-0.532885
1.871383,1.227419,-0.536539
1.871383,1.227419,-0.528793
1.863783,1.216311,-0.529816
1.868167,1.222157,-0.523385
1.866413,1.225957,-0.52777
1.864659,1.220696,-0.522362
1.875767,1.216603,-0.533616
1.876644,1.223911,-0.529524
1.868459,1.220696,-0.535516
1.872552,1.215142,-0.53537
1.868752,1.224788,-0.538001
1.874013,1.221865,-0.52397
1.865536,1.213973,-0.526893
1.866998,1.215726,-0.525285
1.872552,1.226542,-0.534785
1.869629,1.220111,-0.529962
1.869629,1.222157,-0.536685
1.862613,1.216896,-0.533908
1.869044,1.217188,-0.538147
1.867875,1.216311,-0.538585
1.875475,1.217773,-0.5247
1.870506,1.21748,-0.532154
1.877521,1.219526,-0.535662
1.871383,1.218357,-0.545893
1.871383,1.215142,-0.539462
1.864075,1.216311,-0.53727
1.877229,1.228588,-0.527185
1.884829,1.217188,-0.535077
1.874013,1.216019,-0.534785
1.87226,1.222157,-0.533031
1.876937,1.218065,-0.529377
1.876644,1.22508,-0.532593
1.877229,1.220403,-0.53727
1.866413,1.217188,-0.52967
1.879275,1.210172,-0.534785
1.877521,1.211634,-0.524116
1.874306,1.220988,-0.538585
1.880737,1.217188,-0.53727
1.871383,1.218942,-0.524993
1.870213,1.216603,-0.53157
1.875767,1.227711,-0.538731
1.875183,1.219526,-0.534493
1.880737,1.224203,-0.532593
1.874306,1.218065,-0.528647
1.869044,1.216311,-0.53157
1.875183,1.216896,-0.535224
1.874306,1.216019,-0.538731
1.872552,1.220111,-0.525577
1.871967,1.219526,-0.532885
1.874598,1.218942,-0.54107
1.87489,1.219234,-0.538147
1.881029,1.216603,-0.529962
1.864659,1.223327,-0.53157
1.870213,1.219526,-0.512716
1.878398,1.217188,-0.516954
1.87986,1.21865,-0.532739
1.878398,1.21865,-0.530985
1.872844,1.222157,-0.528647
1.875183,1.224788,-0.524262
1.874306,1.219819,-0.521046
1.872552,1.22508,-0.521777
1.880152,1.218065,-0.53157
1.876644,1.220696,-0.522362
1.874598,1.214849,-0.530254
1.872844,1.218065,-0.535954
1.882783,1.220111,-0.529816
1.873721,1.21865,-0.534054
1.871967,1.220988,-0.535954
1.879275,1.216896,-0.526747
1.871675,1.221573,-0.533031
1.872552,1.220111,-0.531424
1.871383,1.223911,-0.528647
1.874306,1.220988,-0.520754
1.87109,1.224203,-0.539462
1.885414,1.223327,-0.524408
1.872844,1.225373,-0.514908
1.883952,1.215434,-0.537416
1.881029,1.220403,-0.535954
1.870213,1.214265,-0.530254
1.881321,1.218357,-0.531862
1.881906,1.21748,-0.53917
1.866121,1.221865,-0.533616
1.881614,1.219526,-0.536831
1.877229,1.21748,-0.53347
1.877229,1.224203,-0.534493
1.869921,1.218942,-0.537562
1.875475,1.216311,-0.533762
1.873137,1.223619,-0.524408
1.875475,1.212803,-0.532885
1.872844,1.224788,-0.540924
1.88366,1.219819,-0.522947
1.875475,1.217188,-0.532447
1.874598,1.222157,-0.523093
1.87489,1.219819,-0.522947
1.87869,1.220111,-0.538147
1.866998,1.220988,-0.534054
1.874598,1.226542,-0.532154
1.874598,1.221573,-0.528793
1.877229,1.216896,-0.531716
1.87226,1.219526,-0.5266
1.879275,1.219819,-0.516954
1.872844,1.226834,-0.530547
1.885998,1.221573,-0.525431
1.877813,1.220988,-0.5266
1.87109,1.222157,-0.53157
1.875475,1.219819,-0.530254
1.873721,1.220696,-0.531131
1.871383,1.217773,-0.535954
1.876644,1.229757,-0.53537
1.877813,1.22625,-0.538439
1.873137,1.219526,-0.513885
1.872844,1.223911,-0.536101
1.871675,1.23005,-0.528354
1.874306,1.224203,-0.54107
1.87606,1.219526,-0.523385
1.879275,1.22245,-0.524847
1.869629,1.215726,-0.517246
1.873137,1.229465,-0.532739
1.875475,1.223034,-0.527331
1.872552,1.226542,-0.535516
1.872552,1.223619,-0.52587
1.878983,1.22245,-0.529377
1.875183,1.216896,-0.525431
1.870213,1.225957,-0.540047
1.872552,1.21368,-0.527331
1.873721,1.217773,-0.530693
1.872552,1.215434,-0.530254
1.875767,1.216019,-0.536393
1.878398,1.21748,-0.528354
1.873429,1.215434,-0.526747
1.869044,1.218942,-0.538878
1.872552,1.212803,-0.529524
1.87109,1.22128,-0.539901
1.877521,1.218065,-0.526893
1.87986,1.227711,-0.534785
1.836597,1.217773,-0.524847
1.876644,1.226834,-0.512277
1.874306,1.215726,-0.523677
1.878106,1.219819,-0.530547
1.870213,1.221865,-0.519146
1.872552,1.217773,-0.524116
1.878398,1.21748,-0.512131
1.872552,1.22625,-0.524554
1.868167,1.219234,-0.522362
1.871675,1.221865,-0.512569
1.869629,1.221573,-0.521777
1.868752,1.215434,-0.521046
1.86729,1.215142,-0.527623
1.86729,1.211342,-0.527185
1.87606,1.218942,-0.511108
1.874306,1.223034,-0.52587
1.878983,1.215142,-0.528647
1.877521,1.216019,-0.536977
1.873137,1.218942,-0.5209
1.874306,1.215726,-0.535224
1.870798,1.208419,-0.529085
1.871383,1.218942,-0.537416
1.876352,1.217188,-0.524554
1.86729,1.214265,-0.53157
1.873137,1.218065,-0.5247
1.874306,1.214557,-0.519146
1.877521,1.211634,-0.532154
1.877229,1.220111,-0.536977
1.884537,1.214557,-0.5285
1.878398,1.220696,-0.540485
1.874013,1.219819,-0.524554
1.870213,1.211926,-0.532739
1.875767,1.22245,-0.525723
1.869629,1.225373,-0.539608
1.877229,1.219526,-0.527331
1.875767,1.214265,-0.529377
1.876937,1.220111,-0.527331
1.876937,1.215434,-0.533177
1.870213,1.218942,-0.528208
1.868459,1.21865,-0.525577
1.871967,1.223619,-0.52777
1.872552,1.211342,-0.518416
1.871967,1.228588,-0.517977
1.874013,1.218942,-0.516954
1.873429,1.225373,-0.532885
1.868752,1.223327,-0.52207
1.866121,1.229465,-0.5228
1.876644,1.219526,-0.517977
1.876352,1.227127,-0.521631
1.87489,1.22128,-0.532739
1.873137,1.218357,-0.516662
1.866998,1.224203,-0.524554
1.873137,1.222742,-0.527477
1.876644,1.223619,-0.521485
1.875475,1.220111,-0.511108
1.879275,1.221865,-0.5285
1.872552,1.223034,-0.524262
1.870213,1.217773,-0.52777
1.868459,1.220696,-0.522508
1.873429,1.22245,-0.531424
1.877813,1.216896,-0.527331
1.871383,1.224496,-0.521485
1.87606,1.220696,-0.53727
1.869336,1.214849,-0.527623
1.87606,1.217188,-0.523677
1.87226,1.22245,-0.524408
1.869921,1.214849,-0.517539
1.866413,1.220111,-0.536977
1.868459,1.220696,-0.524408
1.882198,1.217188,-0.532885
1.874306,1.226542,-0.528793
1.868459,1.219819,-0.528208
1.874306,1.214265,-0.527623
1.876937,1.215142,-0.534201
1.874598,1.220403,-0.530254
1.876937,1.213096,-0.52777
1.87226,1.212219,-0.520023
1.873721,1.220111,-0.530254
1.865829,1.216311,-0.524116
1.871967,1.223034,-0.538878
1.877521,1.215142,-0.529816
1.876937,1.226834,-0.532447
1.878983,1.216603,-0.536101
1.865536,1.220696,-0.530839
1.868167,1.21865,-0.519439
1.874013,1.213388,-0.526016
1.86729,1.207542,-0.534054
1.877229,1.212803,-0.527916
1.873137,1.215142,-0.524262
1.876644,1.216896,-0.530693
1.87606,1.216019,-0.529524
1.873721,1.214557,-0.530985
1.874013,1.215142,-0.5323
1.869921,1.218942,-0.531277
1.871383,1.218357,-0.53537
1.869921,1.215434,-0.532885
1.86729,1.212219,-0.530985
1.868167,1.216603,-0.533908
1.875767,1.218065,-0.530839
1.87109,1.209588,-0.532593
1.874013,1.22245,-0.528793
1.876352,1.220988,-0.5323
1.869921,1.216311,-0.527331
1.868752,1.216896,-0.533031
1.869629,1.219234,-0.523093
1.864367,1.215434,-0.521923
1.876937,1.21748,-0.524554
1.875767,1.215142,-0.525577
1.868459,1.215726,-0.529085
1.869921,1.21865,-0.519585
1.869044,1.21865,-0.518854
1.869921,1.218942,-0.522508
1.875183,1.222157,-0.524116
1.872552,1.218065,-0.529231
1.875475,1.216603,-0.5266
1.874013,1.218357,-0.528354
1.870213,1.217773,-0.527039
1.874598,1.22128,-0.524993
1.869921,1.222742,-0.526162
1.881029,1.221573,-0.5304
1.875183,1.219234,-0.534054
1.877521,1.216019,-0.522654
1.871967,1.215434,-0.531862
1.880737,1.220988,-0.523677
1.869336,1.223619,-0.52777
1.87606,1.217188,-0.534054
1.874306,1.22245,-0.531277
1.865244,1.21748,-0.534054
1.869336,1.221865,-0.499415
1.869336,1.216019,-0.528062
1.868459,1.224203,-0.522947
1.870506,1.229173,-0.528793
1.86349,1.225665,-0.523823
1.865829,1.216896,-0.520316
1.872552,1.223034,-0.524262
1.876352,1.214265,-0.523823
1.872844,1.22128,-0.530693
1.871383,1.22888,-0.526308
1.873721,1.216603,-0.516369
1.876352,1.222742,-0.529377
1.880152,1.220111,-0.531424
1.874306,1.22245,-0.526454
1.876644,1.220111,-0.521193
1.87109,1.224496,-0.52587
1.873429,1.222742,-0.530839
1.877521,1.217773,-0.527916
1.869629,1.218065,-0.524262
1.870213,1.222157,-0.523239
1.867583,1.220988,-0.530693
1.870798,1.220111,-0.52017
1.873429,1.220696,-0.527916
1.870798,1.216311,-0.524116
1.877521,1.220403,-0.522362
1.87869,1.22245,-0.533177
1.873721,1.223911,-0.528647
1.87109,1.225665,-0.523677
1.876352,1.22128,-0.528647
1.873429,1.223034,-0.522947
1.871675,1.221573,-0.520316
1.867875,1.222742,-0.516954
1.874306,1.22245,-0.522654
1.869921,1.225373,-0.524993
1.874306,1.224203,-0.527039
1.872552,1.223034,-0.52397
1.871675,1.216311,-0.510816
1.871675,1.22128,-0.525139
1.873137,1.223619,-0.530985
1.881029,1.230634,-0.525577
1.871967,1.219234,-0.515639
1.866413,1.22245,-0.5304
1.874306,1.216311,-0.527477
1.868167,1.226834,-0.522508
1.866998,1.219526,-0.526893
1.880737,1.22888,-0.535808
1.869921,1.22625,-0.525723
1.880737,1.220111,-0.5228
1.878398,1.221573,-0.512277
1.87606,1.224788,-0.52587
1.87489,1.218357,-0.52207
1.871675,1.224203,-0.5285
1.871383,1.222157,-0.524408
1.874306,1.22888,-0.536393
1.874013,1.223619,-0.521777
1.87869,1.223034,-0.53347
1.87489,1.222157,-0.522508
1.877521,1.215726,-0.529524
1.874598,1.22625,-0.525577
1.872844,1.220988,-0.530108
1.873137,1.22625,-0.529816
1.866413,1.216896,-0.529962
1.878983,1.223327,-0.52587
1.873429,1.218357,-0.519585
1.873137,1.216896,-0.529231
1.875767,1.223619,-0.522654
1.866121,1.230342,-0.533762
1.870506,1.218942,-0.527039
1.871675,1.223619,-0.519439
1.875183,1.218357,-0.524993
1.875767,1.220111,-0.528208
1.873429,1.225373,-0.529231
1.871675,1.222157,-0.539316
1.879275,1.216603,-0.530985
1.87986,1.224788,-0.532154
1.878106,1.224203,-0.534347
1.871383,1.220403,-0.534931
1.881614,1.223327,-0.533616
1.876644,1.220111,-0.525139
1.876937,1.213973,-0.534054
1.87869,1.216603,-0.536685
1.869629,1.221573,-0.534931
1.878983,1.219526,-0.540631
1.876644,1.223911,-0.530985
1.868459,1.219526,-0.535077
1.873721,1.219819,-0.534347
1.87109,1.223619,-0.524408
1.875767,1.216896,-0.520023
1.864952,1.226834,-0.530254
1.872552,1.218065,-0.534785
1.870506,1.22508,-0.490938
1.875767,1.223327,-0.519731
1.875183,1.223034,-0.529231
1.876352,1.223327,-0.521923
1.880737,1.218357,-0.52207
1.877521,1.219234,-0.534054
1.876644,1.223327,-0.529231
1.881029,1.227127,-0.532593
1.873721,1.220696,-0.529231
1.881321,1.220696,-0.541654
1.876644,1.222742,-0.518416
1.874598,1.22245,-0.527477
1.871675,1.225665,-0.532008
1.865829,1.244081,-0.532593
1.858229,1.274481,-0.532593
1.83689,1.318913,-0.565039
1.816428,1.37036,-0.580678
1.792458,1.418883,-0.613125
1.780766,1.435838,-0.641041
1.771412,1.447822,-0.642502
1.765566,1.46273,-0.658726
1.759719,1.468284,-0.675241
1.756212,1.47793,-0.689564
1.745981,1.492546,-0.696434
1.744227,1.499562,-0.703888
1.73575,1.513885,-0.713826
1.741304,1.509792,-0.718357
1.727857,1.507162,-0.741888
1.734581,1.513885,-0.735165
1.736919,1.513008,-0.756212
1.728442,1.5171,-0.765566
1.729027,1.505116,-0.75475
1.733119,1.512716,-0.760158
1.726688,1.501608,-0.778135
1.727565,1.500731,-0.76922
1.735165,1.496638,-0.776381
1.731657,1.496346,-0.775212
1.723473,1.494884,-0.779304
1.730488,1.489331,-0.774627
1.734873,1.488454,-0.786904
1.738088,1.485238,-0.789243
1.733119,1.481146,-0.783689
1.731657,1.477346,-0.782666
1.733704,1.4753,-0.791289
1.734581,1.473546,-0.793189
1.733704,1.468576,-0.800058
1.736042,1.470623,-0.794651
1.73195,1.467992,-0.783543
1.733411,1.468576,-0.788366
1.733996,1.463315,-0.793335
1.734873,1.457469,-0.786466
1.739842,1.458053,-0.794651
1.738673,1.449868,-0.789681
1.731657,1.451915,-0.787051
1.734581,1.454838,-0.788366
1.738965,1.453084,-0.790558
1.734873,1.453084,-0.792605
1.73955,1.451915,-0.797866
1.742765,1.447238,-0.787489
1.739842,1.452207,-0.78442
1.745688,1.45133,-0.785004
1.741888,1.450161,-0.793628
1.749488,1.445192,-0.775797
1.739258,1.448115,-0.791143
1.738965,1.444607,-0.796697
1.741596,1.446361,-0.783689
1.74715,1.445776,-0.787928
1.743935,1.436422,-0.785589
1.748904,1.44373,-0.797574
1.740719,1.439053,-0.791728
1.738381,1.434376,-0.79582
1.744519,1.438761,-0.796258
1.744227,1.441099,-0.782958
1.745688,1.440807,-0.787051
1.746273,1.444022,-0.790851
1.740134,1.439638,-0.785297
1.74335,1.437007,-0.789974
1.745104,1.440807,-0.789243
1.734873,1.432914,-0.789097
1.745104,1.436422,-0.789097
1.752704,1.44373,-0.779889
1.74335,1.439345,-0.796258
1.751827,1.439345,-0.791874
1.745688,1.437007,-0.783835
1.745396,1.439638,-0.78632
1.745688,1.434376,-0.787928
1.741596,1.43233,-0.78822
1.745104,1.436714,-0.783251
1.747442,1.435253,-0.77945
1.742765,1.441099,-0.802835
1.746858,1.434084,-0.789097
1.746273,1.439345,-0.793043
1.749781,1.430576,-0.788804
1.746565,1.429699,-0.793481
1.752119,1.438176,-0.792312
1.749488,1.435545,-0.793628
1.745104,1.430284,-0.796405
1.743642,1.439053,-0.789681
1.744227,1.435545,-0.790266
1.740427,1.438176,-0.796112
1.747735,1.433791,-0.79962
1.748904,1.430284,-0.790851
1.744811,1.440514,-0.796989
1.748612,1.438176,-0.798451
1.752704,1.440807,-0.792458
1.744519,1.43496,-0.795381
1.746273,1.434668,-0.786904
1.746858,1.430868,-0.791435
1.744227,1.442268,-0.789974
1.74335,1.435253,-0.799035
1.743642,1.432037,-0.798451
1.749196,1.43233,-0.791143
1.751242,1.439638,-0.791874
1.749781,1.437007,-0.800643
1.75095,1.431745,-0.800789
1.747442,1.43993,-0.795528
1.746858,1.433207,-0.78632
1.740134,1.43496,-0.792897
1.738088,1.442853,-0.798305
1.746565,1.435545,-0.786612
1.751827,1.434084,-0.793043
1.744811,1.434668,-0.791728
1.748027,1.440807,-0.792605
1.744519,1.441099,-0.798012
1.749781,1.435545,-0.790851
1.746565,1.439638,-0.797428
1.740427,1.437299,-0.785443
1.746858,1.43496,-0.79012
1.753289,1.434668,-0.795089
1.750365,1.436714,-0.793335
1.743058,1.433207,-0.787051
1.750365,1.430284,-0.782374
1.746858,1.428822,-0.78822
1.736627,1.433791,-0.791435
1.751827,1.426484,-0.795674
1.747442,1.438468,-0.783689
1.75095,1.430284,-0.796843
1.74715,1.42853,-0.791289
1.749488,1.43496,-0.785004
1.748319,1.437299,-0.783251
1.746273,1.43496,-0.794505
1.748612,1.436714,-0.788512
1.745688,1.429407,-0.783251
1.744811,1.432914,-0.793189
1.744227,1.439638,-0.788074
1.747442,1.43613,-0.794943
1.733704,1.432914,-0.798451
1.750073,1.437299,-0.799766
1.752996,1.440514,-0.799182
1.750073,1.434376,-0.793481
1.745688,1.435545,-0.796843
1.749781,1.432914,-0.796112
1.75095,1.435545,-0.796697
1.751535,1.429991,-0.801228
1.745688,1.42736,-0.791874
1.751827,1.429699,-0.798889
1.752704,1.432037,-0.792458
1.747735,1.432914,-0.790558
1.75095,1.433207,-0.79392
1.753873,1.433791,-0.795966
1.754165,1.435253,-0.795528
1.753873,1.428237,-0.789243
1.743935,1.429407,-0.793189
1.751827,1.430868,-0.786612
1.750073,1.435838,-0.809412
1.741011,1.432914,-0.798743
1.744811,1.429991,-0.792166
1.746565,1.430284,-0.789828
1.744519,1.433207,-0.792751
1.739842,1.429407,-0.791289
1.741596,1.428822,-0.784858
1.746273,1.43496,-0.786174
1.746565,1.426191,-0.794212
1.746273,1.431745,-0.785881
1.750073,1.433499,-0.795381
1.753873,1.43496,-0.793481
1.753289,1.434668,-0.798158
1.744227,1.434084,-0.790704
1.746858,1.433791,-0.794066
1.743058,1.429991,-0.788658
1.748612,1.430576,-0.801228
1.748027,1.432622,-0.785151
1.745688,1.43496,-0.795381
1.752996,1.430284,-0.792312
1.745981,1.439053,-0.791435
1.750365,1.438468,-0.791874
1.752412,1.443438,-0.789828
1.753873,1.437007,-0.797574
1.749781,1.429699,-0.802982
1.750073,1.43116,-0.793628
1.746858,1.435253,-0.787489
1.745396,1.430868,-0.785297
1.743935,1.429991,-0.789974
1.741304,1.429114,-0.796843
1.746858,1.436422,-0.788366
1.745981,1.438176,-0.791581
1.750073,1.431453,-0.79392
1.745688,1.434376,-0.796258
1.747735,1.438468,-0.796989
1.748027,1.439345,-0.789681
1.744811,1.434376,-0.789974
1.748904,1.437299,-0.784566
1.746565,1.436714,-0.793189
1.748612,1.441391,-0.788366
1.752119,1.437884,-0.794797
1.740427,1.432622,-0.789389
1.750658,1.43993,-0.794358
1.73955,1.437007,-0.788512
1.747442,1.431453,-0.798597
1.747442,1.443145,-0.798158
1.752996,1.427945,-0.792751
1.749781,1.439638,-0.79012
1.754165,1.436714,-0.800058
1.743935,1.433499,-0.785151
1.746565,1.436714,-0.785004
1.749196,1.438176,-0.799766
1.741304,1.442853,-0.799474
1.742765,1.438761,-0.787197
1.745104,1.437299,-0.780766
1.743642,1.43116,-0.788512
1.747735,1.426776,-0.798743
1.741888,1.433207,-0.793335
1.745104,1.435838,-0.793335
1.743642,1.435545,-0.794066
1.741011,1.431453,-0.795674
1.745396,1.432037,-0.796697
1.745396,1.432622,-0.788512
1.750365,1.43233,-0.785151
1.740427,1.437007,-0.795674
1.745688,1.439638,-0.788366
1.740427,1.430576,-0.796843
1.750073,1.439345,-0.782081
1.742181,1.433207,-0.791435
1.744519,1.43496,-0.800789
1.745396,1.435838,-0.799474
1.744519,1.42853,-0.792751
1.741888,1.433791,-0.79772
1.747735,1.437299,-0.791143
1.744227,1.433791,-0.800643
1.73955,1.435838,-0.786174
1.741304,1.436422,-0.791435
1.746565,1.439345,-0.784127
1.745396,1.43496,-0.791581
1.747442,1.436422,-0.791581
1.746565,1.43233,-0.782666
1.750365,1.428822,-0.800643
1.745104,1.432914,-0.789974
1.745104,1.443438,-0.797282
1.747442,1.444607,-0.79012
1.748027,1.437007,-0.790704
1.745104,1.431745,-0.781789
1.738965,1.438176,-0.789243
1.737796,1.432914,-0.800351
1.740134,1.437007,-0.788951
1.746858,1.436714,-0.789974
1.739842,1.438468,-0.789974
1.748904,1.427945,-0.79962
1.745688,1.436714,-0.79582
1.749781,1.434376,-0.789243
1.747442,1.437591,-0.800205
1.747735,1.429699,-0.789974
1.743642,1.429407,-0.793043
1.741888,1.427068,-0.794505
1.743058,1.431453,-0.80152
1.746273,1.430284,-0.789243
1.752412,1.431745,-0.796405
1.745104,1.436422,-0.791874
1.746858,1.442268,-0.777989
1.741888,1.436422,-0.789097
1.744519,1.440514,-0.791581
1.738673,1.438176,-0.787489
1.746858,1.434376,-0.790997
1.742181,1.43496,-0.788366
1.740134,1.438176,-0.795089
1.747442,1.42736,-0.778135
1.743058,1.434668,-0.786174
1.743642,1.43116,-0.794651
1.747442,1.433499,-0.790558
1.739842,1.438761,-0.792751
1.745688,1.438468,-0.782374
1.743058,1.440514,-0.789535
1.742765,1.43496,-0.78442
1.753873,1.43613,-0.798743
1.741304,1.436714,-0.785881
1.744811,1.438468,-0.786466
1.750658,1.440807,-0.789097
1.744811,1.444022,-0.799182
1.744227,1.442268,-0.802689
1.74335,1.440514,-0.792166
1.749196,1.438468,-0.801228
1.741596,1.438176,-0.785589
1.737796,1.43993,-0.800497
1.741011,1.435253,-0.793335
1.736627,1.438468,-0.796258
1.749488,1.438176,-0.802543
1.743935,1.437299,-0.784274
1.743058,1.436714,-0.791581
1.742473,1.436714,-0.781204
1.740134,1.443438,-0.787051
1.741011,1.43993,-0.790558
1.742181,1.433791,-0.783981
1.747442,1.437299,-0.793628
1.749781,1.444314,-0.798451
1.746858,1.435253,-0.785735
1.750073,1.433207,-0.788366
1.743642,1.437299,-0.795966
1.746858,1.437884,-0.788658
1.749781,1.434668,-0.79202
1.753289,1.438468,-0.787781
1.745688,1.437591,-0.791874
1.738381,1.438176,-0.79772
1.744519,1.438468,-0.793774
1.738381,1.433207,-0.798305
1.741888,1.440807,-0.791581
1.746565,1.443145,-0.787051
1.743935,1.443438,-0.777112
1.749196,1.437884,-0.786466
1.747442,1.43613,-0.791435
1.747442,1.440222,-0.793043
1.747735,1.436422,-0.810289
1.739258,1.434084,-0.795966
1.738088,1.434376,-0.790704
1.738381,1.442853,-0.793481
1.744227,1.439345,-0.793189
1.737211,1.43613,-0.794943
1.744519,1.439345,-0.799912
1.736919,1.435253,-0.789389
1.743642,1.431745,-0.78135
1.743935,1.441976,-0.782374
1.740427,1.437299,-0.791435
1.741011,1.437591,-0.792897
1.744227,1.430576,-0.794212
1.745104,1.440222,-0.778427
1.743642,1.433207,-0.793481
1.750658,1.432914,-0.794651
1.740719,1.439053,-0.785443
1.746273,1.435253,-0.783251
1.743935,1.433499,-0.782374
1.747442,1.440807,-0.796112
1.748612,1.438176,-0.798158
1.750658,1.439053,-0.783981
1.747442,1.432914,-0.782958
1.741011,1.427068,-0.798158
1.746858,1.432914,-0.791728
1.743642,1.436714,-0.791289
1.743935,1.42853,-0.793189
1.743935,1.429407,-0.796843
1.746565,1.429991,-0.776673
1.745688,1.434376,-0.791435
1.748904,1.433791,-0.781204
1.744811,1.427945,-0.79772
1.743935,1.435545,-0.782081
1.734581,1.441976,-0.787197
1.739842,1.431745,-0.79962
1.738965,1.428237,-0.790266
1.741888,1.437007,-0.791728
1.745104,1.432622,-0.800058
1.742765,1.43116,-0.789389
1.741888,1.434084,-0.789243
1.743058,1.43233,-0.795381
1.741304,1.436422,-0.807951
1.745104,1.43496,-0.792897
1.748319,1.437299,-0.790412
1.745396,1.432914,-0.789389
1.743935,1.437591,-0.78632
1.743642,1.434084,-0.797574
1.741304,1.442853,-0.795381
1.752704,1.438468,-0.79962
1.739842,1.434668,-0.794066
1.748612,1.432622,-0.786027
1.73575,1.435253,-0.804005
1.739258,1.438176,-0.797282
1.741888,1.435253,-0.800643
1.748612,1.441684,-0.79392
1.739842,1.43993,-0.793043
1.747735,1.432622,-0.795089
1.750073,1.43233,-0.796697
1.742765,1.440222,-0.790851
1.747735,1.442268,-0.794212
1.739842,1.43613,-0.795674
1.742765,1.43613,-0.783981
1.745981,1.43116,-0.785004
1.74335,1.43496,-0.785589
1.742473,1.436714,-0.793335
1.740427,1.437884,-0.792897
1.738381,1.435545,-0.793335
1.743642,1.43993,-0.794212
1.740719,1.446361,-0.788804
1.746565,1.445484,-0.794943
1.749196,1.436422,-0.780181
1.748612,1.438761,-0.790704
1.750365,1.438761,-0.789389
1.745688,1.439345,-0.785443
1.747735,1.437884,-0.789681
1.742181,1.440807,-0.795381
1.746565,1.437299,-0.792166
1.748027,1.434668,-0.799474
1.748027,1.433791,-0.784712
1.746565,1.433499,-0.800351
1.748027,1.430576,-0.787635
1.747442,1.437299,-0.791435
1.749488,1.439345,-0.795966
1.750365,1.43496,-0.795381
1.748319,1.434084,-0.798158
1.743642,1.433791,-0.789974
1.744811,1.441684,-0.796843
1.740427,1.438761,-0.789974
1.753873,1.434668,-0.791435
1.747442,1.43496,-0.787781
1.745104,1.437591,-0.801812
1.75095,1.435838,-0.791289
1.748319,1.442853,-0.797428
1.755335,1.445484,-0.791874
1.743935,1.434668,-0.796551
1.745981,1.441099,-0.790851
1.745981,1.430868,-0.796697
1.744227,1.432037,-0.782081
1.744811,1.438761,-0.794505
1.73955,1.442561,-0.796112
1.749196,1.439345,-0.795381
1.748612,1.437007,-0.790412
1.744227,1.437591,-0.790266
1.746273,1.439638,-0.789681
1.740719,1.436714,-0.798305
1.75095,1.433791,-0.796112
1.751242,1.442268,-0.794651
1.749196,1.434084,-0.785151
1.743642,1.433791,-0.788512
1.749488,1.438468,-0.795235
1.750073,1.437884,-0.785735
1.75095,1.429991,-0.793774
1.744227,1.437007,-0.794651
1.747442,1.432037,-0.79392
1.744811,1.435838,-0.799474
1.752412,1.435545,-0.791435
1.741304,1.432037,-0.792312
1.752119,1.429699,-0.796697
1.746273,1.429407,-0.802397
1.746273,1.435838,-0.799328
1.744519,1.439345,-0.799035
1.750658,1.429407,-0.789828
1.749196,1.441099,-0.797282
1.750365,1.43496,-0.795235
1.757381,1.436714,-0.787781
1.751827,1.43116,-0.782374
1.745396,1.429114,-0.788074
1.754165,1.430868,-0.795528
1.750658,1.430576,-0.794797
1.745396,1.426484,-0.795966
1.746858,1.437884,-0.806635
1.757381,1.433207,-0.799766
1.752996,1.438761,-0.789828
1.751827,1.429991,-0.797135
1.745688,1.430576,-0.802835
1.738965,1.42853,-0.79202
1.745396,1.434376,-0.791435
1.75095,1.435838,-0.786612
1.749488,1.43116,-0.787928
1.743935,1.431453,-0.799035
1.751827,1.444314,-0.793628
1.752119,1.439638,-0.79772
1.740427,1.430868,-0.792312
1.747442,1.431745,-0.790851
1.748027,1.43496,-0.785443
1.750365,1.436714,-0.784274
1.755042,1.440514,-0.788951
1.751242,1.430868,-0.786466
1.75095,1.438468,-0.793628
1.746858,1.435838,-0.787197
1.749196,1.441684,-0.801228
1.749488,1.435545,-0.798305
1.748319,1.438176,-0.800935
1.742473,1.441684,-0.801228
1.736042,1.430576,-0.784274
1.742181,1.427068,-0.78632
1.744811,1.435838,-0.805612
1.745396,1.437007,-0.799474
1.749196,1.435545,-0.801082
1.741888,1.435838,-0.793481
1.747442,1.431453,-0.791874
1.745688,1.435838,-0.791143
1.748319,1.439053,-0.793628
1.745396,1.44373,-0.790412
1.745981,1.437591,-0.792312
1.750073,1.438468,-0.787051
1.75095,1.440222,-0.796258
1.746273,1.433791,-0.796551
1.746858,1.434084,-0.79392
1.745396,1.441099,-0.786904
1.75095,1.430284,-0.797282
1.749781,1.440514,-0.798597
1.746858,1.435253,-0.790266
1.746858,1.434668,-0.789097
1.741596,1.435253,-0.796989
1.743642,1.437884,-0.799328
1.753873,1.440222,-0.798743
1.750365,1.439345,-0.788658
1.748612,1.43496,-0.786904
1.746273,1.430868,-0.780474
1.750658,1.435838,-0.791435
1.750658,1.434668,-0.790412
1.751242,1.434084,-0.792312
1.748612,1.42853,-0.792605
1.753873,1.428822,-0.787635
1.745688,1.431745,-0.798451
1.753289,1.43613,-0.795674
1.752412,1.43613,-0.798158
1.753289,1.43993,-0.788804
1.745688,1.431745,-0.789389
1.745104,1.435545,-0.794505
1.748904,1.430284,-0.795089
1.746273,1.434376,-0.790412
1.745104,1.427653,-0.792751
1.748904,1.428822,-0.781204
1.745104,1.439638,-0.792458
1.748319,1.429699,-0.787197
1.745981,1.435253,-0.793628
1.74335,1.438761,-0.78252
1.744811,1.434376,-0.787635
1.741596,1.434668,-0.789828
1.746565,1.43233,-0.790997
1.737796,1.435253,-0.79962
1.745981,1.430576,-0.801812
1.748904,1.434376,-0.795966
1.751535,1.43233,-0.798305
1.752119,1.432622,-0.795966
1.744227,1.429699,-0.796405
1.740719,1.429114,-0.798305
1.75095,1.43116,-0.798889
1.743935,1.433207,-0.789535
1.749781,1.43116,-0.787051
1.747735,1.435545,-0.789535
1.748319,1.43116,-0.797282
1.744811,1.431745,-0.74905
1.750365,1.433791,-0.796405
1.744519,1.429407,-0.791435
1.742765,1.427945,-0.789389
1.738965,1.429991,-0.789681
1.742765,1.435545,-0.794212
1.738673,1.458346,-0.789535
1.733119,1.476761,-0.793628
1.725519,1.491084,-0.786904
1.725227,1.506577,-0.765566
1.729319,1.511254,-0.770973
1.731657,1.5171,-0.750365
1.73078,1.512131,-0.756796
1.737504,1.519731,-0.744958
1.738673,1.504823,-0.741158
1.743058,1.503654,-0.735019
1.741304,1.502192,-0.723619
1.743058,1.505116,-0.72128
1.751242,1.496638,-0.705934
1.750365,1.488454,-0.696288
1.75095,1.493715,-0.701257
1.745981,1.485238,-0.68708
1.754458,1.479977,-0.67188
1.759719,1.475592,-0.672172
1.763812,1.47413,-0.676264
1.756504,1.475007,-0.67188
1.758258,1.465653,-0.661649
1.774043,1.465069,-0.656825
1.772873,1.46653,-0.658872
1.769073,1.458346,-0.654049
1.768196,1.450745,-0.654925
1.777258,1.458346,-0.654341
1.772873,1.45513,-0.646156
1.77375,1.444607,-0.645133
1.776381,1.442853,-0.636802
1.778427,1.44753,-0.642941
1.784274,1.43993,-0.634171
1.783981,1.43613,-0.628179
1.785735,1.437884,-0.62321
1.787489,1.434084,-0.633148
1.788658,1.438761,-0.625987
1.788366,1.43613,-0.636948
1.793335,1.433791,-0.63081
1.824905,1.42853,-0.623648
1.790704,1.431745,-0.618679
1.786027,1.42736,-0.628179
1.788951,1.435253,-0.627448
1.788951,1.427068,-0.623794
1.790997,1.426484,-0.633879
1.783397,1.418299,-0.616925
1.789243,1.424437,-0.621163
1.785151,1.421514,-0.623063
1.785735,1.415376,-0.618971
1.783689,1.419176,-0.610786
1.789828,1.422391,-0.618533
1.794505,1.420345,-0.610348
1.794505,1.411283,-0.623356
1.789243,1.418299,-0.619117
1.794797,1.412452,-0.623356
1.794212,1.412745,-0.624817
1.794212,1.408652,-0.622917
1.788951,1.410699,-0.607279
1.794505,1.420637,-0.611809
1.793335,1.425022,-0.616048
1.793043,1.416253,-0.612979
1.79392,1.418883,-0.60684
1.79772,1.420053,-0.598509
1.797428,1.419468,-0.617948
1.802982,1.416837,-0.615756
1.789535,1.413914,-0.617509
1.80152,1.41713,-0.609325
1.798597,1.414499,-0.613271
1.791581,1.416545,-0.615756
1.797135,1.408652,-0.598655
1.793043,1.413622,-0.610932
1.806197,1.416545,-0.601871
1.796258,1.404268,-0.602894
1.798597,1.414499,-0.604063
1.800058,1.404852,-0.596171
1.79772,1.41216,-0.609617
1.801228,1.402806,-0.60874
1.798305,1.405437,-0.600702
1.795674,1.40836,-0.614879
1.804151,1.406899,-0.622333
1.793043,1.410991,-0.612248
1.800935,1.409529,-0.61444
1.79392,1.405437,-0.610348
1.799182,1.415376,-0.62204
1.795089,1.413622,-0.611371
1.802397,1.407483,-0.606255
1.799474,1.409237,-0.616925
1.789828,1.402514,-0.608302
1.795089,1.408068,-0.614294
1.795381,1.409529,-0.611517
1.794505,1.411576,-0.61064
1.792166,1.410114,-0.603771
1.795966,1.406022,-0.610494
1.83309,1.408068,-0.603478
1.794797,1.408068,-0.61444
1.799474,1.407191,-0.60494
1.801228,1.410991,-0.611517
1.799182,1.409529,-0.60874
1.797135,1.412452,-0.609471
1.793628,1.411283,-0.612832
1.796258,1.411868,-0.610932
1.79392,1.405437,-0.611663
1.796258,1.403683,-0.609032
1.802689,1.405729,-0.607863
1.798305,1.40836,-0.608594
1.79392,1.411283,-0.602748
1.795674,1.41216,-0.611956
1.79012,1.40456,-0.61824
1.794505,1.409237,-0.616925
1.794212,1.408068,-0.609617
1.795089,1.408652,-0.618971
1.797135,1.41216,-0.609617
1.79772,1.40836,-0.608594
1.790997,1.403975,-0.614148
1.798889,1.406606,-0.612248
1.791289,1.403391,-0.610056
1.803274,1.409822,-0.614733
1.794505,1.408068,-0.612686
1.795674,1.407191,-0.616048
1.791289,1.398714,-0.610348
1.794212,1.408068,-0.618386
1.792458,1.403683,-0.618094
1.794505,1.405437,-0.621602
1.794797,1.413914,-0.606986
1.794797,1.410114,-0.62131
1.789828,1.406606,-0.614586
1.794505,1.422976,-0.611371
1.794797,1.409529,-0.618533
1.796843,1.409237,-0.610932
1.791289,1.409822,-0.612979
1.792166,1.408945,-0.619263
1.799182,1.408068,-0.612686
1.795381,1.409822,-0.613417
1.798889,1.408652,-0.613563
1.794797,1.408652,-0.610932
1.792751,1.402806,-0.613856
1.79392,1.410114,-0.617363
1.797135,1.408652,-0.616048
1.79772,1.401345,-0.60874
1.795966,1.411576,-0.614294
1.793043,1.419468,-0.61444
1.790997,1.413329,-0.613563
1.788951,1.407483,-0.628179
1.79012,1.407191,-0.612686
1.788658,1.406899,-0.607863
1.789828,1.408945,-0.617363
1.794212,1.404268,-0.601871
1.794212,1.414499,-0.606402
1.794797,1.403391,-0.600263
1.794212,1.403098,-0.610494
1.792458,1.403683,-0.619994
1.792751,1.409822,-0.605671
1.790704,1.411868,-0.602602
1.796258,1.408945,-0.609471
1.793043,1.406606,-0.615609
1.796843,1.405729,-0.620286
1.795089,1.405729,-0.614733
1.800351,1.411868,-0.610932
1.792458,1.415376,-0.617656
1.790412,1.407776,-0.612979
1.792458,1.409237,-0.617217
1.792751,1.39696,-0.610348
1.791581,1.410114,-0.617656
1.794797,1.406899,-0.612248
1.794797,1.406606,-0.614002
1.792458,1.401345,-0.613125
1.796258,1.406606,-0.609763
1.798012,1.401052,-0.603771
1.79392,1.405729,-0.607279
1.797135,1.404852,-0.604355
1.798305,1.407483,-0.608302
1.798889,1.411576,-0.611809
1.79772,1.410699,-0.610786
1.798889,1.411868,-0.605525
1.804443,1.412452,-0.613856
1.802105,1.41216,-0.603625
1.795966,1.403098,-0.616779
1.793043,1.41216,-0.606402
1.797428,1.409237,-0.608155
1.789828,1.41596,-0.604648
1.794797,1.410406,-0.610932
1.792458,1.412452,-0.600848
1.798305,1.407483,-0.622625
1.79012,1.413329,-0.61444
1.794505,1.405729,-0.62131
1.791874,1.406314,-0.612394
1.793335,1.41216,-0.621017
1.792458,1.400175,-0.614733
1.795381,1.420053,-0.611079
1.794505,1.410114,-0.604209
1.801228,1.406314,-0.608009
1.798889,1.409237,-0.611225
1.798012,1.411576,-0.60684
1.795674,1.414206,-0.613125
1.795381,1.416545,-0.605379
1.790412,1.408945,-0.611225
1.788366,1.415083,-0.599386
1.790412,1.407483,-0.616486
1.79012,1.410406,-0.619263
1.794212,1.414206,-0.607863
1.794505,1.41216,-0.602894
1.79392,1.415083,-0.615756
1.784274,1.410114,-0.611079
1.794505,1.407483,-0.613271
1.791874,1.40836,-0.618825
1.795381,1.410406,-0.612979
1.792166,1.408945,-0.624233
1.787781,1.412745,-0.616194
1.788658,1.409529,-0.601578
1.787197,1.406899,-0.604794
1.791874,1.409237,-0.60494
1.800643,1.40076,-0.601432
1.793043,1.409822,-0.614586
1.797135,1.408652,-0.615171
1.790704,1.408945,-0.611371
1.795966,1.401052,-0.60874
1.792458,1.408652,-0.610932
1.79772,1.413037,-0.611663
1.794212,1.412745,-0.606694
1.796258,1.408945,-0.615171
1.791289,1.410699,-0.612979
1.795966,1.408068,-0.614294
1.792751,1.405437,-0.62014
1.798305,1.399298,-0.61254
1.78632,1.404268,-0.602748
1.795674,1.410406,-0.624086
1.787197,1.406314,-0.61444
1.793043,1.405145,-0.619702
1.789243,1.409237,-0.620579
1.793628,1.406899,-0.613856
1.796843,1.416253,-0.610494
1.796551,1.414206,-0.619117
1.789535,1.413622,-0.610786
1.795381,1.408652,-0.609032
1.797428,1.409237,-0.610494
1.800058,1.406022,-0.617217
1.792751,1.412745,-0.617948
1.795674,1.413037,-0.613271
1.795089,1.411576,-0.603771
1.795674,1.408945,-0.60684
1.794505,1.409237,-0.62131
1.794505,1.409529,-0.613563
1.804735,1.418006,-0.604355
1.798889,1.411576,-0.613856
1.794505,1.407483,-0.616486
1.797428,1.416253,-0.611079
1.798889,1.408945,-0.614148
1.798889,1.411868,-0.610494
1.798597,1.415083,-0.61634
1.799766,1.410406,-0.614294
1.800643,1.412452,-0.616925
1.794212,1.41216,-0.61941
1.798012,1.405145,-0.611809
1.794505,1.408068,-0.612394
1.798889,1.403975,-0.617802
1.796258,1.407483,-0.618386
1.78632,1.408652,-0.616925
1.759135,1.407191,-0.62014
1.797428,1.410699,-0.613856
1.792751,1.405437,-0.613125
1.792751,1.404268,-0.62014
1.795381,1.410114,-0.61064
1.760012,1.408068,-0.615463
1.75855,1.407776,-0.615317
1.790412,1.40456,-0.61634
1.797428,1.412745,-0.604355
1.792751,1.406314,-0.611809
1.792751,1.410406,-0.612979
1.794797,1.413329,-0.620579
1.794797,1.408945,-0.609617
1.800643,1.40456,-0.615609
1.792458,1.407776,-0.614733
1.794505,1.407483,-0.610202
1.796258,1.398714,-0.612979
1.795966,1.409237,-0.611225
1.793628,1.406606,-0.612686
1.796258,1.414791,-0.607425
1.796258,1.410699,-0.615756
1.80152,1.41216,-0.614586
1.787781,1.405145,-0.609909
1.788951,1.406314,-0.609179
1.798305,1.401052,-0.611663
1.790704,1.406899,-0.605671
1.793335,1.409529,-0.613709
1.793628,1.407776,-0.607863
1.793043,1.41216,-0.613271
1.79012,1.407776,-0.609763
1.788366,1.414206,-0.598655
1.797135,1.405729,-0.605963
1.790997,1.411283,-0.611956
1.784858,1.410406,-0.611956
1.784274,1.410114,-0.608448
1.792166,1.406314,-0.600848
1.79392,1.41216,-0.609909
1.788658,1.406899,-0.607571
1.791289,1.405729,-0.605232
1.793335,1.410406,-0.614879
1.789243,1.410699,-0.607717
1.789535,1.410991,-0.620725
1.791874,1.412745,-0.612979
1.797428,1.406606,-0.605086
1.794797,1.409529,-0.600702
1.795966,1.411283,-0.609909
1.786612,1.411283,-0.608448
1.793628,1.408652,-0.61634
1.799766,1.411283,-0.609909
1.798305,1.415083,-0.612832
1.788951,1.407191,-0.610494
1.788658,1.414499,-0.610056
1.794212,1.407776,-0.610202
1.793628,1.410991,-0.610932
1.789828,1.41216,-0.622186
1.790997,1.413329,-0.616048
1.793043,1.416253,-0.609032
1.78252,1.410991,-0.621456
1.791874,1.405145,-0.611517
1.788074,1.409237,-0.611225
1.793043,1.405437,-0.613271
1.790997,1.405729,-0.595148
1.792458,1.402222,-0.610932
1.789535,1.404268,-0.611225
1.793628,1.407191,-0.611809
1.786612,1.406606,-0.605086
1.788658,1.41216,-0.610056
1.795089,1.403683,-0.618971
1.791874,1.403391,-0.608886
1.792166,1.405729,-0.605525
1.789828,1.402806,-0.609763
1.78632,1.409237,-0.602602
1.794212,1.405145,-0.605963
1.790412,1.408068,-0.611517
1.792751,1.405729,-0.615902
1.792458,1.403391,-0.609325
1.788951,1.399591,-0.607717
1.785443,1.403975,-0.617509
1.78632,1.406606,-0.609909
1.795089,1.401929,-0.608155
1.789828,1.404852,-0.608155
1.792751,1.406899,-0.61064
1.788366,1.405729,-0.60494
1.780181,1.401345,-0.610348
1.79012,1.406314,-0.603917
1.795966,1.405145,-0.619848
1.783981,1.407483,-0.614294
1.785151,1.399883,-0.611517
1.79392,1.404852,-0.612832
1.789243,1.402222,-0.609617
1.791289,1.401345,-0.610494
1.795674,1.403391,-0.611371
1.790997,1.403975,-0.611809
1.789535,1.406314,-0.616486
1.789243,1.403098,-0.614879
1.784858,1.40456,-0.61634
1.794797,1.403391,-0.608594
1.797428,1.406314,-0.62014
1.790412,1.399006,-0.607571
1.784274,1.399883,-0.606402
1.795089,1.398129,-0.614294
1.791289,1.40076,-0.614733
1.795089,1.403683,-0.617071
1.79772,1.401052,-0.619556
1.790704,1.400468,-0.612248
1.794505,1.405729,-0.606548
1.785151,1.40456,-0.618094
1.79012,1.401345,-0.615025
1.790412,1.403975,-0.620579
1.794212,1.406314,-0.615171
1.793628,1.402806,-0.613856
1.784858,1.401345,-0.606255
1.794797,1.405437,-0.607863
1.798889,1.401929,-0.613856
1.788366,1.407776,-0.619994
1.795381,1.400175,-0.609617
1.79772,1.413914,-0.614294
1.798305,1.402514,-0.610348
1.802397,1.415376,-0.611663
1.793335,1.408068,-0.618825
1.791874,1.404268,-0.604502
1.788658,1.407776,-0.615609
1.794797,1.407483,-0.616048
1.831336,1.40836,-0.612832
1.788074,1.408945,-0.622186
1.796551,1.406899,-0.610786
1.802397,1.410114,-0.612102
1.794797,1.40836,-0.613856
1.797428,1.403098,-0.612686
1.794797,1.408068,-0.609909
1.799474,1.410406,-0.621017
1.796258,1.411576,-0.628763
1.795089,1.409529,-0.610056
1.795966,1.409822,-0.620286
1.792166,1.406899,-0.617071
1.792458,1.407776,-0.611225
1.793628,1.407483,-0.612248
1.792751,1.409237,-0.623794
1.796258,1.413914,-0.62394
1.794505,1.410406,-0.607279
1.793043,1.406606,-0.617363
1.795966,1.413037,-0.611956
1.799474,1.409822,-0.607425
1.803859,1.398129,-0.61064
1.795089,1.407776,-0.611809
1.79772,1.403098,-0.615609
1.795381,1.399591,-0.61254
1.791581,1.409529,-0.608009
1.799766,1.413914,-0.597194
1.800058,1.410699,-0.615902
1.796843,1.410406,-0.61824
1.796551,1.40836,-0.610202
1.795381,1.408945,-0.611663
1.805612,1.407191,-0.609617
1.802689,1.413037,-0.617948
1.798012,1.40456,-0.627156
1.807366,1.404852,-0.625694
1.796843,1.405145,-0.616779
1.798889,1.405145,-0.618533
1.795381,1.398422,-0.612248
1.793335,1.40836,-0.603917
1.796258,1.406899,-0.60684
1.792458,1.411576,-0.606986
1.798597,1.41216,-0.614733
1.791874,1.401637,-0.617071
1.791874,1.40836,-0.617509
1.794797,1.40836,-0.608886
1.794505,1.409822,-0.625987
1.788951,1.406606,-0.618386
1.79392,1.418006,-0.614294
1.797428,1.415376,-0.628617
1.793043,1.411576,-0.612686
1.797428,1.403391,-0.615463
1.794797,1.408945,-0.619848
1.798012,1.413622,-0.614879
1.796551,1.408068,-0.623063
1.786027,1.402222,-0.62014
1.789828,1.405729,-0.625548
1.787781,1.405145,-0.624086
1.786904,1.409237,-0.611079
1.828705,1.403975,-0.606402
1.786904,1.408068,-0.612248
1.759427,1.411283,-0.61634
1.783981,1.410114,-0.615317
1.794212,1.411868,-0.603478
1.792458,1.401929,-0.60494
1.791874,1.402806,-0.603771
1.788366,1.413914,-0.612832
1.798012,1.41216,-0.614002
1.79772,1.408945,-0.613856
1.792166,1.410114,-0.620871
1.794212,1.410699,-0.616779
1.792751,1.409237,-0.61634
1.795674,1.411576,-0.597925
1.793628,1.415668,-0.610494
1.789828,1.406899,-0.610786
1.79012,1.412745,-0.60684
1.798597,1.410406,-0.616779
1.795674,1.40836,-0.617802
1.791581,1.399298,-0.613563
1.798597,1.406606,-0.618679
1.803859,1.406606,-0.612102
1.79772,1.410114,-0.625402
1.791874,1.406314,-0.612394
1.797135,1.405145,-0.609179
1.795674,1.407776,-0.610786
1.791581,1.411576,-0.615025
1.788951,1.414206,-0.613563
1.790704,1.413622,-0.618094
1.789243,1.409237,-0.618971
1.793628,1.403683,-0.608302
1.790997,1.411283,-0.60684
1.794212,1.409237,-0.606109
1.798597,1.402514,-0.605525
1.791874,1.406899,-0.614148
1.794212,1.403098,-0.614879
1.790412,1.405729,-0.613856
1.794212,1.408068,-0.608886
1.796551,1.404852,-0.612979
1.800058,1.410406,-0.612394
1.797428,1.407776,-0.612979
1.796258,1.408945,-0.618386
1.791874,1.416545,-0.607717
1.798889,1.404852,-0.617948
1.792751,1.40836,-0.614733
1.795966,1.405437,-0.612394
1.795381,1.405437,-0.612832
1.79392,1.410991,-0.612102
1.792751,1.398129,-0.611371
1.796843,1.404268,-0.611225
1.793043,1.407483,-0.612102
1.797135,1.409822,-0.609617
1.794212,1.411868,-0.609763
1.789828,1.409529,-0.606255
1.791581,1.418006,-0.616194
1.796258,1.400468,-0.616633
1.79772,1.409822,-0.605963
1.791874,1.406899,-0.615171
1.795966,1.414206,-0.613709
1.790997,1.406314,-0.61941
1.799182,1.410406,-0.622186
1.793628,1.408945,-0.615463
1.799182,1.411576,-0.61444
1.795674,1.41713,-0.617363
1.79772,1.40836,-0.609909
1.795381,1.408945,-0.609763
1.798305,1.411283,-0.624963
1.793043,1.412452,-0.617509
1.796551,1.405145,-0.614733
1.792166,1.409237,-0.607132
1.78632,1.40076,-0.613709
1.785443,1.405729,-0.627302
1.792166,1.410114,-0.606255
1.795381,1.405145,-0.618094
1.790997,1.408945,-0.613271
1.792458,1.408068,-0.60494
1.789535,1.407776,-0.621456
1.794505,1.411576,-0.618825
1.795381,1.410406,-0.614733
1.795089,1.408068,-0.612832
1.796258,1.407776,-0.615609
1.798012,1.404852,-0.605963
1.795089,1.413622,-0.615463
1.797428,1.404268,-0.620433
1.799182,1.406022,-0.613417
1.798012,1.41216,-0.62131
1.796551,1.402514,-0.615463
1.792458,1.401929,-0.611517
1.790997,1.405437,-0.605086
1.798305,1.403391,-0.614002
1.792458,1.410406,-0.615609
1.787489,1.414499,-0.623356
1.785151,1.428822,-0.629933
1.765566,1.452207,-0.661795
1.744519,1.487869,-0.690295
1.738381,1.507454,-0.730634
1.732242,1.510085,-0.749488
1.725811,1.494008,-0.781935
1.738088,1.480561,-0.783251
1.738965,1.472376,-0.79772
1.741596,1.450745,-0.787781
1.743642,1.443438,-0.79772
1.748027,1.42356,-0.797428
1.758258,1.401345,-0.794651
1.766735,1.387606,-0.782081
1.776089,1.366267,-0.782227
1.779889,1.354575,-0.776527
1.791289,1.336159,-0.762789
1.781935,1.336451,-0.780766
1.792166,1.325343,-0.763666
1.804151,1.312189,-0.750804
1.800351,1.306928,-0.749927
1.800351,1.298451,-0.747735
1.807074,1.291728,-0.738234
1.813505,1.289974,-0.735457
1.814089,1.283251,-0.736481
1.815843,1.279743,-0.724642
1.82052,1.271558,-0.736481
1.811751,1.275943,-0.736627
1.817889,1.261619,-0.726688
1.82432,1.255481,-0.72508
1.816428,1.256358,-0.72435
1.819059,1.261619,-0.717188
1.819351,1.257527,-0.718211
1.824613,1.246711,-0.716165
1.824028,1.249635,-0.708857
1.830751,1.244081,-0.711634
1.828413,1.247881,-0.71748
1.822274,1.241742,-0.714265
1.82812,1.242619,-0.71748
1.831921,1.243496,-0.711049
1.825197,1.23765,-0.721865
1.834551,1.244373,-0.711634
1.827828,1.232096,-0.711634
1.82432,1.243496,-0.71558
1.826951,1.232681,-0.70798
1.823443,1.242619,-0.708419
1.828705,1.239111,-0.711926
1.829874,1.238234,-0.718065
1.829874,1.236773,-0.701695
1.825197,1.242619,-0.710903
1.826074,1.243496,-0.715288
1.823736,1.24145,-0.698188
1.822274,1.23765,-0.715288
1.829582,1.240573,-0.707542
1.830459,1.241742,-0.708711
1.818474,1.239111,-0.700234
1.825197,1.23765,-0.70038
1.828997,1.238819,-0.704911
1.828413,1.239988,-0.709296
1.825782,1.242327,-0.703595
1.826367,1.235604,-0.697895
1.826367,1.240573,-0.698334
1.826074,1.241742,-0.703449
1.830459,1.240281,-0.702134
1.827243,1.23385,-0.700818
1.824028,1.238819,-0.706811
1.830459,1.239111,-0.714703
1.826659,1.234434,-0.70608
1.826951,1.246127,-0.712365
1.831628,1.236773,-0.700965
1.827536,1.232973,-0.706665
1.825197,1.243204,-0.713242
1.825197,1.230342,-0.708126
1.828705,1.246419,-0.710172
1.825197,1.238819,-0.703449
1.828997,1.239988,-0.702718
1.829582,1.240573,-0.704765
1.83689,1.242034,-0.703888
1.830459,1.240281,-0.695411
1.827243,1.234727,-0.699795
1.832213,1.237357,-0.700965
1.826659,1.238234,-0.71558
1.83309,1.244081,-0.705934
1.834259,1.232973,-0.713534
1.827243,1.236773,-0.708711
1.830459,1.241158,-0.70798
1.827243,1.237065,-0.698918
1.829874,1.234727,-0.705934
1.831921,1.240281,-0.695849
1.826074,1.241158,-0.713973
1.827536,1.235896,-0.704326
1.827243,1.242327,-0.71558
1.833674,1.235311,-0.70228
1.823443,1.235604,-0.711196
1.828413,1.232973,-0.711049
1.831044,1.236188,-0.703157
1.832213,1.236188,-0.711049
1.832797,1.240281,-0.71748
1.826659,1.235311,-0.704619
1.837767,1.23385,-0.711488
1.821105,1.23765,-0.708419
1.82549,1.239404,-0.71558
1.830167,1.24145,-0.682987
1.828997,1.237357,-0.709734
1.830167,1.239111,-0.708272
1.826659,1.237942,-0.717334
1.836305,1.237065,-0.71178
1.817597,1.235896,-0.696726
1.832213,1.237065,-0.704911
1.826659,1.235019,-0.711342
1.822859,1.242034,-0.700672
1.83309,1.234434,-0.713534
1.823443,1.239988,-0.709734
1.82549,1.23765,-0.70418
1.827536,1.243788,-0.706226
1.826659,1.240573,-0.702426
1.832213,1.243788,-0.705203
1.827243,1.238819,-0.70798
1.829582,1.239111,-0.706519
1.830459,1.240865,-0.710757
1.826951,1.239111,-0.707688
1.818182,1.232096,-0.702426
1.827536,1.230634,-0.708711
1.825782,1.230342,-0.702718
1.827243,1.232096,-0.696872
1.819059,1.227711,-0.704472
1.826367,1.243204,-0.709588
1.836013,1.23765,-0.700526
1.83689,1.233265,-0.707688
1.826951,1.236481,-0.716019
1.823736,1.235896,-0.713973
1.819351,1.243496,-0.707688
1.823151,1.232388,-0.707103
1.827243,1.236188,-0.703157
1.824613,1.239696,-0.703303
1.831336,1.233557,-0.715434
1.834551,1.237357,-0.703888
1.82052,1.238234,-0.719965
1.826367,1.239111,-0.721426
1.825782,1.232096,-0.70798
1.823736,1.232973,-0.716165
1.822859,1.236481,-0.714996
1.824905,1.244373,-0.709149
1.824905,1.233265,-0.691026
1.820228,1.232096,-0.700965
1.830167,1.240281,-0.707395
1.821397,1.239111,-0.714557
1.822567,1.233557,-0.719526
1.829874,1.240573,-0.711634
1.830167,1.242327,-0.710757
1.826367,1.247296,-0.712072
1.828705,1.238819,-0.706519
1.820813,1.27185,-0.705057
1.833674,1.241742,-0.703888
1.832505,1.240281,-0.694826
1.824028,1.237065,-0.699357
1.830167,1.237065,-0.712803
1.828705,1.237942,-0.712657
1.832213,1.243204,-0.706519
1.82812,1.238527,-0.708857
1.825782,1.243496,-0.709588
1.82549,1.242327,-0.694534
1.83309,1.239404,-0.704326
1.830167,1.242034,-0.701111
1.833674,1.239696,-0.716896
1.822859,1.235019,-0.704034
1.824613,1.240281,-0.696872
1.833382,1.234727,-0.709588
1.835136,1.235019,-0.696434
1.831628,1.234727,-0.709588
1.833382,1.247881,-0.702865
1.833967,1.239404,-0.709442
1.833382,1.242619,-0.696434
1.836597,1.24525,-0.712365
1.836305,1.247004,-0.699211
1.835136,1.244081,-0.702865
1.837767,1.245835,-0.704911
1.838936,1.233557,-0.695557
1.837767,1.242911,-0.705349
1.837474,1.241158,-0.700818
1.837182,1.235019,-0.695411
1.833967,1.240573,-0.703449
1.836597,1.239404,-0.706957
1.825782,1.240281,-0.706519
1.836013,1.240865,-0.715434
1.831921,1.236773,-0.70798
1.832213,1.239111,-0.705203
1.831628,1.242034,-0.698334
1.830167,1.244665,-0.709588
1.832213,1.234434,-0.711342
1.836013,1.230634,-0.703449
1.83309,1.237942,-0.709442
1.827536,1.238819,-0.703888
1.831044,1.234727,-0.704765
1.831336,1.236481,-0.704034
1.824905,1.239404,-0.700234
1.831044,1.239988,-0.707688
1.82929,1.239696,-0.722303
1.829874,1.250512,-0.700965
1.824028,1.231511,-0.697457
1.829582,1.241742,-0.700672
1.82812,1.244081,-0.698041
1.83689,1.242619,-0.713973
1.833674,1.248465,-0.718211
1.828413,1.239111,-0.713242
1.833674,1.23765,-0.702572
1.832797,1.239988,-0.699211
1.831628,1.239696,-0.704034
1.828997,1.235896,-0.702134
1.828997,1.237942,-0.712803
1.830459,1.235019,-0.702718
1.826074,1.240281,-0.702426
1.822859,1.232096,-0.709734
1.827828,1.229173,-0.703888
1.827828,1.234142,-0.742181
1.827828,1.23005,-0.711196
1.827243,1.229757,-0.705349
1.824905,1.233557,-0.705495
1.826074,1.235604,-0.694534
1.834551,1.234434,-0.713973
1.827828,1.238234,-0.706811
1.821397,1.239988,-0.702718
1.836013,1.234727,-0.709296
1.832797,1.237357,-0.70798
1.830167,1.235604,-0.710026
1.830459,1.241742,-0.704619
1.826659,1.233557,-0.710465
1.832797,1.237942,-0.700526
1.82929,1.230927,-0.705934
1.826367,1.232973,-0.707688
1.826367,1.233265,-0.704034
1.828997,1.231219,-0.701257
1.833674,1.234142,-0.706226
1.827536,1.234727,-0.707103
1.82812,1.240281,-0.71178
1.824905,1.230634,-0.708857
1.832213,1.232096,-0.706519
1.828705,1.242911,-0.701111
1.822274,1.239111,-0.709003
1.836597,1.236188,-0.710903
1.834259,1.236188,-0.697165
1.825197,1.237065,-0.710611
1.821105,1.233265,-0.712072
1.826074,1.234727,-0.713242
1.825782,1.238234,-0.705934
1.828997,1.236188,-0.697457
1.822274,1.236773,-0.706226
1.823443,1.232096,-0.712072
1.822274,1.235019,-0.709442
1.826659,1.23385,-0.711196
1.831628,1.232681,-0.703888
1.823736,1.229173,-0.711342
1.825197,1.231219,-0.707395
1.833967,1.227711,-0.703595
1.82812,1.239696,-0.71748
1.828413,1.23385,-0.699649
1.834844,1.239988,-0.71178
1.830167,1.240573,-0.697895
1.825782,1.236188,-0.700818
1.82432,1.233265,-0.710757
1.829582,1.236188,-0.708565
1.823443,1.236188,-0.704326
1.828413,1.234434,-0.718503
1.817013,1.238234,-0.720696
1.821105,1.235311,-0.70038
1.825197,1.238234,-0.70988
1.827536,1.239111,-0.709149
1.831044,1.237942,-0.704472
1.830751,1.238819,-0.703157
1.82549,1.228004,-0.706665
1.821982,1.238234,-0.708711
1.832797,1.242619,-0.70798
1.82549,1.239988,-0.704619
1.830459,1.237065,-0.70988
1.823151,1.240573,-0.704034
1.82929,1.233557,-0.705349
1.797428,1.234727,-0.709149
1.825197,1.238234,-0.710319
1.828997,1.235311,-0.697895
1.826951,1.237357,-0.705788
1.832213,1.242619,-0.700526
1.831044,1.236773,-0.705349
1.827536,1.239988,-0.690003
1.831628,1.235896,-0.702426
1.830459,1.238527,-0.712949
1.826367,1.228588,-0.702865
1.824905,1.239696,-0.699065
1.818182,1.239988,-0.701403
1.836305,1.241742,-0.710611
1.823736,1.237065,-0.700965
1.826659,1.245835,-0.700672
1.828997,1.240281,-0.706665
1.82929,1.240573,-0.702572
1.828997,1.240865,-0.70608
1.826367,1.239988,-0.703157
1.820228,1.244373,-0.707834
1.831628,1.240281,-0.703595
1.829582,1.240573,-0.708565
1.833674,1.231804,-0.709442
1.822859,1.237942,-0.717188
1.824613,1.240281,-0.714996
1.823443,1.239404,-0.70608
1.826367,1.244665,-0.706519
1.832213,1.237357,-0.70988
1.834259,1.232096,-0.711634
1.827536,1.242619,-0.705057
1.824613,1.237065,-0.722157
1.832797,1.242034,-0.706372
1.834844,1.248758,-0.712803
1.830751,1.237357,-0.710611
1.828705,1.238819,-0.712072
1.821397,1.238527,-0.70038
1.826367,1.234434,-0.703888
1.822274,1.235019,-0.703303
1.834844,1.239696,-0.693511
1.82052,1.246127,-0.703742
1.82432,1.233265,-0.701695
1.827536,1.238234,-0.70228
1.830459,1.24905,-0.693365
1.824028,1.235311,-0.698041
1.823443,1.234434,-0.695118
1.830459,1.243204,-0.700526
1.830167,1.238527,-0.69848
1.827536,1.243496,-0.703011
1.823736,1.241742,-0.700526
1.828413,1.238234,-0.694972
1.826951,1.232973,-0.70228
1.830167,1.236773,-0.701549
1.823151,1.241158,-0.711634
1.829874,1.232973,-0.703011
1.828705,1.22888,-0.708272
1.822274,1.237357,-0.705057
1.830459,1.237065,-0.698041
1.830459,1.242911,-0.699795
1.830167,1.240281,-0.701257
1.828413,1.271266,-0.701257
1.831336,1.241742,-0.701403
1.823443,1.239988,-0.689272
1.832797,1.239111,-0.693511
1.831336,1.242034,-0.702718
1.824028,1.239111,-0.702426
1.829582,1.235604,-0.708565
1.831336,1.235019,-0.715288
1.831044,1.239696,-0.704326
1.826659,1.235604,-0.694388
1.825782,1.234727,-0.691318
1.827243,1.235896,-0.699357
1.824613,1.234727,-0.714119
1.833967,1.235896,-0.704619
1.826951,1.235604,-0.695703
1.835721,1.227419,-0.698334
1.831336,1.240573,-0.706519
1.826951,1.22888,-0.701988
1.825197,1.231804,-0.696434
1.833674,1.238819,-0.702134
1.833382,1.237357,-0.706226
1.833674,1.236773,-0.69658
1.832213,1.245835,-0.705642
1.830167,1.238527,-0.706372
1.833967,1.239111,-0.706665
1.835136,1.244081,-0.701257
1.836013,1.236481,-0.704765
1.831336,1.232973,-0.704326
1.832505,1.23765,-0.699942
1.837474,1.234727,-0.703449
1.829874,1.235311,-0.709734
1.832505,1.237065,-0.703011
1.829874,1.239404,-0.693803
1.821105,1.237357,-0.716165
1.829874,1.237357,-0.698772
1.832213,1.233557,-0.711634
1.831921,1.238234,-0.71938
1.82929,1.241158,-0.70418
1.832213,1.242619,-0.708565
1.826367,1.234727,-0.705934
1.837474,1.23385,-0.706811
1.833967,1.234727,-0.708272
1.837182,1.238234,-0.708272
1.835721,1.237065,-0.699211
1.829874,1.241158,-0.744811
1.835428,1.23005,-0.709003
1.834551,1.231804,-0.706957
1.82929,1.230342,-0.717773
1.826951,1.233557,-0.716749
1.867875,1.236188,-0.709442
1.82812,1.225957,-0.701549
1.830459,1.231511,-0.717188
1.819351,1.228004,-0.703595
1.823443,1.229757,-0.707395
1.828413,1.23005,-0.698918
1.82929,1.237065,-0.707688
1.82549,1.232681,-0.711634
1.826951,1.238819,-0.701111
1.831044,1.231804,-0.699065
1.83309,1.236188,-0.705057
1.82812,1.234142,-0.698772
1.82929,1.235311,-0.701403
1.823736,1.235604,-0.696872
1.830751,1.234434,-0.701842
1.827828,1.231511,-0.708711
1.82169,1.234434,-0.700672
1.833967,1.237942,-0.712219
1.831336,1.235311,-0.69658
1.830459,1.238527,-0.701257
1.829874,1.23385,-0.708565
1.823443,1.235019,-0.711196
1.826367,1.23765,-0.705934
1.824028,1.230634,-0.698918
1.82929,1.235604,-0.70038
1.824028,1.234727,-0.705057
1.822274,1.226834,-0.701549
1.824028,1.237357,-0.708711
1.828413,1.235896,-0.703303
1.823151,1.234727,-0.703449
1.82052,1.231804,-0.70418
1.826074,1.235019,-0.702718
1.829874,1.226834,-0.709734
1.823443,1.230634,-0.705349
1.822859,1.230342,-0.695995
1.826367,1.237357,-0.699211
1.827536,1.231804,-0.701988
1.827243,1.235019,-0.703157
1.825197,1.239696,-0.707542
1.832797,1.235311,-0.701257
1.829582,1.239696,-0.705203
1.824028,1.238819,-0.699942
1.830459,1.236481,-0.698918
1.829874,1.230634,-0.70228
1.829582,1.231219,-0.706957
1.833674,1.231804,-0.702426
1.832213,1.239111,-0.70608
1.831628,1.232388,-0.714265
1.831044,1.230634,-0.710903
1.825197,1.235019,-0.697311
1.827243,1.238527,-0.706226
1.831921,1.242327,-0.703011
1.831628,1.23385,-0.703888
1.829874,1.232096,-0.706519
1.827536,1.230634,-0.700818
1.823736,1.240281,-0.697457
1.82169,1.240281,-0.702572
1.82929,1.231219,-0.719526
1.827536,1.23385,-0.713534
1.82812,1.235311,-0.692488
1.825197,1.229465,-0.705349
1.827243,1.238234,-0.701257
1.826659,1.231804,-0.712219
1.831044,1.235604,-0.703595
1.82929,1.234727,-0.713388
1.828413,1.231511,-0.709588
1.832797,1.229757,-0.706372
1.826659,1.228296,-0.705203
1.833382,1.233557,-0.707395
1.835136,1.234727,-0.710757
1.831044,1.236773,-0.713826
1.831044,1.231511,-0.711342
1.835136,1.233557,-0.708272
1.837182,1.232388,-0.703742
1.834551,1.238234,-0.703742
1.833674,1.242034,-0.711634
1.827243,1.239404,-0.707688
1.82929,1.228004,-0.697165
1.835136,1.233557,-0.705495
1.829874,1.238819,-0.702134
1.834844,1.239404,-0.706811
1.829582,1.238819,-0.708711
1.82929,1.24145,-0.702426
1.827828,1.231804,-0.708711
1.828997,1.239111,-0.712072
1.828705,1.231219,-0.705642
1.831044,1.237942,-0.705642
1.835136,1.232388,-0.705203
1.838059,1.237065,-0.712949
1.830751,1.236481,-0.696726
1.831336,1.238234,-0.703742
1.830459,1.235896,-0.70418
1.826367,1.230342,-0.697749
1.828705,1.237942,-0.681087
1.82812,1.234142,-0.706957
1.834259,1.235019,-0.700965
1.827243,1.238234,-0.707834
1.832505,1.270973,-0.702718
1.824613,1.237065,-0.69848
1.79772,1.239696,-0.706372
1.825782,1.235604,-0.699065
1.834844,1.230634,-0.708126
1.837767,1.242619,-0.701988
1.825782,1.242911,-0.696872
1.835136,1.238819,-0.701988
1.827243,1.237357,-0.693218
1.826951,1.234727,-0.693218
1.831044,1.232681,-0.704911
1.832797,1.234727,-0.705788
1.831044,1.23765,-0.702865
1.826367,1.23765,-0.704472
1.82432,1.229757,-0.704619
1.830459,1.229757,-0.707249
1.829874,1.230927,-0.699942
1.831336,1.232096,-0.712072
1.831628,1.238234,-0.704326
1.836013,1.231219,-0.701842
1.831336,1.235019,-0.721426
1.831044,1.232681,-0.711196
1.826367,1.238819,-0.714557
1.831628,1.223619,-0.700672
1.831336,1.235896,-0.70608
1.830167,1.234142,-0.688541
1.822567,1.238234,-0.705349
1.826074,1.235019,-0.693657
1.82812,1.239111,-0.692195
1.831044,1.231219,-0.703303
1.830459,1.246127,-0.702134
1.822567,1.232973,-0.709296
1.825197,1.242034,-0.701257
1.824905,1.240573,-0.703595
1.82432,1.235311,-0.690003
1.825782,1.236481,-0.68898
1.826659,1.232388,-0.693657
1.82929,1.239404,-0.699649
1.832797,1.234727,-0.697165
1.830167,1.240573,-0.698334
1.826074,1.24145,-0.707395
1.832797,1.238527,-0.695411
1.830459,1.236481,-0.70798
1.829582,1.234142,-0.707395
1.831044,1.237942,-0.697018
1.830751,1.232973,-0.701257
1.819643,1.242911,-0.723765
1.813797,1.270973,-0.735457
1.786904,1.31482,-0.760742
1.771704,1.37679,-0.780035
1.75855,1.43613,-0.802982
1.743058,1.465653,-0.789389
1.736627,1.489623,-0.778866
1.727857,1.502192,-0.769073
1.730488,1.510377,-0.764104
1.735457,1.511546,-0.754458
1.742765,1.504823,-0.738673
1.743642,1.495469,-0.71748
1.751242,1.496931,-0.703303
1.757381,1.481438,-0.684157
1.766735,1.481146,-0.664718
1.761473,1.457176,-0.66311
1.770243,1.444314,-0.642941
1.779889,1.428822,-0.637533
1.785151,1.420053,-0.623063
1.79772,1.401052,-0.603625
1.797135,1.401345,-0.602894
1.802105,1.38176,-0.594271
1.810582,1.369483,-0.581555
1.810582,1.360713,-0.57644
1.825197,1.34639,-0.575417
1.824028,1.334405,-0.568255
1.82812,1.329728,-0.564016
1.826367,1.320374,-0.555832
1.836305,1.314528,-0.560362
1.840105,1.302543,-0.552616
1.842151,1.297866,-0.546331
1.846244,1.300205,-0.557585
1.838644,1.287051,-0.540631
1.854136,1.275358,-0.554516
1.845075,1.272727,-0.542531
1.854136,1.265712,-0.541947
1.856182,1.265127,-0.540193
1.849167,1.258404,-0.536101
1.850628,1.259866,-0.537562
1.853552,1.249635,-0.537562
1.85969,1.247004,-0.53917
1.862321,1.246419,-0.542678
1.866121,1.251388,-0.535954
1.866121,1.24905,-0.520462
1.872844,1.24525,-0.52397
1.866706,1.242327,-0.530254
1.87226,1.239111,-0.533324
1.869629,1.232096,-0.529377
1.87109,1.235311,-0.528354
1.862321,1.232096,-0.530693
1.863783,1.232973,-0.532885
1.865536,1.197895,-0.535516
1.861736,1.23005,-0.531277
1.857059,1.231219,-0.5304
1.863198,1.225665,-0.539024
1.867875,1.223034,-0.530985
1.859982,1.22888,-0.524262
1.869629,1.231804,-0.52207
1.869044,1.230927,-0.5323
1.866998,1.228296,-0.534493
1.869629,1.220696,-0.527039
1.871967,1.23005,-0.532008
1.873429,1.227419,-0.532885
1.876644,1.229757,-0.536977
1.877521,1.234142,-0.52967
1.874306,1.222742,-0.521631
1.864952,1.225373,-0.534785
1.870798,1.220988,-0.529085
1.873429,1.225665,-0.538439
1.874013,1.225957,-0.538878
1.866121,1.223034,-0.526016
1.86729,1.221865,-0.521046
1.872552,1.223327,-0.52777
1.86729,1.223034,-0.539462
1.868459,1.222157,-0.52207
1.871967,1.22625,-0.535808
1.876644,1.216896,-0.524847
1.873429,1.219234,-0.530693
1.865536,1.219526,-0.532885
1.872844,1.226542,-0.524554
1.872552,1.215142,-0.523385
1.871967,1.216896,-0.525431
1.86729,1.218357,-0.533762
1.87489,1.219819,-0.521485
1.87226,1.220403,-0.526747
1.87489,1.218065,-0.517393
1.878398,1.215726,-0.523531
1.874598,1.216603,-0.517977
1.874306,1.223911,-0.529231
1.869629,1.216311,-0.533324
1.881321,1.211342,-0.488161
1.876644,1.223619,-0.532447
1.873137,1.223911,-0.51827
1.87109,1.214849,-0.518416
1.872844,1.214849,-0.526893
1.878983,1.216311,-0.521046
1.869629,1.218357,-0.539901
1.873721,1.220988,-0.522947
1.868459,1.222157,-0.52017
1.871967,1.216603,-0.52017
1.880737,1.221865,-0.530693
1.882783,1.221865,-0.524116
1.869921,1.214557,-0.525577
1.882783,1.216896,-0.53537
1.875475,1.215434,-0.522947
1.874306,1.219526,-0.53727
1.875183,1.221865,-0.524408
1.879567,1.224203,-0.5323
1.87489,1.213973,-0.534347
1.87489,1.214557,-0.532593
1.87489,1.220111,-0.537124
1.874598,1.216311,-0.535808
1.877521,1.22245,-0.525285
1.881906,1.215142,-0.528939
1.87606,1.218065,-0.522508
1.878398,1.225665,-0.519
1.873137,1.224203,-0.521777
1.879567,1.219526,-0.5247
1.874598,1.212219,-0.522654
1.872552,1.214849,-0.519439
1.866706,1.223619,-0.517246
1.875475,1.222742,-0.520023
1.880444,1.215726,-0.526016
1.875183,1.213096,-0.525431
1.866998,1.224788,-0.533616
1.878106,1.217773,-0.5228
1.880444,1.215726,-0.517246
1.868167,1.216896,-0.52017
1.877229,1.224496,-0.525139
1.87606,1.217773,-0.530254
1.87226,1.219819,-0.517393
1.87226,1.22245,-0.5247
1.877813,1.216311,-0.52777
1.871967,1.215726,-0.5285
1.873137,1.214557,-0.529524
1.881321,1.212803,-0.532154
1.874306,1.217773,-0.530839
1.875475,1.217188,-0.523823
1.873137,1.215142,-0.525577
1.875767,1.215726,-0.534639
1.881321,1.221573,-0.519293
1.878983,1.221573,-0.522947
1.882783,1.219819,-0.524993
1.873429,1.215142,-0.52207
1.873721,1.218065,-0.533324
1.866413,1.22245,-0.534785
1.875767,1.223619,-0.524554
1.874013,1.22508,-0.529231
1.869044,1.225665,-0.526454
1.875475,1.223619,-0.532739
1.874598,1.224496,-0.534347
1.874306,1.220696,-0.530693
1.87606,1.220988,-0.526162
1.879275,1.219526,-0.524993
1.870213,1.21368,-0.537562
1.874013,1.227711,-0.522508
1.872552,1.216311,-0.525285
1.872552,1.218065,-0.52207
1.876352,1.223034,-0.532593
1.867583,1.22508,-0.530693
1.875183,1.217773,-0.530108
1.875475,1.218357,-0.529816
1.873137,1.216603,-0.532008
1.875767,1.212511,-0.530693
1.877229,1.220403,-0.525723
1.876937,1.209588,-0.521193
1.872552,1.216019,-0.524554
1.878398,1.220988,-0.526016
1.87869,1.216311,-0.534347
1.875767,1.214557,-0.523677
1.873137,1.223034,-0.541654
1.880737,1.223327,-0.540193
1.880444,1.220696,-0.523385
1.872552,1.21865,-0.526308
1.877229,1.217773,-0.5304
1.878983,1.215726,-0.531862
1.878983,1.218357,-0.536831
1.87869,1.215434,-0.515493
1.866413,1.213973,-0.533616
1.873721,1.212803,-0.516369
1.877521,1.216603,-0.517393
1.880152,1.222742,-0.524262
1.865244,1.212511,-0.522947
1.873137,1.209588,-0.524408
1.877521,1.212803,-0.533616
1.866998,1.209588,-0.526893
1.869921,1.20988,-0.535516
1.875475,1.216019,-0.521631
1.87226,1.221865,-0.526747
1.876352,1.218357,-0.529816
1.875183,1.218357,-0.525723
1.87606,1.22245,-0.530547
1.872844,1.21748,-0.522654
1.87606,1.220988,-0.529524
1.878983,1.218065,-0.521923
1.87226,1.222157,-0.527623
1.880152,1.213096,-0.526162
1.877521,1.215434,-0.533762
1.873137,1.217773,-0.525139
1.877813,1.215434,-0.525723
1.87869,1.223034,-0.530839
1.882783,1.212219,-0.525431
1.87869,1.218942,-0.532739
1.878106,1.219819,-0.5323
1.871383,1.208419,-0.52777
1.870798,1.211634,-0.532885
1.87226,1.216603,-0.534347
1.87489,1.214265,-0.518854
1.875767,1.209588,-0.530547
1.875767,1.211342,-0.524262
1.877813,1.220988,-0.529816
1.873429,1.222157,-0.535516
1.886875,1.210172,-0.5266
1.872844,1.218065,-0.5323
1.87869,1.216603,-0.527477
1.87986,1.220988,-0.532593
1.87489,1.220696,-0.526747
1.871383,1.218065,-0.527916
1.868752,1.222742,-0.4981
1.869921,1.212511,-0.521923
1.869921,1.218942,-0.527623
1.874013,1.212511,-0.528354
1.869044,1.210465,-0.526016
1.870213,1.213973,-0.532593
1.873721,1.211049,-0.526454
1.886583,1.214265,-0.52777
1.880152,1.221865,-0.527331
1.873137,1.215434,-0.522508
1.86729,1.212511,-0.531277
1.878106,1.21865,-0.523093
1.870798,1.215726,-0.532154
1.87109,1.215434,-0.536977
1.87489,1.220696,-0.527477
1.87109,1.221573,-0.536247
1.859398,1.215434,-0.534347
1.865829,1.21865,-0.528939
1.876352,1.21368,-0.525723
1.869629,1.213973,-0.530839
1.870213,1.219819,-0.545162
1.871967,1.208711,-0.538001
1.880152,1.211342,-0.532008
1.874306,1.216019,-0.532154
1.874598,1.214849,-0.532593
1.872552,1.215726,-0.530839
1.868459,1.215726,-0.53157
1.87109,1.216603,-0.531277
1.86729,1.221573,-0.53347
1.868459,1.216896,-0.544724
1.873429,1.221865,-0.526454
1.87226,1.219526,-0.523531
1.87226,1.218357,-0.522216
1.874306,1.21865,-0.521923
1.874013,1.215142,-0.529377
1.87226,1.213388,-0.532885
1.872844,1.214557,-0.534347
1.873137,1.219526,-0.533177
1.864659,1.220988,-0.519293
1.87109,1.212803,-0.530547
1.871675,1.212511,-0.524993
1.874598,1.213388,-0.523385
1.873429,1.218942,-0.523385
1.86729,1.215142,-0.534347
1.873429,1.21748,-0.535516
1.873137,1.219234,-0.532885
1.873721,1.208711,-0.538293
1.870506,1.217188,-0.532008
1.866706,1.214849,-0.527477
1.879275,1.218942,-0.533177
1.870506,1.21865,-0.535077
1.875183,1.214849,-0.541801
1.87109,1.211342,-0.534054
1.867875,1.210465,-0.523531
1.871675,1.209588,-0.527477
1.868752,1.213096,-0.515785
1.868459,1.209003,-0.530547
1.87489,1.214849,-0.529962
1.870213,1.208711,-0.532593
1.872552,1.220988,-0.532008
1.87606,1.220403,-0.532885
1.87109,1.211342,-0.539608
1.876352,1.218942,-0.520316
1.870506,1.221573,-0.523677
1.872844,1.212803,-0.526308
1.869044,1.213973,-0.530693
1.866998,1.215434,-0.538293
1.870798,1.218942,-0.528062
1.86729,1.216311,-0.536247
1.868167,1.219526,-0.532154
1.872552,1.214265,-0.529816
1.872844,1.216896,-0.529085
1.870213,1.22245,-0.533177
1.874598,1.220111,-0.531424
1.875475,1.220988,-0.524554
1.874013,1.214849,-0.532154
1.878983,1.23005,-0.518854
1.868459,1.222742,-0.531716
1.869044,1.219234,-0.530547
1.874598,1.220696,-0.529962
1.871675,1.216603,-0.529377
1.875475,1.217188,-0.533616
1.868167,1.212511,-0.534931
1.879567,1.222157,-0.518708
1.867583,1.221573,-0.532739
1.874598,1.223034,-0.535808
1.871967,1.216896,-0.523385
1.866413,1.219234,-0.517246
1.871383,1.214849,-0.526454
1.87226,1.220111,-0.523093
1.869336,1.211634,-0.513593
1.866121,1.221573,-0.527916
1.862029,1.217773,-0.5304
1.871675,1.213096,-0.526162
1.870506,1.218065,-0.5266
1.870798,1.222157,-0.531716
1.86729,1.21865,-0.521485
1.871383,1.221865,-0.493423
1.867875,1.21748,-0.526162
1.872552,1.216019,-0.526162
1.871383,1.216603,-0.524408
1.871967,1.214265,-0.519731
1.869629,1.207834,-0.523823
1.874306,1.220403,-0.527185
1.838936,1.214265,-0.532447
1.869921,1.218065,-0.534639
1.869629,1.216019,-0.529085
1.872552,1.217188,-0.537708
1.872552,1.214557,-0.532154
1.877521,1.214557,-0.526016
1.868167,1.211634,-0.532739
1.874598,1.216896,-0.522947
1.870506,1.215434,-0.531862
1.875767,1.214265,-0.536685
1.867875,1.212219,-0.530839
1.870213,1.211049,-0.52777
1.867875,1.20988,-0.530254
1.866413,1.213973,-0.520023
1.873429,1.20988,-0.534493
1.87226,1.212219,-0.529377
1.874013,1.209296,-0.517393
1.874306,1.218065,-0.541654
1.874306,1.218357,-0.531716
1.866706,1.21368,-0.528062
1.870798,1.214849,-0.5209
1.871967,1.212511,-0.534201
1.866706,1.209296,-0.525139
1.868167,1.218942,-0.526308
1.873429,1.207542,-0.530693
1.879567,1.21368,-0.532739
1.872552,1.21368,-0.522654
1.871675,1.211926,-0.534054
1.874013,1.21748,-0.524554
1.868752,1.206665,-0.5247
1.876644,1.219234,-0.523677
1.87226,1.21748,-0.524993
1.87606,1.218065,-0.525723
1.875475,1.214265,-0.531277
1.87986,1.221573,-0.5285
1.87986,1.215726,-0.525285
1.876937,1.211342,-0.528939
1.867583,1.215142,-0.510962
1.870506,1.206665,-0.528939
1.870213,1.216311,-0.519
1.865244,1.210757,-0.520023
1.871967,1.213096,-0.531424
1.878398,1.208711,-0.520316
1.868167,1.215434,-0.525723
1.87606,1.216896,-0.5323
1.874306,1.213096,-0.527477
1.869921,1.212803,-0.532739
1.867875,1.211049,-0.528208
1.86729,1.212803,-0.525139
1.871967,1.208126,-0.52207
1.868167,1.215434,-0.523823
1.870798,1.213388,-0.527623
1.877521,1.208711,-0.529085
1.868752,1.217773,-0.516662
1.87226,1.213973,-0.53727
1.874598,1.214849,-0.560801
1.87109,1.211049,-0.533031
1.871383,1.219526,-0.524262
1.871675,1.223327,-0.538147
1.871675,1.212511,-0.534347
1.835428,1.222157,-0.531424
1.878983,1.223619,-0.540778
1.876644,1.216896,-0.52777
1.87109,1.218942,-0.528062
1.871383,1.211926,-0.527623
1.871383,1.220111,-0.527039
1.880737,1.214557,-0.534639
1.879275,1.218357,-0.534054
1.872552,1.218942,-0.533324
1.880152,1.220696,-0.535224
1.877229,1.214849,-0.536539
1.881029,1.218357,-0.536101
1.877521,1.214557,-0.534931
1.876644,1.216603,-0.529231
1.87606,1.211342,-0.537854
1.879567,1.222742,-0.527185
1.879567,1.218942,-0.534785
1.877813,1.216603,-0.532593
1.871383,1.207542,-0.532154
1.880152,1.214265,-0.536101
1.889214,1.223327,-0.540485
1.875767,1.215434,-0.532154
1.877229,1.21368,-0.522362
1.873721,1.219819,-0.528939
1.875183,1.206957,-0.526016
1.874306,1.214557,-0.537416
1.87869,1.218357,-0.536685
1.87986,1.220403,-0.53727
1.877813,1.216311,-0.537124
1.873429,1.211342,-0.529816
1.875767,1.215142,-0.5323
1.877813,1.221573,-0.535224
1.876937,1.212511,-0.523093
1.873429,1.21368,-0.522508
1.877521,1.216019,-0.527916
1.876937,1.214557,-0.530839
1.874306,1.218357,-0.527039
1.873721,1.219234,-0.531716
1.877813,1.215726,-0.527477
1.879567,1.217773,-0.489915
1.874013,1.212511,-0.535224
1.87109,1.220988,-0.525285
1.877813,1.212803,-0.52017
1.873429,1.208126,-0.534493
1.87869,1.21748,-0.5228
1.875767,1.218065,-0.53157
1.876352,1.212511,-0.541947
1.879275,1.209296,-0.528354
1.87489,1.218357,-0.535224
1.874598,1.217773,-0.531716
1.871967,1.213096,-0.531131
1.871675,1.211342,-0.529962
1.872844,1.209588,-0.531424
1.873137,1.219234,-0.534201
1.871383,1.21368,-0.536831
1.874306,1.218065,-0.52777
1.878106,1.213388,-0.53727
1.876644,1.215142,-0.532447
1.871383,1.211049,-0.543555
1.869629,1.214265,-0.53917
1.872552,1.214265,-0.537124
1.87606,1.214557,-0.527916
1.869336,1.211634,-0.534054
1.868459,1.212219,-0.530547
1.868752,1.212511,-0.535077
1.876352,1.217773,-0.532739
1.869629,1.214557,-0.521923
1.870798,1.22128,-0.529085
1.872844,1.216311,-0.538001
1.871675,1.213973,-0.529524
1.876352,1.215434,-0.5304
1.877521,1.21368,-0.538293
1.873429,1.215726,-0.533177
1.868167,1.213096,-0.535954
1.877813,1.21865,-0.538731
1.876644,1.218942,-0.537416
1.878106,1.223034,-0.534201
1.873429,1.216896,-0.539754
1.871383,1.218357,-0.533324
1.865244,1.219819,-0.533908
1.877813,1.213973,-0.538147
1.870798,1.21865,-0.531716
1.873429,1.22508,-0.525577
1.876352,1.216896,-0.532447
1.869336,1.21865,-0.544285
1.878106,1.214849,-0.532885
1.876937,1.213096,-0.530985
1.874598,1.210465,-0.528647
1.879275,1.211342,-0.52587
1.873429,1.211049,-0.532008
1.873137,1.213388,-0.53157
1.873429,1.20608,-0.527331
1.872552,1.214849,-0.541947
1.873721,1.210465,-0.534347
1.87489,1.213096,-0.52207
1.876937,1.218065,-0.530254
1.87606,1.213973,-0.534785
1.869044,1.220403,-0.530254
1.869921,1.21368,-0.527185
1.878106,1.207249,-0.530254
1.873137,1.21748,-0.518854
1.878106,1.214265,-0.526747
1.877521,1.220403,-0.526016
1.874013,1.210757,-0.525723
1.87606,1.214265,-0.53727
1.875183,1.220988,-0.526893
1.875183,1.214849,-0.531716
1.87606,1.219819,-0.523823
1.878398,1.219819,-0.531424
1.873429,1.218357,-0.532008
1.87606,1.213973,-0.527916
1.870798,1.219819,-0.524116
1.873429,1.211342,-0.529377
1.880737,1.223327,-0.5285
1.882198,1.21748,-0.520462
1.882491,1.213096,-0.5323
1.871967,1.219234,-0.530547
1.874306,1.223327,-0.523531
1.871383,1.216019,-0.530108
1.877521,1.222742,-0.536685
1.875767,1.218357,-0.529962
1.870506,1.220988,-0.5209
1.876352,1.221573,-0.526454
1.874013,1.219526,-0.530108
1.87606,1.215142,-0.526893
1.866413,1.215726,-0.529816
1.873137,1.219819,-0.517539
1.869044,1.213096,-0.527477
1.871383,1.216311,-0.52587
1.869044,1.214849,-0.524116
1.866121,1.216019,-0.52967
1.867875,1.22128,-0.528939
1.866998,1.214265,-0.539316
1.871383,1.211634,-0.560947
1.869336,1.213096,-0.529377
1.873721,1.211049,-0.526162
1.879567,1.211634,-0.530985
1.870213,1.20988,-0.534054
1.869044,1.207834,-0.52777
1.871383,1.214265,-0.527185
1.868752,1.208711,-0.534639
1.874598,1.213973,-0.533908
1.874306,1.213096,-0.532593
1.868167,1.212219,-0.531277
1.870506,1.225373,-0.545162
1.861444,1.254019,-0.546185
1.847121,1.280912,-0.549255
1.824028,1.337328,-0.574978
1.810289,1.387898,-0.599094
1.786027,1.421806,-0.626133
1.783981,1.442853,-0.650687
1.776966,1.449284,-0.64981
1.759427,1.457176,-0.657556
1.757673,1.47413,-0.678603
1.749781,1.4791,-0.689857
1.748904,1.4981,-0.699357
1.734873,1.499269,-0.72318
1.736627,1.506285,-0.722742
1.737796,1.509792,-0.735311
1.735165,1.515639,-0.750365
1.730488,1.509208,-0.756942
1.732827,1.5095,-0.759719
1.730196,1.511254,-0.76732
1.726396,1.5057,-0.765127
1.722303,1.510085,-0.767173
1.733704,1.511254,-0.764396
1.732242,1.503362,-0.775066
1.727565,1.494884,-0.770681
1.730196,1.497808,-0.782374
1.724057,1.495469,-0.783104
1.729027,1.488161,-0.780181
1.730488,1.4943,-0.78442
1.735165,1.482023,-0.786466
1.732534,1.483484,-0.792312
1.736334,1.483777,-0.788658
1.732242,1.474715,-0.79962
1.736334,1.475884,-0.785004
1.736042,1.468869,-0.795381
1.731073,1.474715,-0.821105
1.736627,1.4715,-0.791728
1.733119,1.470623,-0.792605
1.736627,1.460684,-0.797135
1.733704,1.460392,-0.797135
1.736042,1.459515,-0.808682
1.741304,1.459515,-0.789097
1.740134,1.461853,-0.80342
1.742181,1.450453,-0.79202
1.740427,1.458638,-0.788804
1.747442,1.456884,-0.791874
1.744811,1.453668,-0.786612
1.738088,1.450161,-0.783689
1.741596,1.448407,-0.782666
1.736627,1.449284,-0.778574
1.741888,1.447238,-0.788951
1.746273,1.450745,-0.787489
1.738088,1.448115,-0.797574
1.744227,1.445776,-0.787051
1.729904,1.440514,-0.800643
1.736919,1.43993,-0.789974
1.740719,1.435253,-0.792751
1.740134,1.437591,-0.796843
1.75095,1.439053,-0.80722
1.742473,1.447822,-0.803274
1.742765,1.43993,-0.794797
1.745396,1.43993,-0.793043
1.741888,1.438761,-0.79582
1.74335,1.437591,-0.803128
1.743642,1.441391,-0.808097
1.743935,1.43993,-0.801666
1.742765,1.438176,-0.797282
1.742473,1.438468,-0.800789
1.738965,1.433499,-0.79012
1.74715,1.435545,-0.798158
1.742765,1.433207,-0.79012
1.750658,1.441391,-0.790266
1.745104,1.435838,-0.790997
1.741304,1.435545,-0.788951
1.741596,1.432914,-0.798158
1.738673,1.436714,-0.790704
1.738965,1.435545,-0.789828
1.744811,1.433207,-0.793189
1.738965,1.43496,-0.791435
1.742181,1.436714,-0.803566
1.739842,1.428237,-0.79392
1.748612,1.439053,-0.82242
1.742181,1.434376,-0.791435
1.745104,1.433499,-0.800497
1.736919,1.429699,-0.806343
1.741304,1.432622,-0.790558
1.749781,1.43496,-0.79582
1.750073,1.434084,-0.784712
1.744811,1.429407,-0.799912
1.738965,1.429699,-0.788074
1.744811,1.433499,-0.799035
1.752704,1.445192,-0.789974
1.748612,1.433207,-0.795966
1.747735,1.434376,-0.803859
1.748027,1.43993,-0.793335
1.751535,1.441099,-0.797574
1.750658,1.431453,-0.796551
1.734873,1.43496,-0.796112
1.743058,1.439345,-0.786174
1.741304,1.442853,-0.798451
1.746858,1.429991,-0.798889
1.74335,1.436422,-0.79012
1.75095,1.432914,-0.805466
1.752704,1.431453,-0.781058
1.74335,1.431745,-0.798889
1.743642,1.43116,-0.789389
1.746565,1.430868,-0.783104
1.748027,1.434376,-0.794358
1.745104,1.436714,-0.780474
1.751535,1.442561,-0.784858
1.745396,1.437884,-0.804443
1.748612,1.437299,-0.790558
1.741011,1.446361,-0.799328
1.748319,1.433499,-0.793189
1.749488,1.433207,-0.797135
1.746273,1.43116,-0.788512
1.748612,1.432037,-0.785443
1.748319,1.43233,-0.795674
1.751242,1.430868,-0.792605
1.744519,1.430576,-0.785589
1.748904,1.42853,-0.798889
1.743935,1.43613,-0.798158
1.751242,1.434668,-0.794358
1.746565,1.430576,-0.793628
1.74335,1.437299,-0.792897
1.747442,1.432622,-0.795381
1.744811,1.434376,-0.795381
1.750365,1.437591,-0.794943
1.747442,1.428822,-0.787197
1.74715,1.432037,-0.790704
1.752996,1.42853,-0.79962
1.748319,1.438176,-0.800789
1.752704,1.43116,-0.795528
1.748612,1.435838,-0.788951
1.747735,1.43233,-0.794943
1.746273,1.430868,-0.792458
1.751827,1.42853,-0.795966
1.751827,1.437007,-0.795235
1.750073,1.430284,-0.794505
1.748027,1.434376,-0.781789
1.752412,1.427653,-0.800643
1.74715,1.430576,-0.79582
1.752119,1.432622,-0.799766
1.746858,1.432914,-0.795528
1.746273,1.43116,-0.798743
1.748612,1.43233,-0.790412
1.74335,1.433791,-0.794651
1.745981,1.43116,-0.799474
1.742473,1.42853,-0.791874
1.742765,1.435253,-0.795089
1.748612,1.428822,-0.795674
1.746858,1.427945,-0.786904
1.749781,1.434084,-0.798597
1.745688,1.437591,-0.789681
1.740427,1.431745,-0.792458
1.748319,1.436714,-0.795528
1.749196,1.430284,-0.789974
1.742473,1.430576,-0.802397
1.737211,1.42853,-0.789681
1.738381,1.42473,-0.800058
1.74335,1.434084,-0.787781
1.737796,1.430284,-0.793774
1.740719,1.434084,-0.791728
1.74335,1.434084,-0.797574
1.747735,1.42853,-0.805174
1.744519,1.422391,-0.799474
1.749781,1.427945,-0.803712
1.749781,1.42736,-0.794797
1.748027,1.432622,-0.787928
1.750073,1.432622,-0.79962
1.741011,1.42853,-0.791289
1.746273,1.431745,-0.799035
1.744811,1.433207,-0.792751
1.746858,1.435838,-0.791728
1.751535,1.430284,-0.792458
1.752412,1.435545,-0.792458
1.753289,1.43613,-0.794797
1.746273,1.437884,-0.788074
1.750365,1.429407,-0.796989
1.750658,1.43496,-0.804151
1.749488,1.437591,-0.793335
1.74335,1.433791,-0.800351
1.751242,1.437591,-0.799474
1.753289,1.433499,-0.799182
1.745688,1.429114,-0.797428
1.750365,1.435838,-0.799182
1.746273,1.440807,-0.796697
1.749196,1.436422,-0.785297
1.752412,1.432914,-0.787928
1.747735,1.43233,-0.784127
1.752119,1.429991,-0.798597
1.749488,1.434376,-0.795235
1.745104,1.434668,-0.783981
1.745688,1.438176,-0.791289
1.741304,1.437591,-0.79012
1.744519,1.433791,-0.796843
1.745981,1.437007,-0.794797
1.749488,1.430576,-0.798451
1.753289,1.427945,-0.791728
1.742181,1.430868,-0.783397
1.745688,1.434668,-0.793628
1.749196,1.435253,-0.788074
1.749196,1.432914,-0.789974
1.745981,1.429991,-0.799328
1.750073,1.434084,-0.794505
1.754458,1.434376,-0.79582
1.753581,1.434668,-0.791435
1.748612,1.435253,-0.796551
1.751827,1.430576,-0.796989
1.749196,1.438761,-0.797135
1.753873,1.433499,-0.798158
1.754458,1.436422,-0.802835
1.743058,1.437591,-0.798743
1.749781,1.431745,-0.794066
1.748319,1.432622,-0.79582
1.752412,1.434084,-0.801666
1.740719,1.436422,-0.792312
1.750658,1.433207,-0.794066
1.743935,1.432037,-0.806782
1.748612,1.441976,-0.793481
1.749196,1.440807,-0.794651
1.747735,1.432622,-0.803859
1.74715,1.437299,-0.805905
1.747735,1.438761,-0.791874
1.753873,1.433207,-0.79962
1.746858,1.437591,-0.802835
1.748319,1.437299,-0.79772
1.738381,1.438176,-0.802689
1.744227,1.437591,-0.808389
1.748319,1.435838,-0.798743
1.745981,1.441099,-0.804443
1.741596,1.439638,-0.801082
1.747735,1.441976,-0.795528
1.749781,1.441391,-0.794651
1.744811,1.43613,-0.792751
1.748612,1.438176,-0.807366
1.749488,1.429991,-0.799474
1.739842,1.43233,-0.784566
1.745981,1.429114,-0.79962
1.749781,1.438176,-0.794505
1.749488,1.435253,-0.806489
1.746565,1.444022,-0.787635
1.746565,1.430284,-0.79012
1.743058,1.435253,-0.803274
1.748612,1.435545,-0.797574
1.748319,1.43496,-0.794797
1.74335,1.435545,-0.788074
1.744811,1.43613,-0.785881
1.750365,1.43233,-0.795966
1.749781,1.431453,-0.79392
1.748319,1.43496,-0.790851
1.745981,1.431453,-0.780912
1.751242,1.441099,-0.789681
1.744227,1.431745,-0.793043
1.750365,1.43613,-0.789535
1.753289,1.427068,-0.801374
1.754458,1.432622,-0.794943
1.738381,1.425606,-0.789974
1.746565,1.435253,-0.796989
1.750365,1.433791,-0.795235
1.745981,1.428237,-0.790558
1.740427,1.433791,-0.795381
1.736334,1.430868,-0.784858
1.745688,1.434376,-0.796112
1.743935,1.431453,-0.794651
1.738965,1.439345,-0.788804
1.741304,1.434084,-0.790558
1.745981,1.435253,-0.802251
1.748319,1.424145,-0.800058
1.75095,1.427653,-0.785004
1.748027,1.43496,-0.794651
1.740134,1.433791,-0.800789
1.748027,1.430868,-0.792166
1.742473,1.436422,-0.78822
1.741011,1.435838,-0.793774
1.747735,1.433791,-0.786027
1.746565,1.434376,-0.801374
1.742181,1.440514,-0.781497
1.748319,1.439345,-0.792605
1.750365,1.433791,-0.792751
1.749781,1.43116,-0.796697
1.746858,1.431745,-0.794212
1.749196,1.433207,-0.78632
1.745104,1.435545,-0.789828
1.752412,1.430576,-0.800497
1.751242,1.43233,-0.792605
1.749488,1.438468,-0.789828
1.750365,1.429991,-0.794505
1.744519,1.438468,-0.787489
1.746565,1.434084,-0.798889
1.745981,1.433499,-0.792458
1.744519,1.432037,-0.792605
1.746273,1.440807,-0.800497
1.748027,1.440807,-0.794651
1.750365,1.433791,-0.795674
1.74335,1.437007,-0.796843
1.743935,1.426484,-0.788951
1.753873,1.43233,-0.791435
1.748319,1.429991,-0.791581
1.748904,1.431453,-0.781643
1.753581,1.435838,-0.787489
1.75095,1.425899,-0.801812
1.745981,1.436714,-0.794797
1.748319,1.440222,-0.794358
1.747735,1.434084,-0.789828
1.75095,1.435838,-0.793774
1.750658,1.437299,-0.788512
1.745396,1.433499,-0.789681
1.749488,1.438176,-0.786758
1.745396,1.432914,-0.785881
1.746273,1.431745,-0.798451
1.742765,1.441684,-0.798451
1.743935,1.43496,-0.795089
1.748612,1.430576,-0.780474
1.750073,1.432914,-0.792458
1.751242,1.429991,-0.789243
1.749488,1.435838,-0.800058
1.748027,1.432914,-0.787489
1.748027,1.425606,-0.782227
1.748904,1.440807,-0.790412
1.752996,1.434668,-0.804735
1.748319,1.433791,-0.786466
1.752119,1.436714,-0.796843
1.755627,1.434084,-0.792605
1.747735,1.436714,-0.795966
1.749196,1.426484,-0.797135
1.752996,1.429407,-0.787635
1.748904,1.434376,-0.796405
1.750658,1.433207,-0.788951
1.748319,1.425022,-0.788951
1.750365,1.436714,-0.802982
1.752704,1.429991,-0.797574
1.746858,1.435838,-0.79582
1.746273,1.43613,-0.797574
1.751827,1.429114,-0.785004
1.748904,1.431453,-0.787928
1.750365,1.441391,-0.790558
1.750073,1.440222,-0.799328
1.741596,1.436422,-0.798012
1.748612,1.437591,-0.785297
1.751242,1.434668,-0.791289
1.741888,1.436714,-0.79012
1.751535,1.43496,-0.788951
1.74335,1.436714,-0.786027
1.75095,1.433791,-0.782374
1.746858,1.439053,-0.791435
1.745981,1.433207,-0.800497
1.752412,1.436714,-0.785881
1.748027,1.436422,-0.788074
1.75095,1.437884,-0.793335
1.747735,1.441099,-0.780474
1.753581,1.435253,-0.791143
1.758258,1.43993,-0.79582
1.752412,1.436422,-0.786904
1.749488,1.438176,-0.790704
1.75095,1.436714,-0.792312
1.748612,1.429699,-0.789974
1.754458,1.439638,-0.785004
1.754165,1.441684,-0.793335
1.749196,1.430284,-0.799328
1.751535,1.434084,-0.790997
1.748319,1.435838,-0.798889
1.750658,1.435545,-0.792751
1.746273,1.435545,-0.788658
1.735457,1.432622,-0.787051
1.747442,1.429699,-0.793628
1.749196,1.435838,-0.788074
1.748612,1.429991,-0.785151
1.748904,1.426191,-0.796258
1.75095,1.432622,-0.796258
1.747735,1.427653,-0.783251
1.744811,1.441391,-0.789243
1.75095,1.442268,-0.788074
1.742473,1.43116,-0.788658
1.747442,1.432622,-0.801959
1.74715,1.430868,-0.799035
1.752704,1.431453,-0.793481
1.75475,1.430284,-0.787051
1.757381,1.437884,-0.795089
1.742765,1.430284,-0.787635
1.747442,1.426484,-0.803859
1.750658,1.430576,-0.795966
1.749488,1.430868,-0.794797
1.745104,1.430284,-0.798889
1.738673,1.429407,-0.798597
1.745688,1.434668,-0.796405
1.746858,1.43116,-0.803859
1.745981,1.43233,-0.798889
1.746858,1.434376,-0.801082
1.746273,1.436714,-0.801666
1.75095,1.433791,-0.801959
1.749488,1.438468,-0.794651
1.745104,1.434668,-0.791289
1.748904,1.430576,-0.801959
1.740719,1.430284,-0.783251
1.750073,1.429699,-0.800935
1.749196,1.426776,-0.789097
1.755335,1.432037,-0.789681
1.754165,1.422683,-0.775358
1.742181,1.434376,-0.795966
1.753289,1.429699,-0.802982
1.748612,1.42853,-0.795966
1.743935,1.435253,-0.796258
1.740427,1.430284,-0.802543
1.741011,1.433207,-0.80342
1.748027,1.424437,-0.792751
1.744811,1.429114,-0.802543
1.747442,1.431745,-0.793043
1.740427,1.423268,-0.792458
1.748612,1.437884,-0.787489
1.752119,1.426776,-0.787051
1.74715,1.426776,-0.785151
1.745688,1.431745,-0.801812
1.750365,1.426776,-0.795381
1.751535,1.429991,-0.798889
1.745981,1.440222,-0.805466
1.750073,1.428822,-0.78822
1.743935,1.431745,-0.795674
1.743935,1.437007,-0.798889
1.742473,1.436714,-0.788804
1.750658,1.438468,-0.808536
1.751535,1.442853,-0.802105
1.753289,1.438468,-0.799766
1.745396,1.43233,-0.793774
1.745396,1.426191,-0.796405
1.748612,1.433207,-0.793335
1.752412,1.430576,-0.804005
1.748027,1.429991,-0.795235
1.746565,1.431453,-0.795089
1.745104,1.431745,-0.789535
1.75095,1.426191,-0.786758
1.745688,1.430868,-0.789243
1.744519,1.43613,-0.789535
1.743642,1.435545,-0.79582
1.746273,1.431745,-0.800058
1.749196,1.434376,-0.799328
1.743058,1.433791,-0.803128
1.744519,1.439345,-0.804443
1.743935,1.43496,-0.787635
1.739842,1.441099,-0.795674
1.745688,1.437884,-0.792605
1.74335,1.439345,-0.793189
1.750658,1.441099,-0.794066
1.741011,1.43496,-0.801812
1.745688,1.43993,-0.80152
1.753289,1.440514,-0.801228
1.744519,1.434376,-0.793335
1.749196,1.44373,-0.790558
1.742765,1.432037,-0.804443
1.747735,1.435545,-0.798012
1.751242,1.441976,-0.800789
1.744811,1.434668,-0.80912
1.744519,1.437299,-0.802543
1.749488,1.435838,-0.795089
1.748319,1.439053,-0.797282
1.747735,1.440514,-0.791143
1.746273,1.435838,-0.792166
1.743058,1.43993,-0.799035
1.748027,1.437591,-0.793628
1.745981,1.437591,-0.797135
1.74715,1.434084,-0.802397
1.745396,1.445484,-0.793774
1.751535,1.435838,-0.804589
1.751242,1.435545,-0.794212
1.745688,1.433499,-0.791143
1.741888,1.434376,-0.79772
1.749488,1.432037,-0.796989
1.748027,1.434668,-0.794943
1.749488,1.43116,-0.785589
1.744519,1.434668,-0.795528
1.744811,1.440807,-0.802543
1.745104,1.434376,-0.791143
1.743935,1.425899,-0.792312
1.742765,1.433499,-0.791435
1.744227,1.433791,-0.798889
1.746273,1.43613,-0.787635
1.740134,1.429991,-0.800351
1.750073,1.437591,-0.802543
1.741011,1.432622,-0.801228
1.751535,1.433499,-0.794066
1.743058,1.435253,-0.805905
1.744519,1.43116,-0.800205
1.745396,1.440807,-0.803274
1.743935,1.430868,-0.803274
1.742765,1.429407,-0.792897
1.743058,1.432914,-0.794505
1.739258,1.440222,-0.78632
1.741304,1.435545,-0.789828
1.742765,1.43613,-0.800935
1.741596,1.431453,-0.803859
1.743642,1.429407,-0.781497
1.74335,1.432914,-0.791874
1.750073,1.43116,-0.799035
1.750073,1.437299,-0.797866
1.744519,1.432622,-0.788074
1.745688,1.433207,-0.79772
1.748319,1.429699,-0.792897
1.753289,1.437007,-0.792312
1.747735,1.43993,-0.799474
1.74715,1.434668,-0.802982
1.74715,1.428237,-0.796989
1.744227,1.436714,-0.798158
1.740427,1.439053,-0.795674
1.754165,1.440807,-0.807659
1.751242,1.433791,-0.786612
1.755627,1.438468,-0.81862
1.747735,1.438761,-0.784712
1.749488,1.432622,-0.80152
1.745688,1.433499,-0.785881
1.746273,1.441391,-0.802982
1.752119,1.435838,-0.794651
1.754458,1.431745,-0.796843
1.751535,1.441976,-0.791143
1.75475,1.435838,-0.795381
1.756796,1.43613,-0.790851
1.750073,1.437591,-0.789974
1.750365,1.438468,-0.785881
1.753289,1.428237,-0.79012
1.746273,1.431745,-0.787928
1.746565,1.43496,-0.796843
1.742473,1.42853,-0.78632
1.746273,1.432914,-0.798012
1.745688,1.43613,-0.796989
1.746858,1.429991,-0.79962
1.751827,1.426776,-0.795966
1.741596,1.428237,-0.804151
1.746565,1.430576,-0.806197
1.742765,1.444607,-0.802543
1.73955,1.45513,-0.791581
1.734581,1.470038,-0.785004
1.72318,1.490792,-0.783689
1.729027,1.513008,-0.775358
1.734288,1.510085,-0.764689
1.729904,1.506285,-0.764543
1.733119,1.507454,-0.762496
1.729904,1.51447,-0.745542
1.732534,1.505408,-0.735457
1.742765,1.508039,-0.729757
1.740719,1.509208,-0.726103
1.735457,1.503069,-0.714557
1.745396,1.491669,-0.717188
1.743935,1.497223,-0.705057
1.753873,1.4943,-0.694534
1.751242,1.488161,-0.700088
1.753581,1.477638,-0.674364
1.756504,1.4791,-0.686349
1.762643,1.476177,-0.675533
1.761473,1.476469,-0.681964
1.761181,1.470038,-0.671587
1.761473,1.459222,-0.661649
1.770243,1.461853,-0.657118
1.771996,1.466238,-0.646741
1.764396,1.453961,-0.651856
1.774335,1.456299,-0.660187
1.770535,1.449284,-0.645425
1.772873,1.443438,-0.638848
1.767612,1.439638,-0.641771
1.776966,1.435253,-0.643379
1.781058,1.442268,-0.62964
1.781643,1.42853,-0.634464
1.780766,1.433499,-0.634464
1.780181,1.429699,-0.630956
1.78252,1.435838,-0.633587
1.788951,1.435545,-0.628471
1.781935,1.432622,-0.62891
1.780181,1.429699,-0.62584
1.79012,1.425022,-0.62774
1.779597,1.42736,-0.624525
1.78252,1.422391,-0.630371
1.785735,1.421806,-0.640164
1.788951,1.420637,-0.61824
1.790997,1.42473,-0.623648
1.79012,1.422976,-0.629933
1.789535,1.41976,-0.632271
1.787781,1.420637,-0.63271
1.793043,1.41713,-0.62891
1.784858,1.415083,-0.630517
1.788951,1.414499,-0.629787
1.790412,1.414791,-0.62891
1.791289,1.412745,-0.619848
1.798597,1.410114,-0.626133
1.797428,1.418591,-0.62131
1.791581,1.41596,-0.615609
1.788074,1.414206,-0.617802
1.789828,1.405437,-0.613856
1.789535,1.41216,-0.615463
1.792751,1.408652,-0.62394
1.790704,1.409529,-0.613709
1.788951,1.413622,-0.620725
1.785151,1.40836,-0.614879
1.793043,1.411576,-0.612832
1.793628,1.417422,-0.622479
1.78632,1.410699,-0.615463
1.798305,1.418883,-0.616194
1.791289,1.413037,-0.615171
1.793335,1.41713,-0.611809
1.798597,1.410406,-0.612248
1.791581,1.407776,-0.625402
1.793043,1.410699,-0.60874
1.790997,1.405729,-0.60684
1.795089,1.403683,-0.604502
1.798597,1.411283,-0.612979
1.788951,1.406314,-0.604648
1.790704,1.408068,-0.62014
1.791289,1.409237,-0.623356
1.792166,1.40836,-0.608448
1.789535,1.410991,-0.604355
1.793628,1.410114,-0.613709
1.788951,1.404268,-0.615171
1.792751,1.40456,-0.607279
1.793628,1.405437,-0.614586
1.796258,1.410699,-0.615317
1.795089,1.410699,-0.606694
1.799766,1.411576,-0.615317
1.793628,1.413622,-0.609325
1.794505,1.40836,-0.623648
1.788366,1.403098,-0.619848
1.792751,1.414791,-0.617509
1.792166,1.406899,-0.61634
1.795381,1.413037,-0.610786
1.794212,1.407191,-0.62131
1.791581,1.413622,-0.616194
1.794797,1.415376,-0.61254
1.786612,1.411868,-0.612832
1.800058,1.411283,-0.62014
1.792751,1.405437,-0.611663
1.799182,1.413622,-0.615025
1.790997,1.404852,-0.617217
1.790412,1.408068,-0.620871
1.788074,1.412452,-0.620433
1.785151,1.403975,-0.616779
1.79392,1.408945,-0.612979
1.789535,1.406022,-0.605086
1.787781,1.405437,-0.603478
1.79392,1.411868,-0.605086
1.797135,1.408068,-0.615609
1.791874,1.405437,-0.609179
1.789243,1.406022,-0.616048
1.790412,1.403098,-0.603478
1.800058,1.409237,-0.625256
1.789828,1.40456,-0.611079
1.78632,1.408652,-0.611809
1.798889,1.416253,-0.608009
1.787489,1.403975,-0.615902
1.794505,1.406899,-0.617071
1.798597,1.411868,-0.610494
1.787781,1.408652,-0.600555
1.796258,1.401637,-0.611225
1.793335,1.410699,-0.606694
1.788658,1.40456,-0.611225
1.792751,1.412452,-0.61824
1.792458,1.408068,-0.62131
1.79392,1.406314,-0.61444
1.791581,1.407191,-0.614002
1.800935,1.418883,-0.617363
1.795674,1.410406,-0.622186
1.791874,1.409822,-0.613856
1.795966,1.409237,-0.613271
1.792166,1.407191,-0.610348
1.793628,1.409237,-0.615609
1.793043,1.405437,-0.609325
1.788951,1.405729,-0.609032
1.805028,1.408945,-0.60874
1.797428,1.412745,-0.611079
1.798012,1.407191,-0.61824
1.799474,1.404852,-0.615463
1.797135,1.40076,-0.618533
1.795089,1.402514,-0.61634
1.788658,1.397545,-0.608009
1.798889,1.401052,-0.610056
1.797428,1.406606,-0.615025
1.794797,1.408945,-0.605379
1.802689,1.406022,-0.613271
1.793043,1.406606,-0.626133
1.793628,1.400175,-0.599825
1.787781,1.403098,-0.615463
1.794797,1.406314,-0.607279
1.796258,1.412452,-0.613417
1.794797,1.413037,-0.611956
1.796258,1.410406,-0.618094
1.793628,1.415376,-0.617948
1.794212,1.411576,-0.608886
1.790704,1.405145,-0.607132
1.795089,1.405729,-0.618386
1.793043,1.399883,-0.605086
1.792166,1.408652,-0.611809
1.791581,1.406899,-0.612979
1.79392,1.413037,-0.617802
1.794212,1.405145,-0.611663
1.796843,1.405729,-0.61064
1.79772,1.409237,-0.623794
1.798597,1.409237,-0.604502
1.792458,1.411868,-0.607571
1.795966,1.406899,-0.606694
1.79012,1.409529,-0.609909
1.789243,1.402514,-0.622186
1.790704,1.408652,-0.605086
1.790997,1.406022,-0.610786
1.794505,1.411283,-0.610056
1.792166,1.406899,-0.615171
1.792751,1.410699,-0.604648
1.795381,1.409529,-0.613563
1.796258,1.403098,-0.609032
1.793628,1.40456,-0.609471
1.803274,1.408945,-0.609325
1.79392,1.40836,-0.611517
1.802397,1.402514,-0.604794
1.795966,1.41216,-0.607717
1.794212,1.408652,-0.61064
1.796843,1.41216,-0.612979
1.798012,1.418883,-0.610932
1.800351,1.409529,-0.610786
1.79772,1.407483,-0.612102
1.800351,1.410406,-0.611663
1.802982,1.412452,-0.610056
1.798889,1.414206,-0.601725
1.797428,1.409237,-0.61444
1.794505,1.409237,-0.613125
1.798305,1.40456,-0.602894
1.764689,1.401929,-0.615317
1.762643,1.408068,-0.606548
1.797428,1.407483,-0.616925
1.795381,1.411868,-0.610494
1.795674,1.408945,-0.604209
1.796258,1.414206,-0.615025
1.793628,1.415083,-0.612979
1.79772,1.408945,-0.615171
1.803566,1.409237,-0.60114
1.796551,1.410406,-0.605086
1.787489,1.401637,-0.60494
1.790704,1.411868,-0.612832
1.793628,1.413037,-0.61064
1.79772,1.406606,-0.609032
1.792458,1.412452,-0.608009
1.795966,1.408652,-0.598655
1.798305,1.411868,-0.600848
1.802689,1.408652,-0.611225
1.796551,1.40456,-0.605525
1.79012,1.408068,-0.613417
1.796258,1.409822,-0.618533
1.796843,1.406606,-0.607571
1.792166,1.409529,-0.610056
1.788658,1.413329,-0.612394
1.795966,1.410406,-0.610202
1.795674,1.402806,-0.608302
1.798012,1.40836,-0.60304
1.79392,1.412452,-0.610056
1.792166,1.409529,-0.61824
1.800058,1.415668,-0.613271
1.792166,1.403975,-0.612102
1.798012,1.413329,-0.611663
1.788951,1.407483,-0.604794
1.794797,1.410114,-0.613271
1.793335,1.405729,-0.618679
1.791874,1.410406,-0.603186
1.786027,1.410699,-0.611079
1.791289,1.407483,-0.612248
1.793043,1.403391,-0.613856
1.791581,1.409237,-0.605963
1.799182,1.407776,-0.618386
1.794797,1.412745,-0.615171
1.79772,1.413037,-0.614586
1.795089,1.415668,-0.605232
1.793335,1.404268,-0.611079
1.789828,1.413622,-0.610932
1.794505,1.413037,-0.60684
1.792751,1.409822,-0.618679
1.796551,1.408945,-0.602163
1.792166,1.407776,-0.608594
1.790997,1.414499,-0.612686
1.790997,1.406606,-0.619848
1.795089,1.403975,-0.615756
1.793628,1.410699,-0.618825
1.788074,1.408652,-0.616194
1.794212,1.412452,-0.62394
1.795381,1.410991,-0.607279
1.79392,1.413329,-0.606694
1.794212,1.409237,-0.609471
1.79392,1.406899,-0.608594
1.793628,1.408945,-0.618679
1.792166,1.410991,-0.602602
1.796258,1.410114,-0.610494
1.792458,1.408945,-0.611371
1.797428,1.407776,-0.624233
1.793628,1.415376,-0.615609
1.80152,1.40456,-0.614294
1.796551,1.409237,-0.612979
1.794797,1.408945,-0.612248
1.794797,1.413329,-0.608155
1.796843,1.409822,-0.604355
1.794797,1.401929,-0.611956
1.796843,1.411283,-0.605379
1.797428,1.405437,-0.605086
1.797135,1.411283,-0.618386
1.788951,1.40456,-0.617071
1.78632,1.402806,-0.604063
1.792458,1.41596,-0.609617
1.792166,1.409822,-0.615463
1.794212,1.409822,-0.610348
1.793628,1.409822,-0.608302
1.795966,1.413914,-0.604063
1.790997,1.403391,-0.621017
1.799182,1.409237,-0.610494
1.793335,1.399591,-0.618679
1.796843,1.401637,-0.607279
1.792166,1.405145,-0.605232
1.792751,1.409237,-0.611225
1.793335,1.410114,-0.609617
1.793628,1.405145,-0.600702
1.791289,1.403975,-0.606986
1.795674,1.402222,-0.599532
1.787489,1.406606,-0.601578
1.791874,1.401637,-0.60684
1.789243,1.409237,-0.617948
1.789828,1.412745,-0.610494
1.794797,1.399006,-0.610348
1.785735,1.408945,-0.609471
1.791289,1.399298,-0.609325
1.795674,1.409529,-0.601286
1.798012,1.408652,-0.606109
1.787489,1.407191,-0.607863
1.788366,1.397545,-0.611956
1.75855,1.405729,-0.611517
1.790997,1.404852,-0.601578
1.791874,1.409237,-0.609763
1.793043,1.405145,-0.600409
1.783104,1.407483,-0.598948
1.790412,1.403975,-0.599825
1.791874,1.406314,-0.595878
1.794797,1.418299,-0.609617
1.796843,1.409237,-0.60494
1.788074,1.413329,-0.601286
1.793043,1.408652,-0.612832
1.795674,1.412745,-0.609763
1.790997,1.405729,-0.60304
1.790704,1.413329,-0.605671
1.790412,1.402222,-0.595294
1.798305,1.401637,-0.604063
1.791874,1.41713,-0.602748
1.795674,1.405145,-0.604063
1.787781,1.409237,-0.605232
1.796258,1.406314,-0.605817
1.795674,1.405437,-0.611663
1.793335,1.403391,-0.607863
1.790997,1.412745,-0.599532
1.79392,1.409237,-0.604794
1.786027,1.405145,-0.60304
1.794505,1.410699,-0.59924
1.786027,1.412452,-0.610056
1.794505,1.401052,-0.601286
1.788366,1.410114,-0.610202
1.790997,1.410699,-0.608594
1.789535,1.405145,-0.606255
1.796258,1.412745,-0.602894
1.799182,1.402514,-0.612102
1.796258,1.410406,-0.606255
1.793043,1.403098,-0.60304
1.790997,1.414791,-0.612979
1.786904,1.407483,-0.606986
1.795674,1.408652,-0.611225
1.794505,1.406606,-0.607132
1.785735,1.40836,-0.60684
1.790997,1.406899,-0.608155
1.793335,1.405437,-0.599971
1.793628,1.405437,-0.608594
1.791289,1.413037,-0.609032
1.789828,1.410699,-0.614586
1.794505,1.405729,-0.605379
1.795381,1.414791,-0.607132
1.790997,1.403098,-0.610056
1.793043,1.412452,-0.604063
1.787781,1.412745,-0.606255
1.791581,1.408652,-0.614148
1.789535,1.410699,-0.60874
1.787489,1.409529,-0.619117
1.789243,1.40836,-0.619263
1.794505,1.406606,-0.614294
1.795966,1.407776,-0.607571
1.789243,1.410991,-0.612979
1.793628,1.402222,-0.611517
1.787489,1.408068,-0.604355
1.80152,1.41216,-0.609909
1.800935,1.406606,-0.608448
1.800643,1.398714,-0.605671
1.796258,1.40076,-0.615609
1.798597,1.407776,-0.60684
1.791289,1.405145,-0.611663
1.788951,1.406022,-0.607279
1.79772,1.409237,-0.612832
1.793628,1.412452,-0.606548
1.788951,1.406606,-0.607863
1.798597,1.408068,-0.606255
1.792166,1.403391,-0.612102
1.79392,1.413329,-0.608302
1.793335,1.404852,-0.620871
1.794505,1.410991,-0.605232
1.794797,1.409529,-0.602309
1.793628,1.406606,-0.607717
1.793628,1.406899,-0.600409
1.794505,1.40836,-0.613417
1.795089,1.410114,-0.607425
1.783397,1.413329,-0.609763
1.792751,1.40456,-0.609471
1.791581,1.407483,-0.615463
1.794212,1.403098,-0.609763
1.795381,1.404268,-0.61941
1.797135,1.408068,-0.611079
1.794505,1.410699,-0.609325
1.793335,1.403683,-0.607571
1.790704,1.410114,-0.60494
1.788074,1.408945,-0.614294
1.799766,1.405145,-0.610348
1.793628,1.401929,-0.607717
1.790704,1.410991,-0.609179
1.802397,1.407776,-0.593978
1.791874,1.405437,-0.608155
1.802689,1.406899,-0.605086
1.789535,1.40456,-0.601578
1.79392,1.402514,-0.600409
1.79012,1.40456,-0.604355
1.799766,1.403098,-0.609617
1.793335,1.402806,-0.616486
1.796258,1.399591,-0.603186
1.785443,1.407191,-0.620433
1.792166,1.414206,-0.596901
1.795089,1.410114,-0.614586
1.794505,1.416253,-0.611225
1.791874,1.407776,-0.614148
1.78632,1.410406,-0.616779
1.784566,1.407483,-0.602455
1.787781,1.408652,-0.609471
1.790704,1.415083,-0.604355
1.797135,1.407776,-0.61064
1.788951,1.410406,-0.609909
1.794505,1.411283,-0.60494
1.793628,1.409529,-0.618533
1.78632,1.408068,-0.608448
1.793628,1.403683,-0.615171
1.788951,1.410991,-0.606402
1.787489,1.409237,-0.609617
1.788366,1.401929,-0.623794
1.793043,1.410114,-0.613856
1.792751,1.409237,-0.607571
1.793043,1.403683,-0.610348
1.792166,1.407776,-0.601871
1.792458,1.406022,-0.608594
1.790412,1.418006,-0.609325
1.794505,1.410699,-0.60684
1.790997,1.414206,-0.610786
1.796551,1.403391,-0.612686
1.794212,1.406606,-0.612248
1.789828,1.406022,-0.606694
1.789535,1.403098,-0.606548
1.789535,1.39696,-0.601286
1.793628,1.40456,-0.617656
1.790412,1.410699,-0.615025
1.789535,1.407776,-0.621894
1.787781,1.401052,-0.61634
1.789828,1.407483,-0.611079
1.789243,1.399883,-0.60874
1.792751,1.40836,-0.611079
1.792751,1.402222,-0.619848
1.788951,1.404268,-0.60304
1.792751,1.401637,-0.615317
1.791289,1.402806,-0.610202
1.791289,1.405729,-0.620725
1.791581,1.401052,-0.608009
1.79012,1.403683,-0.608302
1.786612,1.410991,-0.616925
1.790412,1.403683,-0.607425
1.787489,1.405145,-0.612979
1.783689,1.402222,-0.621017
1.787781,1.402222,-0.621163
1.789535,1.401052,-0.624817
1.790997,1.402806,-0.624233
1.780766,1.405729,-0.604502
1.788951,1.401345,-0.609179
1.784274,1.400468,-0.614148
1.787197,1.399006,-0.611517
1.794212,1.400175,-0.61064
1.783689,1.406022,-0.617656
1.791289,1.407776,-0.621163
1.794505,1.404852,-0.605379
1.789535,1.409529,-0.608009
1.788951,1.404268,-0.612686
1.793628,1.406606,-0.611663
1.79012,1.406314,-0.606255
1.788658,1.402514,-0.613563
1.792166,1.40836,-0.608155
1.795966,1.40456,-0.614879
1.794212,1.406022,-0.618533
1.797135,1.404852,-0.601725
1.800935,1.402806,-0.607279
1.795381,1.404852,-0.618679
1.792751,1.401637,-0.612979
1.790412,1.405437,-0.623063
1.798305,1.408068,-0.615317
1.794505,1.401345,-0.622771
1.791581,1.409529,-0.612832
1.793335,1.416253,-0.616925
1.796551,1.416253,-0.609032
1.797428,1.407776,-0.620725
1.795966,1.406314,-0.612979
1.795966,1.407776,-0.612102
1.789828,1.404852,-0.616925
1.79772,1.401052,-0.617948
1.791581,1.405437,-0.615171
1.791289,1.407776,-0.622186
1.793043,1.408945,-0.61444
1.787781,1.405729,-0.619994
1.791874,1.401929,-0.618679
1.795966,1.408068,-0.616486
1.79772,1.403683,-0.611809
1.783689,1.403975,-0.609763
1.794797,1.408945,-0.61064
1.79772,1.407483,-0.622333
1.792166,1.40456,-0.613417
1.794797,1.40456,-0.624963
1.795966,1.404852,-0.617217
1.782227,1.40076,-0.612832
1.794797,1.411283,-0.614148
1.792458,1.395498,-0.607571
1.788951,1.400468,-0.612832
1.795674,1.403683,-0.610056
1.795674,1.409237,-0.605232
1.788951,1.394914,-0.620286
1.796843,1.405437,-0.609471
1.792751,1.409822,-0.610494
1.792166,1.406314,-0.606694
1.791581,1.404852,-0.613709
1.792751,1.408945,-0.602455
1.795381,1.406899,-0.599825
1.787781,1.401637,-0.618094
1.791289,1.406314,-0.614148
1.786612,1.406606,-0.603332
1.785443,1.404268,-0.615025
1.788951,1.402514,-0.611809
1.794505,1.410699,-0.621017
1.799182,1.41596,-0.617656
1.793043,1.406606,-0.615609
1.795674,1.406022,-0.607717
1.791581,1.40836,-0.607717
1.793628,1.416545,-0.609179
1.797135,1.401929,-0.617363
1.798597,1.410699,-0.608448
1.790704,1.401929,-0.616048
1.796843,1.402514,-0.621456
1.792751,1.398422,-0.61254
1.792458,1.39696,-0.615902
1.787781,1.404268,-0.612394
1.796843,1.406022,-0.608594
1.796551,1.400175,-0.605086
1.793043,1.405729,-0.622917
1.795674,1.404268,-0.608009
1.791289,1.412745,-0.622771
1.788658,1.437299,-0.637971
1.768196,1.460976,-0.665156
1.742181,1.489623,-0.694534
1.742765,1.503069,-0.731365
1.733119,1.513885,-0.759427
1.726103,1.491669,-0.778135
1.739258,1.476761,-0.796258
1.736334,1.462146,-0.801374
1.74335,1.447822,-0.801082
1.74335,1.427945,-0.796989
1.752119,1.415668,-0.793043
1.764396,1.394621,-0.790997
1.768196,1.380298,-0.784274
1.766735,1.363052,-0.772289
1.77492,1.352236,-0.762643
1.785735,1.333236,-0.76995
1.788658,1.33879,-0.755189
1.793628,1.317159,-0.760012
1.790412,1.305174,-0.747588
1.793043,1.29962,-0.756942
1.794797,1.29962,-0.753435
1.803566,1.289097,-0.747442
1.813797,1.278281,-0.732827
1.807951,1.27945,-0.74145
1.807074,1.278281,-0.733996
1.813505,1.275943,-0.733704
1.813505,1.270681,-0.738819
1.821105,1.266004,-0.723034
1.818766,1.265419,-0.720988
1.815259,1.261327,-0.730488
1.82169,1.261619,-0.726396
1.821982,1.257235,-0.727419
1.822274,1.248173,-0.719673
1.828413,1.248758,-0.713242
1.819936,1.248465,-0.729904
1.819059,1.249342,-0.70988
1.820813,1.248465,-0.711926
1.825197,1.239111,-0.724788
1.825782,1.247588,-0.714703
1.819059,1.242619,-0.731657
1.82052,1.238819,-0.711049
1.823443,1.244081,-0.713534
1.823443,1.235311,-0.703888
1.835428,1.244665,-0.713096
1.825782,1.243788,-0.714119
1.826367,1.253142,-0.712072
1.819936,1.244958,-0.74335
1.823151,1.241158,-0.709588
1.818474,1.245835,-0.703303
1.82549,1.239404,-0.703011
1.82169,1.242034,-0.700234
1.831628,1.242327,-0.703011
1.825782,1.246711,-0.70418
1.815843,1.235019,-0.709734
1.827536,1.237357,-0.700965
1.828705,1.23385,-0.698041
1.822859,1.244958,-0.708419
1.830459,1.245835,-0.703011
1.863198,1.239404,-0.713388
1.826074,1.237357,-0.704472
1.822274,1.236188,-0.700965
1.825782,1.242034,-0.700526
1.816136,1.235311,-0.69468
1.82432,1.237065,-0.697165
1.818474,1.238234,-0.700088
1.82812,1.23385,-0.710026
1.815551,1.233265,-0.699942
1.822567,1.233557,-0.704619
1.826951,1.241158,-0.709296
1.823736,1.240573,-0.69658
1.825197,1.24145,-0.693657
1.826074,1.233557,-0.704326
1.82052,1.240865,-0.699065
1.819351,1.235896,-0.693949
1.815551,1.236773,-0.702572
1.823443,1.233557,-0.709734
1.819351,1.239696,-0.704034
1.824905,1.238527,-0.701695
1.819643,1.239696,-0.702426
1.834844,1.238527,-0.69848
1.822567,1.236188,-0.695265
1.82432,1.236188,-0.705934
1.82169,1.242911,-0.69658
1.829582,1.239696,-0.700234
1.824028,1.249927,-0.695703
1.821397,1.241158,-0.699942
1.81672,1.234142,-0.691172
1.824613,1.234142,-0.703595
1.826074,1.235604,-0.702572
1.822567,1.234434,-0.694972
1.819643,1.234727,-0.690441
1.826951,1.239404,-0.695703
1.830167,1.235896,-0.699503
1.831044,1.241742,-0.701695
1.829582,1.243204,-0.705934
1.826367,1.239404,-0.706665
1.826659,1.238819,-0.708272
1.82929,1.240281,-0.701695
1.829874,1.243204,-0.714411
1.837182,1.232096,-0.702134
1.82549,1.236481,-0.704034
1.829582,1.241742,-0.706372
1.83309,1.242327,-0.699065
1.833382,1.244373,-0.707834
1.830167,1.237357,-0.703449
1.82929,1.233265,-0.720111
1.828705,1.238527,-0.706226
1.836305,1.240573,-0.698188
1.831628,1.242911,-0.705203
1.830459,1.239111,-0.71178
1.833674,1.238234,-0.710465
1.870213,1.236481,-0.713388
1.831628,1.235896,-0.710026
1.82169,1.242034,-0.707688
1.835136,1.236481,-0.70418
1.834844,1.237942,-0.705057
1.833382,1.240573,-0.703303
1.832505,1.244081,-0.70988
1.833967,1.242619,-0.705495
1.827243,1.231511,-0.700818
1.833967,1.245835,-0.704911
1.833382,1.239111,-0.697018
1.830167,1.242911,-0.693218
1.821105,1.241158,-0.694826
1.826367,1.244665,-0.708126
1.836597,1.236481,-0.702572
1.82812,1.239111,-0.711049
1.831336,1.237065,-0.693365
1.830167,1.242327,-0.708126
1.828705,1.238819,-0.699795
1.82549,1.237942,-0.710611
1.825782,1.240573,-0.708565
1.830167,1.244958,-0.703595
1.830751,1.246419,-0.702865
1.827243,1.247296,-0.705057
1.825782,1.237942,-0.711049
1.829874,1.24525,-0.704472
1.823443,1.240281,-0.711926
1.836597,1.24145,-0.713388
1.826074,1.236481,-0.702134
1.831044,1.230342,-0.699503
1.834259,1.23385,-0.713242
1.835428,1.235311,-0.701842
1.826951,1.235896,-0.702426
1.82549,1.232973,-0.713388
1.831628,1.230927,-0.709149
1.828413,1.239404,-0.702718
1.82812,1.241742,-0.701842
1.832213,1.242034,-0.718065
1.835721,1.238234,-0.712072
1.828413,1.24525,-0.707542
1.832213,1.242327,-0.70608
1.825782,1.239404,-0.703742
1.830167,1.245542,-0.712511
1.831336,1.243204,-0.700234
1.826074,1.240865,-0.674949
1.830167,1.244373,-0.707103
1.831336,1.240281,-0.710611
1.827243,1.243788,-0.699065
1.828413,1.242911,-0.707834
1.835428,1.240573,-0.695849
1.829582,1.242911,-0.707542
1.835428,1.244081,-0.712365
1.836305,1.243204,-0.712072
1.828705,1.24145,-0.710319
1.830751,1.244958,-0.697165
1.831044,1.237357,-0.702572
1.831921,1.240865,-0.701988
1.827828,1.240573,-0.695265
1.831044,1.230342,-0.709442
1.822567,1.239404,-0.700965
1.824028,1.233557,-0.703303
1.826367,1.241742,-0.710465
1.832505,1.236481,-0.707103
1.823443,1.238819,-0.698918
1.827243,1.240865,-0.698188
1.821982,1.24145,-0.696872
1.828705,1.239988,-0.699357
1.828705,1.235019,-0.69658
1.823151,1.244081,-0.698334
1.825197,1.237065,-0.713826
1.828997,1.241158,-0.702865
1.832213,1.237065,-0.705934
1.833382,1.23765,-0.697895
1.830167,1.241158,-0.698334
1.831628,1.243788,-0.708565
1.827536,1.24145,-0.699357
1.829874,1.239111,-0.706957
1.830167,1.243496,-0.709296
1.825197,1.244081,-0.711488
1.842151,1.243496,-0.702865
1.838351,1.245542,-0.704472
1.830751,1.239111,-0.702865
1.828997,1.237065,-0.693218
1.839813,1.244665,-0.700672
1.833382,1.241742,-0.708565
1.833382,1.25285,-0.697018
1.831628,1.238527,-0.703011
1.829582,1.242034,-0.708419
1.834259,1.241158,-0.710026
1.834551,1.244373,-0.740134
1.827828,1.235019,-0.700234
1.824613,1.241158,-0.698918
1.821397,1.243496,-0.696726
1.82052,1.244665,-0.713388
1.824028,1.245835,-0.696141
1.826367,1.242619,-0.696726
1.82812,1.245835,-0.701988
1.829874,1.239988,-0.695411
1.82929,1.243204,-0.710319
1.826951,1.238527,-0.698041
1.822274,1.236481,-0.696141
1.824613,1.240573,-0.712072
1.830167,1.237942,-0.698041
1.829874,1.24145,-0.707249
1.828997,1.235311,-0.706372
1.833382,1.238234,-0.702572
1.831628,1.235311,-0.707395
1.831044,1.24145,-0.696872
1.83689,1.238527,-0.70038
1.833967,1.240573,-0.697165
1.838351,1.240281,-0.693657
1.828413,1.239988,-0.703303
1.82812,1.241158,-0.709149
1.827536,1.243204,-0.706226
1.827536,1.240573,-0.702718
1.827243,1.245835,-0.700088
1.832797,1.242327,-0.702134
1.828705,1.240573,-0.700965
1.832213,1.238819,-0.70228
1.831336,1.237942,-0.712219
1.835136,1.232388,-0.694826
1.834551,1.242911,-0.699795
1.82549,1.245835,-0.694095
1.832213,1.247004,-0.697603
1.824028,1.238234,-0.697311
1.830167,1.238234,-0.702718
1.830459,1.233557,-0.693365
1.831044,1.240281,-0.698626
1.834551,1.232973,-0.695995
1.827828,1.236188,-0.700526
1.829582,1.244081,-0.704911
1.828997,1.235896,-0.698918
1.827536,1.239404,-0.708711
1.826367,1.242327,-0.693949
1.831628,1.237942,-0.695995
1.832797,1.241158,-0.700088
1.83309,1.242327,-0.699211
1.830751,1.239988,-0.695995
1.823736,1.239111,-0.689857
1.826367,1.234727,-0.705642
1.82549,1.248173,-0.708272
1.82812,1.244958,-0.707542
1.796551,1.240573,-0.697165
1.828997,1.237065,-0.711196
1.82812,1.239988,-0.701111
1.82929,1.232096,-0.69658
1.820813,1.243788,-0.707395
1.823443,1.234434,-0.701403
1.825782,1.239988,-0.700965
1.824905,1.241742,-0.698918
1.830167,1.233265,-0.696434
1.834844,1.237942,-0.705349
1.818182,1.266589,-0.722011
1.795966,1.308389,-0.744811
1.776381,1.349605,-0.763666
1.755335,1.407483,-0.77375
1.747735,1.446653,-0.783543
1.729319,1.483484,-0.773604
1.727273,1.501023,-0.779743
1.728734,1.516516,-0.771704
1.730488,1.514762,-0.752704
1.733704,1.516808,-0.734288
1.738965,1.509792,-0.710172
1.747735,1.502777,-0.699795
1.75095,1.494008,-0.684449
1.753289,1.48553,-0.673195
1.75475,1.460099,-0.662526
1.771412,1.459222,-0.655656
1.77492,1.439638,-0.639579
1.787781,1.420053,-0.617217
1.788366,1.409237,-0.616925
1.793628,1.403975,-0.612686
1.793335,1.399298,-0.597778
1.809412,1.382637,-0.591786
1.811459,1.361298,-0.581409
1.818474,1.357206,-0.58097
1.824905,1.349021,-0.56767
1.82169,1.33879,-0.560216
1.828997,1.338498,-0.574978
1.832797,1.32242,-0.566355
1.834551,1.320666,-0.554955
1.838059,1.31102,-0.555832
1.839228,1.293189,-0.541362
1.844198,1.289097,-0.551885
1.843321,1.289097,-0.553639
1.843905,1.282374,-0.547647
1.851213,1.271266,-0.531424
1.848582,1.273604,-0.539462
1.852967,1.275066,-0.552762
1.851505,1.26425,-0.541801
1.852967,1.270389,-0.538878
1.858521,1.267466,-0.527039
1.864075,1.256942,-0.53157
1.865536,1.260742,-0.524408
1.863198,1.250219,-0.534201
1.857936,1.246711,-0.530693
1.865244,1.246127,-0.516516
1.862613,1.242327,-0.531277
1.861152,1.236773,-0.536539
1.866121,1.23765,-0.535077
1.871675,1.23765,-0.534785
1.866413,1.240865,-0.529085
1.859398,1.23765,-0.527623
1.859982,1.239404,-0.540485
1.866413,1.233557,-0.533762
1.860859,1.237065,-0.533031
1.863198,1.23005,-0.521923
1.868752,1.234142,-0.534931
1.870213,1.22888,-0.521777
1.866998,1.232973,-0.534347
1.86729,1.225957,-0.533908
1.864075,1.22128,-0.535516
1.870506,1.226542,-0.534785
1.873137,1.229757,-0.529962
1.875767,1.228296,-0.535224
1.872552,1.22625,-0.524262
1.874598,1.22128,-0.534054
1.871675,1.22625,-0.5285
1.87489,1.220403,-0.524262
1.869336,1.220403,-0.52587
1.865829,1.221865,-0.537124
1.871967,1.223327,-0.533031
1.867583,1.219819,-0.5304
1.880152,1.222157,-0.52587
1.87226,1.223034,-0.522947
1.870213,1.224203,-0.527331
1.873429,1.221573,-0.537416
1.877813,1.22245,-0.529962
1.873137,1.217773,-0.527477
1.866706,1.219526,-0.538439
1.871383,1.222742,-0.523385
1.880444,1.217773,-0.532447
1.873429,1.218065,-0.539901
1.873429,1.217773,-0.539901
1.869629,1.220403,-0.521631
1.873721,1.222157,-0.525285
1.863783,1.216603,-0.528208
1.867583,1.21748,-0.526454
1.872552,1.219526,-0.524847
1.872552,1.220111,-0.514616
1.86729,1.220988,-0.523239
1.87489,1.217188,-0.52777
1.87606,1.21865,-0.5209
1.866121,1.216019,-0.529377
1.873137,1.215434,-0.52397
1.866998,1.222742,-0.533762
1.873137,1.214557,-0.5323
1.863783,1.219526,-0.516516
1.870213,1.219819,-0.524408
1.861444,1.219526,-0.525431
1.868167,1.214557,-0.526308
1.864952,1.214265,-0.524554
1.872844,1.21748,-0.525285
1.870798,1.220403,-0.530254
1.868167,1.219526,-0.514616
1.866706,1.215142,-0.537416
1.867583,1.221573,-0.532154
1.871383,1.218942,-0.519
1.872844,1.218942,-0.524408
1.869044,1.21748,-0.518123
1.867583,1.220111,-0.520462
1.873137,1.214849,-0.532739
1.863783,1.215142,-0.529377
1.877521,1.223619,-0.533324
1.869336,1.215142,-0.521777
1.871967,1.220111,-0.527477
1.869044,1.221573,-0.524116
1.867875,1.21368,-0.5323
1.87606,1.217773,-0.526162
1.869921,1.221573,-0.535954
1.877229,1.219819,-0.523239
1.87109,1.225665,-0.528354
1.873137,1.220403,-0.537124
1.868752,1.226834,-0.52017
1.903537,1.218357,-0.52967
1.865829,1.215434,-0.524262
1.862613,1.214849,-0.527477
1.875767,1.217188,-0.514762
1.87226,1.21748,-0.517685
1.875183,1.219526,-0.53727
1.872552,1.215434,-0.525431
1.88366,1.214849,-0.517831
1.87109,1.223034,-0.528939
1.863783,1.220988,-0.523385
1.875767,1.21748,-0.531862
1.877813,1.222742,-0.52587
1.877813,1.216603,-0.520608
1.875183,1.222157,-0.535808
1.874013,1.219234,-0.52777
1.869921,1.219526,-0.519293
1.874306,1.216896,-0.520462
1.87489,1.217773,-0.524408
1.873429,1.22508,-0.523239
1.865244,1.218357,-0.526747
1.872552,1.226542,-0.521923
1.868167,1.218942,-0.5266
1.866706,1.213096,-0.527623
1.868752,1.219234,-0.523531
1.873429,1.22128,-0.529085
1.870798,1.22245,-0.522654
1.874306,1.217188,-0.519439
1.876644,1.215726,-0.530839
1.876937,1.213973,-0.535954
1.881029,1.227127,-0.531716
1.883367,1.214849,-0.53157
1.863783,1.216603,-0.5266
1.875183,1.22128,-0.529524
1.87606,1.220696,-0.529377
1.877813,1.220696,-0.527916
1.870798,1.220111,-0.489038
1.869044,1.226542,-0.492692
1.863198,1.222742,-0.518562
1.869921,1.218065,-0.557001
1.867875,1.22245,-0.552032
1.869044,1.219234,-0.530254
1.869044,1.218065,-0.529816
1.871967,1.220988,-0.528062
1.870798,1.21748,-0.534639
1.876352,1.223911,-0.533324
1.878983,1.215726,-0.524847
1.875475,1.221573,-0.521485
1.877521,1.220988,-0.519146
1.868167,1.219819,-0.52967
1.870798,1.215434,-0.519
1.869044,1.215726,-0.523531
1.872552,1.217773,-0.518123
1.874306,1.219819,-0.505846
1.869044,1.220403,-0.519
1.877229,1.220696,-0.524847
1.877813,1.217773,-0.523531
1.873429,1.21865,-0.520316
1.875183,1.22128,-0.523093
1.87489,1.219819,-0.52587
1.870506,1.220988,-0.529816
1.878398,1.217773,-0.5266
1.879567,1.219819,-0.518416
1.874306,1.218942,-0.527623
1.867875,1.214849,-0.523239
1.874306,1.218357,-0.525139
1.87226,1.214557,-0.529085
1.878106,1.218942,-0.536977
1.875767,1.223619,-0.529231
1.876644,1.221573,-0.5247
1.878106,1.22508,-0.520608
1.87986,1.221573,-0.514762
1.876937,1.217773,-0.518123
1.874013,1.219526,-0.52777
1.874013,1.22128,-0.52017
1.875475,1.219234,-0.5266
1.876937,1.219234,-0.526162
1.87226,1.220696,-0.531716
1.874306,1.21748,-0.516516
1.87109,1.21865,-0.521339
1.875183,1.220111,-0.533762
1.874598,1.210757,-0.524116
1.872552,1.221573,-0.527039
1.870506,1.214557,-0.5209
1.871967,1.221573,-0.528939
1.875767,1.218357,-0.524262
1.875183,1.219526,-0.527185
1.87606,1.221573,-0.4962
1.870213,1.216019,-0.527331
1.87109,1.220403,-0.518708
1.877521,1.225373,-0.519293
1.866998,1.219819,-0.524847
1.870213,1.220988,-0.5285
1.877229,1.21368,-0.518123
1.872844,1.22625,-0.529231
1.87109,1.222742,-0.526747
1.871383,1.221573,-0.521339
1.867875,1.218942,-0.518854
1.874306,1.215142,-0.515493
1.871675,1.219234,-0.529085
1.876644,1.217773,-0.5304
1.87606,1.214849,-0.521046
1.875767,1.214557,-0.521193
1.868752,1.217773,-0.519877
1.87986,1.219819,-0.522654
1.880152,1.219819,-0.517246
1.872552,1.215726,-0.535954
1.872552,1.209003,-0.517393
1.868752,1.214265,-0.524993
1.87489,1.220988,-0.519439
1.871967,1.211049,-0.530108
1.869629,1.215434,-0.513154
1.87109,1.215434,-0.517393
1.872552,1.216311,-0.524554
1.871967,1.219819,-0.523239
1.869044,1.211926,-0.523093
1.873721,1.211634,-0.520754
1.875183,1.226542,-0.530693
1.869336,1.213096,-0.529962
1.873429,1.21748,-0.540047
1.881614,1.210172,-0.534639
1.876352,1.221573,-0.525139
1.870213,1.228296,-0.526893
1.877229,1.215142,-0.52587
1.87109,1.21865,-0.522654
1.870506,1.222157,-0.525285
1.868459,1.216896,-0.519439
1.870213,1.214265,-0.524408
1.875183,1.218357,-0.523531
1.876352,1.21748,-0.534347
1.877229,1.22245,-0.5228
1.877521,1.22245,-0.491084
1.880152,1.215434,-0.5228
1.872844,1.214557,-0.529231
1.876937,1.212511,-0.522362
1.868459,1.223327,-0.516077
1.868752,1.217773,-0.52967
1.869629,1.215434,-0.524116
1.872844,1.216019,-0.528354
1.87489,1.22245,-0.5209
1.873137,1.211926,-0.52017
1.873429,1.224788,-0.524262
1.876352,1.224496,-0.520608
1.872552,1.216311,-0.521193
1.874013,1.213096,-0.526162
1.871675,1.21865,-0.5228
1.87109,1.215726,-0.52397
1.863783,1.214265,-0.522508
1.875183,1.217188,-0.520754
1.871675,1.215142,-0.528062
1.864367,1.213388,-0.518123
1.870506,1.218942,-0.521046
1.871383,1.214265,-0.521193
1.874598,1.21865,-0.525285
1.871967,1.215434,-0.523093
1.870798,1.218942,-0.529524
1.870798,1.214849,-0.518854
1.881029,1.215726,-0.526454
1.871383,1.219526,-0.5171
1.884537,1.216896,-0.52587
1.876937,1.21865,-0.532593
1.880737,1.212511,-0.5285
1.877229,1.218357,-0.529377
1.879567,1.216603,-0.515931
1.873429,1.213096,-0.5228
1.875475,1.220988,-0.530693
1.87489,1.216603,-0.528208
1.869629,1.219526,-0.515785
1.87869,1.216019,-0.510962
1.873721,1.211049,-0.524262
1.874013,1.22128,-0.530547
1.866413,1.223619,-0.524262
1.866121,1.217773,-0.520608
1.873137,1.223911,-0.521923
1.862321,1.220988,-0.525431
1.876644,1.218065,-0.516516
1.873137,1.211634,-0.518562
1.871383,1.214849,-0.559486
1.871383,1.227127,-0.525723
1.875183,1.217773,-0.524554
1.879567,1.217773,-0.522654
1.86729,1.212219,-0.53157
1.869044,1.216019,-0.522362
1.862029,1.22245,-0.522216
1.870213,1.219526,-0.512423
1.876937,1.218065,-0.510816
1.865829,1.216311,-0.525723
1.868752,1.220696,-0.531716
1.869629,1.221573,-0.523677
1.869044,1.22245,-0.528793
1.868167,1.213973,-0.522947
1.876937,1.217188,-0.517246
1.868459,1.215142,-0.529962
1.869336,1.22245,-0.519877
1.874598,1.219234,-0.522654
1.869921,1.216311,-0.519877
1.87226,1.21748,-0.5266
1.865829,1.221573,-0.515493
1.872552,1.221865,-0.52587
1.869921,1.216896,-0.5171
1.868167,1.220403,-0.524408
1.872552,1.213388,-0.523385
1.87109,1.215434,-0.519
1.87226,1.21748,-0.522508
1.869921,1.217188,-0.527477
1.871967,1.223327,-0.521339
1.868752,1.217188,-0.52967
1.869921,1.221573,-0.526893
1.875475,1.219234,-0.529377
1.864659,1.224203,-0.52587
1.868459,1.221573,-0.536539
1.867583,1.216603,-0.524554
1.87489,1.219234,-0.528793
1.873721,1.214265,-0.526308
1.87109,1.219526,-0.525577
1.87109,1.216896,-0.523239
1.871967,1.212803,-0.516369
1.868752,1.215434,-0.530254
1.871967,1.213096,-0.53347
1.862613,1.21865,-0.525431
1.874013,1.220988,-0.525285
1.875183,1.214849,-0.528793
1.868752,1.223327,-0.521046
1.873721,1.214265,-0.529231
1.873429,1.216019,-0.527477
1.906752,1.220403,-0.519146
1.871383,1.215434,-0.529085
1.866121,1.222157,-0.512716
1.867875,1.218065,-0.516808
1.87226,1.214557,-0.5247
1.870798,1.215726,-0.5285
1.862613,1.215434,-0.528939
1.868167,1.218065,-0.52207
1.864367,1.213388,-0.536247
1.873721,1.212803,-0.53537
1.87109,1.214557,-0.528647
1.870213,1.216896,-0.5323
1.864367,1.21748,-0.524847
1.875475,1.220403,-0.52207
1.874306,1.217773,-0.528062
1.882783,1.223034,-0.541947
1.874598,1.210465,-0.529231
1.879275,1.223327,-0.537708
1.880737,1.222742,-0.528793
1.868167,1.227419,-0.534054
1.873429,1.216896,-0.520316
1.872844,1.216603,-0.53347
1.872552,1.218942,-0.530108
1.874598,1.223327,-0.539608
1.878983,1.219819,-0.532739
1.879275,1.220696,-0.538001
1.875767,1.214265,-0.529816
1.868752,1.218942,-0.5266
1.877813,1.213388,-0.5171
1.876352,1.214849,-0.522947
1.869921,1.216311,-0.530547
1.868752,1.212511,-0.524847
1.866706,1.207249,-0.529962
1.868459,1.217773,-0.539608
1.874598,1.212219,-0.52587
1.873429,1.218357,-0.524847
1.869921,1.210465,-0.522508
1.871967,1.208711,-0.527331
1.874306,1.206372,-0.519731
1.870213,1.210172,-0.5304
1.872552,1.218942,-0.531716
1.876644,1.220403,-0.520023
1.882198,1.216311,-0.524116
1.871675,1.208126,-0.525139
1.876644,1.212803,-0.522947
1.878106,1.212803,-0.525577
1.867583,1.212803,-0.528208
1.877229,1.210757,-0.523823
1.874013,1.214557,-0.527477
1.872844,1.215142,-0.525431
1.873137,1.21748,-0.530693
1.874598,1.213973,-0.529962
1.877229,1.21368,-0.5323
1.87606,1.215142,-0.537416
1.876644,1.214265,-0.526893
1.87226,1.216896,-0.520316
1.869336,1.20988,-0.528062
1.876644,1.210757,-0.53537
1.870213,1.209588,-0.519877
1.881321,1.214849,-0.5266
1.871675,1.212511,-0.519439
1.868167,1.222157,-0.525139
1.866998,1.220111,-0.525285
1.868752,1.213096,-0.524262
1.882198,1.216603,-0.534201
1.874598,1.213388,-0.5247
1.879567,1.218065,-0.54107
1.87489,1.21368,-0.528793
1.864659,1.220696,-0.52777
1.876352,1.215726,-0.524847
1.865244,1.216603,-0.524408
1.872844,1.221573,-0.523823
1.873137,1.223911,-0.522654
1.87226,1.212219,-0.53347
1.876644,1.219526,-0.529962
1.870213,1.22245,-0.525139
1.869629,1.22245,-0.539462
1.869921,1.212803,-0.526308
1.871383,1.216311,-0.525577
1.867583,1.218357,-0.526893
1.86729,1.213388,-0.531424
1.875475,1.211926,-0.531424
1.876644,1.216311,-0.526454
1.866413,1.21865,-0.534201
1.864952,1.215434,-0.557001
1.865244,1.217773,-0.52397
1.869044,1.215142,-0.522508
1.872552,1.219819,-0.5247
1.865536,1.217188,-0.530985
1.871383,1.214557,-0.529377
1.869629,1.215434,-0.52777
1.86729,1.216019,-0.515639
1.860275,1.214265,-0.522508
1.866413,1.206957,-0.5266
1.871675,1.22245,-0.530254
1.870213,1.218942,-0.520316
1.870213,1.224788,-0.516954
1.873429,1.213388,-0.524116
1.870798,1.223034,-0.518708
1.871383,1.21748,-0.518708
1.873137,1.223619,-0.52207
1.866121,1.215142,-0.531131
1.872552,1.22128,-0.515493
1.875183,1.221865,-0.525723
1.867583,1.22128,-0.518123
1.864659,1.221865,-0.523677
1.872844,1.22128,-0.521193
1.87606,1.21865,-0.514177
1.873137,1.221865,-0.521777
1.868459,1.218942,-0.516662
1.866413,1.21748,-0.522947
1.873429,1.21748,-0.517977
1.872844,1.225373,-0.530985
1.874598,1.22245,-0.516662
1.874598,1.221865,-0.525431
1.868167,1.217188,-0.529085
1.875183,1.22508,-0.529231
1.870213,1.216896,-0.531131
1.868167,1.220403,-0.531862
1.865244,1.223619,-0.535224
1.871383,1.223034,-0.534785
1.871967,1.224788,-0.533031
1.870798,1.221573,-0.533177
1.867583,1.218942,-0.530985
1.870798,1.219526,-0.530985
1.867875,1.217773,-0.527185
1.874306,1.221865,-0.5266
1.871383,1.220403,-0.519146
1.866998,1.217188,-0.530839
1.866706,1.219234,-0.494592
1.871383,1.218065,-0.558462
1.867875,1.225373,-0.530254
1.867583,1.216896,-0.527331
1.870213,1.213973,-0.537854
1.870506,1.219819,-0.527331
1.865244,1.218942,-0.524408
1.864952,1.219526,-0.534201
1.873429,1.214265,-0.533031
1.875475,1.213973,-0.528793
1.878106,1.219819,-0.531862
1.87869,1.223327,-0.526454
1.866413,1.227711,-0.5247
1.87489,1.218065,-0.5209
1.870506,1.223034,-0.522947
1.877521,1.217188,-0.52587
1.871967,1.219819,-0.531716
1.87109,1.217773,-0.532008
1.87109,1.212803,-0.529085
1.866998,1.214265,-0.518562
1.870213,1.213388,-0.529962
1.870798,1.211634,-0.535808
1.871675,1.211926,-0.531862
1.870506,1.214557,-0.521485
1.872552,1.211342,-0.514908
1.868167,1.214265,-0.523385
1.868752,1.210465,-0.52017
1.868752,1.220403,-0.526308
1.868459,1.217188,-0.512716
1.874013,1.223327,-0.527039
1.874598,1.221573,-0.518562
1.87109,1.222157,-0.527039
1.870798,1.216896,-0.525285
1.874306,1.220403,-0.512423
1.87986,1.220696,-0.516516
1.87226,1.219234,-0.535077
1.877813,1.226834,-0.5323
1.874598,1.22508,-0.530693
1.877813,1.221865,-0.521193
1.871675,1.220988,-0.523677
1.871967,1.21865,-0.529816
1.867875,1.217188,-0.52967
1.868459,1.214849,-0.529377
1.869044,1.220988,-0.538878
1.868167,1.220403,-0.524993
1.871383,1.217188,-0.521339
1.869044,1.217773,-0.51827
1.87109,1.220403,-0.521046
1.872552,1.222157,-0.487138
1.85969,1.22128,-0.523239
1.873137,1.223034,-0.523385
1.87986,1.215434,-0.530985
1.874306,1.216019,-0.522654
1.875475,1.21865,-0.525285
1.83689,1.212511,-0.523093
1.87606,1.216311,-0.529816
1.865244,1.214557,-0.517246
1.87489,1.21748,-0.514469
1.869044,1.223034,-0.520754
1.875183,1.225373,-0.533031
1.870213,1.224788,-0.523385
1.868459,1.223034,-0.527623
1.865829,1.216603,-0.527623
1.869044,1.218942,-0.528062
1.876937,1.215142,-0.52207
1.860859,1.222157,-0.515493
1.871967,1.224203,-0.526893
1.873137,1.226834,-0.533762
1.869921,1.223034,-0.520754
1.872552,1.218357,-0.52777
1.873429,1.220696,-0.529231
1.87489,1.212803,-0.535808
1.872844,1.219526,-0.532739
1.878983,1.213973,-0.521485
1.874306,1.211926,-0.525139
1.875183,1.216896,-0.520023
1.870213,1.211342,-0.5228
1.869921,1.213388,-0.520462
1.870798,1.216896,-0.528793
1.875767,1.214557,-0.521339
1.871383,1.215726,-0.519
1.868459,1.220988,-0.517246
1.874598,1.220111,-0.516954
1.870213,1.214265,-0.527477
1.871967,1.220696,-0.519585
1.866413,1.218357,-0.528062
1.873721,1.216311,-0.527623
1.869921,1.214265,-0.52397
1.869044,1.215726,-0.523239
1.870506,1.210465,-0.525431
1.86349,1.211049,-0.526308
1.865829,1.213973,-0.521923
1.870213,1.224203,-0.515931
1.873429,1.222742,-0.521631
1.876644,1.211049,-0.524554
1.875183,1.211634,-0.517685
1.872844,1.216603,-0.517831
1.866121,1.221865,-0.521485
1.87226,1.219819,-0.52397
1.868167,1.21748,-0.529962
1.870506,1.216603,-0.518123
1.873429,1.220696,-0.520462
1.869629,1.212219,-0.521193
1.868752,1.213388,-0.515785
1.865536,1.215726,-0.526454
1.873137,1.218065,-0.526162
1.865244,1.213096,-0.515054
1.862029,1.217188,-0.521631
1.864952,1.214265,-0.508916
1.871383,1.221573,-0.519293
1.874598,1.219819,-0.5171
1.870213,1.214557,-0.5171
1.872844,1.209588,-0.521631
1.871675,1.216019,-0.514323
1.873429,1.21748,-0.513154
1.865536,1.219234,-0.521923
1.874013,1.215434,-0.516808
1.85969,1.220111,-0.52587
1.86729,1.214849,-0.52587
1.871383,1.215434,-0.521193
1.872844,1.207249,-0.52587
1.866706,1.211634,-0.520316
1.868167,1.216896,-0.537708
1.865536,1.209588,-0.537124
1.869629,1.211342,-0.532154
1.864952,1.216896,-0.542239
1.865244,1.215142,-0.524116
1.864367,1.211049,-0.533908
1.864659,1.214265,-0.523239
1.871675,1.21368,-0.524116
1.877229,1.221865,-0.537562
1.87109,1.212219,-0.518123
1.864659,1.216896,-0.526893
1.868752,1.215142,-0.523239
1.867875,1.216019,-0.519731
1.870213,1.219819,-0.514762
1.878398,1.21748,-0.522216
1.873721,1.211342,-0.525139
1.872844,1.212511,-0.516516
1.878106,1.214849,-0.516808
1.867875,1.214557,-0.520754
1.871383,1.220696,-0.526016
1.862906,1.221573,-0.522947
1.870213,1.218942,-0.518416
1.870213,1.215142,-0.523093
1.870506,1.216603,-0.525723
1.869629,1.22245,-0.519585
1.869336,1.21865,-0.520316
1.876644,1.220403,-0.5228
1.87226,1.222157,-0.523531
1.868752,1.216896,-0.530985
1.871383,1.224203,-0.516223
1.871675,1.21865,-0.511546
1.867583,1.214849,-0.524847
1.873721,1.217773,-0.517539
1.876352,1.215434,-0.508039
1.875183,1.223034,-0.5152
1.873429,1.219234,-0.521339
1.869629,1.220111,-0.519585
1.867583,1.215726,-0.522508
1.87109,1.224203,-0.527916
1.871967,1.230634,-0.516808
1.873721,1.227711,-0.522508
1.877229,1.22128,-0.525139
1.878983,1.22245,-0.525285
1.873721,1.224788,-0.52397
1.873721,1.225957,-0.541362
1.87226,1.220988,-0.5304
1.871383,1.219234,-0.525285
1.877229,1.220111,-0.518854
1.876352,1.226834,-0.529231
1.871675,1.223619,-0.536977
1.871675,1.219819,-0.525723
1.87489,1.22128,-0.528793
1.873429,1.22128,-0.529377
1.878106,1.208419,-0.520608
1.870213,1.209296,-0.5209
1.871967,1.216019,-0.526016
1.869044,1.223327,-0.525577
1.870798,1.21865,-0.517685
1.868459,1.220988,-0.516369
1.875183,1.212219,-0.526747
1.87226,1.216603,-0.526016
1.869921,1.220696,-0.508769
1.876937,1.214557,-0.511254
1.877521,1.228004,-0.524408
1.870213,1.220403,-0.518708
1.873721,1.223034,-0.513739
1.87226,1.221573,-0.513739
1.872844,1.222157,-0.517685
1.870798,1.223619,-0.52587
1.872552,1.217188,-0.524262
1.873429,1.219234,-0.51827
1.87606,1.221573,-0.528939
1.875475,1.217773,-0.521777
1.871675,1.21865,-0.522508
1.870798,1.213096,-0.517977
1.873429,1.22625,-0.520023
1.869336,1.220988,-0.514762
1.874598,1.218357,-0.523093
1.876644,1.215434,-0.5209
1.876644,1.218357,-0.515493
1.873429,1.215142,-0.526162
1.875183,1.214265,-0.519439
1.875475,1.223619,-0.512862
1.871383,1.223327,-0.520023
1.880152,1.217188,-0.515639
1.874306,1.221573,-0.516954
1.877521,1.215726,-0.510816
1.873429,1.212803,-0.516662
1.869921,1.216311,-0.511546
1.86729,1.21748,-0.519439
1.872552,1.219526,-0.519293
1.877521,1.223911,-0.52587
1.876644,1.220988,-0.518416
1.869629,1.215434,-0.508623
1.87226,1.225665,-0.519877
1.87606,1.220988,-0.519877
1.869921,1.216896,-0.516369
1.866998,1.218357,-0.518123
1.870213,1.219526,-0.513154
1.865829,1.223034,-0.520754
1.865829,1.219234,-0.508039
1.862613,1.216603,-0.514616
1.869921,1.22508,-0.516662
1.868752,1.216603,-0.517831
1.866998,1.219526,-0.516516
1.833967,1.220403,-0.518123
1.869629,1.224788,-0.521193
1.856767,1.224496,-0.525431
1.865244,1.21748,-0.516808
1.864952,1.223619,-0.520023
1.866413,1.21865,-0.520316
1.868752,1.216603,-0.514908
1.868752,1.220696,-0.520316
1.871675,1.22128,-0.516369
1.855598,1.223619,-0.5133
1.867875,1.213973,-0.514469
1.871675,1.215142,-0.516077
1.863783,1.221573,-0.52587
1.866121,1.22128,-0.510085
1.869336,1.214265,-0.528062
1.869044,1.216019,-0.522508
1.867875,1.213973,-0.518708
1.868167,1.213096,-0.5152
1.866413,1.216603,-0.520754
1.872844,1.218942,-0.52207
1.865244,1.211049,-0.515346
1.870213,1.219526,-0.528793
1.866413,1.219526,-0.5285
1.870213,1.215726,-0.526454
1.865829,1.214557,-0.516662
1.871967,1.219234,-0.509208
1.864075,1.222157,-0.5209
1.864367,1.223619,-0.512862
1.868459,1.223911,-0.516954
1.872844,1.231219,-0.526016
1.870213,1.222742,-0.533324
1.868752,1.221865,-0.520608
1.866121,1.214265,-0.519877
1.876352,1.218942,-0.519146
1.869044,1.21368,-0.5209
1.869921,1.221573,-0.527331
1.87109,1.225665,-0.518562
1.864952,1.21368,-0.511692
1.870506,1.214557,-0.525577
1.869336,1.221573,-0.52207
1.869336,1.21748,-0.527623
1.864075,1.212803,-0.516077
1.878106,1.216311,-0.526454
1.867875,1.223327,-0.522508
1.865536,1.215142,-0.527185
1.868459,1.219526,-0.524554
1.864075,1.21748,-0.552616
1.868752,1.219234,-0.522947
1.873721,1.21865,-0.530693
1.866121,1.224496,-0.525139
1.865536,1.220988,-0.536247
1.864367,1.216603,-0.52017
1.869336,1.227127,-0.522508
1.864367,1.221865,-0.517393
1.867583,1.221573,-0.513885
1.867875,1.216311,-0.520023
1.864952,1.220988,-0.508769
1.871383,1.222157,-0.52207
1.873429,1.214849,-0.508916
1.870213,1.21368,-0.522654
1.875475,1.214557,-0.519877
1.862613,1.211926,-0.521923
1.86729,1.213388,-0.517539
1.869921,1.220696,-0.516369
1.872844,1.21865,-0.518562
1.869044,1.221573,-0.525577
1.866706,1.22128,-0.532593
1.869629,1.21368,-0.5266
1.864952,1.220111,-0.515785
1.865536,1.218942,-0.511108
1.867875,1.22128,-0.524262
1.869044,1.222742,-0.51827
1.869044,1.218357,-0.519585
1.869044,1.215142,-0.522362
1.869921,1.220111,-0.527039
1.86729,1.217188,-0.5247
1.871383,1.220696,-0.537124
1.875475,1.215726,-0.518854
1.867583,1.220111,-0.52017
1.871675,1.213973,-0.527623
1.864659,1.216019,-0.515346
1.877229,1.219819,-0.529231
1.878983,1.22245,-0.521339
1.875767,1.214849,-0.512716
1.87489,1.229173,-0.491084
1.876937,1.220111,-0.5304
1.868167,1.236481,-0.5209
1.856475,1.248758,-0.52397
1.850628,1.285004,-0.544139
1.827828,1.333236,-0.569132
1.806489,1.378544,-0.590178
1.787781,1.422391,-0.618094
1.779889,1.441099,-0.631833
1.776673,1.453376,-0.641041
1.76615,1.462146,-0.651564
1.763812,1.479977,-0.663549
1.748319,1.488161,-0.685472
1.748319,1.497515,-0.703303
1.752119,1.501608,-0.706372
1.738088,1.510669,-0.708272
1.735165,1.510085,-0.723473
1.731657,1.513592,-0.744373
1.731073,1.51827,-0.74145
1.72815,1.5057,-0.762935
1.733119,1.507454,-0.765127
1.724934,1.5057,-0.760889
1.719673,1.504238,-0.767173
1.722596,1.507162,-0.762204
1.733704,1.501608,-0.777697
1.730196,1.489331,-0.76805
1.728734,1.488454,-0.774773
1.724934,1.489331,-0.774189
1.731657,1.492254,-0.779304
1.727273,1.484946,-0.777697
1.730488,1.488746,-0.784274
1.729904,1.485238,-0.783835
1.731073,1.486408,-0.774189
1.733996,1.476469,-0.788366
1.727565,1.472961,-0.781497
1.734873,1.472376,-0.800058
1.733704,1.470038,-0.787197
1.737504,1.470915,-0.781204
1.736627,1.465361,-0.790558
1.746858,1.460099,-0.791289
1.739258,1.463899,-0.783543
1.733704,1.453084,-0.784858
1.736919,1.458638,-0.79202
1.742473,1.456592,-0.798158
1.741011,1.451915,-0.775943
1.73955,1.463315,-0.783689
1.739842,1.453961,-0.780766
1.732534,1.446653,-0.778866
1.738673,1.452207,-0.79582
1.738381,1.456884,-0.789974
1.742765,1.446945,-0.796989
1.743642,1.447238,-0.81862
1.739258,1.444022,-0.783689
1.744227,1.446653,-0.778135
1.742181,1.451622,-0.791289
1.741304,1.446361,-0.799328
1.733411,1.443438,-0.785004
1.734873,1.445484,-0.79582
1.742181,1.439638,-0.786612
1.74335,1.443438,-0.788658
1.741011,1.44373,-0.796551
1.741596,1.437007,-0.789535
1.740134,1.439638,-0.786027
1.731657,1.444607,-0.788951
1.736042,1.437299,-0.786904
1.744227,1.43613,-0.78632
1.738965,1.431745,-0.796843
1.736919,1.438468,-0.791728
1.743935,1.43993,-0.790997
1.74715,1.432037,-0.788512
1.742765,1.434084,-0.798597
1.742473,1.437007,-0.802251
1.748027,1.433791,-0.793774
1.742473,1.436422,-0.795966
1.744519,1.437007,-0.806051
1.747735,1.433499,-0.792458
1.743642,1.42356,-0.788951
1.742765,1.427945,-0.788512
1.740134,1.435253,-0.795966
1.746858,1.435838,-0.803274
1.741596,1.445484,-0.80532
1.736627,1.439053,-0.808536
1.739842,1.437007,-0.794797
1.738673,1.43233,-0.784127
1.741011,1.437591,-0.794212
1.740134,1.433791,-0.797282
1.735457,1.434376,-0.793774
1.733411,1.433499,-0.802982
1.741304,1.441976,-0.794505
1.740719,1.432037,-0.789243
1.742181,1.438176,-0.799912
1.738965,1.434376,-0.787051
1.74715,1.431745,-0.793774
1.735165,1.43613,-0.797135
1.732534,1.43496,-0.794943
1.740427,1.440222,-0.789974
1.738673,1.436422,-0.797282
1.745104,1.443145,-0.797282
1.736042,1.437299,-0.791581
1.743058,1.433791,-0.789974
1.740134,1.436714,-0.782374
1.747735,1.432622,-0.785004
1.748319,1.433207,-0.79582
1.741596,1.434668,-0.794797
1.741011,1.437591,-0.799474
1.748612,1.43496,-0.792458
1.743935,1.43613,-0.793628
1.742181,1.433207,-0.794797
1.747442,1.43613,-0.782812
1.750365,1.438176,-0.802982
1.743058,1.434084,-0.798743
1.748612,1.431453,-0.796258
1.738673,1.42853,-0.802835
1.743642,1.429991,-0.796843
1.745981,1.43613,-0.789681
1.744519,1.437007,-0.792751
1.740427,1.437299,-0.793481
1.742765,1.433207,-0.793628
1.739842,1.436422,-0.791728
1.741888,1.441684,-0.796697
1.743058,1.434668,-0.790266
1.739842,1.429699,-0.793043
1.743058,1.43233,-0.801812
1.741011,1.437884,-0.788366
1.740719,1.442561,-0.79392
1.740427,1.442853,-0.802689
1.741596,1.43993,-0.788804
1.738965,1.437591,-0.805028
1.743642,1.43496,-0.797428
1.733411,1.436714,-0.802689
1.751535,1.43233,-0.792458
1.738673,1.436422,-0.785735
1.745396,1.434084,-0.800789
1.74335,1.426191,-0.796112
1.746273,1.429699,-0.790266
1.745104,1.427945,-0.800935
1.746565,1.432037,-0.795674
1.745688,1.433207,-0.801082
1.740134,1.437591,-0.797135
1.745688,1.431453,-0.790851
1.747442,1.436714,-0.789535
1.750073,1.430868,-0.791728
1.747442,1.438176,-0.788658
1.748612,1.433207,-0.795089
1.741596,1.436714,-0.794358
1.744811,1.434084,-0.79772
1.745396,1.436422,-0.801666
1.741011,1.433207,-0.798012
1.750365,1.436422,-0.799328
1.739258,1.432622,-0.801374
1.746858,1.438468,-0.786758
1.745104,1.434376,-0.787343
1.746273,1.441391,-0.790851
1.743058,1.43613,-0.781497
1.741888,1.435545,-0.790266
1.744227,1.437591,-0.784274
1.742473,1.440222,-0.785004
1.744519,1.437884,-0.794943
1.743058,1.438468,-0.780035
1.745688,1.435253,-0.788074
1.742765,1.438468,-0.795674
1.745104,1.436714,-0.785004
1.741888,1.438468,-0.794066
1.745688,1.437299,-0.793774
1.737796,1.439053,-0.790558
1.742181,1.433207,-0.788951
1.743642,1.434376,-0.801666
1.745688,1.433791,-0.78632
1.745104,1.432622,-0.800497
1.743935,1.437007,-0.803128
1.742765,1.433791,-0.79962
1.755335,1.434084,-0.79392
1.757673,1.432622,-0.81102
1.744811,1.433499,-0.789097
1.746565,1.43496,-0.795089
1.742765,1.438761,-0.788512
1.747735,1.437007,-0.795089
1.741304,1.439053,-0.788512
1.73955,1.443145,-0.792458
1.742181,1.431745,-0.79202
1.745104,1.43233,-0.789243
1.739842,1.43233,-0.801082
1.740134,1.434376,-0.79202
1.746858,1.430284,-0.801812
1.741304,1.433791,-0.796112
1.746273,1.429699,-0.795089
1.750365,1.426776,-0.794651
1.74335,1.429699,-0.791289
1.745981,1.429407,-0.791581
1.741888,1.430576,-0.785443
1.736627,1.428237,-0.798889
1.748027,1.428237,-0.784712
1.744811,1.427653,-0.799766
1.746273,1.43993,-0.798305
1.738088,1.432037,-0.799912
1.746273,1.434084,-0.791581
1.744811,1.431745,-0.794212
1.740719,1.438761,-0.798743
1.745688,1.43613,-0.806489
1.747735,1.440514,-0.79582
1.746273,1.43496,-0.80532
1.744811,1.430868,-0.800935
1.741304,1.429407,-0.799474
1.742765,1.434668,-0.792605
1.738088,1.429991,-0.786466
1.740134,1.435838,-0.789974
1.736627,1.42356,-0.782227
1.736919,1.427945,-0.792312
1.74335,1.433207,-0.787781
1.742765,1.430576,-0.802982
1.749781,1.433791,-0.790704
1.745396,1.441684,-0.789828
1.742765,1.430868,-0.805466
1.741888,1.435838,-0.796112
1.745396,1.42736,-0.794797
1.739842,1.427945,-0.801228
1.745396,1.43496,-0.792751
1.744519,1.424145,-0.795381
1.740719,1.426484,-0.789535
1.739258,1.427653,-0.794066
1.740719,1.429991,-0.79392
1.73955,1.435545,-0.803566
1.734581,1.433207,-0.804297
1.749196,1.431745,-0.798158
1.753581,1.434376,-0.796989
1.751535,1.433207,-0.794797
1.744519,1.440222,-0.794651
1.739842,1.432037,-0.797866
1.746565,1.434084,-0.801228
1.740427,1.432622,-0.787489
1.745981,1.437299,-0.787051
1.751242,1.434376,-0.794066
1.750073,1.434668,-0.788512
1.74715,1.434668,-0.786174
1.744519,1.432622,-0.793774
1.743058,1.432622,-0.792458
1.749781,1.43116,-0.786027
1.743935,1.433207,-0.799766
1.741596,1.437884,-0.79772
1.743058,1.438761,-0.788658
1.744811,1.429991,-0.798597
1.742765,1.435253,-0.79582
1.747735,1.442268,-0.796551
1.750073,1.432622,-0.790704
1.740719,1.435545,-0.788658
1.739258,1.441976,-0.790997
1.738088,1.439053,-0.799182
1.73955,1.436422,-0.791143
1.748904,1.434084,-0.789828
1.747442,1.439638,-0.800058
1.745688,1.434376,-0.777258
1.745981,1.432914,-0.795235
1.747735,1.438468,-0.785151
1.742473,1.43233,-0.782374
1.741888,1.425606,-0.79582
1.744811,1.432037,-0.795966
1.74335,1.430284,-0.787051
1.745688,1.438468,-0.793335
1.746565,1.431745,-0.791874
1.742181,1.441976,-0.786027
1.744811,1.436714,-0.793628
1.745688,1.434376,-0.793043
1.742473,1.442268,-0.801082
1.745104,1.437884,-0.790851
1.749196,1.435838,-0.788658
1.743935,1.436422,-0.755189
1.745396,1.438176,-0.791435
1.743935,1.43613,-0.787781
1.74715,1.434376,-0.797866
1.749196,1.43116,-0.785297
1.745104,1.432622,-0.790704
1.743058,1.437007,-0.791581
1.744811,1.435253,-0.786904
1.743058,1.435545,-0.781497
1.744519,1.43993,-0.786612
1.746858,1.432037,-0.790704
1.753289,1.440222,-0.782374
1.741304,1.434084,-0.796843
1.742181,1.435545,-0.797866
1.742765,1.438468,-0.781935
1.744227,1.430868,-0.787197
1.737796,1.437007,-0.792897
1.744227,1.439638,-0.788074
1.743642,1.438468,-0.776089
1.745396,1.43613,-0.785589
1.744227,1.438176,-0.787489
1.740427,1.438176,-0.782666
1.741596,1.43496,-0.787197
1.744227,1.442561,-0.793774
1.744811,1.442561,-0.789243
1.742181,1.437884,-0.784274
1.740427,1.432037,-0.79012
1.745688,1.435253,-0.781497
1.741888,1.43613,-0.780766
1.743058,1.43993,-0.78822
1.73955,1.432914,-0.788366
1.743642,1.439053,-0.784274
1.736334,1.433499,-0.796843
1.738965,1.445484,-0.783251
1.741304,1.443145,-0.779743
1.74335,1.437007,-0.780766
1.747735,1.435838,-0.783397
1.744227,1.438176,-0.788951
1.746273,1.43496,-0.784858
1.743058,1.438176,-0.789389
1.74335,1.430284,-0.783104
1.745688,1.439053,-0.790412
1.745104,1.440807,-0.798743
1.742473,1.436422,-0.784274
1.74335,1.439053,-0.790997
1.750365,1.439053,-0.797282
1.742473,1.436422,-0.803566
1.741596,1.434376,-0.794797
1.748319,1.432914,-0.791289
1.744811,1.428822,-0.793774
1.73955,1.43613,-0.796551
1.740427,1.426776,-0.785297
1.738673,1.433207,-0.790412
1.745688,1.437591,-0.792897
1.744519,1.434084,-0.798451
1.741011,1.434376,-0.783251
1.739842,1.441976,-0.794505
1.745396,1.435545,-0.783543
1.738965,1.430868,-0.795966
1.748904,1.429407,-0.793481
1.74715,1.433207,-0.783397
1.744227,1.43233,-0.80532
1.746858,1.430576,-0.795381
1.752412,1.43613,-0.797866
1.742181,1.432622,-0.789828
1.747735,1.435545,-0.802251
1.748319,1.429114,-0.794066
1.748612,1.427945,-0.786174
1.745104,1.429991,-0.794212
1.746565,1.433499,-0.801082
1.741596,1.434668,-0.804443
1.743642,1.434668,-0.79012
1.748612,1.43496,-0.787489
1.740719,1.432622,-0.801959
1.741596,1.43496,-0.792897
1.74335,1.429114,-0.79582
1.745104,1.441976,-0.791728
1.741596,1.441976,-0.804589
1.74335,1.436422,-0.788074
1.738673,1.440514,-0.794651
1.747735,1.429114,-0.797574
1.742181,1.430868,-0.799328
1.748612,1.44373,-0.800058
1.741888,1.43613,-0.791728
1.746273,1.43233,-0.785881
1.750365,1.439345,-0.792312
1.750658,1.432622,-0.79582
1.74335,1.43233,-0.796405
1.743642,1.437299,-0.796989
1.749781,1.429991,-0.791581
1.746565,1.430284,-0.787781
1.749781,1.43233,-0.785589
1.746858,1.434084,-0.791581
1.748612,1.441684,-0.790704
1.747735,1.429407,-0.791874
1.745688,1.440514,-0.792605
1.74335,1.435253,-0.791874
1.739258,1.438176,-0.795089
1.743058,1.439053,-0.785881
1.742181,1.437591,-0.798305
1.747442,1.436422,-0.789535
1.749488,1.442268,-0.790704
1.746273,1.440514,-0.786904
1.745396,1.43613,-0.798889
1.746273,1.435253,-0.788512
1.744519,1.438761,-0.787928
1.743935,1.43116,-0.788366
1.739258,1.431745,-0.800351
1.744519,1.437591,-0.80532
1.749196,1.433791,-0.789828
1.749488,1.425022,-0.795381
1.741596,1.433791,-0.795674
1.745981,1.429991,-0.791143
1.749196,1.434376,-0.794505
1.752412,1.432622,-0.796551
1.741888,1.440222,-0.799328
1.748904,1.433791,-0.788804
1.746273,1.438761,-0.787343
1.748319,1.436422,-0.79202
1.743642,1.441099,-0.795089
1.748027,1.432914,-0.79392
1.745981,1.433499,-0.791728
1.751242,1.438468,-0.794797
1.738088,1.428822,-0.802543
1.745104,1.433791,-0.794943
1.752119,1.430868,-0.786758
1.746858,1.433207,-0.792166
1.750073,1.437591,-0.800643
1.748904,1.43116,-0.786612
1.750073,1.435253,-0.785004
1.747735,1.436714,-0.793335
1.749196,1.444314,-0.796989
1.75095,1.431745,-0.792751
1.749196,1.434376,-0.779012
1.748612,1.433791,-0.784858
1.741888,1.43613,-0.791728
1.743058,1.437591,-0.790412
1.748319,1.436422,-0.794651
1.750073,1.439345,-0.798889
1.744811,1.438761,-0.791435
1.748904,1.441099,-0.787489
1.751242,1.442853,-0.793335
1.742181,1.446653,-0.787197
1.75095,1.439053,-0.787781
1.746858,1.43496,-0.790997
1.740427,1.439345,-0.795381
1.74335,1.446361,-0.791289
1.745688,1.446068,-0.79012
1.744227,1.439345,-0.795089
1.746858,1.438468,-0.792605
1.745688,1.433791,-0.795235
1.748612,1.446945,-0.789389
1.744519,1.436422,-0.793628
1.745396,1.438176,-0.793189
1.750658,1.444899,-0.795089
1.748027,1.438176,-0.797135
1.748027,1.441391,-0.793628
1.742473,1.44373,-0.796989
1.748027,1.439638,-0.796258
1.749781,1.439638,-0.787197
1.744811,1.43613,-0.789681
1.751827,1.43993,-0.791728
1.744227,1.440222,-0.803274
1.740719,1.437299,-0.794943
1.753581,1.442561,-0.800789
1.749196,1.439345,-0.788074
1.747735,1.43613,-0.783397
1.744227,1.43993,-0.793481
1.74715,1.448115,-0.78442
1.745981,1.433207,-0.790558
1.751827,1.438761,-0.781935
1.741011,1.43613,-0.791728
1.745688,1.430868,-0.785004
1.736627,1.432914,-0.798305
1.742473,1.433499,-0.786758
1.740134,1.43613,-0.77872
1.745104,1.441684,-0.784566
1.755335,1.433791,-0.792166
1.748027,1.432622,-0.792605
1.744227,1.438761,-0.793189
1.745104,1.430868,-0.792458
1.745396,1.43496,-0.785151
1.743935,1.432914,-0.798158
1.741011,1.437007,-0.787781
1.749781,1.436714,-0.789389
1.745104,1.437299,-0.785735
1.74335,1.426191,-0.797866
1.746565,1.439345,-0.814674
1.746565,1.436422,-0.785151
1.74335,1.438761,-0.782958
1.742765,1.428237,-0.793189
1.738673,1.441391,-0.779158
1.739842,1.437591,-0.777697
1.74715,1.439345,-0.785735
1.74335,1.429114,-0.785881
1.74715,1.436422,-0.783397
1.746858,1.437884,-0.793335
1.745396,1.443438,-0.790412
1.737504,1.431745,-0.79202
1.746565,1.441391,-0.784566
1.745104,1.43993,-0.794651
1.746273,1.430284,-0.787635
1.734581,1.433499,-0.79582
1.742765,1.429114,-0.785589
1.741304,1.429114,-0.792312
1.740719,1.430284,-0.775358
1.748319,1.438468,-0.783981
1.738088,1.438761,-0.792312
1.741304,1.437591,-0.786466
1.746565,1.430576,-0.791435
1.74335,1.43496,-0.77945
1.740427,1.434376,-0.785004
1.740427,1.436714,-0.781789
1.737796,1.434668,-0.797866
1.74335,1.432622,-0.794505
1.742473,1.435253,-0.794505
1.740719,1.436422,-0.795381
1.738673,1.443438,-0.799035
1.737211,1.430868,-0.789535
1.744227,1.434668,-0.782374
1.741888,1.437591,-0.790704
1.741888,1.433791,-0.804443
1.74335,1.43116,-0.791581
1.738965,1.433791,-0.786612
1.744519,1.435545,-0.791581
1.74335,1.431745,-0.79582
1.74715,1.42736,-0.791581
1.735457,1.434084,-0.791728
1.73575,1.43116,-0.790851
1.738381,1.432622,-0.794505
1.748612,1.435253,-0.787635
1.740134,1.437299,-0.757089
1.739258,1.429407,-0.787489
1.73955,1.435545,-0.781935
1.745981,1.433499,-0.788804
1.74335,1.438176,-0.786466
1.740134,1.435838,-0.783104
1.752996,1.425022,-0.781497
1.746565,1.43613,-0.795528
1.746565,1.437007,-0.800789
1.742181,1.428822,-0.786758
1.745981,1.437591,-0.804297
1.73955,1.431453,-0.79582
1.748027,1.436422,-0.800205
1.743058,1.435253,-0.784712
1.747735,1.434376,-0.796843
1.742765,1.442268,-0.801959
1.742473,1.438761,-0.792605
1.747735,1.433207,-0.79012
1.745104,1.43116,-0.789828
1.739842,1.438468,-0.804005
1.738673,1.433207,-0.795381
1.744519,1.435838,-0.786758
1.748612,1.436422,-0.797866
1.745981,1.437884,-0.789535
1.741888,1.43613,-0.796405
1.750658,1.441099,-0.792751
1.738088,1.437299,-0.802982
1.745104,1.436422,-0.789974
1.745104,1.437591,-0.795089
1.741596,1.444899,-0.790997
1.745104,1.44373,-0.790266
1.740134,1.43233,-0.79392
1.743642,1.446068,-0.786612
1.74335,1.457176,-0.804735
1.728734,1.474715,-0.794943
1.73575,1.501023,-0.772873
1.730488,1.507454,-0.767904
1.721426,1.517393,-0.758842
1.723473,1.509208,-0.760012
1.722888,1.512423,-0.752412
1.736334,1.516808,-0.74525
1.72318,1.5095,-0.731657
1.732534,1.504823,-0.725519
1.731657,1.508039,-0.711342
1.743642,1.508331,-0.707834
1.736042,1.498392,-0.697311
1.742765,1.499269,-0.693803
1.751535,1.496346,-0.684887
1.753873,1.484654,-0.696141
1.751535,1.480854,-0.67948
1.757966,1.475884,-0.67378
1.754165,1.476761,-0.676264
1.759427,1.475592,-0.680941
1.76235,1.464484,-0.66501
1.765273,1.465653,-0.660772
1.768781,1.458053,-0.659456
1.772581,1.461561,-0.658433
1.763812,1.449868,-0.653464
1.768781,1.456884,-0.644841
1.772581,1.45893,-0.652441
1.771996,1.451915,-0.643379
1.78135,1.449868,-0.636364
1.783689,1.438761,-0.640018
1.77872,1.438468,-0.634317
1.78135,1.429114,-0.639579
1.780474,1.438176,-0.643818
1.784274,1.434376,-0.632564
1.786027,1.43496,-0.628471
1.779889,1.434376,-0.631687
1.782227,1.43613,-0.624963
1.784274,1.425022,-0.634025
1.792166,1.429114,-0.62701
1.79012,1.42853,-0.635341
1.787781,1.429407,-0.626133
1.787197,1.42853,-0.627594
1.792166,1.422099,-0.618679
1.784566,1.425899,-0.623502
1.791581,1.425606,-0.627302
1.791289,1.41976,-0.613856
1.792458,1.419176,-0.615463
1.795381,1.416837,-0.616048
1.792458,1.418883,-0.623502
1.793335,1.413914,-0.603478
1.786612,1.412452,-0.620286
1.783397,1.407483,-0.615463
1.787197,1.416545,-0.616486
1.784566,1.408068,-0.616486
1.794212,1.413037,-0.614879
1.793628,1.412745,-0.607132
1.786612,1.414206,-0.612394
1.79012,1.413037,-0.615171
1.794797,1.412745,-0.615025
1.786904,1.411576,-0.619702
1.787489,1.413914,-0.617656
1.788951,1.410991,-0.610056
1.789535,1.406314,-0.597048
1.788658,1.410699,-0.611517
1.793335,1.411868,-0.605086
1.800351,1.406606,-0.603478
1.794797,1.40456,-0.609763
1.794505,1.413622,-0.605086
1.793628,1.413329,-0.611663
1.794212,1.408652,-0.601725
1.79392,1.408945,-0.608594
1.788074,1.411283,-0.604063
1.793043,1.414206,-0.606109
1.788951,1.406314,-0.602163
1.791874,1.404852,-0.609471
1.795674,1.414499,-0.603332
1.792458,1.413914,-0.603332
1.79392,1.420637,-0.600702
1.806197,1.411576,-0.611517
1.798889,1.412452,-0.607571
1.789535,1.404852,-0.609909
1.798305,1.407191,-0.602309
1.798597,1.411576,-0.598217
1.790997,1.402806,-0.605379
1.795674,1.407191,-0.597194
1.791874,1.409822,-0.602309
1.795381,1.407191,-0.60304
1.796551,1.406899,-0.615609
1.796258,1.414791,-0.607863
1.788074,1.408652,-0.603917
1.796258,1.403975,-0.604209
1.796258,1.411576,-0.60494
1.799182,1.411283,-0.612686
1.786027,1.412745,-0.598948
1.791289,1.418299,-0.597194
1.795966,1.408652,-0.606694
1.796258,1.403391,-0.603771
1.789535,1.405145,-0.608155
1.793628,1.407776,-0.605086
1.792458,1.406022,-0.599094
1.795089,1.413622,-0.602309
1.788366,1.412745,-0.634464
1.795966,1.414206,-0.60114
1.791289,1.412452,-0.599386
1.793628,1.41216,-0.599971
1.794797,1.403391,-0.600409
1.799766,1.411868,-0.612686
1.796258,1.403391,-0.611663
1.790997,1.400175,-0.606986
1.79772,1.410406,-0.608155
1.786904,1.406314,-0.607571
1.796843,1.403683,-0.606548
1.786027,1.412745,-0.614879
1.793335,1.413914,-0.606986
1.792458,1.410406,-0.603917
1.797135,1.412452,-0.60114
1.795674,1.406899,-0.602748
1.791581,1.406314,-0.609325
1.788366,1.410991,-0.605671
1.793628,1.411576,-0.607571
1.796258,1.410114,-0.613417
1.792166,1.406314,-0.603478
1.794212,1.408945,-0.600848
1.793628,1.408068,-0.608594
1.787197,1.406314,-0.616048
1.786612,1.404268,-0.610202
1.79012,1.405437,-0.609763
1.783104,1.410114,-0.610786
1.784858,1.406022,-0.609179
1.79392,1.411283,-0.61254
1.792166,1.408068,-0.615756
1.795966,1.414499,-0.613417
1.791289,1.407776,-0.617509
1.795966,1.410114,-0.618825
1.79392,1.399591,-0.60874
1.788951,1.406606,-0.611371
1.79012,1.41216,-0.619556
1.79012,1.410991,-0.602455
1.793335,1.415668,-0.609032
1.80152,1.410699,-0.615317
1.79012,1.407776,-0.599971
1.797428,1.410991,-0.612248
1.800935,1.411283,-0.606986
1.797428,1.411576,-0.611663
1.795381,1.416253,-0.603186
1.798305,1.41976,-0.606986
1.792751,1.410406,-0.601725
1.792458,1.413622,-0.60874
1.79772,1.406314,-0.599825
1.795966,1.414499,-0.613125
1.788658,1.409237,-0.604209
1.789243,1.407483,-0.604209
1.791289,1.407483,-0.609325
1.799474,1.403098,-0.609032
1.762935,1.409237,-0.599094
1.794505,1.411283,-0.612102
1.795674,1.404268,-0.615171
1.798012,1.411868,-0.613271
1.79772,1.415668,-0.606255
1.788951,1.405437,-0.611225
1.786904,1.408945,-0.598509
1.796258,1.410114,-0.603478
1.791289,1.407776,-0.602602
1.790704,1.408945,-0.616779
1.792458,1.402222,-0.611371
1.79392,1.405437,-0.614586
1.794505,1.406314,-0.598655
1.797135,1.404268,-0.60114
1.790412,1.408652,-0.611225
1.793043,1.40456,-0.606548
1.793043,1.409237,-0.607425
1.79772,1.401929,-0.602163
1.792751,1.407776,-0.606255
1.792458,1.408068,-0.608594
1.795089,1.406899,-0.606255
1.790412,1.409529,-0.612394
1.792166,1.403098,-0.616194
1.795966,1.406899,-0.60874
1.793335,1.405145,-0.608302
1.794212,1.407191,-0.604648
1.799182,1.406899,-0.613709
1.800935,1.410114,-0.608886
1.800058,1.413329,-0.609032
1.793043,1.40836,-0.616925
1.800058,1.405437,-0.603332
1.797428,1.410114,-0.600994
1.801812,1.411868,-0.601578
1.791289,1.40456,-0.594271
1.793335,1.40456,-0.591786
1.796551,1.406022,-0.609909
1.791874,1.404852,-0.605379
1.792166,1.408945,-0.607132
1.793043,1.410406,-0.608009
1.791874,1.409529,-0.597194
1.80152,1.410991,-0.609471
1.797135,1.405729,-0.604209
1.795966,1.39696,-0.603771
1.793335,1.407191,-0.603332
1.794797,1.411283,-0.599678
1.790704,1.407776,-0.60874
1.797428,1.405145,-0.598217
1.799182,1.406899,-0.597194
1.799182,1.412745,-0.602309
1.793628,1.410406,-0.603771
1.794212,1.41596,-0.59164
1.792166,1.401345,-0.598801
1.793628,1.410406,-0.602163
1.798305,1.40456,-0.59544
1.800351,1.407776,-0.596025
1.794505,1.410699,-0.609032
1.800643,1.415376,-0.604648
1.786904,1.410114,-0.593832
1.796551,1.410114,-0.592663
1.793335,1.409529,-0.601725
1.797428,1.409529,-0.635487
1.791289,1.407483,-0.601725
1.794797,1.411283,-0.604502
1.791289,1.401637,-0.604063
1.795089,1.406022,-0.599094
1.797428,1.405437,-0.60494
1.792458,1.408652,-0.598801
1.784858,1.406022,-0.599678
1.793628,1.410699,-0.609325
1.793335,1.405145,-0.598655
1.80152,1.411576,-0.608009
1.786612,1.407483,-0.603625
1.793043,1.406022,-0.605817
1.791874,1.404268,-0.605379
1.791874,1.407483,-0.60874
1.791581,1.40836,-0.609763
1.794505,1.413037,-0.612979
1.792166,1.409822,-0.603917
1.796258,1.411868,-0.611079
1.793335,1.409237,-0.615902
1.788074,1.408945,-0.605963
1.793043,1.408945,-0.609471
1.793043,1.406022,-0.613856
1.788951,1.410406,-0.607425
1.791581,1.411283,-0.602894
1.794212,1.409529,-0.604355
1.795966,1.405729,-0.602748
1.791289,1.40456,-0.600117
1.794797,1.409822,-0.606255
1.790704,1.413329,-0.59924
1.795089,1.416837,-0.607425
1.789243,1.404852,-0.59164
1.801228,1.406606,-0.601871
1.794212,1.410406,-0.596755
1.794212,1.403391,-0.618971
1.790997,1.409237,-0.609617
1.794212,1.405437,-0.604209
1.792458,1.410114,-0.61064
1.792751,1.403391,-0.605086
1.793043,1.409529,-0.607717
1.795674,1.40456,-0.611809
1.791289,1.403391,-0.607132
1.793335,1.406314,-0.604209
1.795089,1.409529,-0.611079
1.797428,1.409529,-0.612686
1.793628,1.407483,-0.615463
1.791581,1.401637,-0.609325
1.791874,1.41596,-0.609471
1.791581,1.403391,-0.611079
1.791581,1.404268,-0.602309
1.788658,1.397252,-0.598363
1.788658,1.414206,-0.599532
1.790704,1.405437,-0.606109
1.795381,1.404268,-0.612394
1.789243,1.406899,-0.602894
1.792166,1.400468,-0.610202
1.791581,1.409237,-0.596901
1.789535,1.40836,-0.609325
1.793628,1.40836,-0.603917
1.790704,1.405145,-0.596755
1.790704,1.408068,-0.609471
1.793335,1.410991,-0.600702
1.794212,1.40456,-0.598801
1.789243,1.404852,-0.599971
1.791581,1.409529,-0.613709
1.786612,1.409237,-0.611517
1.793628,1.414499,-0.601871
1.78632,1.40836,-0.60874
1.794797,1.405145,-0.602309
1.790704,1.410699,-0.634171
1.789243,1.407483,-0.605525
1.789535,1.405145,-0.610202
1.795966,1.406314,-0.601578
1.799474,1.410406,-0.605817
1.79012,1.404852,-0.613125
1.783689,1.403683,-0.604209
1.790704,1.405729,-0.611663
1.788366,1.407776,-0.601286
1.787781,1.406022,-0.619702
1.797135,1.407776,-0.611371
1.791874,1.403098,-0.608594
1.791874,1.411576,-0.608009
1.796258,1.405729,-0.602894
1.790412,1.409529,-0.595294
1.791289,1.409529,-0.612102
1.796843,1.410991,-0.616048
1.788366,1.409529,-0.600263
1.795381,1.403683,-0.611079
1.790704,1.406606,-0.598655
1.788074,1.408652,-0.607279
1.792458,1.408068,-0.603917
1.785443,1.403683,-0.608886
1.792458,1.407483,-0.604355
1.786904,1.411283,-0.606986
1.793628,1.411868,-0.595148
1.794797,1.402806,-0.613856
1.791289,1.402806,-0.605379
1.789243,1.407776,-0.608155
1.79012,1.401929,-0.612979
1.794505,1.40076,-0.613563
1.790412,1.411576,-0.611371
1.789243,1.409822,-0.60684
1.791289,1.413329,-0.612979
1.793628,1.409237,-0.598071
1.792458,1.413329,-0.618825
1.798012,1.409529,-0.612979
1.795674,1.411868,-0.612102
1.794797,1.413037,-0.615171
1.791289,1.403975,-0.609325
1.800058,1.409822,-0.605671
1.795381,1.413329,-0.611225
1.787197,1.408068,-0.605525
1.799474,1.414791,-0.609032
1.793335,1.415083,-0.599678
1.793043,1.407483,-0.595001
1.790704,1.410114,-0.599094
1.789243,1.40836,-0.597194
1.792166,1.39696,-0.598363
1.791289,1.405729,-0.605086
1.792166,1.407483,-0.608594
1.791874,1.410114,-0.597486
1.800935,1.412452,-0.611809
1.792458,1.409529,-0.603625
1.789535,1.411576,-0.597048
1.792751,1.415376,-0.609032
1.792166,1.409237,-0.605817
1.793043,1.40456,-0.606109
1.796551,1.410114,-0.611371
1.792166,1.406899,-0.603625
1.798597,1.406606,-0.609471
1.804151,1.409237,-0.616486
1.790704,1.406314,-0.60874
1.794797,1.410699,-0.613856
1.79392,1.411868,-0.609325
1.793043,1.409237,-0.601725
1.79392,1.413622,-0.611371
1.799182,1.413914,-0.609179
1.793628,1.402514,-0.603625
1.788074,1.405729,-0.602163
1.788951,1.401637,-0.604209
1.791581,1.413622,-0.606402
1.792458,1.410114,-0.59924
1.789535,1.406314,-0.608009
1.788658,1.413037,-0.613417
1.790997,1.417714,-0.602017
1.793628,1.408652,-0.605086
1.791874,1.414499,-0.595586
1.79392,1.414791,-0.601578
1.795089,1.413037,-0.604794
1.790704,1.410406,-0.603332
1.794797,1.40836,-0.608155
1.797135,1.410406,-0.604209
1.794505,1.407776,-0.60684
1.791289,1.410699,-0.599678
1.797428,1.408068,-0.600848
1.788951,1.411576,-0.609471
1.792751,1.412452,-0.613125
1.793628,1.410406,-0.603771
1.79012,1.407483,-0.611371
1.798012,1.410406,-0.604502
1.799474,1.41713,-0.60304
1.79392,1.420053,-0.596171
1.795089,1.41216,-0.603625
1.796258,1.414499,-0.604648
1.791874,1.397545,-0.60874
1.792751,1.411283,-0.605525
1.790704,1.403098,-0.609325
1.793628,1.406314,-0.612394
1.791581,1.412452,-0.60874
1.790412,1.41596,-0.607425
1.791874,1.416545,-0.594124
1.791581,1.42093,-0.609471
1.790704,1.40456,-0.608448
1.792458,1.414499,-0.613271
1.788366,1.41216,-0.609909
1.784858,1.41216,-0.60874
1.791581,1.41216,-0.606694
1.793043,1.409237,-0.603625
1.796258,1.410991,-0.603917
1.796551,1.411576,-0.598655
1.78632,1.40836,-0.601286
1.792458,1.409529,-0.605671
1.788658,1.407776,-0.602017
1.793043,1.408652,-0.604648
1.791874,1.406022,-0.599386
1.787197,1.410114,-0.61444
1.78135,1.402514,-0.611956
1.795089,1.413037,-0.601578
1.795966,1.41216,-0.607425
1.797135,1.412745,-0.612832
1.793335,1.412452,-0.609617
1.784858,1.410406,-0.605086
1.789828,1.41216,-0.608448
1.788366,1.406314,-0.614148
1.795674,1.413037,-0.596901
1.794212,1.407776,-0.591348
1.792166,1.407483,-0.606255
1.788074,1.401929,-0.605086
1.791289,1.421806,-0.604209
1.789828,1.407776,-0.59924
1.788074,1.418591,-0.614879
1.793335,1.410406,-0.613125
1.796258,1.415376,-0.602017
1.79392,1.409529,-0.599094
1.794797,1.41713,-0.600848
1.792458,1.41596,-0.602894
1.788951,1.415668,-0.602748
1.791581,1.411283,-0.607717
1.794797,1.411868,-0.615609
1.795089,1.418591,-0.609763
1.793628,1.416253,-0.60494
1.79392,1.418006,-0.606255
1.791289,1.410114,-0.604502
1.789535,1.410406,-0.601725
1.795966,1.408068,-0.599825
1.798305,1.413329,-0.600555
1.796551,1.412745,-0.602748
1.790412,1.413914,-0.601871
1.794505,1.417714,-0.606109
1.791581,1.417422,-0.597486
1.791874,1.414791,-0.60494
1.795674,1.414791,-0.612686
1.799474,1.414791,-0.609617
1.794505,1.413037,-0.607279
1.793043,1.420345,-0.607425
1.79772,1.412452,-0.602602
1.802689,1.410991,-0.604355
1.799766,1.417422,-0.606694
1.794797,1.414206,-0.604648
1.800058,1.417714,-0.60304
1.796843,1.413914,-0.595732
1.800351,1.410991,-0.596901
1.795966,1.416545,-0.593832
1.79392,1.411868,-0.609032
1.799766,1.411576,-0.605963
1.800058,1.41596,-0.611079
1.802397,1.418006,-0.601871
1.790997,1.41216,-0.603186
1.792751,1.408652,-0.608155
1.799766,1.411868,-0.598948
1.788366,1.415668,-0.609325
1.790997,1.410406,-0.602309
1.787781,1.410406,-0.610348
1.796258,1.408652,-0.608155
1.799182,1.416545,-0.612686
1.792458,1.411576,-0.608302
1.795089,1.409237,-0.609909
1.787781,1.404268,-0.607571
1.794212,1.416253,-0.604794
1.793335,1.413914,-0.613417
1.794505,1.409822,-0.602163
1.797135,1.415668,-0.602602
1.791289,1.412745,-0.614879
1.788951,1.412452,-0.617948
1.79012,1.416545,-0.60304
1.798889,1.411283,-0.615463
1.793043,1.409237,-0.604502
1.800058,1.413622,-0.605086
1.794797,1.409529,-0.606694
1.792458,1.416545,-0.607863
1.794505,1.416253,-0.609325
1.79392,1.411576,-0.605525
1.793628,1.41596,-0.606109
1.790412,1.410991,-0.597486
1.795966,1.414791,-0.609471
1.797428,1.416837,-0.615025
1.792458,1.40836,-0.611371
1.795674,1.420053,-0.602602
1.796843,1.412745,-0.602602
1.788658,1.405729,-0.595001
1.795089,1.409529,-0.598801
1.795089,1.414791,-0.608009
1.796551,1.418299,-0.608594
1.795966,1.419468,-0.597778
1.795674,1.410699,-0.602455
1.800643,1.409529,-0.613271
1.793335,1.411576,-0.603625
1.793628,1.404268,-0.605525
1.79012,1.403391,-0.596317
1.795674,1.403391,-0.610786
1.792751,1.411868,-0.614294
1.796843,1.412745,-0.612979
1.795674,1.412452,-0.609909
1.794212,1.409529,-0.607279
1.791581,1.412745,-0.600555
1.799474,1.418299,-0.61064
1.788658,1.412745,-0.597632
1.787489,1.410406,-0.608594
1.795381,1.40836,-0.608155
1.796843,1.403683,-0.599386
1.794212,1.406606,-0.602455
1.795381,1.409822,-0.610348
1.795674,1.40456,-0.610348
1.791581,1.406314,-0.60114
1.803274,1.408652,-0.611956
1.791581,1.415083,-0.607717
1.799474,1.412452,-0.612102
1.787781,1.414499,-0.606255
1.796258,1.416253,-0.601871
1.786612,1.404268,-0.617509
1.799474,1.411283,-0.603186
1.795381,1.417422,-0.609325
1.797428,1.41216,-0.600994
1.798305,1.409529,-0.611371
1.793335,1.408945,-0.600263
1.791581,1.411576,-0.609325
1.792166,1.413914,-0.613563
1.797135,1.414791,-0.612832
1.790997,1.410699,-0.610932
1.790997,1.407483,-0.600848
1.797135,1.410699,-0.616925
1.789535,1.41713,-0.611225
1.790704,1.418591,-0.616194
1.784274,1.432914,-0.599094
1.772289,1.456592,-0.665741
1.755335,1.466238,-0.698772
1.741888,1.518562,-0.737796
1.733996,1.515639,-0.765566
1.731073,1.498977,-0.77755
1.736042,1.492838,-0.778427
1.737211,1.480854,-0.792166
1.741888,1.460099,-0.787343
1.750073,1.447238,-0.791289
1.750365,1.429991,-0.790558
1.754165,1.406899,-0.793774
1.764396,1.383514,-0.771704
1.773166,1.383806,-0.769512
1.775504,1.366267,-0.772435
1.780181,1.346682,-0.755481
1.781643,1.336744,-0.753142
1.788951,1.328267,-0.748319
1.79012,1.322713,-0.75665
1.796258,1.318036,-0.754165
1.78632,1.305466,-0.745835
1.793043,1.299328,-0.736042
1.798012,1.29202,-0.729465
1.798305,1.288512,-0.731073
1.806489,1.281497,-0.734142
1.808535,1.275066,-0.727711
1.808243,1.272435,-0.732827
1.812628,1.273897,-0.719088
1.813505,1.270389,-0.721573
1.81672,1.26425,-0.721719
1.817597,1.264835,-0.712949
1.824613,1.258989,-0.721134
1.822274,1.257527,-0.709003
1.822274,1.254019,-0.712072
1.82169,1.257235,-0.706519
1.832213,1.257819,-0.713388
1.821982,1.259573,-0.709734
1.827243,1.251096,-0.700234
1.830751,1.251096,-0.706226
1.82812,1.239988,-0.709149
1.827828,1.244665,-0.702865
1.826074,1.249927,-0.713096
1.815843,1.247881,-0.714265
1.823443,1.245542,-0.707688
1.815843,1.250804,-0.705349
1.823736,1.252558,-0.708419
1.825782,1.24525,-0.705057
1.833382,1.249342,-0.709149
1.823443,1.247004,-0.714849
1.823151,1.244665,-0.716749
1.824613,1.237942,-0.704765
1.831628,1.247004,-0.706957
1.824028,1.245835,-0.706957
1.834259,1.244081,-0.706372
1.829874,1.243204,-0.700234
1.829874,1.244958,-0.703011
1.829874,1.240573,-0.704034
1.832213,1.246127,-0.705057
1.828705,1.249342,-0.705057
1.822567,1.24145,-0.704765
1.822859,1.244958,-0.703888
1.832505,1.242034,-0.709003
1.82929,1.244958,-0.707688
1.825197,1.246419,-0.715288
1.832797,1.239404,-0.700818
1.832797,1.242619,-0.705642
1.826367,1.248173,-0.712657
1.831336,1.249342,-0.700526
1.832213,1.243788,-0.717334
1.826074,1.243496,-0.704911
1.826659,1.251681,-0.691318
1.824613,1.240865,-0.695849
1.823443,1.244081,-0.70418
1.818474,1.249635,-0.695849
1.827536,1.242619,-0.711926
1.830167,1.236773,-0.703449
1.82812,1.242911,-0.706811
1.822274,1.240865,-0.704034
1.821105,1.239696,-0.699211
1.826367,1.242034,-0.699649
1.817013,1.244081,-0.703595
1.82549,1.242911,-0.708419
1.821397,1.232973,-0.702572
1.82929,1.243788,-0.700672
1.819936,1.242034,-0.700965
1.822859,1.238527,-0.70228
1.827243,1.242619,-0.701403
1.821397,1.23385,-0.707688
1.828705,1.243204,-0.715142
1.82549,1.244958,-0.69278
1.818474,1.239988,-0.70038
1.822274,1.238819,-0.696726
1.822274,1.243496,-0.695995
1.824028,1.241158,-0.700088
1.823151,1.237357,-0.692049
1.826951,1.244373,-0.710172
1.826367,1.232973,-0.70228
1.832505,1.236188,-0.699649
1.822274,1.233557,-0.708711
1.82929,1.234434,-0.709442
1.824905,1.235896,-0.695265
1.828413,1.231511,-0.702426
1.824028,1.237065,-0.705495
1.826951,1.231511,-0.70798
1.827828,1.243496,-0.703449
1.822859,1.242327,-0.709442
1.825782,1.245542,-0.706811
1.830167,1.247881,-0.70798
1.828413,1.235896,-0.695265
1.826367,1.244665,-0.707834
1.822859,1.242034,-0.703157
1.828997,1.238527,-0.698041
1.823151,1.243204,-0.712657
1.827536,1.247588,-0.698334
1.827828,1.238527,-0.708126
1.830459,1.242619,-0.696726
1.82169,1.240573,-0.704472
1.825782,1.24905,-0.710903
1.824613,1.244665,-0.700526
1.827243,1.244373,-0.700965
1.823736,1.242911,-0.704765
1.826951,1.240865,-0.690441
1.825782,1.234142,-0.712219
1.822859,1.242034,-0.707688
1.834259,1.242911,-0.710026
1.832797,1.239404,-0.711342
1.831921,1.242911,-0.705057
1.827828,1.246127,-0.706226
1.833674,1.242034,-0.710465
1.827243,1.247296,-0.716457
1.82432,1.244081,-0.704619
1.82052,1.241158,-0.691903
1.828413,1.246419,-0.703011
1.827243,1.247296,-0.700965
1.82169,1.247881,-0.701988
1.826074,1.244958,-0.675826
1.830751,1.245835,-0.705788
1.826367,1.243788,-0.703742
1.82549,1.243204,-0.717626
1.823443,1.239696,-0.71178
1.826367,1.238234,-0.709296
1.821105,1.242619,-0.708272
1.827243,1.244665,-0.708711
1.82812,1.242327,-0.702572
1.823443,1.243204,-0.705642
1.829874,1.242619,-0.703157
1.827536,1.240573,-0.708126
1.82812,1.242619,-0.706665
1.826367,1.245542,-0.709003
1.835136,1.234434,-0.701988
1.822859,1.241158,-0.708857
1.821397,1.236481,-0.708711
1.825197,1.240281,-0.700088
1.828413,1.244081,-0.700234
1.830459,1.241158,-0.704034
1.830459,1.242327,-0.712803
1.823443,1.251681,-0.706665
1.827828,1.238234,-0.712219
1.826074,1.243204,-0.695557
1.831336,1.240573,-0.703303
1.82432,1.244373,-0.701257
1.825782,1.243788,-0.704911
1.823736,1.243496,-0.697603
1.830459,1.242327,-0.699795
1.830459,1.247004,-0.704619
1.820228,1.244081,-0.702572
1.823151,1.240281,-0.707103
1.819643,1.240281,-0.700818
1.827536,1.240573,-0.706665
1.827536,1.247004,-0.702134
1.834844,1.244373,-0.691464
1.825782,1.242619,-0.693511
1.832213,1.24525,-0.697018
1.826659,1.247296,-0.695995
1.826951,1.240281,-0.700234
1.832213,1.24145,-0.709734
1.825782,1.243496,-0.697895
1.829582,1.248758,-0.705349
1.822567,1.246127,-0.700965
1.82812,1.24525,-0.695265
1.822274,1.243496,-0.686641
1.828997,1.243788,-0.687372
1.819643,1.235896,-0.695995
1.819351,1.231804,-0.691903
1.82432,1.238527,-0.710611
1.826074,1.239111,-0.736773
1.831336,1.245542,-0.699211
1.828997,1.24145,-0.691757
1.834551,1.238234,-0.70228
1.824613,1.240281,-0.709442
1.827536,1.242034,-0.694095
1.818474,1.246419,-0.700672
1.827828,1.242911,-0.711196
1.823736,1.247881,-0.692926
1.82929,1.242911,-0.701403
1.819936,1.24145,-0.713096
1.826659,1.239404,-0.701403
1.828997,1.239988,-0.711634
1.822274,1.247296,-0.709442
1.827828,1.241158,-0.705349
1.82549,1.247004,-0.700672
1.826951,1.244081,-0.695849
1.826659,1.238819,-0.696726
1.830459,1.243496,-0.698772
1.819351,1.242034,-0.703449
1.826074,1.24525,-0.694972
1.825782,1.239404,-0.700234
1.828705,1.246711,-0.699649
1.822274,1.24145,-0.693218
1.825197,1.244665,-0.705642
1.824905,1.249342,-0.698918
1.824028,1.244665,-0.695265
1.818182,1.244665,-0.699357
1.825782,1.240573,-0.687957
1.824905,1.239111,-0.695849
1.82432,1.236188,-0.692488
1.821397,1.241742,-0.702134
1.827828,1.239404,-0.697603
1.82169,1.235896,-0.700526
1.825197,1.250219,-0.700672
1.824613,1.238527,-0.693949
1.82549,1.247588,-0.694972
1.82432,1.239404,-0.70228
1.828705,1.240573,-0.70418
1.822274,1.235019,-0.703742
1.823736,1.240865,-0.703303
1.831921,1.242327,-0.691172
1.823151,1.244665,-0.697895
1.821982,1.250804,-0.702572
1.825782,1.243496,-0.686057
1.826659,1.242911,-0.698772
1.831044,1.243496,-0.708565
1.824613,1.254312,-0.698334
1.819936,1.236481,-0.694826
1.827828,1.239696,-0.698772
1.822859,1.239404,-0.697018
1.831044,1.237942,-0.691318
1.82549,1.242327,-0.69088
1.830167,1.240573,-0.69848
1.827536,1.239988,-0.703011
1.830167,1.245835,-0.696726
1.869336,1.25285,-0.698772
1.832505,1.246419,-0.69848
1.825197,1.23385,-0.701403
1.821397,1.242327,-0.698918
1.821982,1.239696,-0.70228
1.826659,1.242034,-0.701549
1.822567,1.238819,-0.698188
1.832505,1.238234,-0.705788
1.828413,1.239404,-0.697895
1.831336,1.239111,-0.70038
1.827243,1.242619,-0.694534
1.822859,1.233557,-0.701257
1.830167,1.241158,-0.69658
1.829582,1.244665,-0.705203
1.827243,1.241742,-0.697018
1.823443,1.246127,-0.702865
1.819351,1.244958,-0.695849
1.823736,1.240865,-0.699942
1.826074,1.242327,-0.696288
1.824028,1.239696,-0.694826
1.826367,1.23765,-0.692488
1.830167,1.239988,-0.699649
1.828705,1.241742,-0.70798
1.826951,1.236773,-0.698188
1.82432,1.238527,-0.703011
1.827828,1.240281,-0.704034
1.830459,1.239988,-0.699211
1.824613,1.245542,-0.704765
1.825782,1.246127,-0.694826
1.829874,1.24145,-0.701842
1.827536,1.240865,-0.699211
1.831628,1.247004,-0.702134
1.829874,1.237357,-0.695411
1.826367,1.241742,-0.702426
1.830167,1.242034,-0.699065
1.827536,1.244958,-0.705349
1.826659,1.234434,-0.700965
1.823443,1.239404,-0.699065
1.820813,1.236773,-0.699503
1.819936,1.241158,-0.701549
1.824028,1.241742,-0.70798
1.823736,1.241158,-0.70228
1.826951,1.239111,-0.702572
1.830167,1.241742,-0.702718
1.82052,1.239988,-0.69468
1.82432,1.244373,-0.710172
1.821397,1.244373,-0.699649
1.819643,1.239111,-0.686787
1.822567,1.246711,-0.700234
1.820813,1.245835,-0.687372
1.82812,1.240573,-0.703449
1.82549,1.241742,-0.700672
1.82432,1.240865,-0.701257
1.82929,1.240573,-0.705642
1.827828,1.237942,-0.692049
1.824905,1.244665,-0.699357
1.82812,1.242911,-0.697603
1.820813,1.24145,-0.70038
1.816428,1.238819,-0.69088
1.82169,1.251388,-0.693072
1.82432,1.251681,-0.684449
1.817305,1.239111,-0.70418
1.817597,1.242619,-0.697018
1.820813,1.239404,-0.695118
1.818182,1.240281,-0.703888
1.830167,1.242911,-0.709149
1.821397,1.239696,-0.707103
1.825197,1.240573,-0.714849
1.821105,1.240281,-0.703742
1.829582,1.23765,-0.701842
1.825782,1.234142,-0.704765
1.822859,1.242619,-0.700234
1.825197,1.240281,-0.704911
1.832797,1.243496,-0.703595
1.831336,1.234434,-0.697311
1.82929,1.233265,-0.699211
1.831044,1.239696,-0.69658
1.830459,1.236773,-0.701111
1.828705,1.239111,-0.696434
1.82929,1.238234,-0.692195
1.827243,1.239111,-0.701403
1.825197,1.234142,-0.697895
1.825197,1.239988,-0.699942
1.829874,1.241158,-0.703011
1.825782,1.23765,-0.690734
1.82812,1.231219,-0.697018
1.819059,1.230342,-0.701257
1.831628,1.235311,-0.705788
1.82812,1.243788,-0.697311
1.82929,1.240865,-0.704911
1.831628,1.24525,-0.694241
1.829582,1.239988,-0.688541
1.827828,1.244665,-0.703011
1.831044,1.23765,-0.694388
1.829874,1.242034,-0.700526
1.831044,1.240281,-0.711926
1.826951,1.241158,-0.70418
1.828705,1.237065,-0.693365
1.835136,1.246127,-0.712219
1.828997,1.238527,-0.70038
1.825197,1.253142,-0.701403
1.825197,1.238234,-0.700088
1.824613,1.238819,-0.701549
1.826367,1.239404,-0.702134
1.820813,1.23765,-0.700965
1.825782,1.236773,-0.696141
1.82812,1.243204,-0.695703
1.824613,1.242034,-0.705057
1.822859,1.236188,-0.701695
1.82812,1.241742,-0.705349
1.82432,1.238819,-0.703011
1.830751,1.24145,-0.709588
1.830167,1.248758,-0.702426
1.82929,1.240573,-0.709734
1.821397,1.236773,-0.702134
1.817597,1.239988,-0.702572
1.825197,1.238819,-0.694826
1.82169,1.24145,-0.703157
1.818182,1.242619,-0.702134
1.821105,1.242619,-0.695703
1.824613,1.242619,-0.689272
1.819643,1.236188,-0.706372
1.820813,1.233557,-0.691903
1.819643,1.238234,-0.691026
1.819936,1.238234,-0.694534
1.82549,1.23385,-0.702134
1.822567,1.244665,-0.702572
1.826951,1.24525,-0.710026
1.826659,1.244081,-0.705057
1.82169,1.244958,-0.700234
1.82052,1.251973,-0.705642
1.820228,1.242327,-0.711342
1.824613,1.251096,-0.70228
1.825782,1.247296,-0.699649
1.822274,1.244373,-0.70608
1.818766,1.247004,-0.707249
1.825197,1.244373,-0.705057
1.820813,1.242619,-0.706665
1.82052,1.241158,-0.700234
1.818474,1.242034,-0.697749
1.819936,1.251096,-0.707395
1.821982,1.248465,-0.707249
1.825782,1.238819,-0.69658
1.819936,1.241158,-0.705349
1.818474,1.244665,-0.702134
1.824028,1.234727,-0.700088
1.820813,1.247004,-0.700526
1.816428,1.240865,-0.702426
1.818474,1.237065,-0.695118
1.813797,1.248173,-0.700526
1.814382,1.242327,-0.688688
1.82052,1.236773,-0.697895
1.817889,1.238819,-0.700672
1.815259,1.239988,-0.693949
1.819936,1.24145,-0.70228
1.814382,1.251681,-0.704619
1.809412,1.24905,-0.701988
1.812043,1.247004,-0.702572
1.819643,1.242034,-0.704472
1.817013,1.242034,-0.703157
1.817013,1.236481,-0.718065
1.824905,1.240281,-0.699065
1.819351,1.239988,-0.704765
1.824905,1.251096,-0.711049
1.818766,1.243496,-0.706519
1.823151,1.24525,-0.702865
1.825782,1.246711,-0.703595
1.82169,1.246419,-0.697311
1.823443,1.247588,-0.708419
1.824028,1.241158,-0.694826
1.819059,1.23765,-0.711342
1.819936,1.237942,-0.69658
1.826951,1.243204,-0.708419
1.821397,1.240865,-0.704034
1.816136,1.240281,-0.703888
1.818766,1.240865,-0.695849
1.82432,1.242911,-0.693657
1.824028,1.236773,-0.698918
1.826367,1.24145,-0.703157
1.826074,1.238527,-0.687811
1.824028,1.240573,-0.699942
1.822567,1.242619,-0.702718
1.819351,1.242911,-0.690003
1.819351,1.24145,-0.696141
1.823736,1.239696,-0.695265
1.820813,1.240573,-0.69468
1.824613,1.246711,-0.701695
1.818766,1.239696,-0.701111
1.821982,1.241742,-0.702134
1.822274,1.24525,-0.692926
1.819059,1.244081,-0.69848
1.826951,1.238527,-0.701549
1.827536,1.237942,-0.704765
1.82432,1.237065,-0.694095
1.822567,1.247588,-0.694241
1.820813,1.244665,-0.703011
1.824905,1.244373,-0.702718
1.815843,1.239696,-0.687664
1.826367,1.246127,-0.70418
1.820228,1.251388,-0.707249
1.819936,1.247004,-0.700672
1.817889,1.246711,-0.706957
1.825197,1.243496,-0.702134
1.826074,1.238819,-0.704472
1.826367,1.243496,-0.687372
1.834259,1.248758,-0.705788
1.824613,1.245835,-0.700818
1.821982,1.24145,-0.703888
1.827536,1.23385,-0.699065
1.826074,1.235604,-0.703011
1.817305,1.240573,-0.710026
1.824905,1.243788,-0.713534
1.819351,1.24145,-0.698626
1.819059,1.238819,-0.705934
1.820813,1.252265,-0.710172
1.824613,1.242034,-0.704765
1.822859,1.240281,-0.704911
1.826951,1.251096,-0.698772
1.825197,1.242911,-0.697749
1.825197,1.242327,-0.703303
1.827828,1.238527,-0.708857
1.825782,1.239696,-0.697018
1.82052,1.245835,-0.697895
1.820228,1.239404,-0.714119
1.818474,1.242034,-0.716165
1.825197,1.249927,-0.713096
1.821982,1.245835,-0.707688
1.827828,1.249342,-0.694826
1.825782,1.247588,-0.701988
1.827536,1.247588,-0.71178
1.82169,1.239696,-0.707834
1.82169,1.246419,-0.702718
1.824028,1.247004,-0.720257
1.820228,1.253435,-0.693949
1.817889,1.247881,-0.710172
1.824613,1.248173,-0.697311
1.824613,1.244373,-0.696872
1.826074,1.243788,-0.700818
1.820228,1.242911,-0.698041
1.816136,1.239404,-0.70228
1.821105,1.245542,-0.708272
1.830459,1.247004,-0.698918
1.822274,1.246127,-0.697749
1.823736,1.243496,-0.703595
1.823443,1.240281,-0.707542
1.823151,1.243788,-0.697311
1.815843,1.237942,-0.698626
1.819643,1.241158,-0.700965
1.819351,1.240573,-0.71178
1.819643,1.24525,-0.712657
1.826951,1.247004,-0.701111
1.822274,1.248465,-0.701403
1.82052,1.249635,-0.69658
1.823151,1.243788,-0.704034
1.819059,1.246711,-0.709588
1.817305,1.243788,-0.707103
1.82052,1.239988,-0.706665
1.822567,1.245542,-0.709442
1.823443,1.241158,-0.700818
1.82432,1.243204,-0.707395
1.820228,1.242327,-0.699503
1.818474,1.246127,-0.707688
1.82052,1.250512,-0.714265
1.826367,1.244665,-0.702572
1.827828,1.244081,-0.710757
1.817305,1.239988,-0.699503
1.825197,1.251973,-0.703449
1.823151,1.244958,-0.702572
1.82169,1.244373,-0.710172
1.830459,1.239404,-0.710026
1.823151,1.24525,-0.694241
1.827536,1.244665,-0.705788
1.835136,1.243496,-0.703742
1.824905,1.246711,-0.703888
1.827243,1.242911,-0.690003
1.820813,1.246711,-0.69278
1.827536,1.238819,-0.707395
1.824028,1.247004,-0.709296
1.821982,1.249635,-0.701403
1.830751,1.249927,-0.705349
1.825197,1.243496,-0.70798
1.82052,1.243788,-0.674803
1.826367,1.245542,-0.709296
1.826951,1.243496,-0.697603
1.831921,1.245542,-0.705788
1.818766,1.266004,-0.716019
1.80532,1.296112,-0.737065
1.775797,1.335867,-0.760304
1.761473,1.381467,-0.775066
1.749781,1.437591,-0.785735
1.735165,1.468869,-0.788366
1.727857,1.500438,-0.779743
1.714119,1.511254,-0.78135
1.724057,1.5133,-0.761181
1.729319,1.517393,-0.750365
1.734581,1.518562,-0.741888
1.736627,1.510377,-0.705642
1.750365,1.504823,-0.695703
1.747442,1.493715,-0.67641
1.759719,1.476469,-0.663695
1.764981,1.461561,-0.657556
1.767319,1.450161,-0.637679
1.782812,1.441976,-0.631248
1.779012,1.426776,-0.631687
1.789828,1.410406,-0.614879
1.796258,1.400175,-0.610056
1.794212,1.391698,-0.597632
1.808535,1.38059,-0.585501
1.803274,1.372406,-0.586232
1.82169,1.360129,-0.571324
1.827536,1.35019,-0.571763
1.817597,1.342005,-0.573809
1.830167,1.336159,-0.560801
1.833967,1.324174,-0.569132
1.829874,1.321251,-0.55247
1.835136,1.304882,-0.540047
1.833382,1.303128,-0.54867
1.846828,1.290851,-0.548085
1.849752,1.285004,-0.541654
1.857936,1.283251,-0.533324
1.85969,1.285004,-0.530839
1.852382,1.280912,-0.542678
1.851213,1.27682,-0.536685
1.853844,1.267758,-0.546331
1.859398,1.265712,-0.540924
1.860567,1.269512,-0.534347
1.859398,1.259573,-0.532447
1.856767,1.256065,-0.535662
1.853844,1.250804,-0.532447
1.859982,1.250219,-0.538293
1.853844,1.251096,-0.52397
1.861152,1.255189,-0.529085
1.85969,1.247296,-0.528939
1.861152,1.245835,-0.540339
1.860859,1.245542,-0.532593
1.869921,1.242911,-0.519146
1.858229,1.251096,-0.530839
1.861736,1.243204,-0.523093
1.863198,1.238527,-0.522508
1.866998,1.231219,-0.522362
1.865829,1.238527,-0.5285
1.865829,1.240865,-0.5266
1.866706,1.228588,-0.5171
1.863198,1.239404,-0.524408
1.861736,1.228588,-0.532739
1.86729,1.226542,-0.532739
1.864075,1.227419,-0.535954
1.865244,1.237357,-0.529524
1.872844,1.229757,-0.540485
1.866413,1.229173,-0.534054
1.866706,1.223911,-0.5209
1.866998,1.224496,-0.534054
1.873429,1.230927,-0.529085
1.880444,1.22245,-0.5228
1.870213,1.217773,-0.517393
1.866413,1.220403,-0.526162
1.871967,1.222157,-0.515639
1.865244,1.230634,-0.528208
1.87226,1.22245,-0.521339
1.87226,1.227711,-0.52397
1.865536,1.226834,-0.530985
1.870506,1.224788,-0.534054
1.87109,1.225373,-0.515785
1.863783,1.22888,-0.528793
1.871967,1.215434,-0.529085
1.875183,1.213096,-0.523677
1.868167,1.225665,-0.527916
1.866706,1.219234,-0.526454
1.869921,1.218357,-0.5266
1.873137,1.215726,-0.527185
1.870798,1.218065,-0.520608
1.867583,1.220696,-0.520754
1.866413,1.214557,-0.519877
1.870506,1.216603,-0.531131
1.87109,1.219234,-0.523385
1.867583,1.223034,-0.525723
1.871967,1.227127,-0.51827
1.871383,1.223911,-0.524993
1.871675,1.220696,-0.52967
1.873137,1.215434,-0.531424
1.880152,1.22128,-0.518708
1.878398,1.219234,-0.523093
1.869044,1.218357,-0.520316
1.866121,1.225665,-0.527039
1.870213,1.229465,-0.520023
1.870798,1.225665,-0.535662
1.864952,1.227127,-0.53347
1.869629,1.218065,-0.523677
1.868459,1.221865,-0.520316
1.874598,1.22245,-0.52587
1.877521,1.227127,-0.526893
1.870798,1.225665,-0.522362
1.870213,1.218357,-0.531131
1.873721,1.227127,-0.513885
1.878398,1.223911,-0.519585
1.877813,1.221865,-0.526454
1.87226,1.232388,-0.516077
1.872844,1.223911,-0.525431
1.879567,1.227127,-0.506431
1.875475,1.22625,-0.512423
1.873137,1.21748,-0.526747
1.871383,1.220988,-0.523385
1.869921,1.218065,-0.52017
1.872844,1.221573,-0.528062
1.869629,1.224496,-0.533177
1.87606,1.222742,-0.530254
1.877813,1.224496,-0.529085
1.877813,1.227419,-0.523823
1.876937,1.216896,-0.512569
1.873137,1.221573,-0.523823
1.870798,1.220111,-0.5171
1.878398,1.218357,-0.522508
1.869921,1.223911,-0.52397
1.873137,1.217188,-0.491669
1.875475,1.219819,-0.519877
1.874598,1.222742,-0.532154
1.869336,1.217773,-0.517539
1.904122,1.22625,-0.528354
1.875767,1.219234,-0.5228
1.880444,1.220403,-0.516808
1.872844,1.220988,-0.520462
1.876937,1.216019,-0.521923
1.877521,1.223619,-0.524116
1.87606,1.211634,-0.519293
1.878106,1.220988,-0.523385
1.875183,1.219526,-0.521193
1.87606,1.224788,-0.516954
1.872844,1.226834,-0.523823
1.875183,1.218357,-0.520316
1.875767,1.225957,-0.524847
1.876644,1.219819,-0.511108
1.87489,1.228296,-0.518562
1.888629,1.224203,-0.526016
1.871383,1.228588,-0.519877
1.876352,1.22245,-0.520316
1.875183,1.223034,-0.518123
1.874598,1.225373,-0.523385
1.879567,1.223327,-0.52777
1.877229,1.224788,-0.523093
1.87489,1.221573,-0.526308
1.866413,1.214265,-0.527185
1.869629,1.227711,-0.516369
1.873721,1.225665,-0.529524
1.869921,1.22625,-0.530108
1.874013,1.219819,-0.523093
1.872552,1.216019,-0.524408
1.873429,1.220111,-0.532008
1.867583,1.223034,-0.530839
1.871967,1.226834,-0.521923
1.869629,1.225665,-0.523239
1.870798,1.22625,-0.533031
1.873429,1.219526,-0.520023
1.870213,1.228004,-0.534493
1.869629,1.22625,-0.535954
1.873137,1.21865,-0.536685
1.873137,1.223034,-0.534931
1.868459,1.220111,-0.533908
1.868752,1.221573,-0.53347
1.877521,1.223034,-0.52777
1.866413,1.225373,-0.522947
1.876937,1.225665,-0.535516
1.867583,1.227711,-0.534054
1.878398,1.223911,-0.524847
1.874013,1.227127,-0.53157
1.873429,1.228004,-0.533762
1.862029,1.224203,-0.527331
1.871383,1.228588,-0.532447
1.869921,1.215434,-0.517246
1.876644,1.223327,-0.525577
1.867875,1.217773,-0.518416
1.87226,1.22625,-0.533908
1.87109,1.224203,-0.5285
1.875767,1.227419,-0.535808
1.87226,1.223911,-0.528647
1.865536,1.220403,-0.545455
1.865536,1.232388,-0.528647
1.868459,1.231804,-0.540047
1.876352,1.223619,-0.526162
1.873137,1.22508,-0.534347
1.866998,1.217188,-0.536831
1.870798,1.226834,-0.524993
1.873429,1.226542,-0.533908
1.869921,1.229173,-0.524408
1.861152,1.219234,-0.528939
1.862906,1.224203,-0.534639
1.874013,1.225373,-0.535516
1.870798,1.223327,-0.531131
1.875183,1.22625,-0.514177
1.866706,1.223619,-0.5285
1.869044,1.22508,-0.522216
1.870506,1.216896,-0.5323
1.877521,1.221865,-0.53157
1.864367,1.222742,-0.520462
1.873429,1.219819,-0.536539
1.869921,1.225665,-0.530693
1.870798,1.22888,-0.532739
1.86729,1.226834,-0.532154
1.861444,1.225957,-0.525723
1.871967,1.22508,-0.529816
1.866413,1.227711,-0.522216
1.86729,1.22128,-0.519146
1.871675,1.221865,-0.521631
1.862906,1.222157,-0.536101
1.862906,1.218942,-0.537854
1.875183,1.222157,-0.532739
1.863198,1.22128,-0.526893
1.870213,1.216896,-0.523823
1.873137,1.221573,-0.520754
1.871383,1.223327,-0.526016
1.867583,1.22245,-0.529377
1.87109,1.218942,-0.520608
1.878398,1.227419,-0.522362
1.868459,1.226542,-0.530254
1.873429,1.221573,-0.519
1.869044,1.220988,-0.525577
1.871967,1.22508,-0.521923
1.87606,1.224788,-0.530547
1.878983,1.225373,-0.52207
1.875767,1.227127,-0.536393
1.876937,1.224788,-0.521631
1.864075,1.22245,-0.523823
1.87489,1.224496,-0.53347
1.873721,1.225373,-0.532008
1.877229,1.224496,-0.519439
1.871967,1.231219,-0.526308
1.878398,1.22128,-0.522216
1.867875,1.222157,-0.535516
1.870798,1.216603,-0.5209
1.876937,1.223911,-0.528793
1.867875,1.223911,-0.53347
1.869629,1.21865,-0.5323
1.864952,1.22245,-0.526893
1.876352,1.219234,-0.532739
1.872844,1.227419,-0.523385
1.875183,1.227127,-0.531716
1.871967,1.223911,-0.515493
1.871383,1.224788,-0.530254
1.869629,1.223619,-0.529816
1.872552,1.224203,-0.531131
1.869629,1.223911,-0.534054
1.870213,1.219819,-0.51827
1.868167,1.226542,-0.517977
1.871383,1.219819,-0.531716
1.866706,1.219234,-0.525285
1.87109,1.220111,-0.516808
1.875475,1.222157,-0.530108
1.869044,1.217773,-0.524847
1.866998,1.216896,-0.534639
1.870213,1.215726,-0.526893
1.86349,1.213388,-0.52397
1.864952,1.220111,-0.517685
1.873721,1.220403,-0.5133
1.869629,1.220403,-0.489038
1.875183,1.215142,-0.524993
1.870798,1.21748,-0.556124
1.876352,1.216896,-0.519585
1.87226,1.22888,-0.521777
1.881614,1.219234,-0.534201
1.871967,1.22245,-0.528647
1.877229,1.223327,-0.526454
1.873429,1.220696,-0.517393
1.874306,1.22128,-0.52397
1.871967,1.221865,-0.533324
1.870506,1.222742,-0.528208
1.87606,1.218942,-0.5304
1.870506,1.230342,-0.522362
1.875183,1.227127,-0.519
1.868752,1.214557,-0.528354
1.87606,1.219819,-0.5285
1.871675,1.221573,-0.538147
1.874306,1.219819,-0.529231
1.871675,1.214265,-0.525431
1.882783,1.223619,-0.519293
1.87226,1.223327,-0.52017
1.864659,1.224788,-0.525139
1.873137,1.216896,-0.524847
1.873721,1.221865,-0.527623
1.876937,1.224788,-0.523677
1.865536,1.219234,-0.521339
1.858229,1.219234,-0.523093
1.870506,1.218357,-0.51827
1.87869,1.220988,-0.523093
1.868752,1.23005,-0.510377
1.869044,1.227127,-0.524993
1.867875,1.224203,-0.522216
1.874306,1.214849,-0.534931
1.87226,1.226542,-0.530547
1.869921,1.22245,-0.521485
1.87109,1.219234,-0.525139
1.870506,1.228004,-0.524554
1.873721,1.218357,-0.527185
1.874306,1.215726,-0.527185
1.871383,1.221573,-0.527623
1.874306,1.219819,-0.520608
1.870506,1.217773,-0.526162
1.867583,1.218942,-0.53727
1.874013,1.220111,-0.523823
1.877813,1.221573,-0.524993
1.86729,1.229465,-0.521631
1.870213,1.225665,-0.525139
1.87109,1.225957,-0.515346
1.875183,1.218065,-0.526308
1.870213,1.216896,-0.524847
1.87606,1.218065,-0.523823
1.862321,1.221865,-0.5209
1.905875,1.218357,-0.525285
1.871383,1.224788,-0.516954
1.87109,1.217188,-0.5228
1.866706,1.22625,-0.517685
1.870798,1.22128,-0.530839
1.868459,1.221865,-0.521339
1.868752,1.220988,-0.524554
1.872552,1.224788,-0.526747
1.875183,1.225665,-0.529524
1.867875,1.226542,-0.531277
1.867583,1.22508,-0.527331
1.874306,1.225665,-0.527477
1.868459,1.224203,-0.512862
1.869336,1.224496,-0.514031
1.873429,1.222157,-0.5209
1.874013,1.22245,-0.518123
1.871967,1.219234,-0.521046
1.867875,1.225665,-0.528793
1.866706,1.218357,-0.516662
1.87109,1.220988,-0.522947
1.873721,1.21748,-0.517685
1.876644,1.227127,-0.527477
1.872552,1.219819,-0.518123
1.870798,1.222157,-0.521777
1.875475,1.224788,-0.52777
1.878398,1.215142,-0.523385
1.870213,1.227419,-0.517246
1.877229,1.221573,-0.532154
1.873721,1.223911,-0.526893
1.871967,1.219819,-0.521339
1.873429,1.22128,-0.534347
1.871383,1.219819,-0.52397
1.869629,1.228588,-0.522508
1.866706,1.223911,-0.525431
1.87226,1.224203,-0.538293
1.870798,1.21748,-0.522362
1.866121,1.216603,-0.5095
1.873137,1.220403,-0.517539
1.87986,1.221573,-0.524262
1.866413,1.21368,-0.525139
1.871383,1.228588,-0.530254
1.863783,1.233557,-0.512862
1.874598,1.229173,-0.523093
1.870798,1.214849,-0.52777
1.866413,1.229173,-0.523677
1.867583,1.231511,-0.532154
1.87109,1.219526,-0.523677
1.871383,1.218357,-0.52017
1.871967,1.223034,-0.521485
1.864659,1.225665,-0.518123
1.864075,1.216311,-0.529085
1.87109,1.219234,-0.525577
1.871967,1.223619,-0.517977
1.871383,1.226834,-0.524847
1.870506,1.223034,-0.527039
1.86729,1.21748,-0.52587
1.871383,1.223034,-0.521631
1.869629,1.223911,-0.532593
1.879567,1.220403,-0.527331
1.870213,1.22245,-0.526747
1.870213,1.21865,-0.533177
1.869044,1.227419,-0.510962
1.866706,1.222742,-0.518708
1.868459,1.216896,-0.502192
1.868167,1.21865,-0.510816
1.872552,1.227127,-0.526308
1.871967,1.22245,-0.520754
1.875183,1.222742,-0.508916
1.876644,1.228004,-0.511692
1.873721,1.22888,-0.525723
1.864952,1.220403,-0.519585
1.873721,1.216311,-0.520462
1.874598,1.225373,-0.518123
1.836305,1.218357,-0.517246
1.874306,1.224203,-0.526747
1.870798,1.22625,-0.52207
1.87489,1.225957,-0.519146
1.871967,1.225957,-0.520462
1.874306,1.222742,-0.52777
1.877229,1.22888,-0.516954
1.87109,1.222157,-0.523239
1.871967,1.225957,-0.530108
1.875475,1.225373,-0.529377
1.869629,1.21865,-0.517977
1.87226,1.220988,-0.509208
1.868752,1.216311,-0.512716
1.879567,1.220111,-0.515639
1.871675,1.223911,-0.514762
1.878106,1.23005,-0.517977
1.875183,1.229465,-0.522216
1.872552,1.225373,-0.514469
1.875767,1.220696,-0.516077
1.875183,1.22245,-0.514177
1.873137,1.219819,-0.517685
1.877521,1.218942,-0.511839
1.875475,1.223619,-0.511108
1.87109,1.214265,-0.516954
1.87489,1.22625,-0.510669
1.869044,1.22508,-0.518854
1.874598,1.223327,-0.520023
1.874598,1.222157,-0.517393
1.876937,1.224496,-0.508331
1.882783,1.215726,-0.523531
1.874598,1.223034,-0.51827
1.879275,1.219526,-0.523823
1.883367,1.225665,-0.516516
1.880152,1.227711,-0.513739
1.878983,1.220988,-0.526016
1.87226,1.226834,-0.526162
1.874598,1.22245,-0.488161
1.881614,1.227127,-0.4886
1.886583,1.223034,-0.525431
1.885414,1.223327,-0.520316
1.869921,1.219526,-0.526454
1.872552,1.228588,-0.514616
1.877813,1.216019,-0.522508
1.876937,1.218942,-0.516223
1.874598,1.216896,-0.5285
1.87869,1.223619,-0.517539
1.872552,1.222157,-0.5095
1.879275,1.221573,-0.512862
1.873137,1.216311,-0.524116
1.871967,1.223619,-0.526016
1.877813,1.219234,-0.519293
1.878106,1.219234,-0.518708
1.874598,1.219234,-0.519
1.875183,1.219526,-0.525723
1.878983,1.224788,-0.513154
1.874306,1.221865,-0.519877
1.875183,1.224203,-0.512716
1.872552,1.219526,-0.519585
1.876352,1.222157,-0.519146
1.871675,1.220403,-0.521631
1.881321,1.227711,-0.520316
1.883952,1.224788,-0.5114
1.880152,1.219819,-0.519439
1.875475,1.222742,-0.524262
1.875767,1.224788,-0.519585
1.873429,1.220403,-0.516662
1.869921,1.216019,-0.516954
1.872844,1.222742,-0.515931
1.870798,1.222742,-0.514469
1.875183,1.22128,-0.510377
1.872552,1.223034,-0.518416
1.874306,1.228588,-0.506139
1.87489,1.222742,-0.516516
1.871383,1.229173,-0.513885
1.874306,1.221865,-0.518416
1.880152,1.222157,-0.517246
1.870506,1.220988,-0.513593
1.876644,1.224788,-0.515346
1.879567,1.223327,-0.509062
1.87869,1.225665,-0.511839
1.872552,1.22625,-0.508769
1.881029,1.222157,-0.519731
1.87109,1.225957,-0.520023
1.834551,1.223619,-0.509062
1.869336,1.230342,-0.522654
1.87869,1.227127,-0.5171
1.874598,1.225665,-0.528647
1.87489,1.219819,-0.523239
1.874598,1.23005,-0.512862
1.880152,1.227419,-0.521923
1.871967,1.225373,-0.518123
1.871967,1.221865,-0.507308
1.869044,1.223327,-0.513008
1.869921,1.219819,-0.513446
1.873721,1.223327,-0.514762
1.874306,1.231804,-0.511254
1.876937,1.228588,-0.508477
1.877813,1.225373,-0.5152
1.865244,1.22625,-0.523093
1.875475,1.227419,-0.518854
1.878398,1.228004,-0.5057
1.873721,1.228588,-0.5076
1.879275,1.22508,-0.5133
1.87606,1.224203,-0.521777
1.866121,1.224496,-0.519731
1.876644,1.225373,-0.524993
1.87869,1.232096,-0.502338
1.87606,1.224203,-0.522216
1.866998,1.224203,-0.512131
1.873429,1.227711,-0.524116
1.872844,1.223911,-0.525723
1.873721,1.222157,-0.521777
1.873429,1.230927,-0.521631
1.869921,1.219526,-0.513446
1.87489,1.22245,-0.511254
1.869336,1.224203,-0.514762
1.877813,1.228588,-0.509354
1.878106,1.23005,-0.514323
1.873721,1.21748,-0.509062
1.873721,1.223911,-0.518708
1.878398,1.217773,-0.523677
1.869044,1.225957,-0.514616
1.877229,1.232388,-0.5114
1.871675,1.224496,-0.513154
1.870213,1.221865,-0.510231
1.87109,1.22508,-0.523531
1.874598,1.223911,-0.507015
1.877229,1.222742,-0.514177
1.874013,1.223619,-0.522947
1.878106,1.227711,-0.511108
1.875475,1.222742,-0.519585
1.885706,1.223911,-0.510231
1.871383,1.224496,-0.515493
1.870506,1.239111,-0.517685
1.857644,1.259866,-0.524262
1.845951,1.293774,-0.537124
1.82432,1.349021,-0.553347
1.798012,1.39316,-0.591055
1.783397,1.426191,-0.61254
1.774627,1.441099,-0.63154
1.773166,1.453668,-0.637971
1.766443,1.469161,-0.644987
1.759719,1.475007,-0.664572
1.749781,1.4905,-0.675826
1.735457,1.497223,-0.690149
1.736627,1.503069,-0.704472
1.738381,1.504238,-0.714411
1.729611,1.509792,-0.720988
1.736627,1.513592,-0.724788
1.72815,1.5171,-0.742034
1.729904,1.514177,-0.755773
1.728442,1.512131,-0.754312
1.726396,1.505408,-0.763373
1.725811,1.513885,-0.760012
1.728734,1.5057,-0.769512
1.730488,1.506869,-0.765127
1.729027,1.507454,-0.766443
1.727273,1.505408,-0.765712
1.730196,1.500438,-0.766735
1.727565,1.489038,-0.766881
1.72815,1.491084,-0.772873
1.733411,1.491669,-0.785589
1.735165,1.485823,-0.784274
1.725519,1.482315,-0.771704
1.723473,1.486115,-0.779158
1.733411,1.479392,-0.784274
1.737504,1.474423,-0.786904
1.736042,1.469453,-0.780327
1.737504,1.466238,-0.789681
1.736334,1.47413,-0.79012
1.73575,1.464192,-0.774481
1.734288,1.468284,-0.789535
1.733411,1.47413,-0.789974
1.73955,1.461853,-0.782374
1.738673,1.45133,-0.780766
1.734873,1.464776,-0.787489
1.738088,1.461853,-0.785297
1.736627,1.457761,-0.792458
1.738965,1.465653,-0.789828
1.736334,1.451038,-0.792166
1.744811,1.450745,-0.792605
1.741596,1.450453,-0.78442
1.738673,1.446068,-0.786174
1.744519,1.44753,-0.780766
1.744811,1.447238,-0.784712
1.744227,1.451038,-0.776381
1.740719,1.443438,-0.78442
1.748612,1.439345,-0.783543
1.736627,1.44373,-0.787051
1.745104,1.452792,-0.785589
1.738673,1.443438,-0.780912
1.741011,1.446361,-0.789389
1.741011,1.449868,-0.793189
1.752704,1.442561,-0.793628
1.746273,1.443145,-0.777843
1.746273,1.444314,-0.785589
1.73955,1.45513,-0.775797
1.746858,1.447822,-0.782666
1.738965,1.43993,-0.786027
1.74715,1.444899,-0.789681
1.748319,1.448115,-0.791143
1.745981,1.445192,-0.785735
1.747735,1.446361,-0.781935
1.741304,1.43993,-0.780474
1.748027,1.440807,-0.784274
1.748027,1.440222,-0.792605
1.741888,1.440514,-0.782374
1.743058,1.439345,-0.782227
1.741596,1.442853,-0.786174
1.744227,1.442561,-0.783543
1.742473,1.435253,-0.790997
1.74715,1.443438,-0.788658
1.749488,1.440514,-0.77872
1.753873,1.440807,-0.787635
1.752996,1.435838,-0.786612
1.751535,1.438468,-0.789828
1.746273,1.441684,-0.754312
1.750365,1.440222,-0.78632
1.749196,1.443145,-0.791728
1.745104,1.444314,-0.782958
1.74715,1.441391,-0.77755
1.748612,1.441391,-0.777843
1.75095,1.435545,-0.785735
1.748319,1.443145,-0.785297
1.747442,1.439053,-0.776673
1.745688,1.434376,-0.789389
1.749196,1.440807,-0.785589
1.748319,1.441391,-0.78632
1.750365,1.437591,-0.801228
1.746565,1.439638,-0.790997
1.745981,1.44373,-0.790851
1.74715,1.437007,-0.789535
1.750658,1.443145,-0.788658
1.745104,1.433207,-0.784712
1.750658,1.436422,-0.792458
1.755042,1.44753,-0.78442
1.749488,1.432914,-0.787635
1.755919,1.43993,-0.782374
1.752119,1.437591,-0.792458
1.751242,1.441391,-0.787343
1.748612,1.43116,-0.782812
1.745688,1.440807,-0.780766
1.745688,1.44753,-0.786904
1.749196,1.442561,-0.784858
1.746858,1.437299,-0.78632
1.755042,1.437299,-0.779158
1.741011,1.436422,-0.790266
1.755919,1.432622,-0.788804
1.751535,1.444022,-0.789974
1.750365,1.443438,-0.783689
1.746858,1.440222,-0.791728
1.747735,1.442561,-0.786027
1.755627,1.44373,-0.780912
1.748612,1.441976,-0.776527
1.750073,1.439638,-0.789828
1.748027,1.430868,-0.784274
1.749196,1.438176,-0.779889
1.743935,1.442561,-0.781204
1.740427,1.438468,-0.779597
1.746858,1.431453,-0.787051
1.743642,1.438176,-0.792605
1.749488,1.43613,-0.792166
1.744227,1.438176,-0.782958
1.741304,1.438761,-0.783543
1.751242,1.444607,-0.787928
1.745396,1.437299,-0.792458
1.742473,1.436422,-0.784274
1.746858,1.435838,-0.786758
1.743058,1.437007,-0.785881
1.74335,1.429699,-0.792605
1.752412,1.440514,-0.773166
1.743642,1.440222,-0.777404
1.747735,1.434668,-0.790558
1.748027,1.431745,-0.780912
1.751535,1.431453,-0.77682
1.744227,1.440222,-0.780474
1.743058,1.443438,-0.785297
1.746565,1.444022,-0.790412
1.750658,1.443145,-0.794651
1.753289,1.436714,-0.786612
1.749488,1.438176,-0.792312
1.744811,1.441976,-0.787343
1.744811,1.44373,-0.791728
1.749196,1.448699,-0.787051
1.748027,1.439053,-0.790704
1.747735,1.440807,-0.788804
1.755042,1.438761,-0.78822
1.749488,1.446653,-0.789535
1.749196,1.44753,-0.777843
1.750658,1.437299,-0.788658
1.743058,1.436422,-0.789681
1.752412,1.437884,-0.79202
1.750658,1.444314,-0.79012
1.743935,1.435545,-0.782081
1.751535,1.435545,-0.786174
1.741596,1.447822,-0.782081
1.737796,1.435545,-0.780327
1.745981,1.438176,-0.786027
1.747442,1.445192,-0.78442
1.741011,1.442853,-0.772289
1.739842,1.443145,-0.779158
1.747735,1.445484,-0.779158
1.746273,1.444607,-0.78442
1.746858,1.439638,-0.786466
1.743058,1.439345,-0.782227
1.741304,1.441976,-0.791581
1.742473,1.439638,-0.784566
1.753289,1.440222,-0.77492
1.749781,1.43993,-0.783251
1.745104,1.442268,-0.780181
1.751242,1.437884,-0.790266
1.741596,1.449284,-0.786466
1.749488,1.437299,-0.793628
1.753289,1.434668,-0.780035
1.755042,1.436714,-0.792312
1.743058,1.439345,-0.788804
1.746565,1.43993,-0.778281
1.755627,1.441099,-0.786466
1.751242,1.442268,-0.778135
1.746273,1.438761,-0.791728
1.746858,1.440807,-0.787781
1.755335,1.450453,-0.776673
1.74715,1.441976,-0.787343
1.748027,1.441976,-0.783981
1.750073,1.43496,-0.773604
1.750073,1.441391,-0.787197
1.745688,1.438176,-0.787781
1.749781,1.440222,-0.788658
1.754458,1.441099,-0.785151
1.751242,1.437299,-0.778574
1.749781,1.446361,-0.787781
1.751242,1.442268,-0.783397
1.750073,1.443145,-0.773897
1.739258,1.433791,-0.781058
1.748319,1.440514,-0.776089
1.748612,1.43993,-0.782958
1.749196,1.447822,-0.777258
1.742473,1.446068,-0.773604
1.748027,1.437591,-0.786027
1.748027,1.436714,-0.781643
1.743935,1.437884,-0.772289
1.745981,1.442561,-0.777989
1.752119,1.442561,-0.776673
1.745688,1.436422,-0.775943
1.741304,1.436714,-0.772727
1.742473,1.441976,-0.77755
1.752119,1.436714,-0.778574
1.746858,1.434668,-0.784274
1.749488,1.43993,-0.77565
1.752119,1.446361,-0.780327
1.749781,1.446653,-0.795089
1.746565,1.438761,-0.792897
1.744227,1.441684,-0.785443
1.746858,1.443438,-0.779743
1.754458,1.438468,-0.785881
1.748904,1.440514,-0.77565
1.755042,1.435253,-0.779889
1.746858,1.437884,-0.782666
1.748612,1.440514,-0.782374
1.750658,1.441684,-0.764981
1.745981,1.442853,-0.781789
1.749781,1.438761,-0.780912
1.750658,1.434668,-0.782812
1.750073,1.439053,-0.780035
1.755919,1.438761,-0.771412
1.743935,1.441976,-0.788366
1.748027,1.440514,-0.774627
1.746858,1.435545,-0.783397
1.743642,1.43496,-0.773458
1.744811,1.435545,-0.770096
1.738965,1.435545,-0.777112
1.746565,1.447822,-0.783251
1.743642,1.433791,-0.777112
1.748027,1.438761,-0.780912
1.748027,1.447238,-0.788512
1.751827,1.445776,-0.779743
1.744227,1.43993,-0.783689
1.751535,1.441391,-0.787489
1.750365,1.446361,-0.782958
1.756796,1.440807,-0.772727
1.750365,1.440807,-0.786758
1.749781,1.441099,-0.776673
1.745688,1.438176,-0.788951
1.752119,1.439345,-0.779889
1.748612,1.441684,-0.774189
1.748612,1.442268,-0.763666
1.744227,1.43993,-0.782958
1.747442,1.439345,-0.784858
1.742473,1.442853,-0.788366
1.748612,1.434376,-0.784127
1.745396,1.440807,-0.780766
1.75095,1.442853,-0.781497
1.752412,1.440807,-0.784712
1.744227,1.436422,-0.774043
1.745688,1.438761,-0.778866
1.751535,1.437299,-0.783981
1.744811,1.438468,-0.788804
1.753873,1.440514,-0.779012
1.752996,1.442853,-0.782374
1.748027,1.44373,-0.77682
1.752119,1.442561,-0.776673
1.746565,1.443438,-0.787781
1.748612,1.439345,-0.787635
1.747735,1.43233,-0.790266
1.743642,1.442853,-0.788512
1.748612,1.446068,-0.780327
1.741596,1.442853,-0.780035
1.746858,1.435838,-0.783397
1.745396,1.444899,-0.783981
1.745981,1.443145,-0.797574
1.742473,1.439638,-0.777843
1.748027,1.444607,-0.786466
1.751242,1.442561,-0.785297
1.749781,1.443145,-0.78252
1.746273,1.43613,-0.767173
1.746858,1.437007,-0.785004
1.745981,1.437884,-0.779304
1.751535,1.440807,-0.783251
1.746858,1.441684,-0.775212
1.750658,1.435545,-0.789243
1.752119,1.437007,-0.782227
1.754165,1.438176,-0.775943
1.749781,1.435253,-0.788074
1.75475,1.434084,-0.77755
1.749488,1.438468,-0.780035
1.750365,1.43993,-0.789243
1.741011,1.433499,-0.795966
1.74715,1.440807,-0.794066
1.748612,1.434668,-0.788512
1.746273,1.440222,-0.787343
1.750658,1.43233,-0.789974
1.754458,1.436714,-0.786758
1.752704,1.431453,-0.783835
1.752119,1.433791,-0.792312
1.75095,1.434668,-0.786904
1.745688,1.429407,-0.788804
1.751827,1.429407,-0.781789
1.743642,1.439345,-0.787489
1.745688,1.43496,-0.778281
1.746273,1.437007,-0.77375
1.745396,1.43993,-0.778281
1.751242,1.434084,-0.791581
1.756504,1.432914,-0.791581
1.747735,1.438761,-0.783689
1.752119,1.439345,-0.785151
1.745981,1.43233,-0.781643
1.749488,1.426776,-0.782666
1.752412,1.437299,-0.781935
1.744227,1.430576,-0.77872
1.748612,1.437591,-0.775212
1.741888,1.435545,-0.782958
1.74715,1.441684,-0.790704
1.748027,1.432914,-0.778135
1.750073,1.441684,-0.789828
1.752996,1.434084,-0.785443
1.754458,1.442853,-0.783689
1.749196,1.438761,-0.778574
1.753873,1.437591,-0.774773
1.743642,1.435545,-0.784566
1.750365,1.43233,-0.781789
1.745981,1.436714,-0.788658
1.746273,1.441684,-0.77755
1.747442,1.438761,-0.794797
1.746858,1.435838,-0.778427
1.754165,1.442853,-0.786466
1.750658,1.441099,-0.780766
1.746565,1.441099,-0.785443
1.752119,1.440807,-0.778135
1.749196,1.435545,-0.783397
1.751242,1.444607,-0.798451
1.743058,1.439638,-0.785004
1.742765,1.43993,-0.783543
1.746565,1.435253,-0.781935
1.74715,1.441684,-0.786904
1.746273,1.444607,-0.795674
1.745688,1.443438,-0.788366
1.743642,1.445484,-0.786904
1.74335,1.435838,-0.786758
1.745104,1.443145,-0.797135
1.746273,1.437591,-0.789828
1.744811,1.445192,-0.79582
1.745688,1.444022,-0.795235
1.753581,1.439638,-0.787635
1.746858,1.439345,-0.792897
1.742181,1.441976,-0.785589
1.748904,1.43496,-0.784858
1.743642,1.438468,-0.785881
1.744519,1.438761,-0.776966
1.745396,1.440222,-0.780474
1.744811,1.438176,-0.783251
1.744519,1.442268,-0.782081
1.745981,1.440807,-0.782958
1.742181,1.435545,-0.782812
1.748612,1.442853,-0.786758
1.745688,1.439638,-0.786174
1.746565,1.435838,-0.772581
1.748904,1.438468,-0.78135
1.749781,1.445776,-0.784858
1.749488,1.441976,-0.782374
1.754165,1.438761,-0.788951
1.749488,1.433499,-0.787489
1.748904,1.439053,-0.78252
1.751242,1.441099,-0.771558
1.751242,1.43496,-0.791581
1.748319,1.439638,-0.786758
1.750365,1.439638,-0.780327
1.743642,1.438176,-0.787051
1.736627,1.439053,-0.792312
1.746858,1.437591,-0.788512
1.754458,1.438176,-0.776089
1.743058,1.437299,-0.780035
1.752996,1.442853,-0.776527
1.74335,1.441684,-0.785004
1.738381,1.43233,-0.788074
1.741011,1.436714,-0.779304
1.747735,1.44373,-0.781058
1.755042,1.441391,-0.795381
1.741304,1.445192,-0.78632
1.748904,1.438761,-0.787489
1.744811,1.448699,-0.793481
1.745104,1.441684,-0.791728
1.751242,1.438176,-0.791581
1.748027,1.437299,-0.756504
1.749781,1.444899,-0.81979
1.749781,1.438761,-0.787489
1.750365,1.445776,-0.788804
1.746858,1.429114,-0.783251
1.746273,1.437007,-0.790266
1.749488,1.441976,-0.786758
1.748027,1.437591,-0.79582
1.73955,1.442561,-0.787781
1.749488,1.439638,-0.781058
1.740427,1.441099,-0.774773
1.746565,1.439053,-0.785004
1.749488,1.440807,-0.785297
1.751827,1.444899,-0.791874
1.741888,1.439053,-0.787781
1.748027,1.435545,-0.785151
1.749196,1.441976,-0.781497
1.746858,1.442561,-0.792166
1.752119,1.440222,-0.792605
1.749196,1.441976,-0.783251
1.740427,1.445192,-0.778574
1.74335,1.44753,-0.778427
1.745688,1.436714,-0.788366
1.742473,1.432914,-0.794358
1.758258,1.438176,-0.790997
1.743058,1.444022,-0.791435
1.749781,1.440222,-0.798451
1.741596,1.436422,-0.799328
1.751535,1.431453,-0.789535
1.749781,1.43496,-0.787197
1.748904,1.435253,-0.790412
1.741011,1.43496,-0.793043
1.746858,1.435838,-0.788951
1.745981,1.430868,-0.783981
1.74715,1.432037,-0.791435
1.74715,1.435253,-0.785151
1.741011,1.436714,-0.784712
1.748027,1.43496,-0.791289
1.745104,1.436714,-0.787635
1.750365,1.439053,-0.790851
1.740427,1.440514,-0.792897
1.746565,1.438468,-0.795528
1.748612,1.437299,-0.821251
1.743058,1.437007,-0.782374
1.744227,1.437884,-0.788512
1.746273,1.432622,-0.794358
1.748319,1.432622,-0.77682
1.748319,1.42736,-0.791435
1.736627,1.439638,-0.774627
1.746565,1.432914,-0.796551
1.744227,1.43993,-0.796112
1.746273,1.446068,-0.783251
1.74715,1.433499,-0.788512
1.743058,1.432914,-0.789097
1.749196,1.444022,-0.778574
1.74715,1.434376,-0.77872
1.743935,1.435838,-0.777989
1.738381,1.437884,-0.780035
1.744519,1.440222,-0.787781
1.746565,1.437299,-0.778427
1.751535,1.441391,-0.801082
1.744519,1.43613,-0.785881
1.741011,1.431745,-0.794651
1.748612,1.435838,-0.780181
1.750365,1.444314,-0.77682
1.744811,1.436714,-0.788074
1.738965,1.437884,-0.780474
1.742473,1.439638,-0.783397
1.742181,1.438468,-0.790997
1.74335,1.444899,-0.784127
1.74335,1.439638,-0.785735
1.745688,1.436422,-0.785881
1.742181,1.437007,-0.78252
1.748612,1.441099,-0.780474
1.742765,1.435253,-0.785443
1.746858,1.441391,-0.781497
1.743935,1.444607,-0.784127
1.749488,1.441684,-0.790412
1.749781,1.43993,-0.787051
1.744811,1.441391,-0.78632
1.748612,1.440222,-0.788951
1.741596,1.443438,-0.783835
1.741888,1.440807,-0.778574
1.736919,1.436714,-0.774627
1.747442,1.440222,-0.785589
1.738088,1.43993,-0.749196
1.74335,1.43993,-0.785735
1.738673,1.439053,-0.784274
1.744227,1.441976,-0.784274
1.748612,1.441976,-0.787928
1.737796,1.438761,-0.783104
1.744227,1.441976,-0.782374
1.744227,1.43993,-0.785881
1.737504,1.43496,-0.789389
1.743642,1.441391,-0.787197
1.745688,1.442268,-0.788074
1.743058,1.436714,-0.778427
1.738965,1.439345,-0.775358
1.747735,1.441684,-0.787928
1.745981,1.442268,-0.783543
1.736042,1.439345,-0.783251
1.74335,1.43496,-0.775066
1.740134,1.441684,-0.789389
1.737211,1.444314,-0.783543
1.741011,1.434084,-0.783104
1.747735,1.429114,-0.786758
1.738673,1.439638,-0.793043
1.742765,1.439638,-0.794943
1.746565,1.437884,-0.788658
1.742765,1.443438,-0.784274
1.745981,1.448115,-0.79012
1.742765,1.438176,-0.790266
1.746565,1.43233,-0.778866
1.738088,1.444314,-0.788366
1.734873,1.43993,-0.789828
1.736627,1.441684,-0.78822
1.745396,1.444022,-0.785589
1.742181,1.438176,-0.786466
1.746565,1.444314,-0.78252
1.745688,1.437884,-0.782081
1.744811,1.445192,-0.786466
1.74715,1.437007,-0.783689
1.748612,1.441976,-0.779012
1.741304,1.438468,-0.773604
1.743642,1.442268,-0.783251
1.746858,1.437007,-0.771266
1.744227,1.430868,-0.78442
1.74335,1.441976,-0.786904
1.734288,1.445484,-0.787197
1.74715,1.44373,-0.775797
1.741304,1.437591,-0.779597
1.742181,1.437591,-0.787343
1.752412,1.437299,-0.781204
1.754458,1.441099,-0.784274
1.744811,1.441684,-0.786174
1.743058,1.436422,-0.780327
1.739842,1.430284,-0.782812
1.738965,1.451038,-0.78252
1.724642,1.47033,-0.784858
1.724642,1.482315,-0.776089
1.729027,1.503654,-0.767904
1.725227,1.512716,-0.762935
1.72815,1.510085,-0.755773
1.722011,1.514177,-0.750365
1.729319,1.515054,-0.738965
1.726688,1.512423,-0.746858
1.728442,1.511839,-0.726542
1.74335,1.514177,-0.714849
1.733704,1.510669,-0.71368
1.741596,1.493423,-0.717188
1.746273,1.495469,-0.694241
1.748027,1.496931,-0.701111
1.736919,1.492546,-0.683426
1.744811,1.492254,-0.687518
1.749196,1.484946,-0.659749
1.753581,1.4829,-0.672464
1.752996,1.4753,-0.659602
1.756504,1.468284,-0.668079
1.756796,1.472376,-0.655949
1.757673,1.465361,-0.650687
1.771704,1.464776,-0.644402
1.762935,1.461853,-0.640164
1.761766,1.456007,-0.633002
1.769658,1.460684,-0.633587
1.765273,1.459222,-0.632856
1.769073,1.448992,-0.633879
1.775504,1.449576,-0.637387
1.77112,1.444314,-0.63271
1.77492,1.44753,-0.625548
1.771996,1.435838,-0.628617
1.777258,1.437299,-0.627448
1.780766,1.443438,-0.631979
1.776673,1.432914,-0.624671
1.776673,1.442853,-0.627156
1.787197,1.433791,-0.620871
1.776381,1.431745,-0.630956
1.783981,1.430576,-0.621894
1.783689,1.429114,-0.620579
1.78632,1.430576,-0.621894
1.785443,1.427653,-0.613856
1.78632,1.424437,-0.61941
1.788366,1.43233,-0.616925
1.784274,1.42853,-0.621163
1.783104,1.417422,-0.613417
1.781935,1.422976,-0.619263
1.788366,1.419176,-0.614148
1.789243,1.423853,-0.616633
1.795966,1.425606,-0.609325
1.790997,1.42093,-0.606548
1.797135,1.415668,-0.61254
1.793043,1.421514,-0.605379
1.785151,1.420637,-0.608594
1.787197,1.418299,-0.614294
1.789243,1.410699,-0.611079
1.78135,1.422391,-0.612102
1.784274,1.413037,-0.61064
1.787197,1.409529,-0.608886
1.790997,1.409822,-0.607279
1.793043,1.414206,-0.608594
1.787489,1.411576,-0.604794
1.786027,1.414206,-0.606694
1.786612,1.410114,-0.60684
1.79392,1.410991,-0.606694
1.787197,1.412745,-0.602309
1.786904,1.413037,-0.608155
1.777843,1.416545,-0.613563
1.788366,1.405145,-0.599678
1.791289,1.411283,-0.597778
1.788658,1.408652,-0.590178
1.792166,1.409529,-0.598948
1.79012,1.411576,-0.602894
1.785443,1.408068,-0.602748
1.787781,1.418006,-0.61254
1.788366,1.410406,-0.604355
1.789243,1.413037,-0.599825
1.790704,1.409529,-0.606986
1.782812,1.408945,-0.601578
1.784566,1.410699,-0.600117
1.788951,1.410991,-0.602309
1.789243,1.412452,-0.593101
1.79012,1.408652,-0.592955
1.790704,1.407776,-0.593686
1.791289,1.408652,-0.600409
1.799474,1.411868,-0.608302
1.790704,1.408652,-0.610056
1.79012,1.411576,-0.604209
1.793043,1.40836,-0.596901
1.783689,1.416545,-0.598363
1.786612,1.410406,-0.59734
1.79392,1.405437,-0.602309
1.793628,1.410991,-0.599971
1.793043,1.414206,-0.605232
1.791581,1.413037,-0.603625
1.794797,1.412745,-0.607425
1.795966,1.408068,-0.597194
1.797428,1.413329,-0.599971
1.793628,1.404268,-0.605671
1.798305,1.411576,-0.605817
1.792458,1.409822,-0.606548
1.795381,1.415376,-0.592809
1.796258,1.410991,-0.602309
1.798305,1.417714,-0.597632
1.798305,1.406314,-0.603625
1.798597,1.407483,-0.596755
1.798305,1.408652,-0.609179
1.795966,1.411576,-0.599678
1.797135,1.410991,-0.602309
1.794212,1.409237,-0.602894
1.789828,1.418006,-0.600994
1.793043,1.411283,-0.612686
1.795089,1.407483,-0.605671
1.794797,1.413329,-0.607717
1.791874,1.410114,-0.61254
1.797135,1.410699,-0.615609
1.79772,1.415376,-0.611809
1.800058,1.416545,-0.610202
1.799474,1.408652,-0.612248
1.794212,1.410699,-0.610202
1.800935,1.40456,-0.600409
1.792458,1.404852,-0.613856
1.791289,1.403391,-0.608886
1.79392,1.409822,-0.606402
1.794505,1.408945,-0.605086
1.799474,1.406899,-0.615317
1.794797,1.410114,-0.615463
1.78632,1.407776,-0.604355
1.798597,1.421222,-0.606402
1.800058,1.417714,-0.610932
1.791289,1.409822,-0.597048
1.794797,1.404268,-0.60874
1.793335,1.415668,-0.616633
1.785735,1.409237,-0.61254
1.796843,1.407191,-0.613417
1.791874,1.406022,-0.60874
1.792751,1.409822,-0.613563
1.79392,1.412452,-0.608302
1.794212,1.409529,-0.618825
1.788366,1.411283,-0.607717
1.789535,1.409529,-0.609617
1.782812,1.413914,-0.611079
1.787489,1.41713,-0.610932
1.788951,1.411868,-0.607425
1.789535,1.405437,-0.607425
1.789535,1.418299,-0.60494
1.788366,1.407776,-0.607279
1.794212,1.414206,-0.604355
1.787197,1.413914,-0.598948
1.795089,1.408945,-0.606402
1.792166,1.413622,-0.608009
1.787489,1.42093,-0.609909
1.792751,1.408945,-0.601286
1.793335,1.410991,-0.605379
1.795674,1.410114,-0.605232
1.788951,1.409237,-0.592224
1.794797,1.410114,-0.60874
1.787489,1.401637,-0.60494
1.785735,1.412745,-0.604209
1.788951,1.415668,-0.609909
1.797428,1.411576,-0.602309
1.795089,1.407483,-0.596463
1.792751,1.411283,-0.602163
1.791581,1.415083,-0.615756
1.794505,1.410114,-0.610348
1.795089,1.41596,-0.605232
1.790704,1.406899,-0.592371
1.790412,1.411576,-0.606402
1.793628,1.416545,-0.601578
1.796551,1.410114,-0.60114
1.795381,1.415376,-0.607132
1.793043,1.410114,-0.598363
1.792751,1.413622,-0.604355
1.793335,1.408068,-0.613856
1.793628,1.408945,-0.614002
1.791874,1.410406,-0.59544
1.795089,1.414206,-0.59734
1.791581,1.413914,-0.595878
1.793043,1.418883,-0.601725
1.787489,1.411283,-0.613417
1.794797,1.410114,-0.609617
1.786027,1.413037,-0.612979
1.794212,1.407191,-0.621456
1.795674,1.410406,-0.608302
1.793043,1.408652,-0.59924
1.79392,1.406314,-0.603625
1.798305,1.406899,-0.604355
1.793628,1.412745,-0.605671
1.795674,1.415083,-0.600555
1.793043,1.414791,-0.604355
1.788951,1.414499,-0.606694
1.799474,1.41713,-0.605086
1.790412,1.413037,-0.607279
1.791289,1.422391,-0.600555
1.793628,1.411868,-0.603186
1.795966,1.411576,-0.605963
1.792166,1.415083,-0.602894
1.796843,1.419176,-0.612832
1.79392,1.410406,-0.602309
1.788366,1.412745,-0.591786
1.796551,1.413037,-0.635487
1.788366,1.416253,-0.562993
1.80152,1.409237,-0.600555
1.796843,1.41216,-0.601578
1.792166,1.40836,-0.603478
1.791289,1.410991,-0.598217
1.795089,1.41596,-0.597486
1.793335,1.415668,-0.60494
1.793043,1.413914,-0.600994
1.800643,1.416545,-0.599678
1.798305,1.415083,-0.606694
1.79392,1.411283,-0.598363
1.792751,1.416545,-0.605817
1.791289,1.415083,-0.596025
1.79392,1.414499,-0.602455
1.788951,1.418591,-0.598363
1.785151,1.409822,-0.602163
1.793628,1.410991,-0.607425
1.793335,1.412745,-0.601871
1.791289,1.413622,-0.602894
1.796551,1.413914,-0.596317
1.797428,1.412745,-0.610494
1.795966,1.410114,-0.598655
1.790997,1.411868,-0.605379
1.798305,1.402514,-0.597048
1.791874,1.403391,-0.610202
1.791874,1.412745,-0.604063
1.787781,1.415668,-0.600555
1.788951,1.418883,-0.597632
1.792458,1.41216,-0.588717
1.79012,1.404268,-0.610056
1.789243,1.410406,-0.598363
1.786612,1.406899,-0.607571
1.792751,1.409237,-0.605379
1.791581,1.415083,-0.600555
1.790997,1.412452,-0.591494
1.792458,1.41713,-0.598363
1.789535,1.414791,-0.599678
1.798012,1.41976,-0.603186
1.790704,1.414499,-0.603332
1.791874,1.418591,-0.596755
1.798305,1.41216,-0.599678
1.796551,1.41596,-0.593686
1.791581,1.417714,-0.597925
1.792751,1.410406,-0.596463
1.794212,1.416545,-0.596609
1.793043,1.406899,-0.595294
1.790412,1.415668,-0.596755
1.795089,1.410991,-0.599971
1.79012,1.410114,-0.59924
1.795089,1.418591,-0.59924
1.795674,1.42356,-0.635341
1.792751,1.409237,-0.606402
1.792166,1.41596,-0.605232
1.793335,1.410114,-0.607571
1.800643,1.416253,-0.60304
1.79012,1.421806,-0.600263
1.796551,1.411283,-0.601871
1.789535,1.415083,-0.605086
1.797428,1.41596,-0.611517
1.792166,1.413329,-0.599386
1.790412,1.414499,-0.595294
1.795381,1.415668,-0.609617
1.792166,1.413037,-0.603625
1.795674,1.40836,-0.605525
1.788074,1.413914,-0.599971
1.790704,1.411576,-0.609617
1.795089,1.414206,-0.605086
1.795966,1.412745,-0.607717
1.793628,1.414791,-0.603625
1.792166,1.408945,-0.601725
1.794797,1.409237,-0.599971
1.798889,1.405145,-0.607279
1.796551,1.413622,-0.603917
1.796258,1.410406,-0.608886
1.795089,1.412452,-0.599386
1.796843,1.40836,-0.613856
1.793335,1.406022,-0.609032
1.797428,1.404852,-0.608009
1.788951,1.407191,-0.604355
1.795966,1.408068,-0.609471
1.790997,1.403683,-0.603625
1.795381,1.413622,-0.602163
1.798597,1.413329,-0.602309
1.800935,1.411868,-0.601578
1.797135,1.412452,-0.59924
1.801228,1.411283,-0.598217
1.794212,1.409529,-0.617217
1.797135,1.409822,-0.612832
1.795089,1.402222,-0.594563
1.793043,1.409529,-0.60304
1.789535,1.414791,-0.602163
1.790997,1.413037,-0.603478
1.796258,1.41216,-0.602017
1.798597,1.406606,-0.61634
1.789828,1.410699,-0.605379
1.787197,1.414791,-0.621163
1.791874,1.406314,-0.615171
1.791289,1.404852,-0.602309
1.786027,1.401345,-0.604209
1.792458,1.410114,-0.608302
1.791874,1.409822,-0.610348
1.788658,1.406899,-0.606548
1.795381,1.406899,-0.610932
1.795966,1.403098,-0.605817
1.801812,1.409237,-0.602017
1.794505,1.409237,-0.608009
1.792751,1.401929,-0.607132
1.788951,1.407776,-0.603771
1.798012,1.417714,-0.60874
1.795674,1.411576,-0.611809
1.790704,1.414791,-0.614294
1.789243,1.401637,-0.609179
1.796551,1.410114,-0.605671
1.795674,1.411868,-0.601432
1.785151,1.414791,-0.608009
1.795089,1.41596,-0.600409
1.791874,1.410699,-0.595148
1.826074,1.409237,-0.603332
1.79392,1.409529,-0.604355
1.795674,1.412452,-0.595148
1.789243,1.406022,-0.602017
1.793335,1.412452,-0.596901
1.789535,1.410114,-0.592371
1.791581,1.408652,-0.600117
1.792751,1.413914,-0.600263
1.791874,1.414206,-0.594563
1.798889,1.411576,-0.606986
1.786904,1.411283,-0.603478
1.794212,1.403683,-0.604355
1.794212,1.410699,-0.605817
1.787781,1.415083,-0.610202
1.795089,1.409237,-0.605817
1.791874,1.409529,-0.596609
1.794212,1.413037,-0.609909
1.795089,1.418883,-0.605232
1.796551,1.412452,-0.604355
1.792458,1.404852,-0.609032
1.793043,1.406314,-0.600409
1.786904,1.409237,-0.610786
1.79392,1.411868,-0.606694
1.785735,1.413329,-0.606694
1.780181,1.405729,-0.61254
1.788658,1.411283,-0.602894
1.788951,1.407776,-0.599678
1.788658,1.411283,-0.604502
1.787781,1.409529,-0.598655
1.793335,1.416253,-0.60114
1.791581,1.410114,-0.603478
1.791581,1.41216,-0.602602
1.792458,1.410406,-0.612248
1.792166,1.413037,-0.605232
1.792166,1.417422,-0.600994
1.796551,1.406606,-0.613125
1.794797,1.40836,-0.603186
1.794212,1.410991,-0.605963
1.796843,1.408945,-0.612832
1.788951,1.410699,-0.610348
1.79772,1.410406,-0.606986
1.795966,1.41713,-0.593101
1.788658,1.407776,-0.604502
1.791581,1.410699,-0.602163
1.786904,1.410699,-0.606694
1.795674,1.414206,-0.601578
1.788366,1.410991,-0.611371
1.793043,1.409529,-0.631979
1.784566,1.406606,-0.604355
1.790412,1.407776,-0.605671
1.790997,1.410699,-0.599094
1.790997,1.411576,-0.614294
1.793335,1.405437,-0.605086
1.785735,1.413914,-0.600994
1.794505,1.406606,-0.605086
1.791874,1.409237,-0.605817
1.797135,1.408068,-0.603332
1.789535,1.405437,-0.600117
1.791874,1.417422,-0.602309
1.788074,1.406314,-0.599825
1.792751,1.411576,-0.601286
1.791874,1.406606,-0.603625
1.793043,1.413037,-0.597632
1.79392,1.415376,-0.592809
1.793335,1.412452,-0.603186
1.786904,1.413329,-0.608886
1.791581,1.408945,-0.612248
1.789828,1.411283,-0.606109
1.796551,1.411576,-0.607863
1.789535,1.408068,-0.620286
1.790412,1.411868,-0.601725
1.794797,1.411283,-0.593248
1.794212,1.413622,-0.605525
1.790412,1.409237,-0.607279
1.784566,1.406899,-0.601432
1.795381,1.404268,-0.604648
1.789828,1.414791,-0.603332
1.780474,1.405729,-0.605817
1.791581,1.407191,-0.597632
1.792458,1.410699,-0.604648
1.788366,1.408652,-0.611371
1.787781,1.411868,-0.60114
1.793335,1.406606,-0.601871
1.793628,1.40456,-0.604355
1.794212,1.41216,-0.597925
1.791874,1.408652,-0.604648
1.792166,1.409237,-0.606109
1.790997,1.408652,-0.609763
1.790704,1.409237,-0.604794
1.785151,1.405729,-0.598509
1.788951,1.409822,-0.597486
1.788658,1.405729,-0.600263
1.788951,1.404852,-0.613417
1.790412,1.404268,-0.599532
1.79012,1.408945,-0.603186
1.790412,1.411576,-0.617071
1.785443,1.405729,-0.612832
1.793335,1.409237,-0.61064
1.790704,1.407483,-0.607571
1.790997,1.411576,-0.604502
1.788366,1.407776,-0.616925
1.794212,1.404268,-0.617948
1.779012,1.414206,-0.615317
1.785151,1.41216,-0.614002
1.785151,1.414206,-0.605963
1.789535,1.405729,-0.611079
1.795089,1.413622,-0.606255
1.790412,1.409529,-0.603917
1.792751,1.404852,-0.603917
1.79392,1.414791,-0.60114
1.791874,1.416253,-0.612102
1.789535,1.412745,-0.609471
1.791289,1.411576,-0.614002
1.789535,1.415668,-0.614879
1.785735,1.406899,-0.601871
1.788366,1.414791,-0.604502
1.791581,1.412745,-0.607717
1.785443,1.412745,-0.62131
1.788951,1.409822,-0.604209
1.79012,1.415083,-0.61254
1.788074,1.412452,-0.619702
1.791581,1.413329,-0.611809
1.792458,1.406314,-0.615463
1.786027,1.419468,-0.610056
1.790704,1.41713,-0.602017
1.792166,1.410699,-0.611809
1.791289,1.418006,-0.612832
1.782227,1.416253,-0.612248
1.790412,1.415083,-0.602455
1.793628,1.41596,-0.617509
1.785151,1.415083,-0.605379
1.790997,1.410991,-0.613271
1.788366,1.414791,-0.600117
1.789243,1.420053,-0.602602
1.789535,1.411576,-0.600555
1.789243,1.415668,-0.605671
1.79392,1.408068,-0.603332
1.786904,1.413037,-0.604648
1.790704,1.410114,-0.607132
1.786027,1.414791,-0.60494
1.786612,1.407191,-0.605963
1.785735,1.415376,-0.600702
1.785151,1.409237,-0.591494
1.786904,1.418883,-0.607717
1.79012,1.41596,-0.601432
1.788658,1.418591,-0.600263
1.791289,1.419468,-0.608886
1.788366,1.408945,-0.610786
1.78632,1.414206,-0.602017
1.792458,1.40836,-0.594563
1.785151,1.409529,-0.596609
1.787197,1.415376,-0.594855
1.788951,1.413622,-0.608886
1.786904,1.412745,-0.606694
1.792458,1.422976,-0.599678
1.792166,1.410406,-0.604648
1.787781,1.414499,-0.60494
1.789828,1.413914,-0.606255
1.787781,1.418883,-0.600994
1.791581,1.414206,-0.605525
1.786904,1.407776,-0.604355
1.788951,1.406022,-0.607863
1.790704,1.413622,-0.608302
1.787489,1.410114,-0.597632
1.792751,1.409822,-0.606694
1.782227,1.404852,-0.602309
1.791289,1.411576,-0.60114
1.789243,1.40836,-0.606109
1.790997,1.411283,-0.607425
1.789828,1.409529,-0.604794
1.788366,1.405145,-0.61064
1.791289,1.411283,-0.613271
1.791289,1.408068,-0.603186
1.790704,1.407191,-0.609617
1.790997,1.411576,-0.602455
1.796551,1.411283,-0.611371
1.790704,1.405437,-0.608302
1.790704,1.411868,-0.613417
1.796551,1.409529,-0.605232
1.791874,1.410699,-0.603478
1.794212,1.413622,-0.603771
1.792166,1.410699,-0.606986
1.791289,1.409822,-0.602163
1.782812,1.406899,-0.608886
1.790412,1.408945,-0.609032
1.785443,1.416253,-0.611517
1.792751,1.415376,-0.605817
1.790412,1.406606,-0.612979
1.791289,1.411283,-0.602894
1.789535,1.409822,-0.615317
1.79012,1.405145,-0.612979
1.828997,1.411576,-0.612832
1.789535,1.410114,-0.617802
1.795089,1.415376,-0.620433
1.794797,1.417422,-0.602309
1.794212,1.417714,-0.626571
1.79012,1.409529,-0.612394
1.792751,1.410406,-0.611225
1.781935,1.409237,-0.613125
1.791581,1.41216,-0.612248
1.78632,1.412745,-0.618533
1.786612,1.414791,-0.606109
1.790704,1.410114,-0.617802
1.792166,1.414791,-0.594855
1.791874,1.414206,-0.614002
1.788658,1.411283,-0.619702
1.788951,1.417714,-0.619556
1.796551,1.409237,-0.616779
1.779304,1.423853,-0.611079
1.767027,1.445776,-0.650687
1.751535,1.484069,-0.676703
1.745104,1.503946,-0.706665
1.734873,1.5171,-0.737211
1.729319,1.509208,-0.772143
1.732534,1.495762,-0.788658
1.726396,1.478515,-0.785881
1.724057,1.4715,-0.78442
1.738381,1.451622,-0.79202
1.742473,1.441684,-0.786904
1.747735,1.415083,-0.792605
1.75095,1.394037,-0.791143
1.762643,1.38439,-0.770973
1.767319,1.374452,-0.77945
1.770827,1.359252,-0.773458
1.776673,1.352528,-0.769804
1.78135,1.33382,-0.764396
1.780474,1.32622,-0.759135
1.789828,1.313066,-0.756065
1.792166,1.309559,-0.754896
1.792751,1.310436,-0.743204
1.795966,1.294651,-0.742765
1.800643,1.291728,-0.74145
1.795381,1.282666,-0.732096
1.800351,1.278866,-0.734434
1.805612,1.269512,-0.716896
1.802397,1.275358,-0.720988
1.80532,1.26922,-0.71865
1.806489,1.268635,-0.713242
1.812043,1.265712,-0.716603
1.806782,1.261912,-0.709588
1.812628,1.254896,-0.704911
1.819643,1.259281,-0.71368
1.813213,1.251681,-0.712511
1.811166,1.249635,-0.702134
1.823443,1.251681,-0.723034
1.828997,1.258112,-0.708711
1.825197,1.249635,-0.713534
1.826951,1.244958,-0.717626
1.82052,1.249342,-0.709588
1.817013,1.246127,-0.706226
1.822567,1.255189,-0.709149
1.82052,1.259573,-0.701403
1.821105,1.248758,-0.704034
1.819643,1.245542,-0.698188
1.819351,1.248758,-0.704765
1.814966,1.250219,-0.702718
1.829582,1.248465,-0.695265
1.818766,1.250512,-0.702426
1.82929,1.242327,-0.699649
1.823151,1.250804,-0.701842
1.819936,1.245542,-0.698334
1.830751,1.248758,-0.702718
1.822274,1.249342,-0.693803
1.821982,1.25285,-0.706519
1.824905,1.249342,-0.701988
1.818474,1.242619,-0.695411
1.822859,1.243496,-0.704472
1.826367,1.241158,-0.699795
1.823443,1.242911,-0.70038
1.82169,1.24905,-0.704326
1.819936,1.24905,-0.704326
1.823151,1.24525,-0.698334
1.826367,1.243788,-0.70038
1.828413,1.242034,-0.703011
1.823443,1.251096,-0.697603
1.821397,1.247296,-0.695995
1.82432,1.245835,-0.696141
1.823151,1.242619,-0.707542
1.819643,1.241158,-0.694826
1.823443,1.251388,-0.691757
1.826367,1.251681,-0.692488
1.832213,1.252265,-0.703011
1.823151,1.247004,-0.705203
1.830751,1.239988,-0.699357
1.831336,1.24905,-0.703742
1.827536,1.244665,-0.707834
1.823151,1.248173,-0.714996
1.831336,1.244081,-0.700234
1.831044,1.244081,-0.696726
1.823151,1.244958,-0.70988
1.819936,1.243496,-0.69658
1.822859,1.243496,-0.704326
1.820228,1.243788,-0.699649
1.82169,1.246711,-0.701842
1.825782,1.247881,-0.702572
1.830459,1.247296,-0.703742
1.821105,1.24525,-0.691757
1.824613,1.24525,-0.697018
1.824028,1.246127,-0.706519
1.827243,1.247004,-0.700088
1.821982,1.245835,-0.712365
1.826367,1.240865,-0.701695
1.830167,1.245835,-0.700088
1.825782,1.245542,-0.706372
1.829874,1.240281,-0.710903
1.827243,1.23765,-0.710611
1.821397,1.24525,-0.700088
1.818766,1.246419,-0.700672
1.831044,1.23385,-0.702865
1.817597,1.234434,-0.706519
1.822274,1.236188,-0.699503
1.821982,1.242619,-0.695995
1.825782,1.246419,-0.704619
1.818766,1.23765,-0.702426
1.823151,1.249927,-0.69848
1.824028,1.239988,-0.693218
1.822859,1.239404,-0.696872
1.824028,1.245542,-0.684157
1.827828,1.240281,-0.692049
1.821982,1.23765,-0.695557
1.824028,1.232973,-0.696141
1.82169,1.251681,-0.697603
1.817597,1.241742,-0.697018
1.819936,1.24145,-0.686495
1.817597,1.242619,-0.697165
1.826074,1.240281,-0.691903
1.825197,1.239696,-0.693511
1.819351,1.242327,-0.70418
1.825197,1.248465,-0.691464
1.821982,1.243788,-0.703888
1.823443,1.244081,-0.697895
1.820813,1.236773,-0.705934
1.822567,1.245835,-0.694826
1.82432,1.237942,-0.700088
1.819059,1.247881,-0.714557
1.82169,1.244373,-0.702134
1.823443,1.242911,-0.69658
1.82052,1.240865,-0.70608
1.816428,1.245835,-0.708272
1.816428,1.241158,-0.706665
1.817597,1.243496,-0.704326
1.822567,1.240865,-0.688395
1.81672,1.245835,-0.706519
1.82549,1.243496,-0.703157
1.822274,1.245835,-0.707834
1.824028,1.239988,-0.699942
1.817597,1.241742,-0.687372
1.82812,1.239988,-0.704911
1.819936,1.239696,-0.695703
1.812043,1.235019,-0.701695
1.819936,1.241742,-0.701988
1.816428,1.241742,-0.698626
1.823151,1.23765,-0.698334
1.824905,1.239404,-0.698918
1.82432,1.242619,-0.704765
1.812336,1.250219,-0.704911
1.816136,1.237942,-0.695265
1.822567,1.242619,-0.692634
1.826074,1.246127,-0.708272
1.817013,1.243788,-0.693365
1.819059,1.242911,-0.701988
1.817597,1.24525,-0.706372
1.824905,1.24525,-0.699503
1.814674,1.246127,-0.690588
1.823151,1.248173,-0.698334
1.818182,1.244958,-0.704034
1.817013,1.251096,-0.700088
1.819936,1.239696,-0.699065
1.822567,1.241158,-0.70608
1.82169,1.242911,-0.708419
1.815843,1.242911,-0.710026
1.819643,1.24145,-0.706372
1.821105,1.249927,-0.705934
1.814089,1.248173,-0.691903
1.822274,1.239404,-0.69468
1.826367,1.24145,-0.706372
1.824613,1.239111,-0.700965
1.818766,1.235019,-0.695849
1.82549,1.238527,-0.699795
1.826659,1.245835,-0.700672
1.819643,1.243496,-0.704472
1.826951,1.249342,-0.70608
1.82052,1.238234,-0.702572
1.822274,1.242034,-0.694826
1.826659,1.242034,-0.698041
1.828413,1.246419,-0.704911
1.828413,1.247004,-0.70228
1.823443,1.237357,-0.699065
1.819351,1.243788,-0.689564
1.827828,1.238527,-0.696434
1.822274,1.246711,-0.705203
1.826659,1.239111,-0.705203
1.817889,1.240281,-0.704619
1.827536,1.244665,-0.697749
1.825197,1.244373,-0.697457
1.824613,1.247004,-0.698772
1.824028,1.248173,-0.711196
1.828413,1.238819,-0.70608
1.819936,1.240573,-0.703011
1.82169,1.244081,-0.707249
1.823443,1.245542,-0.707103
1.814382,1.242327,-0.70228
1.815843,1.250804,-0.697165
1.822274,1.247004,-0.702134
1.826659,1.240281,-0.697603
1.822859,1.24145,-0.701111
1.819936,1.241158,-0.697311
1.826367,1.248465,-0.694826
1.82169,1.245542,-0.709588
1.825197,1.247881,-0.705934
1.821982,1.238527,-0.705349
1.82549,1.242327,-0.701549
1.825782,1.24145,-0.702134
1.832213,1.242619,-0.705203
1.821982,1.24525,-0.714849
1.82169,1.242911,-0.701842
1.819351,1.249342,-0.706226
1.826074,1.244665,-0.707688
1.821982,1.239111,-0.710903
1.819351,1.250219,-0.705788
1.824613,1.243496,-0.708565
1.826367,1.248465,-0.694095
1.828997,1.240573,-0.699649
1.82432,1.243204,-0.705642
1.827828,1.240865,-0.699503
1.820228,1.240281,-0.709003
1.821982,1.242327,-0.704911
1.823736,1.244958,-0.715434
1.825782,1.238819,-0.704472
1.82432,1.244665,-0.705057
1.834259,1.238819,-0.70418
1.826074,1.237942,-0.713096
1.826659,1.245542,-0.707395
1.823151,1.243204,-0.708419
1.822567,1.244081,-0.703595
1.823443,1.243496,-0.698626
1.833674,1.246127,-0.701695
1.824028,1.249342,-0.709003
1.826951,1.253435,-0.702134
1.821397,1.254019,-0.693657
1.819351,1.24905,-0.700965
1.819936,1.250219,-0.707542
1.818766,1.234727,-0.71178
1.822274,1.247004,-0.69848
1.827536,1.244958,-0.705057
1.818474,1.239988,-0.714411
1.824613,1.24145,-0.700234
1.826367,1.240573,-0.712365
1.826074,1.249927,-0.699357
1.822859,1.245835,-0.708565
1.825197,1.242034,-0.701695
1.821397,1.239988,-0.707103
1.822274,1.244958,-0.703157
1.821397,1.245835,-0.701403
1.827536,1.239404,-0.700672
1.816136,1.240865,-0.706226
1.826659,1.243496,-0.709149
1.826074,1.243204,-0.717188
1.819936,1.241742,-0.711342
1.823443,1.238527,-0.705203
1.824613,1.245542,-0.702426
1.820813,1.247588,-0.693657
1.82169,1.239404,-0.708272
1.818474,1.245835,-0.709588
1.824905,1.24525,-0.708857
1.821397,1.236188,-0.705349
1.818182,1.242327,-0.707103
1.820813,1.244958,-0.713096
1.82549,1.238819,-0.714411
1.822274,1.239404,-0.702572
1.828997,1.236773,-0.70988
1.825782,1.249927,-0.711342
1.817305,1.267466,-0.732534
1.792751,1.305174,-0.757819
1.769366,1.362175,-0.770243
1.748027,1.409822,-0.791728
1.738381,1.447822,-0.79392
1.736334,1.4791,-0.791143
1.722888,1.501023,-0.78632
1.721134,1.516223,-0.780327
1.719088,1.524993,-0.764689
1.728442,1.517685,-0.744227
1.732242,1.517393,-0.731804
1.738965,1.504531,-0.718796
1.741304,1.496346,-0.690734
1.743935,1.487577,-0.685034
1.756796,1.470915,-0.658579
1.760596,1.461853,-0.649956
1.77872,1.447822,-0.642064
1.783104,1.433207,-0.623063
1.784858,1.411868,-0.611371
1.785735,1.40836,-0.603332
1.798012,1.399006,-0.601871
1.799766,1.384683,-0.584478
1.808828,1.381467,-0.580824
1.808243,1.358375,-0.574686
1.81672,1.349313,-0.578193
1.826367,1.34259,-0.570155
1.827536,1.339082,-0.555685
1.826074,1.320666,-0.553932
1.798889,1.314236,-0.557878
1.831336,1.308974,-0.55247
1.838351,1.304005,-0.541801
1.835428,1.295528,-0.543847
1.838351,1.28442,-0.549255
1.850628,1.283251,-0.544431
1.845075,1.284127,-0.541508
1.849167,1.275066,-0.550132
1.855305,1.277112,-0.54297
1.845659,1.273897,-0.539754
1.854136,1.266004,-0.534201
1.85589,1.267758,-0.532739
1.855598,1.261912,-0.545016
1.85209,1.259866,-0.546185
1.852967,1.255481,-0.536247
1.857352,1.24145,-0.531716
1.855013,1.251388,-0.539462
1.859982,1.252265,-0.531862
1.860275,1.247004,-0.53537
1.860859,1.249342,-0.534493
1.858229,1.242911,-0.544139
1.859398,1.236773,-0.536539
1.862613,1.234727,-0.531716
1.85209,1.239404,-0.541362
1.86729,1.24145,-0.5285
1.86349,1.238527,-0.521923
1.862029,1.230342,-0.520608
1.865829,1.229757,-0.533616
1.861444,1.235311,-0.529231
1.862029,1.235896,-0.533762
1.868752,1.225665,-0.534201
1.868459,1.225373,-0.529524
1.862613,1.228588,-0.529524
1.87109,1.223327,-0.531277
1.862906,1.228588,-0.537124
1.862906,1.22625,-0.520608
1.871383,1.225665,-0.538001
1.875183,1.22888,-0.524408
1.869921,1.228004,-0.533616
1.858813,1.22625,-0.527039
1.866121,1.225373,-0.53157
1.869336,1.228004,-0.529524
1.867875,1.228588,-0.539024
1.866121,1.223911,-0.535516
1.867875,1.22245,-0.54107
1.87109,1.218357,-0.537416
1.86729,1.21748,-0.527916
1.86729,1.221573,-0.528939
1.865536,1.225373,-0.532885
1.87109,1.212511,-0.522508
1.869629,1.223327,-0.525577
1.869629,1.223327,-0.523677
1.870798,1.224496,-0.539462
1.869336,1.22128,-0.533031
1.869629,1.21865,-0.521339
1.868752,1.222157,-0.52587
1.864659,1.214557,-0.528208
1.867583,1.221865,-0.527916
1.872844,1.214265,-0.534785
1.87226,1.216603,-0.523385
1.875767,1.22625,-0.522362
1.864075,1.220988,-0.535662
1.87226,1.219234,-0.523823
1.875767,1.224496,-0.535662
1.862613,1.22508,-0.526308
1.869921,1.216311,-0.527185
1.875475,1.215726,-0.526893
1.873137,1.220111,-0.521777
1.868752,1.215726,-0.533324
1.875183,1.227419,-0.533762
1.875475,1.224788,-0.53727
1.865536,1.22625,-0.539316
1.87109,1.220696,-0.546039
1.87109,1.223911,-0.537854
1.862906,1.218357,-0.524554
1.863783,1.21865,-0.527916
1.867583,1.222157,-0.524847
1.867875,1.220696,-0.522654
1.869336,1.223911,-0.540047
1.866706,1.22245,-0.518416
1.868459,1.213388,-0.526162
1.865536,1.21865,-0.52397
1.867583,1.221865,-0.520462
1.866998,1.216603,-0.531131
1.867875,1.218065,-0.524262
1.875183,1.219819,-0.5266
1.873429,1.218942,-0.529377
1.874306,1.220696,-0.523531
1.873429,1.224788,-0.520608
1.867583,1.228588,-0.527916
1.871675,1.224788,-0.535808
1.875475,1.224788,-0.527623
1.868167,1.225957,-0.531277
1.862906,1.221573,-0.538439
1.833382,1.221573,-0.532739
1.873721,1.219526,-0.534639
1.872844,1.220696,-0.526454
1.865536,1.224788,-0.521777
1.870213,1.22245,-0.531716
1.865536,1.213973,-0.540631
1.874598,1.221865,-0.526016
1.86729,1.225373,-0.533762
1.87489,1.21865,-0.5304
1.865244,1.22245,-0.529085
1.865244,1.227419,-0.5304
1.870213,1.21865,-0.528939
1.869921,1.226542,-0.531716
1.870798,1.223619,-0.528647
1.871383,1.218357,-0.521631
1.870798,1.22128,-0.521193
1.868459,1.22128,-0.534639
1.874306,1.218942,-0.528208
1.869629,1.217773,-0.522216
1.868459,1.220988,-0.528354
1.862906,1.226542,-0.5323
1.868459,1.23005,-0.537708
1.873137,1.228004,-0.533031
1.866706,1.223619,-0.522947
1.873137,1.218357,-0.5323
1.871967,1.221573,-0.531862
1.87109,1.217188,-0.532154
1.869629,1.225373,-0.527039
1.87489,1.21865,-0.530985
1.869921,1.219526,-0.526454
1.863198,1.220988,-0.519731
1.874598,1.224788,-0.514908
1.87226,1.220696,-0.527477
1.870506,1.23005,-0.522216
1.864367,1.221573,-0.521485
1.867875,1.220403,-0.526308
1.867875,1.221573,-0.530693
1.866413,1.223619,-0.527477
1.881321,1.223034,-0.524993
1.875183,1.223911,-0.526162
1.869921,1.218065,-0.523823
1.872552,1.219526,-0.522654
1.833674,1.220988,-0.527623
1.873721,1.22508,-0.521777
1.871967,1.220111,-0.519293
1.868752,1.22128,-0.534201
1.870213,1.222742,-0.53917
1.86729,1.21865,-0.532154
1.874306,1.217773,-0.526454
1.871967,1.220988,-0.521339
1.873721,1.221573,-0.529085
1.870506,1.227127,-0.534639
1.865244,1.221865,-0.53347
1.866121,1.220696,-0.519439
1.87606,1.220696,-0.524116
1.869629,1.213973,-0.5285
1.870506,1.224788,-0.533908
1.874598,1.224788,-0.526308
1.866706,1.216896,-0.522654
1.870213,1.218357,-0.52967
1.872844,1.21368,-0.528647
1.861444,1.22245,-0.520754
1.863783,1.222742,-0.52587
1.870798,1.218942,-0.526747
1.872552,1.220111,-0.529085
1.867875,1.219819,-0.53917
1.86729,1.223911,-0.529962
1.864952,1.221865,-0.52207
1.870213,1.218942,-0.533177
1.865244,1.22245,-0.522947
1.871675,1.22625,-0.522362
1.874013,1.21865,-0.52397
1.870213,1.223619,-0.534054
1.868459,1.22245,-0.531424
1.869629,1.224203,-0.528062
1.870798,1.224203,-0.531131
1.863783,1.226542,-0.532447
1.871383,1.220988,-0.53157
1.863783,1.21865,-0.527039
1.863198,1.218357,-0.536247
1.872844,1.215142,-0.534201
1.873137,1.216311,-0.527185
1.871383,1.22888,-0.531716
1.873137,1.225957,-0.527185
1.871675,1.223911,-0.5266
1.875475,1.220403,-0.561093
1.872844,1.221573,-0.534347
1.872844,1.22128,-0.525577
1.865536,1.221865,-0.523531
1.866998,1.216603,-0.530839
1.871967,1.229173,-0.53157
1.842444,1.222157,-0.52777
1.869336,1.224203,-0.535954
1.873429,1.219234,-0.531277
1.871967,1.227127,-0.53157
1.870798,1.221573,-0.523677
1.87109,1.222157,-0.523531
1.869629,1.221865,-0.507162
1.876352,1.229757,-0.528208
1.867583,1.225957,-0.5304
1.869336,1.228588,-0.530547
1.868167,1.21865,-0.532008
1.864952,1.217188,-0.527039
1.873429,1.220988,-0.540485
1.868752,1.214557,-0.532739
1.868752,1.224203,-0.525431
1.868459,1.219234,-0.528208
1.869044,1.21865,-0.527185
1.870798,1.224203,-0.52777
1.869336,1.226834,-0.534785
1.866121,1.22128,-0.529962
1.877813,1.219819,-0.5323
1.87109,1.216603,-0.530254
1.876644,1.216019,-0.546185
1.877813,1.218357,-0.541947
1.859982,1.221573,-0.535516
1.87226,1.221865,-0.527477
1.871675,1.218942,-0.533031
1.866413,1.223911,-0.526162
1.86729,1.227711,-0.52777
1.872844,1.223619,-0.528793
1.867875,1.225373,-0.523677
1.876937,1.214849,-0.527331
1.870506,1.219526,-0.529231
1.868167,1.225957,-0.531716
1.868167,1.218357,-0.529231
1.871383,1.21865,-0.535516
1.87489,1.219526,-0.537416
1.865244,1.223619,-0.529377
1.869336,1.223911,-0.52397
1.870213,1.223911,-0.523531
1.876352,1.219234,-0.528647
1.833382,1.219234,-0.5247
1.90646,1.220696,-0.53157
1.877229,1.218942,-0.527623
1.880152,1.219819,-0.528647
1.871383,1.220696,-0.5285
1.869044,1.214557,-0.537124
1.864952,1.219234,-0.5247
1.876352,1.216019,-0.524847
1.87606,1.225373,-0.528793
1.874306,1.220696,-0.523239
1.870798,1.221573,-0.523823
1.872844,1.222742,-0.5266
1.869044,1.22128,-0.522362
1.87109,1.220696,-0.527039
1.868459,1.220403,-0.523531
1.87109,1.226834,-0.519439
1.872844,1.22128,-0.52017
1.872844,1.22245,-0.526454
1.868167,1.220988,-0.525577
1.872552,1.212219,-0.53347
1.871967,1.221865,-0.523093
1.873429,1.227127,-0.534931
1.873137,1.22508,-0.5266
1.866998,1.21748,-0.528793
1.877813,1.225665,-0.5304
1.87489,1.219234,-0.529231
1.866706,1.223911,-0.529962
1.87606,1.224788,-0.523239
1.870213,1.223034,-0.515346
1.877813,1.225373,-0.53157
1.871675,1.225373,-0.5247
1.869629,1.222157,-0.525431
1.869044,1.223619,-0.523385
1.866998,1.216896,-0.517246
1.867583,1.21865,-0.528647
1.870798,1.218065,-0.531862
1.873721,1.222742,-0.532739
1.869629,1.218357,-0.525285
1.864952,1.224203,-0.531424
1.87109,1.223034,-0.523531
1.864659,1.226542,-0.520754
1.865829,1.220111,-0.532008
1.863783,1.21368,-0.538585
1.876352,1.22508,-0.522362
1.871383,1.223911,-0.516369
1.866706,1.22128,-0.523677
1.876644,1.222157,-0.525577
1.867875,1.223034,-0.519731
1.866706,1.215726,-0.519146
1.859398,1.222742,-0.519
1.867583,1.221865,-0.51827
1.873429,1.218942,-0.515639
1.868459,1.223911,-0.524554
1.871675,1.223911,-0.52207
1.87226,1.225957,-0.519439
1.867875,1.224203,-0.528208
1.86729,1.223911,-0.5247
1.865536,1.22128,-0.523531
1.864952,1.221865,-0.520754
1.869044,1.21748,-0.513739
1.875183,1.220111,-0.527039
1.864367,1.220111,-0.521339
1.871967,1.217773,-0.519877
1.866998,1.21368,-0.527477
1.863783,1.211634,-0.521777
1.869629,1.215726,-0.524993
1.867583,1.224203,-0.5228
1.862321,1.217773,-0.518708
1.863783,1.222157,-0.5247
1.869044,1.22625,-0.51827
1.864659,1.223911,-0.523093
1.870213,1.224496,-0.534493
1.863198,1.216603,-0.519731
1.862613,1.216311,-0.514762
1.867875,1.216311,-0.519
1.870213,1.223619,-0.527331
1.869921,1.219234,-0.522508
1.869921,1.220696,-0.521046
1.862613,1.214849,-0.511839
1.859398,1.223034,-0.514762
1.867583,1.220696,-0.516954
1.862029,1.219819,-0.524116
1.864659,1.220988,-0.531716
1.874306,1.217188,-0.494154
1.867583,1.224203,-0.554662
1.869336,1.219234,-0.524554
1.86729,1.226542,-0.5133
1.877229,1.215434,-0.516954
1.873429,1.21865,-0.515346
1.866706,1.213096,-0.526016
1.865244,1.230634,-0.513739
1.868459,1.219819,-0.523093
1.869336,1.21748,-0.515785
1.873721,1.22245,-0.516662
1.874598,1.223327,-0.519585
1.87489,1.217773,-0.510523
1.87606,1.219819,-0.516808
1.873429,1.218357,-0.512862
1.87109,1.214557,-0.515054
1.871675,1.225665,-0.510816
1.869629,1.224788,-0.514616
1.871967,1.223911,-0.522947
1.873429,1.219234,-0.523677
1.87109,1.22625,-0.511692
1.877229,1.219234,-0.520023
1.869336,1.222157,-0.519877
1.870506,1.223911,-0.5152
1.865829,1.221573,-0.518416
1.873137,1.219526,-0.534785
1.871383,1.215142,-0.524262
1.869629,1.224788,-0.524262
1.866706,1.22508,-0.514031
1.866121,1.219526,-0.523093
1.871675,1.227711,-0.520608
1.868752,1.217188,-0.522947
1.873137,1.220111,-0.519293
1.871967,1.220988,-0.515785
1.871383,1.221573,-0.508769
1.873429,1.215142,-0.525285
1.86729,1.221865,-0.513154
1.877521,1.22245,-0.5304
1.879275,1.224496,-0.531424
1.87606,1.216311,-0.507892
1.869629,1.21748,-0.516516
1.867583,1.214849,-0.5209
1.866706,1.219526,-0.515639
1.876644,1.22508,-0.512716
1.870213,1.223034,-0.524993
1.866121,1.212803,-0.52587
1.873721,1.224203,-0.52397
1.87226,1.21748,-0.542093
1.874306,1.229173,-0.522947
1.870798,1.218357,-0.521923
1.870798,1.225373,-0.529524
1.870798,1.225373,-0.525431
1.870506,1.227419,-0.521046
1.876644,1.225665,-0.518562
1.874013,1.216019,-0.522362
1.878398,1.22128,-0.516954
1.880737,1.22245,-0.524116
1.874306,1.223034,-0.512716
1.875475,1.221865,-0.519585
1.873137,1.221865,-0.522216
1.866706,1.22245,-0.511839
1.868752,1.219234,-0.5209
1.873429,1.221573,-0.528939
1.866998,1.219234,-0.5228
1.873721,1.225957,-0.527185
1.866121,1.226542,-0.515346
1.866998,1.223619,-0.516808
1.87226,1.223911,-0.5323
1.868752,1.218065,-0.523239
1.873137,1.224496,-0.52017
1.875767,1.222157,-0.519146
1.867875,1.223619,-0.518562
1.871675,1.223327,-0.527916
1.872844,1.216896,-0.513885
1.864075,1.216019,-0.523093
1.869629,1.220403,-0.532008
1.874598,1.219526,-0.533177
1.863198,1.215434,-0.519293
1.868459,1.221865,-0.525285
1.864367,1.216019,-0.520462
1.87606,1.220696,-0.531277
1.871675,1.224496,-0.538731
1.871675,1.215142,-0.523823
1.87109,1.223327,-0.537124
1.86729,1.219234,-0.516808
1.874013,1.22128,-0.534639
1.870506,1.228004,-0.519731
1.865829,1.222157,-0.523093
1.87226,1.22245,-0.519585
1.874306,1.22128,-0.520023
1.868167,1.218065,-0.523239
1.863783,1.223034,-0.53347
1.859398,1.228004,-0.514762
1.87489,1.224203,-0.522508
1.869921,1.22128,-0.5323
1.874306,1.214265,-0.529816
1.868752,1.225665,-0.516223
1.833382,1.218065,-0.521923
1.869921,1.22245,-0.528939
1.87109,1.230927,-0.530108
1.870213,1.216311,-0.530839
1.870798,1.221865,-0.523823
1.85969,1.223911,-0.52397
1.87226,1.219526,-0.530985
1.866413,1.221573,-0.5266
1.871967,1.22508,-0.531277
1.868459,1.223911,-0.517246
1.869336,1.212511,-0.532885
1.870798,1.227711,-0.527623
1.867583,1.228588,-0.522216
1.877521,1.223327,-0.521193
1.872844,1.22508,-0.527916
1.86729,1.22625,-0.537854
1.87869,1.22245,-0.516662
1.861444,1.219819,-0.527331
1.87109,1.220988,-0.523093
1.866121,1.221865,-0.527916
1.870213,1.218357,-0.526893
1.869629,1.220988,-0.5323
1.864659,1.222157,-0.5266
1.864952,1.218065,-0.529377
1.871383,1.226834,-0.520023
1.866413,1.224203,-0.525577
1.874013,1.222157,-0.531716
1.874013,1.213973,-0.525723
1.872844,1.214557,-0.525577
1.877813,1.223327,-0.522508
1.869629,1.225957,-0.527185
1.864952,1.228588,-0.522362
1.866706,1.216603,-0.517831
1.863198,1.215142,-0.531131
1.859982,1.230342,-0.553201
1.870798,1.224788,-0.521339
1.869044,1.217188,-0.534639
1.869629,1.216019,-0.522362
1.870798,1.22245,-0.525723
1.870506,1.219234,-0.521339
1.867583,1.225373,-0.527039
1.870798,1.223327,-0.54107
1.866706,1.21748,-0.528939
1.869044,1.222742,-0.529231
1.868459,1.223327,-0.5209
1.87489,1.223034,-0.528208
1.869921,1.220403,-0.521923
1.870213,1.219526,-0.523677
1.871675,1.216603,-0.534201
1.871675,1.21748,-0.525577
1.870506,1.218942,-0.527916
1.862321,1.223034,-0.534931
1.87226,1.224788,-0.52967
1.869629,1.227711,-0.522947
1.863783,1.225373,-0.525577
1.872552,1.220111,-0.522947
1.874598,1.228004,-0.526747
1.873429,1.224496,-0.530839
1.863198,1.223327,-0.535224
1.871675,1.228588,-0.525285
1.869629,1.218357,-0.517977
1.867583,1.219819,-0.516954
1.86349,1.225665,-0.519585
1.865536,1.224788,-0.5266
1.868459,1.221573,-0.519293
1.858229,1.22245,-0.522216
1.864952,1.226542,-0.527185
1.866998,1.219819,-0.515493
1.866706,1.22625,-0.52017
1.869629,1.220696,-0.526016
1.869629,1.223619,-0.523385
1.866413,1.219526,-0.516516
1.864367,1.223619,-0.513885
1.862321,1.222742,-0.520023
1.866706,1.222157,-0.530985
1.869336,1.216019,-0.512277
1.862321,1.223911,-0.512277
1.866121,1.222742,-0.527331
1.87226,1.22508,-0.512862
1.867583,1.218357,-0.520608
1.871383,1.229173,-0.540047
1.868752,1.223911,-0.521777
1.862613,1.21865,-0.521777
1.875183,1.22128,-0.520316
1.87606,1.22625,-0.518123
1.876937,1.221865,-0.521777
1.877229,1.213973,-0.524262
1.870213,1.223327,-0.521631
1.905291,1.216311,-0.519731
1.869629,1.216603,-0.526747
1.871967,1.223619,-0.511839
1.871383,1.223327,-0.515785
1.87109,1.22128,-0.526016
1.87109,1.220696,-0.5323
1.87606,1.216311,-0.523385
1.870506,1.221573,-0.526016
1.87226,1.219234,-0.5304
1.867875,1.224788,-0.519293
1.872552,1.22128,-0.527185
1.869921,1.223911,-0.521339
1.874013,1.222742,-0.521046
1.871383,1.227419,-0.538147
1.871383,1.220111,-0.531424
1.873721,1.228296,-0.534054
1.87606,1.222742,-0.527039
1.87226,1.231219,-0.527039
1.879275,1.225373,-0.514616
1.871967,1.224788,-0.524408
1.871383,1.218357,-0.532593
1.875183,1.219234,-0.52777
1.872552,1.224496,-0.517977
1.873429,1.22245,-0.524847
1.869336,1.228296,-0.521339
1.870506,1.224203,-0.524116
1.868752,1.224496,-0.528062
1.875475,1.228588,-0.514616
1.87109,1.220696,-0.534201
1.866413,1.222157,-0.523677
1.864659,1.221865,-0.529085
1.870798,1.223034,-0.521923
1.871383,1.21748,-0.528208
1.870798,1.23005,-0.523385
1.874598,1.223327,-0.517246
1.87489,1.218942,-0.5228
1.877521,1.229173,-0.513739
1.874306,1.226542,-0.529524
1.875475,1.225373,-0.532154
1.875475,1.216603,-0.517393
1.877521,1.223619,-0.517539
1.877229,1.219819,-0.524262
1.872552,1.223911,-0.523093
1.870213,1.221573,-0.531862
1.865244,1.220111,-0.5285
1.87109,1.226834,-0.525431
1.870506,1.220988,-0.529962
1.870798,1.226834,-0.5323
1.875767,1.225665,-0.528647
1.874598,1.228004,-0.4905
1.880152,1.226834,-0.530108
1.872844,1.220111,-0.5323
1.874306,1.22128,-0.523239
1.87226,1.226542,-0.534201
1.883952,1.222157,-0.525723
1.879567,1.217773,-0.514908
1.841859,1.221865,-0.538001
1.870798,1.220988,-0.527477
1.874598,1.220988,-0.530547
1.874598,1.224203,-0.529377
1.872552,1.22625,-0.523385
1.884829,1.216603,-0.522216
1.868752,1.223327,-0.5285
1.870213,1.224203,-0.522508
1.874306,1.222742,-0.517246
1.867875,1.217773,-0.522362
1.873137,1.225957,-0.52207
1.868752,1.222157,-0.534785
1.871967,1.226542,-0.535662
1.871675,1.21865,-0.528939
1.870798,1.22508,-0.524554
1.869921,1.221573,-0.525723
1.87606,1.223034,-0.541654
1.875475,1.224496,-0.528062
1.878106,1.22625,-0.523093
1.871675,1.225957,-0.528647
1.880444,1.223034,-0.52587
1.867583,1.222742,-0.524554
1.874013,1.225373,-0.52207
1.870798,1.226542,-0.527039
1.874598,1.231804,-0.533324
1.863198,1.218942,-0.535224
1.870798,1.221865,-0.53347
1.87489,1.229465,-0.522947
1.87489,1.225373,-0.530108
1.870213,1.220403,-0.521485
1.869044,1.221573,-0.532593
1.87226,1.222157,-0.523239
1.880152,1.22128,-0.515493
1.876352,1.226542,-0.5152
1.878106,1.223034,-0.523093
1.870798,1.22625,-0.536831
1.869336,1.226542,-0.531131
1.873721,1.231219,-0.531277
1.87489,1.232681,-0.523385
1.868752,1.228004,-0.530985
1.87489,1.231511,-0.528208
1.861736,1.234727,-0.5171
1.870798,1.220111,-0.511985
1.872844,1.228296,-0.5304
1.869044,1.219819,-0.525431
1.870213,1.214265,-0.520462
1.870798,1.216896,-0.521631
1.870798,1.220988,-0.528939
1.871967,1.221865,-0.529085
1.878398,1.226542,-0.529085
1.87869,1.23005,-0.528354
1.862321,1.222157,-0.5266
1.871967,1.227419,-0.517246
1.868752,1.22508,-0.5247
1.873429,1.228004,-0.52777
1.871967,1.23005,-0.527623
1.878106,1.228296,-0.515639
1.869629,1.223911,-0.532885
1.87109,1.21748,-0.534201
1.870213,1.223911,-0.5171
1.874013,1.22625,-0.515346
1.873137,1.224203,-0.530108
1.874598,1.228588,-0.526893
1.877229,1.225373,-0.515493
1.873721,1.221865,-0.521046
1.873721,1.221573,-0.524847
1.873429,1.22245,-0.520754
1.869044,1.220988,-0.5076
1.869629,1.222742,-0.517393
1.866998,1.22128,-0.527623
1.873429,1.223034,-0.528062
1.871675,1.22888,-0.531716
1.870213,1.222157,-0.514323
1.867875,1.211634,-0.526308
1.873721,1.222157,-0.519731
1.87226,1.220988,-0.523239
1.871967,1.21865,-0.533616
1.873721,1.22508,-0.529524
1.869629,1.216311,-0.522508
1.870213,1.227419,-0.531131
1.878398,1.223034,-0.534201
1.875767,1.221865,-0.538147
1.86729,1.216311,-0.52587
1.871967,1.218065,-0.559778
1.87109,1.227127,-0.526162
1.877229,1.21865,-0.534785
1.87489,1.218942,-0.522508
1.871383,1.21865,-0.524554
1.869044,1.220403,-0.534931
1.859105,1.22245,-0.531862
1.87489,1.227127,-0.524116
1.87606,1.21368,-0.530839
1.867875,1.220988,-0.5247
1.873137,1.22245,-0.512862
1.87109,1.227127,-0.521046
1.869921,1.224203,-0.525431
1.868167,1.224788,-0.526308
1.869921,1.219234,-0.516662
1.871383,1.230634,-0.525723
1.864659,1.220403,-0.516808
1.871967,1.22508,-0.521193
1.869921,1.219526,-0.528208
1.874306,1.224203,-0.529962
1.869336,1.224496,-0.524554
1.872552,1.222742,-0.52397
1.873721,1.215142,-0.522362
1.868167,1.223327,-0.525723
1.871383,1.224496,-0.521339
1.871383,1.210757,-0.527331
1.871383,1.226542,-0.521923
1.871967,1.217773,-0.527916
1.866706,1.229173,-0.516516
1.864075,1.224496,-0.530693
1.87489,1.223911,-0.526893
1.874306,1.22245,-0.531716
1.86349,1.217773,-0.525431
1.875767,1.220111,-0.522362
1.868459,1.228296,-0.522654
1.866121,1.219526,-0.519731
1.865536,1.222157,-0.517831
1.870506,1.225665,-0.522947
1.874306,1.223327,-0.517685
1.868752,1.220111,-0.523239
1.870506,1.216019,-0.517831
1.866121,1.218942,-0.5247
1.864952,1.223619,-0.516516
1.869921,1.220696,-0.527623
1.872844,1.223619,-0.525431
1.868459,1.230342,-0.517685
1.868459,1.223911,-0.5171
1.866121,1.225957,-0.530108
1.867583,1.22128,-0.528062
1.868752,1.223034,-0.527916
1.871675,1.222742,-0.517246
1.867583,1.221865,-0.521046
1.874013,1.222157,-0.525139
1.868167,1.220111,-0.527039
1.871383,1.219526,-0.528354
1.870506,1.223034,-0.522947
1.868459,1.223911,-0.521046
1.870798,1.223911,-0.526747
1.868752,1.225665,-0.524262
1.87226,1.223327,-0.5228
1.87606,1.22625,-0.532739
1.877229,1.227127,-0.536101
1.87606,1.229757,-0.523823
1.87606,1.233265,-0.526747
1.869044,1.220111,-0.525139
1.873137,1.223911,-0.525431
1.866121,1.224203,-0.53347
1.87606,1.224203,-0.536977
1.865244,1.219819,-0.529816
1.870213,1.226542,-0.534493
1.874013,1.219234,-0.522362
1.871675,1.220988,-0.526893
1.871675,1.22245,-0.520023
1.870798,1.226542,-0.524408
1.871967,1.22625,-0.521777
1.877813,1.23005,-0.529377
1.872552,1.223911,-0.517977
1.873137,1.223327,-0.526454
1.874598,1.224203,-0.521193
1.870213,1.229173,-0.518416
1.871967,1.232973,-0.5304
1.874013,1.223034,-0.525285
1.873137,1.230342,-0.527623
1.873721,1.223034,-0.521631
1.87986,1.214849,-0.523385
1.872844,1.221573,-0.5209
1.869044,1.221573,-0.5285
1.873721,1.224203,-0.534493
1.880152,1.21748,-0.520754
1.869921,1.22508,-0.526162
1.869336,1.219819,-0.531424
1.865244,1.224788,-0.529085
1.866413,1.226834,-0.520608
1.876937,1.22245,-0.525285
1.87109,1.216019,-0.527916
1.870506,1.218357,-0.5323
1.871383,1.221865,-0.527331
1.87109,1.211342,-0.529085
1.835721,1.215726,-0.528354
1.904414,1.215434,-0.526162
1.870213,1.214557,-0.528647
1.877229,1.218357,-0.53537
1.873429,1.220988,-0.530839
1.870798,1.223619,-0.529962
1.869336,1.223619,-0.530985
1.882783,1.223327,-0.528208
1.87226,1.218065,-0.524993
1.87226,1.227711,-0.534785
1.877229,1.222157,-0.533762
1.875767,1.223911,-0.533908
1.873137,1.224203,-0.5209
1.87489,1.223619,-0.524116
1.870213,1.226542,-0.523239
1.868459,1.224203,-0.538001
1.871675,1.232096,-0.535224
1.868459,1.220111,-0.530985
1.871383,1.215726,-0.52777
1.870506,1.22245,-0.539024
1.873137,1.224496,-0.52777
1.869336,1.221865,-0.528354
1.863198,1.22245,-0.546624
1.867875,1.226542,-0.524262
1.870213,1.223911,-0.529231
1.865829,1.226542,-0.531862
1.876644,1.22508,-0.521777
1.871383,1.22245,-0.521046
1.867875,1.219526,-0.53157
1.866413,1.226834,-0.522362
1.857352,1.241742,-0.535954
1.845951,1.258112,-0.551739
1.844198,1.313066,-0.56387
1.818182,1.362467,-0.579947
1.801812,1.417422,-0.622771
1.781643,1.439345,-0.643525
1.773458,1.446068,-0.654633
1.762058,1.458638,-0.660772
1.752996,1.465361,-0.669103
1.755042,1.480854,-0.688541
1.741011,1.493423,-0.703449
1.741304,1.495177,-0.723327
1.735165,1.505992,-0.720988
1.733411,1.5019,-0.740134
1.723473,1.512716,-0.746858
1.72698,1.511839,-0.760889
1.726396,1.515931,-0.766443
1.724934,1.512423,-0.761912
1.719673,1.511839,-0.769658
1.720257,1.506869,-0.76995
1.71938,1.509208,-0.773166
1.721719,1.504531,-0.773897
1.724934,1.503946,-0.783104
1.723473,1.488746,-0.794943
1.72435,1.4867,-0.784127
1.727565,1.4943,-0.792458
1.71938,1.496054,-0.787489
1.732827,1.495177,-0.779158
1.731657,1.488746,-0.77945
1.729027,1.48173,-0.784712
1.731073,1.484654,-0.79202
1.72698,1.477346,-0.796697
1.73575,1.472961,-0.784127
1.741304,1.473546,-0.789389
1.732242,1.468869,-0.789243
1.738673,1.470915,-0.789974
1.738965,1.477346,-0.785004
1.73078,1.468284,-0.792751
1.739258,1.467407,-0.796551
1.734581,1.465653,-0.797866
1.738088,1.457761,-0.781497
1.738381,1.461561,-0.795966
1.736919,1.460392,-0.788366
1.739258,1.457469,-0.789097
1.733996,1.459222,-0.79582
1.741011,1.452499,-0.788512
1.74715,1.464484,-0.784858
1.742181,1.422099,-0.783689
1.736042,1.451622,-0.787489
1.74335,1.456007,-0.78442
1.742765,1.452207,-0.784274
1.742181,1.456592,-0.778574
1.745104,1.450453,-0.786466
1.73575,1.449576,-0.776381
1.74335,1.444022,-0.788804
1.741888,1.442268,-0.784858
1.737504,1.444314,-0.788658
1.745688,1.445776,-0.784566
1.749488,1.441391,-0.789828
1.737504,1.446653,-0.798889
1.738673,1.446653,-0.790851
1.739258,1.43233,-0.784712
1.745688,1.447238,-0.788366
1.738965,1.438468,-0.786466
1.744519,1.44373,-0.788658
1.737796,1.444314,-0.779158
1.734581,1.441684,-0.793481
1.743935,1.435253,-0.791435
1.736919,1.443438,-0.785881
1.742765,1.44753,-0.784274
1.741596,1.442268,-0.78822
1.739842,1.444899,-0.790412
1.738673,1.437884,-0.786466
1.738381,1.450453,-0.789974
1.747442,1.443145,-0.77945
1.739258,1.444607,-0.785151
1.741304,1.446068,-0.787635
1.742765,1.437007,-0.785589
1.746273,1.444314,-0.779743
1.741011,1.438176,-0.788951
1.745104,1.435838,-0.800205
1.742181,1.438176,-0.794943
1.737211,1.442268,-0.797866
1.746565,1.439345,-0.800789
1.740134,1.438176,-0.795235
1.738673,1.441391,-0.802397
1.742765,1.440222,-0.796405
1.742473,1.439053,-0.793189
1.743642,1.443145,-0.795674
1.740134,1.444314,-0.800789
1.746273,1.444899,-0.800058
1.741888,1.445484,-0.793335
1.74715,1.438761,-0.795235
1.743935,1.442853,-0.797866
1.739842,1.441684,-0.797282
1.742181,1.439638,-0.790266
1.746858,1.446653,-0.785151
1.742181,1.443438,-0.793043
1.743058,1.441684,-0.796697
1.739842,1.441684,-0.791143
1.735165,1.442853,-0.789389
1.747442,1.441976,-0.790412
1.748027,1.447822,-0.780181
1.737504,1.440514,-0.797282
1.741011,1.433207,-0.796551
1.738965,1.441099,-0.779743
1.73955,1.440514,-0.789828
1.73195,1.440807,-0.782227
1.743058,1.440514,-0.783981
1.736627,1.439053,-0.78062
1.739842,1.443438,-0.790997
1.744519,1.439345,-0.785443
1.737211,1.444314,-0.787343
1.733996,1.43993,-0.780766
1.735457,1.436714,-0.787051
1.738673,1.441391,-0.782081
1.741888,1.432037,-0.785004
1.737796,1.432914,-0.789243
1.739842,1.438468,-0.790997
1.732242,1.440807,-0.792312
1.73575,1.442268,-0.793189
1.740719,1.437884,-0.795674
1.732242,1.433499,-0.789828
1.740427,1.437299,-0.79772
1.738673,1.433499,-0.783835
1.737796,1.440514,-0.799035
1.745981,1.433499,-0.795528
1.738381,1.433207,-0.792166
1.735457,1.439638,-0.789828
1.741011,1.43993,-0.78632
1.734288,1.440807,-0.785297
1.741304,1.436422,-0.785589
1.738673,1.440807,-0.755627
1.737504,1.441099,-0.783104
1.737211,1.435545,-0.787781
1.731365,1.441099,-0.788804
1.741011,1.436422,-0.783981
1.736627,1.444022,-0.790266
1.741304,1.444314,-0.786466
1.738088,1.438761,-0.784566
1.733704,1.437007,-0.783689
1.741304,1.446361,-0.785443
1.735457,1.443145,-0.788366
1.733411,1.438176,-0.784712
1.737796,1.441976,-0.785589
1.736919,1.437007,-0.775212
1.733411,1.437591,-0.782374
1.737211,1.446945,-0.77872
1.736919,1.442268,-0.78442
1.74335,1.436714,-0.785297
1.743642,1.442853,-0.784712
1.733704,1.436714,-0.788804
1.735165,1.441391,-0.788658
1.737211,1.437007,-0.791874
1.734288,1.442268,-0.801374
1.741011,1.43233,-0.794505
1.735165,1.440222,-0.79202
1.735165,1.445192,-0.793628
1.738965,1.435545,-0.794797
1.737504,1.43613,-0.790704
1.734288,1.439345,-0.797574
1.737211,1.439345,-0.791728
1.738673,1.435838,-0.791728
1.742473,1.443438,-0.796989
1.739842,1.44373,-0.791289
1.742473,1.437591,-0.803859
1.746858,1.442268,-0.793774
1.738673,1.438761,-0.781497
1.73955,1.445776,-0.787635
1.73955,1.440222,-0.791435
1.750365,1.439638,-0.791289
1.742181,1.438761,-0.785589
1.743058,1.44373,-0.790266
1.739842,1.444022,-0.796405
1.741888,1.438176,-0.790997
1.749196,1.44373,-0.795381
1.734873,1.442561,-0.752996
1.735457,1.438176,-0.819497
1.738381,1.43993,-0.791143
1.745688,1.43993,-0.792897
1.74335,1.43496,-0.794797
1.735457,1.439345,-0.803566
1.740719,1.440222,-0.794651
1.743058,1.435838,-0.783835
1.742181,1.43993,-0.795966
1.73955,1.444314,-0.794066
1.737796,1.436422,-0.794358
1.734581,1.440514,-0.790412
1.732534,1.43993,-0.790997
1.746273,1.444314,-0.806489
1.742473,1.433207,-0.797282
1.738088,1.433791,-0.793335
1.742765,1.436422,-0.786904
1.738673,1.434084,-0.786466
1.737504,1.440807,-0.797135
1.739842,1.439053,-0.786466
1.738965,1.435253,-0.795089
1.740427,1.438761,-0.783835
1.737796,1.437007,-0.78252
1.736334,1.436422,-0.796405
1.734873,1.444022,-0.787928
1.734581,1.442561,-0.794358
1.741304,1.437299,-0.794943
1.733411,1.446068,-0.783981
1.735165,1.440514,-0.785004
1.739842,1.438468,-0.785004
1.73575,1.437884,-0.790558
1.728734,1.437591,-0.784127
1.738965,1.441099,-0.799328
1.740427,1.43993,-0.799328
1.741888,1.438468,-0.792897
1.742765,1.439638,-0.789243
1.736919,1.444607,-0.786466
1.737796,1.439345,-0.786758
1.740427,1.440514,-0.787781
1.746565,1.437299,-0.789535
1.742765,1.441684,-0.789389
1.736919,1.438468,-0.788366
1.740427,1.441391,-0.790997
1.737211,1.436714,-0.791143
1.740719,1.442561,-0.801082
1.729319,1.436714,-0.795235
1.733996,1.443438,-0.802982
1.742473,1.440807,-0.796551
1.735457,1.441391,-0.793043
1.734873,1.444314,-0.79202
1.734873,1.440514,-0.791289
1.740134,1.436422,-0.78442
1.738381,1.437299,-0.782081
1.739842,1.438468,-0.801374
1.738381,1.440514,-0.788658
1.738381,1.43496,-0.783689
1.729611,1.439053,-0.780474
1.737796,1.440514,-0.795235
1.740427,1.43993,-0.790704
1.741304,1.434668,-0.792458
1.732827,1.44373,-0.773604
1.737211,1.437591,-0.799766
1.732242,1.438468,-0.787635
1.743935,1.443145,-0.781497
1.739842,1.441684,-0.796405
1.739258,1.439053,-0.787781
1.732534,1.441684,-0.790704
1.736919,1.438468,-0.791728
1.734873,1.435838,-0.789535
1.733411,1.440222,-0.789535
1.742473,1.444022,-0.789974
1.743058,1.446653,-0.790412
1.741304,1.43993,-0.791581
1.736919,1.433791,-0.786904
1.736334,1.443145,-0.786758
1.745981,1.443145,-0.796697
1.743642,1.441976,-0.788658
1.736627,1.438176,-0.796697
1.735457,1.441976,-0.786612
1.741304,1.441684,-0.779158
1.737211,1.439638,-0.792605
1.742765,1.44373,-0.787197
1.741888,1.436422,-0.788804
1.736919,1.446945,-0.790558
1.743935,1.439053,-0.790412
1.740427,1.431745,-0.781789
1.742765,1.439638,-0.795528
1.745688,1.437007,-0.796989
1.746565,1.437884,-0.798158
1.745396,1.435253,-0.795966
1.743935,1.439345,-0.79582
1.741596,1.442561,-0.796697
1.742473,1.44373,-0.788366
1.748027,1.441391,-0.795235
1.742765,1.44373,-0.788074
1.742181,1.44373,-0.793189
1.743935,1.445776,-0.787928
1.752412,1.437007,-0.790851
1.732534,1.435545,-0.791143
1.739842,1.435253,-0.786904
1.732242,1.440222,-0.785881
1.739258,1.43993,-0.786612
1.737796,1.441099,-0.78632
1.73955,1.441684,-0.792605
1.740427,1.437299,-0.785297
1.745104,1.434668,-0.782812
1.736627,1.43496,-0.789097
1.736919,1.429407,-0.787781
1.733119,1.437299,-0.791289
1.731657,1.438176,-0.787781
1.742473,1.439638,-0.793628
1.744227,1.43613,-0.797428
1.744811,1.438176,-0.796989
1.738673,1.433791,-0.790851
1.74335,1.438761,-0.804589
1.738381,1.43496,-0.796697
1.744519,1.438468,-0.789243
1.739842,1.437299,-0.796989
1.736627,1.439345,-0.797428
1.741304,1.441099,-0.788512
1.745104,1.440807,-0.789097
1.74335,1.441391,-0.798305
1.737504,1.433207,-0.783251
1.742765,1.442853,-0.791874
1.740134,1.437299,-0.787635
1.733704,1.435253,-0.789389
1.73575,1.441391,-0.788512
1.736627,1.441976,-0.787197
1.737796,1.432914,-0.782374
1.73955,1.438761,-0.789097
1.736627,1.438176,-0.775797
1.737504,1.437299,-0.787928
1.741888,1.43233,-0.789828
1.732242,1.436422,-0.789097
1.738088,1.428822,-0.786612
1.736334,1.435838,-0.785589
1.736627,1.439053,-0.793481
1.732827,1.43233,-0.795235
1.732534,1.436714,-0.794212
1.733704,1.442853,-0.789828
1.739258,1.432622,-0.791874
1.735165,1.436422,-0.790558
1.736334,1.438176,-0.788074
1.744811,1.438761,-0.796551
1.745104,1.438761,-0.792312
1.743642,1.441976,-0.79392
1.745104,1.441976,-0.790412
1.737504,1.437299,-0.78822
1.741011,1.444022,-0.791435
1.743935,1.443145,-0.797135
1.743935,1.439638,-0.79392
1.734288,1.437299,-0.787928
1.740719,1.444607,-0.793481
1.740134,1.441684,-0.792166
1.740134,1.440514,-0.788951
1.740427,1.440807,-0.789974
1.739842,1.437007,-0.79012
1.736334,1.443145,-0.795235
1.738381,1.440807,-0.796843
1.737504,1.433207,-0.796843
1.738673,1.445484,-0.785297
1.738381,1.433207,-0.790412
1.738088,1.43993,-0.795381
1.736627,1.437007,-0.78252
1.736042,1.437884,-0.789681
1.734873,1.437299,-0.788512
1.733996,1.432037,-0.787051
1.741596,1.437591,-0.790558
1.742765,1.431453,-0.784274
1.736919,1.442561,-0.788804
1.733996,1.434668,-0.790851
1.741888,1.432622,-0.79202
1.745396,1.440514,-0.789389
1.745688,1.440807,-0.784566
1.732534,1.437007,-0.784858
1.741596,1.43993,-0.786027
1.742181,1.440222,-0.78252
1.745981,1.445484,-0.792166
1.741011,1.434376,-0.793043
1.741011,1.434668,-0.785004
1.740719,1.436422,-0.788804
1.739258,1.43496,-0.792166
1.740719,1.436714,-0.790851
1.741011,1.436422,-0.785297
1.738673,1.440807,-0.789681
1.742473,1.437007,-0.797866
1.746858,1.439053,-0.791143
1.738965,1.435545,-0.795381
1.747442,1.434376,-0.784858
1.741596,1.442268,-0.790704
1.738673,1.436422,-0.782081
1.738965,1.435545,-0.78822
1.743058,1.438176,-0.796405
1.748027,1.439638,-0.781204
1.742181,1.436422,-0.788658
1.745104,1.439345,-0.793628
1.746273,1.436422,-0.798597
1.736919,1.433207,-0.797428
1.74335,1.436422,-0.791143
1.738088,1.441099,-0.789681
1.738673,1.434668,-0.787781
1.741304,1.437299,-0.78442
1.737211,1.438761,-0.789389
1.743935,1.438468,-0.790997
1.737211,1.437591,-0.801082
1.738381,1.435253,-0.791728
1.741011,1.436422,-0.79012
1.738673,1.435253,-0.79962
1.73955,1.441391,-0.794797
1.74335,1.442268,-0.782374
1.745104,1.430284,-0.802982
1.740134,1.437299,-0.795674
1.745396,1.427068,-0.796697
1.737211,1.439345,-0.798743
1.745688,1.437591,-0.784712
1.741011,1.437884,-0.795528
1.743058,1.437007,-0.795235
1.744811,1.438176,-0.788074
1.741596,1.435838,-0.795089
1.741888,1.438468,-0.792751
1.750365,1.43116,-0.79392
1.744811,1.446653,-0.795089
1.745981,1.444314,-0.785151
1.742765,1.440514,-0.795089
1.748027,1.440222,-0.801082
1.743642,1.435545,-0.790997
1.737796,1.440222,-0.79962
1.742473,1.440807,-0.800643
1.738965,1.433499,-0.790412
1.733996,1.441391,-0.801374
1.743058,1.444899,-0.790412
1.745688,1.439345,-0.802251
1.740427,1.427945,-0.79582
1.741011,1.43496,-0.787489
1.737211,1.43613,-0.784566
1.746565,1.43613,-0.786027
1.741888,1.437299,-0.790851
1.741011,1.43993,-0.787928
1.739258,1.430576,-0.786758
1.744519,1.437884,-0.789243
1.738088,1.444899,-0.786174
1.74335,1.433499,-0.790558
1.741888,1.438761,-0.791143
1.738965,1.438176,-0.785443
1.743935,1.444607,-0.791581
1.740134,1.441391,-0.800935
1.741888,1.440222,-0.783104
1.747442,1.441099,-0.785735
1.739842,1.435838,-0.786612
1.738088,1.433499,-0.786027
1.740719,1.442561,-0.79582
1.742181,1.433207,-0.793481
1.743642,1.429114,-0.783543
1.738673,1.43613,-0.79392
1.74335,1.437884,-0.786027
1.74715,1.441684,-0.791581
1.745688,1.442268,-0.801082
1.738673,1.43993,-0.792897
1.742473,1.439345,-0.791143
1.740427,1.434084,-0.791874
1.735165,1.439053,-0.787197
1.743935,1.437884,-0.821397
1.740427,1.437884,-0.785881
1.741888,1.43613,-0.789974
1.748027,1.441099,-0.79202
1.745688,1.43993,-0.799474
1.742181,1.436422,-0.786904
1.745688,1.440222,-0.788804
1.745981,1.441391,-0.787197
1.740719,1.446068,-0.794505
1.741304,1.444314,-0.788512
1.745688,1.444022,-0.782374
1.739842,1.439345,-0.788951
1.740427,1.433207,-0.790851
1.738673,1.435838,-0.788951
1.737504,1.437299,-0.796843
1.738088,1.43613,-0.786174
1.739842,1.441099,-0.797282
1.737211,1.439345,-0.786758
1.743058,1.439053,-0.787343
1.73955,1.437007,-0.78135
1.736042,1.43496,-0.788658
1.73575,1.435545,-0.789681
1.745688,1.435545,-0.786466
1.736334,1.43613,-0.787489
1.735165,1.431453,-0.788074
1.741596,1.438468,-0.791289
1.739842,1.438761,-0.789389
1.740427,1.431745,-0.786027
1.741596,1.443438,-0.785004
1.739842,1.441391,-0.793189
1.741011,1.43116,-0.788512
1.746858,1.438468,-0.792458
1.746858,1.43993,-0.789828
1.746273,1.439345,-0.802543
1.741011,1.439345,-0.789097
1.742765,1.437007,-0.796989
1.741304,1.434084,-0.808243
1.736919,1.441976,-0.806635
1.744519,1.436422,-0.786758
1.749196,1.43993,-0.798158
1.738673,1.440514,-0.792312
1.741596,1.442561,-0.794943
1.734873,1.438761,-0.786174
1.739842,1.438468,-0.805028
1.742181,1.437591,-0.786612
1.740427,1.434084,-0.818913
1.740719,1.44373,-0.788512
1.747735,1.437591,-0.792458
1.743935,1.440222,-0.792166
1.739842,1.440807,-0.791874
1.737796,1.430868,-0.782958
1.738088,1.431745,-0.787635
1.739258,1.439345,-0.790704
1.745688,1.444022,-0.793628
1.738088,1.437299,-0.792751
1.739842,1.440222,-0.789097
1.742181,1.434376,-0.783251
1.744811,1.443145,-0.787051
1.741011,1.435253,-0.788951
1.74335,1.445484,-0.787343
1.750073,1.448115,-0.789681
1.744811,1.437007,-0.788512
1.741888,1.445192,-0.791874
1.748904,1.442268,-0.786174
1.75095,1.438761,-0.789389
1.738088,1.446068,-0.789389
1.749196,1.442561,-0.791435
1.746273,1.439638,-0.785151
1.741304,1.438176,-0.789389
1.741304,1.439345,-0.796989
1.74715,1.434668,-0.784858
1.73955,1.428822,-0.784127
1.74715,1.434668,-0.784127
1.741596,1.440222,-0.792751
1.743935,1.433791,-0.788804
1.748612,1.43496,-0.789243
1.736334,1.433499,-0.793043
1.741888,1.437591,-0.778866
1.747442,1.437591,-0.786904
1.744811,1.435545,-0.781497
1.744519,1.442268,-0.781204
1.739842,1.44373,-0.785735
1.738965,1.437299,-0.784274
1.74335,1.432914,-0.789389
1.75475,1.441976,-0.787635
1.745981,1.439345,-0.788074
1.742181,1.446068,-0.783251
1.744811,1.441391,-0.787197
1.74335,1.437591,-0.781789
1.737504,1.450453,-0.796697
1.725227,1.483192,-0.78252
1.724642,1.501023,-0.77565
1.723765,1.508623,-0.755335
1.72698,1.521193,-0.755919
1.726688,1.515931,-0.756212
1.72318,1.510377,-0.734142
1.726396,1.513008,-0.740134
1.725227,1.516223,-0.727565
1.733411,1.509792,-0.720988
1.733119,1.518562,-0.714411
1.738381,1.511839,-0.717626
1.737211,1.5095,-0.696872
1.740719,1.505408,-0.700818
1.735457,1.498685,-0.697165
1.742765,1.48553,-0.691318
1.750073,1.494008,-0.677141
1.757966,1.492546,-0.687664
1.759427,1.483777,-0.673487
1.765273,1.486992,-0.670126
1.756212,1.473253,-0.661502
1.763227,1.470038,-0.660333
1.760012,1.47413,-0.654779
1.769658,1.464484,-0.652441
1.765566,1.467115,-0.653464
1.76615,1.457469,-0.660187
1.770243,1.449868,-0.642648
1.77112,1.45893,-0.644256
1.769658,1.451038,-0.641333
1.77112,1.44753,-0.640602
1.774335,1.449284,-0.632564
1.777843,1.439345,-0.628471
1.775212,1.444022,-0.633294
1.774043,1.446653,-0.629056
1.782227,1.446945,-0.625548
1.776381,1.431745,-0.626425
1.77492,1.436422,-0.621894
1.776089,1.440514,-0.631102
1.780766,1.43233,-0.621017
1.781058,1.434668,-0.62204
1.780766,1.437591,-0.625548
1.77755,1.429991,-0.617509
1.780474,1.436714,-0.623502
1.779597,1.425022,-0.614733
1.779597,1.432037,-0.617071
1.781935,1.432914,-0.616779
1.779597,1.426191,-0.618386
1.780766,1.428237,-0.615756
1.781058,1.428237,-0.617071
1.780474,1.426191,-0.618533
1.784274,1.386144,-0.618533
1.785735,1.416837,-0.614002
1.780766,1.423853,-0.619117
1.785735,1.41713,-0.610056
1.791289,1.423268,-0.608886
1.786904,1.420053,-0.615756
1.785735,1.424145,-0.60874
1.786904,1.422099,-0.614148
1.784858,1.412452,-0.618971
1.788658,1.41596,-0.611079
1.790704,1.414499,-0.604355
1.781935,1.412745,-0.609763
1.787197,1.41596,-0.610786
1.79012,1.419468,-0.609763
1.786027,1.418591,-0.603186
1.792166,1.415376,-0.615171
1.786027,1.419176,-0.607425
1.789535,1.416253,-0.612686
1.790412,1.422099,-0.600702
1.783689,1.413329,-0.603917
1.780474,1.416545,-0.607279
1.782812,1.410406,-0.607279
1.791581,1.416253,-0.604209
1.786612,1.415083,-0.609471
1.787197,1.420053,-0.594563
1.784274,1.41976,-0.597925
1.784858,1.41713,-0.602455
1.792458,1.421222,-0.604794
1.787781,1.413914,-0.597925
1.799182,1.41596,-0.611079
1.792751,1.40836,-0.598363
1.789828,1.409237,-0.608009
1.794505,1.410699,-0.610202
1.795089,1.41713,-0.613709
1.789828,1.415376,-0.613709
1.799474,1.413037,-0.611809
1.793043,1.416545,-0.609032
1.793043,1.418006,-0.610348
1.790997,1.416837,-0.611809
1.795966,1.407776,-0.606548
1.796258,1.411576,-0.598071
1.794505,1.413622,-0.592955
1.795966,1.420637,-0.598363
1.790704,1.417422,-0.60494
1.788951,1.414206,-0.604648
1.794797,1.414499,-0.599971
1.791581,1.411576,-0.603186
1.786027,1.413037,-0.607425
1.788074,1.413622,-0.615463
1.788366,1.411283,-0.60114
1.795381,1.416545,-0.611079
1.787781,1.414206,-0.617363
1.794212,1.411576,-0.611517
1.788951,1.414791,-0.608009
1.791289,1.418006,-0.608155
1.802689,1.419468,-0.605963
1.793628,1.418006,-0.605525
1.790997,1.418299,-0.612248
1.822859,1.41216,-0.596609
1.793628,1.412452,-0.600555
1.794212,1.411576,-0.605232
1.790704,1.41216,-0.609325
1.788658,1.413914,-0.605379
1.791289,1.414206,-0.608886
1.793335,1.40836,-0.607279
1.793043,1.414206,-0.603186
1.791874,1.410699,-0.604794
1.791874,1.410114,-0.609763
1.788951,1.413329,-0.605379
1.79012,1.41713,-0.60874
1.784858,1.413329,-0.614002
1.795674,1.409822,-0.601578
1.790412,1.413329,-0.606109
1.791581,1.410699,-0.618094
1.790412,1.407483,-0.609909
1.79012,1.422976,-0.607425
1.794797,1.418299,-0.611225
1.793043,1.415668,-0.607132
1.793335,1.417422,-0.605817
1.794212,1.413622,-0.608009
1.792458,1.415376,-0.612686
1.785443,1.410991,-0.602017
1.792166,1.414206,-0.604063
1.795089,1.409822,-0.60304
1.792458,1.416837,-0.604355
1.787781,1.416837,-0.606694
1.794797,1.411283,-0.61634
1.793335,1.409237,-0.610932
1.791874,1.409822,-0.607863
1.789243,1.417714,-0.602894
1.788658,1.413329,-0.598801
1.800058,1.408945,-0.611517
1.795674,1.409237,-0.603625
1.790997,1.410406,-0.603186
1.788951,1.410406,-0.610056
1.792751,1.408652,-0.605963
1.794505,1.410406,-0.609179
1.79012,1.411283,-0.61444
1.791289,1.414499,-0.613417
1.791581,1.414206,-0.602748
1.790704,1.413037,-0.608886
1.794212,1.415668,-0.610056
1.787781,1.417714,-0.611956
1.79012,1.411868,-0.615463
1.788951,1.414499,-0.609617
1.788366,1.414791,-0.61634
1.791581,1.419468,-0.605232
1.783689,1.413037,-0.60874
1.798305,1.413329,-0.603186
1.789535,1.417422,-0.605671
1.792458,1.414206,-0.604355
1.790412,1.41216,-0.608155
1.789535,1.407191,-0.605232
1.78632,1.411283,-0.605086
1.792166,1.410406,-0.602602
1.798012,1.417422,-0.606109
1.788951,1.413622,-0.612686
1.791289,1.408652,-0.603478
1.789243,1.411868,-0.607717
1.787781,1.409237,-0.606255
1.791289,1.403975,-0.605817
1.793628,1.408652,-0.609617
1.789828,1.408945,-0.609471
1.788366,1.414499,-0.614002
1.793043,1.410114,-0.602163
1.790997,1.411576,-0.605232
1.786904,1.420345,-0.604355
1.786904,1.417714,-0.611663
1.789535,1.408945,-0.618679
1.788074,1.411283,-0.607717
1.783689,1.415376,-0.603771
1.79012,1.419176,-0.606255
1.788366,1.410991,-0.609032
1.784274,1.416837,-0.606986
1.788366,1.42093,-0.609325
1.790997,1.409529,-0.611079
1.793628,1.408068,-0.608886
1.796843,1.418299,-0.607571
1.791581,1.414206,-0.612832
1.788658,1.413622,-0.60114
1.786904,1.420637,-0.607132
1.786904,1.413622,-0.610786
1.791874,1.409237,-0.613709
1.793043,1.414499,-0.61064
1.788074,1.420637,-0.616779
1.788951,1.414791,-0.605086
1.786612,1.41596,-0.598217
1.789535,1.42093,-0.600117
1.787489,1.415083,-0.60684
1.789828,1.414499,-0.599678
1.788366,1.411868,-0.605671
1.79772,1.410406,-0.613125
1.787197,1.413329,-0.603186
1.792751,1.415083,-0.604209
1.788366,1.410991,-0.610348
1.789828,1.410699,-0.593978
1.784858,1.410991,-0.605671
1.783104,1.416837,-0.614294
1.791289,1.412452,-0.606986
1.786027,1.413037,-0.606694
1.789243,1.410699,-0.601578
1.789535,1.409822,-0.597048
1.792751,1.41976,-0.60874
1.793628,1.417422,-0.605232
1.788951,1.413622,-0.605379
1.794797,1.412452,-0.601871
1.781935,1.415668,-0.601871
1.791874,1.41976,-0.600117
1.789535,1.411868,-0.600117
1.788951,1.418591,-0.609179
1.787197,1.421806,-0.600555
1.788366,1.413914,-0.610202
1.787781,1.41216,-0.605086
1.795089,1.412452,-0.608155
1.789535,1.411576,-0.603771
1.787781,1.41596,-0.60684
1.78252,1.417422,-0.608448
1.790412,1.415376,-0.617656
1.792751,1.409529,-0.614002
1.788658,1.411868,-0.608448
1.792751,1.422391,-0.609471
1.79012,1.413037,-0.619848
1.790412,1.413914,-0.61254
1.787489,1.416253,-0.603332
1.795674,1.408652,-0.605963
1.787197,1.410699,-0.616925
1.794797,1.41976,-0.616633
1.789243,1.413914,-0.60874
1.787197,1.416253,-0.613417
1.79012,1.414791,-0.62321
1.780766,1.415668,-0.611809
1.784566,1.410991,-0.611809
1.792458,1.411576,-0.611517
1.788074,1.409529,-0.612686
1.789828,1.413914,-0.613563
1.788366,1.407191,-0.609909
1.790412,1.408945,-0.608448
1.79392,1.41216,-0.613856
1.784274,1.410699,-0.599094
1.788366,1.411576,-0.614586
1.787489,1.413329,-0.605671
1.788074,1.411576,-0.60114
1.79012,1.413037,-0.614586
1.790412,1.41713,-0.600848
1.79012,1.409529,-0.600702
1.786027,1.411868,-0.60114
1.788951,1.411283,-0.612102
1.783104,1.415668,-0.612979
1.789535,1.410406,-0.608886
1.79012,1.410406,-0.612248
1.793043,1.411283,-0.619263
1.782227,1.410699,-0.617656
1.79012,1.409529,-0.60304
1.789243,1.413037,-0.612686
1.784566,1.410699,-0.61444
1.789535,1.408652,-0.60874
1.784858,1.409237,-0.608302
1.796551,1.413037,-0.600555
1.789243,1.411283,-0.605671
1.796258,1.411576,-0.602163
1.788658,1.408652,-0.606986
1.791874,1.415668,-0.610348
1.792458,1.409237,-0.601725
1.78252,1.409822,-0.614148
1.793335,1.404852,-0.603625
1.795089,1.411868,-0.611809
1.785151,1.410699,-0.607425
1.791289,1.407483,-0.609763
1.792458,1.408652,-0.618971
1.788074,1.404268,-0.604209
1.794505,1.406022,-0.616779
1.795089,1.409822,-0.604063
1.789243,1.413037,-0.606255
1.788951,1.410991,-0.612686
1.787197,1.415376,-0.614733
1.782812,1.407776,-0.608594
1.785443,1.410699,-0.618825
1.791289,1.403975,-0.609471
1.790704,1.410114,-0.608302
1.790412,1.408068,-0.608448
1.790704,1.410699,-0.609179
1.789535,1.41216,-0.599825
1.787489,1.409237,-0.616194
1.787489,1.410699,-0.607279
1.796843,1.41216,-0.610932
1.793335,1.416545,-0.605232
1.788951,1.409529,-0.605232
1.794212,1.410406,-0.60684
1.791289,1.413037,-0.607717
1.798597,1.409822,-0.599971
1.790997,1.414791,-0.616194
1.793043,1.407776,-0.606255
1.792751,1.416253,-0.604355
1.79012,1.41596,-0.606986
1.795966,1.415376,-0.607571
1.789828,1.41216,-0.614733
1.785735,1.415668,-0.609617
1.790997,1.411283,-0.60494
1.800351,1.408068,-0.609617
1.787781,1.408945,-0.61634
1.793335,1.410114,-0.615463
1.789535,1.412745,-0.601871
1.791874,1.414206,-0.609909
1.786027,1.409822,-0.603917
1.786027,1.406899,-0.622479
1.779012,1.412745,-0.608594
1.794212,1.414791,-0.599386
1.794212,1.409529,-0.608302
1.787781,1.406606,-0.61064
1.790704,1.417714,-0.612248
1.790412,1.410699,-0.61444
1.784274,1.406606,-0.601578
1.785735,1.410114,-0.608009
1.788658,1.413914,-0.615609
1.779597,1.412745,-0.60304
1.787781,1.410699,-0.610932
1.785151,1.409822,-0.61064
1.791289,1.414791,-0.615171
1.794505,1.406606,-0.605525
1.785151,1.417422,-0.607571
1.794797,1.414499,-0.606255
1.79012,1.41596,-0.611517
1.788074,1.412452,-0.617071
1.787489,1.410406,-0.621894
1.796258,1.409237,-0.602602
1.795381,1.407776,-0.608302
1.785735,1.410114,-0.612102
1.790997,1.413329,-0.607132
1.791874,1.41216,-0.616633
1.799474,1.418299,-0.623502
1.791874,1.415083,-0.615609
1.791874,1.418006,-0.613563
1.793043,1.419176,-0.614586
1.790704,1.41713,-0.607717
1.796843,1.413622,-0.61941
1.792458,1.412745,-0.604063
1.794505,1.416253,-0.616194
1.789243,1.41596,-0.614148
1.800643,1.421514,-0.611225
1.79012,1.418299,-0.611663
1.792166,1.415376,-0.60874
1.793043,1.413037,-0.613125
1.798012,1.420053,-0.613271
1.798597,1.414791,-0.615609
1.795966,1.41713,-0.620871
1.792458,1.406314,-0.612394
1.793335,1.413914,-0.618825
1.79392,1.412745,-0.617802
1.794505,1.418591,-0.615609
1.79772,1.415668,-0.605525
1.791581,1.407191,-0.608448
1.793628,1.410114,-0.603186
1.795966,1.412452,-0.615025
1.788658,1.408068,-0.605086
1.790997,1.41713,-0.610202
1.789243,1.412745,-0.602748
1.790704,1.415668,-0.605525
1.790412,1.407776,-0.604063
1.795381,1.415376,-0.607425
1.789828,1.41596,-0.600848
1.786027,1.412452,-0.602748
1.791874,1.409529,-0.598948
1.794797,1.409237,-0.606109
1.792458,1.417422,-0.613563
1.792751,1.412452,-0.612832
1.792166,1.414791,-0.608009
1.793043,1.408945,-0.605525
1.79012,1.415668,-0.607279
1.794505,1.422099,-0.598948
1.793043,1.41713,-0.599678
1.79392,1.412452,-0.602602
1.788074,1.409237,-0.610348
1.795381,1.411576,-0.611517
1.792458,1.416837,-0.601286
1.792751,1.414206,-0.604648
1.793043,1.413622,-0.606255
1.797428,1.416837,-0.605963
1.790412,1.406606,-0.604502
1.791289,1.40836,-0.605086
1.790997,1.415376,-0.599678
1.798889,1.416545,-0.604794
1.798305,1.415376,-0.606548
1.792458,1.409529,-0.605379
1.791874,1.41596,-0.611663
1.792751,1.413037,-0.604063
1.79772,1.409237,-0.610932
1.794505,1.414206,-0.607717
1.791874,1.41713,-0.605379
1.792751,1.413914,-0.598509
1.787489,1.409529,-0.608448
1.789243,1.415083,-0.598217
1.788658,1.410406,-0.604355
1.789535,1.413037,-0.603186
1.792751,1.413914,-0.609617
1.789828,1.414499,-0.61064
1.789535,1.40836,-0.61064
1.791874,1.40456,-0.607571
1.789535,1.410114,-0.61064
1.79012,1.408652,-0.609325
1.796551,1.410406,-0.612248
1.789535,1.405437,-0.598071
1.799474,1.416837,-0.606255
1.790997,1.409822,-0.601432
1.793335,1.411283,-0.602309
1.792458,1.41596,-0.606402
1.792166,1.41596,-0.611079
1.793335,1.412452,-0.60304
1.791289,1.412745,-0.600555
1.796258,1.412745,-0.611225
1.788658,1.413329,-0.605086
1.790997,1.410406,-0.609325
1.79392,1.41216,-0.599678
1.790704,1.413914,-0.60304
1.78632,1.411283,-0.609032
1.800351,1.419468,-0.613856
1.800058,1.413622,-0.611079
1.793043,1.418299,-0.603478
1.796551,1.408068,-0.604648
1.795089,1.406899,-0.59924
1.788366,1.413914,-0.603625
1.793628,1.414791,-0.610932
1.79392,1.413037,-0.607717
1.786027,1.406899,-0.607863
1.79392,1.407191,-0.608448
1.792166,1.413622,-0.607279
1.789828,1.415668,-0.602309
1.796843,1.410114,-0.608302
1.791874,1.410991,-0.609763
1.801228,1.407191,-0.614148
1.791289,1.406314,-0.617509
1.795966,1.409237,-0.603186
1.788658,1.408945,-0.615171
1.789828,1.403975,-0.607279
1.788074,1.413329,-0.609179
1.790704,1.413329,-0.622625
1.788366,1.420345,-0.605379
1.79012,1.412745,-0.611079
1.788658,1.413622,-0.605379
1.787197,1.414499,-0.608594
1.792166,1.413914,-0.606402
1.789243,1.406606,-0.604502
1.790997,1.415668,-0.598363
1.789243,1.414791,-0.600117
1.790412,1.416837,-0.593978
1.789828,1.419468,-0.601578
1.788951,1.410114,-0.600702
1.795381,1.415083,-0.591055
1.795089,1.414206,-0.609325
1.798597,1.41596,-0.607279
1.794212,1.413037,-0.59924
1.793043,1.416253,-0.602455
1.793628,1.410991,-0.605379
1.798305,1.414206,-0.605379
1.797135,1.413622,-0.603771
1.785443,1.414791,-0.605525
1.78135,1.409822,-0.599825
1.791289,1.413329,-0.603625
1.789243,1.414791,-0.606255
1.787197,1.410699,-0.605817
1.789243,1.413622,-0.607571
1.791874,1.413329,-0.607132
1.788951,1.413622,-0.600555
1.788366,1.415376,-0.602017
1.792751,1.412745,-0.602602
1.795966,1.415083,-0.600263
1.829874,1.415668,-0.594563
1.788366,1.413037,-0.606548
1.793628,1.41976,-0.595294
1.793335,1.415376,-0.597632
1.795381,1.42093,-0.609179
1.789828,1.412452,-0.608594
1.792458,1.416837,-0.610932
1.789243,1.413914,-0.605379
1.786612,1.418006,-0.609032
1.789243,1.415376,-0.600702
1.798597,1.416545,-0.602309
1.784566,1.420345,-0.60114
1.793335,1.41216,-0.609617
1.788074,1.412745,-0.602602
1.786612,1.415083,-0.610494
1.790704,1.41976,-0.602602
1.793335,1.420053,-0.601871
1.790412,1.422683,-0.609909
1.791581,1.413329,-0.614002
1.788951,1.413329,-0.604794
1.790412,1.415376,-0.61444
1.787197,1.411283,-0.611809
1.794212,1.413037,-0.606548
1.794212,1.418591,-0.612394
1.792166,1.416253,-0.61254
1.795381,1.411868,-0.599678
1.791874,1.416837,-0.600117
1.793335,1.421806,-0.610932
1.792166,1.416253,-0.602455
1.80152,1.415376,-0.608448
1.79392,1.405729,-0.608302
1.79392,1.41216,-0.609179
1.802982,1.407191,-0.609909
1.798597,1.406314,-0.615317
1.798889,1.408068,-0.604209
1.795966,1.409529,-0.608009
1.792751,1.406022,-0.611225
1.797135,1.402514,-0.609763
1.796258,1.40076,-0.602163
1.790412,1.41216,-0.606255
1.785151,1.409237,-0.609763
1.792458,1.405437,-0.605379
1.789535,1.409822,-0.602455
1.79392,1.407191,-0.608155
1.794797,1.413329,-0.61064
1.796258,1.411283,-0.611371
1.796258,1.407776,-0.612686
1.799766,1.409237,-0.603917
1.795966,1.409529,-0.608155
1.79012,1.409529,-0.596609
1.797428,1.407483,-0.603625
1.79012,1.420345,-0.608302
1.779012,1.437007,-0.630664
1.764104,1.470623,-0.664279
1.744811,1.5019,-0.692926
1.738088,1.504823,-0.728004
1.724642,1.508623,-0.753435
1.731073,1.502485,-0.770243
1.73575,1.479977,-0.781058
1.735165,1.476469,-0.791874
1.73195,1.452207,-0.780766
1.744519,1.437884,-0.776381
1.747735,1.418299,-0.77945
1.755627,1.398422,-0.790997
1.763227,1.383806,-0.769366
1.761473,1.370067,-0.762204
1.778135,1.354575,-0.765712
1.772289,1.341128,-0.766443
1.78252,1.339374,-0.760304
1.777843,1.330897,-0.745104
1.793335,1.311897,-0.737504
1.789828,1.304005,-0.746711
1.796843,1.296989,-0.735019
1.801812,1.291728,-0.717919
1.80532,1.294358,-0.729173
1.803859,1.28822,-0.718942
1.80912,1.279158,-0.732388
1.812336,1.277112,-0.729173
1.805612,1.269804,-0.727419
1.810874,1.267758,-0.717334
1.814089,1.267758,-0.718796
1.808828,1.263373,-0.719819
1.822274,1.257527,-0.706811
1.818474,1.251681,-0.717334
1.820813,1.253435,-0.703595
1.819643,1.247881,-0.692634
